timestamp,open,high,low,close,volume
1784259900000,6.5275,6.5287,6.5224,6.5232,337.71
1784260800000,6.522,6.522,6.5,6.5033,947.91
1784261700000,6.5056,6.5112,6.4809,6.5003,864.28
1784262600000,6.5017,6.5131,6.495,6.5131,3612.42
1784263500000,6.5113,6.527,6.5112,6.5187,353.19
1784264400000,6.5116,6.5175,6.5006,6.5175,2186.82
1784265300000,6.5182,6.5182,6.4841,6.4841,695.45
1784266200000,6.4864,6.496,6.475,6.4871,884.43
1784267100000,6.478,6.478,6.4405,6.4509,3549.63
1784268000000,6.4468,6.4824,6.4428,6.4704,2421.01
1784268900000,6.4676,6.4946,6.4652,6.4926,781.01
1784269800000,6.4886,6.4999,6.4851,6.4962,1271.2
1784270700000,6.4962,6.4965,6.4846,6.4965,3230.6
1784271600000,6.4966,6.4966,6.4805,6.4805,701.18
1784272500000,6.4844,6.4844,6.4657,6.4797,225.51
1784273400000,6.4811,6.4845,6.4641,6.4815,689.17
1784274300000,6.4745,6.4805,6.4692,6.4737,645.22
1784275200000,6.469,6.4776,6.4687,6.4761,1459.57
1784276100000,6.4757,6.4757,6.4477,6.4588,401.75
1784277000000,6.4555,6.4561,6.4208,6.4433,1507.99
1784277900000,6.4482,6.4766,6.4416,6.4676,13296.61
1784278800000,6.4656,6.4864,6.4653,6.4864,1101.46
1784279700000,6.4832,6.4874,6.4727,6.4835,572.55
1784280600000,6.4825,6.4946,6.4746,6.4931,411.15
1784281500000,6.4919,6.5014,6.4889,6.4978,5636.28
1784282400000,6.4971,6.5057,6.4894,6.4997,1723.7
1784283300000,6.501,6.5016,6.4878,6.4944,376.46
1784284200000,6.4919,6.5004,6.4919,6.4981,562.84
1784285100000,6.4954,6.5025,6.4897,6.4909,842.13
1784286000000,6.49,6.4937,6.4824,6.4845,2043.66
1784286900000,6.4863,6.4898,6.4817,6.4854,507.09
1784287800000,6.4857,6.4985,6.4823,6.4924,843.1
1784288700000,6.4925,6.4965,6.4825,6.4853,658.11
1784289600000,6.4855,6.4895,6.4811,6.488,1283.21
1784290500000,6.4855,6.4877,6.4759,6.483,1016.18
1784291400000,6.482,6.4822,6.4634,6.47,717.05
1784292300000,6.4672,6.469,6.4494,6.4494,618.49
1784293200000,6.4514,6.4514,6.3834,6.4005,40382.27
1784294100000,6.4006,6.4231,6.3949,6.4147,21969.74
1784295000000,6.4208,6.4299,6.3767,6.3835,6544.42
1784295900000,6.3852,6.4684,6.3705,6.4645,41435.72
1784296800000,6.4692,6.5107,6.4668,6.4998,15516.32
1784297700000,6.5014,6.5078,6.4763,6.4763,31151.91
1784298600000,6.4757,6.4913,6.463,6.4768,1902.22
1784299500000,6.4737,6.4737,6.4575,6.4577,527.88
1784300400000,6.4574,6.4574,6.4127,6.4127,2806.15
1784301300000,6.4145,6.4478,6.4073,6.4478,1440.65
1784302200000,6.4525,6.4696,6.4345,6.4597,3462.18
1784303100000,6.4576,6.4789,6.4558,6.4789,1774.73
1784304000000,6.4797,6.5022,6.4669,6.4957,2312.6
1784304900000,6.4957,6.5234,6.4859,6.5183,743.47
1784305800000,6.5191,6.5682,6.5077,6.5682,2645.94
1784306700000,6.5693,6.5791,6.5565,6.5594,1537.46
1784307600000,6.5594,6.6112,6.5594,6.5888,41755.7
1784308500000,6.5897,6.6047,6.5844,6.6046,1512.32
1784309400000,6.5989,6.6145,6.5834,6.5866,1031.82
1784310300000,6.589,6.5989,6.5831,6.5965,33322.16
1784311200000,6.5975,6.6172,6.5885,6.6171,37221.99
1784312100000,6.6107,6.6113,6.5791,6.5859,974.8
1784313000000,6.5883,6.5883,6.5781,6.5828,121.44
1784313900000,6.5864,6.6447,6.5861,6.6217,73004.84
1784314800000,6.6201,6.6201,6.5677,6.5702,6610.25
1784315700000,6.5701,6.5753,6.5594,6.5753,6456.29
1784316600000,6.5727,6.5801,6.5647,6.5801,1092.48
1784317500000,6.5831,6.5863,6.5743,6.5743,5949.68
1784318400000,6.574,6.5784,6.5636,6.5779,17117.73
1784319300000,6.5778,6.5778,6.5536,6.563,21257.22
1784320200000,6.5635,6.5682,6.5457,6.5569,388.41
1784321100000,6.5598,6.5636,6.5471,6.5627,15813.4
1784322000000,6.5638,6.5775,6.5537,6.5539,14149.95
1784322900000,6.5637,6.5803,6.5636,6.5753,664.18
1784323800000,6.5775,6.5775,6.5684,6.5728,307.54
1784324700000,6.5731,6.5773,6.5671,6.568,9183.17
1784325600000,6.5673,6.5729,6.5574,6.566,508.49
1784326500000,6.5637,6.5698,6.5584,6.5584,283.15
1784327400000,6.5591,6.562,6.5504,6.5538,894.79
1784328300000,6.5539,6.5651,6.5536,6.5568,225.38
1784329200000,6.5576,6.5578,6.5382,6.5448,10486.7
1784330100000,6.5419,6.5641,6.5409,6.5641,20453.96
1784331000000,6.564,6.5821,6.564,6.5716,13980.37
1784331900000,6.5716,6.5856,6.5679,6.5856,7714.34
1784332800000,6.5857,6.599,6.5724,6.597,17289.68
1784333700000,6.5973,6.6043,6.5919,6.6043,1919.8
1784334600000,6.6045,6.6046,6.5835,6.5925,1648.51
1784335500000,6.5922,6.5964,6.5835,6.5843,7855.13
1784336400000,6.5854,6.6092,6.5835,6.6072,2212.91
1784337300000,6.6054,6.6187,6.6026,6.6178,243.47
1784338200000,6.6177,6.6177,6.6041,6.6131,1236.06
1784339100000,6.6145,6.6305,6.6087,6.6131,1070.87
1784340000000,6.6152,6.6283,6.615,6.6241,1456.01
1784340900000,6.6241,6.6352,6.6239,6.6343,320.69
1784341800000,6.6327,6.6388,6.6233,6.6233,553.9
1784342700000,6.6247,6.6302,6.6231,6.6247,1145.95
1784343600000,6.629,6.6548,6.628,6.6366,1260.73
1784344500000,6.6442,6.6482,6.6254,6.6292,184.53
1784345400000,6.6263,6.6371,6.6226,6.631,571.25
1784346300000,6.631,6.6422,6.631,6.6407,145.04
1784347200000,6.641,6.6556,6.6375,6.6375,1133.01
1784348100000,6.6387,6.6387,6.6199,6.6214,3546.13
1784349000000,6.6202,6.6231,6.615,6.6151,559.99
1784349900000,6.6151,6.6152,6.6012,6.6028,2314.12
1784350800000,6.6008,6.6029,6.5913,6.5913,10860.67
1784351700000,6.5894,6.6138,6.5894,6.6114,879.74
1784352600000,6.6133,6.6185,6.6056,6.6058,805.3
1784353500000,6.6062,6.6232,6.5948,6.5978,1044.11
1784354400000,6.6005,6.6065,6.5973,6.6,2240.54
1784355300000,6.6,6.6089,6.596,6.5991,429.95
1784356200000,6.5991,6.6063,6.5948,6.5982,1408.2
1784357100000,6.5983,6.6077,6.5982,6.6066,1352.42
1784358000000,6.6066,6.627,6.5967,6.5967,1818.06
1784358900000,6.5968,6.6035,6.5948,6.6035,2643.16
1784359800000,6.6034,6.6097,6.6032,6.6091,940.99
1784360700000,6.6116,6.6126,6.6014,6.6042,404.42
1784361600000,6.6075,6.6133,6.5948,6.5948,482.23
1784362500000,6.5944,6.6048,6.5932,6.5967,192.58
1784363400000,6.5962,6.6024,6.5843,6.5856,3571.38
1784364300000,6.5841,6.5853,6.5692,6.5699,5234.96
1784365200000,6.5756,6.5756,6.5512,6.5593,2017.82
1784366100000,6.5601,6.5601,6.5286,6.5286,1108.73
1784367000000,6.5292,6.5402,6.5259,6.539,3740.19
1784367900000,6.5411,6.546,6.5312,6.539,1414.77
1784368800000,6.5409,6.5454,6.5325,6.5386,5449.09
1784369700000,6.5424,6.5481,6.5385,6.5481,8799.24
1784370600000,6.5477,6.5506,6.5401,6.5403,465.77
1784371500000,6.5401,6.5461,6.5401,6.5425,220.05
1784372400000,6.5411,6.5442,6.5364,6.5421,576.74
1784373300000,6.5426,6.5514,6.5426,6.5504,553.33
1784374200000,6.5505,6.5505,6.5363,6.5373,4746.15
1784375100000,6.5378,6.5469,6.5378,6.5421,974.87
1784376000000,6.5418,6.558,6.539,6.539,1850.34
1784376900000,6.5388,6.5388,6.5112,6.5209,2200.89
1784377800000,6.5241,6.5514,6.5241,6.5499,650.47
1784378700000,6.5502,6.561,6.5457,6.5457,2349.86
1784379600000,6.5436,6.5466,6.5338,6.5338,1521.56
1784380500000,6.5338,6.5453,6.52,6.5453,19259.02
1784381400000,6.5468,6.5477,6.5338,6.536,2355.53
1784382300000,6.536,6.5377,6.5341,6.5367,877.11
1784383200000,6.5377,6.5568,6.5375,6.5562,1022
1784384100000,6.5541,6.5684,6.5508,6.5672,424.09
1784385000000,6.566,6.568,6.5577,6.5617,441.04
1784385900000,6.5605,6.567,6.5557,6.567,207.09
1784386800000,6.5653,6.5714,6.5602,6.5646,192.97
1784387700000,6.5635,6.5722,6.5613,6.5643,1368.43
1784388600000,6.5615,6.5627,6.548,6.5481,6675.94
1784389500000,6.5488,6.5557,6.5434,6.5434,2871.9
1784390400000,6.5413,6.5427,6.53,6.5373,5462.02
1784391300000,6.5373,6.5373,6.524,6.5327,2439.83
1784392200000,6.5355,6.5419,6.5326,6.5328,220.39
1784393100000,6.5377,6.5589,6.5346,6.5515,1865.21
1784394000000,6.5509,6.5509,6.533,6.5423,4748.35
1784394900000,6.5405,6.5518,6.5301,6.536,8407.44
1784395800000,6.5358,6.5661,6.5358,6.5661,779.59
1784396700000,6.5642,6.585,6.5584,6.5683,18961.73
1784397600000,6.5674,6.5674,6.5557,6.5557,631.02
1784398500000,6.5554,6.5959,6.5554,6.5831,5340.14
1784399400000,6.5831,6.5831,6.5642,6.5659,518.57
1784400300000,6.5655,6.5676,6.5599,6.564,4093.16
1784401200000,6.5658,6.5673,6.5605,6.5641,485.6
1784402100000,6.5679,6.5758,6.5632,6.5633,1372.9
1784403000000,6.5632,6.5693,6.5596,6.5693,357.71
1784403900000,6.5694,6.5749,6.5691,6.5714,1606.12
1784404800000,6.5735,6.5764,6.5638,6.5764,1044.95
1784405700000,6.5765,6.5852,6.5742,6.5755,925.26
1784406600000,6.5751,6.5752,6.5679,6.5708,193.31
1784407500000,6.569,6.5722,6.5656,6.5722,715.89
1784408400000,6.5734,6.5948,6.5734,6.5872,473.75
1784409300000,6.5905,6.6,6.5831,6.5851,4434.19
1784410200000,6.5831,6.5831,6.573,6.573,408.51
1784411100000,6.573,6.5804,6.567,6.5784,573.22
1784412000000,6.5726,6.5909,6.5726,6.5863,787.53
1784412900000,6.582,6.5854,6.5765,6.5776,389.75
1784413800000,6.5779,6.5867,6.5754,6.5859,1447.35
1784414700000,6.5874,6.5914,6.5807,6.5912,2292.02
1784415600000,6.5911,6.5972,6.5766,6.5782,1403.58
1784416500000,6.5802,6.5877,6.5802,6.5877,603.56
1784417400000,6.5862,6.5874,6.58,6.5802,79.72
1784418300000,6.5803,6.5838,6.5682,6.5712,1490.65
1784419200000,6.5747,6.6032,6.5747,6.5824,3129.56
1784420100000,6.5824,6.5874,6.5723,6.5744,1086.32
1784421000000,6.5745,6.5772,6.5712,6.5758,2064.34
1784421900000,6.5758,6.5817,6.5734,6.5767,664.69
1784422800000,6.5773,6.5809,6.5733,6.5791,10838.23
1784423700000,6.5805,6.5871,6.5804,6.5836,56.96
1784424600000,6.5781,6.5835,6.5758,6.5796,512.02
1784425500000,6.5791,6.5825,6.5743,6.5754,174.13
1784426400000,6.5745,6.6223,6.5745,6.6186,1485.93
1784427300000,6.6164,6.6207,6.6025,6.6036,879.31
1784428200000,6.6069,6.6352,6.6069,6.6123,5719.67
1784429100000,6.6121,6.6198,6.6111,6.6198,22544.12
1784430000000,6.6193,6.6241,6.5989,6.599,16522.48
1784430900000,6.5987,6.5987,6.5814,6.589,9841.48
1784431800000,6.5892,6.5925,6.5842,6.5849,303.95
1784432700000,6.5853,6.5895,6.5826,6.584,288.75
1784433600000,6.5845,6.5878,6.5628,6.5628,811.89
1784434500000,6.568,6.571,6.5661,6.5703,514.11
1784435400000,6.5698,6.5792,6.569,6.569,321.86
1784436300000,6.5692,6.574,6.561,6.5658,3183.14
1784437200000,6.5667,6.5912,6.5667,6.5878,4573.86
1784438100000,6.5879,6.5944,6.5793,6.5793,7398.08
1784439000000,6.5797,6.5797,6.5652,6.5674,386.44
1784439900000,6.5683,6.5696,6.5652,6.5676,477.33
1784440800000,6.5628,6.5692,6.5567,6.5676,1020.51
1784441700000,6.5708,6.5726,6.5658,6.5694,743.81
1784442600000,6.5695,6.5777,6.5628,6.5765,1198.42
1784443500000,6.5775,6.5799,6.5724,6.5799,4022.99
1784444400000,6.5794,6.5799,6.5684,6.5687,772.88
1784445300000,6.5667,6.5697,6.5631,6.5664,921.87
1784446200000,6.5634,6.5721,6.5616,6.5719,762.02
1784447100000,6.5724,6.5725,6.551,6.5528,3465.21
1784448000000,6.5566,6.5641,6.5532,6.5641,3453.83
1784448900000,6.5603,6.5603,6.5463,6.5493,1492.85
1784449800000,6.5491,6.5575,6.5438,6.555,351.89
1784450700000,6.5553,6.5658,6.5553,6.5591,487.2
1784451600000,6.561,6.563,6.5352,6.5405,5787.23
1784452500000,6.5386,6.5386,6.4959,6.4995,11339.42
1784453400000,6.4962,6.5036,6.4919,6.4921,3569.12
1784454300000,6.4921,6.4979,6.4895,6.4972,2606.48
1784455200000,6.4949,6.495,6.476,6.4837,7298.03
1784456100000,6.4882,6.489,6.4829,6.4871,566.99
1784457000000,6.4871,6.5116,6.4856,6.5116,3321.97
1784457900000,6.5124,6.5302,6.5025,6.5028,4727.18
1784458800000,6.5041,6.5149,6.4941,6.5062,658.83
1784459700000,6.5113,6.5208,6.5033,6.5033,5484.5
1784460600000,6.5035,6.504,6.4905,6.4905,2199.74
1784461500000,6.4942,6.4958,6.475,6.4807,961.42
1784462400000,6.4808,6.482,6.4287,6.4309,11173.88
1784463300000,6.4282,6.4395,6.4109,6.4204,3847
1784464200000,6.4191,6.4276,6.4052,6.411,4484.73
1784465100000,6.411,6.4287,6.411,6.4284,674.72
1784466000000,6.43,6.4324,6.419,6.4278,2574.98
1784466900000,6.425,6.435,6.4158,6.4337,11405.67
1784467800000,6.4349,6.441,6.4313,6.4321,487.79
1784468700000,6.4292,6.4347,6.4292,6.4326,1041.05
1784469600000,6.4322,6.458,6.4319,6.4512,2230.66
1784470500000,6.4482,6.4482,6.4323,6.447,2816.44
1784471400000,6.4481,6.4589,6.4481,6.4572,540.97
1784472300000,6.4569,6.4733,6.4563,6.4629,2109.37
1784473200000,6.4659,6.4706,6.4562,6.4581,2327.01
1784474100000,6.459,6.459,6.4368,6.4452,617.9
1784475000000,6.4466,6.4567,6.4445,6.4567,143.11
1784475900000,6.453,6.4557,6.4483,6.4521,3054.31
1784476800000,6.4532,6.4606,6.45,6.4544,50915.46
1784477700000,6.45,6.458,6.45,6.4519,35829.96
1784478600000,6.4515,6.4542,6.45,6.4538,18386.86
1784479500000,6.4533,6.4533,6.45,6.45,91398.59
1784480400000,6.45,6.4811,6.4188,6.4811,143450.92
1784481300000,6.4809,6.4834,6.4669,6.4817,3722.52
1784482200000,6.4815,6.497,6.4815,6.4867,1516.06
1784483100000,6.4874,6.4874,6.4737,6.4737,1583.26
1784484000000,6.4737,6.4769,6.4246,6.4445,10996.94
1784484900000,6.4423,6.4482,6.4321,6.4351,4266.58
1784485800000,6.4347,6.441,6.4271,6.4291,3112.28
1784486700000,6.43,6.43,6.3877,6.4059,229019.59
1784487600000,6.4071,6.4138,6.3999,6.411,14805.92
1784488500000,6.4103,6.4182,6.4098,6.4156,7461.13
1784489400000,6.4172,6.4294,6.4128,6.4278,5988.77
1784490300000,6.4275,6.4344,6.4211,6.4344,2434.79
1784491200000,6.4361,6.4439,6.4341,6.4349,3333.74
1784492100000,6.4378,6.4382,6.4311,6.4362,2014.94
1784493000000,6.4367,6.444,6.4361,6.4389,2114.48
1784493900000,6.4389,6.4458,6.438,6.4458,364.44
1784494800000,6.4458,6.4459,6.4352,6.4361,668.14
1784495700000,6.4369,6.4397,6.4237,6.4255,800.93
1784496600000,6.4242,6.4255,6.4169,6.4195,1038.33
1784497500000,6.4235,6.4235,6.4053,6.4136,1606.46
1784498400000,6.4102,6.4581,6.4075,6.4544,10055.12
1784499300000,6.457,6.48,6.457,6.4668,27847.66
1784500200000,6.4692,6.4799,6.4615,6.4799,1564.55
1784501100000,6.4747,6.4767,6.4485,6.452,5068.58
1784502000000,6.4515,6.4515,6.4195,6.4284,3497.2
1784502900000,6.4274,6.4578,6.4192,6.4477,394.51
1784503800000,6.4586,6.46,6.4445,6.46,4546.24
1784504700000,6.46,6.46,6.4447,6.46,4308.94
1784505600000,6.4599,6.5338,6.4417,6.5177,51109.45
1784506500000,6.5174,6.5484,6.5022,6.516,8788.31
1784507400000,6.5144,6.5234,6.4935,6.5126,1397.31
1784508300000,6.5116,6.5132,6.4537,6.4819,8081.51
1784509200000,6.4824,6.5649,6.4814,6.5323,11278.31
1784510100000,6.5323,6.5726,6.5196,6.5555,2832.22
1784511000000,6.5548,6.5687,6.5193,6.5294,2617.75
1784511900000,6.5303,6.5352,6.4874,6.5068,1299.38
1784512800000,6.5077,6.5936,6.5077,6.5738,6364.69
1784513700000,6.5706,6.5706,6.5349,6.5419,4442.28
1784514600000,6.5451,6.6188,6.5439,6.5966,9922.87
1784515500000,6.5996,6.6304,6.5992,6.6167,7744.74
1784516400000,6.6161,6.6493,6.616,6.6215,56305.42
1784517300000,6.6188,6.6313,6.5667,6.5894,21862.86
1784518200000,6.5862,6.6029,6.5799,6.6029,20238.07
1784519100000,6.6058,6.612,6.5893,6.5923,2159.94
1784520000000,6.5976,6.5978,6.5475,6.5515,8939.17
1784520900000,6.5489,6.5576,6.5345,6.5552,3934.77
1784521800000,6.555,6.5816,6.5489,6.5724,26714.51
1784522700000,6.5684,6.5731,6.5402,6.5402,6287.41
1784523600000,6.5408,6.5438,6.4602,6.4907,9979.33
1784524500000,6.4883,6.5096,6.48,6.5014,9380.34
1784525400000,6.5006,6.5077,6.4866,6.4866,1828.09
1784526300000,6.4823,6.4875,6.4733,6.4759,587.73
1784527200000,6.4755,6.4918,6.4718,6.4875,827.74
1784528100000,6.4863,6.4994,6.4797,6.4875,1462.25
1784529000000,6.4847,6.4891,6.444,6.4685,7423.46
1784529900000,6.4634,6.478,6.4574,6.4638,906.72
1784530800000,6.4707,6.4948,6.4707,6.4948,463.92
1784531700000,6.4926,6.5292,6.4794,6.5292,6048.25
1784532600000,6.5325,6.5395,6.5165,6.5238,1996.75
1784533500000,6.5237,6.5451,6.5237,6.5405,11516.91
1784534400000,6.5448,6.5557,6.5339,6.5532,634.67
1784535300000,6.5535,6.5586,6.5292,6.5292,1262.18
1784536200000,6.5292,6.5292,6.4899,6.5003,5790.61
1784537100000,6.4967,6.5179,6.4953,6.5053,732.04
1784538000000,6.5052,6.5132,6.5001,6.503,910.59
1784538900000,6.5031,6.5188,6.5031,6.518,193.12
1784539800000,6.5189,6.5491,6.5183,6.541,5560.57
1784540700000,6.5415,6.564,6.5415,6.5544,1530.38
1784541600000,6.553,6.5634,6.542,6.5555,10384.41
1784542500000,6.5525,6.5667,6.5508,6.5636,239.65
1784543400000,6.5592,6.5592,6.5481,6.5521,1262.9
1784544300000,6.5538,6.5542,6.5403,6.5404,979.75
1784545200000,6.5404,6.561,6.5394,6.56,461.58
1784546100000,6.561,6.5621,6.5447,6.5452,200.65
1784547000000,6.5449,6.6294,6.5442,6.6054,8417.6
1784547900000,6.6115,6.6278,6.6107,6.6229,6544.02
1784548800000,6.622,6.622,6.5902,6.5985,18804.8
1784549700000,6.6,6.6015,6.5723,6.582,7873.21
1784550600000,6.5813,6.5818,6.5596,6.5596,8601.14
1784551500000,6.5592,6.5766,6.5578,6.5594,5194.57
1784552400000,6.5629,6.5782,6.5629,6.577,1480.51
1784553300000,6.5758,6.5807,6.5619,6.5647,528.12
1784554200000,6.5647,6.6017,6.5559,6.5833,2401.29
1784555100000,6.5838,6.5838,6.5178,6.5273,13187.73
1784556000000,6.5286,6.5388,6.514,6.5221,13458.8
1784556900000,6.5155,6.5282,6.474,6.5282,7433.68
1784557800000,6.5277,6.5383,6.5213,6.5283,29404.67
1784558700000,6.5314,6.5482,6.5103,6.5224,18824.73
1784559600000,6.5224,6.5965,6.5224,6.5905,19286.7
1784560500000,6.5916,6.5962,6.5818,6.5882,2035.12
1784561400000,6.5875,6.6029,6.5713,6.6015,983.52
1784562300000,6.6034,6.6276,6.6034,6.6072,8210.95
1784563200000,6.6072,6.6163,6.5913,6.5982,11613.8
1784564100000,6.6022,6.6022,6.5784,6.5801,2205.71
1784565000000,6.5832,6.5883,6.5573,6.5716,9282.63
1784565900000,6.5689,6.5771,6.5683,6.5752,1059.48
1784566800000,6.5753,6.5859,6.5753,6.5777,2303.8
1784567700000,6.5681,6.574,6.568,6.5706,1292.93
1784568600000,6.5676,6.5749,6.5636,6.5709,1447.17
1784569500000,6.5708,6.599,6.5708,6.5913,652.47
1784570400000,6.5969,6.6257,6.5969,6.6208,12512.71
1784571300000,6.6205,6.623,6.5933,6.5978,6645.18
1784572200000,6.593,6.6113,6.5799,6.5799,3817.68
1784573100000,6.5808,6.582,6.5643,6.5643,8987.94
1784574000000,6.5659,6.5717,6.5518,6.5518,6447.97
1784574900000,6.5513,6.5631,6.5437,6.5563,18792.55
1784575800000,6.5569,6.5606,6.5451,6.5606,16568.37
1784576700000,6.5609,6.5687,6.5546,6.5657,2166.92
1784577600000,6.5649,6.5719,6.554,6.5719,818.35
1784578500000,6.5725,6.5844,6.5699,6.5821,377.4
1784579400000,6.5813,6.6039,6.5809,6.587,189.6
1784580300000,6.594,6.5996,6.589,6.5976,658.96
1784581200000,6.5922,6.6211,6.5922,6.6127,435.24
1784582100000,6.6072,6.6141,6.5966,6.6,3984.05
1784583000000,6.6,6.6165,6.5965,6.5965,2351.39
1784583900000,6.5975,6.602,6.5799,6.5848,855.66
1784584800000,6.5786,6.5827,6.5682,6.5751,1247.16
1784585700000,6.5737,6.5737,6.565,6.5687,1013.19
1784586600000,6.5697,6.5734,6.5482,6.5482,3029.55
1784587500000,6.5485,6.5559,6.5473,6.5539,5645.51
1784588400000,6.5539,6.5733,6.5501,6.5617,2383.9
1784589300000,6.5665,6.5857,6.5661,6.5849,210.81
1784590200000,6.5864,6.5955,6.5767,6.5831,170.16
1784591100000,6.5837,6.5837,6.5722,6.5795,190.71
1784592000000,6.5768,6.5839,6.5679,6.5679,4384.78
1784592900000,6.5696,6.6014,6.5668,6.5932,945.43
1784593800000,6.5945,6.6197,6.5945,6.6116,8412.84
1784594700000,6.6102,6.6159,6.6078,6.6114,26947.59
1784595600000,6.6107,6.6283,6.6063,6.6222,11146.2
1784596500000,6.6234,6.6245,6.6025,6.6045,1353.18
1784597400000,6.6051,6.6133,6.5972,6.5977,2849.85
1784598300000,6.6054,6.6132,6.6043,6.6132,631.17
1784599200000,6.6133,6.6352,6.6067,6.6115,45461.3
1784600100000,6.6083,6.6084,6.5888,6.605,917.82
1784601000000,6.6035,6.6215,6.6035,6.6189,658.4
1784601900000,6.6177,6.6362,6.6175,6.6259,888.65
1784602800000,6.6285,6.6616,6.6283,6.6472,34996.71
1784603700000,6.6509,6.6529,6.6221,6.6309,3864.31
1784604600000,6.6288,6.6362,6.6256,6.6313,1884.39
1784605500000,6.6285,6.638,6.6243,6.6369,813.85
1784606400000,6.64,6.6469,6.6193,6.6229,2398.3
1784607300000,6.6227,6.64,6.6062,6.6062,114491.1
1784608200000,6.6059,6.6139,6.6021,6.6113,546.18
1784609100000,6.6107,6.6163,6.6105,6.6126,215.99
1784610000000,6.6127,6.6299,6.6127,6.6248,1289.32
1784610900000,6.6221,6.6362,6.615,6.6362,489.98
1784611800000,6.6354,6.6434,6.6323,6.6381,967.51
1784612700000,6.6386,6.66,6.6386,6.6522,1031.7
1784613600000,6.6517,6.6658,6.6386,6.6417,844.3
1784614500000,6.6431,6.6617,6.6421,6.6595,186.74
1784615400000,6.6584,6.6847,6.6584,6.6842,6526.48
1784616300000,6.6842,6.6842,6.6735,6.6737,738.55
1784617200000,6.6738,6.6798,6.6592,6.6635,3845.41
1784618100000,6.6659,6.6666,6.6442,6.6561,3943.79
1784619000000,6.6561,6.6777,6.6536,6.6659,746.47
1784619900000,6.6615,6.678,6.6615,6.678,300.13
1784620800000,6.6759,6.6759,6.6609,6.6742,1196.77
1784621700000,6.6757,6.6829,6.6559,6.6559,8253.84
1784622600000,6.6558,6.6658,6.6558,6.6608,1953.43
1784623500000,6.6608,6.6628,6.656,6.6602,2495.77
1784624400000,6.6598,6.6598,6.6407,6.6425,1729.08
1784625300000,6.6429,6.6544,6.6422,6.6422,7055.3
1784626200000,6.6403,6.6609,6.6403,6.6609,226.77
1784627100000,6.6621,6.6682,6.6559,6.6576,866.28
1784628000000,6.6586,6.6656,6.6518,6.655,3915.76
1784628900000,6.6527,6.6536,6.6386,6.6439,942.28
1784629800000,6.6424,6.651,6.64,6.6446,308.6
1784630700000,6.6442,6.6442,6.6175,6.6273,905.48
1784631600000,6.6267,6.6277,6.6119,6.6209,3680.81
1784632500000,6.619,6.6275,6.6186,6.6252,246.7
1784633400000,6.6253,6.6346,6.6252,6.6342,5019.34
1784634300000,6.6357,6.6406,6.6345,6.6345,655.61
1784635200000,6.6397,6.6397,6.6216,6.637,31252.81
1784636100000,6.6306,6.6479,6.6291,6.6409,4185.26
1784637000000,6.6401,6.6496,6.6367,6.6435,162.9
1784637900000,6.6495,6.6555,6.6417,6.6421,1652.12
1784638800000,6.6448,6.6511,6.6422,6.6482,2269.23
1784639700000,6.6482,6.649,6.6265,6.632,1617.89
1784640600000,6.6306,6.6368,6.613,6.6135,14232.03
1784641500000,6.6111,6.642,6.6111,6.642,8398.16
1784642400000,6.6422,6.6428,6.6283,6.6428,171.84
1784643300000,6.6392,6.6397,6.6041,6.6059,5117.11
1784644200000,6.6058,6.6141,6.5774,6.6014,12161.38
1784645100000,6.6016,6.6131,6.5963,6.6003,1505.88
1784646000000,6.5957,6.5962,6.5804,6.5899,1580.47
1784646900000,6.5901,6.6055,6.5901,6.5938,183.85
1784647800000,6.5931,6.6053,6.5844,6.6034,643.74
1784648700000,6.602,6.6211,6.602,6.6158,1111.67
1784649600000,6.6148,6.6203,6.6045,6.6175,1747.18
1784650500000,6.6154,6.6178,6.6112,6.6145,2019.54
1784651400000,6.614,6.6308,6.6111,6.6307,703.34
1784652300000,6.6278,6.6354,6.6195,6.6272,16168.47
1784653200000,6.6293,6.6336,6.6124,6.6144,5005.44
1784654100000,6.6166,6.628,6.6158,6.6163,852.05
1784655000000,6.6157,6.6289,6.6157,6.6276,795.95
1784655900000,6.6269,6.6269,6.584,6.6091,4884.92
1784656800000,6.6124,6.6322,6.6018,6.6288,3904.03
1784657700000,6.6283,6.6307,6.6121,6.6122,3019.71
1784658600000,6.6121,6.6143,6.594,6.6143,1003.97
1784659500000,6.6153,6.6192,6.6042,6.6051,219.27
1784660400000,6.6075,6.6175,6.602,6.6086,187.03
1784661300000,6.6065,6.6201,6.6065,6.6133,384.52
1784662200000,6.6154,6.6212,6.6067,6.6105,418.4
1784663100000,6.6113,6.6113,6.6052,6.6101,447.22
1784664000000,6.6111,6.6111,6.5923,6.5923,685.53
1784664900000,6.5898,6.5908,6.5828,6.5855,1253.83
1784665800000,6.5875,6.6008,6.587,6.5907,8356.61
1784666700000,6.5903,6.5903,6.5744,6.5773,1350.27
1784667600000,6.5771,6.5771,6.5434,6.5515,25792.03
1784668500000,6.5527,6.5558,6.545,6.5558,839.09
1784669400000,6.5563,6.5725,6.5547,6.5712,1717.07
1784670300000,6.5691,6.5691,6.556,6.56,1011.63
1784671200000,6.5609,6.5609,6.5437,6.5474,652.4
1784672100000,6.5508,6.5522,6.5469,6.547,129.83
1784673000000,6.5465,6.5647,6.5463,6.5559,44608.35
1784673900000,6.5517,6.5576,6.5458,6.5576,757.06
1784674800000,6.5547,6.5547,6.5245,6.5293,8435.79
1784675700000,6.5293,6.5441,6.5283,6.5441,699.22
1784676600000,6.5448,6.559,6.5407,6.559,669.91
1784677500000,6.5619,6.5672,6.5426,6.5666,39478.07
1784678400000,6.5679,6.5854,6.5592,6.585,4034.92
1784679300000,6.5856,6.6096,6.5856,6.5975,34574.84
1784680200000,6.5991,6.609,6.5953,6.5991,11342.07
1784681100000,6.6036,6.6097,6.594,6.6088,6684.37
1784682000000,6.6073,6.6077,6.5901,6.5901,1840.97
1784682900000,6.5867,6.5867,6.5713,6.582,2794.74
1784683800000,6.5755,6.5817,6.5598,6.5657,3095.03
1784684700000,6.5647,6.5851,6.5647,6.579,7249.65
1784685600000,6.5812,6.591,6.5692,6.5908,6548.63
1784686500000,6.5952,6.614,6.5952,6.6126,2644.61
1784687400000,6.605,6.6109,6.5976,6.5992,1377.81
1784688300000,6.6005,6.6069,6.5896,6.5915,906.42
1784689200000,6.5916,6.5951,6.5637,6.5637,1730.33
1784690100000,6.5633,6.5857,6.5633,6.5857,1393.02
1784691000000,6.58,6.5826,6.563,6.5745,685.95
1784691900000,6.5738,6.5799,6.541,6.5458,17613.31
1784692800000,6.5448,6.5707,6.5364,6.5707,7023.58
1784693700000,6.5715,6.5745,6.5669,6.5744,288.46
1784694600000,6.5726,6.579,6.5714,6.5755,854.93
1784695500000,6.578,6.578,6.5544,6.5561,259.42
1784696400000,6.556,6.5566,6.5424,6.5424,3429.91
1784697300000,6.5439,6.5439,6.4897,6.4928,2765.3
1784698200000,6.491,6.5004,6.4763,6.4878,5792.36
1784699100000,6.4885,6.4966,6.4866,6.4948,582.3
1784700000000,6.495,6.495,6.4628,6.4751,5293.04
1784700900000,6.4715,6.4811,6.4652,6.4811,11502.71
1784701800000,6.4814,6.4984,6.4765,6.4957,9934
1784702700000,6.4964,6.5036,6.4867,6.5036,13085.16
1784703600000,6.501,6.5045,6.494,6.4982,1175.09
1784704500000,6.5001,6.5048,6.4941,6.5036,1219.38
1784705400000,6.504,6.504,6.4867,6.4964,1613.29
1784706300000,6.4988,6.502,6.4916,6.4988,3347.77
1784707200000,6.4986,6.5235,6.4961,6.513,2534.81
1784708100000,6.5099,6.5217,6.5077,6.5132,398.19
1784709000000,6.5137,6.5224,6.5077,6.5077,823.82
1784709900000,6.5088,6.5158,6.5088,6.5131,8383.8
1784710800000,6.5124,6.5159,6.5109,6.5119,7364.36
1784711700000,6.512,6.515,6.4975,6.4989,605.88
1784712600000,6.4989,6.4989,6.4849,6.4918,1167.91
1784713500000,6.4885,6.5062,6.4806,6.505,1276.19
1784714400000,6.5061,6.5062,6.5003,6.5028,857.66
1784715300000,6.5033,6.5235,6.5033,6.522,1751.34
1784716200000,6.5224,6.5229,6.5161,6.5196,3687.4
1784717100000,6.517,6.5239,6.5146,6.5146,716.38
1784718000000,6.5133,6.5178,6.5104,6.5104,525.94
1784718900000,6.5103,6.5159,6.5057,6.5105,252.88
1784719800000,6.5113,6.5139,6.5,6.5,2124.07
1784720700000,6.5025,6.5134,6.5013,6.5134,331.28
1784721600000,6.5117,6.5126,6.5,6.5099,12737.46
1784722500000,6.5107,6.5107,6.4985,6.5027,4854.79
1784723400000,6.5033,6.5048,6.4967,6.5043,505.15
1784724300000,6.5056,6.508,6.4864,6.5072,10516.19
1784725200000,6.5034,6.5113,6.5004,6.5113,2313.9
1784726100000,6.51,6.5146,6.4993,6.5062,1303.35
1784727000000,6.5032,6.5433,6.5032,6.5419,10393.91
1784727900000,6.5416,6.5583,6.5416,6.5583,16205.35
1784728800000,6.5567,6.5913,6.5531,6.5729,20945.82
1784729700000,6.5664,6.5664,6.5354,6.5354,3029.31
1784730600000,6.5345,6.5609,6.5307,6.5497,4683.57
1784731500000,6.5457,6.5651,6.5453,6.5639,3038.7
1784732400000,6.567,6.6384,6.567,6.6346,9179.25
1784733300000,6.6333,6.65,6.6217,6.6383,6546.28
1784734200000,6.6399,6.646,6.6175,6.6224,1780.55
1784735100000,6.6278,6.6445,6.6229,6.6282,4286.64
1784736000000,6.6345,6.6421,6.621,6.6224,8592.03
1784736900000,6.6213,6.6213,6.6018,6.6213,5889.25
1784737800000,6.6184,6.651,6.6184,6.6337,1105.16
1784738700000,6.6392,6.6392,6.6207,6.6283,3713.32
1784739600000,6.6295,6.6345,6.6232,6.6314,981.73
1784740500000,6.6299,6.6315,6.611,6.6159,4416.68
1784741400000,6.6122,6.6254,6.6102,6.6225,600.64
1784742300000,6.6215,6.6284,6.6023,6.6038,385.98
1784743200000,6.6066,6.6239,6.606,6.606,495.93
1784744100000,6.6059,6.6224,6.6044,6.6068,2280.65
1784745000000,6.6044,6.6056,6.5867,6.5919,4285.23
1784745900000,6.5924,6.6214,6.5915,6.6088,2468.99
1784746800000,6.6139,6.6139,6.5654,6.5704,2906.71
1784747700000,6.5752,6.6027,6.5752,6.6025,814.45
1784748600000,6.5986,6.6045,6.5865,6.5908,591.46
1784749500000,6.5931,6.5997,6.5873,6.5981,1135.33
1784750400000,6.5933,6.6117,6.5909,6.6117,4042.64
1784751300000,6.6136,6.621,6.6099,6.6154,240.02
1784752200000,6.6186,6.6389,6.6179,6.6389,2015.16
1784753100000,6.6378,6.6409,6.6289,6.6329,2283.4
1784754000000,6.6324,6.64,6.6323,6.6333,1049.92
1784754900000,6.635,6.6389,6.6281,6.6312,1004.57
1784755800000,6.6325,6.659,6.6325,6.6539,881.07
1784756700000,6.6525,6.6599,6.6421,6.6428,11392.69
1784757600000,6.6413,6.6446,6.6314,6.6341,1858.73
1784758500000,6.6309,6.6316,6.6182,6.6244,507.45
1784759400000,6.6243,6.6243,6.6013,6.6013,4325.18
1784760300000,6.6012,6.6279,6.6012,6.6273,2922.36
1784761200000,6.6279,6.6279,6.5807,6.582,3966.18
1784762100000,6.5819,6.6056,6.573,6.6012,1233.81
1784763000000,6.6013,6.6085,6.6009,6.6059,576.67
1784763900000,6.6074,6.6222,6.6074,6.6222,106.06
1784764800000,6.6235,6.6333,6.6025,6.6082,2564.23
1784765700000,6.6096,6.6398,6.6013,6.6315,4410.62
1784766600000,6.6278,6.6427,6.6278,6.6376,1577.22
1784767500000,6.6376,6.65,6.6276,6.6336,2261.39
1784768400000,6.6262,6.6313,6.6136,6.6207,3296.29
1784769300000,6.6224,6.625,6.6135,6.6212,1775.54
1784770200000,6.6205,6.6205,6.6076,6.6115,1850.44
1784771100000,6.6131,6.6165,6.608,6.6126,1550.36
1784772000000,6.6135,6.6142,6.5916,6.5916,1091.6
1784772900000,6.5906,6.5913,6.5695,6.5742,2193.8
1784773800000,6.5742,6.5839,6.566,6.5763,2447.96
1784774700000,6.5763,6.5828,6.5753,6.5753,2023.29
1784775600000,6.5759,6.5787,6.5324,6.5405,3344.24
1784776500000,6.5417,6.5417,6.5209,6.5318,1755.96
1784777400000,6.5341,6.5363,6.5273,6.5332,1091.9
1784778300000,6.5332,6.5356,6.5209,6.5263,2016.11
1784779200000,6.526,6.5281,6.5192,6.5281,145.47
1784780100000,6.5306,6.5609,6.5306,6.5586,1270.32
1784781000000,6.5558,6.5597,6.5493,6.5501,346.96
1784781900000,6.552,6.5553,6.5382,6.5382,402.44
1784782800000,6.5405,6.5438,6.5308,6.5355,699.55
1784783700000,6.5356,6.5681,6.534,6.5681,621.81
1784784600000,6.5701,6.5788,6.5631,6.5699,1742.97
1784785500000,6.5698,6.5717,6.5593,6.5645,143.44
1784786400000,6.5633,6.5718,6.5614,6.5714,520.49
1784787300000,6.5718,6.5831,6.5656,6.5769,4269.45
1784788200000,6.5767,6.5802,6.5703,6.5782,1799.43
1784789100000,6.5782,6.5839,6.5765,6.5804,9377.6
1784790000000,6.5821,6.5821,6.5195,6.5435,6199.87
1784790900000,6.5436,6.5483,6.5395,6.5456,1415.96
1784791800000,6.5451,6.5572,6.5393,6.5481,1962.75
1784792700000,6.5463,6.5582,6.5449,6.5564,17587.83
1784793600000,6.556,6.5658,6.5482,6.5658,1279.77
1784794500000,6.5691,6.5753,6.5637,6.5707,655.5
1784795400000,6.5735,6.5828,6.5735,6.5828,2469.55
1784796300000,6.5828,6.5828,6.5762,6.5794,1405.78
1784797200000,6.5761,6.5856,6.5728,6.5789,1442.42
1784798100000,6.5788,6.587,6.573,6.5732,1781.5
1784799000000,6.5729,6.582,6.5691,6.582,10375.07
1784799900000,6.5828,6.5858,6.572,6.572,316.14
1784800800000,6.572,6.5798,6.5688,6.5729,197.72
1784801700000,6.5731,6.5903,6.5731,6.5903,1331.01
1784802600000,6.5885,6.5921,6.5799,6.5799,7192.75
1784803500000,6.5799,6.5891,6.578,6.5891,423.51
1784804400000,6.5897,6.5923,6.5849,6.59,11826.31
1784805300000,6.5927,6.6075,6.5927,6.601,1416.22
1784806200000,6.6034,6.6067,6.588,6.588,336.47
1784807100000,6.5914,6.5948,6.5765,6.5819,2782.29
1784808000000,6.5809,6.5838,6.5741,6.5832,2431.49
1784808900000,6.579,6.5839,6.5674,6.5705,6310.84
1784809800000,6.5704,6.5704,6.4945,6.5068,38274.65
1784810700000,6.4964,6.5179,6.4712,6.5093,30087.52
1784811600000,6.5052,6.5089,6.4703,6.4709,2847.35
1784812500000,6.4729,6.4729,6.4213,6.4303,36853.87
1784813400000,6.4316,6.4758,6.422,6.4736,13610.28
1784814300000,6.4736,6.4827,6.4443,6.4443,3958.53
1784815200000,6.4487,6.4582,6.4271,6.447,12252.27
1784816100000,6.4478,6.4803,6.4478,6.4764,1116.55
1784817000000,6.4803,6.5046,6.4741,6.4747,24174.38
1784817900000,6.4742,6.4774,6.4451,6.4487,1251.17
1784818800000,6.445,6.4457,6.3963,6.406,7161.05
1784819700000,6.4099,6.4335,6.3963,6.4225,23012.13
1784820600000,6.4179,6.4428,6.4105,6.4357,3426.13
1784821500000,6.4325,6.4497,6.4292,6.4473,1979.99
1784822400000,6.4466,6.4466,6.4057,6.425,5660.93
1784823300000,6.4247,6.4409,6.4116,6.4401,1218.54
1784824200000,6.4352,6.4361,6.4249,6.4291,2140.49
1784825100000,6.4269,6.4362,6.42,6.4313,3106.36
1784826000000,6.4302,6.4364,6.4249,6.4353,5657.24
1784826900000,6.433,6.4371,6.4183,6.4319,3071.47
1784827800000,6.4293,6.4345,6.4172,6.4184,8489.47
1784828700000,6.4161,6.4161,6.2979,6.3208,26284.56
1784829600000,6.319,6.3198,6.1987,6.2258,72753.97
1784830500000,6.2244,6.264,6.2109,6.2621,22433.42
1784831400000,6.2621,6.2677,6.2188,6.232,6563.13
1784832300000,6.2378,6.2697,6.2378,6.2688,9656.99
1784833200000,6.2701,6.2808,6.2597,6.2628,11158.71
1784834100000,6.2655,6.2876,6.2597,6.2823,28569.42
1784835000000,6.2864,6.2934,6.2609,6.2658,3173.19
1784835900000,6.2701,6.2826,6.2556,6.2826,10627.74
1784836800000,6.2807,6.303,6.2764,6.303,7258.87
1784837700000,6.3063,6.3207,6.3063,6.3151,4087.79
1784838600000,6.3183,6.3186,6.3071,6.3096,2485.84
1784839500000,6.3064,6.314,6.3064,6.31,5009.54
1784840400000,6.3099,6.3214,6.3012,6.3093,4752.91
1784841300000,6.3073,6.3089,6.2942,6.3033,1055.78
1784842200000,6.3031,6.3089,6.3007,6.3015,4686.53
1784843100000,6.301,6.3037,6.2895,6.297,588.53
1784844000000,6.298,6.3072,6.2853,6.294,17776.7
1784844900000,6.2959,6.3014,6.2767,6.294,1012.2
1784845800000,6.3001,6.308,6.2977,6.3064,1030.85
1784846700000,6.3064,6.3077,6.2982,6.303,1135
1784847600000,6.3029,6.3061,6.2937,6.3001,1035.46
1784848500000,6.299,6.303,6.292,6.292,4256.78
1784849400000,6.2917,6.292,6.2761,6.2794,1330.12
1784850300000,6.28,6.2842,6.2557,6.2621,3593.48
1784851200000,6.2629,6.2629,6.2331,6.255,17344.89
1784852100000,6.2566,6.2788,6.2547,6.2602,2343.89
1784853000000,6.2614,6.2646,6.23,6.2387,4104.26
1784853900000,6.2387,6.2648,6.2387,6.2648,1472.66
1784854800000,6.2671,6.2845,6.2537,6.2537,2271.21
1784855700000,6.2523,6.2641,6.2468,6.2478,1681.6
1784856600000,6.2478,6.2506,6.2352,6.2456,815.8
1784857500000,6.2447,6.2449,6.2241,6.2309,2754.53
1784858400000,6.2309,6.2559,6.2309,6.2559,893.35
1784859300000,6.2512,6.2537,6.2382,6.2449,401.71
1784860200000,6.2438,6.2438,6.2164,6.2277,1324.53
1784861100000,6.2275,6.2394,6.2074,6.2361,6044.13
1784862000000,6.2362,6.2707,6.2362,6.2641,2814.57
1784862900000,6.263,6.2776,6.263,6.2744,31004.15
1784863800000,6.2733,6.2733,6.2657,6.2716,1244.8
1784864700000,6.2697,6.273,6.2622,6.2651,923.04
1784865600000,6.2672,6.268,6.2559,6.256,2120.63
1784866500000,6.2558,6.2787,6.2532,6.2765,1352.68
1784867400000,6.2754,6.2783,6.264,6.2686,770.56
1784868300000,6.2671,6.2671,6.2559,6.2579,1841.48
1784869200000,6.2608,6.2721,6.2555,6.2713,2084.82
1784870100000,6.2721,6.2906,6.2721,6.2898,791.41
1784871000000,6.2886,6.2886,6.2697,6.279,899.38
1784871900000,6.2788,6.2807,6.2429,6.2457,4001.62
1784872800000,6.2421,6.2621,6.2305,6.2621,2789.3
1784873700000,6.2565,6.2711,6.2544,6.2667,561.69
1784874600000,6.2654,6.2789,6.2606,6.2606,856.63
1784875500000,6.2576,6.2616,6.2534,6.2575,200.93
1784876400000,6.2579,6.3132,6.2579,6.3127,4041.14
1784877300000,6.3133,6.3133,6.2836,6.2846,1581.68
1784878200000,6.2866,6.2942,6.25,6.256,1700.08
1784879100000,6.2588,6.2794,6.2588,6.2794,1173.6
1784880000000,6.2793,6.2831,6.2676,6.2701,18887.7
1784880900000,6.2686,6.2733,6.2362,6.2529,23975.52
1784881800000,6.252,6.2594,6.2514,6.2553,11767.08
1784882700000,6.2553,6.2588,6.2531,6.2558,4436.75
1784883600000,6.2561,6.2665,6.238,6.238,2100.1
1784884500000,6.2363,6.2495,6.2241,6.2446,3609.02
1784885400000,6.2446,6.266,6.2372,6.266,467.95
1784886300000,6.2674,6.2789,6.2642,6.2717,1223.1
1784887200000,6.2703,6.2762,6.2586,6.2586,361.2
1784888100000,6.2561,6.2586,6.2401,6.2569,650.72
1784889000000,6.2551,6.2663,6.2551,6.2608,2217.1
1784889900000,6.2595,6.2679,6.2567,6.2679,1430.19
1784890800000,6.265,6.2679,6.2552,6.2593,652.42
1784891700000,6.257,6.2597,6.2445,6.2457,3399.48
1784892600000,6.2449,6.245,6.2376,6.2406,920.18
1784893500000,6.239,6.2559,6.234,6.2553,1377.87
1784894400000,6.2551,6.2551,6.2413,6.2474,1318.43
1784895300000,6.2484,6.2555,6.245,6.2463,534.17
1784896200000,6.2456,6.2475,6.2294,6.2317,1706.45
1784897100000,6.2298,6.2298,6.2112,6.2147,3626.9
1784898000000,6.214,6.2167,6.1366,6.174,22917.81
1784898900000,6.1739,6.2036,6.1738,6.1864,6836.7
1784899800000,6.1875,6.2,6.1754,6.1977,8746.48
1784900700000,6.201,6.2028,6.1584,6.1982,17035.64
1784901600000,6.2,6.2051,6.1857,6.1942,6914.05
1784902500000,6.1923,6.1942,6.1736,6.1942,6572.77
1784903400000,6.1972,6.201,6.1686,6.1686,7109.3
1784904300000,6.1679,6.2021,6.1576,6.2019,2643.83
1784905200000,6.2018,6.2022,6.1786,6.1942,2381.44
1784906100000,6.2035,6.2099,6.1849,6.1964,2215.28
1784907000000,6.194,6.218,6.1916,6.211,3877.42
1784907900000,6.2101,6.2101,6.1979,6.2,732.97
1784908800000,6.1989,6.2048,6.1909,6.1934,9660.38
1784909700000,6.1926,6.2043,6.19,6.2043,907.09
1784910600000,6.2039,6.2039,6.1836,6.1853,1842.77
1784911500000,6.1847,6.1938,6.1714,6.1917,992.61
1784912400000,6.1907,6.1985,6.1792,6.1881,2516.66
1784913300000,6.1873,6.217,6.1862,6.2117,1846.09
1784914200000,6.2118,6.223,6.2116,6.2173,1453.61
1784915100000,6.2157,6.2283,6.2154,6.2195,3071.1
1784916000000,6.2182,6.231,6.2182,6.231,1225.94
1784916900000,6.23,6.23,6.212,6.2137,2845.01
1784917800000,6.2132,6.2217,6.2093,6.213,3873.1
1784918700000,6.2131,6.2369,6.2131,6.2326,2561.73
1784919600000,6.2326,6.2365,6.215,6.215,1118.76
1784920500000,6.2148,6.2317,6.2133,6.2317,742.53
1784921400000,6.234,6.2394,6.2284,6.2301,1254.97
1784922300000,6.2315,6.2363,6.2249,6.2304,23571.24
1784923200000,6.2329,6.2404,6.2238,6.2346,1664.3
1784924100000,6.2351,6.2469,6.2351,6.2422,1790.29
1784925000000,6.2405,6.2452,6.2349,6.2359,4730.76
1784925900000,6.2358,6.2441,6.2282,6.2398,735.32
1784926800000,6.2399,6.244,6.2299,6.2306,3096.5
1784927700000,6.2318,6.2516,6.2315,6.2516,1716.37
1784928600000,6.2516,6.2615,6.2487,6.252,3860.59
1784929500000,6.25,6.2555,6.2404,6.2404,672.2
1784930400000,6.2362,6.2636,6.2362,6.2593,2180.28
1784931300000,6.2594,6.2707,6.2519,6.2687,1086.48
1784932200000,6.2687,6.2734,6.2624,6.2698,1377.61
1784933100000,6.2678,6.2733,6.2678,6.2709,330.31
1784934000000,6.2698,6.3105,6.2697,6.2865,13806.88
1784934900000,6.2839,6.2969,6.2833,6.2861,1772.43
1784935800000,6.2863,6.2965,6.2863,6.295,1320.55
1784936700000,6.2957,6.3011,6.2944,6.2991,1160.24
1784937600000,6.3044,6.3088,6.2899,6.2968,7098.65
1784938500000,6.2991,6.31,6.2964,6.3068,2023.24
1784939400000,6.3001,6.3001,6.2732,6.2732,2617.74
1784940300000,6.2729,6.2786,6.2403,6.2583,5052.43
1784941200000,6.2596,6.2708,6.2541,6.2601,2327.2
1784942100000,6.2593,6.2614,6.2515,6.2609,1073.99
1784943000000,6.2564,6.271,6.2549,6.2619,1330.57
1784943900000,6.2652,6.2735,6.2644,6.2644,458.15
1784944800000,6.2687,6.2702,6.254,6.254,727.77
1784945700000,6.2559,6.2611,6.253,6.2611,244.83
1784946600000,6.2624,6.2653,6.2534,6.2636,605.62
1784947500000,6.263,6.2639,6.2495,6.2562,1610.64
1784948400000,6.2581,6.2633,6.2541,6.2541,1260.22
1784949300000,6.2507,6.2518,6.2433,6.248,1160.41
1784950200000,6.2471,6.2546,6.2444,6.2462,672.87
1784951100000,6.247,6.247,6.2353,6.2424,2117.43
1784952000000,6.2434,6.2532,6.2434,6.2528,711.94
1784952900000,6.2532,6.2558,6.2506,6.2506,955.78
1784953800000,6.2539,6.2644,6.2518,6.2634,132.96
1784954700000,6.2599,6.2616,6.2542,6.2552,1050.32
1784955600000,6.2583,6.2653,6.2583,6.2598,1091.26
1784956500000,6.2594,6.2728,6.2587,6.2714,1635.26
1784957400000,6.2706,6.2713,6.2586,6.2586,241.64
1784958300000,6.2681,6.2724,6.2622,6.2646,752.42
1784959200000,6.2633,6.2771,6.26,6.2715,479.44
1784960100000,6.2715,6.2719,6.2446,6.2499,537.43
1784961000000,6.2494,6.2578,6.2424,6.2464,1149.88
1784961900000,6.2464,6.2538,6.2388,6.2538,765.78
1784962800000,6.255,6.2586,6.2502,6.2519,464.72
1784963700000,6.2531,6.2574,6.2455,6.2486,209.13
1784964600000,6.2448,6.2462,6.2388,6.2388,652.44
1784965500000,6.2401,6.2429,6.2401,6.2418,1311.68
1784966400000,6.2423,6.2442,6.2293,6.2441,5911.85
1784967300000,6.2442,6.2731,6.2431,6.2666,2894.47
1784968200000,6.2665,6.2665,6.2509,6.2511,970.23
1784969100000,6.2492,6.2503,6.2271,6.2338,3959.72
1784970000000,6.2369,6.2469,6.2347,6.2469,970.41
1784970900000,6.2486,6.2624,6.2486,6.261,277.81
1784971800000,6.2645,6.2684,6.2592,6.2671,407.25
1784972700000,6.266,6.2868,6.266,6.2703,3721.38
1784973600000,6.2722,6.2771,6.2715,6.2746,670.25
1784974500000,6.2772,6.2794,6.2679,6.2679,260.98
1784975400000,6.2679,6.2783,6.2679,6.2738,1325.46
1784976300000,6.2765,6.2779,6.2735,6.2779,459.18
1784977200000,6.2784,6.28,6.2759,6.277,1211.48
1784978100000,6.2808,6.2862,6.2762,6.2824,387.92
1784979000000,6.2847,6.2848,6.2718,6.2817,548.04
1784979900000,6.2814,6.2991,6.2778,6.2867,1965.74
1784980800000,6.2879,6.2962,6.2868,6.2962,412.88
1784981700000,6.2981,6.337,6.2813,6.2898,11968.41
1784982600000,6.2896,6.2896,6.2806,6.2894,465.86
1784983500000,6.2883,6.3129,6.2883,6.3129,11193.1
1784984400000,6.3149,6.3166,6.3058,6.3084,256.59
1784985300000,6.3101,6.3218,6.3086,6.3202,1877.22
1784986200000,6.3244,6.4259,6.3222,6.4106,25808.64
1784987100000,6.4135,6.498,6.4094,6.4754,46619.56
1784988000000,6.4772,6.5554,6.4767,6.5499,13573.2
1784988900000,6.5534,6.5678,6.4794,6.494,12871.1
1784989800000,6.4952,6.5603,6.4952,6.5508,6923.54
1784990700000,6.5495,6.5941,6.5273,6.5617,5262.8
1784991600000,6.5554,6.5949,6.5324,6.5439,7006.46
1784992500000,6.5455,6.5936,6.5443,6.5936,13053.67
1784993400000,6.5912,6.5927,6.5503,6.5541,33118.21
1784994300000,6.5581,6.5871,6.5581,6.5793,18139.11
1784995200000,6.5765,6.6467,6.5752,6.6323,27027.47
1784996100000,6.6282,6.6451,6.6009,6.6072,2800.61
1784997000000,6.6141,6.7142,6.6141,6.69,58013.89
1784997900000,6.6871,6.728,6.6565,6.6639,27654.71
1784998800000,6.6628,6.6819,6.6434,6.6601,49305.41
1784999700000,6.6535,6.6784,6.6532,6.6567,13843.67
1785000600000,6.6584,6.6742,6.6443,6.6725,5654.21
1785001500000,6.6728,6.6733,6.6551,6.6644,3140.22
1785002400000,6.6609,6.6961,6.6485,6.6485,8877.24
1785003300000,6.6488,6.6492,6.6228,6.6252,15378.87
1785004200000,6.6269,6.692,6.6228,6.6797,4581.74
1785005100000,6.6777,6.7121,6.6776,6.6911,5022.08
1785006000000,6.6862,6.703,6.6681,6.685,4392.53
1785006900000,6.6727,6.6881,6.6727,6.6727,3140.01
1785007800000,6.6697,6.6869,6.6582,6.6869,9196.7
1785008700000,6.6863,6.7171,6.6829,6.7093,3671.19
1785009600000,6.7098,6.72,6.6813,6.6818,3089.48
1785010500000,6.6865,6.712,6.6742,6.712,964.04
1785011400000,6.713,6.7296,6.7026,6.7201,4316.67
1785012300000,6.721,6.7407,6.7209,6.7264,10536.65
1785013200000,6.7287,6.7899,6.7246,6.7677,26595.28
1785014100000,6.7666,6.7951,6.7371,6.7464,16233.1
1785015000000,6.7398,6.7664,6.7366,6.7532,5674.67
1785015900000,6.7562,6.7832,6.7528,6.753,13277.61
1785016800000,6.753,6.7812,6.753,6.7667,6762.46
1785017700000,6.7743,6.8377,6.7661,6.812,39206.1
1785018600000,6.808,6.808,6.7839,6.7962,10901.08
1785019500000,6.7939,6.8149,6.7852,6.796,10809.87
1785020400000,6.798,6.8035,6.7652,6.7817,22779.79
1785021300000,6.773,6.7847,6.7263,6.7525,7000.95
1785022200000,6.742,6.779,6.7385,6.7455,3864.28
1785023100000,6.746,6.7787,6.746,6.7747,2905.72
1785024000000,6.7774,6.7996,6.7677,6.7677,12402.38
1785024900000,6.765,6.7688,6.7337,6.7433,13862.64
1785025800000,6.7444,6.76,6.7367,6.746,4316.18
1785026700000,6.7467,6.7894,6.7454,6.7752,10238.66
1785027600000,6.774,6.7794,6.7603,6.7786,1963.58
1785028500000,6.7822,6.7986,6.7748,6.7852,2693.51
1785029400000,6.7855,6.7984,6.7752,6.7784,4295.64
1785030300000,6.7814,6.8114,6.7672,6.782,10849.09
1785031200000,6.7812,6.7869,6.7702,6.7833,2783.61
1785032100000,6.7832,6.7923,6.7772,6.7833,6538.2
1785033000000,6.7828,6.7847,6.7575,6.7673,8995.07
1785033900000,6.7676,6.7999,6.7658,6.7897,3818.22
1785034800000,6.79,6.79,6.7375,6.7725,60829.5
1785035700000,6.772,6.7753,6.7579,6.7696,1107.07
1785036600000,6.7742,6.7789,6.764,6.7701,341.83
1785037500000,6.7699,6.7773,6.7596,6.7618,1370.18
1785038400000,6.7619,6.7713,6.7506,6.7539,1602.77
1785039300000,6.7538,6.7688,6.7499,6.7688,2598.97
1785040200000,6.7716,6.782,6.7586,6.7666,2341.62
1785041100000,6.7661,6.7661,6.7521,6.7521,746.63
1785042000000,6.7539,6.7672,6.7397,6.7672,7259.42
1785042900000,6.7718,6.773,6.7481,6.7661,1355.16
1785043800000,6.77,6.8014,6.76,6.7839,24602.75
1785044700000,6.7865,6.7959,6.7638,6.7795,1051.89
1785045600000,6.7809,6.7923,6.7738,6.7788,565.98
1785046500000,6.7789,6.795,6.778,6.7937,3371.62
1785047400000,6.7961,6.8105,6.7874,6.8027,4075.53
1785048300000,6.8028,6.8145,6.7853,6.7925,3248.26
1785049200000,6.7891,6.8286,6.7891,6.8017,3819.2
1785050100000,6.8004,6.8048,6.7542,6.7542,8634.52
1785051000000,6.754,6.7759,6.754,6.7649,2545.56
1785051900000,6.7639,6.7852,6.7635,6.7834,2264.93
1785052800000,6.7812,6.782,6.7682,6.7694,3182.82
1785053700000,6.7763,6.7787,6.7541,6.7662,8687.16
1785054600000,6.7661,6.7671,6.742,6.744,30962.02
1785055500000,6.7409,6.7613,6.7392,6.7573,1498.81
1785056400000,6.7574,6.7577,6.7409,6.7552,5688.41
1785057300000,6.754,6.7554,6.7394,6.7554,2729.78
1785058200000,6.7482,6.7551,6.7472,6.7478,382.48
1785059100000,6.7479,6.7519,6.7263,6.7263,1295.65
1785060000000,6.7349,6.7349,6.7053,6.7123,8227.25
1785060900000,6.7113,6.7183,6.7043,6.7111,6462.55
1785061800000,6.7094,6.7125,6.7011,6.7023,12997.17
1785062700000,6.7048,6.7266,6.6982,6.7266,4990.22
1785063600000,6.7213,6.7293,6.7058,6.71,4804.41
1785064500000,6.7057,6.7148,6.7021,6.7146,1700.06
1785065400000,6.7144,6.7144,6.6991,6.6991,1558.76
1785066300000,6.697,6.7098,6.6913,6.7002,13545.54
1785067200000,6.6996,6.7185,6.6992,6.7127,8884.75
1785068100000,6.7143,6.7192,6.6891,6.718,30311.53
1785069000000,6.7173,6.7173,6.6983,6.6993,7074
1785069900000,6.7031,6.7063,6.6948,6.7007,2250.32
1785070800000,6.6987,6.6987,6.6679,6.6726,7235.46
1785071700000,6.674,6.6826,6.6659,6.6696,921.99
1785072600000,6.6659,6.6834,6.664,6.6758,1510.73
1785073500000,6.6775,6.6803,6.6701,6.6701,1049.85
1785074400000,6.6711,6.7034,6.667,6.6785,11756.04
1785075300000,6.6799,6.6804,6.648,6.6554,4572.16
1785076200000,6.6552,6.6697,6.648,6.6688,20835.33
1785077100000,6.6689,6.6772,6.6653,6.6688,6184.62
1785078000000,6.6692,6.6761,6.6661,6.6709,8963.31
1785078900000,6.676,6.6903,6.676,6.6837,1152.93
1785079800000,6.6834,6.6999,6.6834,6.6881,21664.29
1785080700000,6.688,6.6959,6.6853,6.6926,4485.84
1785081600000,6.6925,6.6946,6.6786,6.6851,2043.06
1785082500000,6.685,6.7135,6.6847,6.7074,2413.74
1785083400000,6.7069,6.721,6.6922,6.6922,2579.31
1785084300000,6.6913,6.7007,6.6892,6.6893,2246.45
1785085200000,6.6893,6.6924,6.6799,6.6893,4369.24
1785086100000,6.69,6.6991,6.6872,6.6954,1036.05
1785087000000,6.6939,6.697,6.692,6.6937,1814.44
1785087900000,6.6973,6.6979,6.6814,6.6814,580.02
1785088800000,6.68,6.6836,6.677,6.6819,10093.42
1785089700000,6.6776,6.682,6.6739,6.6781,1983.88
1785090600000,6.678,6.6848,6.6745,6.6745,392.24
1785091500000,6.6748,6.677,6.6707,6.6717,6489.41
1785092400000,6.67,6.6744,6.6643,6.6694,2431.17
1785093300000,6.667,6.6686,6.6654,6.6669,1777.49
1785094200000,6.6673,6.6756,6.667,6.6736,9075.46
1785095100000,6.6726,6.6726,6.6601,6.6664,2500.99
1785096000000,6.6666,6.6693,6.6641,6.6647,1343.81
1785096900000,6.6658,6.6737,6.6657,6.6715,2006.21
1785097800000,6.6716,6.6729,6.6687,6.6729,256.08
1785098700000,6.6732,6.6762,6.6687,6.6749,3111.23
1785099600000,6.6758,6.6798,6.6712,6.6741,1985.71
1785100500000,6.6742,6.6836,6.6736,6.6801,3273.9
1785101400000,6.6794,6.6821,6.67,6.67,6767.69
1785102300000,6.67,6.6786,6.67,6.6734,1842.14
1785103200000,6.6744,6.7371,6.6744,6.7091,12380.61
1785104100000,6.7105,6.7214,6.7046,6.7185,3126.58
1785105000000,6.7199,6.7303,6.7184,6.726,8417.99
1785105900000,6.7202,6.723,6.7097,6.7222,16833.49
1785106800000,6.7217,6.7534,6.7126,6.7353,13190.6
1785107700000,6.7339,6.7396,6.7245,6.735,4320.16
1785108600000,6.7309,6.7431,6.7289,6.7365,9026.7
1785109500000,6.736,6.7427,6.7331,6.742,1428.23
1785110400000,6.7455,6.7455,6.7156,6.726,13057.78
1785111300000,6.726,6.7274,6.7175,6.7216,2264.2
1785112200000,6.7212,6.7212,6.7101,6.7205,2575.02
1785113100000,6.7205,6.73,6.7199,6.7242,5813.59
1785114000000,6.7247,6.7296,6.7059,6.7067,475.39
1785114900000,6.7054,6.7135,6.6982,6.7034,1008.81
1785115800000,6.7049,6.7181,6.6846,6.7125,2464.78
1785116700000,6.7118,6.7227,6.7103,6.7227,985.86
1785117600000,6.7216,6.7216,6.6987,6.7001,1481.38
1785118500000,6.6989,6.707,6.6941,6.7067,551.04
1785119400000,6.7036,6.7065,6.6954,6.7003,2549.75
1785120300000,6.6995,6.6996,6.6832,6.6875,187.16
1785121200000,6.6884,6.6952,6.6863,6.6917,1950.66
1785122100000,6.6947,6.7025,6.6863,6.6863,700.42
1785123000000,6.6857,6.6865,6.6783,6.6865,3456.43
1785123900000,6.6862,6.6914,6.6817,6.6881,3242.41
1785124800000,6.688,6.7098,6.6846,6.7007,31142.26
1785125700000,6.7007,6.7087,6.6933,6.6986,3084.99
1785126600000,6.7013,6.7072,6.6931,6.7022,655.61
1785127500000,6.7041,6.7078,6.6923,6.6923,1179.2
1785128400000,6.6934,6.7059,6.6927,6.7027,1100.35
1785129300000,6.7027,6.7027,6.6895,6.6895,515.76
1785130200000,6.6898,6.6907,6.6815,6.6835,271.46
1785131100000,6.6843,6.7043,6.6754,6.6989,19855.04
1785132000000,6.7012,6.7445,6.7012,6.7149,4677.16
1785132900000,6.7175,6.7194,6.6916,6.7076,5388.81
1785133800000,6.7072,6.7171,6.7072,6.7129,1498.05
1785134700000,6.7129,6.7139,6.698,6.703,2020.64
1785135600000,6.7029,6.7096,6.6964,6.7096,2828.01
1785136500000,6.7113,6.713,6.7007,6.7027,4300.73
1785137400000,6.6995,6.6995,6.6691,6.6755,3835.35
1785138300000,6.6746,6.692,6.6745,6.6845,1956.07
1785139200000,6.6848,6.6849,6.6732,6.6782,4406.64
1785140100000,6.6783,6.6839,6.6695,6.6813,2172.74
1785141000000,6.6826,6.6826,6.672,6.675,1905.91
1785141900000,6.67,6.6747,6.6149,6.633,45323.78
1785142800000,6.6301,6.6301,6.5965,6.5997,6646.81
1785143700000,6.6021,6.6056,6.5985,6.6029,1404.46
1785144600000,6.6028,6.6124,6.5989,6.6071,846.41
1785145500000,6.6033,6.6365,6.6033,6.6135,33004.06
1785146400000,6.6127,6.6239,6.6048,6.6233,55065.73
1785147300000,6.6224,6.6493,6.6216,6.6462,53013.59
1785148200000,6.6461,6.6529,6.6387,6.6475,722.37
1785149100000,6.6464,6.6506,6.6404,6.6506,15015.86
1785150000000,6.6518,6.6535,6.6413,6.6497,2835.58
1785150900000,6.6514,6.6547,6.646,6.648,740.09
1785151800000,6.6435,6.6744,6.6435,6.6712,832.75
1785152700000,6.67,6.6809,6.6601,6.6689,530.45
1785153600000,6.6658,6.6866,6.6658,6.668,1790.79
1785154500000,6.6709,6.6779,6.6643,6.6643,656.26
1785155400000,6.6663,6.6746,6.6501,6.6711,1640.19
1785156300000,6.6741,6.6948,6.6724,6.6741,1511.18
1785157200000,6.6742,6.6767,6.6301,6.6325,77971.53
1785158100000,6.6325,6.6364,6.6083,6.6083,8898.23
1785159000000,6.6104,6.6779,6.6069,6.6766,15009.07
1785159900000,6.6733,6.674,6.6368,6.6382,8851.02
1785160800000,6.6385,6.6546,6.6257,6.6502,2453.08
1785161700000,6.6532,6.6532,6.5988,6.6126,5217.2
1785162600000,6.6107,6.6134,6.5107,6.5149,41736.24
1785163500000,6.5203,6.5457,6.5085,6.527,13929.31
1785164400000,6.5233,6.5454,6.4812,6.5346,26160.07
1785165300000,6.5387,6.562,6.5355,6.5535,6236.16
1785166200000,6.5532,6.5644,6.5221,6.5436,1508.56
1785167100000,6.5414,6.5456,6.5292,6.5412,8739.32
1785168000000,6.5411,6.5438,6.5308,6.5399,4241.09
1785168900000,6.5391,6.6109,6.5378,6.61,11838.67
1785169800000,6.6131,6.629,6.605,6.6081,5796.03
1785170700000,6.6169,6.6218,6.6013,6.6122,1741.54
1785171600000,6.6129,6.6158,6.5981,6.5981,1891.78
1785172500000,6.5975,6.6104,6.5867,6.589,1508.79
1785173400000,6.5879,6.5937,6.5749,6.5749,685.9
1785174300000,6.5736,6.579,6.5668,6.572,1699.85
1785175200000,6.5749,6.5751,6.5695,6.5715,1110.12
1785176100000,6.5678,6.5751,6.558,6.5733,618.34
1785177000000,6.5751,6.5785,6.55,6.563,2929.41
1785177900000,6.5594,6.5738,6.5463,6.5733,3759.38
1785178800000,6.5736,6.6043,6.5621,6.603,1794.58
1785179700000,6.602,6.6116,6.5875,6.5939,820.56
1785180600000,6.5976,6.6106,6.5936,6.5985,3008.79
1785181500000,6.5983,6.6117,6.5907,6.6117,1793.59
1785182400000,6.611,6.6161,6.5981,6.6033,1638.64
1785183300000,6.6037,6.6113,6.598,6.6113,1377.31
1785184200000,6.6116,6.6116,6.5971,6.5971,256.75
1785185100000,6.597,6.6013,6.5932,6.5982,499.28
1785186000000,6.5912,6.6097,6.5897,6.6097,1475.39
1785186900000,6.6095,6.6095,6.5795,6.5813,986.46
1785187800000,6.5818,6.5862,6.5679,6.5688,389.32
1785188700000,6.5678,6.5742,6.5578,6.5742,720.6
1785189600000,6.5742,6.5742,6.5482,6.5669,877.44
1785190500000,6.5669,6.5704,6.5367,6.5404,3202.42
1785191400000,6.5401,6.5547,6.5079,6.5206,11140.62
1785192300000,6.5242,6.5242,6.4383,6.4383,42180.67
1785193200000,6.4445,6.445,6.4026,6.4215,25278
1785194100000,6.4224,6.44,6.4111,6.4304,3286.12
1785195000000,6.4263,6.4322,6.375,6.381,17296.41
1785195900000,6.382,6.4112,6.382,6.4067,11304.42
1785196800000,6.4025,6.4175,6.3872,6.4074,180667.31
1785197700000,6.4109,6.4465,6.4109,6.4423,5967.79
1785198600000,6.4423,6.4469,6.4312,6.4341,3285.43
1785199500000,6.4301,6.4331,6.4215,6.4218,1617.6
1785200400000,6.4238,6.428,6.358,6.3984,31059.47
1785201300000,6.3984,6.4239,6.3736,6.4101,1103.27
1785202200000,6.4095,6.4145,6.3738,6.3786,1739.24
1785203100000,6.3793,6.3858,6.3673,6.3694,2855.11
1785204000000,6.3663,6.4137,6.3616,6.4029,36106.92
1785204900000,6.4037,6.4196,6.4037,6.4105,427.69
1785205800000,6.4101,6.4143,6.3968,6.3983,822.57
1785206700000,6.4008,6.4157,6.3945,6.4119,485.08
1785207600000,6.4108,6.4288,6.4065,6.4241,4076
1785208500000,6.4222,6.4373,6.4169,6.4279,11257.76
1785209400000,6.4277,6.4343,6.4227,6.433,2280.32
1785210300000,6.435,6.4366,6.4273,6.4274,3437
1785211200000,6.4301,6.4419,6.4273,6.4387,3293.98
1785212100000,6.4384,6.4463,6.4381,6.442,483.69
1785213000000,6.4413,6.4434,6.4335,6.4434,1136.04
1785213900000,6.4478,6.4499,6.4408,6.4429,1213.05
1785214800000,6.4428,6.4529,6.4406,6.4451,2293.93
1785215700000,6.4436,6.4525,6.4349,6.4349,729.75
1785216600000,6.4302,6.4314,6.4154,6.4299,692.21
1785217500000,6.4279,6.4304,6.4179,6.4186,1942.9
1785218400000,6.4192,6.4192,6.4,6.4074,22554.31
1785219300000,6.4077,6.438,6.4077,6.4363,960.31
1785220200000,6.4382,6.4422,6.4365,6.4421,1438.82
1785221100000,6.4374,6.443,6.433,6.44,295.11
1785222000000,6.441,6.462,6.4388,6.4394,919.75
1785222900000,6.4427,6.4427,6.4332,6.4356,298.71
1785223800000,6.4359,6.4397,6.4317,6.4318,1569.78
1785224700000,6.4317,6.4422,6.4246,6.4422,1595.15
1785225600000,6.4423,6.4425,6.4192,6.4196,1738.56
1785226500000,6.42,6.436,6.4179,6.4344,4180.24
1785227400000,6.4335,6.4371,6.4271,6.432,2134.53
1785228300000,6.4321,6.4375,6.4321,6.4338,5328.87
1785229200000,6.4337,6.4365,6.427,6.4356,2388.23
1785230100000,6.4365,6.4384,6.4317,6.4364,1293.78
1785231000000,6.4358,6.4479,6.4342,6.4479,399.34
1785231900000,6.448,6.4566,6.4341,6.4392,179.77
1785232800000,6.4369,6.4448,6.4369,6.443,252.17
1785233700000,6.443,6.4785,6.4428,6.4496,13255.08
1785234600000,6.4518,6.4615,6.4468,6.4567,936.94
1785235500000,6.4561,6.4686,6.4546,6.4645,1801.88
1785236400000,6.4646,6.4672,6.4478,6.4478,1359.53
1785237300000,6.4478,6.4791,6.4478,6.4561,1429.28
1785238200000,6.4574,6.4632,6.4481,6.4541,1452.33
1785239100000,6.4541,6.4627,6.4538,6.4603,368.41
1785240000000,6.4564,6.4858,6.4538,6.4718,2879.73
1785240900000,6.4733,6.4747,6.4665,6.4698,746.28
1785241800000,6.47,6.474,6.4651,6.4739,2409.1
1785242700000,6.4731,6.4863,6.4683,6.4818,1424.68
1785243600000,6.484,6.4996,6.4367,6.4404,176227.19
1785244500000,6.4399,6.4457,6.433,6.4334,5673.71
1785245400000,6.4335,6.44,6.3718,6.397,74673.63
1785246300000,6.3971,6.4272,6.3827,6.415,7307.03
1785247200000,6.4182,6.4392,6.4108,6.4108,1097.7
1785248100000,6.4111,6.4297,6.3987,6.4269,4531.65
1785249000000,6.4229,6.444,6.4197,6.4439,3396.9
1785249900000,6.4434,6.4565,6.438,6.4451,4503.25
1785250800000,6.4442,6.458,6.4359,6.4464,10623.37
1785251700000,6.4445,6.5459,6.4371,6.5087,34496.83
1785252600000,6.516,6.5623,6.5134,6.5482,5273.29
1785253500000,6.5516,6.5844,6.5429,6.5696,4444.15
1785254400000,6.572,6.5733,6.5157,6.5161,11005.43
1785255300000,6.5258,6.5521,6.5243,6.5499,1017.36
1785256200000,6.5431,6.5563,6.5339,6.5556,1140.63
1785257100000,6.5526,6.5603,6.5402,6.5566,2407.65
1785258000000,6.5569,6.5584,6.5298,6.5362,5518.5
1785258900000,6.5363,6.5363,6.515,6.5173,819.63
1785259800000,6.5139,6.5221,6.4978,6.5038,11415.51
1785260700000,6.504,6.5176,6.504,6.5128,1160.59
1785261600000,6.5167,6.5353,6.5157,6.5157,1023.15
1785262500000,6.5143,6.5205,6.5119,6.5124,881.44
1785263400000,6.5141,6.5235,6.5091,6.5235,572.57
1785264300000,6.5211,6.5343,6.5211,6.5337,1237.3
1785265200000,6.5343,6.5648,6.5343,6.5404,29316.9
1785266100000,6.539,6.5568,6.5356,6.5555,2197.99
1785267000000,6.5566,6.578,6.551,6.5536,7813.57
1785267900000,6.5532,6.6021,6.5532,6.5878,4669.51
1785268800000,6.5895,6.5976,6.5737,6.5886,3305.75
1785269700000,6.587,6.5936,6.5708,6.5708,575.12
1785270600000,6.566,6.5892,6.5646,6.5823,2431.36
1785271500000,6.5782,6.5865,6.5767,6.5782,1236.28
1785272400000,6.5849,6.6248,6.5849,6.622,5508.73
1785273300000,6.6186,6.6186,6.6013,6.6094,1305.96
1785274200000,6.6128,6.621,6.6074,6.6184,1615.89
1785275100000,6.6187,6.6227,6.5998,6.6033,522.67
1785276000000,6.6016,6.6092,6.5853,6.5853,746.47
1785276900000,6.5853,6.5912,6.5708,6.5729,597.44
1785277800000,6.5663,6.5667,6.5566,6.5585,1034.64
1785278700000,6.5565,6.5565,6.5327,6.5342,1920.84
1785279600000,6.5328,6.5384,6.5217,6.5367,6104.65
1785280500000,6.5386,6.544,6.5309,6.5427,1584.19
1785281400000,6.542,6.5646,6.5419,6.5614,1278.64
1785282300000,6.5611,6.5746,6.561,6.5738,1456.93
1785283200000,6.5749,6.6339,6.5749,6.5931,8331.59
1785284100000,6.5925,6.6068,6.5768,6.5802,3692.49
1785285000000,6.5812,6.5914,6.5667,6.5879,1262.41
1785285900000,6.586,6.5995,6.5621,6.5621,7154.79
1785286800000,6.5632,6.5684,6.5388,6.5391,4650.84
1785287700000,6.5398,6.5614,6.531,6.5568,13884.08
1785288600000,6.5562,6.5597,6.5401,6.5449,1387.93
1785289500000,6.5432,6.5467,6.5051,6.5052,1046
1785290400000,6.5044,6.513,6.4932,6.5059,981.93
1785291300000,6.5021,6.5197,6.4837,6.5197,12613.33
1785292200000,6.5221,6.5279,6.5058,6.511,7792.8
1785293100000,6.5089,6.5089,6.4985,6.5023,1369.89
1785294000000,6.5037,6.5048,6.4793,6.4793,1884.32
1785294900000,6.4797,6.4798,6.4435,6.4447,2859.59
1785295800000,6.4423,6.4423,6.4189,6.4231,67018.53
1785296700000,6.4234,6.4279,6.406,6.4086,4197.08
1785297600000,6.4065,6.4089,6.3219,6.3385,59766.11
1785298500000,6.3379,6.3629,6.3059,6.3608,6096.35
1785299400000,6.3496,6.3976,6.347,6.3971,4220.02
1785300300000,6.3876,6.4061,6.3848,6.4061,2180.54
1785301200000,6.4082,6.422,6.404,6.4092,19975.23
1785302100000,6.4103,6.4212,6.4016,6.4125,6667.72
1785303000000,6.4094,6.4284,6.4094,6.4208,716.01
1785303900000,6.4278,6.4278,6.4133,6.4197,966.13
1785304800000,6.4184,6.4237,6.3811,6.3952,3280.18
1785305700000,6.3957,6.4493,6.3928,6.4446,13876.27
1785306600000,6.4449,6.4471,6.4251,6.4339,1096.48
1785307500000,6.4319,6.4319,6.422,6.4293,1348.74
1785308400000,6.4329,6.4329,6.4222,6.4258,2995.89
1785309300000,6.4282,6.4329,6.4145,6.4252,1057.2
1785310200000,6.4255,6.4255,6.4103,6.4125,789.16
1785311100000,6.4131,6.424,6.4057,6.4203,2384.65
1785312000000,6.4239,6.4239,6.3838,6.3839,2469.1
1785312900000,6.3839,6.388,6.3718,6.3727,887.75
1785313800000,6.3721,6.4142,6.3721,6.4142,2602.3
1785314700000,6.4127,6.4235,6.4035,6.4035,533.58
1785315600000,6.4044,6.4163,6.4034,6.4145,2352.28
1785316500000,6.4178,6.4195,6.406,6.406,3038.3
1785317400000,6.4069,6.4297,6.4056,6.4149,2357.99
1785318300000,6.4142,6.4152,6.4028,6.4102,1090.56
1785319200000,6.4104,6.4265,6.4104,6.4265,1835.67
1785320100000,6.4277,6.4282,6.416,6.4161,589.11
1785321000000,6.416,6.416,6.3991,6.4087,884.12
1785321900000,6.4087,6.4101,6.386,6.3997,981.66
1785322800000,6.4013,6.4123,6.386,6.4114,3881.15
1785323700000,6.4096,6.4115,6.3996,6.4108,1895.73
1785324600000,6.4106,6.4114,6.4007,6.4079,1214.49
1785325500000,6.4073,6.4132,6.4025,6.4092,5345.55
1785326400000,6.4096,6.4096,6.3921,6.4062,3241.18
1785327300000,6.405,6.405,6.3812,6.385,5127.02
1785328200000,6.3842,6.3944,6.3822,6.3913,2573.68
1785329100000,6.394,6.394,6.3783,6.3851,1730.2
1785330000000,6.385,6.3878,6.3743,6.3832,2219.76
1785330900000,6.3853,6.3933,6.3768,6.3893,1638.54
1785331800000,6.3888,6.4043,6.3806,6.3885,5452.5
1785332700000,6.3906,6.3946,6.3582,6.3946,5709.67
1785333600000,6.399,6.4143,6.3821,6.386,14190.96
1785334500000,6.3909,6.4073,6.3652,6.3742,17371.96
1785335400000,6.3743,6.3899,6.3654,6.3691,8698.56
1785336300000,6.369,6.3837,6.3673,6.3756,3668.74
1785337200000,6.3738,6.3888,6.3673,6.3758,721.66
1785338100000,6.3787,6.3915,6.3669,6.3856,2395.07
1785339000000,6.3855,6.399,6.3781,6.3781,589.44
1785339900000,6.3782,6.3803,6.3637,6.3784,14043.92
1785340800000,6.3769,6.3819,6.3581,6.3784,5013.81
1785341700000,6.3781,6.3971,6.3694,6.3915,1598.48
1785342600000,6.3933,6.3933,6.3656,6.3677,972.21
1785343500000,6.3652,6.3845,6.3633,6.3797,599.08
1785344400000,6.3807,6.3961,6.3806,6.3961,1547.77
1785345300000,6.3961,6.3987,6.3844,6.3936,1084.49
1785346200000,6.3922,6.4101,6.3917,6.4097,1230.74
1785347100000,6.4133,6.4333,6.4041,6.4333,6026.09
1785348000000,6.4351,6.5316,6.4351,6.4535,53325.39
1785348900000,6.4535,6.4609,6.4321,6.4387,15581.91
1785349800000,6.4422,6.4699,6.4008,6.4684,4479.97
1785350700000,6.4635,6.4849,6.4601,6.4711,1775.51
1785351600000,6.4714,6.4835,6.4383,6.4481,2010.26
1785352500000,6.4482,6.452,6.3812,6.3891,2184.98
1785353400000,6.3901,6.399,6.37,6.3793,1353.24
1785354300000,6.3744,6.3744,6.341,6.3587,12519.94
1785355200000,6.3575,6.3643,6.3129,6.3613,32628.2
1785356100000,6.3624,6.3778,6.3094,6.337,5192.26
1785357000000,6.3373,6.3662,6.3346,6.3558,4125.4
1785357900000,6.3576,6.361,6.3412,6.3427,1322.71
1785358800000,6.3423,6.3449,6.315,6.3449,1521.2
1785359700000,6.3361,6.3689,6.3312,6.3689,463.91
1785360600000,6.37,6.3761,6.367,6.3747,1790.45
1785361500000,6.3738,6.3898,6.3625,6.3898,2891.02
1785362400000,6.3901,6.4122,6.3859,6.4049,1650.67
1785363300000,6.4048,6.4177,6.4021,6.4117,682.71
1785364200000,6.4082,6.4169,6.4018,6.4146,829.75
1785365100000,6.4136,6.4157,6.4068,6.4155,745.81
1785366000000,6.4178,6.4178,6.3972,6.399,301.82
1785366900000,6.4001,6.4137,6.399,6.4109,382.78
1785367800000,6.4114,6.4311,6.4114,6.4236,12514.69
1785368700000,6.4221,6.4298,6.4218,6.4278,558.73
1785369600000,6.4294,6.4396,6.4137,6.4348,9098.46
1785370500000,6.4304,6.44,6.423,6.4336,979.75
1785371400000,6.4322,6.4346,6.402,6.402,520.08
1785372300000,6.3993,6.4051,6.388,6.3932,1106.11
1785373200000,6.4019,6.4303,6.3975,6.4056,1036.88
1785374100000,6.4028,6.4251,6.402,6.4191,1207.27
1785375000000,6.4192,6.4664,6.4192,6.4647,1097.34
1785375900000,6.4659,6.5184,6.4642,6.4959,3164.74
1785376800000,6.496,6.5146,6.4921,6.5063,5336.4
1785377700000,6.5079,6.5227,6.4993,6.5083,577.83
1785378600000,6.5104,6.5125,6.4952,6.5075,971.57
1785379500000,6.5092,6.5093,6.4848,6.4873,664.98
1785380400000,6.4874,6.5226,6.4874,6.507,1598.8
1785381300000,6.5065,6.5149,6.4913,6.4923,890.9
1785382200000,6.492,6.492,6.4786,6.4806,293.49
1785383100000,6.4818,6.4889,6.4786,6.4815,954.15
1785384000000,6.4818,6.4864,6.4495,6.4497,798.29
1785384900000,6.4497,6.4497,6.438,6.438,7638.73
1785385800000,6.438,6.448,6.4218,6.4301,18347.61
1785386700000,6.4289,6.4433,6.4289,6.4325,10258.4
1785387600000,6.4324,6.443,6.42,6.4393,4261.34
1785388500000,6.4387,6.4492,6.4342,6.4439,1567.06
1785389400000,6.4445,6.4664,6.4445,6.4664,695.76
1785390300000,6.4667,6.4715,6.4512,6.4521,826
1785391200000,6.4539,6.4542,6.4423,6.4423,649.98
1785392100000,6.4394,6.4534,6.4301,6.4492,355.7
1785393000000,6.4526,6.4526,6.4395,6.4399,491.79
1785393900000,6.4398,6.4398,6.4277,6.431,487.99
1785394800000,6.4309,6.4545,6.4309,6.444,1846.38
1785395700000,6.4459,6.4461,6.436,6.4377,1584.09
1785396600000,6.4374,6.4374,6.4159,6.4304,877.86
1785397500000,6.4312,6.4334,6.4189,6.419,1039.36
1785398400000,6.419,6.4232,6.4166,6.4203,2181.93
1785399300000,6.4199,6.4465,6.4158,6.4371,2939.61
1785400200000,6.4363,6.4423,6.4331,6.4381,1488.81
1785401100000,6.4386,6.4433,6.4361,6.4426,1600.16
1785402000000,6.4437,6.4545,6.4394,6.4434,3382.63
1785402900000,6.4458,6.4526,6.4416,6.4475,1446.8
1785403800000,6.4478,6.454,6.4403,6.4421,3242.86
1785404700000,6.4432,6.4491,6.4333,6.4333,2663.21
1785405600000,6.4369,6.461,6.4344,6.4607,940.23
1785406500000,6.4611,6.4656,6.455,6.4557,5670.61
1785407400000,6.4554,6.4645,6.4536,6.4645,735.18
1785408300000,6.4645,6.4646,6.4491,6.4556,676.8
1785409200000,6.4566,6.4685,6.453,6.4649,1747.72
1785410100000,6.4655,6.4753,6.4614,6.4636,300.4
1785411000000,6.4641,6.4984,6.4638,6.496,968.91
1785411900000,6.4964,6.5026,6.4861,6.4904,3771.6
1785412800000,6.4916,6.5075,6.485,6.4904,4669.95
1785413700000,6.4919,6.492,6.4747,6.4747,648.66
1785414600000,6.4781,6.4826,6.4579,6.4579,1135.48
1785415500000,6.456,6.4687,6.4558,6.4595,290.79
1785416400000,6.4587,6.4668,6.4406,6.444,1625.22
1785417300000,6.4424,6.4484,6.4363,6.4394,1753
1785418200000,6.4368,6.4499,6.4178,6.4487,14078.88
1785419100000,6.4514,6.4773,6.4507,6.4746,2719.44
1785420000000,6.478,6.48,6.455,6.4613,947.38
1785420900000,6.4584,6.4735,6.4423,6.4662,3674.72
1785421800000,6.471,6.4811,6.466,6.4693,797.07
1785422700000,6.4727,6.5022,6.4697,6.4866,8609.73
1785423600000,6.4852,6.4927,6.4639,6.4643,1467.77
1785424500000,6.46,6.476,6.4477,6.4487,1431.97
1785425400000,6.4461,6.4707,6.4451,6.4659,1193.44
1785426300000,6.4694,6.4713,6.4485,6.4517,506.23
1785427200000,6.4486,6.4937,6.4486,6.4883,2338.76
1785428100000,6.4901,6.4975,6.4791,6.4883,2550.13
1785429000000,6.4842,6.4887,6.471,6.4713,369.25
1785429900000,6.472,6.4832,6.472,6.476,885.68
1785430800000,6.4761,6.4831,6.4678,6.4731,2755.59
1785431700000,6.4714,6.4873,6.4709,6.4811,595.32
1785432600000,6.4805,6.4871,6.4678,6.4871,939.36
1785433500000,6.4871,6.4923,6.479,6.4829,395.37
1785434400000,6.486,6.4921,6.4716,6.4718,1074.73
1785435300000,6.4678,6.4747,6.4651,6.4723,365.45
1785436200000,6.4685,6.4744,6.465,6.4687,2195.33
1785437100000,6.4681,6.4714,6.4513,6.455,883.82
1785438000000,6.4569,6.4628,6.45,6.4619,34547.77
1785438900000,6.4618,6.4756,6.4558,6.4709,2501.77
1785439800000,6.471,6.4718,6.4647,6.4682,575
1785440700000,6.4693,6.4763,6.4656,6.4699,142.02
1785441600000,6.4698,6.4867,6.4587,6.4608,2622.87
1785442500000,6.4597,6.463,6.4504,6.4553,4230.9
1785443400000,6.455,6.4626,6.45,6.4579,2972.55
1785444300000,6.4615,6.4637,6.4509,6.4509,630.01
1785445200000,6.451,6.4631,6.45,6.4537,5282.58
1785446100000,6.4549,6.4603,6.4522,6.4522,760.16
1785447000000,6.455,6.4583,6.45,6.45,456.44
1785447900000,6.4508,6.4563,6.45,6.4515,34818.13
1785448800000,6.45,6.467,6.45,6.4609,40854.27
1785449700000,6.4603,6.4764,6.4561,6.4756,2324.61
1785450600000,6.4771,6.4776,6.4584,6.4655,822.12
1785451500000,6.4655,6.4668,6.4545,6.4546,978.73
1785452400000,6.4546,6.4608,6.4509,6.4608,538.85
1785453300000,6.4594,6.4616,6.4536,6.4576,6498.36
1785454200000,6.4575,6.4745,6.45,6.45,33580.24
1785455100000,6.4501,6.4545,6.4318,6.4323,45041.47
1785456000000,6.4317,6.4462,6.4291,6.4361,5464.41
1785456900000,6.4371,6.4393,6.4291,6.4326,1428.86
1785457800000,6.4329,6.4356,6.4287,6.4323,2145.22
1785458700000,6.4343,6.4405,6.4291,6.4405,925.7
1785459600000,6.4413,6.5,6.4413,6.4957,3492.73
1785460500000,6.4944,6.5418,6.4851,6.5269,5919.4
1785461400000,6.5313,6.5412,6.4931,6.4931,2282.9
1785462300000,6.4946,6.4953,6.4639,6.479,927.39
1785463200000,6.479,6.4866,6.4622,6.4697,1403.6
1785464100000,6.467,6.467,6.4378,6.4378,6348.99
1785465000000,6.4341,6.445,6.419,6.4279,1690.18
1785465900000,6.428,6.4372,6.4033,6.4115,17392.6
1785466800000,6.4123,6.4158,6.3965,6.4158,4742.94
1785467700000,6.4169,6.4645,6.4169,6.4538,8307.21
1785468600000,6.4512,6.4586,6.4452,6.4534,805.09
1785469500000,6.4551,6.4551,6.4458,6.45,395.87
1785470400000,6.4468,6.4568,6.4373,6.4373,1530.17
1785471300000,6.4345,6.4485,6.4281,6.4485,2184.31
1785472200000,6.4485,6.4565,6.4417,6.4443,2298.94
1785473100000,6.4446,6.4534,6.4374,6.4464,3079.66
1785474000000,6.4465,6.4762,6.4465,6.4613,10251.74
1785474900000,6.4628,6.4673,6.4488,6.4488,2207.05
1785475800000,6.4492,6.454,6.4364,6.4364,7124.67
1785476700000,6.4364,6.454,6.4347,6.454,1066.59
1785477600000,6.4535,6.4592,6.444,6.4552,4006.29
1785478500000,6.453,6.453,6.4456,6.4504,117.12
1785479400000,6.4535,6.4614,6.4358,6.4396,9033.17
1785480300000,6.428,6.4465,6.4209,6.4456,7867.3
1785481200000,6.436,6.436,6.3934,6.4122,3446.67
1785482100000,6.4124,6.4184,6.4029,6.4059,3710.65
1785483000000,6.4025,6.4301,6.4025,6.4272,3144.38
1785483900000,6.43,6.4602,6.43,6.4526,2928.37
1785484800000,6.4492,6.4678,6.4471,6.4671,1174.63
1785485700000,6.4668,6.4734,6.4482,6.4616,2480.38
1785486600000,6.4578,6.4618,6.4517,6.4583,458.42
1785487500000,6.4568,6.4684,6.4494,6.4588,845.3
1785488400000,6.4594,6.4678,6.4577,6.4609,333.37
1785489300000,6.4575,6.4578,6.4219,6.4282,1373.95
1785490200000,6.4316,6.4316,6.4171,6.4258,3715.88
1785491100000,6.4279,6.4283,6.4137,6.4187,218.09
1785492000000,6.42,6.4418,6.3998,6.4411,8381.57
1785492900000,6.434,6.4491,6.4334,6.4451,1848.13
1785493800000,6.4459,6.4656,6.4459,6.4656,2308.76
1785494700000,6.4648,6.4782,6.4572,6.4776,2179.07
1785495600000,6.4815,6.5206,6.4811,6.4881,13505.46
1785496500000,6.4858,6.4859,6.4641,6.4641,1395.09
1785497400000,6.465,6.4666,6.4467,6.4479,4376.14
1785498300000,6.449,6.4601,6.449,6.4601,1346.39
1785499200000,6.4599,6.4599,6.4197,6.4251,8720.45
1785500100000,6.4207,6.4309,6.4154,6.4309,3639.88
1785501000000,6.4268,6.435,6.4171,6.4346,1719.28
1785501900000,6.435,6.4461,6.4336,6.4448,1669.81
1785502800000,6.4458,6.4765,6.4454,6.473,3628.23
1785503700000,6.4741,6.4998,6.4673,6.4852,32885.72
1785504600000,6.48,6.48,6.4274,6.4297,3627.59
1785505500000,6.4263,6.4263,6.378,6.3834,12001.16
1785506400000,6.3807,6.4163,6.3318,6.4044,34504.77
1785507300000,6.4041,6.4117,6.3859,6.4011,31479.56
1785508200000,6.4066,6.4255,6.3888,6.3992,4224.26
1785509100000,6.4004,6.4236,6.3935,6.4049,809.89
1785510000000,6.4053,6.4053,6.3832,6.3957,1023.7
1785510900000,6.3963,6.4123,6.3786,6.3972,5099.92
1785511800000,6.3884,6.4104,6.3791,6.3907,706.19
1785512700000,6.394,6.4087,6.3846,6.3965,2423.94
1785513600000,6.4009,6.4198,6.3998,6.4174,1805.31
1785514500000,6.4179,6.4243,6.4011,6.4232,2925.15
1785515400000,6.4218,6.4229,6.4058,6.4124,460.47
1785516300000,6.4129,6.4171,6.4108,6.4154,174.87
1785517200000,6.415,6.4274,6.4122,6.425,3639.54
1785518100000,6.4249,6.4351,6.4182,6.4351,2133.49
1785519000000,6.4364,6.4541,6.4327,6.4394,951.86
1785519900000,6.4409,6.4729,6.4409,6.4607,6830.68
1785520800000,6.4618,6.4741,6.4553,6.4554,9636.96
1785521700000,6.4547,6.46,6.4429,6.4429,5872.79
1785522600000,6.4451,6.454,6.4388,6.4516,2017.6
1785523500000,6.4516,6.46,6.4516,6.4546,15400.02
1785524400000,6.4553,6.4595,6.4395,6.4409,1010.44
1785525300000,6.4413,6.4459,6.4364,6.4371,3243.1
1785526200000,6.4346,6.4348,6.4089,6.4183,2282.37
1785527100000,6.4198,6.426,6.4152,6.4182,1810.75
1785528000000,6.4203,6.4313,6.4148,6.4299,2281.68
1785528900000,6.4313,6.4498,6.4285,6.4302,1791.53
1785529800000,6.4297,6.4297,6.4164,6.4205,283.57
1785530700000,6.4213,6.4239,6.3946,6.3947,3777.48
1785531600000,6.3982,6.4151,6.3847,6.4102,920
1785532500000,6.4102,6.4202,6.4084,6.4149,1458.87
1785533400000,6.4189,6.4189,6.4067,6.4146,416.61
1785534300000,6.4152,6.417,6.3894,6.3948,180.03
1785535200000,6.391,6.4051,6.3856,6.4047,574.57
1785536100000,6.404,6.4095,6.4018,6.4077,1490.26
1785537000000,6.4081,6.4108,6.3998,6.4058,231.09
1785537900000,6.4059,6.4081,6.3878,6.3891,780.66
1785538800000,6.386,6.3905,6.3845,6.3869,174.19
1785539700000,6.3887,6.3887,6.3836,6.3841,173.7
1785540600000,6.3845,6.394,6.3845,6.3911,199.61
1785541500000,6.3874,6.3896,6.3783,6.3832,631.82
1785542400000,6.384,6.4024,6.3811,6.3931,3893.07
1785543300000,6.3959,6.398,6.3852,6.388,1111.3
1785544200000,6.3885,6.3938,6.3813,6.3908,1633.64
1785545100000,6.392,6.3985,6.3805,6.3834,351.05
1785546000000,6.3844,6.3979,6.3844,6.3975,292.63
1785546900000,6.3979,6.4,6.391,6.3991,429.79
1785547800000,6.4004,6.4122,6.4004,6.4122,259.8
1785548700000,6.4122,6.4149,6.3999,6.4106,288.08
1785549600000,6.4107,6.4176,6.4093,6.4168,218.5
1785550500000,6.4163,6.4175,6.4104,6.4113,100.79
1785551400000,6.4114,6.4114,6.402,6.4046,355.26
1785552300000,6.4023,6.4149,6.402,6.4115,137.19
1785553200000,6.4149,6.4149,6.3959,6.3997,957.78
1785554100000,6.3994,6.4055,6.399,6.4008,114.59
1785555000000,6.3998,6.4072,6.3948,6.4067,1084.85
1785555900000,6.4072,6.4107,6.4058,6.4058,205.93
1785556800000,6.4084,6.422,6.4084,6.4208,598
1785557700000,6.4208,6.428,6.4134,6.4246,2490.19
1785558600000,6.4182,6.43,6.4172,6.43,324.79
1785559500000,6.43,6.4447,6.43,6.4414,1333.71
1785560400000,6.4403,6.4421,6.4342,6.441,316.64
1785561300000,6.4409,6.4466,6.433,6.4371,984.89
1785562200000,6.4419,6.4476,6.4087,6.4087,667.22
1785563100000,6.4086,6.4086,6.3934,6.4048,374.07
1785564000000,6.4052,6.4052,6.3969,6.3996,918.51
1785564900000,6.3951,6.4047,6.3922,6.4026,1036.09
1785565800000,6.4011,6.4056,6.3951,6.4043,130.76
1785566700000,6.4019,6.4143,6.401,6.4091,260.64
1785567600000,6.4092,6.4221,6.4092,6.4143,1286.36
1785568500000,6.4123,6.4123,6.4006,6.4006,314.72
1785569400000,6.3986,6.3986,6.3753,6.3796,514.3
1785570300000,6.3796,6.3838,6.3749,6.3758,452.62
1785571200000,6.3754,6.3755,6.3453,6.364,104185.85
1785572100000,6.3613,6.3777,6.3613,6.3746,2532.98
1785573000000,6.3721,6.3744,6.3683,6.3742,3124.8
1785573900000,6.3742,6.3753,6.3665,6.3717,1858.06
1785574800000,6.3682,6.371,6.358,6.3629,4082.92
1785575700000,6.3633,6.3679,6.3601,6.3631,1947.2
1785576600000,6.3623,6.3656,6.3595,6.3603,953.33
1785577500000,6.3582,6.3604,6.3398,6.3438,2990.95
1785578400000,6.3472,6.3491,6.3203,6.3411,2622.35
1785579300000,6.3404,6.3471,6.3286,6.3286,690.42
1785580200000,6.332,6.332,6.3208,6.3318,1391.27
1785581100000,6.3318,6.342,6.3318,6.3408,1545.93
1785582000000,6.3441,6.3441,6.3349,6.3389,130.11
1785582900000,6.3388,6.3397,6.3334,6.3378,189.56
1785583800000,6.3371,6.3421,6.3351,6.3362,696.92
1785584700000,6.3346,6.3346,6.3259,6.3292,131.77
1785585600000,6.3294,6.3423,6.3233,6.3418,450.9
1785586500000,6.342,6.3551,6.3412,6.3537,378.13
1785587400000,6.3535,6.3551,6.3418,6.3418,369.5
1785588300000,6.3414,6.3553,6.3414,6.3471,783.22
1785589200000,6.347,6.3583,6.3461,6.3542,693.42
1785590100000,6.3511,6.3511,6.3456,6.3467,255.46
1785591000000,6.3482,6.3524,6.3456,6.3472,98.33
1785591900000,6.3473,6.3524,6.3456,6.3514,633.78
1785592800000,6.3535,6.3639,6.3482,6.3544,32075.43
1785593700000,6.3483,6.3583,6.3483,6.3566,136.08
1785594600000,6.3591,6.3598,6.3534,6.3592,963.78
1785595500000,6.363,6.3643,6.3592,6.3643,444.18
1785596400000,6.3639,6.3709,6.3607,6.3709,802.37
1785597300000,6.3706,6.3709,6.357,6.3625,131.81
1785598200000,6.3629,6.372,6.3585,6.3678,558.35
1785599100000,6.3669,6.3753,6.3661,6.3729,1578.19
1785600000000,6.3689,6.3858,6.3651,6.3748,2286.25
1785600900000,6.3767,6.3807,6.3644,6.3665,593.85
1785601800000,6.3665,6.373,6.3588,6.3607,359.88
1785602700000,6.3607,6.3607,6.3468,6.3561,456.75
1785603600000,6.3564,6.3648,6.3377,6.3416,1056.48
1785604500000,6.34,6.3437,6.3287,6.3306,1514.63
1785605400000,6.3304,6.3348,6.3002,6.3089,34137.43
1785606300000,6.3115,6.3127,6.2822,6.3002,6979.77
1785607200000,6.2904,6.2995,6.2874,6.2954,1896.7
1785608100000,6.2928,6.2928,6.2633,6.2791,12173.86
1785609000000,6.28,6.28,6.171,6.1853,27481.54
1785609900000,6.1867,6.1867,6.0382,6.0983,54804.46
1785610800000,6.0946,6.1491,6.087,6.1385,8752.6
1785611700000,6.138,6.1383,6.109,6.125,6253.71
1785612600000,6.125,6.1323,6.1231,6.1268,1592.27
1785613500000,6.1274,6.1397,6.1236,6.1249,2768.96
1785614400000,6.125,6.1253,6.1059,6.1253,2626.8
1785615300000,6.1249,6.1517,6.1198,6.1253,5216.47
1785616200000,6.1202,6.1378,6.1167,6.1272,4810.88
1785617100000,6.1279,6.1427,6.1258,6.1427,9565.43
1785618000000,6.1456,6.1708,6.1456,6.1679,3687.79
1785618900000,6.1725,6.181,6.1641,6.171,2708.45
1785619800000,6.17,6.1842,6.1662,6.183,2352.51
1785620700000,6.1818,6.1883,6.1756,6.1829,463.73
1785621600000,6.184,6.1899,6.1761,6.1809,1282.47
1785622500000,6.185,6.2,6.1813,6.1982,2972.86
1785623400000,6.2021,6.2058,6.1956,6.1964,1492.02
1785624300000,6.1959,6.1959,6.182,6.182,164.88
1785625200000,6.1813,6.1934,6.1813,6.1838,14504
1785626100000,6.1831,6.1837,6.1782,6.1814,4370.39
1785627000000,6.1831,6.1878,6.179,6.1864,260.08
1785627900000,6.1827,6.1864,6.1806,6.185,244.07
1785628800000,6.1849,6.1956,6.1826,6.183,3165.89
1785629700000,6.1806,6.1981,6.1805,6.1917,3518.92
1785630600000,6.1917,6.1945,6.1858,6.1918,5533.4
1785631500000,6.1915,6.2015,6.1915,6.1949,1173.38
1785632400000,6.197,6.2181,6.194,6.213,1884.03
1785633300000,6.2165,6.2235,6.2119,6.2161,3760.97
1785634200000,6.2173,6.2252,6.2172,6.2239,1214.6
1785635100000,6.2238,6.2238,6.2187,6.2187,1348.49
1785636000000,6.2204,6.2911,6.2115,6.2911,15210.56
1785636900000,6.2955,6.3412,6.2912,6.3245,7418.23
1785637800000,6.3216,6.3248,6.3009,6.3152,6881.73
1785638700000,6.3151,6.3318,6.3133,6.3189,3123.91
1785639600000,6.3222,6.3391,6.3195,6.3314,3993.1
1785640500000,6.3322,6.3381,6.3261,6.3272,1191.51
1785641400000,6.3272,6.3355,6.3264,6.3321,416.75
1785642300000,6.3346,6.3346,6.3149,6.3182,715.11
1785643200000,6.321,6.3444,6.321,6.3295,3846.65
1785644100000,6.334,6.3455,6.3313,6.3356,500.32
1785645000000,6.3366,6.3381,6.3331,6.3367,540.66
1785645900000,6.3366,6.5402,6.3366,6.4791,212330.18
1785646800000,6.4777,6.5222,6.4777,6.518,23589.74
1785647700000,6.5184,6.6806,6.5112,6.6144,47730.21
1785648600000,6.6185,6.6382,6.575,6.6104,13988.85
1785649500000,6.6042,6.6318,6.5579,6.5746,9812.73
1785650400000,6.5746,6.6293,6.5693,6.5932,8989.89
1785651300000,6.5913,6.5957,6.5745,6.5878,2158.9
1785652200000,6.5878,6.5974,6.5779,6.5944,2799.89
1785653100000,6.5956,6.6122,6.5843,6.6074,2279.92
1785654000000,6.607,6.6213,6.5943,6.6115,4995.74
1785654900000,6.6084,6.6257,6.5906,6.6226,839.07
1785655800000,6.6207,6.6213,6.5769,6.588,2847.38
1785656700000,6.5831,6.604,6.5755,6.604,3924.78
1785657600000,6.6106,6.6135,6.5852,6.5871,5041.16
1785658500000,6.5925,6.5939,6.569,6.5795,4806.29
1785659400000,6.5827,6.583,6.5568,6.5773,12510.47
1785660300000,6.5773,6.5867,6.571,6.5726,5615.02
1785661200000,6.5709,6.5986,6.5524,6.5909,6561.16
1785662100000,6.5838,6.6234,6.5814,6.6125,3122.54
1785663000000,6.614,6.6407,6.6137,6.6402,737.99
1785663900000,6.6373,6.65,6.6103,6.6156,1046.88
1785664800000,6.6136,6.6136,6.5866,6.5896,16009.83
1785665700000,6.5897,6.602,6.5874,6.5944,478.16
1785666600000,6.5944,6.5974,6.5801,6.5831,1357.76
1785667500000,6.585,6.5991,6.585,6.5886,954.2
1785668400000,6.5892,6.6232,6.5769,6.6232,4615.97
1785669300000,6.6241,6.6277,6.6055,6.6072,3256.28
1785670200000,6.605,6.6133,6.5964,6.599,734.71
1785671100000,6.6066,6.6159,6.589,6.5925,1212.85
1785672000000,6.5968,6.6013,6.5923,6.5988,1729.9
1785672900000,6.5993,6.6006,6.5684,6.5783,1143.23
1785673800000,6.5782,6.585,6.5668,6.5783,6087.29
1785674700000,6.5786,6.5833,6.5554,6.5554,268.2
1785675600000,6.5572,6.5736,6.5537,6.5734,2921.09
1785676500000,6.5747,6.5768,6.5677,6.5737,614.41
1785677400000,6.5687,6.58,6.5646,6.5773,2311.4
1785678300000,6.5815,6.5956,6.5811,6.5906,585.49
1785679200000,6.5903,6.5957,6.5599,6.5681,1302.96
1785680100000,6.5726,6.5843,6.5726,6.5842,757.73
1785681000000,6.5853,6.6029,6.5824,6.5916,548.8
1785681900000,6.593,6.593,6.5861,6.5861,259.39
1785682800000,6.5863,6.6078,6.5863,6.6047,903.94
1785683700000,6.6,6.6,6.5919,6.5947,1066.09
1785684600000,6.5929,6.5985,6.5865,6.5908,968.66
1785685500000,6.5908,6.5962,6.5855,6.5929,9455.07
1785686400000,6.5933,6.6013,6.5633,6.5718,3897.93
1785687300000,6.5647,6.5818,6.5624,6.5818,1561.23
1785688200000,6.5727,6.5903,6.5715,6.5843,2005.19
1785689100000,6.5839,6.5924,6.5739,6.5826,532.69
1785690000000,6.5841,6.5946,6.5778,6.5946,841.53
1785690900000,6.596,6.6114,6.5938,6.6038,1133.05
1785691800000,6.6054,6.6325,6.6053,6.6279,2184.63
1785692700000,6.6326,6.642,6.6175,6.6246,783.26
1785693600000,6.6207,6.6688,6.6207,6.6252,3946.15
1785694500000,6.6234,6.6337,6.6234,6.6245,2606.66
1785695400000,6.6247,6.6592,6.6247,6.6459,1908.15
1785696300000,6.6454,6.6461,6.6201,6.6222,2595.35
1785697200000,6.6207,6.6207,6.6013,6.6016,564.08
1785698100000,6.6013,6.6013,6.5879,6.5879,4153.12
1785699000000,6.5878,6.5901,6.5849,6.5898,603.01
1785699900000,6.5866,6.5997,6.5866,6.5972,238.79
1785700800000,6.5967,6.6016,6.5828,6.5874,842.15
1785701700000,6.5866,6.5904,6.5721,6.5721,449.07
1785702600000,6.5756,6.5785,6.5709,6.5767,3747.41
1785703500000,6.5779,6.5886,6.577,6.5851,2043.54
1785704400000,6.5845,6.6031,6.5828,6.6031,1103.25
1785705300000,6.5974,6.6277,6.5964,6.6207,7744.7
1785706200000,6.6259,6.6675,6.6247,6.6569,6933.37
1785707100000,6.6566,6.6596,6.6356,6.6387,780.34
1785708000000,6.6413,6.6573,6.6405,6.6459,8751.5
1785708900000,6.638,6.6522,6.6195,6.6195,1320.64
1785709800000,6.6185,6.6202,6.568,6.5946,4174.3
1785710700000,6.594,6.6006,6.5889,6.5965,2291.3
1785711600000,6.5926,6.5953,6.5797,6.5835,478.09
1785712500000,6.5791,6.5834,6.5588,6.5596,5876.2
1785713400000,6.5568,6.5592,6.5265,6.5349,7472.25
1785714300000,6.5347,6.5484,6.5324,6.5484,2014
1785715200000,6.5478,6.5581,6.5172,6.5212,13522.73
1785716100000,6.5212,6.5443,6.5164,6.5281,9060.92
1785717000000,6.5218,6.536,6.5205,6.5267,1317.63
1785717900000,6.5258,6.534,6.5214,6.534,544.39
1785718800000,6.5323,6.5433,6.5159,6.5159,581.84
1785719700000,6.5237,6.5238,6.5079,6.5187,2000.11
1785720600000,6.5169,6.5211,6.5069,6.5174,612.99
1785721500000,6.517,6.5185,6.5062,6.5128,667.11
1785722400000,6.509,6.5091,6.4647,6.4765,15919.89
1785723300000,6.4787,6.4973,6.4781,6.4816,974.66
1785724200000,6.4846,6.492,6.4787,6.4891,1059.91
1785725100000,6.4863,6.4879,6.4737,6.481,780.02
1785726000000,6.4749,6.4783,6.4583,6.4583,1961.51
1785726900000,6.4608,6.4611,6.4084,6.4191,7132.25
1785727800000,6.4133,6.4312,6.4109,6.4306,5583.1
1785728700000,6.4256,6.4301,6.3933,6.4226,3595.55
1785729600000,6.4213,6.4272,6.402,6.4241,5120
1785730500000,6.422,6.4345,6.4206,6.434,1465.97
1785731400000,6.4348,6.4462,6.4335,6.4349,539.47
1785732300000,6.4347,6.4347,6.4063,6.4063,2209.3
1785733200000,6.4105,6.4154,6.3991,6.414,3904.76
1785734100000,6.414,6.414,6.4021,6.4021,452.74
1785735000000,6.401,6.4085,6.3977,6.4059,3046.62
1785735900000,6.4054,6.4251,6.405,6.425,4816.31
1785736800000,6.4245,6.4264,6.4139,6.4176,1010.84
1785737700000,6.4156,6.4208,6.4143,6.4167,4429.56
1785738600000,6.4185,6.4219,6.394,6.394,562.31
1785739500000,6.3934,6.401,6.3853,6.3875,2812.61
1785740400000,6.3882,6.4039,6.3771,6.3925,4150.44
1785741300000,6.3901,6.41,6.3846,6.41,1502.94
1785742200000,6.4101,6.4101,6.3913,6.3914,389.63
1785743100000,6.3915,6.403,6.3915,6.3984,521.44
1785744000000,6.3974,6.3976,6.3901,6.3975,1384.86
1785744900000,6.3984,6.3996,6.37,6.391,2506.73
1785745800000,6.3849,6.4064,6.3846,6.4064,4367.46
1785746700000,6.4064,6.4282,6.4064,6.425,5913.31
1785747600000,6.4253,6.4259,6.4023,6.41,2881.19
1785748500000,6.4116,6.4151,6.4076,6.4095,221.28
1785749400000,6.4152,6.4328,6.4152,6.4282,2403.97
1785750300000,6.4288,6.4539,6.4274,6.452,3717.44
1785751200000,6.4537,6.4576,6.4448,6.4488,2302.64
1785752100000,6.4503,6.4526,6.4406,6.4407,553.13
1785753000000,6.4407,6.4447,6.4406,6.441,169.72
1785753900000,6.4398,6.4425,6.4326,6.4379,418.27
1785754800000,6.4387,6.4393,6.4222,6.4284,423.34
1785755700000,6.4262,6.4532,6.4262,6.44,481.23
1785756600000,6.439,6.4502,6.439,6.4467,393.18
1785757500000,6.4447,6.4457,6.4312,6.4371,1147.42
1785758400000,6.4384,6.4482,6.4175,6.4465,6294.8
1785759300000,6.4466,6.4511,6.4348,6.4348,387.65
1785760200000,6.4344,6.4382,6.4308,6.4382,683.45
1785761100000,6.4423,6.4427,6.4372,6.438,188.01
1785762000000,6.4393,6.4513,6.4359,6.4472,1390.63
1785762900000,6.451,6.5107,6.4501,6.4705,5731
1785763800000,6.4717,6.5017,6.4582,6.495,2682.94
1785764700000,6.4964,6.5446,6.4844,6.5434,7603.75
1785765600000,6.544,6.544,6.5176,6.5315,3752.32
1785766500000,6.5314,6.5456,6.5068,6.5394,1544.07
1785767400000,6.5405,6.5422,6.5199,6.5229,1321.41
1785768300000,6.5196,6.5362,6.5154,6.5343,1148.82
1785769200000,6.5379,6.5379,6.5066,6.5122,1399.5
1785770100000,6.5125,6.5401,6.5125,6.5262,2806.73
1785771000000,6.5311,6.5311,6.5152,6.5165,486.39
1785771900000,6.5177,6.5228,6.497,6.5076,862.96
1785772800000,6.5114,6.5508,6.5114,6.5425,1913.83
1785773700000,6.5415,6.5451,6.5279,6.5324,385.54
1785774600000,6.5301,6.5332,6.5157,6.5251,325.66
1785775500000,6.5273,6.5328,6.5235,6.5281,667.37
1785776400000,6.5274,6.533,6.5205,6.5308,808.35
1785777300000,6.5271,6.5436,6.5245,6.528,763.45
1785778200000,6.5244,6.5367,6.5211,6.5281,908.07
1785779100000,6.5317,6.5381,6.5316,6.5344,276.67
1785780000000,6.5356,6.5456,6.5356,6.5456,1159.45
1785780900000,6.5465,6.5475,6.5292,6.5292,136.65
1785781800000,6.5321,6.5524,6.5321,6.5402,536.4
1785782700000,6.5425,6.5794,6.5424,6.5682,2382.03
1785783600000,6.5692,6.5808,6.5639,6.5702,1530.48
1785784500000,6.5705,6.5898,6.5655,6.5716,1401.96
1785785400000,6.5715,6.594,6.5715,6.5859,625.46
1785786300000,6.5875,6.5898,6.5646,6.5734,778.69
1785787200000,6.575,6.587,6.5677,6.5678,2647.13
1785788100000,6.568,6.5846,6.5671,6.5671,333.56
1785789000000,6.5682,6.5744,6.5601,6.568,510.2
1785789900000,6.5667,6.5808,6.5586,6.5808,2021.92
1785790800000,6.5798,6.5829,6.5567,6.5696,2638.53
1785791700000,6.5653,6.5715,6.562,6.5715,5440.44
1785792600000,6.5721,6.5763,6.5645,6.5673,5953.22
1785793500000,6.5668,6.5776,6.5664,6.5739,4921.99
1785794400000,6.5725,6.5725,6.5455,6.5721,1081.78
1785795300000,6.5734,6.5796,6.5646,6.5678,440.31
1785796200000,6.5638,6.5675,6.5586,6.5619,1524.57
1785797100000,6.5623,6.5752,6.5589,6.5718,1099.59
1785798000000,6.5717,6.5717,6.5599,6.5616,339.86
1785798900000,6.5629,6.5684,6.5605,6.5675,2261.93
1785799800000,6.5672,6.5682,6.5589,6.5659,345.43
1785800700000,6.566,6.572,6.5633,6.572,377.32
1785801600000,6.5716,6.6113,6.568,6.6025,13636.62
1785802500000,6.6034,6.6126,6.5892,6.5956,9287.8
1785803400000,6.589,6.5949,6.5609,6.5833,2679.24
1785804300000,6.5842,6.6003,6.5812,6.5832,13602.75
1785805200000,6.5873,6.6305,6.5864,6.6205,3072.65
1785806100000,6.6211,6.669,6.6178,6.6413,6548.76
1785807000000,6.645,6.924,6.645,6.8791,112671.54
1785807900000,6.8729,6.897,6.826,6.857,64974.65
1785808800000,6.8702,6.8867,6.8214,6.8554,18688.2
1785809700000,6.8459,6.8475,6.7878,6.7878,9452.29
1785810600000,6.7848,6.8329,6.7786,6.8124,12015.2
1785811500000,6.8125,6.98,6.8125,6.9167,31546.71
1785812400000,6.9177,6.9463,6.8879,6.8975,22573.94
1785813300000,6.895,6.895,6.8554,6.8834,9824.68
1785814200000,6.8852,6.9042,6.8836,6.8882,4192.56
1785815100000,6.8835,6.9049,6.8627,6.8627,2456.48
1785816000000,6.8649,6.8771,6.8366,6.8513,10315.56
1785816900000,6.8525,6.8936,6.8482,6.878,10292.5
1785817800000,6.8729,6.8954,6.8614,6.8857,8029.08
1785818700000,6.8825,6.9081,6.8727,6.8729,12146.12
1785819600000,6.8745,6.8931,6.8646,6.8764,14131.15
1785820500000,6.8786,6.891,6.8722,6.888,1604.72
1785821400000,6.8934,6.8982,6.85,6.8554,1123.26
1785822300000,6.8489,6.8517,6.8286,6.8366,6345.73
1785823200000,6.8366,6.8431,6.8226,6.8256,1712.82
1785824100000,6.8284,6.8519,6.8256,6.8341,985.47
1785825000000,6.8343,6.8407,6.7904,6.7953,2507.08
1785825900000,6.7935,6.8065,6.791,6.8009,999.62
1785826800000,6.7992,6.7992,6.7724,6.7878,3368.62
1785827700000,6.7885,6.8006,6.778,6.8006,608.25
1785828600000,6.8057,6.8241,6.8052,6.8198,8222.85
1785829500000,6.8242,6.8332,6.8177,6.8321,4626.2
1785830400000,6.8283,6.8295,6.7693,6.7783,4718.58
1785831300000,6.7791,6.7884,6.7741,6.7784,1495.84
1785832200000,6.7798,6.7798,6.7622,6.7773,6751.86
1785833100000,6.7791,6.7791,6.7652,6.7685,12183.19
1785834000000,6.7685,6.7761,6.7619,6.7642,14235.02
1785834900000,6.7641,6.7773,6.7598,6.7664,2915.72
1785835800000,6.7663,6.7879,6.7641,6.7842,3371.43
1785836700000,6.7841,6.7968,6.7836,6.7968,3896.36
1785837600000,6.7998,6.8135,6.7903,6.801,11789.57
1785838500000,6.8004,6.8008,6.7867,6.7906,2864.64
1785839400000,6.7898,6.8252,6.7898,6.8246,2776.05
1785840300000,6.8248,6.85,6.8026,6.804,26059.7
1785841200000,6.8004,6.8232,6.7943,6.8226,3333.88
1785842100000,6.8167,6.8237,6.8004,6.8109,6811.84
1785843000000,6.8074,6.8159,6.7976,6.811,1924.72
1785843900000,6.8115,6.8231,6.8115,6.8191,9404.32
1785844800000,6.8191,6.8198,6.8033,6.8082,8978.2
1785845700000,6.8082,6.8082,6.7819,6.7978,18578.97
1785846600000,6.7976,6.8215,6.7942,6.8133,2106.43
1785847500000,6.8107,6.8107,6.7951,6.7987,2071.6
1785848400000,6.8018,6.8345,6.7966,6.8084,6187.85
1785849300000,6.8035,6.8062,6.7627,6.7705,2039.29
1785850200000,6.7607,6.7649,6.7193,6.7524,21529.3
1785851100000,6.7533,6.7564,6.7348,6.7456,20606.87
1785852000000,6.7475,6.7594,6.722,6.738,8885.19
1785852900000,6.7376,6.7376,6.7,6.7189,4971.77
1785853800000,6.7195,6.7413,6.7147,6.7379,2397.14
1785854700000,6.7399,6.7425,6.7228,6.739,5054.61
1785855600000,6.7393,6.7554,6.7307,6.7337,8985.77
1785856500000,6.7305,6.7335,6.6885,6.6975,10383.78
1785857400000,6.7005,6.745,6.7005,6.745,3626.25
1785858300000,6.7441,6.759,6.7428,6.7577,18188.21
1785859200000,6.7573,6.7579,6.7154,6.717,8123.99
1785860100000,6.7172,6.7253,6.7113,6.7165,557.36
1785861000000,6.7154,6.7262,6.7129,6.7181,1196.97
1785861900000,6.7161,6.7284,6.711,6.7182,1817.18
1785862800000,6.7198,6.7364,6.7158,6.7249,3749.4
1785863700000,6.7246,6.7284,6.7141,6.7204,1933.52
1785864600000,6.7227,6.7288,6.7161,6.721,759.05
1785865500000,6.72,6.7224,6.7001,6.7025,1945.53
1785866400000,6.7,6.7233,6.7,6.7176,963.19
1785867300000,6.7216,6.7378,6.7204,6.7257,6714.16
1785868200000,6.7275,6.7343,6.7183,6.7256,1130.44
1785869100000,6.7272,6.7427,6.7268,6.7341,5227.74
1785870000000,6.7362,6.7435,6.7359,6.7392,924.92
1785870900000,6.7371,6.7372,6.7203,6.7207,3477.04
1785871800000,6.7193,6.7369,6.7193,6.731,2219.17
1785872700000,6.7342,6.7347,6.725,6.7264,3979.52
1785873600000,6.726,6.7357,6.7148,6.7357,3910.28
1785874500000,6.7341,6.7341,6.6875,6.7083,41303.68
1785875400000,6.7109,6.7348,6.7041,6.7264,4527.63
1785876300000,6.7222,6.7222,6.7083,6.7116,2099.45
1785877200000,6.7103,6.714,6.7002,6.7056,3652.97
1785878100000,6.7034,6.7122,6.6988,6.7042,1286.37
1785879000000,6.7079,6.7079,6.698,6.6997,1340.67
1785879900000,6.7019,6.7025,6.6908,6.7008,2442.5
1785880800000,6.7025,6.7052,6.6444,6.6799,10147.56
1785881700000,6.6791,6.7048,6.6774,6.7025,5662.22
1785882600000,6.6995,6.7136,6.6995,6.7077,2473.02
1785883500000,6.7086,6.7178,6.7042,6.7178,1352.81
1785884400000,6.7081,6.7201,6.702,6.7143,1877.39
1785885300000,6.7102,6.7196,6.6887,6.6887,1328.27
1785886200000,6.6876,6.7019,6.6836,6.6968,1117.18
1785887100000,6.6926,6.7036,6.6825,6.6852,9239.37
1785888000000,6.6833,6.6915,6.6608,6.6726,20339.82
1785888900000,6.6741,6.681,6.6608,6.6653,3303.6
1785889800000,6.6703,6.6764,6.6505,6.6548,3678.08
1785890700000,6.6543,6.661,6.6519,6.6608,2379.31
1785891600000,6.6606,6.6683,6.6482,6.6629,7756.36
1785892500000,6.6606,6.6648,6.6543,6.6596,1934.16
1785893400000,6.6594,6.6757,6.6594,6.6655,4103.24
1785894300000,6.6685,6.6738,6.6665,6.6675,1929.81
1785895200000,6.6678,6.6812,6.665,6.6774,1313.81
1785896100000,6.6767,6.6874,6.6654,6.686,4318.14
1785897000000,6.6887,6.7016,6.6862,6.6978,1707.64
1785897900000,6.7029,6.7033,6.6839,6.6924,2147.69
1785898800000,6.6924,6.6984,6.6666,6.678,8305.01
1785899700000,6.6677,6.6677,6.6112,6.6192,13879.43
1785900600000,6.6162,6.6312,6.6024,6.6158,6780.64
1785901500000,6.6138,6.6273,6.6138,6.6228,1227.23
1785902400000,6.6217,6.6442,6.6217,6.6404,3805.43
1785903300000,6.6409,6.6486,6.6375,6.6446,903.44
1785904200000,6.6489,6.6546,6.64,6.645,622.48
1785905100000,6.6455,6.6532,6.6407,6.6515,1238.47
1785906000000,6.6488,6.6808,6.6488,6.6694,5852.29
1785906900000,6.6707,6.6809,6.6669,6.6728,1652.87
1785907800000,6.6748,6.6748,6.6632,6.6666,629.65
1785908700000,6.6714,6.6802,6.6693,6.6796,954.69
1785909600000,6.6787,6.6951,6.6787,6.6939,3510.24
1785910500000,6.6938,6.6942,6.6756,6.6817,4751.07
1785911400000,6.6841,6.7187,6.6812,6.7032,10226.36
1785912300000,6.7053,6.7057,6.6881,6.6881,301.58
1785913200000,6.6887,6.6915,6.6658,6.6665,2362.77
1785914100000,6.6673,6.6725,6.6577,6.6651,624.32
1785915000000,6.6657,6.6709,6.6643,6.6653,1645.58
1785915900000,6.6682,6.6812,6.6676,6.6812,3142.15
1785916800000,6.685,6.6953,6.6837,6.6864,1053.45
1785917700000,6.6837,6.7003,6.6812,6.6889,6869.98
1785918600000,6.6879,6.6879,6.6704,6.6726,1674.91
1785919500000,6.6719,6.6719,6.6584,6.6584,941.8
1785920400000,6.6608,6.6817,6.6608,6.6727,1433.23
1785921300000,6.6729,6.6766,6.6685,6.673,1135.86
1785922200000,6.6735,6.6753,6.6697,6.6702,1271.09
1785923100000,6.6688,6.6768,6.6669,6.6669,1846.17
1785924000000,6.666,6.6854,6.6572,6.6786,1019.29
1785924900000,6.6728,6.6748,6.6636,6.6712,1744.74
1785925800000,6.6711,6.6784,6.6635,6.6692,3758.47
1785926700000,6.6698,6.6698,6.6574,6.6644,4968.16
1785927600000,6.6656,6.6747,6.6585,6.6697,5986.66
1785928500000,6.6697,6.6802,6.6633,6.6704,1526.09
1785929400000,6.667,6.6756,6.6649,6.6671,613.96
1785930300000,6.667,6.668,6.6533,6.658,10033.34
1785931200000,6.6566,6.6831,6.6549,6.6771,1499.67
1785932100000,6.674,6.7126,6.674,6.6921,29658.37
1785933000000,6.6915,6.6938,6.684,6.685,1123.06
1785933900000,6.6777,6.6846,6.6655,6.6688,816.86
1785934800000,6.668,6.6714,6.6427,6.6576,1220.82
1785935700000,6.6578,6.6586,6.6405,6.6426,2049.63
1785936600000,6.6413,6.6464,6.5356,6.5835,61821.95
1785937500000,6.5856,6.6156,6.5736,6.6156,32329.86
1785938400000,6.6143,6.6498,6.6075,6.6423,4252.94
1785939300000,6.6403,6.6408,6.616,6.6214,2875.2
1785940200000,6.6164,6.6377,6.6143,6.6325,1908.37
1785941100000,6.6363,6.6428,6.6169,6.6331,2701.21
1785942000000,6.6323,6.6475,6.6306,6.6322,4573.68
1785942900000,6.6322,6.6471,6.6205,6.6438,1693.37
1785943800000,6.649,6.6785,6.649,6.663,1737.12
1785944700000,6.662,6.6688,6.6441,6.6451,3561.56
1785945600000,6.6449,6.6711,6.6419,6.6582,2050.86
1785946500000,6.6565,6.6937,6.6549,6.6933,2052.08
1785947400000,6.6899,6.6951,6.6727,6.675,2721.95
1785948300000,6.6711,6.6748,6.6653,6.6723,5134.57
1785949200000,6.6747,6.6788,6.6561,6.6597,1822.02
1785950100000,6.6565,6.6628,6.6519,6.6581,1286.84
1785951000000,6.6555,6.6832,6.6531,6.673,5957.17
1785951900000,6.672,6.6824,6.67,6.6765,584.25
1785952800000,6.6744,6.6832,6.6685,6.682,1169.03
1785953700000,6.6832,6.6942,6.6715,6.673,1294.64
1785954600000,6.6721,6.681,6.6664,6.6805,1289.31
1785955500000,6.6805,6.6816,6.669,6.6816,5839.09
1785956400000,6.6825,6.6895,6.6747,6.6824,1051.73
1785957300000,6.6808,6.6808,6.6726,6.6726,355.04
1785958200000,6.6762,6.6783,6.6687,6.6703,1383.78
1785959100000,6.6705,6.6719,6.6604,6.6604,938.59
1785960000000,6.6634,6.6764,6.6604,6.6756,1213.99
1785960900000,6.6797,6.6988,6.6783,6.6953,12153.13
1785961800000,6.6949,6.695,6.6838,6.6918,7178.01
1785962700000,6.6948,6.6948,6.6778,6.6786,285.28
1785963600000,6.6788,6.68,6.6643,6.6692,1341.15
1785964500000,6.6696,6.6717,6.6352,6.6446,27057.01
1785965400000,6.6441,6.653,6.6409,6.6486,4267.62
1785966300000,6.6477,6.6584,6.6477,6.6534,1280.94
1785967200000,6.6513,6.6685,6.6456,6.6535,450.23
1785968100000,6.6565,6.6607,6.6542,6.6578,594.66
1785969000000,6.6591,6.6654,6.6585,6.6599,420.61
1785969900000,6.6602,6.6655,6.6518,6.6518,158.27
1785970800000,6.6456,6.6585,6.6394,6.6555,613.95
1785971700000,6.6507,6.6611,6.6507,6.6561,513.1
1785972600000,6.654,6.667,6.654,6.659,265.34
1785973500000,6.6592,6.6622,6.6524,6.6569,837.93
1785974400000,6.6608,6.6675,6.6574,6.6648,4272.81
1785975300000,6.664,6.6743,6.6498,6.6717,1088.28
1785976200000,6.6729,6.6768,6.651,6.651,537.67
1785977100000,6.6497,6.6632,6.6471,6.6617,1015.18
1785978000000,6.6546,6.659,6.6456,6.6486,1100.33
1785978900000,6.6475,6.6475,6.6246,6.627,8169.08
1785979800000,6.6237,6.6353,6.619,6.6237,1405.99
1785980700000,6.6216,6.6611,6.6209,6.6385,2160.98
1785981600000,6.6392,6.6483,6.6282,6.6333,2851.96
1785982500000,6.6302,6.6327,6.6115,6.6179,3604.29
1785983400000,6.6155,6.6354,6.6147,6.6354,2387.44
1785984300000,6.6388,6.6479,6.6377,6.6463,1023.33
1785985200000,6.6428,6.6496,6.6295,6.6496,6237.08
1785986100000,6.6493,6.6497,6.6393,6.648,3905.79
1785987000000,6.648,6.6554,6.6464,6.6464,1165.29
1785987900000,6.6464,6.6664,6.6464,6.6636,722.34
1785988800000,6.6636,6.6862,6.6581,6.6697,3294.83
1785989700000,6.6725,6.6963,6.6725,6.6882,20704.13
1785990600000,6.6897,6.6935,6.6616,6.6616,1593.53
1785991500000,6.6606,6.6664,6.6551,6.6653,632.87
1785992400000,6.6669,6.7027,6.6663,6.6858,11982.62
1785993300000,6.6861,6.6867,6.6639,6.664,3109.92
1785994200000,6.6647,6.6708,6.6607,6.6642,2433.55
1785995100000,6.6624,6.669,6.6596,6.669,1166.43
1785996000000,6.6702,6.6702,6.656,6.6573,14738.99
1785996900000,6.6569,6.6636,6.6511,6.6636,5179.29
1785997800000,6.6636,6.6756,6.663,6.6756,12480.54
1785998700000,6.6761,6.6772,6.6687,6.6692,3592.1
1785999600000,6.6676,6.674,6.6629,6.674,1077.95
1786000500000,6.674,6.6778,6.669,6.6732,1320.14
1786001400000,6.6745,6.6867,6.6726,6.6806,808.74
1786002300000,6.6811,6.6944,6.679,6.6818,9117.06
1786003200000,6.6829,6.6888,6.6604,6.6604,3703.98
1786004100000,6.66,6.6688,6.6553,6.6671,1187.65
1786005000000,6.669,6.6737,6.6623,6.667,1136.56
1786005900000,6.6675,6.6822,6.6668,6.6726,1977.02
1786006800000,6.6744,6.6752,6.6365,6.6391,3539.69
1786007700000,6.6372,6.6372,6.6092,6.6162,5099.45
1786008600000,6.6156,6.6156,6.5882,6.6031,25013.81
1786009500000,6.5991,6.5991,6.49,6.5228,57283.89
1786010400000,6.5214,6.5214,6.3559,6.4027,108119.7
1786011300000,6.3996,6.4489,6.3996,6.4272,23887.54
1786012200000,6.4231,6.4272,6.3999,6.4012,9630.87
1786013100000,6.4006,6.4176,6.3944,6.4071,6120.81
1786014000000,6.4087,6.4215,6.3874,6.4146,19815.05
1786014900000,6.4145,6.4405,6.4135,6.44,4861.62
1786015800000,6.4409,6.4515,6.4341,6.448,7312.11
1786016700000,6.4461,6.4472,6.436,6.4387,4097.96
1786017600000,6.4365,6.4365,6.4091,6.4217,17270.77
1786018500000,6.4243,6.4388,6.4211,6.4386,2424.39
1786019400000,6.4382,6.4449,6.4336,6.4374,2683.17
1786020300000,6.4371,6.4371,6.4123,6.4123,7894.44
1786021200000,6.4124,6.4153,6.3946,6.4052,6550.74
1786022100000,6.404,6.413,6.4037,6.4084,2001.11
1786023000000,6.4088,6.4303,6.4049,6.4241,2630.66
1786023900000,6.4214,6.4282,6.4131,6.4164,1888.14
1786024800000,6.4143,6.4257,6.4059,6.4182,2854.53
1786025700000,6.4156,6.422,6.4033,6.4039,2614.21
1786026600000,6.4006,6.4455,6.4006,6.4431,4236.59
1786027500000,6.4426,6.4515,6.4271,6.4512,4432.04
1786028400000,6.4511,6.4598,6.435,6.4462,16891.77
1786029300000,6.4461,6.4641,6.4414,6.462,4598.12
1786030200000,6.4617,6.4717,6.4533,6.4613,7103.66
1786031100000,6.4593,6.4737,6.4523,6.4665,6422.79
1786032000000,6.4671,6.4678,6.436,6.4399,11650.04
1786032900000,6.4388,6.4708,6.4388,6.4708,2550.5
1786033800000,6.4722,6.4859,6.4661,6.485,3552.89
1786034700000,6.4855,6.5,6.4758,6.4993,6668.06
1786035600000,6.499,6.5038,6.4735,6.4738,2968.62
1786036500000,6.476,6.4811,6.4706,6.4716,3161.75
1786037400000,6.4667,6.4746,6.4604,6.4668,2329.57
1786038300000,6.4666,6.4672,6.4554,6.4586,1161.59
1786039200000,6.4579,6.4703,6.4543,6.47,1195.59
1786040100000,6.4715,6.4798,6.4689,6.4758,2689.29
1786041000000,6.4783,6.4804,6.4441,6.4441,3634.66
1786041900000,6.4435,6.4549,6.44,6.4496,4956.98
1786042800000,6.45,6.4559,6.4473,6.4543,6503.51
1786043700000,6.4524,6.4632,6.4517,6.4581,2519.71
1786044600000,6.4561,6.4609,6.4465,6.452,5075.71
1786045500000,6.4528,6.4539,6.4404,6.4478,4384.05
1786046400000,6.444,6.4595,6.444,6.4587,3612.29
1786047300000,6.4597,6.4607,6.4481,6.4484,1360.07
1786048200000,6.4502,6.4681,6.4486,6.4681,5459.48
1786049100000,6.4681,6.4681,6.4573,6.4573,3015.14
1786050000000,6.456,6.4665,6.4513,6.4567,2770.85
1786050900000,6.4566,6.4567,6.4504,6.4551,1645.35
1786051800000,6.4567,6.4592,6.4522,6.4592,432.34
1786052700000,6.4564,6.4589,6.4529,6.4589,2000.88
1786053600000,6.4592,6.4733,6.4544,6.4715,1072.61
1786054500000,6.4703,6.4703,6.4612,6.4616,572.7
1786055400000,6.4636,6.466,6.4533,6.4537,646.58
1786056300000,6.454,6.4564,6.4472,6.451,2371.95
1786057200000,6.4505,6.4542,6.4379,6.4412,1208.31
1786058100000,6.441,6.4417,6.4071,6.4147,7293.78
1786059000000,6.4118,6.4264,6.4115,6.4257,1750.53
1786059900000,6.4268,6.4377,6.4257,6.4377,1797.41
1786060800000,6.4358,6.4435,6.4116,6.4184,20845.7
1786061700000,6.4184,6.4265,6.3989,6.4265,5763
1786062600000,6.4246,6.4255,6.4103,6.4247,1743.13
1786063500000,6.4222,6.4255,6.411,6.4124,3045.01
1786064400000,6.422,6.432,6.414,6.4192,3450.99
1786065300000,6.4168,6.4257,6.4168,6.4229,1140.38
1786066200000,6.4252,6.4262,6.3955,6.4129,1079.04
1786067100000,6.413,6.4177,6.4081,6.4127,430.6
1786068000000,6.4117,6.4199,6.3887,6.4168,3883.64
1786068900000,6.4181,6.4279,6.4067,6.4136,5020.25
1786069800000,6.4122,6.4241,6.4122,6.4241,721.14
1786070700000,6.4223,6.4312,6.419,6.4253,10551.71
1786071600000,6.4273,6.4385,6.4164,6.4164,731.69
1786072500000,6.4165,6.4322,6.4118,6.4291,1364.54
1786073400000,6.429,6.4302,6.4231,6.4237,931.81
1786074300000,6.419,6.4245,6.4016,6.4034,617.46
1786075200000,6.4014,6.4061,6.3882,6.3935,1219.05
1786076100000,6.3932,6.4035,6.3869,6.3962,2367.57
1786077000000,6.3967,6.4004,6.3903,6.3966,1188.65
1786077900000,6.3949,6.4002,6.3869,6.3939,1004.08
1786078800000,6.3937,6.3974,6.3891,6.3974,547.89
1786079700000,6.3951,6.3986,6.3885,6.3894,1509.31
1786080600000,6.3874,6.3874,6.3687,6.3844,6566.52
1786081500000,6.3849,6.4068,6.3838,6.4036,1661.94
1786082400000,6.4043,6.4052,6.3968,6.4051,566.87
1786083300000,6.4063,6.4304,6.4063,6.4224,7211.48
1786084200000,6.4225,6.4248,6.416,6.4193,750.59
1786085100000,6.4193,6.4213,6.408,6.4132,1693.72
1786086000000,6.4124,6.4278,6.4034,6.4264,1377.01
1786086900000,6.4282,6.4291,6.4175,6.421,845.71
1786087800000,6.4212,6.4216,6.4111,6.4118,1055.6
1786088700000,6.4122,6.4133,6.4101,6.4101,817.39
1786089600000,6.4079,6.4185,6.4049,6.4168,6300.32
1786090500000,6.4158,6.4185,6.408,6.4181,1972.17
1786091400000,6.4192,6.4302,6.4172,6.428,12005.71
1786092300000,6.428,6.4349,6.4056,6.4086,4063.81
1786093200000,6.4083,6.4297,6.4082,6.4256,3487.01
1786094100000,6.4286,6.4723,6.4286,6.4378,10904.17
1786095000000,6.4375,6.4458,6.4354,6.443,839.62
1786095900000,6.4433,6.4501,6.4397,6.4501,3181.82
1786096800000,6.4517,6.4571,6.4425,6.4468,1035.84
1786097700000,6.4455,6.4532,6.4455,6.4482,1001.92
1786098600000,6.446,6.4515,6.4278,6.4306,1504.15
1786099500000,6.4302,6.4451,6.4302,6.4446,3448.55
1786100400000,6.4464,6.4535,6.4462,6.451,4588.71
1786101300000,6.451,6.4655,6.448,6.4621,2993.6
1786102200000,6.4621,6.4625,6.4518,6.4547,1195.5
1786103100000,6.455,6.4603,6.4501,6.4596,917.59
1786104000000,6.4623,6.4922,6.461,6.4847,8053.29
1786104900000,6.4856,6.4879,6.4728,6.4773,2874.76
1786105800000,6.4838,6.5137,6.4607,6.4787,16001.09
1786106700000,6.4805,6.4916,6.4743,6.4913,3732.86
1786107600000,6.4908,6.4932,6.4759,6.476,1923.99
1786108500000,6.4749,6.4902,6.4733,6.4806,1414.11
1786109400000,6.483,6.4995,6.4764,6.498,4954.71
1786110300000,6.4982,6.4985,6.4726,6.4768,1875.52
1786111200000,6.4754,6.4834,6.4401,6.4408,31403.32
1786112100000,6.4401,6.4796,6.4361,6.478,5126.28
1786113000000,6.4778,6.4783,6.4459,6.4459,1815.4
1786113900000,6.4446,6.4501,6.4054,6.4229,5096.73
1786114800000,6.4232,6.4473,6.419,6.4347,1216.13
1786115700000,6.4346,6.4419,6.4252,6.4359,701.99
1786116600000,6.4355,6.4463,6.4332,6.438,2985.25
1786117500000,6.4357,6.4374,6.4237,6.4374,1041.79
1786118400000,6.4388,6.457,6.4303,6.457,3966.72
1786119300000,6.4528,6.4538,6.4225,6.4257,3076.82
1786120200000,6.423,6.4337,6.423,6.4315,1167.48
1786121100000,6.4286,6.4317,6.4004,6.403,1790.18
1786122000000,6.4008,6.4048,6.3761,6.3815,6210.07
1786122900000,6.3815,6.3836,6.3569,6.3777,10236.67
1786123800000,6.3773,6.3987,6.3668,6.3957,2936.71
1786124700000,6.3969,6.3984,6.3803,6.3901,2589.31
1786125600000,6.3916,6.4041,6.3893,6.4024,1173.52
1786126500000,6.4027,6.4044,6.3961,6.3977,550.34
1786127400000,6.3991,6.4055,6.3893,6.3927,1716.01
1786128300000,6.3932,6.4055,6.3908,6.4055,684.34
1786129200000,6.4049,6.4315,6.4049,6.4311,1984.31
1786130100000,6.4334,6.4522,6.433,6.4383,6669.12
1786131000000,6.4385,6.4461,6.4375,6.4429,2238.68
1786131900000,6.4435,6.4464,6.4358,6.4426,1077.46
1786132800000,6.4416,6.4458,6.4389,6.4438,1722.15
1786133700000,6.4439,6.4453,6.4345,6.4432,875.46
1786134600000,6.4417,6.4428,6.4342,6.4406,1155.94
1786135500000,6.4405,6.4475,6.4392,6.4425,276.89
1786136400000,6.447,6.4661,6.4467,6.4598,3758.24
1786137300000,6.4623,6.4629,6.4499,6.4587,2644.79
1786138200000,6.4609,6.4703,6.4584,6.4615,1659
1786139100000,6.4624,6.4624,6.4423,6.4423,1168.54
1786140000000,6.4423,6.4423,6.4347,6.4385,1668.64
1786140900000,6.4396,6.4398,6.4303,6.4304,348.1
1786141800000,6.4302,6.4302,6.4176,6.4181,661.04
1786142700000,6.419,6.4233,6.4175,6.4184,5836.04
1786143600000,6.4184,6.437,6.4179,6.437,541.39
1786144500000,6.4376,6.4397,6.4202,6.4204,993.12
1786145400000,6.4204,6.424,6.42,6.4226,408.98
1786146300000,6.4235,6.4307,6.4226,6.4287,4116.83
1786147200000,6.428,6.428,6.4152,6.4217,25671
1786148100000,6.4216,6.428,6.4154,6.428,2563.15
1786149000000,6.4291,6.4322,6.4243,6.4298,2896.04
1786149900000,6.4297,6.4342,6.4259,6.4329,1126.57
1786150800000,6.4333,6.4512,6.4315,6.4512,1461.48
1786151700000,6.4519,6.4635,6.4495,6.4628,1721.76
1786152600000,6.4635,6.5882,6.4634,6.569,59030.82
1786153500000,6.5664,6.5698,6.5456,6.5465,6442.38
1786154400000,6.5544,6.5633,6.5192,6.5297,3058.74
1786155300000,6.5281,6.539,6.5225,6.5322,4169.48
1786156200000,6.5344,6.5441,6.531,6.5427,4232.92
1786157100000,6.5429,6.5511,6.5294,6.5308,2060.54
1786158000000,6.534,6.5383,6.5223,6.5223,580.5
1786158900000,6.5237,6.5247,6.5135,6.5174,1456.31
1786159800000,6.5191,6.534,6.514,6.514,1175.56
1786160700000,6.5166,6.5254,6.5151,6.5218,513.53
1786161600000,6.5236,6.5422,6.5234,6.5254,5372.34
1786162500000,6.5254,6.5254,6.5157,6.5196,478.72
1786163400000,6.5202,6.5247,6.5152,6.5178,3589.2
1786164300000,6.5214,6.5225,6.5132,6.5191,625.31
1786165200000,6.5185,6.5321,6.5185,6.5311,5670.96
1786166100000,6.5316,6.5405,6.5316,6.5376,1221.09
1786167000000,6.5405,6.5482,6.5363,6.5466,3463.24
1786167900000,6.546,6.546,6.5262,6.5262,3134.77
1786168800000,6.5256,6.5325,6.5193,6.5193,1071.26
1786169700000,6.5196,6.52,6.5094,6.5138,849.91
1786170600000,6.5163,6.5201,6.5116,6.5179,320.12
1786171500000,6.524,6.5249,6.5129,6.5129,1228.11
1786172400000,6.5142,6.5154,6.5039,6.5039,1731.48
1786173300000,6.5038,6.5154,6.5025,6.5144,514.95
1786174200000,6.5145,6.5196,6.5112,6.5196,222.02
1786175100000,6.5201,6.5226,6.5156,6.5186,401.7
1786176000000,6.5141,6.521,6.511,6.521,1284.19
1786176900000,6.5226,6.5383,6.5157,6.5371,1142.25
1786177800000,6.5349,6.5384,6.5332,6.5342,2888.73
1786178700000,6.5341,6.5342,6.5282,6.5296,6310.58
1786179600000,6.5352,6.542,6.534,6.5415,1325.36
1786180500000,6.542,6.5459,6.5414,6.5448,1609.21
1786181400000,6.5461,6.5623,6.5365,6.5365,1329.3
1786182300000,6.5367,6.5448,6.536,6.5427,1124.88
1786183200000,6.5361,6.5509,6.5103,6.5124,1108.22
1786184100000,6.5123,6.5243,6.512,6.5209,5727.64
1786185000000,6.5197,6.5213,6.5142,6.5147,12318.62
1786185900000,6.515,6.5247,6.5143,6.5232,9277.61
1786186800000,6.5239,6.5561,6.5171,6.5437,513.54
1786187700000,6.5505,6.5566,6.5463,6.5519,500.57
1786188600000,6.5489,6.5722,6.5465,6.5562,2447.22
1786189500000,6.5522,6.5559,6.546,6.5469,494.27
1786190400000,6.5495,6.5597,6.5361,6.5378,1136.24
1786191300000,6.5385,6.5385,6.5333,6.5356,1376.33
1786192200000,6.5358,6.54,6.5295,6.5377,1209.96
1786193100000,6.5387,6.5452,6.5325,6.5325,711.14
1786194000000,6.5327,6.5339,6.5143,6.5144,802.29
1786194900000,6.5169,6.5299,6.5152,6.5299,2172.62
1786195800000,6.5282,6.5283,6.5184,6.5245,384.04
1786196700000,6.5246,6.529,6.5143,6.5143,188.96
1786197600000,6.5138,6.5321,6.5126,6.5321,525.96
1786198500000,6.5331,6.5448,6.526,6.5448,789.25
1786199400000,6.5446,6.5587,6.5384,6.539,414.41
1786200300000,6.5382,6.5599,6.5382,6.5474,907.16
1786201200000,6.5538,6.5572,6.5461,6.5561,1232.89
1786202100000,6.5599,6.56,6.5381,6.5406,1657.54
1786203000000,6.538,6.5396,6.532,6.5384,248.62
1786203900000,6.5397,6.5469,6.5361,6.5407,825.75
1786204800000,6.5401,6.5546,6.5385,6.5525,1015.04
1786205700000,6.553,6.5542,6.5486,6.5542,402.24
1786206600000,6.5502,6.5516,6.5407,6.5427,2802.85
1786207500000,6.5428,6.5473,6.5413,6.5473,650.39
1786208400000,6.543,6.5445,6.5341,6.5433,1420.08
1786209300000,6.545,6.5493,6.5415,6.5493,460.39
1786210200000,6.5492,6.5536,6.548,6.5523,263.74
1786211100000,6.5519,6.5531,6.5405,6.5411,1601.97
1786212000000,6.5388,6.5388,6.5261,6.5292,1327.63
1786212900000,6.5292,6.5294,6.5212,6.5235,1777.13
1786213800000,6.524,6.5355,6.524,6.535,265.27
1786214700000,6.5354,6.5363,6.5288,6.5309,784.9
1786215600000,6.5292,6.5292,6.5266,6.5266,264.66
1786216500000,6.5266,6.5266,6.5169,6.5173,1350.09
1786217400000,6.5172,6.5269,6.5172,6.5269,313.99
1786218300000,6.5237,6.5327,6.5227,6.5232,741.97
1786219200000,6.5225,6.5225,6.5084,6.5119,979.53
1786220100000,6.5134,6.5239,6.5134,6.5229,330.28
1786221000000,6.5238,6.5288,6.5141,6.5184,1438.02
1786221900000,6.5162,6.5192,6.5145,6.5163,489.05
1786222800000,6.5163,6.5183,6.5115,6.5119,5761.94
1786223700000,6.5157,6.519,6.5138,6.516,651.83
1786224600000,6.5152,6.5214,6.5106,6.5195,210.66
1786225500000,6.5231,6.5231,6.5103,6.5133,175.16
1786226400000,6.5105,6.5105,6.473,6.473,8790.18
1786227300000,6.4765,6.4866,6.4737,6.4866,1272.02
1786228200000,6.4831,6.4836,6.4697,6.4719,2352.64
1786229100000,6.4714,6.4736,6.4583,6.4681,2473.32
1786230000000,6.4623,6.4671,6.459,6.4666,379.1
1786230900000,6.4659,6.4659,6.4603,6.4643,576.21
1786231800000,6.4636,6.4772,6.4626,6.477,2394.47
1786232700000,6.4765,6.4817,6.4764,6.4793,537.96
1786233600000,6.476,6.476,6.4663,6.4676,3653.46
1786234500000,6.4685,6.4694,6.4637,6.4651,3115.86
1786235400000,6.4648,6.4714,6.4629,6.4664,1790.18
1786236300000,6.4664,6.4807,6.4536,6.4807,6589.49
1786237200000,6.4798,6.4876,6.4772,6.4875,12018.85
1786238100000,6.4889,6.4889,6.4747,6.4747,227.92
1786239000000,6.4711,6.4807,6.4707,6.4766,539.97
1786239900000,6.4766,6.4808,6.4706,6.4772,528.54
1786240800000,6.4758,6.4844,6.4718,6.4844,551.3
1786241700000,6.4844,6.4877,6.4814,6.4877,118.34
1786242600000,6.4873,6.4873,6.4766,6.4766,568.48
1786243500000,6.4753,6.4757,6.4687,6.4708,159.96
1786244400000,6.4705,6.4728,6.4387,6.4431,1677.43
1786245300000,6.4428,6.4645,6.4386,6.4645,10619.99
1786246200000,6.4643,6.4695,6.4599,6.4628,161.19
1786247100000,6.462,6.462,6.4565,6.4596,362.06
1786248000000,6.4566,6.4759,6.4524,6.4759,725.2
1786248900000,6.4765,6.4811,6.4738,6.481,151.92
1786249800000,6.481,6.481,6.4705,6.4705,5051.82
1786250700000,6.4726,6.4729,6.4667,6.469,138.16
1786251600000,6.4693,6.4699,6.454,6.4564,470.44
1786252500000,6.4543,6.4546,6.4455,6.4455,5293.86
1786253400000,6.443,6.4455,6.4314,6.4384,1493.42
1786254300000,6.4384,6.4486,6.4384,6.4486,657.92
1786255200000,6.4525,6.4654,6.4476,6.4637,993.71
1786256100000,6.4622,6.4787,6.4622,6.4787,1223.91
1786257000000,6.4841,6.4879,6.482,6.4864,247.24
1786257900000,6.4889,6.4931,6.4877,6.4892,208.44
1786258800000,6.4879,6.4903,6.4675,6.4723,293.36
1786259700000,6.4741,6.4779,6.4732,6.4765,149.06
1786260600000,6.476,6.4792,6.4724,6.4724,580.14
1786261500000,6.4714,6.4818,6.4708,6.4818,685.59
1786262400000,6.479,6.4979,6.4789,6.484,2390.03
1786263300000,6.4847,6.4854,6.4754,6.4764,1276.33
1786264200000,6.4764,6.4765,6.4588,6.4609,1698.37
1786265100000,6.4638,6.4722,6.4617,6.4722,631.24
1786266000000,6.473,6.473,6.4656,6.4704,951.82
1786266900000,6.4665,6.4689,6.4601,6.4626,424.32
1786267800000,6.4603,6.4791,6.4598,6.4756,1605.99
1786268700000,6.476,6.4871,6.4745,6.4794,858.8
1786269600000,6.4777,6.486,6.4756,6.4847,1073.3
1786270500000,6.4869,6.4898,6.4819,6.4819,5565.87
1786271400000,6.4844,6.4858,6.4759,6.4759,387.79
1786272300000,6.4766,6.4788,6.4755,6.4765,261.5
1786273200000,6.4767,6.4776,6.4723,6.4762,497.54
1786274100000,6.475,6.4751,6.4687,6.4703,696.29
1786275000000,6.4708,6.4781,6.4667,6.477,278.22
1786275900000,6.4782,6.4801,6.4734,6.4744,906.56
1786276800000,6.4726,6.4735,6.4561,6.4664,323.58
1786277700000,6.4653,6.4694,6.4626,6.4693,492.24
1786278600000,6.4678,6.4678,6.4606,6.4626,905.22
1786279500000,6.4625,6.4651,6.4611,6.4623,61.95
1786280400000,6.4623,6.4744,6.4576,6.4695,1105.81
1786281300000,6.469,6.4805,6.4662,6.4768,896.87
1786282200000,6.4839,6.4839,6.4748,6.4786,327.35
1786283100000,6.4779,6.4801,6.4751,6.4782,1020.52
1786284000000,6.4782,6.4926,6.4762,6.4918,1583.44
1786284900000,6.4915,6.4915,6.4795,6.4805,1241.99
1786285800000,6.4821,6.4878,6.4819,6.484,310.03
1786286700000,6.4835,6.5045,6.4835,6.5045,648.33
1786287600000,6.5034,6.5191,6.5025,6.5111,1043.92
1786288500000,6.5098,6.5111,6.504,6.5099,679.57
1786289400000,6.5097,6.5326,6.5097,6.5277,1657.9
1786290300000,6.527,6.5525,6.5211,6.5479,4067.92
1786291200000,6.548,6.5663,6.5466,6.5636,2713.36
1786292100000,6.5633,6.5857,6.5348,6.5358,5290.41
1786293000000,6.5393,6.5521,6.5393,6.5521,915.1
1786293900000,6.5546,6.5557,6.5373,6.5373,622.83
1786294800000,6.5403,6.5475,6.5383,6.5468,808.37
1786295700000,6.5444,6.5569,6.5444,6.5514,1250.06
1786296600000,6.5516,6.5619,6.5499,6.5526,761.94
1786297500000,6.5542,6.5542,6.5434,6.5475,493.51
1786298400000,6.5491,6.5561,6.5348,6.5369,2585.22
1786299300000,6.5372,6.5502,6.5278,6.5499,403.38
1786300200000,6.5492,6.5534,6.5386,6.541,341.92
1786301100000,6.5407,6.5437,6.5347,6.537,682.63
1786302000000,6.5371,6.5649,6.5367,6.5487,951.08
1786302900000,6.5508,6.5551,6.5353,6.5412,267.44
1786303800000,6.546,6.5645,6.546,6.564,871.2
1786304700000,6.5642,6.5683,6.5612,6.5628,1377.27
1786305600000,6.5643,6.5694,6.5548,6.5552,2075.04
1786306500000,6.5548,6.5608,6.5456,6.5496,1377.06
1786307400000,6.549,6.5577,6.5483,6.5577,2302.41
1786308300000,6.5563,6.5659,6.5563,6.5637,1928.84
1786309200000,6.5653,6.5653,6.5453,6.5591,643.98
1786310100000,6.5579,6.576,6.5579,6.576,1988.02
1786311000000,6.5779,6.5827,6.576,6.5779,508.86
1786311900000,6.5772,6.5772,6.5608,6.5627,554.02
1786312800000,6.563,6.5845,6.5555,6.5799,1002.09
1786313700000,6.5818,6.585,6.5539,6.5539,3217.26
1786314600000,6.5546,6.556,6.5154,6.5252,3606.28
1786315500000,6.521,6.521,6.4787,6.4939,2545.26
1786316400000,6.4913,6.4953,6.4803,6.4945,1160.43
1786317300000,6.4833,6.4846,6.4464,6.4521,1666.51
1786318200000,6.4509,6.4509,6.3915,6.4171,8353.07
1786319100000,6.4153,6.4268,6.4106,6.4216,755.62
1786320000000,6.4149,6.4615,6.3731,6.4481,15869.73
1786320900000,6.4481,6.4534,6.4318,6.444,4933.28
1786321800000,6.4426,6.4515,6.431,6.4337,1866.15
1786322700000,6.4336,6.4708,6.4336,6.458,2630
1786323600000,6.4588,6.4731,6.4513,6.4694,852.2
1786324500000,6.4739,6.4863,6.4685,6.4692,610.29
1786325400000,6.4634,6.4682,6.4506,6.4633,1624.48
1786326300000,6.4616,6.5338,6.4616,6.5193,9236.36
1786327200000,6.5242,6.5251,6.5043,6.5123,2022.76
1786328100000,6.509,6.509,6.463,6.4727,618.93
1786329000000,6.47,6.5148,6.4699,6.5148,1463.38
1786329900000,6.5137,6.5138,6.5019,6.5068,1110.42
1786330800000,6.5064,6.5064,6.4684,6.4728,1489.95
1786331700000,6.4642,6.5155,6.4589,6.4988,889.6
1786332600000,6.4917,6.5045,6.4874,6.4917,293.3
1786333500000,6.4947,6.4983,6.4794,6.4799,280.83
1786334400000,6.481,6.5083,6.481,6.5083,891.68
1786335300000,6.5104,6.5209,6.4904,6.4906,431.49
1786336200000,6.4925,6.5028,6.4816,6.4968,379.95
1786337100000,6.4994,6.5139,6.491,6.4919,410.36
1786338000000,6.4998,6.5158,6.4998,6.505,548.38
1786338900000,6.5111,6.5177,6.4945,6.5166,5942.01
1786339800000,6.5158,6.5304,6.5134,6.5304,508.86
1786340700000,6.5305,6.5669,6.5305,6.5464,2665.52
1786341600000,6.5456,6.5707,6.5301,6.5307,4657.68
1786342500000,6.5294,6.5401,6.5171,6.5171,1937.83
1786343400000,6.5179,6.5272,6.5159,6.524,787.93
1786344300000,6.5243,6.5351,6.5212,6.5351,3234.59
1786345200000,6.5338,6.5338,6.521,6.5249,398.83
1786346100000,6.5218,6.5395,6.5211,6.5354,393.28
1786347000000,6.5336,6.5414,6.5305,6.5401,1043.42
1786347900000,6.5335,6.5382,6.5301,6.5332,565.19
1786348800000,6.5282,6.548,6.5282,6.5313,1908.33
1786349700000,6.5331,6.5363,6.5249,6.5273,140.07
1786350600000,6.5244,6.5244,6.5049,6.5084,650.68
1786351500000,6.5085,6.5193,6.5057,6.5129,878.86
1786352400000,6.5121,6.5121,6.4997,6.5104,1084.16
1786353300000,6.51,6.5218,6.5097,6.5097,3102.69
1786354200000,6.5059,6.509,6.4945,6.5034,583.98
1786355100000,6.5029,6.5123,6.4987,6.5071,414.02
1786356000000,6.504,6.5115,6.4975,6.4975,247.95
1786356900000,6.497,6.5104,6.4957,6.5104,916.57
1786357800000,6.512,6.5151,6.5076,6.5151,307.19
1786358700000,6.5146,6.5309,6.5134,6.5218,323.86
1786359600000,6.5236,6.5262,6.5148,6.5262,1896.05
1786360500000,6.5295,6.5348,6.5259,6.5335,810.85
1786361400000,6.5339,6.5419,6.525,6.5291,287.95
1786362300000,6.5306,6.5463,6.5306,6.5462,1084.84
1786363200000,6.5463,6.5792,6.5463,6.5477,5502.54
1786364100000,6.5454,6.5461,6.5277,6.5277,1572.76
1786365000000,6.5247,6.54,6.5219,6.54,895.15
1786365900000,6.5443,6.5443,6.524,6.5307,1842.41
1786366800000,6.5256,6.5472,6.5256,6.5433,1624.53
1786367700000,6.5439,6.5439,6.5317,6.5372,1071.73
1786368600000,6.537,6.5438,6.5162,6.5256,1735.04
1786369500000,6.5254,6.5331,6.5117,6.5272,4165.74
1786370400000,6.5293,6.5529,6.5273,6.5508,1385.47
1786371300000,6.5588,6.5618,6.5391,6.5456,4960.68
1786372200000,6.5428,6.5543,6.5396,6.5448,1509.99
1786373100000,6.5469,6.5469,6.5134,6.5175,255.2
1786374000000,6.518,6.5309,6.4746,6.4852,4236.31
1786374900000,6.4788,6.4982,6.4666,6.4906,2701.19
1786375800000,6.4933,6.5003,6.4753,6.49,2453.63
1786376700000,6.4854,6.4996,6.4822,6.4846,2540.49
1786377600000,6.4821,6.4821,6.4478,6.4565,10198.94
1786378500000,6.4578,6.4702,6.447,6.447,853.51
1786379400000,6.4461,6.4672,6.4444,6.4477,1396.44
1786380300000,6.4464,6.4464,6.4178,6.4245,16083.42
1786381200000,6.4313,6.4685,6.4214,6.466,2639.71
1786382100000,6.4684,6.4822,6.4614,6.4821,1646.14
1786383000000,6.4807,6.4967,6.4803,6.493,2012.91
1786383900000,6.4857,6.4893,6.4669,6.483,875.65
1786384800000,6.4829,6.4872,6.4771,6.4786,1767.59
1786385700000,6.4741,6.4876,6.4741,6.4826,1530.52
1786386600000,6.4851,6.4888,6.4734,6.4883,6308.93
1786387500000,6.4805,6.492,6.4754,6.4907,1105.52
1786388400000,6.4902,6.4912,6.4566,6.4694,3593.89
1786389300000,6.4704,6.473,6.4668,6.4715,601.33
1786390200000,6.472,6.4853,6.472,6.4821,895.51
1786391100000,6.4774,6.4774,6.4652,6.4682,881.24
1786392000000,6.4702,6.471,6.4547,6.4594,1908.57
1786392900000,6.4595,6.4699,6.4577,6.4655,1112
1786393800000,6.4645,6.4663,6.4601,6.4616,219.88
1786394700000,6.4599,6.4623,6.4534,6.4548,304.92
1786395600000,6.451,6.451,6.4154,6.4218,3987.61
1786396500000,6.4234,6.4439,6.4199,6.4439,300.66
1786397400000,6.4429,6.4515,6.4357,6.4372,162.57
1786398300000,6.4365,6.4365,6.422,6.422,168.49
1786399200000,6.4229,6.4349,6.4072,6.4295,1767.79
1786400100000,6.4289,6.4364,6.4213,6.4213,599.95
1786401000000,6.4229,6.424,6.4086,6.4151,401.78
1786401900000,6.4188,6.4226,6.4139,6.4206,133.27
1786402800000,6.4195,6.4332,6.4157,6.4332,602.99
1786403700000,6.4328,6.4374,6.422,6.4295,598.44
1786404600000,6.4282,6.436,6.4257,6.435,232.06
1786405500000,6.4356,6.4373,6.4313,6.4333,183.75
1786406400000,6.4321,6.4698,6.4293,6.4698,4242.3
1786407300000,6.4729,6.474,6.4607,6.474,8902.9
1786408200000,6.4794,6.4795,6.4672,6.4795,1362.16
1786409100000,6.479,6.4791,6.4718,6.4763,261.82
1786410000000,6.4742,6.5143,6.4698,6.5053,2089.47
1786410900000,6.5083,6.523,6.5041,6.5115,6208.01
1786411800000,6.5228,6.5228,6.4961,6.5052,6181.98
1786412700000,6.5057,6.5324,6.5035,6.5238,1756.26
1786413600000,6.5251,6.5473,6.5212,6.5328,7304.12
1786414500000,6.535,6.5482,6.5321,6.5375,24525.22
1786415400000,6.5384,6.5384,6.525,6.5323,380.25
1786416300000,6.5355,6.5467,6.5342,6.5407,7037.28
1786417200000,6.541,6.5553,6.5381,6.5539,1727.44
1786418100000,6.5455,6.551,6.5388,6.5411,292.38
1786419000000,6.5379,6.546,6.5319,6.5378,118.22
1786419900000,6.5377,6.5385,6.532,6.5385,99.76
1786420800000,6.5406,6.5467,6.5355,6.5393,714.53
1786421700000,6.5366,6.5366,6.5147,6.5149,428.59
1786422600000,6.5117,6.5195,6.5117,6.5177,333.24
1786423500000,6.5189,6.532,6.5179,6.5316,246.57
1786424400000,6.5281,6.5281,6.4917,6.5062,3599.74
1786425300000,6.5084,6.5131,6.4868,6.5053,10726.47
1786426200000,6.5058,6.5237,6.5058,6.5098,564.41
1786427100000,6.5119,6.5124,6.4929,6.4929,686.2
1786428000000,6.4943,6.5167,6.4865,6.5167,2238.33
1786428900000,6.5126,6.5144,6.5048,6.5084,387.85
1786429800000,6.5046,6.5091,6.5029,6.5057,258.25
1786430700000,6.5036,6.5036,6.4714,6.4845,4467.64
1786431600000,6.4823,6.4872,6.4767,6.4845,1034.35
1786432500000,6.4805,6.4814,6.4689,6.4705,874.97
1786433400000,6.47,6.4871,6.47,6.4753,1025.61
1786434300000,6.4774,6.4831,6.471,6.4811,2656.12
1786435200000,6.4812,6.4917,6.4771,6.4805,8803.81
1786436100000,6.4792,6.4822,6.4746,6.4791,692.77
1786437000000,6.4782,6.4824,6.4674,6.4824,1013.88
1786437900000,6.4839,6.488,6.4754,6.4831,5593.4
1786438800000,6.4842,6.4851,6.4679,6.4714,490.73
1786439700000,6.4738,6.5217,6.4738,6.5119,2334.03
1786440600000,6.5084,6.5125,6.4971,6.5043,5831.86
1786441500000,6.5029,6.5182,6.5026,6.5064,681.92
1786442400000,6.507,6.5106,6.4693,6.4693,1765.95
1786443300000,6.4636,6.4883,6.458,6.4883,2407.95
1786444200000,6.4886,6.4906,6.4732,6.4735,328
1786445100000,6.4749,6.4983,6.4749,6.4966,8312.26
1786446000000,6.4948,6.5198,6.4948,6.5004,874.62
1786446900000,6.4999,6.503,6.4979,6.4989,251.66
1786447800000,6.4968,6.5085,6.4934,6.5056,284.55
1786448700000,6.5032,6.5151,6.5032,6.5058,353.2
1786449600000,6.5066,6.5119,6.4983,6.5027,771.21
1786450500000,6.5039,6.5092,6.4765,6.4765,507.69
1786451400000,6.4784,6.4834,6.4741,6.4814,1178.81
1786452300000,6.4818,6.4818,6.4692,6.4781,1259.57
1786453200000,6.4774,6.4774,6.4646,6.4685,598.72
1786454100000,6.4675,6.4676,6.4471,6.4518,7750.72
1786455000000,6.4533,6.4542,6.442,6.4451,1152.61
1786455900000,6.4437,6.4488,6.419,6.4252,4894.74
1786456800000,6.4201,6.4265,6.4145,6.4173,837.43
1786457700000,6.4193,6.4225,6.3792,6.3935,22848.52
1786458600000,6.3863,6.3978,6.3845,6.3914,7754.47
1786459500000,6.3929,6.3947,6.2252,6.2467,80171.47
1786460400000,6.2457,6.2472,6.1123,6.1987,123568.83
1786461300000,6.1944,6.2413,6.1921,6.2413,5433.7
1786462200000,6.2368,6.2417,6.1945,6.2202,3425
1786463100000,6.2195,6.2239,6.1992,6.2118,5129.9
1786464000000,6.2119,6.2442,6.189,6.2173,9065.86
1786464900000,6.2191,6.2467,6.2152,6.2257,5579.71
1786465800000,6.2275,6.2377,6.2139,6.2147,1051.17
1786466700000,6.2128,6.2191,6.2078,6.213,1037.34
1786467600000,6.2218,6.2311,6.2113,6.2162,1872.99
1786468500000,6.2147,6.2311,6.2147,6.2258,5536.01
1786469400000,6.2251,6.2272,6.2097,6.2107,1944.89
1786470300000,6.2102,6.2132,6.2029,6.2087,1341.14
1786471200000,6.2057,6.2215,6.2036,6.2082,1020.48
1786472100000,6.2089,6.2238,6.2089,6.2156,748.36
1786473000000,6.2158,6.2324,6.2091,6.2224,1225.4
1786473900000,6.223,6.2386,6.223,6.2334,253
1786474800000,6.2305,6.2312,6.2151,6.2239,718.8
1786475700000,6.2281,6.2452,6.2281,6.2429,3725.81
1786476600000,6.2436,6.2622,6.2414,6.2621,6342.02
1786477500000,6.2659,6.2739,6.2592,6.2739,3090.93
1786478400000,6.2741,6.3278,6.2713,6.3105,6252.97
1786479300000,6.313,6.3148,6.3008,6.3124,1687.92
1786480200000,6.3138,6.3192,6.3009,6.3009,845.54
1786481100000,6.3046,6.3067,6.2959,6.3043,1017.43
1786482000000,6.3035,6.3154,6.3035,6.3127,1686.1
1786482900000,6.312,6.312,6.2918,6.2925,1765.59
1786483800000,6.2967,6.3012,6.2913,6.295,305.41
1786484700000,6.2951,6.3129,6.2951,6.3129,362.1
1786485600000,6.312,6.3297,6.312,6.3203,1820.06
1786486500000,6.3215,6.326,6.313,6.3202,1161.29
1786487400000,6.3201,6.3213,6.306,6.3065,4331.52
1786488300000,6.3088,6.3185,6.3035,6.3161,1845.5
1786489200000,6.3121,6.3159,6.305,6.3102,1002.93
1786490100000,6.3034,6.3129,6.3014,6.3086,818.23
1786491000000,6.307,6.3207,6.3055,6.3193,159.15
1786491900000,6.3182,6.323,6.3182,6.3195,464.57
1786492800000,6.3164,6.3196,6.3057,6.3074,5023.71
1786493700000,6.3057,6.3168,6.2975,6.3027,3136.01
1786494600000,6.302,6.3042,6.2763,6.2763,7624.29
1786495500000,6.278,6.2968,6.2772,6.2879,5494.8
1786496400000,6.2879,6.3089,6.2861,6.3089,1347.53
1786497300000,6.3086,6.3086,6.28,6.2922,3118.82
1786498200000,6.2912,6.2935,6.285,6.2929,785.23
1786499100000,6.291,6.3031,6.2863,6.2887,406.47
1786500000000,6.2886,6.2914,6.2799,6.2832,1808.08
1786500900000,6.29,6.2973,6.2831,6.289,4452.95
1786501800000,6.2939,6.2943,6.2836,6.2888,438.25
1786502700000,6.2902,6.2951,6.2846,6.2869,749.38
1786503600000,6.2911,6.3059,6.2911,6.2945,10989.39
1786504500000,6.292,6.2965,6.2864,6.29,1079.47
1786505400000,6.2888,6.2943,6.2844,6.2862,4807.51
1786506300000,6.2845,6.2882,6.2667,6.2844,11690.73
1786507200000,6.2821,6.2881,6.275,6.284,499.14
1786508100000,6.2849,6.3103,6.2849,6.2938,488.95
1786509000000,6.2861,6.2935,6.2846,6.2883,170.17
1786509900000,6.2898,6.2949,6.2865,6.2873,152.62
1786510800000,6.2904,6.2924,6.2841,6.2916,3058.5
1786511700000,6.2936,6.2971,6.2876,6.2883,1434.36
1786512600000,6.289,6.2924,6.2862,6.2864,615.79
1786513500000,6.2853,6.2934,6.2827,6.2913,816.96
1786514400000,6.2901,6.2901,6.2685,6.2698,17353.57
1786515300000,6.2687,6.2712,6.2458,6.2458,1645.72
1786516200000,6.2417,6.2545,6.2377,6.2486,6636.91
1786517100000,6.2476,6.2476,6.2326,6.2388,623.09
1786518000000,6.2392,6.2452,6.2278,6.2334,950.07
1786518900000,6.2372,6.2631,6.2225,6.2257,6076.94
1786519800000,6.2232,6.226,6.2085,6.2172,14618.12
1786520700000,6.2119,6.2311,6.2103,6.23,4327.56
1786521600000,6.231,6.235,6.2189,6.2256,9859.32
1786522500000,6.2258,6.2455,6.2246,6.2421,1549.29
1786523400000,6.2391,6.2456,6.2367,6.2367,2780.09
1786524300000,6.2353,6.2355,6.2186,6.2186,5454.13
1786525200000,6.2183,6.2261,6.2134,6.2261,2021.81
1786526100000,6.2261,6.2607,6.2261,6.2506,8829.14
1786527000000,6.2553,6.258,6.2403,6.2451,962.48
1786527900000,6.2457,6.2498,6.2422,6.2472,439.57
1786528800000,6.2486,6.2613,6.2486,6.26,1034.21
1786529700000,6.2617,6.2755,6.2562,6.257,8477.55
1786530600000,6.2559,6.2757,6.2559,6.2679,3224.51
1786531500000,6.2764,6.2911,6.2762,6.2794,1346.65
1786532400000,6.288,6.288,6.2699,6.2707,2450.4
1786533300000,6.2732,6.2932,6.2702,6.2932,596.23
1786534200000,6.2932,6.3054,6.2932,6.2988,438.48
1786535100000,6.3004,6.3045,6.2953,6.3032,220.85
1786536000000,6.3065,6.32,6.3065,6.3094,1526.38
1786536900000,6.3145,6.5403,6.3026,6.427,125577.42
1786537800000,6.4329,6.4514,6.3825,6.4165,18548.16
1786538700000,6.4149,6.4389,6.4032,6.4181,4163.8
1786539600000,6.408,6.4245,6.3969,6.4026,2762.18
1786540500000,6.4098,6.4227,6.4043,6.4127,14320.23
1786541400000,6.412,6.4125,6.3963,6.399,5834.22
1786542300000,6.3998,6.4087,6.3472,6.3558,36430.85
1786543200000,6.3489,6.3643,6.3319,6.3489,5480.34
1786544100000,6.3449,6.3449,6.2824,6.3156,9273.87
1786545000000,6.3045,6.3272,6.2901,6.3148,6096.85
1786545900000,6.3143,6.3299,6.2926,6.2926,2066.3
1786546800000,6.2922,6.3398,6.2874,6.3362,3286.82
1786547700000,6.3421,6.383,6.3421,6.3696,7341.62
1786548600000,6.3711,6.3977,6.3645,6.3776,5086.62
1786549500000,6.3775,6.3849,6.3716,6.3729,1600.04
1786550400000,6.3736,6.3755,6.3592,6.3651,2636.95
1786551300000,6.3675,6.3703,6.352,6.3624,10403.58
1786552200000,6.3603,6.3667,6.353,6.353,733.85
1786553100000,6.3484,6.3484,6.3266,6.342,2632.72
1786554000000,6.3471,6.3515,6.3324,6.3362,10550.85
1786554900000,6.3379,6.3495,6.3314,6.3495,1447.84
1786555800000,6.3486,6.3696,6.3389,6.3389,3310.22
1786556700000,6.3389,6.3632,6.3389,6.3594,433.03
1786557600000,6.3649,6.3963,6.3649,6.3683,1617.48
1786558500000,6.3699,6.3821,6.3624,6.3815,727.65
1786559400000,6.377,6.3884,6.3724,6.3884,1175.07
1786560300000,6.3853,6.3891,6.3701,6.3788,2096.7
1786561200000,6.3786,6.3834,6.3709,6.3719,1449.27
1786562100000,6.3709,6.3846,6.3674,6.3827,1057.86
1786563000000,6.3824,6.3842,6.3728,6.3728,2542.1
1786563900000,6.3763,6.3813,6.3279,6.3523,8864.55
1786564800000,6.3505,6.3906,6.3499,6.3906,3512.13
1786565700000,6.3921,6.4058,6.3861,6.3981,11132.26
1786566600000,6.3955,6.4194,6.3955,6.4139,1309.53
1786567500000,6.4125,6.4181,6.3841,6.387,2775.15
1786568400000,6.3852,6.3932,6.3691,6.3912,753.41
1786569300000,6.3881,6.3986,6.3351,6.3491,3589.68
1786570200000,6.3415,6.3587,6.3323,6.3587,5738.04
1786571100000,6.3618,6.3688,6.3148,6.3332,3135.64
1786572000000,6.3317,6.3493,6.319,6.3294,8734.54
1786572900000,6.3309,6.334,6.3237,6.3274,899.84
1786573800000,6.324,6.3266,6.3115,6.3117,651.98
1786574700000,6.3122,6.3135,6.2932,6.31,3302.19
1786575600000,6.3066,6.3123,6.2935,6.3047,2078.36
1786576500000,6.3095,6.3154,6.3015,6.3131,2122.96
1786577400000,6.3102,6.3154,6.2991,6.3154,1358.29
1786578300000,6.311,6.3214,6.3093,6.3154,851.78
1786579200000,6.3159,6.3681,6.3134,6.3681,4676.03
1786580100000,6.368,6.3765,6.3545,6.372,2313.13
1786581000000,6.3739,6.3791,6.3549,6.3549,2549.38
1786581900000,6.3494,6.376,6.3477,6.3712,454.67
1786582800000,6.3684,6.3855,6.3655,6.3855,890.6
1786583700000,6.3843,6.3843,6.3627,6.3686,249.3
1786584600000,6.3705,6.4022,6.3705,6.3952,2535.65
1786585500000,6.3928,6.4065,6.3891,6.3972,20474.26
1786586400000,6.4034,6.4083,6.4005,6.4047,1485.01
1786587300000,6.4044,6.4077,6.3813,6.3878,13231.73
1786588200000,6.3818,6.3855,6.3743,6.3855,1219.19
1786589100000,6.389,6.4192,6.387,6.4192,615.02
1786590000000,6.4173,6.4529,6.417,6.4501,3316.14
1786590900000,6.4457,6.4745,6.4448,6.4551,10475.66
1786591800000,6.455,6.4772,6.4529,6.4735,4726.79
1786592700000,6.4694,6.5226,6.4694,6.5087,43922.42
1786593600000,6.5108,6.545,6.4866,6.4917,9178.44
1786594500000,6.49,6.4978,6.4859,6.4882,1045.29
1786595400000,6.4892,6.5088,6.4892,6.4996,1354.06
1786596300000,6.4984,6.5088,6.4939,6.5031,2553.89
1786597200000,6.5042,6.5059,6.4837,6.5059,2236.75
1786598100000,6.5078,6.5142,6.4959,6.5142,452.46
1786599000000,6.5106,6.5253,6.5029,6.5248,13058.96
1786599900000,6.525,6.5408,6.5145,6.5158,2299.67
1786600800000,6.5176,6.5397,6.5172,6.5367,2415.53
1786601700000,6.5399,6.5421,6.5203,6.5248,1172.2
1786602600000,6.5265,6.5295,6.5173,6.5201,530.43
1786603500000,6.5212,6.5328,6.5182,6.5324,889.93
1786604400000,6.5349,6.5419,6.5307,6.5354,762.13
1786605300000,6.5356,6.5386,6.5197,6.5245,9878.87
1786606200000,6.5245,6.5309,6.5156,6.5169,8784.2
1786607100000,6.5103,6.5201,6.5069,6.5139,3549
1786608000000,6.5208,6.532,6.4922,6.4933,5540.59
1786608900000,6.4963,6.5222,6.4916,6.5098,508.09
1786609800000,6.5103,6.5135,6.5071,6.5131,4280.04
1786610700000,6.5134,6.5153,6.5041,6.5119,10476.97
1786611600000,6.5123,6.5125,6.4895,6.4895,464.9
1786612500000,6.4895,6.5009,6.4883,6.4904,1930.43
1786613400000,6.4881,6.4959,6.4749,6.4831,1704.68
1786614300000,6.4794,6.5028,6.4794,6.5013,513.36
1786615200000,6.4994,6.5016,6.4811,6.4859,685.67
1786616100000,6.4844,6.5012,6.4823,6.498,2134
1786617000000,6.498,6.5072,6.4959,6.5068,443.77
1786617900000,6.5058,6.5148,6.5058,6.5134,1675.79
1786618800000,6.513,6.5132,6.5015,6.5077,778.75
1786619700000,6.5076,6.5085,6.4907,6.4907,2841.44
1786620600000,6.4872,6.4961,6.4799,6.4852,937.57
1786621500000,6.4885,6.5019,6.4885,6.5019,985.99
1786622400000,6.5,6.5369,6.4966,6.5288,16100.62
1786623300000,6.529,6.5324,6.5043,6.5232,1494.31
1786624200000,6.5298,6.5355,6.5153,6.5277,1488.62
1786625100000,6.5299,6.5481,6.528,6.5481,2636.43
1786626000000,6.5476,6.5481,6.5356,6.5358,2992.94
1786626900000,6.5319,6.5326,6.4926,6.4926,7479
1786627800000,6.4957,6.5168,6.4829,6.5043,2666.84
1786628700000,6.505,6.5068,6.4892,6.4925,1311.12
1786629600000,6.4912,6.5219,6.4863,6.5003,17991.92
1786630500000,6.5026,6.503,6.4679,6.4758,2646.74
1786631400000,6.4695,6.5037,6.4695,6.5037,1789.3
1786632300000,6.4942,6.5,6.485,6.4882,543.94
1786633200000,6.4903,6.4942,6.4451,6.4548,2500.06
1786634100000,6.4474,6.4512,6.4131,6.4331,29305.95
1786635000000,6.4279,6.4355,6.4242,6.4321,5022.67
1786635900000,6.4322,6.4332,6.408,6.408,4337.43
1786636800000,6.4062,6.4143,6.3742,6.3782,4996.93
1786637700000,6.3807,6.3962,6.3795,6.3843,2321.17
1786638600000,6.3827,6.3978,6.3635,6.3786,29379.62
1786639500000,6.3772,6.3998,6.3731,6.3898,2109.22
1786640400000,6.3917,6.4129,6.3892,6.4014,11184.45
1786641300000,6.4014,6.4081,6.3937,6.4025,449.05
1786642200000,6.4025,6.415,6.4008,6.415,628.89
1786643100000,6.4173,6.4173,6.4116,6.4156,178.27
1786644000000,6.4151,6.4321,6.4134,6.4157,2296.74
1786644900000,6.4172,6.4319,6.4172,6.4188,597.44
1786645800000,6.419,6.4295,6.4093,6.4213,925.76
1786646700000,6.4223,6.4381,6.4221,6.4313,1052.76
1786647600000,6.4302,6.4347,6.4161,6.4161,1300.84
1786648500000,6.4179,6.4286,6.4145,6.4284,478.38
1786649400000,6.4294,6.4333,6.4222,6.4244,735.62
1786650300000,6.4293,6.4293,6.4188,6.422,213.62
1786651200000,6.4209,6.4247,6.4091,6.4091,2308.14
1786652100000,6.4124,6.417,6.4087,6.4127,994.49
1786653000000,6.4115,6.4138,6.4077,6.4117,517.09
1786653900000,6.4117,6.4121,6.4073,6.4121,1115.75
1786654800000,6.4126,6.4139,6.4066,6.4074,557.24
1786655700000,6.4082,6.4129,6.4054,6.4088,196.48
1786656600000,6.4116,6.4195,6.4086,6.4195,94.21
1786657500000,6.4176,6.4241,6.4153,6.418,79.71
1786658400000,6.4181,6.4415,6.418,6.4396,5451.39
1786659300000,6.4409,6.4435,6.4372,6.441,6101.54
1786660200000,6.4427,6.4427,6.4373,6.4374,451.49
1786661100000,6.4382,6.4416,6.4372,6.4408,207.71
1786662000000,6.441,6.4422,6.4372,6.4372,441.61
1786662900000,6.4377,6.4454,6.4372,6.4454,2532.55
1786663800000,6.4454,6.4521,6.4437,6.4521,756.07
1786664700000,6.4521,6.4538,6.4442,6.4533,2701.39
1786665600000,6.4542,6.4721,6.4532,6.4612,8136.96
1786666500000,6.4611,6.4648,6.4513,6.4521,4686.35
1786667400000,6.4518,6.4662,6.4483,6.4662,3611.17
1786668300000,6.4668,6.4772,6.4522,6.4641,338.54
1786669200000,6.4628,6.4832,6.4616,6.4821,1281.06
1786670100000,6.4832,6.4844,6.4608,6.4608,849.78
1786671000000,6.4574,6.4647,6.4536,6.4604,511.65
1786671900000,6.4592,6.4651,6.454,6.4651,193.92
1786672800000,6.4663,6.471,6.4607,6.4609,415.58
1786673700000,6.4581,6.4581,6.4441,6.4452,1361.72
1786674600000,6.4446,6.4464,6.4372,6.4373,2088.5
1786675500000,6.4382,6.452,6.4372,6.452,3335.82
1786676400000,6.4444,6.4456,6.4188,6.4317,5604.22
1786677300000,6.4317,6.4412,6.4317,6.4343,730.46
1786678200000,6.4334,6.4345,6.4269,6.4295,840.42
1786679100000,6.4293,6.4293,6.4097,6.4143,1690.27
1786680000000,6.4143,6.4206,6.4044,6.4159,1861.79
1786680900000,6.416,6.4278,6.416,6.4251,819.46
1786681800000,6.4253,6.4341,6.4229,6.4282,260.64
1786682700000,6.424,6.4322,6.424,6.4303,71.42
1786683600000,6.4302,6.4336,6.4229,6.4229,144.61
1786684500000,6.4236,6.4266,6.4116,6.4202,122.66
1786685400000,6.4216,6.4283,6.4188,6.4207,295.58
1786686300000,6.4171,6.4257,6.4164,6.4253,167.82
1786687200000,6.4232,6.4232,6.4139,6.4139,567.32
1786688100000,6.4147,6.4149,6.3965,6.4,1075.48
1786689000000,6.3987,6.4071,6.3859,6.3895,1262.47
1786689900000,6.3895,6.3926,6.3786,6.3834,392.06
1786690800000,6.3766,6.3992,6.3639,6.3954,26533.4
1786691700000,6.3953,6.4037,6.3932,6.3982,184.06
1786692600000,6.4007,6.4007,6.3713,6.3737,4213.32
1786693500000,6.3742,6.385,6.3697,6.3735,12997.91
1786694400000,6.3756,6.3835,6.3756,6.3815,2200.84
1786695300000,6.3831,6.3918,6.38,6.3878,784.98
1786696200000,6.3888,6.4029,6.3859,6.3997,1597.83
1786697100000,6.3988,6.4005,6.3806,6.3853,6510.78
1786698000000,6.3896,6.3903,6.3824,6.3903,304.29
1786698900000,6.3917,6.3918,6.3785,6.3785,77.77
1786699800000,6.3767,6.3767,6.3544,6.3605,557.66
1786700700000,6.3628,6.3649,6.3551,6.3557,23861.87
1786701600000,6.3556,6.3663,6.3472,6.3641,1702.57
1786702500000,6.3617,6.3699,6.3599,6.3695,397.02
1786703400000,6.3714,6.3776,6.3652,6.3652,658.06
1786704300000,6.3641,6.3679,6.3611,6.3611,285.06
1786705200000,6.3611,6.3695,6.3591,6.3591,254.24
1786706100000,6.3582,6.3685,6.357,6.361,282.16
1786707000000,6.3606,6.3629,6.3532,6.3576,3433.3
1786707900000,6.359,6.3621,6.3544,6.357,1857.81
1786708800000,6.3604,6.3604,6.3451,6.3483,1089.01
1786709700000,6.3487,6.3592,6.3451,6.3592,1495.26
1786710600000,6.3596,6.3665,6.3587,6.3609,165.39
1786711500000,6.361,6.3802,6.357,6.3799,3943.34
1786712400000,6.3798,6.3798,6.3697,6.376,684
1786713300000,6.3749,6.3772,6.365,6.3682,4877.14
1786714200000,6.3672,6.3969,6.3586,6.3969,2618.56
1786715100000,6.3969,6.399,6.3868,6.3889,1374.36
1786716000000,6.3913,6.3996,6.3865,6.3875,712.76
1786716900000,6.3874,6.3941,6.3801,6.3921,368.64
1786717800000,6.3904,6.3969,6.3714,6.3939,946.46
1786718700000,6.3936,6.3967,6.3778,6.3835,1582.35
1786719600000,6.3815,6.3859,6.3691,6.3846,664.42
1786720500000,6.3829,6.3987,6.3798,6.3987,543.56
1786721400000,6.4,6.4379,6.393,6.4368,3576.86
1786722300000,6.4352,6.4468,6.4236,6.4367,7607
1786723200000,6.4375,6.4427,6.4207,6.4323,2831.27
1786724100000,6.4319,6.4458,6.4267,6.4361,4043.5
1786725000000,6.4362,6.4556,6.4362,6.4442,1967.12
1786725900000,6.4456,6.447,6.438,6.4392,3306.1
1786726800000,6.4404,6.469,6.4396,6.468,3024.83
1786727700000,6.4686,6.4896,6.4681,6.4681,5127.67
1786728600000,6.4685,6.4724,6.4563,6.4642,1936.16
1786729500000,6.4672,6.468,6.4392,6.44,634.46
1786730400000,6.44,6.4441,6.4246,6.4253,11642.45
1786731300000,6.4238,6.4414,6.4238,6.4299,1552.43
1786732200000,6.4268,6.4334,6.4192,6.4326,1263
1786733100000,6.434,6.4342,6.4009,6.4239,2665.57
1786734000000,6.4239,6.4251,6.4144,6.4144,1956
1786734900000,6.4143,6.4177,6.3993,6.4061,11389.88
1786735800000,6.4056,6.4367,6.404,6.4367,2091.88
1786736700000,6.4374,6.4537,6.4294,6.4294,580.89
1786737600000,6.4295,6.4368,6.4242,6.4254,1255.88
1786738500000,6.4247,6.4303,6.4227,6.4271,162.74
1786739400000,6.4277,6.4295,6.4247,6.426,1022.69
1786740300000,6.4263,6.4291,6.4211,6.4222,625.47
1786741200000,6.4221,6.4251,6.4148,6.4155,218.34
1786742100000,6.4187,6.4216,6.4105,6.4119,2900.31
1786743000000,6.4107,6.4107,6.3897,6.3914,2035.31
1786743900000,6.3923,6.4006,6.3899,6.3987,995.23
1786744800000,6.3899,6.407,6.3874,6.4053,179.65
1786745700000,6.4037,6.4069,6.4004,6.4053,626.42
1786746600000,6.4051,6.4218,6.4043,6.4156,262.89
1786747500000,6.4156,6.4266,6.4156,6.4266,121.68
1786748400000,6.4267,6.4476,6.4267,6.4469,649.1
1786749300000,6.4469,6.4675,6.4461,6.4675,676.94
1786750200000,6.4679,6.4901,6.4679,6.4787,4828.96
1786751100000,6.4808,6.4819,6.4662,6.4727,706.66
1786752000000,6.4728,6.5147,6.4728,6.4918,12903.04
1786752900000,6.4906,6.4979,6.4854,6.4911,1931.97
1786753800000,6.4923,6.4999,6.4807,6.4936,826.3
1786754700000,6.4918,6.4966,6.488,6.4966,279.93
1786755600000,6.4975,6.5,6.4793,6.4857,1825.9
1786756500000,6.4839,6.4949,6.4838,6.4935,679.15
1786757400000,6.4936,6.4993,6.4833,6.4913,2995.26
1786758300000,6.4912,6.4912,6.4771,6.4864,1015.95
1786759200000,6.4867,6.5946,6.4867,6.5733,49925.47
1786760100000,6.5714,6.5867,6.5641,6.5692,14422.41
1786761000000,6.5767,6.6,6.5751,6.5935,4295.11
1786761900000,6.6004,6.8771,6.586,6.7628,179259.56
1786762800000,6.7708,6.8569,6.7708,6.8154,21559.79
1786763700000,6.8218,6.8244,6.7471,6.7536,11359.2
1786764600000,6.7567,6.7939,6.7506,6.7681,4334.65
1786765500000,6.7704,6.7854,6.7562,6.7688,2584.09
1786766400000,6.7691,6.7897,6.7457,6.7671,5398.13
1786767300000,6.7714,6.7773,6.7309,6.7309,2653.74
1786768200000,6.7309,6.7364,6.6947,6.7321,19221.55
1786769100000,6.7297,6.737,6.7234,6.7234,1971.46
1786770000000,6.7213,6.74,6.7133,6.7203,9676.3
1786770900000,6.7203,6.7233,6.6875,6.6891,3439.64
1786771800000,6.689,6.7098,6.6773,6.7019,7803.82
1786772700000,6.7014,6.7014,6.6809,6.689,2978.41
1786773600000,6.6883,6.6973,6.6,6.6281,11837.59
1786774500000,6.6292,6.6572,6.6271,6.6387,23560.81
1786775400000,6.6428,6.6605,6.6398,6.6541,1814.16
1786776300000,6.652,6.6677,6.6507,6.6522,1502.9
1786777200000,6.6511,6.6541,6.6419,6.6478,1950.24
1786778100000,6.6475,6.6527,6.6274,6.6274,504.83
1786779000000,6.6273,6.6323,6.6227,6.626,5219.2
1786779900000,6.627,6.627,6.6195,6.62,475.98
1786780800000,6.6216,6.6225,6.6131,6.617,5942.26
1786781700000,6.6181,6.6254,6.6083,6.6166,6771.63
1786782600000,6.6155,6.6184,6.6,6.6074,13579.46
1786783500000,6.6051,6.606,6.5945,6.5957,2675.39
1786784400000,6.5962,6.6025,6.5881,6.5882,4227.15
1786785300000,6.5881,6.5917,6.5826,6.5852,2388.65
1786786200000,6.5857,6.597,6.5843,6.5876,5000.43
1786787100000,6.5879,6.5961,6.5879,6.59,462.21
1786788000000,6.5894,6.59,6.5818,6.5863,720.21
1786788900000,6.5879,6.5879,6.5802,6.5838,1096.17
1786789800000,6.5832,6.5924,6.5807,6.5924,371.95
1786790700000,6.5926,6.5961,6.585,6.5903,458.78
1786791600000,6.5893,6.5893,6.5753,6.5768,3329.11
1786792500000,6.5788,6.5831,6.5746,6.5788,303.61
1786793400000,6.5759,6.5821,6.5759,6.582,157.55
1786794300000,6.583,6.583,6.5669,6.5713,3108.38
1786795200000,6.5714,6.5781,6.5665,6.5732,10814.35
1786796100000,6.5731,6.5785,6.5711,6.5717,6772.32
1786797000000,6.5759,6.5935,6.574,6.5903,638.07
1786797900000,6.5923,6.5947,6.5805,6.5873,8615.12
1786798800000,6.5865,6.5865,6.575,6.575,2113.26
1786799700000,6.5757,6.576,6.5712,6.5721,5280.76
1786800600000,6.5712,6.5722,6.5567,6.5618,5484.59
1786801500000,6.5615,6.5628,6.55,6.5613,2141.8
1786802400000,6.5621,6.5711,6.5594,6.5694,670.9
1786803300000,6.5702,6.5781,6.5587,6.5601,5292.72
1786804200000,6.5612,6.5612,6.553,6.554,410.6
1786805100000,6.5543,6.5584,6.5527,6.5571,421.82
1786806000000,6.5522,6.5565,6.5427,6.5479,21342.18
1786806900000,6.5482,6.5561,6.5482,6.5537,942.88
1786807800000,6.5538,6.565,6.5538,6.5611,156.16
1786808700000,6.5623,6.5709,6.5574,6.5594,422.24
1786809600000,6.5604,6.564,6.5396,6.5396,28408.12
1786810500000,6.5395,6.5395,6.4843,6.5032,18912.4
1786811400000,6.5034,6.5071,6.4967,6.5058,1756.39
1786812300000,6.5057,6.5091,6.5018,6.506,439.37
1786813200000,6.506,6.516,6.5054,6.5125,2932.11
1786814100000,6.5136,6.5149,6.4982,6.5006,2480.38
1786815000000,6.5013,6.5074,6.494,6.4965,39601.61
1786815900000,6.4965,6.5026,6.4941,6.5006,572.69
1786816800000,6.5016,6.5048,6.4918,6.4992,1564.14
1786817700000,6.4993,6.5011,6.493,6.4939,990.95
1786818600000,6.494,6.4977,6.4922,6.4962,698.48
1786819500000,6.4963,6.4975,6.4913,6.4941,1391.85
1786820400000,6.4942,6.5027,6.4866,6.4954,10600.05
1786821300000,6.4955,6.5036,6.4934,6.4992,2585.78
1786822200000,6.4993,6.5029,6.4967,6.5028,476.48
1786823100000,6.5028,6.5074,6.5028,6.504,1251.75
1786824000000,6.504,6.504,6.4941,6.5001,8526.66
1786824900000,6.5012,6.5012,6.4963,6.4963,497.14
1786825800000,6.4963,6.5004,6.4912,6.5004,7131.82
1786826700000,6.5004,6.5024,6.495,6.495,274.14
1786827600000,6.4949,6.4949,6.4905,6.4933,255.42
1786828500000,6.4933,6.4957,6.4903,6.4954,829.96
1786829400000,6.4962,6.502,6.4912,6.4983,2059.04
1786830300000,6.4984,6.4984,6.4917,6.4917,704.56
1786831200000,6.4917,6.4928,6.4854,6.4854,3708.3
1786832100000,6.4857,6.4857,6.4802,6.4806,3726.35
1786833000000,6.4806,6.4806,6.3965,6.415,48084.8
1786833900000,6.415,6.416,6.3654,6.374,20386.36
1786834800000,6.375,6.3758,6.2923,6.3326,42454.83
1786835700000,6.3325,6.3421,6.3135,6.3304,4847.81
1786836600000,6.3306,6.3336,6.3184,6.3301,2925.14
1786837500000,6.3301,6.3392,6.3291,6.3291,1755.55
1786838400000,6.3291,6.3291,6.2223,6.2582,54133.73
1786839300000,6.2591,6.3122,6.2584,6.3053,4610.83
1786840200000,6.3053,6.3146,6.2808,6.3145,4645.59
1786841100000,6.3144,6.3336,6.3138,6.3224,2554.8
1786842000000,6.3212,6.332,6.3179,6.3307,2588.96
1786842900000,6.3308,6.343,6.3302,6.3392,1806.1
1786843800000,6.3391,6.3419,6.3257,6.3419,5827.84
1786844700000,6.3425,6.3425,6.3313,6.3321,2783.69
1786845600000,6.3328,6.3394,6.3133,6.314,2037.85
1786846500000,6.3133,6.344,6.312,6.3416,5253.87
1786847400000,6.3429,6.3562,6.3426,6.3525,10164.55
1786848300000,6.3515,6.3535,6.3413,6.3533,3693.61
1786849200000,6.3534,6.3592,6.3515,6.3565,18504.4
1786850100000,6.3564,6.3597,6.3556,6.3571,1615.63
1786851000000,6.3586,6.3662,6.3576,6.3601,15456.28
1786851900000,6.3591,6.3605,6.3448,6.3466,3337.65
1786852800000,6.3481,6.3515,6.3425,6.3471,1633.55
1786853700000,6.3461,6.3479,6.3411,6.3463,318.97
1786854600000,6.3435,6.3448,6.3334,6.3355,15413.51
1786855500000,6.3354,6.3416,6.3354,6.3377,15512.15
1786856400000,6.3377,6.3387,6.3359,6.3387,2185.11
1786857300000,6.3387,6.3401,6.33,6.33,1947.74
1786858200000,6.329,6.3337,6.328,6.3313,1995.3
1786859100000,6.3312,6.3371,6.3312,6.333,309.34
1786860000000,6.3318,6.3318,6.3199,6.3228,222.89
1786860900000,6.3228,6.3259,6.3182,6.3194,187.22
1786861800000,6.3189,6.334,6.3169,6.3306,469.05
1786862700000,6.3307,6.3341,6.3261,6.3261,1391.16
1786863600000,6.3262,6.3295,6.3212,6.327,135.19
1786864500000,6.3281,6.3326,6.3253,6.3326,945.19
1786865400000,6.3338,6.3361,6.3328,6.3338,1249.04
1786866300000,6.3332,6.3338,6.3305,6.3321,811.78
1786867200000,6.3311,6.332,6.3103,6.3289,45062.31
1786868100000,6.329,6.3367,6.3289,6.3356,8884.21
1786869000000,6.3356,6.3395,6.3348,6.3355,5822.05
1786869900000,6.3347,6.338,6.3305,6.3319,2359.44
1786870800000,6.3319,6.3419,6.329,6.3407,4631.63
1786871700000,6.3411,6.3533,6.3411,6.3513,2876.5
1786872600000,6.3514,6.3514,6.3414,6.3414,1473.33
1786873500000,6.3425,6.3536,6.3387,6.341,1756.39
1786874400000,6.341,6.3554,6.3389,6.3477,981.84
1786875300000,6.3477,6.3562,6.3477,6.3562,473.57
1786876200000,6.3567,6.3738,6.356,6.3674,2685
1786877100000,6.3674,6.377,6.3653,6.3669,3619.43
1786878000000,6.3682,6.3804,6.3671,6.3717,4940.05
1786878900000,6.3728,6.3781,6.3687,6.374,733.54
1786879800000,6.3745,6.3745,6.3635,6.365,3970.04
1786880700000,6.3651,6.3651,6.3498,6.3551,1701.13
1786881600000,6.3552,6.3606,6.351,6.3553,2034.14
1786882500000,6.353,6.3701,6.3518,6.3684,276.28
1786883400000,6.3684,6.3684,6.3594,6.3625,271.25
1786884300000,6.3626,6.38,6.3622,6.38,2690.36
1786885200000,6.3811,6.389,6.3811,6.3814,1184.48
1786886100000,6.3793,6.3822,6.3772,6.3795,97.41
1786887000000,6.3782,6.3821,6.3729,6.3744,796.74
1786887900000,6.3745,6.3785,6.3738,6.3778,189.31
1786888800000,6.3779,6.3934,6.3779,6.3934,754.38
1786889700000,6.3936,6.405,6.3911,6.404,5533.12
1786890600000,6.4041,6.4219,6.4041,6.4066,1502.74
1786891500000,6.4064,6.412,6.4034,6.41,4392.52
1786892400000,6.41,6.4273,6.4088,6.416,1481.58
1786893300000,6.4161,6.4238,6.4135,6.4238,1026.89
1786894200000,6.425,6.4287,6.4168,6.42,7510.15
1786895100000,6.419,6.4283,6.419,6.4278,701.73
1786896000000,6.4279,6.4326,6.4183,6.4253,4828.38
1786896900000,6.4243,6.4294,6.4034,6.4034,1082.31
1786897800000,6.4045,6.4058,6.3757,6.3896,2978.99
1786898700000,6.3896,6.3897,6.3654,6.3654,1216.26
1786899600000,6.3666,6.3714,6.3618,6.3626,1164.26
1786900500000,6.3617,6.3712,6.3602,6.3675,1411.1
1786901400000,6.3679,6.3747,6.3638,6.3657,1229.05
1786902300000,6.3644,6.3648,6.3522,6.3556,1693.24
1786903200000,6.3555,6.3584,6.3365,6.3467,9607.94
1786904100000,6.3479,6.3479,6.3335,6.3376,4178.4
1786905000000,6.3396,6.3449,6.3372,6.3407,2496.45
1786905900000,6.3411,6.3442,6.333,6.3335,1076.54
1786906800000,6.3335,6.3417,6.3335,6.3365,552.81
1786907700000,6.3364,6.3488,6.3364,6.3479,464.7
1786908600000,6.348,6.3544,6.3433,6.3439,765.61
1786909500000,6.3437,6.3453,6.3377,6.341,471.8
1786910400000,6.3411,6.3468,6.3404,6.3431,899.02
1786911300000,6.343,6.343,6.3309,6.3309,284.99
1786912200000,6.3314,6.3392,6.3296,6.335,653.85
1786913100000,6.3351,6.3388,6.3222,6.3271,4446.26
1786914000000,6.3271,6.3276,6.2987,6.3144,15381.1
1786914900000,6.3157,6.3197,6.3069,6.3146,1876.27
1786915800000,6.315,6.317,6.269,6.2994,26031.65
1786916700000,6.2995,6.3039,6.2909,6.2955,1800.41
1786917600000,6.2901,6.3099,6.2845,6.3067,2102.73
1786918500000,6.3077,6.3119,6.3063,6.3079,1904.96
1786919400000,6.3078,6.3078,6.2999,6.3057,884.65
1786920300000,6.3059,6.3293,6.3058,6.3247,3644.28
1786921200000,6.325,6.3309,6.3221,6.3299,357.44
1786922100000,6.328,6.3304,6.3183,6.3183,189.6
1786923000000,6.3184,6.3235,6.3157,6.3209,266.44
1786923900000,6.3233,6.3286,6.3233,6.3252,274.83
1786924800000,6.3262,6.3389,6.3128,6.3166,5807.87
1786925700000,6.3104,6.3104,6.2899,6.3019,4088.16
1786926600000,6.302,6.3096,6.2947,6.3096,2325.7
1786927500000,6.3096,6.3117,6.2967,6.3074,1424.06
1786928400000,6.3074,6.3655,6.3052,6.3434,14057.92
1786929300000,6.3389,6.3645,6.3389,6.3455,3827.48
1786930200000,6.3474,6.3554,6.3474,6.3523,286.03
1786931100000,6.3535,6.3535,6.3314,6.334,289.88
1786932000000,6.3341,6.3396,6.3274,6.3359,648.76
1786932900000,6.336,6.3496,6.3322,6.3472,303.76
1786933800000,6.3483,6.3776,6.3416,6.3699,2634.56
1786934700000,6.3688,6.3814,6.3628,6.3684,2379.17
1786935600000,6.369,6.3711,6.3617,6.3666,10670.66
1786936500000,6.3677,6.3677,6.3562,6.3587,3148.75
1786937400000,6.3588,6.359,6.3526,6.3536,815.51
1786938300000,6.3537,6.3662,6.3536,6.3619,178.34
1786939200000,6.3624,6.3826,6.3624,6.3826,10178.64
1786940100000,6.3827,6.3944,6.3785,6.3801,1871.75
1786941000000,6.3813,6.3827,6.3767,6.3767,121.2
1786941900000,6.3767,6.3869,6.3748,6.3848,445.19
1786942800000,6.3848,6.3868,6.3692,6.3763,171.55
1786943700000,6.3766,6.3766,6.3674,6.3674,618.52
1786944600000,6.3675,6.3732,6.3627,6.3732,230.66
1786945500000,6.3732,6.3732,6.3527,6.3527,457.41
1786946400000,6.352,6.3619,6.3508,6.357,195.4
1786947300000,6.357,6.3593,6.3376,6.34,1025.03
1786948200000,6.3386,6.3604,6.3379,6.3604,352.72
1786949100000,6.3605,6.3873,6.3605,6.3758,940.14
1786950000000,6.3759,6.3761,6.3639,6.3666,1419.02
1786950900000,6.3662,6.3726,6.3614,6.3656,178.64
1786951800000,6.3673,6.3713,6.3571,6.3583,528.31
1786952700000,6.3584,6.3665,6.3579,6.359,225.07
1786953600000,6.3596,6.3629,6.3378,6.3413,2044.89
1786954500000,6.3413,6.3414,6.3166,6.323,2535.28
1786955400000,6.323,6.3265,6.3175,6.3185,2395.72
1786956300000,6.3185,6.3212,6.3056,6.3143,3101.3
1786957200000,6.3144,6.3279,6.3121,6.3226,859.4
1786958100000,6.3219,6.3258,6.3116,6.3244,10891.47
1786959000000,6.3233,6.3288,6.3204,6.3256,1912.34
1786959900000,6.3257,6.3257,6.3173,6.3221,3069.2
1786960800000,6.3222,6.3341,6.3221,6.3312,665.56
1786961700000,6.3309,6.3426,6.3173,6.3426,1064.9
1786962600000,6.3425,6.3532,6.3399,6.3507,5133.36
1786963500000,6.352,6.3561,6.3436,6.3465,3049.47
1786964400000,6.3471,6.3472,6.3361,6.3371,885.21
1786965300000,6.3371,6.3371,6.33,6.332,10522.38
1786966200000,6.332,6.3388,6.3297,6.3335,523.6
1786967100000,6.3324,6.3458,6.3181,6.3226,1571.25
1786968000000,6.3237,6.3257,6.3083,6.3223,2145.83
1786968900000,6.323,6.3262,6.3148,6.3149,958.73
1786969800000,6.316,6.3194,6.3029,6.3112,3015.69
1786970700000,6.3116,6.3155,6.2989,6.3058,1338.54
1786971600000,6.3058,6.3058,6.2911,6.3033,1376.36
1786972500000,6.3043,6.3043,6.2895,6.2911,2941.42
1786973400000,6.2911,6.321,6.2911,6.3152,2537.72
1786974300000,6.3132,6.3179,6.2983,6.3045,3365.85
1786975200000,6.3046,6.3075,6.3004,6.3048,1515.14
1786976100000,6.3033,6.3088,6.2922,6.2942,1236.53
1786977000000,6.2945,6.3004,6.2908,6.2994,384.46
1786977900000,6.2993,6.3296,6.2951,6.3238,2014.2
1786978800000,6.3244,6.3342,6.3169,6.3169,6993.2
1786979700000,6.3136,6.3322,6.3102,6.3273,7098.71
1786980600000,6.3263,6.3274,6.3161,6.3182,3244.02
1786981500000,6.3193,6.3381,6.3141,6.3224,2518.59
1786982400000,6.3239,6.3262,6.308,6.3103,6678.4
1786983300000,6.3091,6.3159,6.3041,6.3046,546.53
1786984200000,6.304,6.3129,6.302,6.3067,9007.54
1786985100000,6.3056,6.3135,6.2964,6.2964,860.33
1786986000000,6.2961,6.3085,6.2934,6.3046,5816.44
1786986900000,6.3057,6.3516,6.2989,6.3303,57873.94
1786987800000,6.33,6.333,6.3183,6.325,1691.69
1786988700000,6.3259,6.3316,6.3171,6.3205,858.91
1786989600000,6.3194,6.3368,6.3193,6.3368,860.02
1786990500000,6.3368,6.3482,6.3355,6.3451,758.15
1786991400000,6.3464,6.354,6.34,6.3467,9764.41
1786992300000,6.3449,6.3449,6.3309,6.334,1048.05
1786993200000,6.3359,6.3362,6.3167,6.3167,1143.86
1786994100000,6.3157,6.3505,6.3149,6.3467,23078.89
1786995000000,6.347,6.3499,6.3337,6.3453,2303.6
1786995900000,6.3443,6.3443,6.3348,6.3378,2531.14
1786996800000,6.339,6.3559,6.334,6.3543,1733.46
1786997700000,6.3532,6.3532,6.3253,6.3371,1030.66
1786998600000,6.336,6.3477,6.3214,6.3439,2284.66
1786999500000,6.3425,6.3483,6.3342,6.3412,4226.79
1787000400000,6.3397,6.3421,6.3313,6.3341,399.62
1787001300000,6.3373,6.3403,6.3304,6.3342,94.27
1787002200000,6.3341,6.3458,6.3331,6.3443,1376.59
1787003100000,6.3441,6.3441,6.3358,6.3361,456.57
1787004000000,6.3361,6.3413,6.3281,6.3289,646.88
1787004900000,6.3298,6.3298,6.3238,6.3238,742.95
1787005800000,6.3238,6.3258,6.3184,6.3188,161.89
1787006700000,6.3202,6.3202,6.3122,6.3144,229.05
1787007600000,6.3152,6.328,6.3127,6.326,805.43
1787008500000,6.325,6.3451,6.3249,6.3413,190.46
1787009400000,6.3425,6.3627,6.3383,6.3488,1147.99
1787010300000,6.3488,6.3513,6.3432,6.3497,503.72
1787011200000,6.3486,6.3581,6.3445,6.3459,5632.57
1787012100000,6.3471,6.3566,6.3464,6.355,2970.28
1787013000000,6.3565,6.3678,6.3548,6.36,5396.97
1787013900000,6.3608,6.384,6.36,6.384,1033.36
1787014800000,6.384,6.4459,6.384,6.3856,14682.89
1787015700000,6.3848,6.3877,6.3776,6.3787,290.26
1787016600000,6.3784,6.381,6.3523,6.3567,943.17
1787017500000,6.3578,6.3586,6.3272,6.3345,2118.9
1787018400000,6.3344,6.3344,6.3092,6.3132,2187.35
1787019300000,6.3121,6.319,6.3017,6.3017,16502.76
1787020200000,6.3024,6.3117,6.2962,6.2983,7540.92
1787021100000,6.2987,6.3012,6.241,6.245,54465.45
1787022000000,6.245,6.2538,6.2391,6.244,14311.68
1787022900000,6.2452,6.267,6.2441,6.2501,12457.4
1787023800000,6.2494,6.2658,6.2321,6.2651,2791.13
1787024700000,6.2662,6.2805,6.2616,6.2733,2235.59
1787025600000,6.2733,6.2906,6.2666,6.2883,2542.94
1787026500000,6.2875,6.2875,6.2765,6.2841,389.94
1787027400000,6.2845,6.2956,6.2845,6.2874,172.33
1787028300000,6.2875,6.2947,6.2852,6.2939,1871.3
1787029200000,6.2947,6.2985,6.2866,6.2966,2127.51
1787030100000,6.2965,6.3099,6.2932,6.3093,1013.99
1787031000000,6.307,6.3242,6.2997,6.3242,1619.77
1787031900000,6.3238,6.35,6.3238,6.3359,2725.13
1787032800000,6.3347,6.3502,6.3076,6.3443,4034.85
1787033700000,6.3432,6.3661,6.3402,6.3579,1168.36
1787034600000,6.3581,6.3605,6.3481,6.3547,3316.97
1787035500000,6.3538,6.3538,6.3407,6.3479,513.36
1787036400000,6.3488,6.3507,6.3284,6.3395,601.03
1787037300000,6.3396,6.3422,6.3283,6.3303,458.92
1787038200000,6.3277,6.3302,6.3242,6.3247,247.93
1787039100000,6.3246,6.3247,6.3015,6.3096,621.73
1787040000000,6.3086,6.3218,6.2925,6.3218,2803.29
1787040900000,6.3221,6.3246,6.3058,6.3105,505.8
1787041800000,6.3112,6.3426,6.3112,6.332,3115.24
1787042700000,6.332,6.332,6.3211,6.3226,2062.17
1787043600000,6.3226,6.3317,6.3176,6.3246,2426.64
1787044500000,6.3232,6.3258,6.318,6.3198,254.31
1787045400000,6.3195,6.3334,6.3182,6.3242,1435.72
1787046300000,6.3244,6.3244,6.3142,6.3218,1780.51
1787047200000,6.3214,6.3246,6.3116,6.313,438.98
1787048100000,6.3128,6.317,6.3116,6.3164,1314.58
1787049000000,6.3164,6.3181,6.2995,6.3072,1177.84
1787049900000,6.3062,6.3153,6.2982,6.3097,416.5
1787050800000,6.3096,6.3215,6.309,6.3214,338.46
1787051700000,6.3213,6.3286,6.3213,6.3225,4673.26
1787052600000,6.3226,6.3294,6.3226,6.3271,158.74
1787053500000,6.3272,6.3299,6.3232,6.3254,124.51
1787054400000,6.3265,6.3305,6.3083,6.3119,2073.94
1787055300000,6.3111,6.3196,6.3093,6.3156,443.44
1787056200000,6.3156,6.3241,6.3139,6.3209,1583.46
1787057100000,6.3198,6.3268,6.319,6.3236,973.28
1787058000000,6.3236,6.3324,6.3184,6.331,1300.46
1787058900000,6.3313,6.3339,6.3176,6.321,2291.45
1787059800000,6.3201,6.3314,6.3155,6.3218,1189.31
1787060700000,6.3228,6.3228,6.3081,6.32,1042.3
1787061600000,6.3188,6.3361,6.3188,6.3289,1986.97
1787062500000,6.3282,6.3938,6.3282,6.3902,19142.92
1787063400000,6.3886,6.3943,6.352,6.355,7175.62
1787064300000,6.3542,6.361,6.3446,6.35,4872.96
1787065200000,6.3497,6.3638,6.3467,6.3638,25899.51
1787066100000,6.3631,6.3721,6.3553,6.3708,1295.63
1787067000000,6.3698,6.373,6.3613,6.3613,4040.49
1787067900000,6.3601,6.3718,6.3588,6.3709,651.1
1787068800000,6.3717,6.3757,6.35,6.3557,2777.84
1787069700000,6.3545,6.355,6.3245,6.3265,1020.28
1787070600000,6.3264,6.3395,6.3187,6.3367,1125.97
1787071500000,6.3356,6.3417,6.3273,6.3363,6987.88
1787072400000,6.3353,6.3388,6.3263,6.3381,1889.22
1787073300000,6.3393,6.3484,6.3331,6.3484,1052.94
1787074200000,6.3479,6.3548,6.3435,6.3436,926.57
1787075100000,6.3448,6.3546,6.3423,6.3486,3701.79
1787076000000,6.3473,6.3543,6.3371,6.3437,811.24
1787076900000,6.3441,6.3574,6.3439,6.3571,728.52
1787077800000,6.3572,6.3587,6.3519,6.3519,509.38
1787078700000,6.3503,6.3546,6.345,6.3456,523.31
1787079600000,6.3445,6.3503,6.3409,6.3412,780.59
1787080500000,6.3421,6.3583,6.3411,6.3583,76.7
1787081400000,6.357,6.357,6.3482,6.3523,225
1787082300000,6.3522,6.3522,6.3317,6.3452,1088.65
1787083200000,6.3452,6.3526,6.3365,6.3526,548.93
1787084100000,6.3515,6.3515,6.3283,6.3292,1738.1
1787085000000,6.3277,6.3335,6.3255,6.3255,231.1
1787085900000,6.3243,6.3243,6.3099,6.3099,5682.25
1787086800000,6.308,6.317,6.3011,6.3111,817.79
1787087700000,6.3087,6.3187,6.3087,6.3157,197.4
1787088600000,6.3125,6.3154,6.3066,6.3066,519.65
1787089500000,6.3054,6.3149,6.3039,6.3135,401.31
1787090400000,6.3133,6.3192,6.3088,6.3168,453.54
1787091300000,6.3169,6.3217,6.3124,6.3154,262.22
1787092200000,6.3167,6.3243,6.3139,6.3139,1004.47
1787093100000,6.3139,6.3221,6.3089,6.3186,11731.07
1787094000000,6.32,6.3356,6.32,6.3335,5416.76
1787094900000,6.3359,6.3459,6.3327,6.3337,899.87
1787095800000,6.3359,6.3415,6.3356,6.3378,279.65
1787096700000,6.3331,6.3362,6.3304,6.3328,333.4
1787097600000,6.3332,6.3364,6.3157,6.324,3067.87
1787098500000,6.3191,6.3301,6.3155,6.3172,890.8
1787099400000,6.3218,6.3387,6.3218,6.335,1124.54
1787100300000,6.3376,6.3431,6.3287,6.3287,116.3
1787101200000,6.3281,6.3443,6.3271,6.3401,155.9
1787102100000,6.3405,6.349,6.3384,6.3466,211.97
1787103000000,6.3466,6.3526,6.3441,6.3486,5510.59
1787103900000,6.3486,6.3554,6.3486,6.3496,489.53
1787104800000,6.3467,6.3504,6.3446,6.3504,2199.75
1787105700000,6.3473,6.3539,6.3375,6.3535,455.35
1787106600000,6.3507,6.3507,6.3399,6.3424,64.57
1787107500000,6.3423,6.3503,6.3386,6.3424,329.29
1787108400000,6.3422,6.3504,6.3353,6.3504,395.31
1787109300000,6.3526,6.37,6.3526,6.362,1973.44
1787110200000,6.3612,6.365,6.3526,6.3638,582.03
1787111100000,6.3598,6.3648,6.3566,6.3594,273.81
1787112000000,6.362,6.3627,6.3474,6.3474,1102.4
1787112900000,6.3499,6.3559,6.3495,6.3501,419.05
1787113800000,6.3492,6.352,6.347,6.3509,3268.26
1787114700000,6.3517,6.3542,6.347,6.3489,9295.34
1787115600000,6.3483,6.362,6.3483,6.3538,1049.63
1787116500000,6.3538,6.3547,6.3452,6.352,645.09
1787117400000,6.3519,6.3519,6.3443,6.3445,237
1787118300000,6.3445,6.347,6.3431,6.3449,206.45
1787119200000,6.3443,6.3443,6.3354,6.3368,509.91
1787120100000,6.3376,6.3526,6.3376,6.3494,2951.07
1787121000000,6.3497,6.3554,6.3469,6.3526,1703.4
1787121900000,6.3551,6.3627,6.3531,6.3627,233.68
1787122800000,6.3659,6.369,6.353,6.3632,4425.89
1787123700000,6.3627,6.3645,6.3561,6.3611,440.2
1787124600000,6.3612,6.3623,6.3515,6.3515,809.27
1787125500000,6.3515,6.3638,6.3441,6.3484,651
1787126400000,6.3483,6.3656,6.346,6.3516,1051.24
1787127300000,6.35,6.373,6.3496,6.3676,417.8
1787128200000,6.368,6.3902,6.368,6.3882,5867.99
1787129100000,6.3884,6.3884,6.3587,6.3587,1034.5
1787130000000,6.3582,6.3687,6.3567,6.3588,1484.13
1787130900000,6.3578,6.3649,6.3534,6.354,1151.84
1787131800000,6.3562,6.3562,6.3379,6.3393,1997.41
1787132700000,6.3392,6.3447,6.3378,6.3423,1525.29
1787133600000,6.3434,6.3436,6.3306,6.3337,16324.91
1787134500000,6.3337,6.336,6.3247,6.3275,3813.31
1787135400000,6.3275,6.3275,6.3189,6.324,48883.73
1787136300000,6.324,6.3365,6.324,6.3345,18383.08
1787137200000,6.334,6.3415,6.3313,6.336,7603.12
1787138100000,6.3351,6.3351,6.3105,6.3125,5899.22
1787139000000,6.313,6.3253,6.3051,6.3097,7691.31
1787139900000,6.3097,6.3097,6.3006,6.3066,2327.89
1787140800000,6.3075,6.3196,6.3056,6.3196,1158.2
1787141700000,6.3195,6.3269,6.3161,6.3267,2524.96
1787142600000,6.3269,6.361,6.3239,6.361,4536.21
1787143500000,6.3605,6.3646,6.3462,6.3537,5453.24
1787144400000,6.3537,6.3554,6.3409,6.3409,4770.59
1787145300000,6.3405,6.3482,6.3386,6.342,2151.49
1787146200000,6.3419,6.3507,6.3142,6.3196,15027.17
1787147100000,6.3193,6.3259,6.3044,6.3065,7917.48
1787148000000,6.3074,6.3352,6.287,6.3268,4294.8
1787148900000,6.3273,6.3273,6.2998,6.3151,4792.97
1787149800000,6.3131,6.3216,6.3081,6.3165,316.12
1787150700000,6.3166,6.3903,6.3166,6.3748,91691.88
1787151600000,6.3771,6.4782,6.3664,6.4416,93027.92
1787152500000,6.4418,6.727,6.4333,6.6652,190018.2
1787153400000,6.6729,6.6828,6.6073,6.6145,73672.95
1787154300000,6.6144,6.6402,6.5608,6.5623,50339.49
1787155200000,6.5608,6.6288,6.5605,6.623,35175.09
1787156100000,6.6224,6.6408,6.6083,6.6355,25209.02
1787157000000,6.6365,6.6365,6.595,6.609,28119.54
1787157900000,6.6091,6.6285,6.6055,6.6055,16706.09
1787158800000,6.6072,6.6072,6.5479,6.5496,41842.61
1787159700000,6.5497,6.5679,6.5289,6.5437,29377.97
1787160600000,6.5439,6.5468,6.5205,6.5376,17237.43
1787161500000,6.5379,6.556,6.536,6.5412,4679.12
1787162400000,6.5434,6.5459,6.4973,6.5302,2618.76
1787163300000,6.5294,6.5294,6.5086,6.5243,3376.4
1787164200000,6.5243,6.533,6.5161,6.5272,10973.03
1787165100000,6.5272,6.5423,6.5146,6.5262,1445.78
1787166000000,6.5256,6.545,6.5186,6.5254,7695.97
1787166900000,6.5251,6.5545,6.5251,6.5363,12567.13
1787167800000,6.5348,6.5609,6.5328,6.5609,2186.9
1787168700000,6.558,6.5887,6.5576,6.5865,5361.8
1787169600000,6.5882,6.6113,6.5881,6.6022,8458.03
1787170500000,6.5976,6.6145,6.5952,6.6094,1140.16
1787171400000,6.6101,6.6219,6.6053,6.616,4650.61
1787172300000,6.6151,6.7636,6.6142,6.7155,101465.22
1787173200000,6.7188,6.8648,6.7067,6.802,114331.34
1787174100000,6.8051,6.8133,6.7692,6.8072,70471.83
1787175000000,6.8073,6.8455,6.7834,6.8363,36497.58
1787175900000,6.8366,6.8815,6.814,6.8341,47082.75
1787176800000,6.836,6.8619,6.7805,6.8007,23283.72
1787177700000,6.7988,6.836,6.7934,6.7997,28679.38
1787178600000,6.7985,6.8273,6.7659,6.8063,11230.49
1787179500000,6.8044,6.8158,6.7848,6.8013,9311.67
1787180400000,6.8012,6.8164,6.7861,6.8005,9617.75
1787181300000,6.7982,6.8067,6.7711,6.7856,11590.71
1787182200000,6.7835,6.797,6.7674,6.79,16636.66
1787183100000,6.7858,6.7888,6.7569,6.7843,9745.84
1787184000000,6.7833,6.7918,6.7471,6.7564,35212.86
1787184900000,6.7557,6.8165,6.7534,6.8075,10622.46
1787185800000,6.8069,6.8281,6.7967,6.7967,8337.07
1787186700000,6.7968,6.8099,6.7844,6.7865,5591.89
1787187600000,6.7918,6.7964,6.7524,6.7724,6569.61
1787188500000,6.7729,6.7759,6.7587,6.7691,2020.2
1787189400000,6.771,6.7994,6.7678,6.7939,5960.6
1787190300000,6.7949,6.8052,6.7949,6.7963,3374.48
1787191200000,6.7999,6.8092,6.7943,6.8072,1042.28
1787192100000,6.8083,6.8141,6.8015,6.8036,2924.76
1787193000000,6.8023,6.814,6.8015,6.8042,1678.1
1787193900000,6.8036,6.8036,6.7736,6.7761,1096.29
1787194800000,6.7752,6.7752,6.7015,6.7136,15536.93
1787195700000,6.7126,6.7592,6.712,6.7334,1188.44
1787196600000,6.7417,6.7659,6.7411,6.7643,739.49
1787197500000,6.7692,6.7769,6.7591,6.7591,893.84
1787198400000,6.7592,6.763,6.749,6.749,999.49
1787199300000,6.7487,6.7535,6.7429,6.7488,398.72
1787200200000,6.7423,6.7482,6.7333,6.7454,487.08
1787201100000,6.7479,6.7751,6.7468,6.7684,711.9
1787202000000,6.7703,6.7816,6.7548,6.7562,1665
1787202900000,6.7543,6.7716,6.7499,6.7708,5165.47
1787203800000,6.7648,6.7687,6.7591,6.7598,1917.66
1787204700000,6.7572,6.7606,6.7507,6.7564,461.01
1787205600000,6.7498,6.7538,6.7369,6.7385,3122.93
1787206500000,6.7409,6.7683,6.7321,6.7641,1471.58
1787207400000,6.7654,6.7893,6.7654,6.789,633.68
1787208300000,6.7877,6.8077,6.7858,6.8077,4385.57
1787209200000,6.8056,6.8237,6.795,6.8078,2306.86
1787210100000,6.8074,6.8163,6.7921,6.8097,7057.04
1787211000000,6.8057,6.8131,6.7908,6.8106,2136.42
1787211900000,6.8058,6.8307,6.8047,6.8126,806.62
1787212800000,6.8139,6.9102,6.8007,6.9087,10080.97
1787213700000,6.905,6.9151,6.8645,6.8881,22158.21
1787214600000,6.8881,6.9269,6.8734,6.9256,19507.42
1787215500000,6.9233,6.9514,6.915,6.9222,66847.28
1787216400000,6.9186,6.9329,6.9113,6.9144,29170.45
1787217300000,6.9128,6.9207,6.8913,6.8913,8932.58
1787218200000,6.8896,6.9105,6.8705,6.8987,28185.51
1787219100000,6.8913,6.8983,6.8565,6.8747,3179.67
1787220000000,6.8773,6.9329,6.8721,6.9329,2616.18
1787220900000,6.9296,6.9676,6.9287,6.9443,64845.43
1787221800000,6.9436,6.9438,6.9185,6.9246,4262.42
1787222700000,6.9259,6.928,6.9116,6.9179,5355.86
1787223600000,6.9201,6.923,6.8805,6.8893,5420.45
1787224500000,6.8804,6.9065,6.8804,6.901,5171.52
1787225400000,6.9042,6.9537,6.9042,6.9322,8345.28
1787226300000,6.9299,6.9426,6.8925,6.8961,2253.31
1787227200000,6.8945,6.9101,6.7554,6.8147,54840.19
1787228100000,6.8134,6.8472,6.8119,6.8311,16687.99
1787229000000,6.8311,6.8439,6.8079,6.825,10768.11
1787229900000,6.8282,6.88,6.8022,6.868,3601.41
1787230800000,6.868,6.9051,6.8646,6.8854,2573.34
1787231700000,6.8861,6.9107,6.8751,6.9107,1972.07
1787232600000,6.9083,6.9083,6.8393,6.887,27828.41
1787233500000,6.8889,6.9225,6.8688,6.9107,10476.71
1787234400000,6.9131,6.9561,6.9039,6.9405,11318.4
1787235300000,6.9395,6.9407,6.9068,6.9143,7231.36
1787236200000,6.9143,6.9419,6.9143,6.9419,1560.66
1787237100000,6.9423,6.9732,6.9181,6.9732,2214.4
1787238000000,6.9736,7.0882,6.9619,7.0804,23392.51
1787238900000,7.0844,7.1411,7.0477,7.0888,40269.49
1787239800000,7.0887,7.1122,7.0201,7.0405,45645.43
1787240700000,7.0388,7.0736,7.0387,7.0576,16027.65
1787241600000,7.0597,7.1129,7.0524,7.0618,26009.91
1787242500000,7.0636,7.1308,7.0636,7.1308,16363.41
1787243400000,7.1267,7.2233,7.1183,7.2058,50507.2
1787244300000,7.2057,7.2421,7.1806,7.2275,56463.11
1787245200000,7.222,7.2884,7.2089,7.2661,33186.22
1787246100000,7.2661,7.2998,7.2354,7.2821,9839.63
1787247000000,7.2765,7.3021,7.2529,7.2602,18851.25
1787247900000,7.2603,7.3226,7.257,7.2644,74342.49
1787248800000,7.2696,7.2818,7.2275,7.2687,15700.26
1787249700000,7.2667,7.2771,7.1714,7.1765,39453.73
1787250600000,7.1781,7.2299,7.1668,7.2182,38701.32
1787251500000,7.2161,7.232,7.1655,7.1689,10621.42
1787252400000,7.1659,7.2029,7.149,7.1993,7769.61
1787253300000,7.1977,7.2038,7.1634,7.1634,13858.21
1787254200000,7.1636,7.1737,7.1333,7.1563,17169.86
1787255100000,7.1554,7.1613,7.1314,7.1375,14461.77
1787256000000,7.141,7.1938,7.141,7.1872,21595.54
1787256900000,7.186,7.1949,7.1622,7.1767,34333.58
1787257800000,7.1767,7.1943,7.1657,7.1928,5785.11
1787258700000,7.191,7.2153,7.1265,7.2153,7564.21
1787259600000,7.2132,7.2248,7.2,7.2132,6071.32
1787260500000,7.2111,7.2155,7.172,7.1824,62994.34
1787261400000,7.1824,7.2098,7.1786,7.197,4228.51
1787262300000,7.197,7.2078,7.1752,7.2078,3489.76
1787263200000,7.2085,7.2085,7.1517,7.1687,3190.3
1787264100000,7.1688,7.1977,7.1516,7.1977,3048.61
1787265000000,7.199,7.2003,7.1673,7.1685,1972.3
1787265900000,7.1683,7.1922,7.1683,7.1727,10365.3
1787266800000,7.1742,7.2167,7.1725,7.2134,1095.23
1787267700000,7.2121,7.2873,7.2046,7.2862,14938.09
1787268600000,7.2869,7.3027,7.2705,7.2851,3565.93
1787269500000,7.2828,7.3103,7.2671,7.2932,3099.29
1787270400000,7.2939,7.322,7.2735,7.3186,8493.2
1787271300000,7.3177,7.3606,7.2998,7.2998,21658.2
1787272200000,7.3007,7.3239,7.2381,7.2432,5762.72
1787273100000,7.2432,7.2899,7.224,7.2746,43140.88
1787274000000,7.2731,7.2807,7.2505,7.259,3192.46
1787274900000,7.2598,7.3141,7.2422,7.2613,8045.08
1787275800000,7.2615,7.2795,7.239,7.2636,24258.64
1787276700000,7.2631,7.3366,7.2631,7.3017,30114.14
1787277600000,7.304,7.322,7.2596,7.2773,6088.86
1787278500000,7.2789,7.2965,7.2575,7.2937,1762.11
1787279400000,7.2924,7.3251,7.2611,7.3176,10741.91
1787280300000,7.3176,7.3204,7.2672,7.274,56677.26
1787281200000,7.2714,7.2792,7.2337,7.2497,3423.97
1787282100000,7.2504,7.2746,7.2367,7.2698,4673.42
1787283000000,7.2687,7.3011,7.2572,7.2802,3380.26
1787283900000,7.2798,7.3398,7.2798,7.3063,2563.15
1787284800000,7.3064,7.3558,7.3019,7.3024,3884.37
1787285700000,7.3007,7.3255,7.2946,7.3061,3136.82
1787286600000,7.3069,7.3234,7.3012,7.3166,1704.08
1787287500000,7.3126,7.3419,7.2787,7.3141,9017.25
1787288400000,7.314,7.3276,7.2808,7.3221,12967.52
1787289300000,7.322,7.345,7.3019,7.3203,7960.01
1787290200000,7.3202,7.364,7.314,7.3594,47570.39
1787291100000,7.3593,7.3956,7.3332,7.3956,13772.92
1787292000000,7.3943,7.4026,7.3628,7.3797,13782.36
1787292900000,7.3811,7.4433,7.3811,7.4163,27648.47
1787293800000,7.4162,7.4259,7.3147,7.3263,15948.18
1787294700000,7.3202,7.3753,7.3112,7.3624,6658.95
1787295600000,7.3643,7.4398,7.3555,7.4398,3438.81
1787296500000,7.4382,7.4828,7.433,7.4659,28992.3
1787297400000,7.4674,7.5005,7.4668,7.4962,12036.76
1787298300000,7.4947,7.4979,7.4696,7.4756,11613.96
1787299200000,7.4845,7.537,7.4809,7.5232,46264.12
1787300100000,7.5233,7.5427,7.5133,7.5243,12400.21
1787301000000,7.5265,7.6011,7.5228,7.5977,22306.83
1787301900000,7.5961,7.701,7.5946,7.6911,26867.04
1787302800000,7.691,7.6952,7.3725,7.448,51552.3
1787303700000,7.4471,7.5136,7.4072,7.5136,20724.42
1787304600000,7.5134,7.5855,7.5001,7.5853,20335.57
1787305500000,7.5837,7.6251,7.532,7.5971,8636.96
1787306400000,7.6,7.6,7.5499,7.5735,33172.29
1787307300000,7.5736,7.595,7.5524,7.5899,9444.21
1787308200000,7.5901,7.6037,7.5628,7.5839,17592.25
1787309100000,7.5886,7.6398,7.5853,7.6279,24184.76
1787310000000,7.6248,7.6706,7.5683,7.6072,26356.04
1787310900000,7.6091,7.6266,7.5741,7.5893,12087.77
1787311800000,7.5894,7.5976,7.4433,7.4842,52907.87
1787312700000,7.4861,7.5325,7.458,7.4998,20348.7
1787313600000,7.4989,7.5458,7.4607,7.5458,10472.02
1787314500000,7.5452,7.5482,7.5063,7.5063,2826.8
1787315400000,7.5075,7.5819,7.4802,7.5786,10184.09
1787316300000,7.5774,7.5896,7.5519,7.5585,1029.78
1787317200000,7.5623,7.594,7.5449,7.5566,4689.76
1787318100000,7.5578,7.5578,7.4898,7.5345,2675.05
1787319000000,7.5344,7.5935,7.4754,7.584,12619.35
1787319900000,7.5859,7.6465,7.5604,7.5899,14640.86
1787320800000,7.5868,7.6011,7.527,7.547,11115.36
1787321700000,7.5482,7.5921,7.5187,7.589,4337.76
1787322600000,7.5906,7.6023,7.5577,7.5776,10113.82
1787323500000,7.5803,7.6567,7.5803,7.6397,7688.14
1787324400000,7.64,7.6826,7.6371,7.6696,11626.36
1787325300000,7.6678,7.67,7.578,7.5975,16954.17
1787326200000,7.5963,7.6318,7.5446,7.6094,9442.74
1787327100000,7.6095,7.6433,7.6095,7.6213,3772.74
1787328000000,7.625,7.6423,7.5535,7.5605,10617.37
1787328900000,7.554,7.6147,7.5519,7.6121,7676.43
1787329800000,7.6161,7.6417,7.6107,7.6348,2535.3
1787330700000,7.6358,7.6581,7.6342,7.6371,2201.12
1787331600000,7.6367,7.69,7.6345,7.6671,6032.96
1787332500000,7.6671,7.682,7.6129,7.6808,9748.77
1787333400000,7.6775,7.7058,7.6439,7.6511,12464.43
1787334300000,7.6498,7.6797,7.6498,7.6667,10881.47
1787335200000,7.6659,7.677,7.6467,7.6539,4253.61
1787336100000,7.6529,7.6694,7.6378,7.6474,3437.48
1787337000000,7.6487,7.6521,7.506,7.5117,29777.77
1787337900000,7.511,7.5284,7.479,7.5284,7949.44
1787338800000,7.527,7.5495,7.4723,7.5432,14098.09
1787339700000,7.5429,7.5873,7.5278,7.5788,1868
1787340600000,7.5787,7.5816,7.5346,7.5372,3023.57
1787341500000,7.5373,7.5535,7.5228,7.5435,791.58
1787342400000,7.5448,7.5783,7.5237,7.573,3104.72
1787343300000,7.5736,7.6255,7.5736,7.6167,8280.92
1787344200000,7.6173,7.6217,7.5908,7.6132,4083.06
1787345100000,7.6128,7.6437,7.5997,7.6418,2149.01
1787346000000,7.642,7.6968,7.6414,7.6718,5718.34
1787346900000,7.668,7.7208,7.6596,7.7012,19903
1787347800000,7.7079,7.7672,7.707,7.7644,19334.06
1787348700000,7.766,7.7859,7.7309,7.7826,11973.68
1787349600000,7.7834,7.8466,7.764,7.8261,52037.08
1787350500000,7.8263,7.8527,7.8089,7.8354,18343.19
1787351400000,7.8371,7.9006,7.7652,7.8837,37862.02
1787352300000,7.8827,7.9023,7.8452,7.8692,13772.73
1787353200000,7.8724,7.8892,7.8464,7.8709,11056.73
1787354100000,7.8694,7.9052,7.8584,7.8769,9034.82
1787355000000,7.8765,7.8943,7.806,7.843,7736.26
1787355900000,7.8399,7.863,7.8046,7.8438,8996.77
1787356800000,7.844,7.8724,7.7779,7.8496,23590.51
1787357700000,7.85,7.9092,7.8432,7.8496,19228.82
1787358600000,7.8496,7.876,7.8303,7.8358,4361.46
1787359500000,7.8335,7.891,7.7971,7.8851,2976.18
1787360400000,7.8757,7.935,7.8613,7.865,18903.12
1787361300000,7.8646,7.8896,7.8335,7.8652,1574.16
1787362200000,7.8694,7.9026,7.8635,7.8702,8634.78
1787363100000,7.8702,7.8938,7.8403,7.8632,9303.33
1787364000000,7.8607,7.9183,7.8556,7.9127,2334.62
1787364900000,7.9161,7.9956,7.9102,7.9877,20970.7
1787365800000,7.9853,8.0181,7.9437,8.0157,10306.84
1787366700000,8.0146,8.0791,8.0104,8.0725,17892.63
1787367600000,8.0754,8.12,8.0429,8.0464,117177.1
1787368500000,8.0461,8.1207,8.0461,8.1001,47306.3
1787369400000,8.0991,8.1265,8.0547,8.088,18704.98
1787370300000,8.0863,8.1299,8.0529,8.0932,25754.38
1787371200000,8.0943,8.1474,8.0451,8.1464,26778.07
1787372100000,8.1452,8.1658,8.0959,8.1579,21101.88
1787373000000,8.1536,8.2877,8.1536,8.2709,39321.8
1787373900000,8.2708,8.3579,8.2304,8.2619,54176.61
1787374800000,8.2616,8.3254,6.9712,7.6652,229846.97
1787375700000,7.661,7.7854,7.4985,7.7426,102879.53
1787376600000,7.7412,7.7737,7.5986,7.6339,35287.73
1787377500000,7.6428,7.7553,7.6318,7.7063,17338.49
1787378400000,7.7067,7.7137,7.5741,7.617,35976.38
1787379300000,7.6156,7.672,7.6156,7.6502,19290.97
1787380200000,7.6493,7.7148,7.5788,7.6835,17735.83
1787381100000,7.6884,7.7268,7.6612,7.6797,5449.06
1787382000000,7.6779,7.7032,7.6238,7.6672,42077.23
1787382900000,7.6662,7.731,7.6166,7.731,42685.41
1787383800000,7.7279,7.7434,7.6276,7.6424,17137.62
1787384700000,7.6423,7.6642,7.6042,7.6131,42041
1787385600000,7.616,7.6641,7.5718,7.6507,22882.44
1787386500000,7.6522,7.6522,7.5226,7.528,18313.29
1787387400000,7.5281,7.5629,7.4735,7.5543,35881.5
1787388300000,7.5523,7.5574,7.519,7.5426,7115.59
1787389200000,7.5492,7.588,7.4639,7.5839,6214.12
1787390100000,7.5854,7.6136,7.5499,7.583,6049.43
1787391000000,7.5829,7.5834,7.5466,7.5654,1431.7
1787391900000,7.5669,7.5669,7.4989,7.5345,2490.33
1787392800000,7.5346,7.5395,7.3926,7.4091,16647.89
1787393700000,7.4092,7.458,7.3562,7.451,13066.38
1787394600000,7.4501,7.5507,7.4413,7.5384,40092.48
1787395500000,7.5364,7.5379,7.4837,7.5095,2423.85
1787396400000,7.5096,7.5146,7.468,7.4958,857.95
1787397300000,7.4947,7.5079,7.4731,7.5013,1891.75
1787398200000,7.5001,7.546,7.4791,7.543,2170.01
1787399100000,7.5435,7.5443,7.5126,7.5329,1982
1787400000000,7.534,7.5964,7.5111,7.5903,3992.85
1787400900000,7.5918,7.6009,7.5805,7.5892,1822.91
1787401800000,7.5885,7.5945,7.5653,7.5942,2852.53
1787402700000,7.5928,7.5985,7.5531,7.5673,1079.87
1787403600000,7.5633,7.5792,7.5324,7.5621,1084.03
1787404500000,7.5622,7.5718,7.526,7.5399,660.56
1787405400000,7.539,7.5509,7.5157,7.5399,2312.47
1787406300000,7.5423,7.5689,7.5387,7.5486,806.88
1787407200000,7.5473,7.5564,7.472,7.4909,7606.19
1787408100000,7.491,7.5101,7.4629,7.4971,5390.76
1787409000000,7.4961,7.52,7.4703,7.4708,1595.46
1787409900000,7.4709,7.4821,7.4492,7.4784,3025.86
1787410800000,7.4794,7.4943,7.4376,7.4417,22267.27
1787411700000,7.4431,7.4792,7.4337,7.4764,6322.56
1787412600000,7.4742,7.51,7.4697,7.4818,5061.44
1787413500000,7.4815,7.4907,7.4559,7.4584,4447.91
1787414400000,7.4575,7.5009,7.4556,7.4937,6593.74
1787415300000,7.4916,7.5393,7.4893,7.5322,4596.18
1787416200000,7.5289,7.6393,7.5226,7.6222,9529.4
1787417100000,7.6223,7.6281,7.6021,7.6046,4870.86
1787418000000,7.6064,7.6109,7.5642,7.5813,5141.43
1787418900000,7.5826,7.6089,7.5584,7.5616,6415.75
1787419800000,7.5628,7.6021,7.5628,7.5933,9573.54
1787420700000,7.5932,7.6047,7.5862,7.5878,5683.34
1787421600000,7.5868,7.5955,7.5599,7.5761,5668.48
1787422500000,7.5822,7.5986,7.5801,7.5852,4942.79
1787423400000,7.5807,7.5941,7.5658,7.5658,7443.92
1787424300000,7.5657,7.5679,7.5346,7.5665,2972.98
1787425200000,7.5666,7.5724,7.5474,7.5633,2411.23
1787426100000,7.5662,7.5732,7.5396,7.5525,1130.66
1787427000000,7.5548,7.5869,7.5548,7.5861,2006.74
1787427900000,7.5852,7.6038,7.5767,7.5781,3967.19
1787428800000,7.5745,7.6061,7.5633,7.596,2396.05
1787429700000,7.596,7.6042,7.5604,7.5711,1229.9
1787430600000,7.5703,7.5859,7.5533,7.5698,228.12
1787431500000,7.5758,7.5831,7.5633,7.5831,616.32
1787432400000,7.571,7.5719,7.5027,7.5068,1290.16
1787433300000,7.5176,7.5434,7.5176,7.5331,331.83
1787434200000,7.53,7.5334,7.4653,7.495,8258.68
1787435100000,7.4968,7.4968,7.4409,7.4622,5769.18
1787436000000,7.4595,7.5126,7.4159,7.5026,6637.51
1787436900000,7.5076,7.5286,7.4924,7.5243,918.74
1787437800000,7.5173,7.5331,7.4885,7.5228,6020.09
1787438700000,7.5126,7.5267,7.4834,7.4897,3333.38
1787439600000,7.4926,7.5002,7.4697,7.4728,1180.27
1787440500000,7.4765,7.4912,7.4733,7.4819,270.45
1787441400000,7.4793,7.5018,7.4598,7.4938,362.59
1787442300000,7.4902,7.5168,7.4902,7.5018,689.95
1787443200000,7.5007,7.5099,7.4729,7.494,10478.95
1787444100000,7.494,7.5245,7.4865,7.5245,2123.12
1787445000000,7.5245,7.5652,7.5245,7.5483,5340.6
1787445900000,7.546,7.5909,7.546,7.5773,14637.05
1787446800000,7.574,7.574,7.5214,7.5526,960.43
1787447700000,7.5542,7.5542,7.5298,7.5361,888.83
1787448600000,7.5367,7.5498,7.515,7.5455,891.34
1787449500000,7.5438,7.5533,7.5074,7.5175,1394.2
1787450400000,7.5173,7.5176,7.4458,7.4458,1946.16
1787451300000,7.446,7.4744,7.4282,7.452,5237.6
1787452200000,7.45,7.4914,7.45,7.4725,6401.92
1787453100000,7.4721,7.5211,7.4623,7.4638,2201.65
1787454000000,7.4658,7.4681,7.4383,7.4577,1441.05
1787454900000,7.4593,7.4724,7.4164,7.4176,3787.7
1787455800000,7.4158,7.4162,7.3772,7.3811,10341.02
1787456700000,7.3922,7.4421,7.3922,7.4087,3185.98
1787457600000,7.408,7.4362,7.3565,7.4362,11798.83
1787458500000,7.4381,7.4476,7.3896,7.4153,841.17
1787459400000,7.4134,7.4134,7.3777,7.3777,12879.88
1787460300000,7.3793,7.38,7.3111,7.332,32973.55
1787461200000,7.3468,7.368,7.3134,7.3134,35424.82
1787462100000,7.3135,7.397,7.279,7.3636,14070.74
1787463000000,7.3636,7.3833,7.3335,7.3478,11408.38
1787463900000,7.3509,7.3534,7.3123,7.3123,2454.34
1787464800000,7.3194,7.3534,7.3,7.3511,18151.49
1787465700000,7.3502,7.3751,7.3472,7.3484,4105.95
1787466600000,7.3597,7.3828,7.3544,7.3604,2621.23
1787467500000,7.3656,7.3697,7.3293,7.3425,3429.56
1787468400000,7.3419,7.382,7.3321,7.3811,11635.66
1787469300000,7.3849,7.3949,7.3789,7.3889,1368.18
1787470200000,7.385,7.3882,7.3624,7.3745,1431.67
1787471100000,7.3727,7.3925,7.3567,7.3774,5401.29
1787472000000,7.3776,7.4205,7.3742,7.3982,2802.07
1787472900000,7.3986,7.4017,7.3899,7.4017,4327.16
1787473800000,7.4055,7.4392,7.3989,7.425,3126.68
1787474700000,7.4225,7.4256,7.399,7.4127,849.01
1787475600000,7.4058,7.4243,7.4058,7.4143,1191.54
1787476500000,7.4233,7.4233,7.406,7.415,1142.78
1787477400000,7.4087,7.415,7.3857,7.4108,3472.31
1787478300000,7.4106,7.4296,7.3992,7.4219,176.18
1787479200000,7.4216,7.4388,7.4212,7.4366,2744.56
1787480100000,7.4441,7.48,7.4373,7.4569,1487.62
1787481000000,7.452,7.4649,7.449,7.4592,4240.62
1787481900000,7.4537,7.4552,7.4367,7.4398,453.87
1787482800000,7.4399,7.4566,7.4342,7.4501,2702.14
1787483700000,7.4499,7.5254,7.4454,7.5007,2013.34
1787484600000,7.5043,7.5244,7.493,7.511,2137.59
1787485500000,7.5104,7.5354,7.4971,7.5279,3030.42
1787486400000,7.5331,7.5386,7.4872,7.5386,2916.75
1787487300000,7.5385,7.5506,7.5212,7.5273,2832.34
1787488200000,7.5254,7.5603,7.5254,7.5591,4169.69
1787489100000,7.558,7.558,7.5307,7.5499,657.39
1787490000000,7.5466,7.5602,7.5404,7.5491,479.36
1787490900000,7.5571,7.6326,7.553,7.5806,26592.23
1787491800000,7.5826,7.5988,7.5666,7.5872,7494.14
1787492700000,7.5898,7.6147,7.5806,7.6146,6015.33
1787493600000,7.6187,7.6662,7.6153,7.6464,11375.18
1787494500000,7.6495,7.6636,7.6096,7.6111,1620.23
1787495400000,7.6125,7.6199,7.4376,7.5036,25584.94
1787496300000,7.507,7.5773,7.507,7.5679,10936.74
1787497200000,7.5691,7.5923,7.531,7.5567,7531.73
1787498100000,7.5545,7.5823,7.5182,7.5823,5499.9
1787499000000,7.5874,7.6072,7.5617,7.6034,3765.6
1787499900000,7.5955,7.6057,7.5584,7.5584,3130.99
1787500800000,7.5661,7.5801,7.5483,7.5596,1515.77
1787501700000,7.5605,7.5694,7.537,7.553,759.82
1787502600000,7.5577,7.6016,7.5532,7.5754,14976.74
1787503500000,7.5771,7.5967,7.5743,7.5851,1588.13
1787504400000,7.5869,7.6003,7.5387,7.5937,8194.44
1787505300000,7.5901,7.6034,7.52,7.5611,116646.56
1787506200000,7.5645,7.5766,7.5369,7.5552,1773.53
1787507100000,7.5537,7.5674,7.5427,7.5474,9623.88
1787508000000,7.5474,7.5894,7.5445,7.5875,1320.47
1787508900000,7.5829,7.5894,7.5684,7.5871,2735.31
1787509800000,7.5811,7.5872,7.5748,7.5806,2550.03
1787510700000,7.5822,7.5899,7.574,7.5873,797.11
1787511600000,7.588,7.5959,7.5509,7.5682,3905.87
1787512500000,7.563,7.5736,7.5587,7.5638,2184.41
1787513400000,7.5596,7.577,7.5415,7.5759,719.97
1787514300000,7.578,7.5886,7.5514,7.5532,820.86
1787515200000,7.5438,7.5503,7.5158,7.5413,5282.94
1787516100000,7.5442,7.5743,7.5423,7.5712,8961.02
1787517000000,7.5636,7.5737,7.5617,7.5737,3229.14
1787517900000,7.5711,7.5776,7.5658,7.5776,542.26
1787518800000,7.5775,7.6367,7.5775,7.6308,3174.35
1787519700000,7.634,7.6771,7.6334,7.6744,18351.81
1787520600000,7.6775,7.6817,7.6185,7.6234,12443.52
1787521500000,7.6269,7.6531,7.6208,7.6306,10392.14
1787522400000,7.6343,7.6573,7.5888,7.6323,4065.43
1787523300000,7.63,7.6571,7.6217,7.6422,494.27
1787524200000,7.6396,7.6476,7.6246,7.6349,661.09
1787525100000,7.6313,7.6492,7.6199,7.6235,489.79
1787526000000,7.6201,7.634,7.5923,7.5988,7566
1787526900000,7.5964,7.6268,7.59,7.6215,9613.59
1787527800000,7.6227,7.65,7.592,7.592,543.44
1787528700000,7.605,7.6217,7.5992,7.6139,432.32
1787529600000,7.6118,7.6126,7.5465,7.5645,12012.73
1787530500000,7.5668,7.5668,7.504,7.5332,13771.7
1787531400000,7.5373,7.5531,7.4883,7.4998,15733.86
1787532300000,7.4852,7.5712,7.4704,7.5712,9053.72
1787533200000,7.5699,7.5759,7.5413,7.5413,1240.88
1787534100000,7.5373,7.5458,7.5072,7.5072,19122.49
1787535000000,7.5025,7.5181,7.4735,7.4774,10430.15
1787535900000,7.4775,7.4793,7.4152,7.42,46320.81
1787536800000,7.4222,7.4926,7.398,7.4878,26605.11
1787537700000,7.4957,7.5202,7.4957,7.5188,8431.57
1787538600000,7.5197,7.5369,7.51,7.5252,4516.05
1787539500000,7.5231,7.5252,7.4854,7.4953,1903.92
1787540400000,7.5058,7.5059,7.45,7.4566,3370.85
1787541300000,7.4505,7.4952,7.4473,7.4546,4342.13
1787542200000,7.4503,7.4669,7.4343,7.4503,2281.99
1787543100000,7.4615,7.4673,7.4503,7.4525,501.02
1787544000000,7.454,7.4791,7.454,7.4726,4496.65
1787544900000,7.4756,7.5133,7.4756,7.5021,1789.05
1787545800000,7.5064,7.5103,7.4851,7.5039,1010.13
1787546700000,7.5064,7.5065,7.4607,7.5064,666.35
1787547600000,7.5002,7.5252,7.4764,7.5234,5300.63
1787548500000,7.5275,7.5275,7.4877,7.4877,1008.66
1787549400000,7.4838,7.5119,7.4568,7.4996,2014.78
1787550300000,7.498,7.4982,7.4835,7.4923,350.62
1787551200000,7.4942,7.5155,7.4497,7.5155,1288.45
1787552100000,7.5095,7.5116,7.4834,7.4879,330.01
1787553000000,7.4877,7.4877,7.4353,7.4355,3139.13
1787553900000,7.4405,7.4849,7.4401,7.4792,753.98
1787554800000,7.4772,7.541,7.4766,7.5281,2234.79
1787555700000,7.529,7.529,7.4883,7.4948,271.65
1787556600000,7.4894,7.4894,7.4542,7.4589,6947.28
1787557500000,7.4539,7.4758,7.4539,7.4622,2227.17
1787558400000,7.4588,7.4715,7.4304,7.4507,3016.73
1787559300000,7.4473,7.448,7.406,7.4141,9423.81
1787560200000,7.4085,7.4572,7.4077,7.4558,2324.31
1787561100000,7.456,7.4565,7.4346,7.4457,2635.34
1787562000000,7.4384,7.494,7.4384,7.4902,1140.14
1787562900000,7.4931,7.4978,7.4786,7.4896,1888.65
1787563800000,7.4894,7.5002,7.4791,7.4791,1278.82
1787564700000,7.4868,7.4951,7.4771,7.4929,1276.32
1787565600000,7.4827,7.522,7.4806,7.5128,3945.4
1787566500000,7.5075,7.5143,7.494,7.4981,1246.9
1787567400000,7.4998,7.5139,7.4619,7.4619,1764.08
1787568300000,7.4733,7.4823,7.4491,7.4633,1555.85
1787569200000,7.4623,7.4769,7.4186,7.475,1137.62
1787570100000,7.4722,7.4966,7.4606,7.4922,1300.45
1787571000000,7.4912,7.5841,7.4912,7.5802,32930.85
1787571900000,7.5802,7.5802,7.533,7.5444,15207.63
1787572800000,7.5385,7.5392,7.5,7.5,15971.85
1787573700000,7.4998,7.5499,7.4684,7.5467,9421.5
1787574600000,7.543,7.5713,7.5143,7.5578,12891.77
1787575500000,7.5625,7.6221,7.5625,7.6005,19446.18
1787576400000,7.591,7.6151,7.5756,7.6041,16205.41
1787577300000,7.6026,7.6079,7.5736,7.5796,26875.44
1787578200000,7.5797,7.5797,7.4702,7.4893,19977.54
1787579100000,7.4845,7.5254,7.4495,7.5141,15475.17
1787580000000,7.5176,7.5549,7.5027,7.5549,6305.69
1787580900000,7.5564,7.5826,7.5207,7.553,3207.52
1787581800000,7.5559,7.6053,7.5559,7.5854,5210.32
1787582700000,7.5932,7.5932,7.541,7.5688,1363.02
1787583600000,7.5692,7.6046,7.5641,7.5898,11023.78
1787584500000,7.5873,7.6564,7.5857,7.6357,16483.8
1787585400000,7.6348,7.6464,7.5261,7.5546,6395.12
1787586300000,7.5528,7.5856,7.5179,7.5394,2387
1787587200000,7.541,7.6389,7.541,7.5851,105597.53
1787588100000,7.5834,7.6515,7.5801,7.6196,25384.94
1787589000000,7.626,7.626,7.5645,7.5898,5137.94
1787589900000,7.5901,7.5939,7.5426,7.561,3109.61
1787590800000,7.5614,7.5867,7.5109,7.5721,2858.02
1787591700000,7.5605,7.5608,7.4904,7.5005,38100.66
1787592600000,7.5006,7.5369,7.4986,7.5161,10981.26
1787593500000,7.5142,7.5365,7.5125,7.5287,9000.42
1787594400000,7.5287,7.5718,7.5287,7.5626,2476.04
1787595300000,7.564,7.5716,7.5563,7.5641,2292.99
1787596200000,7.5674,7.5728,7.5144,7.5374,2606.16
1787597100000,7.5383,7.5458,7.5096,7.5229,1810.11
1787598000000,7.5233,7.534,7.5115,7.5196,7834.21
1787598900000,7.5212,7.5324,7.5108,7.5303,4880.97
1787599800000,7.5268,7.5332,7.5196,7.5294,2178.54
1787600700000,7.528,7.5345,7.5134,7.5322,4298.81
1787601600000,7.5337,7.5472,7.5191,7.536,3404.19
1787602500000,7.532,7.5344,7.5182,7.5267,318.1
1787603400000,7.5269,7.566,7.5221,7.548,204.49
1787604300000,7.5472,7.5557,7.5424,7.5525,924.88
1787605200000,7.5588,7.5793,7.5587,7.5755,9513.46
1787606100000,7.5755,7.5805,7.5524,7.556,1111.41
1787607000000,7.556,7.563,7.5421,7.5564,5930.96
1787607900000,7.5549,7.571,7.5501,7.571,1318.19
1787608800000,7.5653,7.5872,7.5489,7.5553,458.08
1787609700000,7.5569,7.5614,7.5192,7.5234,178.41
1787610600000,7.5236,7.5432,7.5169,7.5238,615.57
1787611500000,7.5211,7.5325,7.5185,7.519,835.94
1787612400000,7.5207,7.5317,7.4975,7.5204,3730.71
1787613300000,7.5273,7.5335,7.5189,7.527,2834.46
1787614200000,7.5265,7.5459,7.5236,7.5442,809.87
1787615100000,7.5497,7.55,7.5312,7.5451,145.33
1787616000000,7.546,7.5691,7.5254,7.5509,4459.65
1787616900000,7.5472,7.5505,7.5108,7.539,2222.24
1787617800000,7.5365,7.606,7.5355,7.6044,5294.95
1787618700000,7.6047,7.6408,7.6008,7.6265,17688.38
1787619600000,7.6228,7.6437,7.5965,7.6058,9224.45
1787620500000,7.6021,7.6413,7.5896,7.6311,5869.22
1787621400000,7.6268,7.6357,7.6166,7.6166,6688.49
1787622300000,7.6147,7.6398,7.6037,7.6239,8660.31
1787623200000,7.6259,7.6303,7.5952,7.6066,7869.83
1787624100000,7.6057,7.7192,7.6018,7.7192,34448.26
1787625000000,7.7203,7.7399,7.696,7.7122,11140.91
1787625900000,7.7102,7.7216,7.6733,7.6888,14265.1
1787626800000,7.6915,7.7302,7.6864,7.708,8263.47
1787627700000,7.7057,7.7153,7.6671,7.6921,3760.65
1787628600000,7.6807,7.6946,7.6424,7.6424,1413.49
1787629500000,7.6462,7.6545,7.6086,7.6294,9565.36
1787630400000,7.6291,7.6542,7.6152,7.6542,6471.97
1787631300000,7.6542,7.6739,7.6347,7.6562,3522.15
1787632200000,7.6561,7.6628,7.635,7.641,4054.7
1787633100000,7.6424,7.6541,7.6356,7.6511,2554.69
1787634000000,7.6445,7.6883,7.6399,7.6829,5513.83
1787634900000,7.6828,7.7013,7.6788,7.6906,7720.07
1787635800000,7.6907,7.7049,7.6765,7.6765,10415.96
1787636700000,7.6749,7.6867,7.6718,7.6738,19408.47
1787637600000,7.6739,7.6765,7.6428,7.6519,12699.15
1787638500000,7.6551,7.6739,7.6501,7.663,1602.53
1787639400000,7.6551,7.6609,7.6279,7.629,1909.39
1787640300000,7.6316,7.6337,7.5597,7.5837,187159.1
1787641200000,7.5834,7.6211,7.5785,7.6135,26447.11
1787642100000,7.6154,7.6216,7.6093,7.6159,1600.7
1787643000000,7.6145,7.6159,7.5899,7.6025,1101.54
1787643900000,7.6058,7.6076,7.4803,7.5265,33107.44
1787644800000,7.5268,7.547,7.5223,7.5469,3982.35
1787645700000,7.5469,7.5788,7.5469,7.5688,7843.93
1787646600000,7.5688,7.5738,7.5414,7.5462,15488.15
1787647500000,7.5484,7.5484,7.5197,7.5323,4079.84
1787648400000,7.5328,7.5426,7.5223,7.5358,2789.98
1787649300000,7.5344,7.5443,7.5267,7.5353,2640.76
1787650200000,7.5368,7.5423,7.5289,7.5356,1082.51
1787651100000,7.5339,7.5367,7.4901,7.5246,4265.68
1787652000000,7.5281,7.5306,7.4983,7.522,38770.63
1787652900000,7.5222,7.5301,7.5168,7.522,1282.72
1787653800000,7.5168,7.53,7.5168,7.5237,958.09
1787654700000,7.5255,7.5333,7.5233,7.5261,198.42
1787655600000,7.5258,7.5308,7.5123,7.5142,1245.6
1787656500000,7.5156,7.5314,7.5137,7.5237,1459.06
1787657400000,7.5219,7.548,7.5168,7.5175,776.81
1787658300000,7.5161,7.5239,7.5141,7.516,4437.56
1787659200000,7.517,7.5306,7.4899,7.5306,939.53
1787660100000,7.5255,7.5259,7.5005,7.5118,788.78
1787661000000,7.5156,7.5277,7.5004,7.5158,378.36
1787661900000,7.5159,7.5335,7.5143,7.5257,424.89
1787662800000,7.5243,7.5283,7.5151,7.5181,5701.68
1787663700000,7.5183,7.5183,7.4518,7.4651,13495.13
1787664600000,7.4533,7.5193,7.4533,7.4811,11757.76
1787665500000,7.4757,7.4757,7.3222,7.4087,38997.91
1787666400000,7.4074,7.4627,7.3919,7.4527,44050.43
1787667300000,7.4505,7.4954,7.4364,7.4913,7348.29
1787668200000,7.4848,7.5105,7.468,7.4923,5409.63
1787669100000,7.4991,7.5051,7.487,7.489,1243.13
1787670000000,7.4936,7.5024,7.4569,7.4586,581.64
1787670900000,7.456,7.4902,7.45,7.477,527.79
1787671800000,7.4778,7.5,7.475,7.4851,7673.84
1787672700000,7.485,7.5063,7.4672,7.5063,1479.75
1787673600000,7.506,7.5311,7.4836,7.4836,8924.07
1787674500000,7.4886,7.4994,7.471,7.4843,828.46
1787675400000,7.4837,7.4989,7.4837,7.4902,849.5
1787676300000,7.4846,7.4941,7.457,7.4644,4881.28
1787677200000,7.4625,7.4625,7.4334,7.4566,3175.43
1787678100000,7.4596,7.4747,7.4303,7.4361,1241.04
1787679000000,7.4346,7.4766,7.4346,7.4745,507.9
1787679900000,7.4698,7.4956,7.4698,7.4827,12382.29
1787680800000,7.4842,7.4956,7.4745,7.4926,390.87
1787681700000,7.4963,7.517,7.4924,7.5112,376.84
1787682600000,7.5099,7.517,7.5006,7.5152,209.27
1787683500000,7.5142,7.5156,7.4867,7.495,876.2
1787684400000,7.4958,7.501,7.4701,7.4875,207.61
1787685300000,7.4902,7.4946,7.4657,7.4695,4251.29
1787686200000,7.4634,7.4765,7.4534,7.4534,4179.31
1787687100000,7.4534,7.4666,7.4493,7.4571,4478.14
1787688000000,7.4571,7.4571,7.3985,7.4305,14872.5
1787688900000,7.4307,7.454,7.4283,7.4283,1125.37
1787689800000,7.427,7.427,7.3436,7.3573,18688.97
1787690700000,7.3564,7.3656,7.3401,7.3431,2558.66
1787691600000,7.3493,7.3662,7.2262,7.3113,40722.81
1787692500000,7.308,7.3285,7.2935,7.3265,7434.62
1787693400000,7.3259,7.3564,7.3259,7.3514,3023.48
1787694300000,7.3508,7.3517,7.3359,7.3477,1996.62
1787695200000,7.3432,7.3828,7.3432,7.3795,1725.77
1787696100000,7.3797,7.385,7.3593,7.3625,463.73
1787697000000,7.3587,7.3831,7.3587,7.3706,402.73
1787697900000,7.3763,7.391,7.3756,7.3866,802.6
1787698800000,7.3858,7.3944,7.3802,7.3817,1016.92
1787699700000,7.3783,7.3884,7.3578,7.3679,416.78
1787700600000,7.3703,7.3703,7.3302,7.334,689.6
1787701500000,7.3305,7.3322,7.3126,7.3224,5351.84
1787702400000,7.3232,7.3309,7.2909,7.2944,3876.56
1787703300000,7.2951,7.3335,7.2951,7.3325,2724.63
1787704200000,7.3348,7.3426,7.3174,7.3284,4940.06
1787705100000,7.3352,7.3615,7.3212,7.3583,647.8
1787706000000,7.3551,7.3893,7.3551,7.3734,1456.29
1787706900000,7.3722,7.3851,7.3501,7.3501,303.31
1787707800000,7.3501,7.3809,7.3501,7.3672,132.62
1787708700000,7.3685,7.3685,7.3562,7.3654,2163.59
1787709600000,7.3695,7.3756,7.3531,7.3593,162.01
1787710500000,7.3649,7.4143,7.3649,7.4143,3328.77
1787711400000,7.4103,7.4131,7.3837,7.3913,4761.66
1787712300000,7.3923,7.3923,7.3808,7.3895,85.83
1787713200000,7.3845,7.3957,7.3658,7.3674,151.99
1787714100000,7.3673,7.3714,7.3599,7.3614,1525.13
1787715000000,7.3604,7.3652,7.3475,7.3581,252.57
1787715900000,7.3591,7.3702,7.3435,7.3694,1347.2
1787716800000,7.3632,7.3757,7.3426,7.3549,781.08
1787717700000,7.3584,7.368,7.3551,7.3551,532.31
1787718600000,7.3603,7.3656,7.3459,7.3576,511.43
1787719500000,7.3546,7.3546,7.3291,7.3311,786.48
1787720400000,7.3322,7.333,7.3022,7.3214,2453.19
1787721300000,7.3203,7.3502,7.3099,7.3472,1379.87
1787722200000,7.3409,7.3633,7.3409,7.3561,110.89
1787723100000,7.3621,7.3693,7.3573,7.3693,745.08
1787724000000,7.3702,7.3989,7.3686,7.3832,840.8
1787724900000,7.3846,7.3933,7.3749,7.3828,11019.04
1787725800000,7.3824,7.3882,7.3634,7.3837,188.81
1787726700000,7.3815,7.3915,7.3764,7.3908,382.61
1787727600000,7.3871,7.4098,7.3869,7.3904,394.71
1787728500000,7.3951,7.4145,7.3936,7.4091,199.42
1787729400000,7.4036,7.4093,7.3991,7.4025,240.73
1787730300000,7.4032,7.4107,7.3889,7.3892,307.28
1787731200000,7.3896,7.4123,7.3715,7.394,1809.83
1787732100000,7.3916,7.4022,7.38,7.3883,1599.73
1787733000000,7.3867,7.3979,7.3787,7.3979,472.26
1787733900000,7.3954,7.3955,7.3495,7.364,482.41
1787734800000,7.363,7.3827,7.363,7.37,315.64
1787735700000,7.3699,7.3699,7.3144,7.3208,28764.53
1787736600000,7.3172,7.3316,7.3026,7.3026,596.95
1787737500000,7.307,7.3181,7.2797,7.3165,688.2
1787738400000,7.3132,7.3154,7.3005,7.3143,1348.87
1787739300000,7.319,7.3588,7.319,7.3551,2697.68
1787740200000,7.3506,7.392,7.3496,7.389,977.36
1787741100000,7.3841,7.409,7.3841,7.3999,847.19
1787742000000,7.4017,7.4059,7.3941,7.396,2258.05
1787742900000,7.396,7.4041,7.3581,7.3581,1337.39
1787743800000,7.3574,7.3593,7.3171,7.3397,4944.42
1787744700000,7.3331,7.3442,7.3228,7.3308,274.25
1787745600000,7.3381,7.339,7.2956,7.309,18509.89
1787746500000,7.3124,7.3864,7.3124,7.3864,3305.72
1787747400000,7.368,7.3682,7.2554,7.336,39161.65
1787748300000,7.3492,7.3583,7.3391,7.3443,1348.22
1787749200000,7.3438,7.3565,7.2978,7.3019,8473.39
1787750100000,7.3049,7.307,7.2652,7.2699,2037.13
1787751000000,7.2779,7.3321,7.2779,7.3175,6895.24
1787751900000,7.3177,7.3253,7.278,7.3039,1216.92
1787752800000,7.3022,7.3264,7.287,7.3099,1237.52
1787753700000,7.3096,7.3227,7.2772,7.2802,650.69
1787754600000,7.2764,7.2896,7.2407,7.2407,7296.85
1787755500000,7.2389,7.2431,7.1852,7.1982,40799.83
1787756400000,7.198,7.2208,7.1536,7.1927,23971.08
1787757300000,7.1928,7.2425,7.1837,7.2365,13219.32
1787758200000,7.2428,7.243,7.2168,7.2284,4198.99
1787759100000,7.2327,7.2451,7.2244,7.2244,2114.4
1787760000000,7.2373,7.25,7.2196,7.2196,2894.82
1787760900000,7.2244,7.2323,7.2017,7.2137,1402.68
1787761800000,7.2135,7.2196,7.1908,7.192,635.68
1787762700000,7.1898,7.2279,7.1898,7.2073,585.55
1787763600000,7.2111,7.237,7.2061,7.2339,668.2
1787764500000,7.2386,7.2832,7.2386,7.281,4473.07
1787765400000,7.2809,7.2885,7.2569,7.2569,714.35
1787766300000,7.2557,7.2557,7.231,7.2412,494.91
1787767200000,7.2371,7.2556,7.2313,7.2384,1155.31
1787768100000,7.2358,7.2556,7.2342,7.2375,1389.32
1787769000000,7.2425,7.2475,7.2353,7.2353,124.9
1787769900000,7.2378,7.2524,7.2378,7.2468,902.37
1787770800000,7.244,7.2516,7.2399,7.2399,299.53
1787771700000,7.2402,7.276,7.2394,7.2736,4931.26
1787772600000,7.2726,7.2772,7.2474,7.2488,10781.81
1787773500000,7.2497,7.2651,7.2492,7.2524,4780.22
1787774400000,7.2507,7.259,7.2288,7.2478,2393.85
1787775300000,7.2447,7.2466,7.2039,7.2369,8089.85
1787776200000,7.2349,7.2413,7.2189,7.2357,5890.46
1787777100000,7.2369,7.2669,7.2363,7.2669,3508.31
1787778000000,7.2711,7.3135,7.2667,7.3099,2871.18
1787778900000,7.3139,7.325,7.3114,7.3129,11031.72
1787779800000,7.3205,7.3322,7.3035,7.3121,1598.18
1787780700000,7.3129,7.3496,7.312,7.3468,834.53
1787781600000,7.3412,7.3642,7.3407,7.357,14739.34
1787782500000,7.3592,7.3955,7.355,7.3913,9824.01
1787783400000,7.3882,7.392,7.3626,7.3757,2047.54
1787784300000,7.3749,7.3762,7.3503,7.3762,1168.26
1787785200000,7.3651,7.3809,7.362,7.3785,16384.96
1787786100000,7.377,7.4282,7.3755,7.4137,3720.15
1787787000000,7.4203,7.4249,7.4081,7.4249,2371.28
1787787900000,7.4301,7.4607,7.4249,7.4398,66427.8
1787788800000,7.4341,7.4448,7.4119,7.4132,11912.16
1787789700000,7.4116,7.4202,7.3881,7.3941,4525.67
1787790600000,7.3961,7.3972,7.3781,7.3873,6206.22
1787791500000,7.3834,7.3868,7.3664,7.3664,6176.07
1787792400000,7.3648,7.3648,7.337,7.3387,6571.64
1787793300000,7.3366,7.3887,7.3366,7.3843,1921.28
1787794200000,7.3862,7.4048,7.3783,7.3824,987.87
1787795100000,7.3771,7.4056,7.3755,7.3866,1147.89
1787796000000,7.3859,7.3998,7.3846,7.3866,2280.73
1787796900000,7.3855,7.3863,7.3545,7.3545,4099.29
1787797800000,7.3534,7.3666,7.3379,7.3379,259.23
1787798700000,7.3388,7.3564,7.3388,7.3471,1414.19
1787799600000,7.3484,7.3543,7.328,7.3306,1072.68
1787800500000,7.3303,7.3787,7.3277,7.373,2941.39
1787801400000,7.3735,7.3735,7.3438,7.3438,1191.43
1787802300000,7.3438,7.3534,7.3357,7.3455,1726.87
1787803200000,7.3494,7.3564,7.342,7.3564,972.02
1787804100000,7.3619,7.375,7.3524,7.3524,690.1
1787805000000,7.3504,7.3504,7.316,7.3475,15846.69
1787805900000,7.3494,7.3494,7.3213,7.3332,14360.21
1787806800000,7.3351,7.3369,7.3188,7.32,14448.36
1787807700000,7.3183,7.3302,7.3076,7.3102,17046.74
1787808600000,7.3105,7.3341,7.292,7.3155,14428.64
1787809500000,7.3185,7.3553,7.3185,7.3472,3100.76
1787810400000,7.3434,7.3434,7.3197,7.3293,10316.5
1787811300000,7.3302,7.3341,7.3205,7.3304,1776.11
1787812200000,7.3317,7.358,7.3317,7.3558,941.81
1787813100000,7.3579,7.3732,7.3579,7.3677,5157.21
1787814000000,7.367,7.3707,7.3619,7.3666,7147.37
1787814900000,7.3619,7.3694,7.3531,7.361,2099.08
1787815800000,7.3611,7.3723,7.3581,7.361,1277.59
1787816700000,7.3599,7.3834,7.3599,7.3749,3995.51
1787817600000,7.3773,7.4413,7.3719,7.4177,33514.06
1787818500000,7.4141,7.4298,7.3966,7.4298,5552.25
1787819400000,7.4299,7.4561,7.4264,7.4451,7077.32
1787820300000,7.4521,7.4745,7.446,7.4707,4038.55
1787821200000,7.4676,7.4688,7.4444,7.4598,32899.56
1787822100000,7.4619,7.516,7.4534,7.5017,8517.78
1787823000000,7.5008,7.5062,7.4631,7.4658,20509.28
1787823900000,7.4655,7.4797,7.438,7.4518,18125.17
1787824800000,7.4456,7.4655,7.4183,7.432,53075.84
1787825700000,7.4372,7.442,7.3495,7.3962,16616.82
1787826600000,7.3952,7.4064,7.3551,7.4,5274.05
1787827500000,7.4067,7.4145,7.3856,7.4145,4096.83
1787828400000,7.4079,7.4318,7.4068,7.4275,1758.51
1787829300000,7.428,7.4305,7.3844,7.3851,2926.11
1787830200000,7.3862,7.4119,7.3764,7.4119,3441.24
1787831100000,7.4043,7.4074,7.3731,7.3937,499.86
1787832000000,7.3919,7.4064,7.3791,7.4064,1999.82
1787832900000,7.4096,7.4213,7.4027,7.4197,1624.04
1787833800000,7.416,7.4241,7.384,7.384,1678.72
1787834700000,7.3874,7.4029,7.386,7.396,1500.19
1787835600000,7.4042,7.4359,7.3975,7.4347,1459.16
1787836500000,7.4372,7.5535,7.4229,7.4391,55541.62
1787837400000,7.4272,7.4419,7.3939,7.4034,9981.88
1787838300000,7.4144,7.4735,7.4038,7.4657,110341
1787839200000,7.4667,7.5093,7.4552,7.4826,31905.39
1787840100000,7.4858,7.5199,7.4707,7.5059,18176.39
1787841000000,7.5064,7.5473,7.495,7.5301,17486.74
1787841900000,7.52,7.5278,7.4899,7.5055,2254.52
1787842800000,7.5061,7.5759,7.5018,7.5527,16283.34
1787843700000,7.5425,7.5445,7.5152,7.5305,10326.27
1787844600000,7.5276,7.5457,7.5082,7.5294,3854.78
1787845500000,7.5278,7.5332,7.5159,7.5177,441.79
1787846400000,7.5201,7.5385,7.5023,7.5209,2076.72
1787847300000,7.5337,7.5384,7.5254,7.5265,3986.48
1787848200000,7.5276,7.5389,7.5214,7.5389,1446.07
1787849100000,7.5481,7.5512,7.5211,7.5241,2185.51
1787850000000,7.5276,7.5583,7.5163,7.5583,920.15
1787850900000,7.5541,7.5797,7.5392,7.541,17114.49
1787851800000,7.5421,7.5582,7.5228,7.5233,2002.97
1787852700000,7.5186,7.5398,7.5165,7.5282,7852.5
1787853600000,7.5265,7.527,7.4598,7.4831,153573.48
1787854500000,7.4837,7.4977,7.4565,7.4694,14305.05
1787855400000,7.4708,7.4888,7.4708,7.4815,1124.96
1787856300000,7.4828,7.5081,7.4805,7.5069,2027.69
1787857200000,7.5108,7.5153,7.4986,7.5013,3602.58
1787858100000,7.4976,7.5011,7.4832,7.4916,1341.74
1787859000000,7.4931,7.5002,7.4851,7.4871,2283.8
1787859900000,7.4902,7.4982,7.4778,7.4789,1530.35
1787860800000,7.4802,7.4891,7.4668,7.4707,3343.48
1787861700000,7.4727,7.5021,7.4727,7.4879,1402.43
1787862600000,7.4861,7.5156,7.4832,7.5131,4948.94
1787863500000,7.5138,7.5218,7.501,7.5191,16500.04
1787864400000,7.5234,7.5234,7.5055,7.5105,720.49
1787865300000,7.507,7.5126,7.4934,7.4934,783.41
1787866200000,7.4974,7.5127,7.4851,7.4882,4408.52
1787867100000,7.4926,7.5146,7.4926,7.5115,4414.9
1787868000000,7.516,7.5336,7.5138,7.5273,1182.93
1787868900000,7.5283,7.5373,7.5063,7.5124,1507.43
1787869800000,7.5125,7.5201,7.5119,7.5195,165.18
1787870700000,7.5179,7.5179,7.5085,7.5172,1779.28
1787871600000,7.5148,7.5184,7.5076,7.5144,494.35
1787872500000,7.5101,7.5585,7.5101,7.5262,59002.46
1787873400000,7.5258,7.5303,7.5174,7.5197,9109.22
1787874300000,7.5168,7.5301,7.5118,7.5253,842.02
1787875200000,7.5264,7.5304,7.5141,7.5216,3598.48
1787876100000,7.5209,7.5337,7.52,7.5282,17469.23
1787877000000,7.5295,7.5363,7.5156,7.5292,923.59
1787877900000,7.5289,7.5318,7.5172,7.5193,1125
1787878800000,7.5208,7.5327,7.52,7.5286,984.86
1787879700000,7.5247,7.5703,7.5247,7.5676,11100.07
1787880600000,7.5698,7.595,7.5401,7.5468,13321.56
1787881500000,7.5448,7.5455,7.5019,7.5142,13054.7
1787882400000,7.5177,7.519,7.4881,7.4881,881.51
1787883300000,7.4873,7.4873,7.4236,7.4443,17489.67
1787884200000,7.4456,7.4608,7.42,7.4447,7678.58
1787885100000,7.4396,7.4412,7.4091,7.4388,5690.84
1787886000000,7.4341,7.4437,7.4107,7.429,1666.76
1787886900000,7.4325,7.461,7.4325,7.446,1927.95
1787887800000,7.448,7.4546,7.4314,7.4343,475.78
1787888700000,7.4341,7.449,7.4299,7.4406,368.7
1787889600000,7.439,7.446,7.4051,7.445,1848.55
1787890500000,7.4497,7.4565,7.4445,7.454,2500.33
1787891400000,7.452,7.452,7.4195,7.4282,156.94
1787892300000,7.4299,7.4363,7.4228,7.4338,383.43
1787893200000,7.4237,7.4466,7.4223,7.4387,50033.32
1787894100000,7.4392,7.4429,7.4226,7.4427,1373.62
1787895000000,7.4411,7.466,7.441,7.4602,699.58
1787895900000,7.4617,7.4705,7.4586,7.4617,549.72
1787896800000,7.4705,7.4966,7.4705,7.494,985.64
1787897700000,7.4938,7.4938,7.4767,7.4767,473.52
1787898600000,7.4746,7.4887,7.4729,7.4868,529.43
1787899500000,7.4867,7.5034,7.4867,7.4869,11863.23
1787900400000,7.487,7.489,7.4122,7.416,74144.48
1787901300000,7.4184,7.4456,7.4184,7.4456,51773.57
1787902200000,7.4418,7.4418,7.4108,7.4141,1888.58
1787903100000,7.411,7.4181,7.3976,7.4098,1825.4
1787904000000,7.4055,7.4345,7.4055,7.4172,7205.08
1787904900000,7.4151,7.4364,7.4151,7.4245,1564.1
1787905800000,7.4244,7.4303,7.4179,7.4179,1318.32
1787906700000,7.4121,7.4121,7.3787,7.3923,8771.95
1787907600000,7.3964,7.3964,7.3746,7.3746,13865.25
1787908500000,7.3851,7.3945,7.3839,7.384,6926.17
1787909400000,7.385,7.3861,7.3616,7.3633,14022.59
1787910300000,7.3628,7.3734,7.361,7.3623,1172.36
1787911200000,7.3629,7.3657,7.3164,7.3535,12996.99
1787912100000,7.3571,7.37,7.3521,7.3681,2007.97
1787913000000,7.368,7.391,7.368,7.3861,4239.42
1787913900000,7.3809,7.413,7.3809,7.413,2007.34
1787914800000,7.4132,7.4447,7.4132,7.4375,1797.87
1787915700000,7.4403,7.4424,7.4264,7.4328,1658.63
1787916600000,7.4325,7.437,7.4172,7.4194,250.77
1787917500000,7.421,7.431,7.4185,7.4252,339.79
1787918400000,7.4214,7.4251,7.4032,7.4032,2508.78
1787919300000,7.4063,7.423,7.3961,7.3981,322.44
1787920200000,7.3973,7.3973,7.3879,7.3962,286
1787921100000,7.4007,7.4038,7.3923,7.399,328.76
1787922000000,7.3948,7.4114,7.3948,7.3984,1801.63
1787922900000,7.3961,7.3961,7.3676,7.3785,8991.45
1787923800000,7.3731,7.3889,7.3574,7.3619,1991.55
1787924700000,7.3629,7.4076,7.3629,7.3962,20494.86
1787925600000,7.3897,7.4338,7.284,7.3248,103628.99
1787926500000,7.3251,7.3775,7.3161,7.368,4904
1787927400000,7.3755,7.4683,7.3583,7.4333,10003.79
1787928300000,7.4333,7.4443,7.4047,7.4283,2380.24
1787929200000,7.4403,7.4517,7.3836,7.3904,1195.09
1787930100000,7.3864,7.4471,7.3864,7.4217,3790.15
1787931000000,7.4209,7.4254,7.3549,7.3563,4086.53
1787931900000,7.3571,7.3725,7.3199,7.3248,4550.52
1787932800000,7.3244,7.3325,7.2565,7.2775,25077.43
1787933700000,7.2825,7.2933,7.2031,7.2607,25351.04
1787934600000,7.2617,7.3189,7.2584,7.3004,4315.21
1787935500000,7.2946,7.3172,7.2946,7.3048,2006.54
1787936400000,7.2976,7.31,7.2821,7.31,1792.49
1787937300000,7.311,7.3154,7.2733,7.2833,745.21
1787938200000,7.277,7.291,7.2609,7.2667,46007.58
1787939100000,7.2694,7.2972,7.2694,7.2883,10652.29
1787940000000,7.2853,7.2854,7.2634,7.2634,7728.22
1787940900000,7.2617,7.2621,7.2296,7.2451,5046.16
1787941800000,7.2429,7.2429,7.2028,7.2107,3507.51
1787942700000,7.2177,7.2399,7.2001,7.2399,10027.17
1787943600000,7.2433,7.2637,7.2428,7.2608,3616.9
1787944500000,7.2554,7.2835,7.2518,7.2827,701.18
1787945400000,7.2761,7.2812,7.2673,7.2705,159.19
1787946300000,7.2715,7.2772,7.2578,7.2652,437.58
1787947200000,7.266,7.2819,7.2581,7.2819,470.68
1787948100000,7.2772,7.2846,7.2603,7.2837,674.56
1787949000000,7.2763,7.2792,7.2605,7.2792,145.89
1787949900000,7.275,7.2812,7.2681,7.2698,82.04
1787950800000,7.2723,7.277,7.2578,7.277,1103.87
1787951700000,7.279,7.2854,7.2667,7.2819,716.84
1787952600000,7.287,7.2966,7.2723,7.2754,400.76
1787953500000,7.2736,7.2736,7.2455,7.2538,506
1787954400000,7.2515,7.2653,7.247,7.2653,813.64
1787955300000,7.2638,7.2812,7.2606,7.2808,11766.62
1787956200000,7.2799,7.2956,7.2767,7.2956,726.81
1787957100000,7.2955,7.3058,7.2954,7.3016,502.25
1787958000000,7.2991,7.32,7.2958,7.3185,20064.61
1787958900000,7.3145,7.3145,7.2995,7.3089,1722.13
1787959800000,7.3068,7.312,7.3053,7.3059,568.45
1787960700000,7.3059,7.3059,7.2983,7.3046,1134.51
1787961600000,7.3008,7.3131,7.3003,7.3003,1870.35
1787962500000,7.3003,7.3252,7.3003,7.3237,1556.87
1787963400000,7.3236,7.3255,7.3102,7.3118,19961.45
1787964300000,7.3092,7.3092,7.293,7.2949,197.39
1787965200000,7.2935,7.2946,7.2845,7.2875,3222.56
1787966100000,7.2868,7.3076,7.2868,7.3076,3272.55
1787967000000,7.3092,7.3092,7.2991,7.3013,175.99
1787967900000,7.2961,7.3043,7.2899,7.2984,372.68
1787968800000,7.299,7.3054,7.2923,7.2932,93.82
1787969700000,7.2882,7.2882,7.2574,7.2636,256.64
1787970600000,7.2649,7.2856,7.2547,7.2745,50359.95
1787971500000,7.275,7.2853,7.27,7.2792,691.99
1787972400000,7.2802,7.2862,7.2696,7.2739,317.93
1787973300000,7.2717,7.2841,7.2675,7.2811,1071.03
1787974200000,7.2807,7.2807,7.2651,7.267,203.7
1787975100000,7.2651,7.2662,7.2579,7.2579,219.19
1787976000000,7.2577,7.2772,7.2557,7.2764,1679.65
1787976900000,7.2788,7.2828,7.2739,7.2776,335.24
1787977800000,7.2813,7.29,7.2774,7.2822,589.99
1787978700000,7.282,7.3043,7.282,7.2955,538.79
1787979600000,7.2955,7.3056,7.2923,7.3032,357.68
1787980500000,7.3037,7.31,7.3003,7.3089,139.02
1787981400000,7.3062,7.31,7.2997,7.3047,101.38
1787982300000,7.3056,7.3113,7.296,7.3113,70.03
1787983200000,7.3087,7.3091,7.2668,7.2668,51670.35
1787984100000,7.265,7.2755,7.2581,7.2667,1116.35
1787985000000,7.2683,7.2736,7.2667,7.2716,933.74
1787985900000,7.2723,7.278,7.2718,7.2739,941.69
1787986800000,7.2766,7.2821,7.269,7.2697,894.49
1787987700000,7.2663,7.2757,7.2649,7.2737,1636.93
1787988600000,7.2712,7.279,7.2697,7.2734,98.29
1787989500000,7.2721,7.2735,7.2649,7.2667,1523.03
1787990400000,7.2649,7.2649,7.2399,7.2439,3831.08
1787991300000,7.2441,7.2521,7.2432,7.2518,224.86
1787992200000,7.2523,7.2523,7.234,7.2355,2756.02
1787993100000,7.234,7.2371,7.2242,7.2371,7188.39
1787994000000,7.2374,7.2473,7.2357,7.2459,1963.54
1787994900000,7.2466,7.2542,7.246,7.2502,3341.34
1787995800000,7.2505,7.2583,7.2505,7.2564,1193.29
1787996700000,7.2519,7.2554,7.248,7.2522,294.63
1787997600000,7.2489,7.2511,7.2375,7.2511,97.73
1787998500000,7.2539,7.2786,7.2539,7.2679,5502.31
1787999400000,7.2674,7.2674,7.254,7.2553,618.34
1788000300000,7.2599,7.268,7.2597,7.2597,331.28
1788001200000,7.2572,7.2612,7.2468,7.2596,750.13
1788002100000,7.2588,7.2588,7.2473,7.2507,82.93
1788003000000,7.249,7.2586,7.2454,7.2467,1935.7
1788003900000,7.246,7.2613,7.246,7.2556,989.86
1788004800000,7.2545,7.2691,7.2545,7.2691,1001.45
1788005700000,7.2756,7.2831,7.2646,7.2657,1404.44
1788006600000,7.2705,7.2786,7.2617,7.2786,344.3
1788007500000,7.2798,7.2819,7.2728,7.2769,210.03
1788008400000,7.2772,7.2779,7.2625,7.2682,234.73
1788009300000,7.2684,7.28,7.2665,7.2749,4117.24
1788010200000,7.2731,7.2806,7.2686,7.2695,1950.21
1788011100000,7.2695,7.2994,7.2695,7.2966,270.41
1788012000000,7.2911,7.3078,7.2911,7.3078,339.01
1788012900000,7.3067,7.3258,7.3028,7.3128,652.54
1788013800000,7.3136,7.3545,7.3116,7.3433,1154.05
1788014700000,7.344,7.3657,7.344,7.3555,902.33
1788015600000,7.3557,7.3602,7.3337,7.3355,1893.09
1788016500000,7.3402,7.3434,7.3226,7.3262,549.65
1788017400000,7.3234,7.3273,7.3179,7.3226,6407.08
1788018300000,7.3206,7.3333,7.3196,7.3253,162.56
1788019200000,7.3315,7.3337,7.3234,7.3307,597.97
1788020100000,7.3353,7.3362,7.3012,7.3058,2996.44
1788021000000,7.3035,7.3226,7.3002,7.3188,3460.36
1788021900000,7.3219,7.3277,7.3151,7.317,1020.93
1788022800000,7.3147,7.3197,7.3051,7.3051,385.27
1788023700000,7.3095,7.3095,7.2817,7.2817,578.64
1788024600000,7.2855,7.2886,7.2684,7.2856,2486.72
1788025500000,7.2856,7.2923,7.2761,7.2822,340.58
1788026400000,7.291,7.2936,7.2829,7.2915,788.75
1788027300000,7.2937,7.3105,7.2919,7.3095,1240.91
1788028200000,7.3049,7.3206,7.3019,7.3149,256.96
1788029100000,7.3111,7.326,7.3111,7.3131,593.71
1788030000000,7.3171,7.3264,7.3168,7.3264,211.61
1788030900000,7.3284,7.3353,7.3153,7.3242,10160.78
1788031800000,7.3231,7.3698,7.3099,7.3205,108484.21
1788032700000,7.3204,7.3261,7.3114,7.3185,26796.98
1788033600000,7.3184,7.3268,7.3151,7.3216,516.51
1788034500000,7.3243,7.3323,7.3196,7.3201,1222.07
1788035400000,7.3196,7.3258,7.3139,7.3238,1390.17
1788036300000,7.3237,7.3244,7.3196,7.3209,210.15
1788037200000,7.3201,7.3315,7.3083,7.3188,1855.54
1788038100000,7.3205,7.3259,7.3059,7.3059,103.27
1788039000000,7.3066,7.3136,7.3051,7.3059,1473.75
1788039900000,7.3065,7.3164,7.3035,7.3035,1606.85
1788040800000,7.3067,7.3183,7.3027,7.3082,1213.64
1788041700000,7.3099,7.3117,7.3038,7.3117,1938.7
1788042600000,7.3175,7.3233,7.3163,7.3218,92.2
1788043500000,7.3249,7.325,7.3216,7.3224,644.61
1788044400000,7.3211,7.3279,7.321,7.3248,4452.75
1788045300000,7.326,7.3271,7.3088,7.3214,275.22
1788046200000,7.3202,7.3288,7.3168,7.3238,340.99
1788047100000,7.3226,7.3338,7.3226,7.3323,4612.45
1788048000000,7.3299,7.3308,7.319,7.3245,1464.13
1788048900000,7.3245,7.345,7.3245,7.3316,4148.82
1788049800000,7.333,7.3343,7.3125,7.3196,1431.27
1788050700000,7.3166,7.3235,7.3122,7.3122,2036.23
1788051600000,7.3115,7.3164,7.2855,7.2862,4058.84
1788052500000,7.2893,7.2893,7.2178,7.2803,209697.51
1788053400000,7.2776,7.2871,7.2725,7.282,967.89
1788054300000,7.2846,7.285,7.2702,7.2729,3579.21
1788055200000,7.2728,7.2776,7.2678,7.2776,2106.55
1788056100000,7.2737,7.2856,7.2713,7.2819,191.45
1788057000000,7.2795,7.2888,7.2728,7.2876,579.98
1788057900000,7.2819,7.2876,7.2784,7.284,178.53
1788058800000,7.279,7.2888,7.279,7.2865,763.2
1788059700000,7.2903,7.2962,7.2859,7.2921,14270.75
1788060600000,7.2895,7.3011,7.2892,7.2979,109.26
1788061500000,7.2936,7.2936,7.2876,7.2882,146.26
1788062400000,7.2906,7.3011,7.2893,7.2909,242.69
1788063300000,7.2934,7.2966,7.287,7.2966,210.76
1788064200000,7.2924,7.2925,7.2791,7.2818,547.79
1788065100000,7.2743,7.2818,7.2634,7.2818,1036.94
1788066000000,7.2841,7.3051,7.2841,7.2981,3492.95
1788066900000,7.2948,7.298,7.2933,7.2944,3926.07
1788067800000,7.2989,7.2991,7.2927,7.2944,213.4
1788068700000,7.2953,7.3017,7.2953,7.3011,735.29
1788069600000,7.3026,7.31,7.2991,7.31,1037.27
1788070500000,7.3112,7.3267,7.3086,7.3267,1501.94
1788071400000,7.3236,7.3399,7.322,7.3306,6247.6
1788072300000,7.3307,7.3441,7.3301,7.3428,5626.31
1788073200000,7.3449,7.3449,7.3352,7.3352,1967.35
1788074100000,7.3362,7.3362,7.3228,7.3251,247.41
1788075000000,7.3262,7.3295,7.322,7.322,98.12
1788075900000,7.3261,7.3276,7.3124,7.3247,1273.76
1788076800000,7.3219,7.3405,7.3219,7.3246,1807.54
1788077700000,7.3267,7.3343,7.3263,7.3301,843.17
1788078600000,7.3321,7.3381,7.3133,7.3149,2096.15
1788079500000,7.3119,7.3262,7.3051,7.3217,2266.25
1788080400000,7.3197,7.339,7.3197,7.339,345.06
1788081300000,7.337,7.3436,7.3149,7.3149,1545.33
1788082200000,7.3147,7.3289,7.3147,7.3213,1451.65
1788083100000,7.3233,7.3336,7.321,7.3336,1784.57
1788084000000,7.3362,7.3445,7.3259,7.333,1939.09
1788084900000,7.3337,7.3508,7.3337,7.347,3008.09
1788085800000,7.3496,7.378,7.3496,7.3759,10658.82
1788086700000,7.3784,7.3798,7.3667,7.3774,5008.72
1788087600000,7.3778,7.3905,7.3708,7.3881,1382.8
1788088500000,7.3869,7.3869,7.3673,7.3739,1063.73
1788089400000,7.3697,7.3697,7.3533,7.3668,144
1788090300000,7.3727,7.3814,7.3613,7.3814,377.67
1788091200000,7.3814,7.411,7.3777,7.3982,11829.96
1788092100000,7.3949,7.3949,7.3777,7.388,338.43
1788093000000,7.3843,7.397,7.3738,7.3845,393.8
1788093900000,7.3842,7.3946,7.38,7.3945,2186.91
1788094800000,7.392,7.393,7.3778,7.3778,398.5
1788095700000,7.381,7.3999,7.3809,7.3998,1390.16
1788096600000,7.3998,7.4267,7.3918,7.4245,59797.84
1788097500000,7.4274,7.435,7.4194,7.4238,3094.82
1788098400000,7.4263,7.43,7.4052,7.4146,10279.44
1788099300000,7.4075,7.4158,7.4065,7.4157,1377.92
1788100200000,7.4156,7.4226,7.4078,7.4146,157.39
1788101100000,7.4101,7.4219,7.4101,7.4209,1154.39
1788102000000,7.4275,7.431,7.3908,7.3914,1244.37
1788102900000,7.3899,7.4145,7.3876,7.4069,2330.45
1788103800000,7.4078,7.4218,7.4021,7.4138,2812.44
1788104700000,7.4105,7.415,7.3999,7.4065,735.89
1788105600000,7.4098,7.4648,7.4053,7.4624,4689.05
1788106500000,7.4545,7.4667,7.4228,7.4232,1373.42
1788107400000,7.4249,7.4455,7.4213,7.4346,259.08
1788108300000,7.4359,7.449,7.4314,7.4443,525.96
1788109200000,7.4426,7.4535,7.4272,7.4284,2896
1788110100000,7.4262,7.43,7.3824,7.3997,3720.15
1788111000000,7.4019,7.42,7.4011,7.42,558.49
1788111900000,7.4178,7.4181,7.4106,7.4181,223.28
1788112800000,7.4203,7.4209,7.3978,7.407,573.62
1788113700000,7.4078,7.4382,7.4012,7.4382,1052.3
1788114600000,7.4408,7.4564,7.4381,7.4411,4913.01
1788115500000,7.4416,7.4504,7.4387,7.4433,1135.02
1788116400000,7.4439,7.4439,7.4286,7.4346,952.81
1788117300000,7.4363,7.4376,7.4217,7.4218,1375.32
1788118200000,7.4218,7.4273,7.3948,7.3963,1436.71
1788119100000,7.3963,7.4094,7.3858,7.4053,2000.29
1788120000000,7.4146,7.4299,7.4126,7.4234,435.42
1788120900000,7.4214,7.4214,7.3985,7.3985,393.04
1788121800000,7.3953,7.3953,7.3254,7.3295,9362.98
1788122700000,7.3369,7.3735,7.3369,7.3587,2919.74
1788123600000,7.3606,7.3609,7.2847,7.3263,23093.85
1788124500000,7.3229,7.3347,7.313,7.3343,900.54
1788125400000,7.3373,7.3526,7.3296,7.3308,588.44
1788126300000,7.3309,7.3364,7.3205,7.334,1551.71
1788127200000,7.3337,7.3609,7.3237,7.3276,6193.73
1788128100000,7.3246,7.3246,7.29,7.2989,2063.04
1788129000000,7.2963,7.3144,7.2667,7.3082,2840.98
1788129900000,7.3086,7.3171,7.3006,7.3104,520.75
1788130800000,7.3048,7.3082,7.2836,7.2885,19601.89
1788131700000,7.2854,7.286,7.1033,7.1368,42957.49
1788132600000,7.1397,7.1574,7.0602,7.0942,34535.82
1788133500000,7.0968,7.122,7.0098,7.1106,89083.48
1788134400000,7.1073,7.1247,7.0744,7.12,14145.93
1788135300000,7.1225,7.1634,7.1182,7.1551,5442.74
1788136200000,7.1578,7.1774,7.1545,7.1631,2751.91
1788137100000,7.1641,7.1642,7.1468,7.1478,996.49
1788138000000,7.143,7.1538,7.1013,7.1182,6861.97
1788138900000,7.1154,7.144,7.1116,7.143,1572.78
1788139800000,7.1339,7.1501,7.1162,7.1225,2453.18
1788140700000,7.1208,7.128,7.1026,7.1027,441.23
1788141600000,7.1007,7.1688,7.0937,7.1688,2415.08
1788142500000,7.1561,7.1568,7.1314,7.133,1310.13
1788143400000,7.1332,7.1338,7.1113,7.1137,2070.28
1788144300000,7.1113,7.1144,7.078,7.0949,1954.57
1788145200000,7.0961,7.1259,7.0904,7.1211,28177.46
1788146100000,7.1208,7.1358,7.1112,7.1313,15696.02
1788147000000,7.1301,7.1464,7.1236,7.1454,13123.79
1788147900000,7.1461,7.1506,7.1362,7.1376,10137.8
1788148800000,7.1385,7.1466,7.1237,7.134,10072.05
1788149700000,7.1345,7.137,7.1217,7.1275,4096.53
1788150600000,7.1288,7.1361,7.1249,7.1335,1053.48
1788151500000,7.1318,7.15,7.1284,7.1466,1595.49
1788152400000,7.1405,7.1763,7.1405,7.1711,792.5
1788153300000,7.1717,7.2315,7.1717,7.2193,4024.16
1788154200000,7.218,7.2209,7.1957,7.1959,1835.17
1788155100000,7.1967,7.2121,7.1967,7.2121,398.21
1788156000000,7.1991,7.2163,7.1962,7.2162,2234.36
1788156900000,7.2174,7.2342,7.2004,7.2154,2645.8
1788157800000,7.2154,7.2162,7.203,7.2063,302.73
1788158700000,7.2058,7.2214,7.2058,7.2196,785.52
1788159600000,7.219,7.2265,7.2115,7.221,2592.01
1788160500000,7.2261,7.2407,7.2261,7.2302,21134.27
1788161400000,7.2276,7.2276,7.2154,7.2199,2186.94
1788162300000,7.221,7.2221,7.2111,7.2154,351.73
1788163200000,7.2122,7.228,7.1923,7.2171,3246.49
1788164100000,7.2071,7.2072,7.1833,7.2003,799.21
1788165000000,7.2008,7.2398,7.1966,7.2154,1543.52
1788165900000,7.2155,7.2222,7.2096,7.2137,3958.09
1788166800000,7.2123,7.228,7.2016,7.2069,1286.55
1788167700000,7.2053,7.2388,7.2044,7.23,795.52
1788168600000,7.2221,7.2293,7.2197,7.2293,67.16
1788169500000,7.2351,7.2388,7.2132,7.2217,222.17
1788170400000,7.2215,7.2216,7.1954,7.2168,1749.92
1788171300000,7.2143,7.2143,7.1892,7.1923,1391.45
1788172200000,7.1922,7.2133,7.1877,7.2132,1149.33
1788173100000,7.2118,7.2398,7.2116,7.2291,369.65
1788174000000,7.2307,7.2424,7.224,7.2323,690.48
1788174900000,7.229,7.2444,7.218,7.218,409.88
1788175800000,7.2186,7.2186,7.1962,7.1962,2950.56
1788176700000,7.2014,7.2021,7.177,7.1912,3470.39
1788177600000,7.1925,7.2295,7.189,7.2117,1579.73
1788178500000,7.2116,7.2168,7.1765,7.2004,338.98
1788179400000,7.1979,7.1982,7.1509,7.1631,3170.6
1788180300000,7.1642,7.1703,7.1549,7.1703,2832.11
1788181200000,7.1717,7.19,7.1688,7.177,395.39
1788182100000,7.176,7.1813,7.1627,7.1758,2143.17
1788183000000,7.1842,7.1952,7.1596,7.1627,1065.64
1788183900000,7.1573,7.1625,7.1304,7.1432,2002.54
1788184800000,7.1501,7.1563,7.141,7.1498,379.14
1788185700000,7.14,7.1733,7.14,7.1673,547.3
1788186600000,7.1666,7.2323,7.1625,7.2323,1361.14
1788187500000,7.2241,7.2328,7.2076,7.2267,947.39
1788188400000,7.2271,7.2281,7.1934,7.1952,319.41
1788189300000,7.1943,7.2165,7.1862,7.2105,1513.03
1788190200000,7.2106,7.2217,7.194,7.2174,602.28
1788191100000,7.2208,7.2208,7.1988,7.1988,4748.12
1788192000000,7.1992,7.2143,7.1777,7.1835,1232.75
1788192900000,7.1873,7.1945,7.1722,7.1838,1263.37
1788193800000,7.1931,7.2163,7.1871,7.2148,644.86
1788194700000,7.2149,7.2239,7.1987,7.1987,1162.63
1788195600000,7.1984,7.213,7.1923,7.2075,4729.69
1788196500000,7.208,7.2082,7.1768,7.1772,1310
1788197400000,7.186,7.2305,7.1859,7.218,874.43
1788198300000,7.2198,7.2355,7.2171,7.2268,1589.28
1788199200000,7.228,7.2288,7.2159,7.2163,1361.47
1788200100000,7.2217,7.2525,7.2183,7.2207,800.88
1788201000000,7.2227,7.2608,7.2222,7.2606,1081.1
1788201900000,7.2504,7.2504,7.2292,7.2369,2299.17
1788202800000,7.232,7.2475,7.232,7.2363,5292.63
1788203700000,7.2325,7.2325,7.1987,7.199,753.33
1788204600000,7.2004,7.2028,7.1856,7.1927,1866.21
1788205500000,7.1918,7.2112,7.1918,7.2099,527.94
1788206400000,7.2032,7.2134,7.2032,7.2132,756.51
1788207300000,7.215,7.233,7.2129,7.2129,784.07
1788208200000,7.2146,7.2226,7.2026,7.2226,893.52
1788209100000,7.2197,7.2228,7.2095,7.2145,1078.27
1788210000000,7.2167,7.2168,7.1981,7.2135,1560.18
1788210900000,7.2112,7.2274,7.2025,7.2263,6825.2
1788211800000,7.2274,7.2349,7.2274,7.2348,231.18
1788212700000,7.2349,7.245,7.2344,7.2357,376.9
1788213600000,7.2435,7.2435,7.2177,7.2177,98.64
1788214500000,7.2172,7.2178,7.21,7.215,1195.45
1788215400000,7.2151,7.2232,7.2134,7.2221,86.11
1788216300000,7.2217,7.2252,7.2151,7.2221,426.72
1788217200000,7.2134,7.2271,7.2078,7.2214,1106
1788218100000,7.2229,7.2295,7.222,7.2275,1834.06
1788219000000,7.2262,7.2283,7.2206,7.2252,3360.41
1788219900000,7.2216,7.2319,7.2212,7.2299,239.95
1788220800000,7.2279,7.2469,7.219,7.2452,13120.65
1788221700000,7.2471,7.2884,7.2471,7.2755,23141.41
1788222600000,7.2776,7.2783,7.2538,7.2576,4392.47
1788223500000,7.2592,7.2792,7.2592,7.272,322.85
1788224400000,7.2807,7.2932,7.2553,7.2553,21459.19
1788225300000,7.2568,7.2706,7.2494,7.2585,1711.26
1788226200000,7.2556,7.2808,7.2556,7.2804,297.43
1788227100000,7.2817,7.2826,7.2623,7.266,602.44
1788228000000,7.2598,7.2598,7.2312,7.2376,578.74
1788228900000,7.246,7.2597,7.2355,7.2479,328.02
1788229800000,7.2536,7.2626,7.2439,7.2439,2557.64
1788230700000,7.2467,7.2623,7.2453,7.2552,1836.51
1788231600000,7.2564,7.2594,7.2459,7.2539,791.91
1788232500000,7.2551,7.2641,7.2478,7.2633,202
1788233400000,7.2642,7.2939,7.2642,7.2854,458.6
1788234300000,7.2823,7.2823,7.2696,7.274,12704.21
1788235200000,7.2734,7.2841,7.2646,7.265,452.01
1788236100000,7.2676,7.285,7.2676,7.2819,1811.28
1788237000000,7.2811,7.2847,7.2685,7.2701,330.05
1788237900000,7.2684,7.2702,7.258,7.258,283.5
1788238800000,7.2616,7.2786,7.2587,7.2714,885.23
1788239700000,7.2766,7.284,7.2656,7.284,68.55
1788240600000,7.2815,7.313,7.2815,7.3124,1916.91
1788241500000,7.3124,7.3333,7.3124,7.319,1204.05
1788242400000,7.3187,7.3217,7.2979,7.3039,2276.57
1788243300000,7.3025,7.3025,7.2753,7.2977,447.43
1788244200000,7.299,7.3062,7.2944,7.2944,568.05
1788245100000,7.2978,7.2992,7.2931,7.2976,1164.44
1788246000000,7.2979,7.3161,7.2944,7.316,2966.08
1788246900000,7.3137,7.3299,7.3115,7.3184,9046.34
1788247800000,7.3227,7.3273,7.29,7.3038,5295.97
1788248700000,7.2987,7.3168,7.2966,7.3149,137.48
1788249600000,7.317,7.3179,7.2591,7.2725,6071.06
1788250500000,7.2731,7.2851,7.2159,7.2166,8870.77
1788251400000,7.22,7.2512,7.2149,7.2261,6508.43
1788252300000,7.227,7.2374,7.2,7.2102,6019.54
1788253200000,7.2135,7.2165,7.1993,7.2085,2603.52
1788254100000,7.2047,7.2257,7.2047,7.2212,1689.71
1788255000000,7.2174,7.238,7.2119,7.2362,3099.26
1788255900000,7.2338,7.2469,7.2253,7.2384,2045.65
1788256800000,7.2406,7.247,7.2074,7.2243,936.17
1788257700000,7.2233,7.2487,7.2089,7.2487,978.68
1788258600000,7.25,7.2828,7.25,7.2678,2819.09
1788259500000,7.2743,7.2755,7.2611,7.2745,146.76
1788260400000,7.273,7.273,7.2485,7.2534,264.26
1788261300000,7.2554,7.2663,7.2554,7.2663,1114.73
1788262200000,7.2659,7.3,7.2637,7.2936,571.33
1788263100000,7.2958,7.3026,7.2686,7.2783,1178.2
1788264000000,7.2793,7.284,7.2719,7.2765,5107.5
1788264900000,7.2804,7.2904,7.2709,7.2853,264.62
1788265800000,7.2839,7.284,7.2467,7.2741,1447.24
1788266700000,7.2738,7.2987,7.266,7.2686,24698.41
1788267600000,7.2667,7.2737,7.2172,7.257,6181.17
1788268500000,7.2536,7.2732,7.2515,7.2732,1091.92
1788269400000,7.2771,7.2906,7.2401,7.2676,2608.92
1788270300000,7.2642,7.301,7.2642,7.2854,3181.75
1788271200000,7.2875,7.3267,7.2833,7.3202,1044.85
1788272100000,7.3285,7.3347,7.3041,7.3077,2477.35
1788273000000,7.3154,7.3515,7.3095,7.34,8179.43
1788273900000,7.3437,7.3607,7.3227,7.3289,10238.88
1788274800000,7.3329,7.3329,7.266,7.2839,2443.91
1788275700000,7.2851,7.2904,7.2734,7.2897,1548.48
1788276600000,7.2834,7.3188,7.2829,7.3162,765.81
1788277500000,7.3205,7.329,7.3033,7.3033,3807.5
1788278400000,7.306,7.3066,7.2581,7.2581,2491.94
1788279300000,7.2629,7.2768,7.2325,7.2608,1731.62
1788280200000,7.2458,7.261,7.21,7.2456,3039.24
1788281100000,7.2483,7.2675,7.2483,7.2609,3422.63
1788282000000,7.2609,7.269,7.2477,7.2551,590.83
1788282900000,7.2587,7.2901,7.2439,7.2801,8744.58
1788283800000,7.2891,7.2959,7.2673,7.2673,1008.27
1788284700000,7.2674,7.2693,7.2374,7.2394,18159.81
1788285600000,7.2517,7.2517,7.2128,7.233,4863.05
1788286500000,7.2352,7.2352,7.1675,7.2016,12656.86
1788287400000,7.2018,7.2123,7.1474,7.1575,11225.72
1788288300000,7.1572,7.2219,7.1389,7.2197,13539.83
1788289200000,7.2188,7.2327,7.2058,7.2058,19452.05
1788290100000,7.2076,7.2434,7.2076,7.2393,2695.56
1788291000000,7.2451,7.2451,7.229,7.2349,790.06
1788291900000,7.2343,7.2354,7.2238,7.2255,3409.46
1788292800000,7.2317,7.2342,7.2124,7.2342,4593
1788293700000,7.2351,7.2392,7.2233,7.2272,4287.58
1788294600000,7.2248,7.235,7.2155,7.2199,253.71
1788295500000,7.2212,7.2252,7.2005,7.2252,352.63
1788296400000,7.2277,7.2342,7.1779,7.1813,1674.36
1788297300000,7.1879,7.213,7.1651,7.1993,6232.42
1788298200000,7.1969,7.2002,7.1852,7.1934,877.5
1788299100000,7.1927,7.2086,7.1926,7.2,94.94
1788300000000,7.1981,7.2136,7.1922,7.1993,310.02
1788300900000,7.1984,7.1984,7.1794,7.1831,218.28
1788301800000,7.1784,7.189,7.1768,7.1795,849.97
1788302700000,7.1742,7.1926,7.1742,7.1841,1823.98
1788303600000,7.1827,7.1956,7.1785,7.1835,742.33
1788304500000,7.1841,7.1972,7.1829,7.1972,796.07
1788305400000,7.1998,7.2288,7.1998,7.2261,372.55
1788306300000,7.2275,7.2334,7.215,7.2155,636.82
1788307200000,7.2154,7.2296,7.2114,7.2284,6322.81
1788308100000,7.23,7.2336,7.2048,7.2048,3405.8
1788309000000,7.2028,7.2028,7.1795,7.1834,578.86
1788309900000,7.186,7.1925,7.171,7.1777,33716.13
1788310800000,7.1759,7.1947,7.1724,7.1937,1934.68
1788311700000,7.1816,7.1903,7.1687,7.1687,497.38
1788312600000,7.1667,7.1724,7.1224,7.1344,2344.19
1788313500000,7.1333,7.1366,7.1022,7.1363,14700.39
1788314400000,7.1355,7.1614,7.127,7.1443,1068.93
1788315300000,7.1492,7.1776,7.1492,7.1776,360.35
1788316200000,7.1758,7.181,7.1693,7.1739,202.79
1788317100000,7.172,7.1805,7.172,7.1805,139.59
1788318000000,7.1826,7.2211,7.1826,7.2107,1113.93
1788318900000,7.2131,7.2393,7.209,7.2296,3781.28
1788319800000,7.2283,7.2283,7.209,7.2112,188.75
1788320700000,7.2124,7.2159,7.1908,7.1994,625.66
1788321600000,7.1995,7.2077,7.1899,7.191,606.78
1788322500000,7.1961,7.2112,7.1823,7.205,1232.93
1788323400000,7.2059,7.227,7.2047,7.2261,261.16
1788324300000,7.2241,7.2331,7.2239,7.2288,2683.32
1788325200000,7.2298,7.2298,7.2063,7.2264,287.97
1788326100000,7.2274,7.2531,7.2274,7.2521,562.01
1788327000000,7.253,7.253,7.2441,7.2461,147.26
1788327900000,7.2454,7.2482,7.2387,7.2395,1127.19
1788328800000,7.2423,7.2429,7.2222,7.2222,261.31
1788329700000,7.2212,7.2272,7.2078,7.2115,422.01
1788330600000,7.2114,7.2331,7.2,7.2304,5625.84
1788331500000,7.2263,7.2307,7.2121,7.2178,81.32
1788332400000,7.2191,7.2428,7.2191,7.2365,971.77
1788333300000,7.2308,7.2335,7.2218,7.2231,196.88
1788334200000,7.2259,7.2291,7.2168,7.2221,121.9
1788335100000,7.2154,7.221,7.2033,7.2033,319.75
1788336000000,7.2075,7.2175,7.1981,7.2091,313.13
1788336900000,7.2152,7.2162,7.1977,7.2046,11205.88
1788337800000,7.1975,7.1975,7.1452,7.1487,33966.7
1788338700000,7.1433,7.1654,7.127,7.1345,6365.56
1788339600000,7.1409,7.168,7.1409,7.1546,387.02
1788340500000,7.1465,7.1525,7.1211,7.1422,2009.33
1788341400000,7.1448,7.1448,7.0909,7.0909,4914.87
1788342300000,7.091,7.1112,7.0719,7.1016,34769.04
1788343200000,7.1023,7.1054,7.0836,7.1022,5133.71
1788344100000,7.1022,7.1093,7.0936,7.0949,2023.65
1788345000000,7.0976,7.0989,7.0628,7.0787,5631.98
1788345900000,7.0761,7.0783,7.0372,7.0742,5592.82
1788346800000,7.0742,7.0894,7.0554,7.0894,2492.98
1788347700000,7.0929,7.0964,7.0749,7.0872,1299.44
1788348600000,7.0928,7.1216,7.0928,7.1059,3540.9
1788349500000,7.1045,7.116,7.1,7.116,988.96
1788350400000,7.1091,7.1259,7.1072,7.1156,36086.38
1788351300000,7.1142,7.1356,7.1113,7.1259,4167.99
1788352200000,7.125,7.125,7.1059,7.109,4018.08
1788353100000,7.1081,7.1081,7.0877,7.0912,167.4
1788354000000,7.1008,7.1196,7.1003,7.1024,200.86
1788354900000,7.1018,7.1261,7.1018,7.1201,164.02
1788355800000,7.114,7.1968,7.1012,7.1959,21692.62
1788356700000,7.1974,7.198,7.1509,7.1627,5482.73
1788357600000,7.1652,7.1752,7.1541,7.1676,1233.42
1788358500000,7.1677,7.1905,7.1557,7.1657,46976.22
1788359400000,7.1653,7.1653,7.1459,7.1632,3450.93
1788360300000,7.1631,7.1631,7.131,7.131,7294.8
1788361200000,7.1327,7.1527,7.1017,7.1067,2854.67
1788362100000,7.1108,7.1387,7.1104,7.1263,1152.01
1788363000000,7.1289,7.16,7.1222,7.1566,1172.73
1788363900000,7.1556,7.1556,7.1255,7.1457,871.69
1788364800000,7.1384,7.1661,7.1334,7.1661,24554.39
1788365700000,7.161,7.1734,7.1525,7.161,1592.86
1788366600000,7.1611,7.169,7.1455,7.1455,1323.69
1788367500000,7.1459,7.1497,7.1346,7.1361,195.28
1788368400000,7.1383,7.1455,7.1131,7.1273,7165.19
1788369300000,7.129,7.129,7.0987,7.1225,1447.25
1788370200000,7.1239,7.1479,7.1239,7.1479,2354.95
1788371100000,7.15,7.1638,7.15,7.1605,533.49
1788372000000,7.1535,7.1658,7.1535,7.1658,1387.23
1788372900000,7.1667,7.18,7.1621,7.1621,2554.27
1788373800000,7.1626,7.1698,7.1557,7.1623,290.11
1788374700000,7.1644,7.1763,7.1596,7.1715,270.26
1788375600000,7.1755,7.1786,7.1703,7.1784,1284.8
1788376500000,7.1752,7.1752,7.1469,7.1493,1259.32
1788377400000,7.1451,7.1536,7.1374,7.1536,1865.87
1788378300000,7.1533,7.1645,7.1457,7.1645,358.89
1788379200000,7.1664,7.1965,7.1664,7.1768,458.04
1788380100000,7.1731,7.188,7.1627,7.1752,948.05
1788381000000,7.1756,7.1847,7.1718,7.1718,1055.4
1788381900000,7.1698,7.1887,7.1679,7.181,3110.74
1788382800000,7.181,7.1811,7.1653,7.1746,2558.46
1788383700000,7.1752,7.1833,7.1724,7.1794,182.36
1788384600000,7.1776,7.1905,7.1702,7.1848,429.18
1788385500000,7.1845,7.1865,7.1752,7.1752,1114.67
1788386400000,7.1762,7.1762,7.134,7.1495,274.41
1788387300000,7.1505,7.1556,7.1326,7.1336,1076.82
1788388200000,7.1343,7.1574,7.1343,7.1543,4334.03
1788389100000,7.1476,7.1573,7.1449,7.1455,776.18
1788390000000,7.1448,7.1719,7.14,7.1672,2282.34
1788390900000,7.1683,7.1683,7.1572,7.1645,438.44
1788391800000,7.164,7.1678,7.158,7.1604,73.2
1788392700000,7.1617,7.193,7.1617,7.193,140.34
1788393600000,7.186,7.1936,7.1674,7.1697,1934.68
1788394500000,7.1674,7.1674,7.1561,7.1594,1135.37
1788395400000,7.1574,7.1694,7.1521,7.161,1168.32
1788396300000,7.1592,7.1626,7.1522,7.1557,88.79
1788397200000,7.1537,7.2021,7.1327,7.2021,2357.13
1788398100000,7.2011,7.2156,7.1922,7.2072,1034.38
1788399000000,7.2177,7.2357,7.2129,7.2163,3191.6
1788399900000,7.2111,7.2111,7.1901,7.1901,1212.08
1788400800000,7.1904,7.2092,7.1881,7.2092,525.28
1788401700000,7.201,7.2231,7.1995,7.2225,316.72
1788402600000,7.2196,7.2565,7.2196,7.2422,1880.99
1788403500000,7.2431,7.2802,7.2431,7.2697,5102.67
1788404400000,7.2644,7.2664,7.2532,7.2601,845.31
1788405300000,7.2583,7.2682,7.241,7.2682,670.75
1788406200000,7.2687,7.2736,7.2569,7.2655,572.76
1788407100000,7.2624,7.2781,7.2624,7.2758,396.49
1788408000000,7.2758,7.2932,7.2651,7.2651,8836.75
1788408900000,7.2634,7.2653,7.255,7.255,530.06
1788409800000,7.2562,7.2622,7.2421,7.2421,3330.35
1788410700000,7.2463,7.29,7.2462,7.2888,7057.76
1788411600000,7.2942,7.3041,7.2687,7.2687,8713.93
1788412500000,7.274,7.2755,7.2087,7.2179,3335.79
1788413400000,7.2168,7.2653,7.2155,7.2637,3273.77
1788414300000,7.26,7.2889,7.255,7.2889,3526.03
1788415200000,7.2853,7.2865,7.2743,7.2791,1046.54
1788416100000,7.2767,7.2892,7.2758,7.2831,1787.64
1788417000000,7.2785,7.2822,7.2683,7.2751,1224.72
1788417900000,7.2729,7.2821,7.2729,7.276,718.79
1788418800000,7.2732,7.3449,7.2732,7.3259,52689.94
1788419700000,7.324,7.325,7.2858,7.2971,17114.99
1788420600000,7.2924,7.3005,7.2847,7.2886,358.62
1788421500000,7.2944,7.2949,7.2326,7.2621,12001.9
1788422400000,7.2601,7.2954,7.2601,7.2877,4103.76
1788423300000,7.2876,7.2877,7.2717,7.2877,1762.05
1788424200000,7.2881,7.2914,7.2833,7.285,568.41
1788425100000,7.2902,7.2918,7.2747,7.2776,466.02
1788426000000,7.28,7.2892,7.2654,7.284,2236.86
1788426900000,7.2909,7.293,7.2706,7.2706,3189.82
1788427800000,7.2713,7.2749,7.2557,7.2639,2142.86
1788428700000,7.2695,7.2747,7.2502,7.2628,22572.9
1788429600000,7.2605,7.2626,7.2426,7.2426,1814.24
1788430500000,7.2464,7.2715,7.2449,7.2517,1481.74
1788431400000,7.2517,7.254,7.2285,7.2291,2659.56
1788432300000,7.2296,7.2736,7.2288,7.2736,22680.54
1788433200000,7.2729,7.2751,7.2622,7.266,2099.46
1788434100000,7.266,7.2836,7.2658,7.2836,2958.21
1788435000000,7.2841,7.2986,7.2754,7.2914,18375.14
1788435900000,7.2967,7.3,7.2792,7.2836,3007.49
1788436800000,7.2787,7.2959,7.2746,7.2953,3418.29
1788437700000,7.296,7.2998,7.2844,7.2844,596.18
1788438600000,7.2878,7.3227,7.2877,7.2891,2170.4
1788439500000,7.2922,7.3279,7.2922,7.3169,2589.35
1788440400000,7.3169,7.3169,7.2981,7.3077,8906.29
1788441300000,7.3061,7.3061,7.2871,7.2934,1075.17
1788442200000,7.2904,7.3232,7.2819,7.3198,2552.9
1788443100000,7.3239,7.3239,7.3039,7.311,1234.19
1788444000000,7.3031,7.3274,7.2948,7.3274,845.07
1788444900000,7.3277,7.3709,7.3277,7.3586,7789.81
1788445800000,7.3681,7.3923,7.3551,7.3735,13427.28
1788446700000,7.3757,7.4611,7.3757,7.4611,21492.17
1788447600000,7.4604,7.4995,7.4106,7.435,21026.07
1788448500000,7.4431,7.4529,7.4187,7.4528,1320.83
1788449400000,7.4503,7.4831,7.4458,7.4605,1624.47
1788450300000,7.4605,7.5198,7.4382,7.5162,7737.14
1788451200000,7.5142,7.5211,7.4714,7.493,6578.61
1788452100000,7.4891,7.5069,7.4747,7.499,2756.87
1788453000000,7.5051,7.5468,7.5051,7.5251,5184.63
1788453900000,7.5312,7.5388,7.5145,7.5193,1437.39
1788454800000,7.5191,7.523,7.4932,7.523,24576.35
1788455700000,7.5234,7.5234,7.4897,7.4975,3905.05
1788456600000,7.4978,7.5303,7.4951,7.5233,3524.21
1788457500000,7.5185,7.5287,7.5053,7.507,2532.97
1788458400000,7.5055,7.543,7.5051,7.5415,1797.73
1788459300000,7.5324,7.5324,7.511,7.5128,160.9
1788460200000,7.5072,7.5149,7.5037,7.507,3767.96
1788461100000,7.509,7.5339,7.509,7.5327,1524.22
1788462000000,7.5292,7.5605,7.5218,7.5221,3390.93
1788462900000,7.5219,7.5396,7.516,7.5315,6609.29
1788463800000,7.5365,7.5365,7.5137,7.5208,7057.93
1788464700000,7.5268,7.5373,7.5054,7.5373,708.4
1788465600000,7.5351,7.5437,7.5105,7.5246,450.04
1788466500000,7.5238,7.5347,7.5201,7.5345,144.61
1788467400000,7.5331,7.5374,7.5064,7.5173,1765.45
1788468300000,7.5193,7.5342,7.5192,7.5268,7556.75
1788469200000,7.5247,7.547,7.5106,7.5461,4120.6
1788470100000,7.5398,7.5454,7.531,7.5454,2647.91
1788471000000,7.5473,7.5774,7.5364,7.5403,41028.12
1788471900000,7.5411,7.5539,7.5271,7.5477,4871.48
1788472800000,7.5492,7.5492,7.5215,7.5296,2169.39
1788473700000,7.5329,7.541,7.4999,7.5008,5332.36
1788474600000,7.4971,7.506,7.4749,7.4924,5673.27
1788475500000,7.4939,7.51,7.4939,7.5036,2613.38
1788476400000,7.5021,7.5103,7.4889,7.4889,299.24
1788477300000,7.4954,7.5069,7.4946,7.5069,246.5
1788478200000,7.5051,7.527,7.4974,7.5154,550.81
1788479100000,7.5107,7.5209,7.5083,7.5177,581.62
1788480000000,7.5163,7.5166,7.4897,7.4975,3237.07
1788480900000,7.5017,7.5145,7.4929,7.4952,1110.49
1788481800000,7.4948,7.5263,7.4948,7.496,4445.35
1788482700000,7.5022,7.5042,7.483,7.4845,550.04
1788483600000,7.4962,7.5073,7.4756,7.4943,640.56
1788484500000,7.4963,7.4975,7.4813,7.4881,1617.2
1788485400000,7.4849,7.5018,7.4849,7.4934,608.72
1788486300000,7.4931,7.5046,7.4931,7.5004,392.67
1788487200000,7.4959,7.4971,7.4879,7.495,310.96
1788488100000,7.4991,7.5042,7.4898,7.4898,480.22
1788489000000,7.5006,7.5042,7.495,7.5029,939.21
1788489900000,7.4967,7.515,7.4933,7.5115,349.93
1788490800000,7.5155,7.5288,7.5054,7.507,861.08
1788491700000,7.5052,7.5055,7.4914,7.4981,495.5
1788492600000,7.4985,7.5014,7.4932,7.496,218.64
1788493500000,7.4964,7.5037,7.4963,7.4993,101.01
1788494400000,7.497,7.5018,7.4896,7.4996,720.48
1788495300000,7.4981,7.5196,7.498,7.5196,104.97
1788496200000,7.5194,7.5247,7.4937,7.4937,14132.83
1788497100000,7.4936,7.4985,7.4912,7.4945,1104.19
1788498000000,7.4928,7.5032,7.4928,7.495,490.62
1788498900000,7.4936,7.5073,7.4929,7.4929,293.97
1788499800000,7.4917,7.4917,7.4467,7.4702,7327.84
1788500700000,7.473,7.4799,7.4314,7.459,7798.66
1788501600000,7.4571,7.4796,7.4466,7.4726,6217.41
1788502500000,7.4714,7.4714,7.4479,7.4507,2272.08
1788503400000,7.4508,7.4667,7.4438,7.4667,2303.55
1788504300000,7.4652,7.4721,7.4643,7.4664,2244.31
1788505200000,7.4701,7.5037,7.4692,7.5009,1350.51
1788506100000,7.4923,7.4923,7.4846,7.491,324.57
1788507000000,7.4923,7.4929,7.4708,7.4815,406.06
1788507900000,7.4813,7.4819,7.4673,7.4702,221.55
1788508800000,7.4764,7.496,7.4702,7.496,530.92
1788509700000,7.4968,7.5018,7.4905,7.4951,1423.75
1788510600000,7.5001,7.5036,7.4898,7.5003,1781.22
1788511500000,7.5004,7.5303,7.492,7.5233,9342.23
1788512400000,7.5234,7.5329,7.5129,7.5129,17508.2
1788513300000,7.5146,7.5375,7.4901,7.4986,7685.31
1788514200000,7.4927,7.5155,7.4927,7.5097,9356.58
1788515100000,7.5108,7.5156,7.4967,7.5,2479.03
1788516000000,7.4979,7.5058,7.4868,7.4911,2693.06
1788516900000,7.4918,7.4918,7.4755,7.4901,1830.58
1788517800000,7.4908,7.5071,7.4861,7.4981,1574.53
1788518700000,7.4981,7.5067,7.4922,7.5044,616.46
1788519600000,7.5043,7.5049,7.4927,7.4994,484.08
1788520500000,7.501,7.5071,7.4954,7.5058,193.93
1788521400000,7.5,7.5038,7.498,7.5037,103.06
1788522300000,7.501,7.504,7.4952,7.4952,1193.97
1788523200000,7.4949,7.4983,7.4864,7.4962,1292.85
1788524100000,7.4961,7.5042,7.4889,7.5042,1171.85
1788525000000,7.5048,7.5048,7.2483,7.3576,92083.46
1788525900000,7.35,7.3752,7.3041,7.3587,47837.86
1788526800000,7.3541,7.3628,7.3423,7.3497,8040.42
1788527700000,7.3496,7.3778,7.3477,7.3617,1130.16
1788528600000,7.3778,7.386,7.3405,7.3682,4765.37
1788529500000,7.3666,7.4,7.3666,7.374,5998.96
1788530400000,7.3791,7.3855,7.3555,7.367,1697.46
1788531300000,7.3686,7.3686,7.3325,7.3655,2151.76
1788532200000,7.3591,7.3685,7.32,7.3238,2831.01
1788533100000,7.3332,7.3419,7.2943,7.3324,1692.02
1788534000000,7.3293,7.3552,7.3252,7.3455,4248.37
1788534900000,7.35,7.3621,7.3473,7.3621,626.71
1788535800000,7.3577,7.3745,7.3514,7.3745,768.91
1788536700000,7.3708,7.3708,7.3618,7.3618,282.82
1788537600000,7.3617,7.3718,7.3524,7.3683,856.5
1788538500000,7.3694,7.3816,7.3694,7.3739,1013.82
1788539400000,7.3724,7.3947,7.3724,7.3892,2382.38
1788540300000,7.3884,7.3938,7.3775,7.3775,2054.37
1788541200000,7.38,7.38,7.3542,7.3542,986.12
1788542100000,7.3455,7.3631,7.3426,7.3549,2799.81
1788543000000,7.3557,7.3557,7.3339,7.3395,197.53
1788543900000,7.3373,7.3373,7.3263,7.3325,2093.22
1788544800000,7.3344,7.3538,7.3344,7.3419,1555.27
1788545700000,7.3438,7.3501,7.3438,7.3451,1015.31
1788546600000,7.3472,7.3617,7.347,7.3602,1067.97
1788547500000,7.3607,7.366,7.3582,7.3658,930.39
1788548400000,7.3661,7.3717,7.3648,7.3704,135.97
1788549300000,7.3712,7.3895,7.3711,7.3895,143.28
1788550200000,7.3891,7.3891,7.3773,7.3787,1095.53
1788551100000,7.3763,7.3903,7.3763,7.3902,1597.95
1788552000000,7.3891,7.3999,7.3775,7.3775,754.89
1788552900000,7.3773,7.3818,7.3697,7.3697,1031.21
1788553800000,7.373,7.3815,7.3704,7.3784,153.87
1788554700000,7.3813,7.3873,7.3786,7.3819,3949.38
1788555600000,7.3831,7.3832,7.3743,7.3816,137.59
1788556500000,7.3795,7.3844,7.3664,7.3664,84.26
1788557400000,7.3664,7.3793,7.3662,7.3763,2823.63
1788558300000,7.378,7.3789,7.3444,7.3542,371.01
1788559200000,7.3479,7.353,7.3441,7.3441,310.64
1788560100000,7.3431,7.3546,7.3431,7.3475,77.9
1788561000000,7.3514,7.3528,7.3438,7.3476,96.35
1788561900000,7.3461,7.3468,7.3376,7.3416,308.17
1788562800000,7.3389,7.3507,7.3386,7.3477,726.27
1788563700000,7.3536,7.3736,7.3536,7.3687,696.51
1788564600000,7.3685,7.3742,7.3649,7.3742,265.2
1788565500000,7.3764,7.3856,7.3748,7.3855,475.58
1788566400000,7.3822,7.3897,7.3763,7.3861,4734.62
1788567300000,7.3865,7.3921,7.3838,7.3908,427.26
1788568200000,7.3902,7.3946,7.3805,7.3909,2172.71
1788569100000,7.3856,7.4013,7.3821,7.3821,3916.21
1788570000000,7.3844,7.401,7.3844,7.3896,1675.75
1788570900000,7.3908,7.3991,7.3809,7.3951,4189.75
1788571800000,7.3963,7.3974,7.3879,7.389,413.22
1788572700000,7.3867,7.3873,7.3814,7.3847,521.54
1788573600000,7.3848,7.3852,7.376,7.3806,498.63
1788574500000,7.3839,7.3978,7.3797,7.3797,191.95
1788575400000,7.381,7.3972,7.3769,7.3964,141.59
1788576300000,7.3962,7.3962,7.3849,7.3885,73.69
1788577200000,7.3892,7.391,7.3839,7.3865,530.19
1788578100000,7.3884,7.3976,7.3884,7.3971,367.13
1788579000000,7.3988,7.4064,7.3949,7.3969,517.39
1788579900000,7.3969,7.4092,7.3936,7.3984,538.35
1788580800000,7.4012,7.4036,7.3853,7.3904,831.05
1788581700000,7.3916,7.41,7.3916,7.4076,604.65
1788582600000,7.4088,7.4106,7.4022,7.4093,543.57
1788583500000,7.4083,7.4098,7.3984,7.4034,252.18
1788584400000,7.4029,7.4053,7.3882,7.4038,197.26
1788585300000,7.4039,7.4199,7.4035,7.4093,836
1788586200000,7.4105,7.4105,7.4018,7.4045,69.45
1788587100000,7.4019,7.4211,7.3956,7.4148,6188.4
1788588000000,7.4192,7.4368,7.4192,7.433,3747.25
1788588900000,7.428,7.4485,7.4274,7.445,3913.11
1788589800000,7.4442,7.4571,7.4412,7.4517,1256.42
1788590700000,7.4509,7.4592,7.4496,7.4572,3049.48
1788591600000,7.4562,7.4638,7.4545,7.4586,11281.8
1788592500000,7.4614,7.502,7.4581,7.5016,13643.8
1788593400000,7.5035,7.5353,7.4803,7.4823,33139.73
1788594300000,7.4959,7.5018,7.4794,7.4901,9958.25
1788595200000,7.4958,7.4958,7.4726,7.4743,3547.46
1788596100000,7.4746,7.4858,7.4653,7.4767,2388.5
1788597000000,7.4762,7.479,7.4681,7.475,2440.08
1788597900000,7.4729,7.4907,7.4694,7.4907,6004.56
1788598800000,7.4909,7.5086,7.4909,7.5014,4961.01
1788599700000,7.5031,7.5031,7.4927,7.4927,2296.2
1788600600000,7.4941,7.4994,7.4887,7.4928,598.36
1788601500000,7.4908,7.5048,7.4908,7.5048,549.64
1788602400000,7.5062,7.5072,7.4976,7.4991,1452.48
1788603300000,7.4982,7.5057,7.4978,7.5051,923.18
1788604200000,7.5065,7.5066,7.4935,7.5035,4702.89
1788605100000,7.5013,7.509,7.4973,7.5065,2040.88
1788606000000,7.4984,7.5048,7.4979,7.5008,654.79
1788606900000,7.4997,7.4997,7.4789,7.4848,3647.81
1788607800000,7.4847,7.4902,7.4798,7.4878,2740.8
1788608700000,7.4822,7.5041,7.4821,7.4946,553.37
1788609600000,7.4933,7.51,7.4932,7.5069,1100.51
1788610500000,7.5045,7.5102,7.4972,7.5057,1468.07
1788611400000,7.5062,7.556,7.5001,7.5445,11514.9
1788612300000,7.5456,7.5533,7.5385,7.5454,1869.82
1788613200000,7.5499,7.5568,7.542,7.5551,9557.28
1788614100000,7.5581,7.5596,7.5427,7.5435,1430.16
1788615000000,7.547,7.55,7.518,7.5188,2245.48
1788615900000,7.5238,7.5377,7.5217,7.5347,676.72
1788616800000,7.5411,7.555,7.5411,7.5463,1569.16
1788617700000,7.5492,7.5749,7.5444,7.5703,1003.26
1788618600000,7.5695,7.5942,7.563,7.563,7361.42
1788619500000,7.566,7.5672,7.5607,7.5637,2872.83
1788620400000,7.5601,7.5621,7.5543,7.5587,1388.82
1788621300000,7.5573,7.5573,7.5334,7.55,5641.74
1788622200000,7.5491,7.5539,7.5323,7.5396,329.26
1788623100000,7.5394,7.5484,7.5345,7.5476,230.39
1788624000000,7.5482,7.556,7.541,7.5432,1951.68
1788624900000,7.5465,7.5498,7.5417,7.5437,500.04
1788625800000,7.5446,7.5554,7.5324,7.5377,1397.33
1788626700000,7.5439,7.5776,7.5387,7.5675,2866.11
1788627600000,7.5657,7.5872,7.5657,7.5832,1484.13
1788628500000,7.5876,7.5891,7.5751,7.576,2113.24
1788629400000,7.577,7.5924,7.5658,7.5658,1154.08
1788630300000,7.5723,7.642,7.5703,7.6258,12644.01
1788631200000,7.6258,7.6383,7.6101,7.6155,4077.54
1788632100000,7.6148,7.6186,7.6057,7.6082,2033.31
1788633000000,7.6068,7.6212,7.6068,7.6209,649.41
1788633900000,7.6173,7.6174,7.6028,7.6079,1212.36
1788634800000,7.6058,7.6058,7.5943,7.6025,360.32
1788635700000,7.6033,7.6349,7.5998,7.6299,396.69
1788636600000,7.6327,7.6417,7.6088,7.6274,3195.24
1788637500000,7.6255,7.6255,7.589,7.5938,2210.53
1788638400000,7.5958,7.6138,7.576,7.5978,2046.93
1788639300000,7.6006,7.6018,7.5788,7.5865,2438.47
1788640200000,7.581,7.596,7.5775,7.596,369.45
1788641100000,7.5968,7.5998,7.5782,7.5844,1468.25
1788642000000,7.5873,7.5873,7.5653,7.5817,576.92
1788642900000,7.5832,7.6215,7.5816,7.6197,1539.51
1788643800000,7.6231,7.6302,7.6046,7.6148,954.38
1788644700000,7.6194,7.6226,7.6079,7.6205,631.58
1788645600000,7.6192,7.6311,7.6016,7.6131,663.42
1788646500000,7.6156,7.6204,7.5932,7.5932,1262.71
1788647400000,7.6078,7.6134,7.5984,7.5993,929.52
1788648300000,7.5976,7.6074,7.59,7.6024,450.35
1788649200000,7.6002,7.6027,7.5891,7.5902,343.61
1788650100000,7.5888,7.6002,7.5873,7.5918,328.71
1788651000000,7.5919,7.5974,7.5766,7.5874,1344.95
1788651900000,7.5887,7.6001,7.5884,7.5906,1219.87
1788652800000,7.5919,7.5993,7.5843,7.5881,2025.07
1788653700000,7.5896,7.616,7.5886,7.6157,4408.78
1788654600000,7.6127,7.6255,7.6062,7.6228,1759.79
1788655500000,7.6187,7.6293,7.616,7.625,1502.58
1788656400000,7.6264,7.6487,7.6178,7.648,2069.28
1788657300000,7.65,7.6805,7.6484,7.6653,8784.9
1788658200000,7.6625,7.6982,7.6593,7.6777,9669.4
1788659100000,7.6711,7.7268,7.6708,7.6997,37649.74
1788660000000,7.7014,7.7101,7.6634,7.6742,49101.84
1788660900000,7.6776,7.6839,7.6677,7.679,425.88
1788661800000,7.6795,7.6943,7.6795,7.68,1460.36
1788662700000,7.6801,7.6885,7.6741,7.6791,309.08
1788663600000,7.6789,7.6837,7.654,7.6836,1945.76
1788664500000,7.6837,7.7038,7.6779,7.6891,29439.87
1788665400000,7.6916,7.7389,7.6867,7.737,14207.56
1788666300000,7.733,7.7366,7.7115,7.7115,9094.65
1788667200000,7.7144,7.7207,7.6729,7.6729,1502.21
1788668100000,7.6736,7.6736,7.6374,7.6457,2880.51
1788669000000,7.6397,7.6558,7.6337,7.6558,967.27
1788669900000,7.6567,7.671,7.6418,7.6418,2132.32
1788670800000,7.6441,7.652,7.6386,7.642,433.29
1788671700000,7.6424,7.6745,7.6424,7.6719,3449.29
1788672600000,7.6705,7.7054,7.6664,7.6894,2897.56
1788673500000,7.6958,7.6958,7.68,7.6861,1725.67
1788674400000,7.6859,7.689,7.6699,7.6813,743.91
1788675300000,7.6816,7.6831,7.6624,7.6645,3526.69
1788676200000,7.6593,7.666,7.6476,7.666,3499.98
1788677100000,7.6668,7.6668,7.6569,7.6578,597.58
1788678000000,7.6566,7.669,7.6013,7.627,4089.33
1788678900000,7.6323,7.6478,7.6323,7.6362,3038.44
1788679800000,7.6334,7.646,7.6253,7.646,121.46
1788680700000,7.6447,7.6614,7.6419,7.6549,189.04
1788681600000,7.6529,7.6714,7.6447,7.6714,731.08
1788682500000,7.6705,7.6705,7.6429,7.643,270.3
1788683400000,7.642,7.642,7.623,7.6292,3992.82
1788684300000,7.6273,7.6411,7.6232,7.6339,5165
1788685200000,7.6339,7.6638,7.6263,7.6638,1168.49
1788686100000,7.6624,7.6756,7.6614,7.6662,4593.51
1788687000000,7.6677,7.6688,7.6394,7.6394,945.52
1788687900000,7.6488,7.664,7.6478,7.6557,132.23
1788688800000,7.6597,7.67,7.6518,7.6519,735.26
1788689700000,7.6511,7.6698,7.6511,7.6624,1335.08
1788690600000,7.6613,7.6783,7.6586,7.6763,6759.7
1788691500000,7.6774,7.6941,7.6735,7.691,854.83
1788692400000,7.6914,7.6941,7.6787,7.6799,2154.42
1788693300000,7.6879,7.6908,7.6773,7.6827,1392.11
1788694200000,7.6806,7.6933,7.6779,7.6875,954.2
1788695100000,7.6838,7.6985,7.6838,7.6885,191.44
1788696000000,7.6923,7.7001,7.6902,7.7001,877.42
1788696900000,7.7002,7.7093,7.6984,7.6985,615.53
1788697800000,7.6997,7.71,7.6934,7.6934,467.18
1788698700000,7.6947,7.7101,7.6757,7.6999,1339.66
1788699600000,7.6938,7.7044,7.6819,7.6819,1566.4
1788700500000,7.6868,7.6869,7.6476,7.6476,1036.82
1788701400000,7.6455,7.6629,7.6398,7.6591,897.02
1788702300000,7.6615,7.6905,7.6603,7.6815,2094.5
1788703200000,7.681,7.681,7.6506,7.6525,1147.28
1788704100000,7.6541,7.6612,7.6045,7.6059,3202.2
1788705000000,7.6057,7.612,7.5333,7.6045,20859.86
1788705900000,7.6083,7.6217,7.5916,7.6013,879.15
1788706800000,7.5978,7.5987,7.5635,7.5919,979.16
1788707700000,7.5957,7.6192,7.5957,7.6081,4658.24
1788708600000,7.61,7.6245,7.6037,7.6204,325.32
1788709500000,7.6182,7.6284,7.6144,7.6266,904.06
1788710400000,7.6261,7.64,7.616,7.6358,366.69
1788711300000,7.6366,7.6446,7.624,7.6446,354.24
1788712200000,7.6413,7.6585,7.6403,7.6511,611.57
1788713100000,7.6507,7.6532,7.6369,7.6398,1413.56
1788714000000,7.6421,7.6433,7.6165,7.631,427.27
1788714900000,7.632,7.6446,7.6226,7.6226,1047.36
1788715800000,7.6206,7.6306,7.6125,7.6235,16002.11
1788716700000,7.6226,7.6257,7.6161,7.6161,1528.44
1788717600000,7.6203,7.6261,7.6179,7.6216,166.84
1788718500000,7.6177,7.6363,7.6177,7.6363,3148.48
1788719400000,7.6385,7.6452,7.6345,7.6384,1543.74
1788720300000,7.6356,7.6356,7.6238,7.6293,1758.74
1788721200000,7.6265,7.6396,7.6186,7.6396,181.87
1788722100000,7.6386,7.6501,7.6311,7.6495,521.85
1788723000000,7.65,7.6548,7.6382,7.6481,3087.9
1788723900000,7.6548,7.6602,7.6539,7.6544,595.77
1788724800000,7.6531,7.6675,7.6497,7.665,943.55
1788725700000,7.6698,7.7196,7.6698,7.7186,3431.86
1788726600000,7.7207,7.7308,7.7051,7.7278,2487.3
1788727500000,7.7357,7.8428,7.7357,7.7964,12402.45
1788728400000,7.8048,7.8223,7.7758,7.8031,6302.85
1788729300000,7.8043,7.8426,7.7987,7.8252,6246.23
1788730200000,7.8284,7.8704,7.8257,7.8305,14139.31
1788731100000,7.8288,7.8398,7.7815,7.7815,5158.05
1788732000000,7.7871,7.789,7.7397,7.7511,11527.74
1788732900000,7.7502,7.7739,7.718,7.7618,6273.02
1788733800000,7.7674,7.8444,7.7674,7.841,2129.94
1788734700000,7.8352,7.8352,7.8155,7.821,3230.98
1788735600000,7.8214,7.8411,7.816,7.825,4409.13
1788736500000,7.8164,7.837,7.8164,7.8324,3247.56
1788737400000,7.8285,7.8771,7.8223,7.866,1903.15
1788738300000,7.8718,7.9385,7.8718,7.9052,15757.17
1788739200000,7.9062,7.948,7.8988,7.9292,24229.22
1788740100000,7.9259,7.9655,7.8891,7.9591,21404.63
1788741000000,7.9544,7.9569,7.9159,7.935,11748.54
1788741900000,7.9345,7.9387,7.887,7.887,4663.19
1788742800000,7.9051,7.9296,7.8713,7.8837,4405.52
1788743700000,7.883,7.8853,7.8265,7.8414,6525.68
1788744600000,7.835,7.8519,7.8003,7.8003,4305.33
1788745500000,7.8044,7.8302,7.7924,7.8302,2880.62
1788746400000,7.823,7.8283,7.7942,7.8052,583
1788747300000,7.8216,7.8392,7.8153,7.8376,806.63
1788748200000,7.8334,7.9579,7.8334,7.923,4743.52
1788749100000,7.9123,7.9193,7.8591,7.8632,1429.44
1788750000000,7.8649,7.8794,7.8317,7.8329,1958.94
1788750900000,7.8338,7.8338,7.7953,7.7966,820.54
1788751800000,7.7927,7.7972,7.7619,7.7667,2667.48
1788752700000,7.771,7.7823,7.771,7.7735,356.59
1788753600000,7.7768,7.7924,7.7768,7.7924,1334.42
1788754500000,7.8029,7.8243,7.8026,7.8129,510.95
1788755400000,7.8082,7.8158,7.7911,7.8101,1292.14
1788756300000,7.8142,7.8187,7.8019,7.8186,246.67
1788757200000,7.8186,7.8708,7.8186,7.8609,1178.41
1788758100000,7.8644,7.9119,7.8644,7.8925,1314.15
1788759000000,7.8872,7.9697,7.8851,7.9657,3080.19
1788759900000,7.9611,7.9769,7.8871,7.8951,4691.38
1788760800000,7.89,7.9301,7.8795,7.9225,1205.12
1788761700000,7.9224,7.9324,7.8888,7.8888,1692.71
1788762600000,7.9063,7.9063,7.8751,7.8751,2574.03
1788763500000,7.875,7.875,7.8536,7.8572,958.63
1788764400000,7.8543,7.8812,7.8453,7.8697,6178.06
1788765300000,7.8669,7.8762,7.8044,7.8044,3166.13
1788766200000,7.8021,7.8154,7.7699,7.8047,2813.81