timestamp,open,high,low,close,volume
1784259900000,572.72,572.72,572.04,572.04,15.306
1784260800000,572.02,572.02,571.18,571.19,29.04
1784261700000,571.29,571.44,570.11,570.71,23.086
1784262600000,570.78,571.67,570.66,571.64,60.497
1784263500000,571.69,572.36,571.62,571.81,38.244
1784264400000,571.62,571.62,570.56,571.43,55.164
1784265300000,571.35,571.46,570.09,570.25,33.411
1784266200000,570.17,570.32,568.32,568.32,357.616
1784267100000,568.37,568.37,566.96,567.33,183.693
1784268000000,567.31,568.55,566.99,567.71,76.951
1784268900000,567.43,568.61,567.32,568.61,33.09
1784269800000,568.62,569.41,568.56,569.28,57.274
1784270700000,569.22,569.5,569.01,569.5,18.468
1784271600000,569.46,569.74,569.01,569.06,18.857
1784272500000,569.15,569.15,567.67,567.95,17.699
1784273400000,567.93,568.31,566.65,566.67,28.33
1784274300000,566.59,566.59,565.74,565.74,49.853
1784275200000,565.69,565.69,564.88,565.18,55.079
1784276100000,565.19,565.19,563.53,564.05,59.85
1784277000000,563.98,564.01,562.56,563.96,36.897
1784277900000,563.88,564.5,563.42,564.39,61.474
1784278800000,564.24,564.93,564.05,564.9,145.72
1784279700000,564.9,564.9,564.2,564.88,221.145
1784280600000,564.87,565.07,564.1,564.92,44.007
1784281500000,565.08,565.24,563.91,564.18,64.224
1784282400000,563.97,565.12,563.92,565.12,35.075
1784283300000,565.13,565.13,563.45,563.91,43.739
1784284200000,563.82,564.93,563.69,564.58,96.031
1784285100000,564.4,564.54,563.84,563.84,147.294
1784286000000,563.84,564.05,563.22,563.53,52.138
1784286900000,563.34,563.52,562.87,563,9.133
1784287800000,562.99,563.99,562.73,563.99,36.898
1784288700000,564,564.59,563.58,564.5,23.857
1784289600000,564.6,564.91,563.63,564.12,40.973
1784290500000,564.33,564.41,562.86,563,49.291
1784291400000,562.9,563.01,561.47,561.89,133.716
1784292300000,561.68,561.89,561.14,561.14,126.534
1784293200000,561.14,561.19,557.53,558.37,243.671
1784294100000,558.32,559.19,558.32,558.96,154.263
1784295000000,559,559.49,555.26,555.8,295.057
1784295900000,555.5,560.21,555.31,560.18,258.885
1784296800000,560.31,562.49,559.97,562.02,943.6
1784297700000,562.09,562.59,561.13,561.68,159.749
1784298600000,561.22,562.61,560.5,562.05,54.121
1784299500000,561.88,561.91,561.34,561.54,39.371
1784300400000,561.44,561.44,559.2,559.2,36.311
1784301300000,559.4,561.21,559.4,561.16,33.512
1784302200000,561.32,562.16,560.5,561.37,135.638
1784303100000,561.49,562.42,561.12,562.42,43.96
1784304000000,562.5,564.5,562.34,563.5,633.135
1784304900000,563.34,563.73,562.19,563.1,10.605
1784305800000,563.3,563.65,562.49,563.65,43.905
1784306700000,563.66,564.6,563.66,564.03,47.865
1784307600000,564.23,567.28,564.23,565.93,214.675
1784308500000,565.82,566.22,565.29,565.87,87.659
1784309400000,565.5,565.71,565.32,565.54,15.531
1784310300000,565.56,566.39,565.49,565.8,23.5
1784311200000,565.8,566.74,565.46,566.7,55.131
1784312100000,566.35,566.35,565.55,565.99,70.604
1784313000000,566.14,566.6,565.63,566.6,28.505
1784313900000,566.63,567.61,566.63,567,74.103
1784314800000,566.95,566.95,565.66,565.66,17.253
1784315700000,565.74,566.33,565.43,566.33,4.371
1784316600000,566.42,567.36,566.35,567.36,6.116
1784317500000,567.43,567.61,567.37,567.6,6.938
1784318400000,567.45,567.45,566.75,567.36,85.165
1784319300000,567.25,567.53,566.97,567.53,20.252
1784320200000,567.58,567.69,566.91,567.48,12.005
1784321100000,567.49,567.91,566.79,567.66,17.724
1784322000000,567.57,568.18,567.57,567.99,10.036
1784322900000,568.03,568.81,568.03,568.68,12.612
1784323800000,568.52,568.52,568,568.15,21.805
1784324700000,568.17,568.22,568.06,568.21,5.796
1784325600000,568.49,568.49,566.84,567.65,382.686
1784326500000,567.6,567.6,566.89,567.03,59.082
1784327400000,567.07,567.11,566.81,566.94,34.162
1784328300000,566.92,567.31,566.8,567.07,11.042
1784329200000,567.05,567.05,566.21,566.51,16.906
1784330100000,566.51,567.53,566.51,567.53,43.587
1784331000000,567.54,568.13,567.54,567.87,36.916
1784331900000,567.8,567.97,567.61,567.63,44.288
1784332800000,567.65,568.35,567.18,568.35,437.977
1784333700000,568.34,568.79,568,568.33,96.027
1784334600000,568.3,568.3,567.77,567.87,94.471
1784335500000,567.93,568.07,567.51,567.51,296.836
1784336400000,567.51,567.51,566.78,566.92,22.637
1784337300000,566.92,566.98,566.6,566.82,12.154
1784338200000,566.82,566.82,566.3,566.43,7.767
1784339100000,566.46,566.73,566.34,566.43,17.324
1784340000000,566.43,566.52,565.98,566.43,26.287
1784340900000,566.5,567.49,566.5,567.41,64.547
1784341800000,567.4,567.99,567.4,567.58,3.758
1784342700000,567.57,567.86,567.43,567.43,2.806
1784343600000,567.59,568.48,567.59,568.08,3.625
1784344500000,568.04,568.11,567.74,567.84,1.165
1784345400000,567.61,568.06,567.59,567.59,16.588
1784346300000,567.53,567.99,567.48,567.99,7.471
1784347200000,567.99,568.09,567.66,567.76,10.625
1784348100000,567.6,567.61,566.97,567.37,7.475
1784349000000,567.23,567.23,566.66,567.06,24.382
1784349900000,567.16,567.17,566.7,566.76,10.374
1784350800000,566.81,567.03,566.59,566.68,115.138
1784351700000,566.9,567.2,566.67,566.86,6.179
1784352600000,566.75,567.1,566.75,566.77,4.403
1784353500000,566.98,567.25,566.54,567.04,10.36
1784354400000,567.27,567.58,567.24,567.31,93.73
1784355300000,567.55,568,567.54,567.71,5.139
1784356200000,567.62,567.75,566.2,566.2,4.884
1784357100000,566.1,567,566.09,566.78,14.184
1784358000000,566.78,567.27,566.78,567.12,83.157
1784358900000,567.01,567.48,567,567.27,33.802
1784359800000,567.25,567.55,567.12,567.32,75.479
1784360700000,567.45,567.54,567.32,567.53,5.073
1784361600000,567.52,567.82,567.48,567.68,81.824
1784362500000,567.55,567.95,567.55,567.88,22.481
1784363400000,567.88,568.49,567.75,567.96,79.788
1784364300000,567.65,567.97,567.47,567.59,17.456
1784365200000,567.8,567.92,567.53,567.92,4.371
1784366100000,568,568.04,567.48,567.49,17.899
1784367000000,567.45,567.78,567.44,567.6,11.06
1784367900000,567.55,568.48,567.55,568.23,16.936
1784368800000,568.19,568.49,568.1,568.26,114.877
1784369700000,568.26,568.41,568.1,568.36,6.106
1784370600000,568.4,568.42,568.07,568.4,1.957
1784371500000,568.32,569.38,568.32,569.19,44.567
1784372400000,569.19,569.51,569.19,569.51,6.798
1784373300000,569.52,569.92,569.51,569.72,115.178
1784374200000,569.7,570.19,569.65,570.15,95.979
1784375100000,570.11,570.17,569.44,569.44,21.283
1784376000000,569.49,570.5,569.44,569.95,73.486
1784376900000,569.96,569.98,568.73,568.78,16.831
1784377800000,568.91,570.31,568.74,570.26,27.225
1784378700000,570.31,571.49,570.28,571.11,128.946
1784379600000,571,571.01,569.28,569.5,21.407
1784380500000,569.31,569.77,568.81,569.27,22.958
1784381400000,569.37,569.89,569.09,569.19,17.959
1784382300000,569.19,569.3,569.14,569.27,11.431
1784383200000,569.27,570.23,568.84,569.92,35.587
1784384100000,569.83,570.78,569.78,570.78,25.554
1784385000000,570.81,570.89,570.51,570.68,13.845
1784385900000,570.82,570.89,570.53,570.72,9.625
1784386800000,570.71,570.78,570.01,570.04,21.167
1784387700000,570.03,570.42,569.85,569.86,13.574
1784388600000,569.85,569.97,569.75,569.84,25.257
1784389500000,569.74,570.5,569.61,570.5,6.448
1784390400000,570.61,570.61,570.08,570.39,23.762
1784391300000,570.4,570.52,569.87,569.97,13.571
1784392200000,569.97,570.49,569.96,569.99,29.069
1784393100000,570.14,571.21,570.14,570.76,21.704
1784394000000,570.94,570.95,570.38,570.54,83.112
1784394900000,570.54,571.57,570.5,570.65,24.973
1784395800000,570.7,572.48,570.67,571.85,42.885
1784396700000,571.78,572.1,571.19,571.19,34.602
1784397600000,571.26,571.26,570.41,570.41,66.849
1784398500000,570.56,572.3,570.24,571.39,70.969
1784399400000,571.66,571.66,570.78,570.78,14.558
1784400300000,570.78,570.93,570.27,570.44,31.848
1784401200000,570.41,570.91,570.41,570.81,19.984
1784402100000,571,571.16,570.36,570.36,31.318
1784403000000,570.36,570.63,570.26,570.35,6.176
1784403900000,570.36,570.66,570.36,570.51,12.148
1784404800000,570.47,571.19,570.4,571.19,16.794
1784405700000,571.26,572.05,571.26,571.55,19.196
1784406600000,571.39,571.39,570.95,571,26.73
1784407500000,571.06,571.35,570.87,571.34,15.606
1784408400000,571.29,571.98,571.06,571.93,16.284
1784409300000,572,572.29,571.28,571.28,30.671
1784410200000,571.06,571.06,570.36,570.37,5.138
1784411100000,570.31,570.94,570.01,570.69,18.067
1784412000000,570.63,571.18,570.54,570.77,19.323
1784412900000,570.69,570.88,570.02,570.02,5.557
1784413800000,570,570.08,569.64,569.87,12.06
1784414700000,569.98,570.42,569.83,570.22,17.124
1784415600000,570.1,570.32,569.5,569.64,19.1
1784416500000,569.63,570.38,569.56,570.38,27.247
1784417400000,570.35,570.78,570.2,570.36,23.613
1784418300000,570.57,570.59,570.39,570.43,22.097
1784419200000,570.4,571.22,570.4,570.94,140.923
1784420100000,570.9,571.4,570.73,570.85,10.616
1784421000000,570.84,570.93,570.61,570.71,16.243
1784421900000,570.71,571.15,570.71,570.86,17.364
1784422800000,570.9,570.94,570.32,570.47,8.589
1784423700000,570.47,570.67,570.39,570.39,11.706
1784424600000,570.25,570.25,570.03,570.03,21.14
1784425500000,570.03,570.38,570.01,570.25,8.556
1784426400000,570.29,572.36,570.29,571.73,31.301
1784427300000,571.93,572.02,570.87,571,2.824
1784428200000,571,571.73,570.7,570.7,4.812
1784429100000,570.69,571.03,570.62,570.62,10.211
1784430000000,570.62,570.86,569.9,569.9,13.673
1784430900000,569.73,569.74,568.7,568.82,42.268
1784431800000,568.81,568.97,568.51,568.72,11.396
1784432700000,568.71,568.72,568.56,568.72,7.721
1784433600000,568.71,568.85,567.04,567.04,28.623
1784434500000,567.06,567.88,567.06,567.88,10.23
1784435400000,567.92,568.9,567.92,568.61,28.316
1784436300000,568.6,569.06,568.43,568.52,117
1784437200000,568.32,568.85,568.32,568.62,74.03
1784438100000,568.62,569.07,568.62,568.76,5.264
1784439000000,569.04,569.04,568.28,568.42,55.846
1784439900000,568.43,568.7,568.42,568.58,1.859
1784440800000,568.51,568.68,568.24,568.67,4.213
1784441700000,568.64,568.79,568.36,568.6,11.369
1784442600000,568.59,568.86,568.5,568.73,1.984
1784443500000,568.75,568.97,568.55,568.9,53.095
1784444400000,568.94,568.97,568.73,568.74,7.58
1784445300000,568.77,569.04,568.38,569.04,18.889
1784446200000,569.04,569.38,568.88,569.37,17.418
1784447100000,569.26,569.26,568.5,568.76,30.463
1784448000000,568.77,569.08,568.59,569.08,11.164
1784448900000,569.02,569.02,568.51,568.51,16.125
1784449800000,568.56,568.87,568.19,568.49,13.973
1784450700000,568.56,569.12,568.5,568.5,8.411
1784451600000,568.47,568.47,567.67,567.67,16.516
1784452500000,567.62,567.62,567.15,567.41,51.934
1784453400000,567.55,568,566.99,567.22,20.786
1784454300000,567.23,567.76,567.23,567.76,4.241
1784455200000,567.5,567.65,567.27,567.65,7.725
1784456100000,567.64,567.84,567.56,567.84,8.328
1784457000000,567.84,568.03,567.64,567.97,9.924
1784457900000,568.01,568.43,567.82,567.94,11.08
1784458800000,567.84,568.47,567.76,568.45,6.925
1784459700000,568.45,569.64,568.45,568.94,12.41
1784460600000,568.95,568.98,567.82,568.05,12.239
1784461500000,568.06,568.08,567.54,567.77,6.089
1784462400000,567.76,567.76,566.54,566.54,83.279
1784463300000,566.8,567.64,566.72,566.72,90.796
1784464200000,566.9,567.46,566.82,567.1,35.741
1784465100000,567.08,567.6,567.08,567.6,6.369
1784466000000,567.73,567.74,567.18,567.19,12.144
1784466900000,567.19,567.45,566.84,567.45,273.394
1784467800000,567.49,567.96,567.25,567.36,32.892
1784468700000,567.43,568.13,567.43,568.01,67.857
1784469600000,568.01,568.38,567.97,568.17,7.107
1784470500000,568.21,568.23,567.58,567.83,4.681
1784471400000,567.8,568.85,567.8,568.83,15.174
1784472300000,568.84,569.75,568.84,569.55,51.481
1784473200000,569.59,569.75,569.48,569.65,5.87
1784474100000,569.39,569.72,569.21,569.21,3.761
1784475000000,569.27,570.5,569.27,570.32,20.164
1784475900000,570.32,570.61,570.01,570.01,38.778
1784476800000,570,570.03,569.29,569.89,45.566
1784477700000,569.85,570.09,569.63,569.65,37.295
1784478600000,569.71,569.71,568.51,568.67,52.127
1784479500000,568.72,568.77,567.92,567.96,35.82
1784480400000,567.96,569.08,566.97,569.06,127.19
1784481300000,569.17,569.31,568.61,568.66,40.628
1784482200000,568.63,568.99,568.41,568.46,60.109
1784483100000,568.39,568.39,567.94,567.99,35.172
1784484000000,567.99,568.05,566.16,567.12,39.99
1784484900000,567.17,567.6,566.91,567.03,32.901
1784485800000,567,567.29,566.53,567.17,64.076
1784486700000,567.2,567.26,566.67,566.92,40.315
1784487600000,567.09,567.09,566.5,566.97,8.049
1784488500000,567.05,567.5,567.05,567.44,6.08
1784489400000,567.34,567.63,567.06,567.35,21.77
1784490300000,567.28,567.59,567.14,567.56,9.061
1784491200000,567.75,568.36,567.75,568.19,16.95
1784492100000,568.32,568.63,568.18,568.54,3.158
1784493000000,568.54,569.06,568.5,569.05,7.938
1784493900000,569.06,569.35,568.84,569.35,2.575
1784494800000,569.37,569.52,569.24,569.4,32.755
1784495700000,569.44,569.44,569.02,569.2,1.728
1784496600000,569.21,569.24,568.3,568.49,11.161
1784497500000,568.48,568.67,567.67,568.12,9.091
1784498400000,568.23,570.21,568.02,570.17,36.898
1784499300000,570.17,571.44,570.17,570.7,68.68
1784500200000,570.51,570.93,570.24,570.92,25.355
1784501100000,570.92,570.92,570.35,570.37,11.294
1784502000000,570.26,571.02,569.64,570.88,14.307
1784502900000,570.86,570.95,570.37,570.63,15.413
1784503800000,570.75,571.42,570.58,571.16,7.663
1784504700000,570.76,570.85,570.21,570.85,12.666
1784505600000,570.85,572.4,569.8,572.31,535.985
1784506500000,572.27,573.66,571.2,571.58,65.335
1784507400000,571.2,572.09,571.07,571.5,20.191
1784508300000,571.18,571.18,568.38,569.2,14.043
1784509200000,569.24,572.49,569,571,33.491
1784510100000,570.84,572.39,569.83,571.64,14.919
1784511000000,571.62,571.62,569.84,569.84,21.806
1784511900000,570.04,570.24,567.93,568.68,5.696
1784512800000,568.76,571.28,568.7,570.34,17.84
1784513700000,570.33,570.33,568.64,569.49,7.147
1784514600000,569.5,570.94,569.5,570.19,3.133
1784515500000,570.14,571.32,570.14,570.2,3.03
1784516400000,570.23,570.6,569.84,570,41.143
1784517300000,570.49,570.49,568.91,569,7.694
1784518200000,569.01,569.98,568.92,569.93,17.323
1784519100000,569.88,570,569.13,569.75,20.452
1784520000000,569.81,569.84,568.31,568.34,7.002
1784520900000,568.52,568.7,567.56,568.56,3.445
1784521800000,568.56,569,568.3,568.81,11.693
1784522700000,568.56,568.96,567.12,567.12,40.116
1784523600000,567.21,567.21,563.63,565.39,107.488
1784524500000,565.31,566.6,565.2,565.71,50.8
1784525400000,565.66,566.41,565.33,566.13,26.983
1784526300000,565.77,565.77,564.96,564.96,14.98
1784527200000,565,565.08,564.16,564.78,47.792
1784528100000,564.9,565.45,564.44,564.91,38.045
1784529000000,564.88,564.98,562.71,563.61,38.341
1784529900000,563.56,564.22,563.35,563.98,14.406
1784530800000,564.28,564.78,564.27,564.58,35.187
1784531700000,564.68,565.53,563.68,565.44,12.249
1784532600000,565.48,566.03,565.17,566.03,12.389
1784533500000,566.04,566.5,565.82,566.43,16.939
1784534400000,566.34,566.59,565.7,566.08,23.563
1784535300000,566.08,566.49,565.61,565.88,9.048
1784536200000,565.63,565.96,564.27,564.65,24.435
1784537100000,564.34,565.4,564.34,564.96,34.141
1784538000000,564.96,565.32,564.53,565.32,46.86
1784538900000,565.29,566.11,565.29,566.09,90.758
1784539800000,566.08,566.72,566.08,566.27,38.83
1784540700000,566.33,566.41,565.74,565.74,84.145
1784541600000,565.63,566.21,565.49,566.2,35.777
1784542500000,566.25,567.35,566.08,566.99,111.933
1784543400000,567.06,567.06,566.53,566.59,9.735
1784544300000,566.64,567.13,566.51,566.51,9.335
1784545200000,566.62,567.6,566.32,567.58,24.593
1784546100000,567.56,567.59,567,567.27,4.632
1784547000000,567.31,571,567.31,570.53,147.935
1784547900000,570.71,571.12,570.29,570.99,18.029
1784548800000,570.88,570.88,569.38,569.52,62.038
1784549700000,569.58,569.73,569.16,569.3,11.624
1784550600000,569.36,569.94,568.79,568.79,97.093
1784551500000,568.81,569.71,568.72,569.02,19.566
1784552400000,569.08,569.5,569.06,569.06,16.988
1784553300000,569.12,569.27,568.14,568.17,12.08
1784554200000,568.42,569.71,567.89,569.22,39.833
1784555100000,569.06,569.15,565.89,566.5,65.891
1784556000000,566.55,567.09,566,566.52,19.006
1784556900000,566.28,566.76,564.73,566.76,111.279
1784557800000,566.79,567.59,566.78,567.59,24.1
1784558700000,567.49,568.09,567.01,567.32,33.26
1784559600000,567.52,571.11,567.42,571.04,49.013
1784560500000,571.01,571.03,570.5,570.5,54.937
1784561400000,570.88,572.61,570.36,572.14,75.541
1784562300000,572.13,574.47,572.02,573.77,94.105
1784563200000,573.93,574.74,573.3,574.46,80.111
1784564100000,574.44,574.45,572.91,573.16,33.105
1784565000000,573.25,573.61,572.33,572.74,53.328
1784565900000,572.71,573.13,572.34,572.87,39.65
1784566800000,573,573.72,572.87,573.34,19.253
1784567700000,573,573,572,572.38,32.212
1784568600000,572.44,572.48,572.03,572.17,11.319
1784569500000,572.46,574.26,572.46,573.71,30.635
1784570400000,573.83,574.83,573.55,574.77,20.414
1784571300000,574.71,575.11,573.26,574.19,79.952
1784572200000,573.62,573.83,572.54,572.54,15.915
1784573100000,572.58,572.58,571.79,572.11,3.903
1784574000000,572.08,572.38,571.3,571.3,9.103
1784574900000,571.17,572,570.79,571.91,47.63
1784575800000,571.78,571.78,571,571.61,10.219
1784576700000,571.63,571.8,571.01,571.11,12.141
1784577600000,571.19,571.92,570.59,571.92,36.314
1784578500000,571.91,572.24,571.73,571.89,11.337
1784579400000,571.88,572.79,571.75,571.75,32.79
1784580300000,571.93,572.28,571.78,572.28,2.152
1784581200000,572.21,572.5,571.91,571.91,19.439
1784582100000,571.7,571.85,571.22,571.23,1.461
1784583000000,571.23,571.77,571.2,571.41,9.254
1784583900000,571.39,571.44,571.05,571.17,6.706
1784584800000,571.13,571.13,570.14,570.65,36.388
1784585700000,570.41,570.69,570.19,570.59,11.546
1784586600000,570.59,570.68,569.69,569.71,22.385
1784587500000,569.74,569.82,569.68,569.72,4.001
1784588400000,569.75,570.42,569.65,569.89,4.44
1784589300000,569.84,570.71,569.84,570.7,23.218
1784590200000,570.79,571.31,570.64,570.65,17.047
1784591100000,570.98,571.18,570.29,570.98,37.461
1784592000000,570.97,571.71,570.54,571.09,76.829
1784592900000,571.09,572.64,570.77,572.41,24.973
1784593800000,572.29,573.51,572.29,573.25,30.226
1784594700000,573.11,573.45,573.08,573.25,31.61
1784595600000,573.25,573.81,572.79,573.53,23.269
1784596500000,573.22,573.22,572.47,572.58,6.61
1784597400000,572.51,573.15,572.09,572.39,15.7
1784598300000,572.39,572.77,571.91,571.95,2.916
1784599200000,571.93,573.07,571.92,572.1,14.407
1784600100000,572,572.07,571.09,571.53,16.828
1784601000000,571.52,572.75,571.52,572.75,10.261
1784601900000,572.72,573.77,572.55,573.29,10.307
1784602800000,573.3,574.74,573.3,574.2,29.987
1784603700000,574.18,574.52,574,574.43,13.354
1784604600000,574.17,574.74,574.03,574.74,12.763
1784605500000,574.61,575.21,574.59,575.09,14.77
1784606400000,575.09,575.98,574.55,574.55,36.42
1784607300000,574.5,574.72,574.1,574.21,3.513
1784608200000,574.39,574.56,573.93,574.25,26.879
1784609100000,574.01,574.2,573.6,573.84,1.86
1784610000000,573.76,574.64,573.74,574.38,31.84
1784610900000,574.23,574.49,573.88,574.32,6.875
1784611800000,574.26,574.37,573.89,574.2,3.049
1784612700000,574.08,575.43,574.08,574.66,6.843
1784613600000,574.81,575.79,574.77,575.78,8.193
1784614500000,575.75,576.15,575.7,576.05,4.172
1784615400000,575.76,576.34,575.76,576.33,1397.684
1784616300000,576.34,576.34,575.94,576.07,7.686
1784617200000,576.01,576.19,575.38,575.38,25.755
1784618100000,575.55,575.73,575.02,575.07,5.819
1784619000000,575.05,576.34,575.01,575.84,12.797
1784619900000,575.82,576.45,575.82,576.45,120.266
1784620800000,576.45,576.96,576.15,576.9,190.115
1784621700000,576.9,578.21,576.32,576.87,56.409
1784622600000,576.88,578.16,576.48,578.16,21.569
1784623500000,578.09,578.16,577.43,577.53,21.689
1784624400000,577.5,577.96,576.93,577.83,69.288
1784625300000,577.83,578.84,577.82,578.78,209.334
1784626200000,578.82,579.53,578.71,578.95,61.316
1784627100000,578.96,579.67,578.96,579.34,45.295
1784628000000,579.5,579.68,578.77,578.86,57.703
1784628900000,578.82,578.85,578.24,578.37,40.733
1784629800000,578.36,579,578.35,578.63,21.047
1784630700000,578.57,578.58,577.26,577.54,50.282
1784631600000,577.85,577.85,576.86,576.98,45.084
1784632500000,576.9,576.97,576.45,576.57,74.355
1784633400000,576.55,577.1,576.52,576.92,68.854
1784634300000,576.92,577,576.45,576.55,229.22
1784635200000,576.71,577.48,576.39,577.28,1021.147
1784636100000,577.13,577.21,576.83,576.96,44.163
1784637000000,577,577.65,576.87,577.35,26.601
1784637900000,577.59,577.9,577.25,577.65,35.48
1784638800000,577.71,577.78,576.95,577.19,18.867
1784639700000,577.23,577.28,576.59,576.76,7.974
1784640600000,576.74,577.21,576.34,576.57,136.656
1784641500000,576.49,577.98,576.34,577.71,66.081
1784642400000,577.53,577.53,574.7,576.18,105.088
1784643300000,576.45,576.45,574.43,574.6,24.318
1784644200000,574.99,575.8,574.64,575.8,5.306
1784645100000,575.86,576.17,575.63,575.66,2.458
1784646000000,575.68,575.68,574.71,575.27,19.75
1784646900000,575.16,575.68,575.12,575.14,9.227
1784647800000,575.02,575.51,574.78,575,4.95
1784648700000,574.89,575.39,574.63,575.12,7.38
1784649600000,575.14,575.5,574.77,575.46,10.141
1784650500000,575.33,575.45,574.5,574.5,5.925
1784651400000,574.2,574.78,574.07,574.49,59.671
1784652300000,574.31,574.74,573.97,574.64,33.859
1784653200000,574.65,574.71,573.22,573.39,78.322
1784654100000,573.57,573.79,572.82,573.31,12.709
1784655000000,573.37,574.06,573.37,574.06,13.626
1784655900000,574.02,574.17,572.4,572.96,117.696
1784656800000,572.97,573.67,572.51,573.11,48.471
1784657700000,573.1,573.18,572.27,572.62,18.365
1784658600000,572.62,573.3,572.26,573.24,14.092
1784659500000,573.11,573.27,572.51,573.12,55.998
1784660400000,573.16,573.26,572.53,572.67,14.192
1784661300000,572.61,573.08,572.51,572.78,9.987
1784662200000,572.86,573.12,572.68,572.73,10.646
1784663100000,572.69,572.84,572.36,572.58,8.332
1784664000000,572.59,572.78,572.34,572.77,2.582
1784664900000,572.77,572.78,572.41,572.42,2.703
1784665800000,572.49,573.38,572.49,573.32,6.042
1784666700000,573.42,573.42,572.94,572.94,1.308
1784667600000,572.81,573.37,572.47,572.98,14.844
1784668500000,573.1,573.34,572.97,573.31,2.135
1784669400000,573.34,573.82,573.3,573.82,9.769
1784670300000,573.78,573.85,573.27,573.27,8.18
1784671200000,573.22,573.43,572.71,573.12,18.357
1784672100000,573.06,573.16,572.52,572.52,1.907
1784673000000,572.5,572.8,572.47,572.65,32.473
1784673900000,572.65,572.65,572.1,572.65,22.817
1784674800000,572.33,572.33,571.6,572.04,19.555
1784675700000,572.13,572.5,572.13,572.5,13.109
1784676600000,572.6,573.38,572.6,573.21,1.398
1784677500000,573.31,573.97,573.11,573.89,37.337
1784678400000,573.96,574.19,573.47,574.07,126.704
1784679300000,574.1,575.44,574.1,574.43,85.971
1784680200000,574.43,574.87,574.32,574.87,23.548
1784681100000,574.8,575.18,574.54,574.77,5.816
1784682000000,574.58,574.63,574,574,38.209
1784682900000,573.85,573.85,573.01,573.01,43.009
1784683800000,573,573.43,572.86,573.3,6.712
1784684700000,573.33,573.98,572.85,573.06,8.076
1784685600000,573.16,573.35,572.78,573.26,6.425
1784686500000,573.5,573.95,573.5,573.9,4.14
1784687400000,573.44,573.83,572.87,572.91,3.309
1784688300000,572.9,573.04,572.38,572.41,61.529
1784689200000,572.33,572.6,570.71,570.81,50.265
1784690100000,570.92,571.79,570.92,571.67,57.277
1784691000000,571.73,571.84,571.06,571.74,59.492
1784691900000,571.74,572.11,570.91,570.91,21.403
1784692800000,570.9,571.32,570.28,571.07,50.866
1784693700000,571.07,571.56,571.06,571.56,27.933
1784694600000,571.4,572.32,571.37,572.32,17.387
1784695500000,572.28,572.28,571.69,571.92,4.784
1784696400000,571.76,571.79,571.09,571.09,37.651
1784697300000,571.17,571.17,569.6,569.6,42.012
1784698200000,569.58,569.92,568.54,568.64,17.556
1784699100000,568.73,569.14,568.3,568.9,9.344
1784700000000,568.9,569.39,568.57,568.96,17.624
1784700900000,568.86,568.86,567.91,568.04,8.022
1784701800000,567.9,568.96,567.9,568.49,11.828
1784702700000,568.49,568.49,566.71,567.58,17.748
1784703600000,567.58,567.91,567.15,567.5,27.365
1784704500000,567.57,568.11,567.22,568.07,30.56
1784705400000,568.1,568.1,567.18,567.54,31.167
1784706300000,567.53,567.93,567.41,567.93,7.831
1784707200000,567.85,569.51,567.84,569.42,83.61
1784708100000,569.42,570,569.28,569.53,22.123
1784709000000,569.69,570.08,569.51,569.74,4.978
1784709900000,569.59,569.87,569.59,569.76,111.991
1784710800000,569.76,569.89,569.51,569.51,169.935
1784711700000,569.52,569.65,569.41,569.64,130.464
1784712600000,569.62,569.62,568.82,569.13,23.342
1784713500000,569.14,570.98,569.14,570.78,64.15
1784714400000,570.78,570.99,570.46,570.73,43.44
1784715300000,570.74,571.37,570.73,571.37,23.462
1784716200000,571.2,571.38,571.07,571.27,22.054
1784717100000,571.27,571.33,570.56,570.59,10.965
1784718000000,570.66,571,570.57,571,10.755
1784718900000,570.96,571.3,570.43,571.2,22.687
1784719800000,571.21,571.5,570.25,570.41,3.816
1784720700000,570.43,571.04,570.43,570.68,31.737
1784721600000,570.7,570.7,569.92,570.25,25.325
1784722500000,570.25,570.44,569.99,570.08,15.144
1784723400000,570.23,570.65,570.1,570.45,12.349
1784724300000,570.23,570.4,569.19,569.91,49.793
1784725200000,569.91,570.54,569.75,570.54,8.802
1784726100000,570.49,570.54,569.93,570.1,9.674
1784727000000,570.23,572.11,570.22,572.01,93.491
1784727900000,572.06,572.4,571.63,572.22,30.139
1784728800000,572.01,574.6,572.01,573.02,31.292
1784729700000,573,573,570.5,570.55,40.284
1784730600000,570.55,571.18,570.4,570.85,32.538
1784731500000,570.71,571.18,570.21,570.6,32.885
1784732400000,570.87,571.94,570.87,571.94,100.624
1784733300000,571.85,573.09,571.76,572.65,25.522
1784734200000,572.65,572.76,571.98,572.23,1.851
1784735100000,572.5,572.65,572.06,572.3,9.444
1784736000000,572.3,572.67,571.84,571.88,77.58
1784736900000,571.88,571.88,570.88,571.35,127.064
1784737800000,571.19,574.37,571.08,574.27,41.765
1784738700000,574.44,574.72,573.64,574.65,58.856
1784739600000,574.5,575.21,574.48,574.65,33.917
1784740500000,574.78,574.78,571.61,571.88,22.573
1784741400000,571.68,572.5,571.67,572.5,4.259
1784742300000,572.45,572.73,571.37,571.57,22.804
1784743200000,571.62,572.12,571.32,571.78,29.513
1784744100000,571.45,572,571.03,571.32,38.983
1784745000000,571.12,571.19,569.43,569.72,20.899
1784745900000,569.65,570.21,569.65,569.97,5.491
1784746800000,569.99,569.99,568.6,568.98,16.886
1784747700000,569.15,569.99,569.15,569.82,4.696
1784748600000,569.72,569.8,569.37,569.5,7.862
1784749500000,569.51,569.85,569.33,569.85,11.654
1784750400000,569.84,570.07,569.43,570.06,86.86
1784751300000,570.26,570.51,569.89,570.2,6.327
1784752200000,570.26,570.72,570.08,570.38,34.132
1784753100000,570.37,570.37,570.01,570.27,53.296
1784754000000,570.3,570.82,570.19,570.82,6.089
1784754900000,570.76,571.2,570.6,570.6,9.29
1784755800000,570.51,571.69,570.48,571.67,110.462
1784756700000,571.67,571.78,570.93,571.1,7.48
1784757600000,570.87,571.22,570.24,570.74,20.745
1784758500000,570.75,570.94,570.38,570.92,7.588
1784759400000,570.73,570.73,570.05,570.35,0.897
1784760300000,570.34,571.21,570.26,571.05,2.061
1784761200000,571,571,569.18,569.18,46.403
1784762100000,569.35,570,569.11,569.87,8.568
1784763000000,569.87,570.15,569.86,570,1.773
1784763900000,570.04,570.94,570.04,570.8,15.873
1784764800000,570.78,571.48,570.59,570.93,117.593
1784765700000,571.1,571.7,570.8,571.53,31.59
1784766600000,571.52,571.77,571.27,571.44,13.628
1784767500000,571.68,571.88,571.27,571.27,22.103
1784768400000,571.05,571.48,570.6,570.86,15.298
1784769300000,570.91,571.13,570.51,570.96,25.638
1784770200000,570.9,570.9,569.76,570.07,11.56
1784771100000,570,570.67,570,570.59,8.152
1784772000000,570.59,570.68,570.31,570.48,8.751
1784772900000,570.47,570.47,569.74,570.07,5.644
1784773800000,570.03,570.68,570.03,570.2,25.894
1784774700000,570.33,570.67,570.32,570.67,49.931
1784775600000,570.56,570.6,569.55,569.55,10.662
1784776500000,569.59,570.22,569.59,570.17,13.694
1784777400000,570.5,570.86,570.49,570.51,14.395
1784778300000,570.51,570.51,569.86,569.99,134.63
1784779200000,570.02,570.02,569.3,569.92,22.531
1784780100000,570,570.19,569.72,570.03,33.359
1784781000000,569.92,570.11,569.67,569.69,7.324
1784781900000,569.87,570.12,569.27,569.35,6.162
1784782800000,569.51,569.51,568.8,568.88,47.702
1784783700000,568.88,569.8,568.7,569.8,2.356
1784784600000,570,570.29,569.67,569.8,6.008
1784785500000,569.86,569.86,569.18,569.58,3.198
1784786400000,569.58,569.96,569.53,569.87,13.041
1784787300000,569.86,569.88,569.23,569.58,6.528
1784788200000,569.75,570.33,569.75,570.29,7.076
1784789100000,570.26,570.29,569.96,569.99,118.148
1784790000000,570.07,570.07,567.97,568.23,237.774
1784790900000,568.5,569.01,568.49,569.01,7.102
1784791800000,569.02,569.57,569.02,569.11,8.219
1784792700000,569.11,569.61,569.01,569.53,41.745
1784793600000,569.51,569.83,569.47,569.71,13.216
1784794500000,569.71,570.31,569.7,570.31,3.805
1784795400000,570.39,571.24,570.39,570.96,12.29
1784796300000,570.95,570.96,570.45,570.45,23.132
1784797200000,570.26,570.81,570.13,570.19,35.031
1784798100000,570.19,570.6,570,570,105.591
1784799000000,569.89,569.9,569.59,569.72,29.553
1784799900000,569.74,569.74,569.03,569.07,9.609
1784800800000,569.2,569.48,568.96,569.35,10.02
1784801700000,569.34,569.5,568.95,569.5,23.151
1784802600000,569.69,569.98,569.65,569.77,16.964
1784803500000,569.77,569.86,569.55,569.73,14.21
1784804400000,569.73,570.24,569.49,570.24,44.321
1784805300000,570.29,570.71,570.22,570.65,16.582
1784806200000,570.64,570.65,569.77,569.98,50.847
1784807100000,570.14,570.34,569.34,569.66,26.855
1784808000000,569.62,569.81,569.53,569.66,27.694
1784808900000,569.77,569.99,569.18,569.78,21.287
1784809800000,569.78,569.78,567.86,568.04,85.458
1784810700000,568.02,569.41,566.7,568.58,60.111
1784811600000,568.69,568.99,567.91,567.91,32.165
1784812500000,567.88,568.57,567.43,567.7,85.665
1784813400000,567.84,568.8,567.42,568.52,74.394
1784814300000,568.58,568.66,565.97,566.04,192.928
1784815200000,566.02,566.97,565.52,566.94,64.288
1784816100000,566.84,567.21,566.42,566.71,25.452
1784817000000,566.88,567.75,566.18,567.17,14.859
1784817900000,567.08,567.42,566.08,566.5,14.191
1784818800000,566.62,566.67,563.92,564.08,179.863
1784819700000,564.19,566.07,563.31,565.9,127.294
1784820600000,565.78,566.51,565.03,566.28,119.15
1784821500000,566.18,567.56,566.15,567.36,90.981
1784822400000,567.33,567.39,566.28,567.23,105.082
1784823300000,567.27,567.27,566.05,566.5,30.903
1784824200000,566.47,566.69,566.09,566.16,34.289
1784825100000,566.19,566.6,565.96,566.36,61.364
1784826000000,566.22,566.74,566.21,566.53,46.857
1784826900000,566.53,567.31,566.53,567.31,20.341
1784827800000,567.2,567.36,566.42,566.63,15.257
1784828700000,566.62,566.72,564.86,565.25,36.363
1784829600000,565.24,566.1,565.24,565.86,34.25
1784830500000,565.96,567.2,565.76,567.2,13.41
1784831400000,567.24,567.24,566.25,566.65,14.004
1784832300000,566.85,567.42,566.82,567.06,28.342
1784833200000,567.12,567.29,566.08,566.15,11.036
1784834100000,566.33,566.92,566.25,566.92,20.432
1784835000000,566.92,567.23,566.12,566.22,45.304
1784835900000,566.21,566.37,565.21,566.37,31.68
1784836800000,566.35,568.15,566.35,568.15,39.834
1784837700000,568.11,568.52,568.11,568.34,7.45
1784838600000,568.34,568.34,567.53,567.59,16.51
1784839500000,567.6,567.64,567.4,567.49,6.195
1784840400000,567.63,567.81,566.98,567.06,20.235
1784841300000,566.99,567.17,566.63,566.97,6.173
1784842200000,567.09,567.21,566.58,566.58,6.059
1784843100000,566.62,567.13,566.62,567.02,9.336
1784844000000,566.98,567.23,566.34,566.39,29.94
1784844900000,566.4,567.01,565.86,566.7,47.386
1784845800000,566.81,567.19,566.81,567.19,18.586
1784846700000,567.19,567.68,567.08,567.68,9.772
1784847600000,567.72,567.98,567.6,567.75,23.982
1784848500000,567.8,568.02,567.6,567.6,38.635
1784849400000,567.6,567.83,567.22,567.5,18.608
1784850300000,567.43,567.57,566.94,567.13,21.834
1784851200000,567.12,567.32,566.62,566.99,42.889
1784852100000,566.99,567.73,566.98,567.07,19.751
1784853000000,567.08,567.28,565.72,566.78,31.506
1784853900000,566.86,567.47,566.86,567.47,5.036
1784854800000,567.47,568.3,567.43,567.66,13.614
1784855700000,567.5,567.97,567.19,567.36,4.023
1784856600000,567.25,568.12,567.19,567.96,5.9
1784857500000,567.93,568.05,567.64,567.64,9.863
1784858400000,567.53,568.04,567.3,567.97,18.64
1784859300000,567.98,567.99,567.42,567.77,11.226
1784860200000,567.77,567.77,566.65,567.27,26.078
1784861100000,567.28,567.28,566.22,566.97,52.507
1784862000000,566.99,568.82,566.83,568.81,8.621
1784862900000,569,570.17,569,569.82,92.847
1784863800000,569.87,569.91,569.26,569.48,18.755
1784864700000,569.48,569.68,568.81,568.86,24.513
1784865600000,568.89,568.95,568.34,568.43,15.517
1784866500000,568.39,568.79,568.06,568.35,16.125
1784867400000,568.34,568.51,567.49,567.65,3.541
1784868300000,567.59,567.75,566.87,566.87,6.017
1784869200000,566.91,567.68,566.54,567.37,11.61
1784870100000,567.33,567.48,567.17,567.17,3.204
1784871000000,567.05,567.29,566.73,567.29,8.054
1784871900000,567.4,567.48,567.02,567.33,24.607
1784872800000,567.36,567.98,567.18,567.96,4.445
1784873700000,568,569.05,567.95,568.35,11.577
1784874600000,568.35,568.67,568,568.28,37.269
1784875500000,568.17,568.35,568.05,568.35,7.286
1784876400000,568.45,571.01,568.45,570.82,50.901
1784877300000,570.5,570.79,570.04,570.04,63.521
1784878200000,570.12,570.19,568.5,568.64,10.063
1784879100000,568.58,569.21,568.58,569.19,48.387
1784880000000,569.21,569.37,568.44,568.53,9.698
1784880900000,568.41,568.47,567.9,568.18,72.611
1784881800000,568.2,568.73,568.18,568.58,9.598
1784882700000,568.59,568.71,568.06,568.06,16.408
1784883600000,568.06,568.06,566.78,566.78,15.97
1784884500000,566.78,566.78,566.24,566.54,14.932
1784885400000,566.55,567.61,566.55,567.61,14.129
1784886300000,567.61,568.03,567.61,567.77,14.472
1784887200000,568.08,568.29,567.43,567.44,10.788
1784888100000,567.34,567.51,566.96,567.17,41.25
1784889000000,567.16,567.35,566.86,566.96,2.528
1784889900000,566.95,567.05,566.51,566.64,5.553
1784890800000,566.68,566.68,565.74,565.92,5.875
1784891700000,565.91,566.04,565.68,565.98,4.005
1784892600000,565.97,565.97,565.51,565.62,23.356
1784893500000,565.53,566,564.93,566,15.071
1784894400000,566.44,566.44,565.48,565.86,19.357
1784895300000,566.03,566.23,565.63,565.77,12.285
1784896200000,565.91,566.28,565.22,565.22,16.612
1784897100000,565.17,565.17,562.71,563.51,55.329
1784898000000,563.41,563.52,559.15,560.31,153.365
1784898900000,560.35,561.87,560.13,560.83,98.134
1784899800000,560.69,561.09,559.79,560.59,84.13
1784900700000,561,561.12,555.91,558.31,320.606
1784901600000,558.5,558.74,557.71,557.71,77.871
1784902500000,557.58,557.87,556.42,557.87,137.251
1784903400000,557.96,558.94,557.76,558.06,26.973
1784904300000,558.11,560.26,558,560.24,25.473
1784905200000,560.13,561.35,559.09,561.35,154.407
1784906100000,561.27,561.66,560.66,561.15,43.74
1784907000000,561.12,562.41,560.81,562.06,56.474
1784907900000,562.06,562.12,561.04,561.11,337.58
1784908800000,561,561.48,560.44,560.89,143.499
1784909700000,560.98,561.53,560.7,561.24,19.01
1784910600000,561.21,561.21,559.73,559.82,10.998
1784911500000,559.72,560.3,559.54,560.19,25.093
1784912400000,560.16,560.44,559.97,560.13,51.85
1784913300000,560.12,561.37,560.12,561.37,8.435
1784914200000,561.42,562.18,561.4,561.86,12.369
1784915100000,561.86,562.04,561.69,562.04,29.334
1784916000000,562.04,562.18,561.74,562.11,60.299
1784916900000,562.11,562.11,560.98,561.05,19.992
1784917800000,561.14,561.4,560.95,561.21,9.352
1784918700000,561.36,562.39,561.36,562.12,18.336
1784919600000,562.2,565.9,562.2,564.43,336.951
1784920500000,565,565.38,564.35,564.76,24.353
1784921400000,564.94,565.12,564.59,564.83,9.303
1784922300000,564.83,565.07,564.39,564.85,49.494
1784923200000,564.81,565.21,564.65,564.99,40.037
1784924100000,564.92,565.13,564.74,564.74,26.973
1784925000000,564.7,564.99,564.54,564.85,30.3
1784925900000,564.86,564.91,564.55,564.62,40.928
1784926800000,564.63,564.81,563.82,564.14,55.093
1784927700000,564.32,564.5,564.18,564.3,8.436
1784928600000,564.31,564.49,563.91,563.91,37.303
1784929500000,563.92,564.36,563.26,563.43,20.796
1784930400000,563.71,564.66,563.71,563.96,18.484
1784931300000,563.97,564.45,563.93,564.45,10.506
1784932200000,564.47,564.91,564.47,564.61,11.89
1784933100000,564.69,564.69,564.47,564.54,5.61
1784934000000,564.68,564.88,564.53,564.59,30.875
1784934900000,564.51,564.68,564.51,564.58,2.077
1784935800000,564.57,564.91,564.1,564.35,10.49
1784936700000,564.3,564.54,564.3,564.53,4.891
1784937600000,564.54,564.69,564.09,564.28,113.548
1784938500000,564.3,564.76,564.3,564.76,15.062
1784939400000,564.75,564.92,564.44,564.6,17.66
1784940300000,564.49,564.94,564.47,564.63,7.848
1784941200000,564.62,565.08,564.43,564.47,129.812
1784942100000,564.44,564.47,563.96,564.19,12.418
1784943000000,564.06,564.82,564.06,564.82,12.519
1784943900000,564.86,564.88,564.4,564.66,23.594
1784944800000,564.76,564.79,564.53,564.72,9.529
1784945700000,564.61,565.15,564.38,565.15,8.862
1784946600000,565.29,565.59,565.1,565.59,5.279
1784947500000,565.57,565.59,565.37,565.59,4.812
1784948400000,565.8,566.04,565.35,565.35,10.243
1784949300000,565.28,565.32,564.86,564.86,12.002
1784950200000,564.76,565.21,564.76,565.21,3.907
1784951100000,565.22,565.32,564.98,565.2,12.871
1784952000000,565,565.2,564.96,565.08,6.226
1784952900000,565.1,565.1,564.98,564.98,1.634
1784953800000,565,565.46,564.71,565.46,4.333
1784954700000,565.49,565.5,564.96,565.25,124.227
1784955600000,565.29,565.47,565.17,565.47,21.175
1784956500000,565.43,565.65,565.33,565.34,1.689
1784957400000,565.38,565.39,564.37,564.69,87.733
1784958300000,564.68,564.76,564.41,564.64,0.975
1784959200000,564.62,564.83,564.51,564.72,73.977
1784960100000,564.72,564.73,564.08,564.13,23.992
1784961000000,564.13,564.36,563.96,564.14,315.19
1784961900000,564.13,564.66,564.06,564.65,4.426
1784962800000,564.69,564.86,564.23,564.24,9.546
1784963700000,564.34,564.35,564.14,564.28,10.564
1784964600000,564.15,564.15,563.71,563.79,20.847
1784965500000,563.78,564.31,563.78,564.31,89.808
1784966400000,564.31,564.47,564.09,564.47,79.192
1784967300000,564.5,564.9,564.5,564.89,15.705
1784968200000,564.9,565.01,564.71,564.92,33.621
1784969100000,564.92,564.92,564.1,564.53,95.564
1784970000000,564.53,564.59,564.18,564.59,66.166
1784970900000,564.59,565.53,564.58,565.53,59.411
1784971800000,565.53,565.53,565,565.01,10.771
1784972700000,565.01,565.65,565,565.19,4.279
1784973600000,565.34,565.85,565.34,565.85,11.316
1784974500000,565.85,565.85,565.48,565.53,11.542
1784975400000,565.54,565.54,565.14,565.26,11.38
1784976300000,565.27,565.47,565.25,565.38,9.635
1784977200000,565.43,565.65,565.42,565.47,1.549
1784978100000,565.47,565.62,565.47,565.62,4.136
1784979000000,565.81,565.81,565.32,565.32,23.506
1784979900000,565.26,565.3,564.72,565.29,17.476
1784980800000,565.49,565.5,565.07,565.12,11.17
1784981700000,565.05,565.33,564.83,565.33,6.506
1784982600000,565.26,565.62,565.23,565.62,46.434
1784983500000,565.68,566.57,565.66,566.55,56.169
1784984400000,566.77,567.37,566.75,566.93,76.627
1784985300000,566.89,567.36,566.86,567.07,1.947
1784986200000,567.03,567.58,566.84,567.58,8.8
1784987100000,567.58,569,567.58,567.9,57.439
1784988000000,568.13,568.13,566.94,567.13,40.788
1784988900000,567.19,567.2,566.47,566.55,37.833
1784989800000,566.54,566.69,566.34,566.58,7.326
1784990700000,566.51,567.05,566.39,567,6.089
1784991600000,566.87,567.33,566.71,567.33,34.073
1784992500000,567.26,567.56,566.33,566.51,52.209
1784993400000,566.51,566.84,566.35,566.78,5.235
1784994300000,566.83,567.01,566.56,567.01,6.434
1784995200000,567.13,567.21,566.42,567.21,21.434
1784996100000,567.27,567.33,566.9,566.92,3.82
1784997000000,566.93,567.49,566.93,567.38,7.609
1784997900000,567.49,567.91,567.32,567.32,12.801
1784998800000,567.16,567.17,566.82,566.97,7.956
1784999700000,566.97,568,566.97,567.79,11.187
1785000600000,567.76,568.61,567.53,568.61,12.545
1785001500000,568.61,568.7,568.05,568.05,10.32
1785002400000,568.1,568.87,568.04,568.52,14.072
1785003300000,568.47,568.78,568.03,568.78,1.135
1785004200000,568.79,568.8,568.41,568.51,5.11
1785005100000,568.54,568.88,568.54,568.88,4.48
1785006000000,568.76,568.87,568.41,568.62,17.629
1785006900000,568.55,568.55,568.27,568.36,4.972
1785007800000,568.3,568.39,568.18,568.38,6.806
1785008700000,568.39,568.51,568.37,568.39,7.273
1785009600000,568.38,568.84,568.18,568.7,28.937
1785010500000,568.71,568.71,568.34,568.6,10.395
1785011400000,568.69,568.69,568.11,568.2,3.083
1785012300000,568.22,568.24,568.2,568.21,3.763
1785013200000,568.2,568.49,568.06,568.34,3.668
1785014100000,568.57,568.66,568.39,568.66,4.288
1785015000000,568.77,569.7,568.76,569.48,25.981
1785015900000,569.37,569.72,568.61,568.61,16.532
1785016800000,568.6,569,568.56,568.83,29.346
1785017700000,568.9,569.41,568.9,569.4,6.051
1785018600000,569.29,569.57,569.13,569.22,6.388
1785019500000,569.28,569.75,569.12,569.45,1.545
1785020400000,569.4,569.5,569.19,569.19,2.731
1785021300000,569.24,569.24,569.02,569.09,2.484
1785022200000,569.09,569.32,568.77,568.78,8.268
1785023100000,568.88,568.95,568.7,568.7,9.546
1785024000000,568.75,569.81,568.75,569.71,39.928
1785024900000,569.68,570.27,569.65,569.89,37.041
1785025800000,569.89,570.03,569.47,569.69,33.797
1785026700000,569.85,569.95,569.51,569.84,21.142
1785027600000,569.99,570.16,569.85,569.92,4.628
1785028500000,569.97,569.97,569.56,569.7,3.657
1785029400000,569.59,569.85,569.49,569.85,4.585
1785030300000,569.77,569.99,569.7,569.93,4.254
1785031200000,569.89,569.94,569.4,569.88,10.92
1785032100000,569.81,569.82,569.41,569.66,2.276
1785033000000,569.68,569.69,569.34,569.64,14.655
1785033900000,569.65,570.01,569.64,570.01,5.285
1785034800000,570.1,570.43,569.82,570.43,5.612
1785035700000,570.45,570.66,570.04,570.04,10.503
1785036600000,570.09,570.51,570.05,570.06,45.458
1785037500000,570.06,570.18,570.01,570.18,2.342
1785038400000,570.22,570.55,569.97,569.97,10.221
1785039300000,569.92,570.39,569.77,570.38,20.083
1785040200000,570.39,570.81,570.29,570.81,22.245
1785041100000,570.88,571.18,570.53,570.54,19.365
1785042000000,570.7,571.35,570.38,571.33,9.82
1785042900000,571.34,571.78,571,571.46,17.893
1785043800000,571.47,571.73,571.06,571.3,21.517
1785044700000,571.3,571.44,571,571.14,4.576
1785045600000,571.05,571.49,570.75,570.9,14.919
1785046500000,571.03,571.04,570.22,570.43,39.233
1785047400000,570.26,571.18,570.18,571.18,16.617
1785048300000,571.16,572.27,571.16,572.21,81.436
1785049200000,572.15,572.61,571.8,572.04,28.306
1785050100000,572.02,572.04,571.28,571.28,4.595
1785051000000,571.32,571.7,571.15,571.7,4.397
1785051900000,571.54,571.7,571.37,571.37,4.789
1785052800000,571.43,571.61,571.34,571.46,13.153
1785053700000,571.46,571.51,570.97,571.32,112.122
1785054600000,571.46,571.48,571.16,571.16,142.971
1785055500000,571.11,571.59,571.02,571.57,11.109
1785056400000,571.65,572.31,571.45,571.45,89.162
1785057300000,571.46,571.78,570.74,571.11,501.1
1785058200000,571.12,571.32,570.88,571.32,101.186
1785059100000,571.36,571.49,571.09,571.3,20.106
1785060000000,571.28,571.28,570.91,571.08,11.876
1785060900000,571.08,571.08,570.69,570.82,31.576
1785061800000,571.05,571.23,570.99,571.22,34.542
1785062700000,571.21,571.21,570.68,570.77,7.58
1785063600000,570.82,571.05,570.73,570.77,10.838
1785064500000,570.79,570.86,570.66,570.69,15.631
1785065400000,570.78,570.82,570.48,570.48,5.462
1785066300000,570.47,570.48,570.28,570.36,42.923
1785067200000,570.36,571.62,570.36,571.44,148.779
1785068100000,571.47,571.55,571.01,571.36,8.561
1785069000000,571.14,571.14,570.12,570.12,58.083
1785069900000,570.14,570.62,570.08,570.5,41.471
1785070800000,570.51,570.72,570.01,570.11,56.102
1785071700000,570.11,570.62,570.11,570.13,53.725
1785072600000,570.12,570.6,569.92,570.56,28.186
1785073500000,570.56,571.47,570.56,571.23,49.144
1785074400000,571.2,572.44,571.2,571.88,85.077
1785075300000,571.83,572.16,571.59,571.59,17.148
1785076200000,571.64,572.1,571.54,571.96,20.411
1785077100000,572.07,573.15,572.06,572.66,469.727
1785078000000,572.7,573,572.41,572.6,58.297
1785078900000,572.75,573.6,572.75,573.04,91.63
1785079800000,572.95,573.75,572.94,573.36,73.335
1785080700000,573.23,573.88,573.17,573.71,5.442
1785081600000,573.87,574.2,572.94,572.99,120.74
1785082500000,573.28,573.66,573.06,573.6,40.316
1785083400000,573.53,574.6,573.13,573.24,24.527
1785084300000,573.24,573.57,573.09,573.14,18.318
1785085200000,573.26,573.5,572.77,573.5,19.596
1785086100000,573.75,573.75,572.96,573.05,6.523
1785087000000,572.96,573.21,572.74,572.89,3.022
1785087900000,573.02,573.11,572.67,572.7,16.611
1785088800000,572.8,572.83,572.52,572.52,7.832
1785089700000,572.5,572.5,572.13,572.15,3.037
1785090600000,572.24,572.9,572.24,572.89,10.466
1785091500000,572.89,573.5,572.82,572.82,6.088
1785092400000,572.81,573.46,572.75,572.9,6.09
1785093300000,572.89,573.33,572.89,573.16,3.367
1785094200000,573.15,573.38,573.15,573.38,13.187
1785095100000,573.38,573.38,573.11,573.38,11.333
1785096000000,573.49,573.54,573.16,573.17,21.581
1785096900000,573.15,573.16,572.97,573.12,10.345
1785097800000,573.1,573.1,572.88,573.1,18.038
1785098700000,573.11,573.17,572.89,572.9,9.435
1785099600000,572.9,573.09,572.89,572.89,16.429
1785100500000,572.89,573.64,572.78,573.51,6.977
1785101400000,573.52,573.7,573.37,573.7,7.508
1785102300000,573.58,574.19,573.54,573.67,33.255
1785103200000,573.75,576.25,573.75,575.48,445.967
1785104100000,575.47,575.47,574.85,574.96,45.502
1785105000000,575.18,576.43,574.98,576.09,73.364
1785105900000,576.02,576.2,575.43,575.54,30.401
1785106800000,575.74,576.37,574.98,575.02,392.179
1785107700000,574.87,575.48,574.6,574.7,19.653
1785108600000,574.5,574.64,573.7,574.64,34.283
1785109500000,574.58,575.29,574.45,575.14,30.038
1785110400000,575.29,575.99,573.96,574.26,2196.099
1785111300000,574.21,574.29,573.39,573.8,53.02
1785112200000,573.8,573.86,573.04,573.05,20.221
1785113100000,573.28,573.4,572.25,572.42,33.645
1785114000000,572.42,572.98,572.28,572.48,74.002
1785114900000,572.36,572.91,572.18,572.51,9.168
1785115800000,572.5,572.88,571.33,572.42,60.959
1785116700000,572.42,573.36,572.39,573.35,34.289
1785117600000,573.37,573.42,572.95,573.03,11.261
1785118500000,572.85,573.17,572.7,573.17,6.936
1785119400000,572.99,573.78,572.63,573.73,5.095
1785120300000,573.64,573.78,572.68,572.72,27.388
1785121200000,572.94,573.21,572.36,572.81,3.675
1785122100000,573,573.36,572.69,572.92,10.362
1785123000000,572.64,572.88,572.63,572.87,19.291
1785123900000,572.95,573.52,572.92,573.42,11.244
1785124800000,573.42,573.84,573.17,573.5,42.228
1785125700000,573.72,574.48,573.14,573.27,19.107
1785126600000,573.06,573.81,572.95,573.44,12.565
1785127500000,573.47,573.85,573.19,573.82,21.689
1785128400000,573.47,574.05,573.47,574.04,24.677
1785129300000,573.9,574.52,573.72,574.51,17.787
1785130200000,574.34,574.73,574.32,574.55,19.007
1785131100000,574.42,575.68,574.27,575.34,19.668
1785132000000,575.37,576.85,575.27,575.59,68.585
1785132900000,575.53,575.61,574.53,574.61,44.261
1785133800000,574.73,575.96,574.65,575.45,47.586
1785134700000,575.41,575.68,574.87,574.89,33.975
1785135600000,574.87,575.12,574.36,575.12,35.27
1785136500000,575.19,575.2,574.98,574.98,63.858
1785137400000,574.99,575.02,574.31,574.76,76.525
1785138300000,574.77,574.92,574.33,574.52,10.37
1785139200000,574.62,574.75,574.14,574.31,21.979
1785140100000,574.37,574.81,574.22,574.81,26.668
1785141000000,574.81,574.99,574.43,574.43,172.336
1785141900000,574.47,574.51,573.25,573.42,34.1
1785142800000,573.28,573.28,571.79,571.79,48.382
1785143700000,571.78,572.17,571.62,572.06,110.477
1785144600000,571.92,572.62,571.92,572.62,88.822
1785145500000,572.62,572.89,572.2,572.42,12.224
1785146400000,572.43,572.44,572.02,572.02,45.35
1785147300000,572.02,572.56,572.02,572.34,14.411
1785148200000,572.46,573.71,572.46,573.7,13.903
1785149100000,573.73,573.99,573.16,573.48,43.025
1785150000000,573.51,573.66,573.22,573.25,36.051
1785150900000,573.19,573.47,572.55,572.74,19.708
1785151800000,572.82,573.12,572.66,572.95,14.763
1785152700000,572.74,572.92,572.59,572.7,6.958
1785153600000,572.93,573.46,572.44,572.74,261.131
1785154500000,572.67,572.69,571.78,571.82,24.683
1785155400000,571.89,572.37,570.74,572.37,81.224
1785156300000,572.38,573.41,572.38,573.27,74.747
1785157200000,573.48,574.26,573.21,573.58,50.135
1785158100000,573.79,573.79,572.52,572.53,94.292
1785159000000,572.59,576.61,572.51,576.46,418.562
1785159900000,576.49,576.68,573.8,574.19,87.486
1785160800000,574.19,575,573.72,574.49,33.379
1785161700000,574.49,574.5,569.59,569.6,113.688
1785162600000,569.5,569.5,565.34,565.55,2886.991
1785163500000,565.55,567.58,565.55,567.5,168.799
1785164400000,567.45,567.91,566.73,567.71,146.037
1785165300000,567.87,569.23,567,569.1,84.153
1785166200000,569.11,570.1,567.35,568.47,29.744
1785167100000,568.54,568.56,568.14,568.33,5.888
1785168000000,568.36,568.99,567.72,568.62,111.603
1785168900000,568.66,570.91,568.17,570.79,69.831
1785169800000,570.75,572.11,570.75,571.57,42.69
1785170700000,571.75,572.09,570.96,571.35,38.107
1785171600000,571.45,571.99,571.17,571.97,14.395
1785172500000,571.96,573.93,571.82,573.52,64.114
1785173400000,573.86,574.22,573.71,573.74,105.347
1785174300000,573.8,574.53,573.51,574.32,67.567
1785175200000,574.43,574.61,574.07,574.21,97.972
1785176100000,574.15,574.71,573.51,574.71,73.21
1785177000000,574.78,574.91,573.33,574.11,118.856
1785177900000,573.92,575.3,573.04,575.14,38.636
1785178800000,575.16,575.67,574.53,575.23,94.059
1785179700000,575.23,575.23,574.66,574.86,58.473
1785180600000,574.75,575.56,574.7,575.13,16.874
1785181500000,575.07,575.76,575.07,575.32,62.644
1785182400000,575.32,575.58,575.02,575.47,33.419
1785183300000,575.46,575.52,574.81,575.32,54.635
1785184200000,575.4,575.4,574.28,574.37,22.206
1785185100000,574.38,574.38,573.97,574.28,32.753
1785186000000,574.28,574.69,573.95,574.38,126.839
1785186900000,574.37,574.37,573.35,573.35,48.805
1785187800000,573.34,573.41,573,573.3,6.469
1785188700000,573.28,573.74,573.06,573.74,104.211
1785189600000,573.62,573.62,572.56,573.2,12.675
1785190500000,573.26,573.61,571.9,572.02,44.584
1785191400000,572.04,572.04,568.36,568.36,57.328
1785192300000,568.58,568.6,565.5,566.46,69.073
1785193200000,566.04,566.81,565.3,566.62,47.642
1785194100000,566.6,567.9,566.05,567.47,84.507
1785195000000,567.45,567.85,565.51,565.51,44.241
1785195900000,565.5,566.19,565.31,566.04,75.792
1785196800000,566.33,566.37,564.54,565.35,323.218
1785197700000,565.87,566.96,565.08,565.78,73.319
1785198600000,565.99,566.88,565.41,566.44,4.913
1785199500000,566.35,566.35,565.19,565.37,30.517
1785200400000,565.47,565.98,562.01,564.47,336.375
1785201300000,564.28,565.71,563.5,565.55,34.395
1785202200000,565.46,566.12,564.85,564.85,32.888
1785203100000,564.85,565.38,564.59,564.73,24.414
1785204000000,564.7,565.09,563.95,564.81,19.866
1785204900000,564.57,565.53,564.57,564.96,5.44
1785205800000,564.9,565.13,564.41,564.55,20.746
1785206700000,564.65,564.99,564.22,564.98,20.984
1785207600000,565,565.38,564.77,565.38,21.961
1785208500000,565.37,566,565.17,565.88,26.079
1785209400000,565.5,566.34,565.5,566.34,7.281
1785210300000,566.49,566.49,565.94,566.13,8.809
1785211200000,566.26,566.4,565.61,565.61,28.099
1785212100000,565.69,565.69,565.07,565.09,28.236
1785213000000,565,565.09,564.73,565.09,27.114
1785213900000,565.06,565.39,564.69,564.69,67.292
1785214800000,564.69,565.69,564.62,565.37,37.454
1785215700000,565.31,565.94,565.31,565.86,40.615
1785216600000,565.9,566.4,565.38,566.33,24.038
1785217500000,566.38,566.38,565.5,565.5,2.883
1785218400000,565.15,565.15,563.93,564.33,1051.822
1785219300000,564.44,564.89,564.36,564.41,13.443
1785220200000,564.41,564.81,564.41,564.66,47.478
1785221100000,564.66,565.22,564.58,565.16,23.764
1785222000000,565.17,565.36,564.84,564.84,11.396
1785222900000,564.95,565.11,564.78,564.94,7.83
1785223800000,564.92,565.68,564.92,565.38,17.758
1785224700000,565.37,565.5,564.66,565.5,31.412
1785225600000,565.58,565.74,565.03,565.04,100.351
1785226500000,565.03,565.06,564.63,565.05,7.56
1785227400000,565.06,565.61,564.77,565.5,26.262
1785228300000,565.5,565.51,564.84,565.1,57.169
1785229200000,565.02,565.36,564.82,565.36,89.531
1785230100000,565.39,565.98,565.39,565.98,129.167
1785231000000,565.99,566.59,565.98,566.54,36.432
1785231900000,566.62,567.1,565.5,565.61,38.532
1785232800000,565.38,565.62,565.1,565.24,2.347
1785233700000,565.25,566.18,565.23,566.18,51.181
1785234600000,566.25,566.53,566,566.37,22.051
1785235500000,566.49,566.55,565.5,565.5,10.81
1785236400000,565.56,565.7,565.12,565.33,68.983
1785237300000,565.27,566.63,565.27,565.38,24.037
1785238200000,565.53,566.66,565.44,565.96,21.317
1785239100000,565.96,566.91,565.93,566.69,28.863
1785240000000,566.51,567.09,566.24,567.05,116.101
1785240900000,567.1,567.37,566.97,567.06,56.439
1785241800000,567.17,567.69,566.65,567.69,136.184
1785242700000,567.7,568.46,567.43,568.23,40.546
1785243600000,568.16,568.87,568.16,568.53,75.709
1785244500000,568.56,568.56,566.83,566.96,19.958
1785245400000,566.84,567.14,564.13,565.02,111.258
1785246300000,565.02,565.68,563.43,565.16,152.211
1785247200000,565.27,566.9,565.27,566.07,108.365
1785248100000,566.21,566.21,564.54,565.76,76.709
1785249000000,565.78,567.64,565.73,567.4,110.36
1785249900000,567.45,569.12,567.44,568.28,46.896
1785250800000,568.18,570.74,567.73,569.76,296.006
1785251700000,569.75,575.49,569.67,574,218.518
1785252600000,574.07,574.16,572.88,573.67,57.726
1785253500000,573.61,573.78,572.16,573.03,97.215
1785254400000,573.03,573.74,572.74,573.43,47.086
1785255300000,573.43,573.44,571,571.2,21.04
1785256200000,571.09,572.12,570.79,572.06,24.089
1785257100000,572.14,572.76,571.72,571.83,45.879
1785258000000,571.6,571.6,570.15,570.21,92.517
1785258900000,570.14,570.21,568.67,568.89,115.696
1785259800000,568.83,568.84,567,567.62,25.72
1785260700000,567.73,568.18,567.48,568.12,10.39
1785261600000,568.24,569.39,568.21,568.44,51.081
1785262500000,568.57,569.17,568.57,568.91,1.773
1785263400000,568.85,569.29,568.78,569.26,2.818
1785264300000,569.05,569.24,568.83,569.13,8.072
1785265200000,569.38,569.79,569.36,569.46,24.89
1785266100000,569.57,569.86,569.43,569.82,26.737
1785267000000,569.93,570.31,569.85,569.85,11.786
1785267900000,569.82,570.72,569.82,570.58,11.49
1785268800000,570.69,571.45,570.64,571.34,44.545
1785269700000,571.14,571.27,570.54,570.54,14.777
1785270600000,570.52,571.1,570.52,570.74,16.733
1785271500000,570.62,571.08,570.61,570.67,77.528
1785272400000,571.04,571.4,570.99,570.99,10.335
1785273300000,571.05,571.28,570.99,571.1,8.18
1785274200000,571.11,571.42,570.86,571.23,16.516
1785275100000,571.4,571.68,571.27,571.29,13.239
1785276000000,571.27,571.63,570.78,570.78,25.383
1785276900000,570.73,570.73,570.11,570.12,5.389
1785277800000,570.11,570.11,569.37,569.46,60.594
1785278700000,569.29,569.29,568.31,568.62,6.613
1785279600000,568.58,568.59,567.94,568.31,19.738
1785280500000,568.41,568.75,568.19,568.75,43.172
1785281400000,568.84,570,568.84,570,41.32
1785282300000,570.02,571.17,570.02,571.1,35.322
1785283200000,571.08,572.44,571.08,571.94,104.9
1785284100000,571.74,572.15,571.55,571.62,48.366
1785285000000,571.85,572.93,571.5,572.8,26.132
1785285900000,572.81,573.24,571.65,571.65,14.13
1785286800000,571.57,572.19,570.98,571.24,14.41
1785287700000,571.2,572.15,570.79,571.68,8.05
1785288600000,571.5,571.97,571.29,571.45,3.794
1785289500000,571.41,571.41,570.01,570.06,203.237
1785290400000,570.07,570.94,569.48,570.79,47.683
1785291300000,570.73,570.78,569.32,570.78,9.291
1785292200000,571,571.43,570.41,570.46,7.757
1785293100000,570.41,570.54,569.83,570.21,14.521
1785294000000,570.19,570.24,569.4,569.4,44.76
1785294900000,569.49,569.59,568.45,568.45,11.463
1785295800000,568.4,568.4,567,567.25,8.766
1785296700000,567.33,567.36,566.73,566.96,31.605
1785297600000,567.2,567.33,565.76,566.81,37.652
1785298500000,566.92,567.83,565.71,567.54,190.81
1785299400000,567.48,568.41,567.07,567.95,11.929
1785300300000,567.81,568.42,567.7,568.42,11.256
1785301200000,568.49,569.12,568.48,568.81,116.532
1785302100000,568.88,569.03,568.01,568.89,2.937
1785303000000,568.57,569.19,568.52,568.95,23.387
1785303900000,568.96,569.75,568.96,569.43,2.665
1785304800000,569.27,569.5,568.59,569.1,15.785
1785305700000,569.03,570.7,568.95,570.61,8.784
1785306600000,570.74,571.89,570.68,571.5,33.886
1785307500000,571.61,571.61,571,571,115.425
1785308400000,571.02,571.02,570.55,570.55,11.21
1785309300000,570.55,570.84,570.33,570.84,1.878
1785310200000,570.94,571.15,570.63,571.15,7.714
1785311100000,571.14,571.74,570.76,571.72,57.118
1785312000000,571.72,571.98,570.45,570.45,38.999
1785312900000,570.45,570.66,570.16,570.2,74.453
1785313800000,570.24,570.81,570.24,570.48,50.922
1785314700000,570.55,571,570.5,571,5.212
1785315600000,571.08,571.82,571,571.82,133.707
1785316500000,571.81,572.15,571.28,571.36,261.162
1785317400000,571.46,573.11,571.38,572.67,266.591
1785318300000,572.78,572.99,572.37,572.86,37.233
1785319200000,572.85,573.07,572.68,572.83,98.051
1785320100000,572.83,572.83,572.43,572.44,19.74
1785321000000,572.41,572.44,571.66,572.06,26.46
1785321900000,571.81,571.81,570.12,570.47,15.444
1785322800000,570.57,571.34,570.57,571.12,36.977
1785323700000,571.17,571.31,570.93,571.03,27.652
1785324600000,570.71,570.71,570.02,570.03,61.158
1785325500000,570.05,570.58,570.05,570.58,55.218
1785326400000,570.62,570.63,569.77,569.92,64.404
1785327300000,569.84,569.86,568.31,569.21,74.548
1785328200000,569.15,569.57,568.66,569.51,36.757
1785329100000,569.52,569.76,568.88,569.33,40.545
1785330000000,569.32,569.33,568.85,569.33,49.627
1785330900000,569.26,569.27,568.77,569.11,120.976
1785331800000,569.1,569.8,568.59,569.56,120.578
1785332700000,569.56,569.93,568.38,569.93,159.498
1785333600000,569.96,570.43,568.07,568.14,161.325
1785334500000,568.26,569.19,567.56,568.33,66.316
1785335400000,568.38,569.09,567.26,567.57,75.751
1785336300000,567.6,568.76,567.47,568.38,54.939
1785337200000,568.27,569.35,568.2,569.1,55.357
1785338100000,568.91,569.24,567.51,568.14,67.471
1785339000000,568.25,568.84,567.98,568.14,42.572
1785339900000,567.99,568.89,567.73,568.41,81.487
1785340800000,568.49,568.5,567.24,567.89,124.496
1785341700000,567.94,569.25,567.66,568.73,69.213
1785342600000,568.73,568.92,567.26,567.49,107.861
1785343500000,567.62,568.7,567.62,568.57,176.078
1785344400000,568.58,569.28,568.4,569.01,25.407
1785345300000,568.99,568.99,568.28,568.32,8.596
1785346200000,568.72,569.1,568.3,568.66,23.316
1785347100000,568.87,569.91,568.33,569.55,111.021
1785348000000,569.92,572.2,569.92,570.88,732.359
1785348900000,570.88,571.28,569.42,570,68.571
1785349800000,570.49,572.03,568.5,571.92,31.438
1785350700000,571.66,573.21,571.5,572.1,35.989
1785351600000,572.17,572.62,570.64,571.25,11.948
1785352500000,571.37,571.52,569.72,569.87,37.309
1785353400000,570.18,571.75,569.5,569.89,46.33
1785354300000,569.57,569.57,567.61,568.2,53.018
1785355200000,568.31,568.41,566.82,568.33,68.175
1785356100000,568.33,569.17,566.08,566.99,50.502
1785357000000,567,568.68,566.95,568.11,5.963
1785357900000,568.14,568.24,567.01,567.28,47.065
1785358800000,567.02,567.2,565.12,566.61,26.881
1785359700000,566.61,567.5,566.09,567.5,7.879
1785360600000,567.56,567.88,567.18,567.32,23.361
1785361500000,567.55,568.71,567.55,568.59,12.697
1785362400000,568.75,571.37,568.75,571.19,49.316
1785363300000,571.17,571.68,571.01,571.19,11.118
1785364200000,571.17,571.18,570.42,570.75,35.387
1785365100000,570.75,570.93,570.35,570.88,18.127
1785366000000,570.91,571.26,570.64,570.64,9.757
1785366900000,570.71,571.84,570.71,571.42,20.203
1785367800000,571.45,571.71,570.76,571.5,41.358
1785368700000,571.96,572.34,571.79,571.86,25.946
1785369600000,571.92,573.25,571.61,573.06,69.394
1785370500000,573.06,573.22,572.26,572.84,48.407
1785371400000,572.61,572.61,571,571.01,53.372
1785372300000,571.19,571.66,570.86,571.41,35.719
1785373200000,571.5,573.25,571.5,572.17,23.769
1785374100000,572,573.01,571.83,573.01,17.506
1785375000000,573.35,574.76,573.35,574.58,66.854
1785375900000,574.58,576,574.58,575.81,31.192
1785376800000,575.6,577.38,575.6,575.93,75.156
1785377700000,575.86,576.09,575.3,575.48,9.482
1785378600000,575.77,575.77,574.99,575.36,3.2
1785379500000,575.5,576,574.36,574.6,33.166
1785380400000,574.53,574.54,573.34,573.7,44.914
1785381300000,573.89,574.9,573.77,574.77,39.655
1785382200000,574.67,574.67,573.5,573.5,117.904
1785383100000,573.56,573.6,573.21,573.25,20.146
1785384000000,573.55,573.55,572.37,572.76,24.231
1785384900000,572.75,572.75,572.02,572.24,49.25
1785385800000,572.31,572.56,571.81,571.94,5.918
1785386700000,571.95,572.21,571.51,571.64,66.945
1785387600000,571.52,571.78,571.34,571.77,56.118
1785388500000,571.78,572.27,571.57,572.1,70.11
1785389400000,572.36,573,572.36,572.81,4.784
1785390300000,572.93,573.13,572.56,572.81,10.906
1785391200000,572.8,573.25,572.74,573.1,5.724
1785392100000,573.01,573.24,572.82,573.22,7.545
1785393000000,573.08,573.08,572.65,572.94,10.81
1785393900000,572.94,574.07,572.51,574.07,42.102
1785394800000,574.06,575.29,574.05,575.03,15.252
1785395700000,575.07,575.95,574.89,575.09,178.918
1785396600000,575.05,575.06,574.35,574.88,13.866
1785397500000,574.65,574.97,574.38,574.54,80.103
1785398400000,574.48,575.49,574.26,575.18,1536.047
1785399300000,574.86,577.17,574.86,576.77,288.906
1785400200000,576.9,578.24,576.9,578.15,218.241
1785401100000,578.05,579.24,577.98,578.68,67.61
1785402000000,578.79,579.17,578.3,579.09,178.271
1785402900000,579.04,579.04,578.23,578.58,360.744
1785403800000,578.4,579.06,578.4,578.75,174.937
1785404700000,578.85,579.99,578.5,579.71,156.269
1785405600000,579.86,581.97,579.67,580.92,373.924
1785406500000,580.85,582,580.19,581.87,219.831
1785407400000,582,587.62,582,586.83,831.915
1785408300000,586.78,588.41,585.15,587.38,633.556
1785409200000,587.41,590.23,586.13,589.72,401.591
1785410100000,590.12,591.37,587.68,587.76,245.47
1785411000000,587.81,589.39,587.12,589.11,455.784
1785411900000,589.22,590.57,588.59,588.7,219.577
1785412800000,588.99,589.83,587.15,588.06,415.201
1785413700000,588.06,588.74,586.66,588.4,199.682
1785414600000,588.71,588.82,586.21,586.3,196.976
1785415500000,586.51,586.97,585.94,586.77,250.192
1785416400000,586.91,587,585.81,585.92,212.208
1785417300000,586,586.74,585.78,585.83,173.803
1785418200000,585.82,587.58,585.54,587.53,279.672
1785419100000,587.53,589.23,587.38,588.1,298.537
1785420000000,588.1,588.29,586.58,586.79,327.551
1785420900000,586.75,588.57,586.47,588.28,316.942
1785421800000,588.28,588.87,587.63,588.7,304.076
1785422700000,588.74,588.74,587.63,587.96,228.002
1785423600000,588.12,589.75,587.54,589.38,321.256
1785424500000,589.33,590.46,589.27,589.87,204.387
1785425400000,589.79,589.91,589.29,589.91,328.928
1785426300000,590.01,591.18,590.01,591.1,159.465
1785427200000,591.1,594.11,591.1,593.05,645.698
1785428100000,593.07,593.53,591.86,592.6,449.546
1785429000000,592.63,593.21,592.32,592.34,160.114
1785429900000,592.31,593.55,592.25,593.43,104.484
1785430800000,593.41,593.94,592.23,592.31,322.021
1785431700000,592.46,593.34,592.31,593.03,215.569
1785432600000,593.14,595.96,592.79,595.04,218.23
1785433500000,595.04,596.02,593.8,594.04,242.462
1785434400000,593.96,595.55,593.96,594.23,221.723
1785435300000,594.16,594.97,593.84,594.97,86.061
1785436200000,594.94,595.32,594.8,595.32,82.818
1785437100000,595.33,595.74,595.04,595.71,475.323
1785438000000,595.67,595.98,595.2,595.85,125.475
1785438900000,595.71,595.71,594.49,594.49,116.642
1785439800000,594.49,595.11,593.86,594.81,76.237
1785440700000,594.82,594.85,594.42,594.82,290.551
1785441600000,594.75,595.21,593.12,593.17,223.62
1785442500000,593.16,593.32,592.67,593.19,112.639
1785443400000,593.26,593.62,592.73,593.25,188.077
1785444300000,593.25,593.25,592.7,592.84,90.317
1785445200000,592.83,593.07,591.87,591.87,174.656
1785446100000,591.88,591.92,591.36,591.55,93.506
1785447000000,591.56,592.09,591.54,591.82,109.585
1785447900000,591.89,591.9,591.18,591.5,134.827
1785448800000,591.42,592.5,590.91,592.24,129.42
1785449700000,592.25,593.29,591.98,593.24,132.131
1785450600000,593.24,593.5,592.33,592.45,91.437
1785451500000,592.45,592.77,592.02,592.76,84.918
1785452400000,592.87,593.53,592.65,593.51,97.923
1785453300000,593.48,593.53,592.54,593.29,95.782
1785454200000,593.29,594.59,592.53,592.61,173.693
1785455100000,592.62,593.24,592.2,592.36,206.936
1785456000000,592.2,592.98,591.85,592.97,291.599
1785456900000,592.96,593.04,592.31,592.54,146.682
1785457800000,592.59,592.81,591.82,591.83,151.367
1785458700000,591.83,592.11,590.05,590.68,324.644
1785459600000,590.68,594.52,590.68,594,157.241
1785460500000,593.93,593.93,592.19,593.29,452.633
1785461400000,593.21,593.24,591.49,591.52,292.318
1785462300000,591.57,591.86,589.07,589.63,356.656
1785463200000,589.53,590.27,589.15,589.5,60.545
1785464100000,589.28,589.33,588.23,588.24,126.434
1785465000000,588.2,588.48,587.62,587.91,49.639
1785465900000,587.94,588.64,587.79,588.07,28.646
1785466800000,588.07,588.07,586,587.02,168.243
1785467700000,586.98,588.96,586.17,588.88,85.154
1785468600000,588.88,589.87,588.53,589.8,45.622
1785469500000,589.76,589.99,589.38,589.56,18.097
1785470400000,589.48,589.98,589.13,589.13,186.579
1785471300000,589.21,589.69,588.68,589.54,169.863
1785472200000,589.62,589.84,589.14,589.15,229.65
1785473100000,589.15,589.42,588.71,589.09,280.781
1785474000000,589.08,590.51,589.08,590.5,250.635
1785474900000,590.38,590.94,590.34,590.34,34.523
1785475800000,590.44,590.47,589.7,589.99,108.291
1785476700000,589.98,590.11,589.7,590.11,194.508
1785477600000,590.1,590.94,590.1,590.62,36.095
1785478500000,590.61,592.58,590.45,592.58,118.927
1785479400000,592.5,592.67,591.06,591.13,61.94
1785480300000,591.28,592.93,591.13,592.6,33.422
1785481200000,592.55,592.91,591.34,592.22,190.937
1785482100000,592.17,592.17,590.95,591.67,288.49
1785483000000,591.65,592.07,589.78,590.2,308.461
1785483900000,590.18,590.52,589.74,589.79,98.746
1785484800000,589.76,592.48,589.74,592.11,90.639
1785485700000,592.12,592.87,591.43,592.24,148.899
1785486600000,592.15,593.08,591.58,592.18,252.276
1785487500000,592.41,593.21,592.4,592.7,60.616
1785488400000,592.72,592.75,591.58,591.61,50.295
1785489300000,591.62,591.62,590.43,590.58,107.718
1785490200000,590.65,590.91,589.84,590.38,80.682
1785491100000,590.31,590.95,589.87,590.37,23.431
1785492000000,590.38,590.48,588.09,590.06,268.599
1785492900000,590.07,590.58,589.65,590.24,38.876
1785493800000,590.35,591.23,589.95,591.23,33.133
1785494700000,591.4,592.67,591.11,592.53,29.699
1785495600000,592.49,593.56,592.28,592.46,64.877
1785496500000,592.35,593.84,592.15,593.2,71.446
1785497400000,592.43,592.73,591.39,591.52,25.382
1785498300000,591.74,592.07,591.32,591.92,24.389
1785499200000,591.86,592.08,591.11,591.36,40.446
1785500100000,591.28,591.71,590.8,591.02,76.699
1785501000000,590.68,590.75,589.87,590.34,64.254
1785501900000,590.34,592.78,590,592.43,60.028
1785502800000,592.54,595.19,592.41,594.51,247.047
1785503700000,594.36,595.05,594.01,594.12,60.546
1785504600000,593.98,593.98,591.37,591.44,88.815
1785505500000,591.36,591.56,587.84,588.58,240.169
1785506400000,588.57,588.93,584.84,587.96,748.224
1785507300000,587.91,587.93,585.73,586.38,127.499
1785508200000,586.5,588.08,586.21,586.38,181.137
1785509100000,586.33,587.74,585.63,586.54,165.694
1785510000000,586.55,586.69,584.94,585.24,191.484
1785510900000,585.38,586.34,584,584.46,58.154
1785511800000,584.58,586.07,583.84,585.08,64.894
1785512700000,585.18,585.88,584.2,585.39,68.265
1785513600000,585.37,586.48,585.17,586.13,137.613
1785514500000,586.23,587.16,585.62,586.98,252.927
1785515400000,586.97,587.28,586.5,587.28,211.878
1785516300000,587.42,587.72,586.51,587.43,103.203
1785517200000,587.25,587.88,586.74,587.85,67.258
1785518100000,587.83,588.68,587.07,588.61,43.557
1785519000000,588.66,589.62,588.46,588.88,110.403
1785519900000,588.98,589.85,588.9,589.05,106.726
1785520800000,588.85,589.37,588.55,588.92,288.9
1785521700000,588.83,588.98,587.53,587.53,80.991
1785522600000,587.7,588.48,587.45,588.37,36.944
1785523500000,588.48,589.42,588.34,588.93,42.56
1785524400000,589.02,589.09,587.9,588.3,50.549
1785525300000,588.32,588.54,588.09,588.54,17.598
1785526200000,588.48,588.48,587.66,588.38,37.812
1785527100000,588.55,589.25,587.87,587.87,54.583
1785528000000,588.08,588.68,588.08,588.28,62.693
1785528900000,588.38,588.57,587.77,587.94,12.75
1785529800000,587.92,588.16,587.27,587.47,15.151
1785530700000,587.48,587.64,586.44,586.68,534.791
1785531600000,586.62,587.88,586.21,587.41,112.484
1785532500000,587.42,588.14,587.26,587.88,29.784
1785533400000,587.91,588.05,587.7,587.84,101.105
1785534300000,587.83,588.09,586.74,586.91,46.327
1785535200000,586.87,587.53,586.38,587.32,25.36
1785536100000,587.5,587.5,587.07,587.32,24.755
1785537000000,587.31,587.37,586.47,587.15,27.064
1785537900000,587.05,587.09,586.48,586.52,26.563
1785538800000,586.73,587.42,586.73,586.91,29.653
1785539700000,587.03,587.28,586.96,587.13,17.698
1785540600000,587.17,587.17,586.67,586.68,9.908
1785541500000,586.8,587.17,586.7,586.8,23.17
1785542400000,586.82,587.96,586.8,587.96,198.679
1785543300000,587.96,588.47,587.88,588.17,75.23
1785544200000,588.17,588.53,587.84,588.24,40.647
1785545100000,588.28,589.08,588.28,588.52,493.035
1785546000000,588.57,589.38,588.57,589.08,19.879
1785546900000,589.08,589.08,588.25,588.38,14.97
1785547800000,588.46,588.87,588.36,588.83,3.557
1785548700000,588.83,590.02,588.78,589.98,28.114
1785549600000,589.98,590.32,589.49,589.76,55.438
1785550500000,589.8,590.57,589.7,590.47,54.963
1785551400000,590.28,590.46,590.16,590.41,73.223
1785552300000,590.42,590.64,590.17,590.6,200.52
1785553200000,590.67,591.35,589.67,589.9,56.556
1785554100000,589.92,590.13,589.5,589.56,29.138
1785555000000,589.61,589.83,589,589,21.594
1785555900000,588.84,589.58,588.84,589.27,22.649
1785556800000,589.2,589.46,588.86,588.94,16.803
1785557700000,588.84,589.71,588.84,589.71,13.384
1785558600000,589.78,592.74,589.57,591.97,89.064
1785559500000,592.07,592.17,591.59,591.89,32.173
1785560400000,591.84,591.95,591.27,591.3,49.601
1785561300000,591.31,591.31,590.88,591.17,22.981
1785562200000,591.05,591.18,590.32,590.46,57.66
1785563100000,590.47,590.98,590.15,590.67,108.352
1785564000000,590.73,592.39,590.49,592.39,33.516
1785564900000,592.18,592.18,591.48,591.59,27.429
1785565800000,591.59,591.76,591.2,591.48,105.062
1785566700000,591.46,591.71,591.08,591.28,7.555
1785567600000,591.28,591.77,591.11,591.69,70.003
1785568500000,591.71,591.76,590.81,590.83,39.401
1785569400000,590.85,590.95,590.45,590.62,12.457
1785570300000,590.45,590.49,590.04,590.04,7.766
1785571200000,590.05,590.34,589.79,589.85,225.89
1785572100000,589.78,589.9,586.7,586.94,171.529
1785573000000,586.93,586.93,586,586.74,59.001
1785573900000,586.81,586.82,585.49,585.77,54.805
1785574800000,585.67,585.94,585.22,585.34,65.865
1785575700000,585.42,585.76,584.57,584.72,248.862
1785576600000,584.7,585.26,584.19,584.62,121.01
1785577500000,584.63,584.67,583.55,583.8,147.09
1785578400000,583.92,584.33,582.19,582.33,110.515
1785579300000,582.33,583.04,581.87,582.03,231.665
1785580200000,582.03,582.11,581.41,582.03,57.407
1785581100000,582.03,582.15,580.1,580.45,72.715
1785582000000,580.5,580.7,579.75,580.46,137.033
1785582900000,580.5,580.99,579.47,580.54,287.323
1785583800000,580.54,580.62,579.47,579.92,65.7
1785584700000,579.85,580.21,579.8,580.17,25
1785585600000,579.99,580.13,578.51,578.51,91.811
1785586500000,578.53,579.4,578.53,579.25,107.657
1785587400000,579.25,579.35,578.75,578.76,27.497
1785588300000,578.8,578.99,577.88,578.03,102.202
1785589200000,578.01,578.41,577.54,578.41,257.41
1785590100000,578.41,578.59,578.07,578.22,120.645
1785591000000,578.2,579.43,577.69,577.9,96.584
1785591900000,577.91,579.24,577.91,578.93,149.163
1785592800000,579,580.01,578.92,579.12,40.259
1785593700000,579.02,579.19,578.49,578.96,30.004
1785594600000,578.97,579.25,578.53,578.95,39.866
1785595500000,578.87,578.97,578.09,578.63,33.814
1785596400000,578.68,578.68,578.32,578.37,34.457
1785597300000,578.33,578.61,577.94,578,47.179
1785598200000,577.93,577.97,577.07,577.35,130.431
1785599100000,577.1,577.32,576.29,576.29,86.192
1785600000000,576.28,577.23,576.09,577.23,51.559
1785600900000,577.24,577.93,577.24,577.71,9.174
1785601800000,577.85,578.28,577.71,577.83,9.174
1785602700000,577.83,578.16,577.59,578.15,52.613
1785603600000,578.14,578.44,577.01,577.02,13.301
1785604500000,577.05,577.75,576.88,577.42,40.542
1785605400000,577.35,577.35,576.36,576.85,43.04
1785606300000,576.84,576.95,576.19,576.94,32.784
1785607200000,576.9,577.37,576.63,577.11,40.912
1785608100000,577.09,577.09,575.04,575.31,80.452
1785609000000,575.44,575.53,573.8,574.6,236.156
1785609900000,574.66,576.56,573.39,576.36,254.068
1785610800000,576.33,577.9,575.67,576.94,124.274
1785611700000,576.9,577.34,576.52,576.58,25.541
1785612600000,576.7,576.9,575.68,575.68,13.24
1785613500000,575.79,576.08,575.52,575.52,59.437
1785614400000,575.28,575.74,574.96,575.5,16.27
1785615300000,575.48,575.63,574.98,575.15,25.913
1785616200000,575.09,575.24,574.63,574.88,18.626
1785617100000,574.83,575.46,574.67,575.46,12.486
1785618000000,575.31,576.43,575.09,575.24,60.895
1785618900000,575.28,575.6,574.99,575.44,16.453
1785619800000,575.39,575.66,575.25,575.45,47.994
1785620700000,575.45,575.83,575.45,575.83,6.771
1785621600000,575.84,576.35,575.84,576.03,17.536
1785622500000,576.02,576.13,575.76,576.13,44.426
1785623400000,576.18,576.18,575.9,576.09,11.941
1785624300000,576.06,576.08,575.68,575.8,5.242
1785625200000,575.83,575.98,575.72,575.83,7.639
1785626100000,575.88,575.9,575.49,575.49,7.272
1785627000000,575.55,575.8,574.99,575.28,19.409
1785627900000,575.2,575.38,575,575,11.596
1785628800000,575.01,576.58,574.92,576.09,618.993
1785629700000,576.09,576.25,574.89,574.89,72.951
1785630600000,574.8,575.07,573.9,574.14,46.287
1785631500000,574.14,574.38,573.66,574.3,18.686
1785632400000,574.36,576.01,574.32,576.01,28.535
1785633300000,575.98,576.43,575.51,576.13,39.508
1785634200000,576.15,577.14,576.15,576.91,33.434
1785635100000,577.05,577.65,576.89,577.22,43.413
1785636000000,577.14,579.95,576.95,579.53,93.552
1785636900000,579.62,580.77,579.14,579.64,801.635
1785637800000,579.69,580.52,579.27,580.08,52.682
1785638700000,580.03,581,579.63,581,23.28
1785639600000,581,581.58,580.85,581.28,82.662
1785640500000,581.28,582.1,580.78,580.98,50.556
1785641400000,581.07,582.72,581.07,581.98,89.996
1785642300000,582.01,582.32,581.73,582.03,10.868
1785643200000,582.04,584.31,582.04,584.14,81.029
1785644100000,584.17,584.66,583.88,584.51,31.584
1785645000000,584.58,584.76,583.92,583.99,15.753
1785645900000,584.27,585.03,584.27,584.7,48.44
1785646800000,584.64,584.94,583.53,583.92,37.491
1785647700000,583.78,583.89,583.53,583.68,45.706
1785648600000,583.78,585.25,583.75,585.25,48.025
1785649500000,585.24,585.24,584.39,584.39,11.617
1785650400000,584.43,584.43,583.16,583.38,168.077
1785651300000,583.37,584.23,583.03,584.23,197.021
1785652200000,584.25,585.26,584.17,584.61,59.385
1785653100000,584.64,584.86,584.31,584.72,25.552
1785654000000,584.72,585.08,584.37,584.91,23.583
1785654900000,584.67,586.16,584.58,584.99,524.367
1785655800000,585.44,585.44,584.48,585.21,28.683
1785656700000,585.17,585.74,584.72,585.21,51.421
1785657600000,585.27,585.36,584.16,584.22,72.122
1785658500000,584.09,584.23,583.88,584.11,11.842
1785659400000,583.99,584.24,583.51,583.8,114.29
1785660300000,583.8,583.8,583.52,583.57,38
1785661200000,583.42,583.8,582.41,583.66,61.972
1785662100000,583.73,583.81,583.11,583.16,32.753
1785663000000,583.29,584.55,583.29,583.98,422.054
1785663900000,584.03,584.1,583.49,583.53,18.863
1785664800000,583.59,584,583.55,583.57,22.488
1785665700000,583.5,583.87,582.79,583.22,32.533
1785666600000,583.22,583.69,583.22,583.68,25.681
1785667500000,583.77,583.77,583.33,583.58,9.286
1785668400000,583.67,583.67,582.89,583.09,7.134
1785669300000,583.17,583.57,583.13,583.15,11.77
1785670200000,583.17,583.45,581.88,581.89,26.79
1785671100000,582.02,582.76,581.4,581.87,106.279
1785672000000,581.88,582.58,581.76,582.08,205.369
1785672900000,582.08,582.45,581.9,582.1,30.999
1785673800000,582.07,582.07,581.18,581.44,48.199
1785674700000,581.56,581.75,581.39,581.47,66.867
1785675600000,581.42,581.73,581.22,581.73,33.829
1785676500000,581.67,581.78,581.33,581.77,86.596
1785677400000,581.77,582.66,581.77,582.66,30.542
1785678300000,582.57,583.21,582.5,582.68,20.818
1785679200000,582.64,582.77,582.05,582.48,15.374
1785680100000,582.45,583.56,582.45,583.18,132.425
1785681000000,583.28,584.08,583.03,584.08,22.34
1785681900000,584.18,584.97,584,584.11,13.317
1785682800000,584.04,585.33,584.04,585.23,488.964
1785683700000,585.22,585.76,584.92,585.35,138.352
1785684600000,585.36,586.28,585.36,586.28,26.669
1785685500000,586.23,587.29,586.1,586.1,46.579
1785686400000,586.29,586.77,585.79,586.59,30.153
1785687300000,586.46,586.97,586.04,586.27,51.887
1785688200000,586.16,588.47,586.02,588.47,110.757
1785689100000,588.48,588.65,587.54,587.6,23.648
1785690000000,587.53,587.98,587.35,587.94,26.901
1785690900000,587.83,587.83,587.27,587.39,15.762
1785691800000,587.38,587.77,587.37,587.52,8.295
1785692700000,587.57,587.68,587.43,587.54,11.751
1785693600000,587.57,588.48,587.56,588.48,14.902
1785694500000,588.29,590.36,588.29,590.15,75.989
1785695400000,590.17,591.03,589.52,589.89,165.338
1785696300000,589.87,589.87,589.15,589.19,29.152
1785697200000,589.14,589.32,588.65,588.97,44.17
1785698100000,588.98,589.33,588.87,589,17.661
1785699000000,588.99,588.99,588.35,588.85,13.643
1785699900000,588.86,589.69,588.86,589.35,11.633
1785700800000,589.23,589.23,588.45,588.81,20.754
1785701700000,588.8,588.88,588.18,588.4,21.711
1785702600000,588.44,588.75,588.3,588.58,52.946
1785703500000,588.43,589.04,588.39,588.9,8.908
1785704400000,589.18,589.86,589.09,589.58,25.462
1785705300000,589.5,589.68,589.42,589.53,16.511
1785706200000,589.58,590.58,588.91,590.07,38.155
1785707100000,590.11,590.65,589.32,589.47,18.621
1785708000000,589.69,590.57,589.69,590.16,11.088
1785708900000,589.94,590.38,588.81,588.82,45.763
1785709800000,588.84,588.84,587.47,588.41,72.996
1785710700000,588.42,588.46,588.04,588.14,19.891
1785711600000,588.08,588.1,587.56,587.69,23.143
1785712500000,587.72,588.28,587.54,588,33.539
1785713400000,587.98,588.55,587.98,588.3,9.733
1785714300000,588.3,588.3,587.69,588.17,486.495
1785715200000,588.18,588.21,585.88,586.07,102.585
1785716100000,585.84,586.1,584.62,584.78,78.496
1785717000000,584.79,584.97,584.09,584.63,96.998
1785717900000,584.63,584.85,584.16,584.82,20.172
1785718800000,584.71,585.07,584.27,584.5,52.686
1785719700000,584.52,584.78,584.17,584.35,9.123
1785720600000,584.31,584.58,583.97,584.48,10.431
1785721500000,584.57,584.57,583.67,584.08,6.318
1785722400000,584.02,584.32,583.72,584.21,22.434
1785723300000,584.31,585.7,584.24,584.48,22.638
1785724200000,584.67,586.08,584.67,585.96,8.882
1785725100000,585.9,586.03,585.38,585.48,3.983
1785726000000,585.58,585.67,584.44,584.65,27.073
1785726900000,584.67,585.12,584.27,584.36,14.069
1785727800000,584.38,584.78,584.38,584.41,21.739
1785728700000,584.26,584.38,582.54,582.86,51.178
1785729600000,582.95,583.97,582.95,583.42,56.327
1785730500000,583.49,584.08,583.49,583.83,22.378
1785731400000,583.83,583.98,583.36,583.6,11.652
1785732300000,583.57,583.57,582.35,582.35,25.544
1785733200000,582.24,583.14,581.83,583.12,91.429
1785734100000,582.99,583.44,582.87,583.05,6.945
1785735000000,582.88,583.08,582.54,582.88,14.219
1785735900000,582.71,583.17,582.69,582.77,7.405
1785736800000,582.73,583.28,582.73,583.1,18.675
1785737700000,582.96,583.08,582.34,582.54,13.052
1785738600000,582.55,582.77,581.69,581.69,52.081
1785739500000,581.95,582.21,581.88,582.21,12.635
1785740400000,582.19,582.55,581.56,582.4,39.291
1785741300000,581.76,582.91,581.61,582.91,4.534
1785742200000,582.72,583.08,581.98,581.98,26.747
1785743100000,582,583.78,581.99,583.23,43.235
1785744000000,583.63,584.1,583.36,583.62,25.257
1785744900000,583.63,583.63,581.21,581.32,31.546
1785745800000,581.12,583.35,580.87,583.03,48.663
1785746700000,583.03,583.87,583.03,583.86,99.767
1785747600000,583.85,586.19,583.61,585.34,59.796
1785748500000,585.34,586.01,585.1,585.15,113.338
1785749400000,585.19,585.24,584.37,584.59,24.523
1785750300000,584.43,586.47,584.43,586.34,75.931
1785751200000,586.34,586.78,586.02,586.19,50.676
1785752100000,586.19,587.42,586.16,586.97,33.777
1785753000000,587.03,587.37,586.89,587.08,30.742
1785753900000,587.08,587.08,585.93,586.77,30.836
1785754800000,586.78,587.15,586.06,586.31,34.342
1785755700000,586.48,587.67,586.45,587.09,102.525
1785756600000,586.96,587.16,585.96,585.96,20.543
1785757500000,585.98,586.28,585.5,585.5,34.001
1785758400000,585.59,585.78,585.13,585.74,102.959
1785759300000,585.73,586.78,585.72,586.7,111.184
1785760200000,586.73,587.19,586.5,586.88,21.506
1785761100000,587.15,587.45,586.66,586.82,48.767
1785762000000,586.74,586.96,586,586,19.206
1785762900000,586.28,587.96,585.33,585.49,111.774
1785763800000,585.44,586.17,584.41,585.66,116.445
1785764700000,586.15,588.25,585.77,588.22,58.368
1785765600000,588.07,588.11,586.65,586.83,40.975
1785766500000,586.88,589.9,586.5,589.63,206.894
1785767400000,589.44,590,588.72,589.19,64.121
1785768300000,589.13,589.62,588.53,589.48,27.603
1785769200000,589.65,591.62,589.21,591.35,409.655
1785770100000,591.34,592.51,591.06,591.7,192.032
1785771000000,591.73,592.96,591.6,592.55,201.718
1785771900000,592.69,593.5,591.94,592.42,35
1785772800000,592.52,593.03,591.88,592.52,100.241
1785773700000,592.53,594.16,592.53,593.55,32.678
1785774600000,593.5,593.5,591.67,592.43,41.013
1785775500000,592.57,592.76,591.93,592.07,51.284
1785776400000,592.07,593.64,591.81,593.3,93.279
1785777300000,593.11,593.28,591.94,591.94,65.396
1785778200000,591.82,592.48,591,592.07,214.799
1785779100000,592.3,592.61,591.6,592.04,92.543
1785780000000,592.06,592.46,591.61,592.45,60.013
1785780900000,592.4,592.48,591.29,591.55,99.408
1785781800000,591.76,591.97,591.04,591.14,8.931
1785782700000,591.37,591.57,591.18,591.41,17.914
1785783600000,591.42,592.02,591.41,591.82,9.524
1785784500000,591.89,592.07,591.49,591.67,14.903
1785785400000,591.78,592.37,591.58,591.99,15.256
1785786300000,591.99,592,591.42,591.43,19.04
1785787200000,591.31,591.98,590.78,591.8,29.98
1785788100000,591.81,592.42,591.8,592.01,18.287
1785789000000,592.14,592.28,592.05,592.05,14.739
1785789900000,592.08,592.08,590.94,590.99,37.571
1785790800000,590.99,591.02,590,590.26,16.521
1785791700000,590.28,590.53,589.85,589.96,16.655
1785792600000,590.05,590.4,589.95,590.39,5.88
1785793500000,590.4,590.43,589.87,589.92,6.048
1785794400000,589.85,589.97,589.19,589.81,12.915
1785795300000,589.68,590.62,589.61,589.76,28.81
1785796200000,589.65,589.68,589.31,589.35,25.758
1785797100000,589.38,590.01,589.38,589.67,110.261
1785798000000,589.66,589.81,589.48,589.64,56.945
1785798900000,589.7,589.95,589.67,589.85,5.352
1785799800000,589.87,589.88,589.23,589.38,36.26
1785800700000,589.38,589.42,589.04,589.34,28.191
1785801600000,589.34,590.27,589,589.56,83.053
1785802500000,589.39,589.7,589.05,589.65,36.612
1785803400000,589.64,589.66,588.9,589.55,132.982
1785804300000,589.68,590.05,588.8,588.8,14.868
1785805200000,588.91,589.56,588.91,589.35,5.063
1785806100000,589.36,589.9,588.94,589.64,3.702
1785807000000,589.71,592.35,589.71,591.94,112.107
1785807900000,592.04,592.3,591.55,592.16,77.999
1785808800000,592.35,592.53,590.98,590.98,34.361
1785809700000,591.05,591.05,590.7,590.87,1.654
1785810600000,590.7,591.84,590.5,591.21,17.48
1785811500000,591.26,591.28,590.61,591.01,36.917
1785812400000,591.01,591.08,590.3,590.3,3.224
1785813300000,590.14,590.88,590.14,590.8,6.53
1785814200000,590.9,591.49,590.9,591.14,8.18
1785815100000,591.14,591.17,590.86,590.86,8.318
1785816000000,590.87,590.87,590.53,590.53,7.702
1785816900000,590.47,591.17,590.46,591.13,2.831
1785817800000,591.17,592.31,591.17,592.04,25.121
1785818700000,592.05,592.9,591.84,591.84,11.821
1785819600000,591.87,591.87,590.36,590.36,57.385
1785820500000,590.36,590.52,590.07,590.07,32.937
1785821400000,590.18,590.19,589.92,590.06,22.627
1785822300000,589.95,589.95,589.5,589.52,3.685
1785823200000,589.52,590.58,589.22,590.58,14.492
1785824100000,590.56,591.36,590.5,590.85,9.215
1785825000000,590.84,590.87,590.05,590.85,8.884
1785825900000,590.82,590.82,590.34,590.43,2.255
1785826800000,590.43,590.48,589.75,589.85,144.769
1785827700000,589.85,589.88,589.42,589.88,13.754
1785828600000,589.98,590.68,589.63,589.83,7.755
1785829500000,589.96,590.57,589.96,590.44,2.36
1785830400000,590.39,590.65,588.94,589.17,46.718
1785831300000,589.17,589.37,588.77,589.3,88.644
1785832200000,589.27,589.94,589.15,589.94,16.25
1785833100000,589.97,589.97,589.49,589.68,7.622
1785834000000,589.68,589.78,588.49,588.8,40.257
1785834900000,588.7,588.95,588.04,588.82,37.626
1785835800000,588.88,588.99,588.55,588.7,7.849
1785836700000,588.65,588.78,588.44,588.78,4.505
1785837600000,588.78,588.81,588.35,588.35,19.932
1785838500000,588.25,588.29,587.79,587.84,31.563
1785839400000,587.84,589.48,587.68,589.48,66.464
1785840300000,589.48,590.37,589.48,589.66,47.129
1785841200000,589.66,589.97,589.66,589.77,39.077
1785842100000,589.78,590.27,589.7,589.72,21.607
1785843000000,589.72,590.04,589.22,590.04,6.477
1785843900000,590.18,591.76,590.18,591.69,285.924
1785844800000,591.68,591.68,590.5,590.5,84.394
1785845700000,590.48,590.59,590.06,590.58,8.533
1785846600000,590.59,591.68,590.51,591.23,86.89
1785847500000,591.27,591.71,591.14,591.58,8.125
1785848400000,591.35,591.59,591.13,591.13,74.948
1785849300000,591.23,591.37,590.27,590.45,23.897
1785850200000,590.39,591.57,589.94,591.37,81.703
1785851100000,591.4,591.4,588.61,589.2,54.795
1785852000000,589.19,589.93,588.57,589.74,226.048
1785852900000,589.88,590.78,589.41,590.78,30.125
1785853800000,590.83,594.52,590.83,594.39,142.999
1785854700000,594.28,594.55,593.57,594.06,242.656
1785855600000,594.04,594.28,592.6,593.14,72.847
1785856500000,593.16,593.3,592.45,592.65,19.245
1785857400000,592.77,593.31,591.19,593.31,49.37
1785858300000,593.37,594.58,592.99,592.99,78.9
1785859200000,592.99,594.09,592.99,593.37,65.998
1785860100000,593.19,593.58,592.92,592.92,13.981
1785861000000,592.77,593.44,592.27,592.7,20.195
1785861900000,592.67,593.1,592.15,593.06,50.165
1785862800000,593.05,593.83,592.87,592.87,48.262
1785863700000,592.95,593.33,592.58,593.33,23.434
1785864600000,593.12,593.58,593.05,593.5,20.189
1785865500000,593.35,593.47,592.1,592.51,127.212
1785866400000,592.69,594.27,592.69,594.27,17.029
1785867300000,594.36,594.76,594.11,594.5,64.704
1785868200000,594.55,594.72,593.65,593.86,153.314
1785869100000,594.03,594.18,593.87,593.87,10.579
1785870000000,593.85,594.07,593.68,593.96,16.022
1785870900000,593.96,593.96,593.26,593.57,30.949
1785871800000,593.53,593.99,593.29,593.91,17.623
1785872700000,593.95,594.02,593.22,593.54,32.872
1785873600000,593.43,593.74,593.15,593.48,40.379
1785874500000,593.33,593.33,592.5,592.92,21.991
1785875400000,592.9,594.45,592.89,594.3,66.58
1785876300000,594.24,594.24,593.38,593.44,11.254
1785877200000,593.5,593.51,593.17,593.19,8.549
1785878100000,593.27,593.72,593.26,593.56,4.449
1785879000000,593.58,593.75,593.36,593.65,1.763
1785879900000,593.7,593.95,593.7,593.85,11.811
1785880800000,593.83,593.93,593.18,593.81,3.406
1785881700000,593.81,594,593.59,593.87,1.936
1785882600000,593.88,594.04,593.65,593.65,2.471
1785883500000,593.62,593.72,593.41,593.7,3.821
1785884400000,593.74,594.46,593.32,594.37,34.915
1785885300000,594.28,594.48,593.03,593.03,14.178
1785886200000,592.94,593.55,592.77,593.33,12.239
1785887100000,593.04,593.26,593,593.03,8.203
1785888000000,592.94,594.33,592.94,594.31,39.212
1785888900000,594.33,594.9,593.47,594.14,69.017
1785889800000,594.15,602.38,592.38,594.88,2019.551
1785890700000,595.08,596.62,594.88,595.85,93.412
1785891600000,596.08,597.93,596,597.32,59.986
1785892500000,597.27,599.09,596.93,598.81,339.991
1785893400000,598.81,603,598.73,602.27,69.152
1785894300000,602.07,604.44,602.05,603.24,645.891
1785895200000,603.41,605.2,602.21,602.48,154.634
1785896100000,602.51,602.53,600.45,601.27,121.105
1785897000000,601.12,603.8,600.9,603.63,790.108
1785897900000,603.95,604.04,603.43,603.69,77.222
1785898800000,603.72,603.72,598.31,598.72,190.541
1785899700000,598.72,599.61,597.89,597.89,105.029
1785900600000,597.87,599.18,597.86,598.65,54.427
1785901500000,598.66,598.87,598.29,598.58,15.018
1785902400000,598.8,598.96,598.21,598.25,8.595
1785903300000,598.25,598.85,597.8,598.42,9.908
1785904200000,598.53,599.37,598.41,599.12,14.392
1785905100000,599.13,599.46,598.5,599.22,23.558
1785906000000,599.06,601.36,598.92,601.2,41.169
1785906900000,601.2,602.83,601.14,602.39,314.273
1785907800000,602.39,602.39,601.12,601.42,47.791
1785908700000,601.68,602.39,601.54,602.09,204.092
1785909600000,602,602,600.83,600.92,73.142
1785910500000,600.95,601.44,600.56,600.81,84.551
1785911400000,600.81,601.8,600.81,601.27,44.564
1785912300000,601.19,601.31,600.72,600.82,4.555
1785913200000,600.81,601.16,599.88,599.96,15.252
1785914100000,599.95,599.95,598.7,598.7,227.897
1785915000000,598.71,599.44,598.32,598.96,53.087
1785915900000,598.95,599.75,598.95,599.75,88.456
1785916800000,599.78,600.07,599.35,599.35,157.75
1785917700000,599.26,600.81,599.2,600.54,231.479
1785918600000,600.58,600.58,599.61,599.86,68.733
1785919500000,599.87,599.87,599.15,599.15,153.005
1785920400000,599.16,599.25,598.88,599.15,47.364
1785921300000,599.15,599.49,598.38,598.38,84.058
1785922200000,598.38,598.94,598.21,598.8,83.541
1785923100000,598.77,598.78,597.66,597.92,330.215
1785924000000,597.91,597.91,594.88,597.03,716.124
1785924900000,596.97,597.21,596.02,597.09,77.647
1785925800000,596.93,597.3,596.78,597.17,46.565
1785926700000,597.16,597.16,596.51,597.02,8.092
1785927600000,597.01,597.97,597.01,597.86,40.391
1785928500000,597.85,597.85,597.03,597.4,357.17
1785929400000,597.21,597.73,596.39,596.52,638.451
1785930300000,596.4,596.85,596.06,596.37,122.036
1785931200000,596.36,597.67,596.28,597.25,81.811
1785932100000,597.28,599.68,597.28,599.36,343.455
1785933000000,599.21,599.21,598.58,599.1,9.532
1785933900000,599.18,599.63,598.89,599.11,53.391
1785934800000,599.25,600.06,599.01,600.06,130.589
1785935700000,599.89,599.98,599.12,599.76,65.215
1785936600000,599.55,599.8,597.36,599.4,309.982
1785937500000,599.46,600.61,598.93,600.39,45.544
1785938400000,600.4,600.99,599.68,599.84,246.054
1785939300000,599.83,600.4,598.56,599.35,88.969
1785940200000,599.09,600.24,599.02,600.24,88.406
1785941100000,600.28,602.6,600.28,602.6,207.183
1785942000000,602.59,603.64,601.71,601.78,182.199
1785942900000,601.74,601.91,600.66,601.52,48.855
1785943800000,601.52,602.33,600.78,600.92,106.964
1785944700000,600.94,600.94,599.53,599.53,198.595
1785945600000,599.62,601.22,599.61,601.22,68.037
1785946500000,601.22,602.57,600.9,601.99,1093.347
1785947400000,601.64,601.7,600.21,600.42,32.499
1785948300000,600.27,600.27,598.6,599.04,61.733
1785949200000,598.98,599.52,598.31,598.31,82.973
1785950100000,597.93,598.78,596.96,598.55,172.879
1785951000000,598.51,600.52,598.46,600.27,117.437
1785951900000,600.16,600.86,600.09,600.8,37.088
1785952800000,600.74,601.25,599.91,600.95,104.986
1785953700000,600.95,601.65,600.52,600.52,78.291
1785954600000,600.46,600.62,600.09,600.61,48.795
1785955500000,600.74,600.74,599.66,599.89,12.807
1785956400000,599.9,600.56,599.38,600.43,323.845
1785957300000,600.16,600.25,599.83,599.99,12.22
1785958200000,600,600.42,599.55,599.93,38.197
1785959100000,599.93,599.93,599.44,599.44,22.145
1785960000000,599.39,599.43,598.24,599.01,133.964
1785960900000,598.91,599.87,598.6,598.76,32.714
1785961800000,598.78,599.02,598.45,598.78,13.319
1785962700000,598.65,598.74,597.04,597.22,96.608
1785963600000,597.24,597.24,595.59,596.47,286.006
1785964500000,596.42,596.44,595.86,596.01,31.775
1785965400000,596.21,596.49,595.29,595.39,77.08
1785966300000,595.23,595.66,595.17,595.21,59.473
1785967200000,595.23,595.39,594,594.41,199.197
1785968100000,594.43,594.59,593.23,594.03,355.589
1785969000000,594.14,594.43,593.94,594.17,23.409
1785969900000,593.69,593.74,591.82,592.17,1396.575
1785970800000,591.95,592.87,591.47,592.87,179.901
1785971700000,592.8,593.94,592.79,593.67,96.525
1785972600000,593.65,593.94,593.16,593.57,23.715
1785973500000,593.61,593.8,592.94,593.55,32.162
1785974400000,593.54,595.8,593.54,595.67,829.313
1785975300000,595.58,596.57,595.17,596.52,899.803
1785976200000,596.67,596.72,596.1,596.21,30.867
1785977100000,596.21,596.21,595.42,595.5,71.93
1785978000000,595.49,595.65,594.39,594.83,114.49
1785978900000,594.88,595.41,594.32,594.42,202.464
1785979800000,594.42,595.15,594.02,594.13,72.152
1785980700000,594.13,594.71,593.86,593.87,51.373
1785981600000,593.84,594.17,593.15,593.39,108.508
1785982500000,593.52,593.52,592.15,592.2,50.186
1785983400000,592.08,593.18,591.74,593.18,35.281
1785984300000,593.24,593.42,592.46,593.28,64.892
1785985200000,593.28,594.1,592.82,593.99,17.781
1785986100000,593.99,593.99,592.96,593.38,6.192
1785987000000,593.38,593.9,593.38,593.55,16.668
1785987900000,593.57,594.29,593.54,594.24,10.976
1785988800000,594.24,594.96,593.83,594.6,263.014
1785989700000,594.71,595.72,594.71,595.31,57.961
1785990600000,595.24,595.4,594.74,594.78,13.942
1785991500000,594.78,595.49,594.71,595.2,5.725
1785992400000,595.2,596.72,595.07,596.57,62.603
1785993300000,596.55,597.02,596.18,596.32,16.855
1785994200000,596.29,598.09,596.29,597.58,58.382
1785995100000,597.58,597.58,596.32,596.64,41.951
1785996000000,596.6,596.6,595.23,595.23,240.536
1785996900000,594.98,595.32,594.64,594.94,12.386
1785997800000,595.02,595.24,594.76,595,107.195
1785998700000,595,595.2,594.68,595.17,225.196
1785999600000,595.06,595.44,594.83,595.44,35.332
1786000500000,595.44,595.91,595.25,595.32,24.652
1786001400000,595.55,595.9,594.97,595.14,12.512
1786002300000,595.13,595.28,594.62,595,6.135
1786003200000,595.03,595.33,594.6,594.75,35.317
1786004100000,594.68,595.22,594.27,595.22,19.669
1786005000000,595.02,595.23,594.78,594.78,33.685
1786005900000,594.79,596.05,594.78,595.22,243.629
1786006800000,595.24,595.38,593.94,593.97,286.005
1786007700000,594.27,594.95,594.01,594.36,88.189
1786008600000,594.4,594.67,594.01,594.01,24.512
1786009500000,593.91,594.32,593.08,594.32,34.547
1786010400000,594.38,594.63,593.85,593.89,18.363
1786011300000,593.89,594.38,593.87,593.96,18.075
1786012200000,594.01,594.03,593.5,593.53,101.909
1786013100000,593.57,593.68,592.74,592.91,4.837
1786014000000,592.98,592.98,592.13,592.47,31.666
1786014900000,592.58,593.69,592.58,593.69,23.875
1786015800000,593.67,594.06,593.67,593.7,6.605
1786016700000,593.7,593.97,593.57,593.68,19.738
1786017600000,593.69,593.7,592.8,592.88,37.646
1786018500000,592.89,593.88,592.78,593.88,85.775
1786019400000,593.65,593.72,593.25,593.25,6.988
1786020300000,593.32,593.35,592.51,592.78,25.333
1786021200000,592.73,592.83,590.85,591.78,120.725
1786022100000,591.93,592.37,591.72,591.72,14.153
1786023000000,591.92,592.82,591.41,592.68,162.344
1786023900000,592.87,592.98,592.41,592.91,91.571
1786024800000,592.68,592.73,591.67,592.2,23.186
1786025700000,592.2,593,592.07,592.15,52.021
1786026600000,592.1,593.83,591.26,593.44,132.476
1786027500000,593.45,593.55,592.09,593.26,62.75
1786028400000,593.09,593.84,592.74,593.4,77.175
1786029300000,593.45,593.78,592.42,593.29,59.207
1786030200000,593.48,594.08,593.36,593.42,42.072
1786031100000,593.36,594.1,592.18,592.19,40.621
1786032000000,592.28,592.55,591.3,591.31,62.965
1786032900000,591.48,591.97,591.2,591.89,30.193
1786033800000,591.71,592.56,591.55,592.36,24.2
1786034700000,592.2,592.78,591.87,592.67,30.175
1786035600000,592.67,593.43,592.59,593.09,1317.433
1786036500000,593.08,593.52,592.94,593.34,38.147
1786037400000,593.2,593.36,592.25,592.86,14.956
1786038300000,592.88,593.07,592.73,592.73,6.16
1786039200000,592.78,592.78,591.43,591.98,19.949
1786040100000,592.01,593.22,591.79,592.44,61.646
1786041000000,592.41,592.41,590.59,590.91,1501.047
1786041900000,590.96,591.33,590.24,591.27,124.048
1786042800000,591.34,591.34,590.6,590.83,80.223
1786043700000,590.72,590.72,589.7,589.92,211.167
1786044600000,589.93,590.31,589.89,589.93,25.144
1786045500000,589.93,590.27,589.62,590.18,6.901
1786046400000,590.13,591.09,590.08,590.71,24.39
1786047300000,590.74,591,590.5,590.5,55.048
1786048200000,590.56,591.25,590.56,591.18,7.323
1786049100000,591.18,591.21,590.84,590.93,3.68
1786050000000,591.38,591.67,591.23,591.66,38.274
1786050900000,591.67,591.78,591.52,591.73,139.893
1786051800000,591.72,592.04,591.47,592.04,62.926
1786052700000,592.11,592.15,591.96,591.97,18.236
1786053600000,592,592.17,591.5,592.14,17.43
1786054500000,592.11,592.31,591.78,591.93,116.066
1786055400000,592.09,592.43,591.81,591.81,104.054
1786056300000,591.73,591.82,591.25,591.6,7.912
1786057200000,591.57,592.02,591.57,591.93,12.5
1786058100000,591.7,591.76,591.05,591.18,42.406
1786059000000,591.2,591.39,590.63,591.28,21.74
1786059900000,591.32,591.99,591.27,591.99,18.052
1786060800000,592.13,593.44,592.01,592.21,100.793
1786061700000,592.17,592.39,591.68,592.15,54.148
1786062600000,592.16,592.64,591.91,592.57,22.531
1786063500000,592.59,592.94,592.4,592.63,17.49
1786064400000,592.76,593.57,592.76,593.27,29.206
1786065300000,593.23,593.51,592.93,593.42,60.167
1786066200000,593.52,593.73,592.8,593.37,26.288
1786067100000,593.72,593.81,593,593.28,5.457
1786068000000,593.12,593.36,592.14,593.21,16.083
1786068900000,593.51,593.8,592.23,592.23,5.846
1786069800000,592.23,592.67,592.03,592.67,13.246
1786070700000,592.65,593.2,592.65,593.2,3.961
1786071600000,593.19,594.23,593.1,593.77,42.083
1786072500000,593.78,594.34,593.7,593.93,35.378
1786073400000,594.15,594.36,593.44,593.56,31.969
1786074300000,593.42,593.58,592.63,592.63,13.899
1786075200000,592.66,592.66,590.09,590.09,13.343
1786076100000,590.09,590.41,588.32,588.32,139.203
1786077000000,588.26,589.38,588,588.44,28.44
1786077900000,588.1,588.34,586.79,587.44,168.272
1786078800000,587.13,587.65,587.05,587.11,26.228
1786079700000,587.13,587.13,585.74,586.26,228.969
1786080600000,586.28,586.7,586.17,586.7,37.737
1786081500000,586.82,587.86,586.82,587.31,30.344
1786082400000,587.36,587.79,587.06,587.47,18.23
1786083300000,587.37,587.69,587.27,587.34,10.548
1786084200000,586.87,587.69,586.26,587.19,444.884
1786085100000,587.11,587.16,586.44,586.65,7.066
1786086000000,586.84,587.22,585.96,586.92,78.133
1786086900000,587.03,588.22,586.87,587.92,29.235
1786087800000,587.92,588.08,585.77,585.82,20.568
1786088700000,585.86,586.2,585.02,585.16,61.657
1786089600000,585.21,586.83,585.05,586.71,71.37
1786090500000,586.79,587.71,586.79,587.64,2.597
1786091400000,587.58,588.68,587.14,588.5,84.316
1786092300000,588.5,588.76,587.65,588.31,421.221
1786093200000,588.34,589.5,588.34,589.12,40.733
1786094100000,589.2,589.8,589.09,589.55,64.395
1786095000000,589.53,590.22,589.44,589.68,7.606
1786095900000,589.86,590.08,589.6,589.68,18.389
1786096800000,589.79,589.99,589.49,589.54,33.729
1786097700000,589.58,590.31,589.5,590.31,11.421
1786098600000,590.03,590.43,590.02,590.2,4.118
1786099500000,590.36,590.36,589.92,589.92,8.887
1786100400000,589.9,590.71,589.9,590.41,34.18
1786101300000,590.42,591.53,590.13,591.25,86.408
1786102200000,590.97,591.31,590.65,591.06,6.456
1786103100000,590.73,591.22,590.54,591.22,4.769
1786104000000,591.22,593.2,591.03,592.46,1479.801
1786104900000,592.4,592.5,591.09,591.09,1189.961
1786105800000,591.47,592.75,590.48,591.84,550.924
1786106700000,592.11,592.84,591.99,592.57,137.452
1786107600000,592.55,592.75,591.36,591.38,113.119
1786108500000,591.46,591.82,590.85,591.07,15.459
1786109400000,591.02,592.65,590.84,592.38,119.385
1786110300000,592.65,593,592.01,592.29,49.404
1786111200000,592.32,592.6,591.14,591.32,52.118
1786112100000,591.12,593.01,591.12,592.88,10.871
1786113000000,592.78,592.78,591.25,591.25,46.548
1786113900000,591.48,591.61,590.13,590.67,143.298
1786114800000,590.78,591.53,590.71,591.28,16.684
1786115700000,591.18,591.45,591.05,591.34,5.867
1786116600000,591.12,592.42,591.04,592.29,79.83
1786117500000,591.96,592.34,591.96,592.13,5.59
1786118400000,592.18,593.99,592.18,593.91,69.44
1786119300000,593.76,593.76,592.73,592.95,59.488
1786120200000,593.23,593.23,592.59,593.04,28.816
1786121100000,592.77,592.96,592.41,592.41,12.54
1786122000000,592.25,592.64,591.42,591.42,202.264
1786122900000,591.41,591.75,591.08,591.24,246.191
1786123800000,591.21,592.42,590.82,592.42,165.741
1786124700000,592.28,592.28,591.06,591.66,54.478
1786125600000,591.57,592.12,591.57,591.92,244.109
1786126500000,592.03,592.16,591.78,591.99,17.592
1786127400000,592.11,592.13,591,591,25.323
1786128300000,590.99,591.22,590.84,591,22.152
1786129200000,591.12,592.06,591.04,591.9,10.699
1786130100000,592.04,592.89,592.04,592.64,15.01
1786131000000,592.67,592.69,592.28,592.52,20.067
1786131900000,592.58,593.17,592.55,593.06,3.03
1786132800000,593.09,593.38,592.83,592.83,21.971
1786133700000,592.66,592.76,592.49,592.6,4.797
1786134600000,592.52,592.52,592.15,592.51,8.657
1786135500000,592.46,592.85,592.45,592.45,3.375
1786136400000,592.68,592.88,592.35,592.59,2.529
1786137300000,592.71,592.71,592.07,592.44,46.46
1786138200000,592.46,593.16,592.43,592.85,8.936
1786139100000,592.85,592.85,592.31,592.42,18.045
1786140000000,592.47,592.51,592.15,592.44,10.082
1786140900000,592.48,592.61,592.13,592.13,18.282
1786141800000,592.18,592.18,591.87,591.87,4.646
1786142700000,591.9,592.18,591.9,592.17,9.413
1786143600000,592.15,592.69,592.15,592.62,41.387
1786144500000,592.63,592.63,592.01,592.11,7.212
1786145400000,592.11,592.24,592.07,592.24,21.015
1786146300000,592.27,592.27,592.13,592.22,10.127
1786147200000,592.24,592.24,591.43,591.43,766.602
1786148100000,591.48,591.65,590.83,591.1,600.51
1786149000000,591.1,591.1,590.47,590.51,20.721
1786149900000,590.51,590.71,590.45,590.71,40.341
1786150800000,590.68,590.83,590.58,590.59,65.012
1786151700000,590.59,590.73,590.44,590.55,146.62
1786152600000,590.55,590.84,590.43,590.73,31.049
1786153500000,590.63,590.75,590.51,590.57,68.473
1786154400000,590.56,590.99,590.51,590.99,101.34
1786155300000,590.94,591.29,590.94,591.25,11.71
1786156200000,591.25,591.53,591.18,591.39,32.745
1786157100000,591.39,591.57,591.15,591.36,13.142
1786158000000,591.44,591.63,591.29,591.56,11.627
1786158900000,591.52,592.27,591.51,592.17,5.744
1786159800000,592.37,592.99,592.28,592.73,40.241
1786160700000,592.71,593.46,592.67,593.32,20.565
1786161600000,593.25,593.46,592.87,592.87,51.884
1786162500000,592.88,592.97,592.49,592.79,48.654
1786163400000,592.71,593.15,592.71,593.08,26.607
1786164300000,593.12,593.42,593.08,593.37,9.052
1786165200000,593.34,593.46,592.99,593.23,41.728
1786166100000,593.21,593.3,593.1,593.12,2.745
1786167000000,593.09,593.59,593.09,593.38,41.421
1786167900000,593.41,593.41,592.65,593.12,59.111
1786168800000,593.09,593.97,592.99,593.61,71.372
1786169700000,593.65,593.95,593.54,593.89,33.391
1786170600000,593.95,594.8,593.93,594.33,85.371
1786171500000,594.36,594.71,594.22,594.54,37.346
1786172400000,594.35,594.66,594.14,594.15,11.544
1786173300000,594.12,594.35,594.1,594.29,2.308
1786174200000,594.27,594.92,594.27,594.68,20.403
1786175100000,594.63,595,594,594.28,271.238
1786176000000,594.26,594.4,593.8,593.84,665.958
1786176900000,593.85,593.89,593.49,593.75,55.842
1786177800000,593.6,594.31,593.59,594.31,123.1
1786178700000,594.32,594.37,594.12,594.14,248.922
1786179600000,594.18,594.41,593.97,593.97,42.031
1786180500000,593.99,594.41,593.99,594.41,114.68
1786181400000,594.41,595.31,594.31,594.31,83.422
1786182300000,594.44,594.95,594.41,594.57,27.485
1786183200000,594.53,594.77,594.52,594.63,15.475
1786184100000,594.63,595.78,594.6,595.75,207.073
1786185000000,595.73,595.83,594.91,594.92,79.799
1786185900000,594.79,594.96,594.59,594.95,7.307
1786186800000,594.95,595.69,594.87,595.36,26.509
1786187700000,595.3,595.3,594.87,595.19,17.563
1786188600000,595.18,595.66,595.18,595.44,1.925
1786189500000,595.43,596.6,595.42,596.4,1247.065
1786190400000,596.39,596.4,595.57,595.79,101.688
1786191300000,595.79,595.96,595.21,595.8,14.262
1786192200000,595.93,596.42,595.68,595.7,8.785
1786193100000,595.67,596.12,595.54,595.87,8.725
1786194000000,595.88,596.49,595.87,596.17,110.295
1786194900000,596.24,596.24,595.75,595.86,8.222
1786195800000,595.84,596.25,595.75,596.25,13.411
1786196700000,596.36,599.25,596.24,598.31,149.656
1786197600000,598.36,600.06,598.21,599.7,99.084
1786198500000,599.9,609.1,599.53,607.12,920.89
1786199400000,607.25,611.86,607.25,609.3,424.092
1786200300000,609.29,610.78,600.62,603.33,576.887
1786201200000,603.27,606.22,603.27,605.39,178.465
1786202100000,605.26,605.89,604.77,604.83,80.172
1786203000000,604.71,605.8,604.71,605.24,40.197
1786203900000,604.86,605.69,604.65,604.98,22.461
1786204800000,605.35,607.05,604.76,606.15,107.887
1786205700000,605.79,606.63,604.41,604.43,72.567
1786206600000,604.35,604.43,603.25,604.23,23.711
1786207500000,604.24,605.57,603.99,605.37,17.284
1786208400000,605.04,605.62,604.83,605.55,56.931
1786209300000,605.62,605.88,605.21,605.32,8.489
1786210200000,605.41,605.81,604.55,604.9,36.453
1786211100000,604.72,604.76,603.83,604.45,47.17
1786212000000,604.36,604.82,604.31,604.61,28.03
1786212900000,604.49,604.55,603.73,604.03,15.111
1786213800000,604.01,604.65,604.01,604.43,4.658
1786214700000,604.43,604.54,603.69,603.83,14.326
1786215600000,603.65,603.74,603.11,603.61,12.553
1786216500000,602.63,603.23,602.63,603.14,4.953
1786217400000,603.17,603.45,602.87,602.95,41.446
1786218300000,602.86,603.27,602.76,603.16,35.84
1786219200000,603.1,603.1,602.61,602.89,50.249
1786220100000,602.97,602.97,602.02,602.2,34.245
1786221000000,602.12,602.39,601.91,602.29,7.97
1786221900000,602.23,602.25,601.93,602.23,4.889
1786222800000,602.06,602.32,601.76,602.05,10.618
1786223700000,602.16,602.77,602.16,602.77,8.937
1786224600000,601.96,602.63,601.96,602.36,5.812
1786225500000,602.39,602.39,601.6,601.61,1.81
1786226400000,601.66,601.66,598.95,599.88,34.26
1786227300000,599.73,600.47,599.21,600.47,104.009
1786228200000,600.27,600.94,600.13,600.13,23.169
1786229100000,600.41,600.45,600.15,600.17,3.432
1786230000000,600.07,600.62,599.79,600.37,20.146
1786230900000,599.92,600.95,599.92,600.77,3.673
1786231800000,600.82,601.51,600.72,601.25,12.032
1786232700000,601.08,601.21,600.57,600.63,19.771
1786233600000,600.59,602.21,600.58,602.12,726.389
1786234500000,602.07,603,601.69,602.53,535.155
1786235400000,602.62,603.25,602.41,603.24,52.405
1786236300000,603.24,603.84,603.15,603.57,143.439
1786237200000,603.53,604.44,602.62,603.34,46.074
1786238100000,603.37,603.7,602.42,602.42,28.482
1786239000000,602.11,603.24,602.11,603.24,74.855
1786239900000,603.33,603.86,602.58,602.72,45.344
1786240800000,602.73,602.83,601.02,601.03,83.047
1786241700000,601.03,601.54,600.82,601.29,15.682
1786242600000,601.41,601.57,600.66,600.83,17.233
1786243500000,600.92,601.43,600.47,601.06,10.761
1786244400000,601.01,601.31,600.56,600.94,23.673
1786245300000,600.91,601.47,600.9,601.47,9.986
1786246200000,601.51,601.87,600.91,600.98,11.133
1786247100000,601,601.08,600.04,600.31,128.976
1786248000000,600.3,601.42,600.29,601.38,348.157
1786248900000,601.37,601.77,600.86,601.77,4.934
1786249800000,601.81,601.88,601.52,601.72,16.001
1786250700000,601.63,601.8,601.17,601.27,3.392
1786251600000,601.29,601.74,601.17,601.47,27.985
1786252500000,601.45,601.94,601.19,601.24,50.353
1786253400000,601.24,601.95,601.12,601.95,41.427
1786254300000,601.92,602.2,601.62,601.99,33.27
1786255200000,601.91,602.76,601.91,602.66,15.313
1786256100000,602.52,603.36,602.52,602.67,10.88
1786257000000,602.64,602.88,602.28,602.71,113.288
1786257900000,602.71,603.72,602.64,603.57,92.239
1786258800000,603.64,603.69,603,603.27,30.415
1786259700000,602.81,602.81,601.8,602.42,69.016
1786260600000,602.43,603.23,602.43,602.91,13.195
1786261500000,602.93,603.55,602.73,602.97,30.898
1786262400000,603.16,603.54,602.87,602.87,16.311
1786263300000,603.03,603.49,602.87,603.49,65.819
1786264200000,603.58,603.68,601.39,601.79,385.488
1786265100000,601.81,602.24,601.5,602.01,118.009
1786266000000,602.01,602.36,601.77,601.94,16.277
1786266900000,601.89,601.89,600.93,601.06,60.321
1786267800000,601.06,601.69,601.06,601.69,32.375
1786268700000,601.77,602.31,601.43,602.31,11.58
1786269600000,602.42,604.38,602.42,604.37,70.117
1786270500000,604.37,604.63,604.15,604.16,45.933
1786271400000,604.18,604.52,604.18,604.52,3.444
1786272300000,604.55,604.68,604.1,604.28,21.546
1786273200000,604.41,604.63,603.96,604.48,5.367
1786274100000,604.55,604.58,603.93,603.97,6.641
1786275000000,603.97,604.32,603.97,604.32,4.67
1786275900000,604.26,604.5,603.95,603.96,14.244
1786276800000,603.94,604.02,603.52,603.84,8.7
1786277700000,603.81,604.24,603.07,604.06,30.787
1786278600000,604.03,604.29,603.97,604.19,44.581
1786279500000,604.3,605.18,604.3,604.32,23.576
1786280400000,604.46,605.13,604.44,604.84,5.979
1786281300000,604.85,609.12,604.85,606.72,172.999
1786282200000,606.73,606.93,606.26,606.71,46.437
1786283100000,606.71,607.37,606.27,607.35,53.226
1786284000000,607.57,611.46,607.06,610.51,136.969
1786284900000,610.39,610.68,609.15,609.28,20.905
1786285800000,609.16,609.24,608.03,608.23,63.112
1786286700000,607.97,608.3,607.69,608.3,27.982
1786287600000,608.31,609.44,607.98,608.3,89.909
1786288500000,608.59,609.38,608.56,609.38,32.369
1786289400000,609.38,609.38,608.28,608.29,97.751
1786290300000,608.15,608.67,608.04,608.66,16.606
1786291200000,608.68,609.23,608.53,608.97,20.485
1786292100000,608.86,608.86,607.72,607.72,6.879
1786293000000,607.69,608.86,607.6,608.85,10.172
1786293900000,608.86,609.09,608.42,608.83,13.669
1786294800000,608.8,609.4,608.7,609.08,17.005
1786295700000,609.05,609.22,608.91,609.06,8.088
1786296600000,609.03,609.19,608.71,609.19,6.445
1786297500000,609.14,609.24,608.89,608.94,2.504
1786298400000,608.76,608.8,608.5,608.79,17.654
1786299300000,608.66,609.07,608.49,609.07,6.062
1786300200000,609.18,609.18,607.82,608.34,40.265
1786301100000,608.31,608.79,608.27,608.6,4.665
1786302000000,608.59,608.95,608.44,608.58,8.81
1786302900000,608.43,608.99,608.43,608.82,55.64
1786303800000,608.73,608.73,608.48,608.5,17.862
1786304700000,608.51,608.7,607.71,607.84,11.356
1786305600000,607.81,608.32,607.64,608.12,25.395
1786306500000,608,608.11,607.68,607.9,6.137
1786307400000,607.93,608.19,607.66,608.18,101.055
1786308300000,608.15,608.35,608,608.17,7.803
1786309200000,608.08,608.1,607.87,607.99,55.395
1786310100000,607.96,608.42,607.96,608.42,14.518
1786311000000,608.41,608.84,608.35,608.72,13.038
1786311900000,608.79,608.86,608.66,608.85,2.325
1786312800000,608.87,610.99,608.75,610.6,60.95
1786313700000,610.69,610.69,608.3,608.35,19.829
1786314600000,608.39,608.39,603.49,605.13,1466.266
1786315500000,605.12,605.38,604.46,605.38,75.021
1786316400000,605.35,606.04,605.05,605.54,346.597
1786317300000,605.45,605.53,603.45,603.95,16.334
1786318200000,603.56,603.75,602.73,602.86,46.661
1786319100000,603.07,603.07,602,602.22,25.65
1786320000000,602.1,606.78,601.96,605.75,251.274
1786320900000,605.75,605.75,603.79,604.18,64.351
1786321800000,604.04,604.76,603.31,603.34,44.335
1786322700000,603.43,604.95,603.37,603.99,6.014
1786323600000,603.92,604.95,603.92,604.76,6.916
1786324500000,604.97,605.26,604.41,604.51,4.429
1786325400000,604.45,605.06,603.79,604.51,12.334
1786326300000,604.59,606.75,604.59,604.74,20.645
1786327200000,604.94,604.96,603.64,604.07,26.74
1786328100000,604.24,604.24,602.18,602.77,7.438
1786329000000,602.85,603.98,602.33,603.98,21.612
1786329900000,603.86,603.86,602.95,603.15,1.645
1786330800000,603.16,603.16,601.49,601.83,9.031
1786331700000,601.81,603.49,601.27,602.76,14.898
1786332600000,602.61,603.23,602.3,602.87,3.207
1786333500000,602.88,603.19,602.36,602.5,4.732
1786334400000,602.49,602.99,602.42,602.95,7.323
1786335300000,602.95,603.22,602.64,602.64,3.627
1786336200000,602.65,602.68,601.05,601.59,14.146
1786337100000,601.63,602.08,601.25,601.59,4.741
1786338000000,601.46,602.34,601.46,602.01,7.018
1786338900000,602.01,603.32,602.01,603.21,5.662
1786339800000,603.26,603.5,602.63,603.45,5.505
1786340700000,603.44,603.52,603.11,603.14,10.43
1786341600000,603.05,603.61,603.05,603.44,16.004
1786342500000,603.59,604.11,603.05,603.05,210.941
1786343400000,603.16,603.54,603.09,603.54,23.458
1786344300000,603.53,603.97,603.52,603.92,10.293
1786345200000,603.88,603.88,603.3,603.31,10.55
1786346100000,603.26,604.58,603.18,604.4,89.216
1786347000000,604.41,605.05,604.27,604.76,403.187
1786347900000,604.73,604.73,603.98,603.98,7.478
1786348800000,603.99,604.79,603.98,604.55,15.933
1786349700000,604.35,604.95,604.17,604.75,26.098
1786350600000,604.73,605.12,603.98,604.14,44.136
1786351500000,604.14,604.7,603.94,604.7,39.142
1786352400000,604.69,604.69,604.25,604.4,45.393
1786353300000,604.36,604.37,603.86,604.1,75.761
1786354200000,603.85,604.44,603.59,604.39,45.481
1786355100000,604.39,604.39,603.75,604.14,53.126
1786356000000,604.14,605.61,604.14,604.77,35.159
1786356900000,604.77,605.36,604.29,605.16,53.271
1786357800000,605.2,605.57,604.86,605.57,19.424
1786358700000,605.38,606.69,605.38,606.45,18.871
1786359600000,606.45,606.69,604.99,604.99,19.452
1786360500000,605,605.56,605,605.56,9.977
1786361400000,605.56,605.61,604.93,605.11,7.897
1786362300000,605.03,605.5,604.7,605.23,9.522
1786363200000,605.08,605.55,604.69,604.87,410.817
1786364100000,604.69,604.76,603.97,603.97,10.248
1786365000000,603.82,604.15,603.23,603.77,16.148
1786365900000,603.72,603.76,602.3,602.44,13.011
1786366800000,602.49,602.84,601.74,601.93,36.553
1786367700000,601.76,602.78,601.56,601.62,26.503
1786368600000,601.69,602.16,600.7,601.37,38.094
1786369500000,601.38,601.38,599.55,600.07,87.187
1786370400000,600.04,601.39,599.99,601.37,197.825
1786371300000,601.43,602.4,601.06,602.04,77.261
1786372200000,602.05,602.5,601.77,602.09,40.193
1786373100000,602.09,602.41,601.12,601.41,109.358
1786374000000,601.32,601.57,599.94,600.24,54.967
1786374900000,600.24,601.43,599.65,600.74,102.253
1786375800000,600.69,600.98,599.66,600.93,124.711
1786376700000,600.57,601.2,600.57,601.06,281.313
1786377600000,601,601.87,600.84,601.39,68.409
1786378500000,601.39,601.68,600.26,601.28,354.125
1786379400000,601.54,602.34,600.71,600.71,110.501
1786380300000,600.75,600.75,597.59,598.35,299.047
1786381200000,598.35,599.55,597.46,599.55,160.603
1786382100000,599.33,600.12,599.24,599.81,67.667
1786383000000,599.79,600.49,599.75,600.21,139.6
1786383900000,600.2,600.33,599.91,600.04,320.048
1786384800000,600.04,600.47,600.04,600.27,18.988
1786385700000,600.08,600.56,599.89,600.32,31.267
1786386600000,600.17,600.18,599.29,599.38,104.25
1786387500000,599.44,600.35,599.18,600.13,15.116
1786388400000,600.13,600.49,600.13,600.32,18.281
1786389300000,600.41,600.75,600.32,600.6,36.045
1786390200000,600.6,600.96,599.99,600.75,29.251
1786391100000,600.84,600.84,600.35,600.62,39.44
1786392000000,600.64,600.73,600.41,600.72,53.161
1786392900000,600.73,600.9,600.72,600.89,23.668
1786393800000,600.89,601.48,600.89,601.44,62.935
1786394700000,601.44,601.44,600.5,600.5,96.05
1786395600000,600.47,600.57,599.53,599.99,38.491
1786396500000,600.02,600.51,599.67,600.51,18.073
1786397400000,600.42,600.47,600.07,600.07,2.743
1786398300000,599.82,599.82,599.18,599.18,64.065
1786399200000,599.08,599.67,598.45,599.6,25.5
1786400100000,599.63,600.04,599.1,599.29,75.102
1786401000000,599.29,599.29,598.56,598.84,34.641
1786401900000,599.08,599.53,599.07,599.25,17.636
1786402800000,599.18,599.56,598.91,599.53,13.293
1786403700000,599.54,599.69,598.59,598.83,30.694
1786404600000,598.67,598.94,598.22,598.93,16.913
1786405500000,598.76,599.36,598.76,599.11,30.901
1786406400000,599.11,599.57,598.92,599.13,500.97
1786407300000,599.12,600,598.91,599.88,71.65
1786408200000,599.87,599.87,598.92,599.16,14.174
1786409100000,599.16,600.07,599.12,599.71,27.169
1786410000000,599.61,600.61,599.44,600.48,14.005
1786410900000,600.5,600.52,599.84,600.32,217.976
1786411800000,600.3,600.3,599.84,599.92,0.975
1786412700000,599.87,600.18,599.87,600.02,3.446
1786413600000,600.08,600.51,600.08,600.16,20.909
1786414500000,600.19,600.26,600.03,600.2,6.23
1786415400000,600.2,600.3,599.72,600.12,11.964
1786416300000,600.17,600.59,599.9,600.35,59.827
1786417200000,600.38,600.67,600.2,600.39,6.23
1786418100000,600.46,600.74,600.12,600.33,10.018
1786419000000,600.13,600.32,599.86,600.03,6.394
1786419900000,600.05,600.3,599.97,600.24,5.549
1786420800000,600.07,600.29,600.07,600.28,23.382
1786421700000,600.06,600.43,600.05,600.42,38.03
1786422600000,600.42,600.42,600.1,600.16,12.453
1786423500000,600.16,600.16,599.53,599.63,12.649
1786424400000,599.57,600.28,599.1,600.27,19.834
1786425300000,600.28,600.46,599.73,599.91,9.007
1786426200000,599.9,600.44,599.81,600.24,25.775
1786427100000,600.22,600.22,599.52,599.53,56.93
1786428000000,599.5,600.5,599.46,600.5,40.359
1786428900000,600.4,600.4,599.24,599.25,23.104
1786429800000,599.26,599.63,598.69,599.4,47.362
1786430700000,599.42,599.43,598.29,598.64,112.855
1786431600000,598.43,598.7,598.2,598.45,35.53
1786432500000,598.4,599.4,598.39,599.09,70.7
1786433400000,599.06,601.89,599.06,601.66,56.936
1786434300000,601.66,602.24,601.36,602.24,71.749
1786435200000,602.22,603.68,602.19,603.61,49.332
1786436100000,603.61,604.93,603.44,604.52,318.165
1786437000000,604.53,606.04,604.48,605.69,260.609
1786437900000,605.68,606.1,604.1,605.16,316.057
1786438800000,605.17,605.54,604.79,605.36,60.251
1786439700000,605.44,607.6,605.44,606.97,106.085
1786440600000,606.98,607.07,606.04,606.5,86.907
1786441500000,606.51,607.03,606.22,606.98,69.496
1786442400000,606.99,607.95,606.62,606.65,95.647
1786443300000,606.65,607.47,606.6,607.47,215.69
1786444200000,607.48,607.54,607.2,607.54,11.431
1786445100000,607.54,608.24,607.43,607.85,50.482
1786446000000,607.85,608.22,606.69,606.7,52.605
1786446900000,606.65,607.81,606.44,607.39,233.469
1786447800000,607.25,607.92,606.87,607.65,125.494
1786448700000,607.6,608.24,607.6,608.24,13.436
1786449600000,608.25,614.88,608.25,614.45,689.698
1786450500000,614.34,614.67,612.02,612.81,164.314
1786451400000,612.82,613.26,611.87,612.71,66.52
1786452300000,612.66,613.21,611.99,612.1,527.584
1786453200000,612.06,613.54,612.04,612.86,172.858
1786454100000,612.86,612.86,611.8,612.12,89.371
1786455000000,612.05,612.08,609.94,611.44,669.391
1786455900000,611.43,612.03,610.67,611.71,151.994
1786456800000,611.51,611.51,610.21,611.1,111.753
1786457700000,611.14,611.73,609.78,610.38,109.82
1786458600000,610.25,610.8,609.7,610.64,92.172
1786459500000,610.65,611.35,606.11,607.44,405.818
1786460400000,607.5,608.32,606.74,607.97,60.373
1786461300000,607.72,609.59,607.49,609.05,102.799
1786462200000,609.05,609.05,605.23,606.97,265.497
1786463100000,606.97,608.27,606.05,608.27,74.794
1786464000000,608.2,609.56,607.58,608.94,88.89
1786464900000,608.94,609.93,608.85,609.83,95.474
1786465800000,609.7,610.01,609.23,609.23,20.729
1786466700000,609.32,609.58,608.87,609.15,15.199
1786467600000,609.15,610.19,609.03,609.86,42.068
1786468500000,609.73,610.17,609.51,609.82,47.027
1786469400000,609.82,610.11,609.54,609.82,63.676
1786470300000,609.8,610.25,609.73,610.19,37.11
1786471200000,610.01,610.08,609.53,609.73,11.8
1786472100000,609.74,610.6,608.58,608.58,11.797
1786473000000,608.37,609.51,607.97,609.02,96.458
1786473900000,609.03,609.84,609.03,609.73,109.579
1786474800000,609.73,609.76,608.9,609.13,155.333
1786475700000,608.9,609.76,608.89,609.72,48.597
1786476600000,609.73,610.53,609.73,610.47,32.616
1786477500000,610.47,611.64,610.35,611.58,333.62
1786478400000,611.57,612.22,611.13,612,39.56
1786479300000,612.01,612.69,611.62,611.73,40.413
1786480200000,611.76,612.82,611.67,611.84,41.617
1786481100000,611.83,612.51,611.81,612.48,26.61
1786482000000,612.48,613.36,612.25,613.02,44.038
1786482900000,613.03,613.24,612.32,612.6,12.421
1786483800000,612.56,612.56,611.96,612,120.963
1786484700000,611.99,612.3,611.68,612.29,22.028
1786485600000,612.43,613.06,612.29,612.8,64.103
1786486500000,612.8,612.9,612.17,612.45,16.223
1786487400000,612.61,613.41,612.47,612.97,32.494
1786488300000,612.97,614.49,612.97,614.28,123.829
1786489200000,614.26,614.26,613.32,613.49,49.134
1786490100000,613.49,616.89,613.45,615.89,168.255
1786491000000,615.84,616.42,615.16,616.34,41.535
1786491900000,616.34,617.38,616.19,616.39,108.965
1786492800000,616.36,617.26,615.66,615.66,943.314
1786493700000,615.57,616.08,614.38,615.18,462.948
1786494600000,615.17,616.65,615.17,616.19,202.59
1786495500000,616.16,617.28,616.03,617.26,152.653
1786496400000,617.26,620.15,616.79,619.3,1102.464
1786497300000,619.3,619.36,616.03,616.03,85.489
1786498200000,616.03,618.27,615.58,618.22,59.861
1786499100000,617.81,619.37,617.53,618.14,198.99
1786500000000,618.14,619.03,617.26,617.51,33.373
1786500900000,617.51,617.91,616.16,616.66,62.54
1786501800000,616.71,616.77,616.06,616.44,57.603
1786502700000,616.44,616.49,615.28,615.65,28.563
1786503600000,615.71,615.71,614.85,615.21,28.461
1786504500000,615.14,615.51,613.61,613.62,28.548
1786505400000,613.61,614.35,612.94,613.86,99.398
1786506300000,613.85,613.85,612.87,613.06,12.533
1786507200000,612.97,614.09,612.48,614.09,106.368
1786508100000,614.09,615.41,613.32,614.56,134.288
1786509000000,614.56,614.56,613.95,614.45,47.77
1786509900000,614.45,614.59,614.22,614.3,129.196
1786510800000,614.3,614.51,613.9,614.21,149.961
1786511700000,614.17,614.49,613.2,613.23,74.509
1786512600000,613.22,613.98,612.96,612.96,113.686
1786513500000,612.97,613.23,612.51,612.84,9.801
1786514400000,612.83,613.01,608.83,610.55,316.323
1786515300000,610.55,610.71,609.85,610.54,38.09
1786516200000,610.51,611.01,610.07,610.98,86.371
1786517100000,610.92,611.26,610.7,611.19,72.481
1786518000000,611.22,611.98,611.19,611.45,146.768
1786518900000,611.41,611.81,611.28,611.66,23.041
1786519800000,611.66,612.09,611.27,611.27,29.024
1786520700000,611.27,612.08,610.94,612,27.974
1786521600000,612,612.68,611.54,611.55,51.361
1786522500000,611.54,612.24,611.46,611.61,22.883
1786523400000,611.61,611.61,609.95,610.12,212.013
1786524300000,610.12,610.58,610.02,610.34,87.966
1786525200000,610.35,611.4,610.09,611.17,116.145
1786526100000,611.17,612.17,611.01,611.89,114.343
1786527000000,611.89,612.95,611.89,612.78,63.348
1786527900000,612.76,613.53,612.66,613.53,219.34
1786528800000,613.41,614.05,612.99,613.42,441.728
1786529700000,613.42,614.64,613.15,613.74,795.553
1786530600000,613.74,613.97,613.39,613.73,79.364
1786531500000,613.81,613.94,613.48,613.69,34.709
1786532400000,613.69,614.03,613,613.43,23.376
1786533300000,613.43,614.22,613.4,614.2,27.558
1786534200000,614.29,614.36,613.71,613.91,26.653
1786535100000,613.9,614.61,613.71,614.58,95.469
1786536000000,614.72,614.72,614.4,614.57,41.681
1786536900000,614.55,615.34,614.02,614.61,163.552
1786537800000,614.75,614.97,611.23,611.28,197.353
1786538700000,611.32,612.75,610.02,612.65,49.826
1786539600000,612.87,613.57,612.38,612.58,20.017
1786540500000,612.82,613.71,612.82,613.35,38.421
1786541400000,613.43,613.44,611.92,612.51,221.739
1786542300000,612.61,613.07,612,612.15,330.266
1786543200000,611.79,613.6,610.81,612.99,81.324
1786544100000,613.12,613.34,611.93,611.93,10.328
1786545000000,611.63,611.77,609.38,610.37,72.819
1786545900000,610.29,610.87,608.88,609.1,189.777
1786546800000,608.66,610.46,608.63,610.46,46.148
1786547700000,610.46,610.96,609.9,610.09,142.084
1786548600000,610.29,610.76,609.68,610.51,59.74
1786549500000,610.6,611.13,610.35,610.55,118.442
1786550400000,610.44,610.83,609.95,610.4,73.769
1786551300000,610.4,610.9,610.22,610.71,98.688
1786552200000,610.71,610.71,610.11,610.28,41.498
1786553100000,610.28,610.37,609.93,610.07,183.621
1786554000000,610.04,610.98,609.95,610.98,43.246
1786554900000,611.09,611.14,610.27,610.6,17.517
1786555800000,610.61,611.29,610.4,610.84,6.679
1786556700000,610.84,610.86,610.44,610.46,22.982
1786557600000,610.37,610.44,609.74,610.23,22.854
1786558500000,610.09,610.58,609.72,610.55,37.057
1786559400000,610.56,610.94,610.39,610.4,5.717
1786560300000,610.51,610.54,610,610.12,6.009
1786561200000,610.08,610.62,610.08,610.25,1.521
1786562100000,610.1,610.25,609.33,609.47,182.897
1786563000000,609.39,609.39,608.77,608.91,22.597
1786563900000,608.98,609.53,608.79,609.42,12.526
1786564800000,609.45,610.77,609.45,610.34,19.037
1786565700000,610.27,611.28,610.2,611.22,20.64
1786566600000,611.23,611.81,611.21,611.6,23.547
1786567500000,611.6,611.62,611.07,611.58,10.975
1786568400000,611.58,612.01,611.06,611.08,68.623
1786569300000,610.84,611.11,608.72,609.19,24.189
1786570200000,609.09,610.24,608.71,610.11,95.828
1786571100000,610.26,610.45,609.38,609.38,4.198
1786572000000,609.56,610.51,609,610.07,42.489
1786572900000,610,610.53,610,610.49,15.497
1786573800000,610.27,610.33,609.67,609.69,26.893
1786574700000,609.69,609.88,609.39,609.71,13.812
1786575600000,609.75,609.94,609.41,609.73,10.742
1786576500000,609.81,610.15,609.47,609.94,25.419
1786577400000,610.09,610.82,610.08,610.17,230.092
1786578300000,610.16,610.38,609.91,610.18,23.143
1786579200000,610.29,611.17,610.16,611.17,186.228
1786580100000,611.19,611.55,610.39,610.7,115.151
1786581000000,610.71,610.71,609.81,609.81,45.563
1786581900000,609.84,610.63,609.81,610.59,7.265
1786582800000,610.39,611.28,610.13,611.01,8.59
1786583700000,611.15,611.3,609.69,609.72,12.893
1786584600000,609.66,610.95,609.66,610.12,22.288
1786585500000,609.98,611.09,609.87,610.9,21.072
1786586400000,610.74,610.77,610.11,610.6,189.86
1786587300000,610.6,610.95,610.53,610.9,28.917
1786588200000,610.83,610.83,609.81,610.07,13.65
1786589100000,610.24,610.94,609.94,610.84,30.547
1786590000000,610.84,610.91,610.21,610.91,47.082
1786590900000,610.92,611.53,610.69,611.24,155.368
1786591800000,611.33,612.11,611.3,611.67,72.885
1786592700000,611.71,612.2,611.37,612.1,24.598
1786593600000,612.07,612.56,612,612.4,22.907
1786594500000,612.58,612.58,611.56,611.59,11.329
1786595400000,611.68,612.39,611.68,612.19,195.308
1786596300000,612.24,612.49,611.93,612.35,18.699
1786597200000,612.48,614.54,612.43,614.12,78.453
1786598100000,614.25,614.55,613.66,613.97,211.939
1786599000000,614.04,614.19,613.53,613.54,85.609
1786599900000,613.55,614.37,613.03,613.66,20.557
1786600800000,613.59,613.59,612.26,613.22,67.184
1786601700000,613.19,613.4,612.3,612.42,25.235
1786602600000,612.25,612.25,610.54,610.54,52.207
1786603500000,610.68,612.43,610.68,612.43,13.933
1786604400000,612.5,613.55,612.42,613.16,25.294
1786605300000,613.47,613.71,613.1,613.62,54.207
1786606200000,613.62,613.71,613.33,613.7,15.453
1786607100000,613.72,613.72,613.11,613.36,7.25
1786608000000,613.42,613.51,612.89,612.94,21.538
1786608900000,612.89,613.69,612.87,613.38,52.359
1786609800000,613.39,613.96,613.39,613.83,43.137
1786610700000,613.84,613.93,613.61,613.74,33.345
1786611600000,613.77,613.86,612.2,612.2,22.389
1786612500000,612.31,612.65,611.49,611.77,165.899
1786613400000,611.74,611.74,611.11,611.3,14.694
1786614300000,611.31,611.83,611.23,611.74,18.236
1786615200000,611.72,611.72,610.62,610.81,111.501
1786616100000,610.76,611.19,610.14,610.3,11.145
1786617000000,610.31,610.45,610,610.18,9.691
1786617900000,610.18,610.65,610.15,610.15,5.932
1786618800000,610.21,610.91,610.13,610.85,21.193
1786619700000,610.81,610.85,610,610.02,11.323
1786620600000,610.02,610.02,607.55,608.41,141.272
1786621500000,608.5,608.75,608.39,608.72,29.831
1786622400000,608.63,609.46,608.22,608.68,339.229
1786623300000,608.63,609.2,608.21,609.04,11.139
1786624200000,609.06,609.55,608.47,609.19,19.488
1786625100000,609.2,609.54,608.82,609.45,4.1
1786626000000,609.48,610.19,609.22,609.43,129.728
1786626900000,609.3,609.85,609.21,609.61,34.396
1786627800000,609.6,611.26,608.96,610.56,36.682
1786628700000,610.56,610.83,610.02,610.27,89.533
1786629600000,610.33,611.29,609.95,610.83,29.171
1786630500000,610.51,610.88,609.61,609.61,12.472
1786631400000,609.61,611.17,609.52,610.39,64.965
1786632300000,610.49,610.49,609.51,609.51,3.842
1786633200000,609.51,609.91,609.02,609.41,10.039
1786634100000,609.13,609.89,607.73,607.83,312.354
1786635000000,607.81,609.24,606.65,608.75,300.183
1786635900000,608.7,608.7,607.46,607.46,34.66
1786636800000,607.28,608.26,606.85,607.9,79.379
1786637700000,607.82,609.35,607.18,607.58,79.226
1786638600000,607.55,608.46,605.11,606.21,121.25
1786639500000,606.18,607.37,605.52,607.02,65.564
1786640400000,606.95,608.33,606.95,607.98,155.543
1786641300000,607.94,607.97,607.42,607.48,39.89
1786642200000,607.6,608.26,607.27,608.23,25.493
1786643100000,608.3,608.48,607.84,607.84,8.649
1786644000000,607.83,608.33,607.32,607.65,15.567
1786644900000,607.84,608.52,607.6,607.6,8.221
1786645800000,607.6,608.79,607.58,608.76,23.438
1786646700000,608.74,609.47,608.7,609.24,14.794
1786647600000,609.25,609.98,608.99,609.25,41.535
1786648500000,609.25,609.58,609.03,609.25,52.552
1786649400000,609.25,609.76,609.06,609.24,11.773
1786650300000,609.24,609.7,609.24,609.51,110.059
1786651200000,609.59,610.04,609.3,610.04,14.282
1786652100000,610.04,610.77,609.92,610.71,9.947
1786653000000,610.75,610.77,610.13,610.23,52.277
1786653900000,610.2,610.48,610.1,610.14,56.472
1786654800000,610.09,610.68,610.09,610.68,13.578
1786655700000,610.72,611.01,610.49,611.01,14.434
1786656600000,610.98,611.34,610.72,611.22,27.925
1786657500000,610.97,611.2,610.59,610.69,4.52
1786658400000,610.84,611.64,610.84,611.29,25.469
1786659300000,611.21,611.33,610.73,611.12,12.74
1786660200000,611.13,611.14,610.74,610.74,24.912
1786661100000,610.85,610.94,610.51,610.54,4.252
1786662000000,610.63,610.73,610.13,610.15,91.646
1786662900000,610.28,610.79,610.28,610.69,2.779
1786663800000,610.71,610.91,610.58,610.91,9.221
1786664700000,610.9,610.9,610.1,610.18,274.322
1786665600000,610.33,610.92,610.33,610.72,120.673
1786666500000,610.71,611,610.53,610.53,35.092
1786667400000,610.53,610.7,610.29,610.49,52.531
1786668300000,610.51,610.52,610.11,610.52,30.387
1786669200000,610.52,610.53,609.76,609.9,144.006
1786670100000,609.9,610.53,609.83,610.3,17.196
1786671000000,610.3,610.59,610,610.59,254.571
1786671900000,610.59,610.85,610.44,610.85,79.349
1786672800000,610.86,611.42,610.74,610.74,22.428
1786673700000,610.73,610.76,609.5,609.5,3.36
1786674600000,609.51,611.33,609.51,611.15,27.518
1786675500000,611.29,612.14,611.28,612.01,59.293
1786676400000,612.02,612.14,611.72,611.77,12.977
1786677300000,611.78,612.6,611.7,611.79,17.317
1786678200000,611.8,612.01,611.34,611.38,6.315
1786679100000,611.37,611.38,610.84,611.3,20.957
1786680000000,611.3,612.15,611.13,611.75,18.299
1786680900000,611.75,611.87,611.12,611.3,3.847
1786681800000,611.3,611.64,611.25,611.29,10.319
1786682700000,611.29,611.29,610.22,610.29,21.499
1786683600000,610.37,610.71,609.92,610.11,6.034
1786684500000,610.1,610.34,609.71,609.9,67.405
1786685400000,609.92,609.99,609.61,609.92,96.525
1786686300000,609.87,610.01,609.81,609.81,28.767
1786687200000,609.88,609.88,609.15,609.15,88.531
1786688100000,609.05,609.06,607.66,607.66,32.993
1786689000000,607.86,608.13,607.53,607.87,233.056
1786689900000,607.85,608.48,607.84,608.22,157.124
1786690800000,608.22,608.83,607.86,608.66,49.338
1786691700000,608.67,608.82,608.39,608.71,46.335
1786692600000,608.73,608.73,607.63,608,182.071
1786693500000,607.9,607.91,607.19,607.2,136.026
1786694400000,607.17,607.54,606.89,606.98,40.397
1786695300000,606.98,607.55,606.3,606.43,71.307
1786696200000,606.58,607.29,606.09,607.12,26.12
1786697100000,607.12,608.2,607.12,608.2,21.133
1786698000000,608.23,608.23,607.82,608.21,44.518
1786698900000,608.29,608.48,607.66,607.66,172.258
1786699800000,607.62,607.72,607.33,607.36,26.394
1786700700000,607.39,607.58,607.17,607.17,68.73
1786701600000,607.18,607.56,607.08,607.08,7.662
1786702500000,606.98,607.23,605.35,605.35,36.928
1786703400000,605.85,606.28,605.75,605.87,26.153
1786704300000,605.41,605.67,605.23,605.61,12.61
1786705200000,605.55,605.6,603.42,603.59,183.085
1786706100000,603.56,604.86,603.19,604.86,39.856
1786707000000,604.71,605.35,604.67,605.25,60.615
1786707900000,605.22,605.37,604.73,604.73,13.688
1786708800000,604.71,604.99,604.46,604.46,39.223
1786709700000,604.46,605.48,604.46,605.34,23.311
1786710600000,605.34,605.58,605.01,605.18,4.665
1786711500000,605.17,605.17,604.29,604.38,2.078
1786712400000,604.38,604.38,603.27,603.82,114.624
1786713300000,603.93,604.55,603.75,604.38,190.474
1786714200000,604.37,604.37,603.18,604.04,47.023
1786715100000,604.03,604.16,603.28,603.58,62.211
1786716000000,603.65,604.13,603.32,603.32,27.486
1786716900000,603.32,604.03,602.67,603.83,45.476
1786717800000,603.83,605.15,603.83,605.05,68.203
1786718700000,605.06,605.06,603.01,603.46,36.199
1786719600000,603.42,604.32,603.38,604.12,9.067
1786720500000,604.15,605.18,604.15,605.06,8.124
1786721400000,604.88,606.31,604.51,605.82,48.013
1786722300000,605.92,606.7,605.92,606.31,12.46
1786723200000,606.24,606.47,606.03,606.41,9.221
1786724100000,606.51,606.57,606.01,606.17,11.897
1786725000000,606.27,606.73,606.18,606.62,11.399
1786725900000,606.59,606.74,606.23,606.73,13.483
1786726800000,606.82,606.82,606.1,606.53,41.366
1786727700000,606.57,606.89,606.57,606.89,5.003
1786728600000,606.89,607.11,606.03,606.25,9.953
1786729500000,606.25,606.44,605.32,605.66,25.616
1786730400000,605.7,605.76,605.27,605.54,9.893
1786731300000,605.54,606.56,605.54,605.9,10.437
1786732200000,605.89,606.31,605.54,606.01,5.62
1786733100000,606.08,606.17,605.48,605.82,12.482
1786734000000,605.63,605.98,605.52,605.66,4.179
1786734900000,605.81,606.07,605.56,605.57,21.362
1786735800000,605.56,605.9,604.72,605.87,11.336
1786736700000,605.94,606.26,605.82,606.14,61.345
1786737600000,606.05,606.66,606.04,606.58,36.869
1786738500000,606.63,606.68,606.23,606.68,5.064
1786739400000,606.69,606.69,606.34,606.34,1.926
1786740300000,606.41,606.54,606.11,606.54,17.176
1786741200000,606.48,606.71,606.32,606.71,1.914
1786742100000,606.58,606.83,606.38,606.43,1.396
1786743000000,606.59,606.9,606.38,606.38,19.202
1786743900000,606.69,606.77,606.14,606.74,42.841
1786744800000,606.64,607.04,606.4,606.66,13.669
1786745700000,606.59,606.84,606.37,606.41,28.151
1786746600000,606.43,606.71,606.22,606.22,7.358
1786747500000,606.34,606.54,606.27,606.44,2.693
1786748400000,606.41,606.68,606.27,606.68,5.013
1786749300000,606.68,606.83,606.58,606.82,12.031
1786750200000,606.83,607.96,606.61,607.74,21.806
1786751100000,607.64,608.12,607.57,607.81,14.542
1786752000000,607.82,607.86,606.82,607.43,89.768
1786752900000,607.45,607.7,607.27,607.34,29.909
1786753800000,607.37,607.64,607.15,607.57,12.807
1786754700000,607.65,607.81,607.43,607.57,13.615
1786755600000,607.8,608.33,607.65,608.05,26.299
1786756500000,608.04,608.28,607.86,608.2,28.039
1786757400000,608.24,608.28,607.88,608.27,5.658
1786758300000,608.05,608.05,607.39,607.44,20.035
1786759200000,607.5,607.8,607.47,607.69,4.809
1786760100000,607.69,608,607.69,608,14.524
1786761000000,608,608.36,607.74,608.23,3.97
1786761900000,608.24,608.37,608.04,608.31,11.556
1786762800000,608.33,609.47,608.33,609.47,18.96
1786763700000,609.56,610.64,609.56,610.17,65.135
1786764600000,610.2,610.3,609.77,609.85,7.189
1786765500000,609.85,610.23,609.71,610.15,15.29
1786766400000,610.26,611.12,610.2,610.69,80.436
1786767300000,610.72,610.72,610.05,610.05,29.997
1786768200000,610.06,612.1,610.06,612.1,22.295
1786769100000,612.03,612.03,610.52,611.4,44.122
1786770000000,611.4,611.54,611.05,611.32,31.105
1786770900000,611.33,611.34,610.31,610.67,7.867
1786771800000,610.66,610.79,610.16,610.45,29.414
1786772700000,610.45,610.64,610.25,610.31,3.097
1786773600000,610.32,611.39,610.32,610.97,46.474
1786774500000,611.05,611.68,611.05,611.08,67.403
1786775400000,611.08,611.57,611.08,611.32,11.432
1786776300000,611.17,611.91,611.09,611.64,16.372
1786777200000,611.65,611.99,611.2,611.24,28.575
1786778100000,611.24,611.26,610.86,611.01,10.365
1786779000000,610.99,611.31,610.66,610.67,13.7
1786779900000,610.72,611.09,610.69,611.07,15.077
1786780800000,611.21,611.77,610.81,611.27,94.263
1786781700000,611.1,611.1,610.28,610.52,17.168
1786782600000,610.52,610.91,610.52,610.91,36.08
1786783500000,610.88,611.2,610.44,610.44,6.101
1786784400000,610.44,610.44,609.81,610.4,56.964
1786785300000,610.43,610.96,610.21,610.94,22.495
1786786200000,610.83,611.63,610.8,611.2,70.317
1786787100000,611.26,611.9,611.24,611.77,14.811
1786788000000,611.76,611.9,611.16,611.16,14.163
1786788900000,611.2,611.57,610.96,611.52,11.528
1786789800000,611.49,611.73,611.28,611.28,6.772
1786790700000,611.29,611.69,611.29,611.31,12.14
1786791600000,611.28,611.54,611.18,611.53,6.913
1786792500000,611.53,611.84,611.32,611.61,19.051
1786793400000,611.62,611.78,611.35,611.42,16.593
1786794300000,611.41,611.55,611.04,611.54,31.354
1786795200000,611.65,612.61,611.38,612.24,78.04
1786796100000,612.15,612.2,611.45,611.48,16.596
1786797000000,611.4,611.44,610.97,611.28,51.984
1786797900000,611.34,611.45,610.17,611.14,10.867
1786798800000,611.05,611.05,609.86,609.92,34.491
1786799700000,609.91,610.22,609.29,610.14,36.437
1786800600000,610.14,610.2,609.5,609.63,37.5
1786801500000,609.61,609.67,609.06,609.45,166.06
1786802400000,609.51,609.62,609.14,609.14,12.339
1786803300000,609.15,609.15,608.54,609.02,28.211
1786804200000,609.04,609.74,609.02,609.39,8.512
1786805100000,609.45,610.26,609.12,610.26,8.908
1786806000000,610.33,610.88,610.32,610.61,25.356
1786806900000,610.67,611.22,610.35,610.49,28.845
1786807800000,610.45,610.79,610.25,610.25,27.255
1786808700000,610.23,611.53,610.23,611.49,127.711
1786809600000,611.48,611.72,611.13,611.32,18.401
1786810500000,611.28,611.49,610.99,611.47,7.987
1786811400000,611.48,611.61,611.18,611.2,1.373
1786812300000,611.2,611.47,611.14,611.25,3.68
1786813200000,611.11,611.39,610.93,611.36,49.809
1786814100000,611.37,611.37,611,611.01,11.479
1786815000000,611,611,610.54,610.76,10.445
1786815900000,610.77,610.89,610.47,610.59,8.801
1786816800000,610.56,610.83,610.51,610.52,3.882
1786817700000,610.51,610.51,610.01,610.01,3.575
1786818600000,610.02,610.2,609.91,610.13,5.347
1786819500000,610.13,610.13,609.79,609.89,101.671
1786820400000,609.82,610.15,609.79,610.01,88.695
1786821300000,610.07,610.27,609.89,609.96,1.756
1786822200000,609.97,610.18,609.83,609.84,3.99
1786823100000,609.84,611.19,609.84,610.97,8.799
1786824000000,610.97,611.27,610.8,610.88,22.346
1786824900000,610.82,610.82,610.39,610.61,88.416
1786825800000,610.62,610.62,610.19,610.52,3.672
1786826700000,610.54,610.7,610.3,610.3,15.991
1786827600000,610.19,610.44,610.14,610.44,47.577
1786828500000,610.48,610.55,610.14,610.55,27.907
1786829400000,610.55,610.6,610.28,610.28,2.51
1786830300000,610.32,610.46,610,610.12,119.817
1786831200000,610.12,610.12,609.1,609.15,33.8
1786832100000,609.15,609.35,609.05,609.18,13.72
1786833000000,609.11,609.47,609.03,609.28,7.363
1786833900000,609.28,609.28,609.05,609.05,2.904
1786834800000,609.05,609.05,608.09,608.48,237.216
1786835700000,608.46,608.46,607.61,607.86,13.425
1786836600000,607.82,607.82,607.13,607.36,10.482
1786837500000,607.36,607.86,607.32,607.44,19.288
1786838400000,607.45,607.6,606.76,607.17,315.295
1786839300000,607.15,607.37,607.01,607.17,130.478
1786840200000,607.13,607.32,606.75,607.19,139.031
1786841100000,607.19,607.43,606.58,607.2,95.202
1786842000000,607.2,607.52,606.6,607.33,250.558
1786842900000,607.33,607.43,607.09,607.09,18.023
1786843800000,607.1,607.36,606.68,607.13,12.505
1786844700000,607.16,607.16,606.5,606.63,147.497
1786845600000,606.67,606.87,605.92,606.08,427.479
1786846500000,606.08,607.17,606.08,606.91,295.691
1786847400000,606.89,607.09,606.74,607.08,304.052
1786848300000,607.08,607.08,606.7,606.7,311.178
1786849200000,606.7,606.7,606.06,606.15,295.428
1786850100000,606.14,606.21,605.83,605.96,328.364
1786851000000,605.96,606.32,605.84,606.29,432.281
1786851900000,606.27,606.32,605.8,606.03,528.409
1786852800000,605.97,606.04,605.45,605.54,330.372
1786853700000,605.54,605.91,605.33,605.49,334.82
1786854600000,605.49,605.49,605.18,605.35,331.783
1786855500000,605.35,605.66,605.24,605.4,296.99
1786856400000,605.36,605.65,605.34,605.64,29.273
1786857300000,605.64,605.77,605.46,605.77,71.123
1786858200000,605.77,606.11,605.38,605.73,43.808
1786859100000,605.68,605.96,605.62,605.83,29.685
1786860000000,605.83,605.83,604.94,605.02,83.289
1786860900000,605.03,605.03,603.88,604.45,41.591
1786861800000,604.44,604.75,604.3,604.69,7.286
1786862700000,604.7,604.89,604.7,604.88,13.66
1786863600000,604.89,605.11,604.83,605.11,12.943
1786864500000,605.12,605.25,604.95,605.1,35.539
1786865400000,605.07,605.14,604.85,605.08,39.825
1786866300000,605.09,605.23,605.08,605.21,3.287
1786867200000,605.22,605.23,604.64,604.69,26.38
1786868100000,604.74,605.3,604.64,605.3,94.254
1786869000000,605.3,606.39,605.3,606.15,327.012
1786869900000,606.14,607.07,606.14,606.99,189.799
1786870800000,606.98,607.08,606.88,606.89,33.536
1786871700000,606.78,607.74,606.58,607.54,55.311
1786872600000,607.55,607.7,607.04,607.04,47.787
1786873500000,607.03,607.19,606.87,607.14,17.032
1786874400000,607.07,607.07,606.04,606.42,597.913
1786875300000,606.42,606.64,606.18,606.32,15.057
1786876200000,606.32,606.37,606.09,606.09,1.047
1786877100000,606.09,606.35,606.09,606.34,15.162
1786878000000,606.26,606.7,606.04,606.22,583.143
1786878900000,606.22,606.36,605.88,605.98,466.396
1786879800000,605.98,606.59,605.83,606.44,610.516
1786880700000,606.4,606.64,606.13,606.3,609.252
1786881600000,606.32,607.04,606.32,607,407.555
1786882500000,607.01,607.25,606.25,606.25,300.141
1786883400000,606.33,606.7,606.08,606.08,447.745
1786884300000,606.19,606.85,606.13,606.69,437.84
1786885200000,606.74,607.78,606.68,607.41,509.291
1786886100000,607.41,607.68,606.99,607.44,555.56
1786887000000,607.55,607.85,607.29,607.29,534.397
1786887900000,607.34,607.48,606.77,606.77,597.707
1786888800000,606.84,607.28,606.64,606.92,418.409
1786889700000,606.95,607.83,606.95,607.61,342.469
1786890600000,607.61,607.67,607.12,607.12,28.689
1786891500000,607.06,607.33,607.06,607.3,51.157
1786892400000,607.29,607.54,607.21,607.51,50.511
1786893300000,607.47,607.47,607.26,607.3,51.273
1786894200000,607.3,607.31,606.65,606.65,5.137
1786895100000,606.63,606.91,606.62,606.87,19.779
1786896000000,606.94,606.96,606.61,606.9,76.477
1786896900000,606.9,607.63,606.89,607.29,36.576
1786897800000,607.24,607.49,606.81,606.96,13.864
1786898700000,606.96,607.23,606.72,606.92,14.644
1786899600000,606.92,607.14,606.72,607.13,9.815
1786900500000,607.15,607.4,606.7,606.7,37.809
1786901400000,606.7,606.73,606.03,606.11,25.858
1786902300000,606.11,606.3,605.85,605.85,10.979
1786903200000,605.71,606.13,605.51,606.02,57.248
1786904100000,605.96,605.96,605.29,605.29,11.816
1786905000000,605.3,605.44,605.2,605.44,7.498
1786905900000,605.43,605.43,604.84,604.93,46.395
1786906800000,604.96,605.16,604.96,605.09,11.861
1786907700000,605.08,605.71,604.93,605.71,55.82
1786908600000,605.71,605.87,605.64,605.8,13.209
1786909500000,605.74,605.74,605.33,605.67,3.651
1786910400000,605.66,605.73,604.97,605.15,8.326
1786911300000,605.15,605.21,605.03,605.21,7.887
1786912200000,605.21,605.33,604.75,604.75,15.107
1786913100000,604.75,605.19,604.66,605.19,23.956
1786914000000,605.2,605.2,604.2,604.45,19.914
1786914900000,604.45,604.63,604.26,604.55,181.055
1786915800000,604.57,604.57,602.87,603.79,57.908
1786916700000,603.79,604.19,603.6,603.66,17.889
1786917600000,603.66,603.74,603.06,603.69,53.351
1786918500000,603.66,603.99,603.23,603.28,103.079
1786919400000,603.29,603.29,601.05,601.82,234.129
1786920300000,601.82,601.88,601.25,601.88,37.975
1786921200000,601.87,602.12,601.31,601.58,23.149
1786922100000,601.57,602.75,601.57,602.32,7.277
1786923000000,602.32,603.08,602.32,603.07,15.25
1786923900000,603.07,603.67,602.55,602.63,60.957
1786924800000,602.69,602.69,601.3,601.83,370.082
1786925700000,601.83,601.87,600.54,601.49,92.466
1786926600000,601.5,602.22,601.02,602.21,50.24
1786927500000,602.21,602.22,601.46,602.11,11.278
1786928400000,602.16,604.26,602.1,603.37,39.318
1786929300000,603.35,604.4,603.18,604.32,17.878
1786930200000,604.32,604.73,603.68,604.04,71.56
1786931100000,604.04,604.04,602.55,602.94,67.239
1786932000000,602.94,603.17,601.88,602.14,62.293
1786932900000,602.26,602.68,601.98,602.66,31.652
1786933800000,602.67,603.82,602.38,603.37,47.395
1786934700000,603.3,605.25,603.27,604.35,81.069
1786935600000,604.36,604.82,604.16,604.52,190.829
1786936500000,604.51,604.57,603.97,604.01,41.831
1786937400000,604.02,604.31,603.93,604.31,23.359
1786938300000,604.45,605.11,604.45,604.82,14.211
1786939200000,604.81,605.14,604.81,605.04,11.766
1786940100000,605.04,605.05,604.6,604.86,18.033
1786941000000,604.86,605.52,604.8,605.33,17.922
1786941900000,605.34,605.9,605.34,605.9,48.491
1786942800000,605.89,606.11,605.36,606.06,17.154
1786943700000,606.11,606.55,605.54,605.61,26.18
1786944600000,605.61,605.61,605.11,605.12,13.907
1786945500000,605.25,605.36,605.18,605.36,7.404
1786946400000,605.36,605.62,605.21,605.62,16.307
1786947300000,605.61,605.78,605.4,605.71,74.314
1786948200000,605.66,605.81,605.45,605.77,10.865
1786949100000,605.9,607.09,605.88,606.16,17.905
1786950000000,606.21,606.21,605.48,605.56,9.427
1786950900000,605.57,605.82,605.42,605.82,2.812
1786951800000,605.83,605.83,604.85,604.97,18.013
1786952700000,604.98,604.98,604.64,604.8,8.339
1786953600000,604.8,604.82,603.95,603.96,45.536
1786954500000,603.97,604.94,603.97,604.85,39.581
1786955400000,604.85,604.86,604.77,604.78,92.349
1786956300000,604.78,604.78,604.39,604.52,46.938
1786957200000,604.47,604.69,604.35,604.39,29.485
1786958100000,604.42,604.49,604.03,604.12,67.647
1786959000000,604.11,604.11,603.33,603.41,30.356
1786959900000,603.41,603.8,603.4,603.8,10.975
1786960800000,603.8,604,603.79,603.93,108.431
1786961700000,603.93,604.18,603.4,604.18,239.569
1786962600000,604.24,604.93,604.24,604.92,42.938
1786963500000,604.92,605.06,604.53,604.89,62.645
1786964400000,604.89,605.16,604.89,605.08,42.251
1786965300000,605.01,605.01,604.55,604.56,28.123
1786966200000,604.56,604.57,604.46,604.46,22.37
1786967100000,604.46,605.18,604.46,604.73,45.012
1786968000000,604.73,604.73,604.34,604.56,42.395
1786968900000,604.57,604.57,603.9,604.16,105.202
1786969800000,604.17,604.36,603.79,603.8,83.861
1786970700000,603.81,604.07,603.54,603.58,91.052
1786971600000,603.59,603.88,603.58,603.8,50.022
1786972500000,603.79,603.85,603.71,603.8,54.309
1786973400000,603.83,605.83,603.83,605.72,175.594
1786974300000,605.72,606.62,605.28,605.69,46.007
1786975200000,605.69,605.73,604.89,605.14,42.234
1786976100000,605.14,605.5,604.84,605.02,154.983
1786977000000,605.03,605.92,604.86,605.02,120.1
1786977900000,605,607.42,604.96,607.24,72.832
1786978800000,607.13,607.13,606.05,606.07,87.558
1786979700000,606.07,606.82,605.82,606.7,51.092
1786980600000,606.69,606.69,606.1,606.28,38.627
1786981500000,606.28,607.59,606.2,606.96,141.783
1786982400000,606.96,607.17,606.67,606.89,221.701
1786983300000,606.88,607.15,606.79,606.83,59.963
1786984200000,606.83,607.44,606.83,607.32,92.657
1786985100000,607.32,607.64,606.33,607.18,571.369
1786986000000,607.17,607.18,606.35,606.35,77.93
1786986900000,606.34,607.52,606.06,606.17,167.527
1786987800000,606.17,606.17,605.38,605.81,138.497
1786988700000,605.8,606.06,605.78,605.85,20.159
1786989600000,605.85,606.05,605.48,605.85,47.818
1786990500000,605.86,606.89,605.86,606.65,64.535
1786991400000,606.51,606.51,605.85,605.92,28.796
1786992300000,605.92,606.36,605.92,606.01,12.78
1786993200000,606.04,606.08,605.07,605.08,145.166
1786994100000,605.08,605.33,604.99,605.31,7.396
1786995000000,605.26,605.26,604.67,605.1,17.423
1786995900000,605.05,605.05,604.73,604.77,22.37
1786996800000,604.84,604.88,604.77,604.8,8.197
1786997700000,604.8,605.29,604.71,605.29,35.135
1786998600000,605.3,605.3,605.16,605.16,3.974
1786999500000,605.11,605.28,604.98,605.2,30.628
1787000400000,605.15,605.66,605.15,605.47,5.482
1787001300000,605.51,605.51,605.04,605.04,2.609
1787002200000,605.04,605.11,604.75,604.95,23.116
1787003100000,604.96,604.96,604.76,604.79,3.365
1787004000000,604.8,605.1,604.62,604.62,7.05
1787004900000,604.7,604.71,604.56,604.57,4.327
1787005800000,604.57,604.63,604.47,604.54,2.37
1787006700000,604.54,604.54,604.29,604.39,20.137
1787007600000,604.39,604.84,604,604.84,12.444
1787008500000,604.84,605.22,604.83,605.05,5.982
1787009400000,605.09,606.07,604.92,605.73,7.346
1787010300000,605.69,605.73,605.43,605.48,103.111
1787011200000,605.48,605.6,605.05,605.28,317.046
1787012100000,605.27,605.53,605.27,605.37,22.312
1787013000000,605.36,605.4,605,605,54.189
1787013900000,605.01,605.02,604.84,604.95,8.604
1787014800000,604.95,605.28,604.47,604.55,24.376
1787015700000,604.55,604.64,604.25,604.28,7.24
1787016600000,604.28,604.33,603.94,604.09,13.255
1787017500000,604.09,604.09,603.41,603.55,72.436
1787018400000,603.65,603.73,602.79,602.8,57.472
1787019300000,602.8,602.89,602.68,602.68,71.031
1787020200000,602.68,602.69,602.34,602.37,786.679
1787021100000,602.32,602.79,601.85,602.57,110.314
1787022000000,602.68,603,602.68,602.92,15.041
1787022900000,602.91,603.04,602.74,602.93,38.805
1787023800000,602.94,603.37,602.93,603.37,267.254
1787024700000,603.34,604,603.27,603.38,843.893
1787025600000,603.39,603.41,602.73,602.99,76.782
1787026500000,602.99,603.03,602.92,602.93,17.418
1787027400000,602.92,603.57,602.92,603.23,14.791
1787028300000,603.23,603.24,602.94,603.1,34.938
1787029200000,603.1,603.54,603.1,603.3,28.24
1787030100000,603.32,603.42,603.2,603.23,14.084
1787031000000,603.22,603.22,602.96,603.1,6.584
1787031900000,603.1,603.64,602.95,603.5,19.12
1787032800000,603.5,603.5,603.14,603.41,14.294
1787033700000,603.4,604.62,603.36,604.59,44.534
1787034600000,604.58,604.82,604.2,604.81,757.458
1787035500000,604.78,604.78,603.89,603.9,57.338
1787036400000,603.9,604.03,603.65,603.71,49.34
1787037300000,603.71,603.71,603.41,603.41,8.927
1787038200000,603.41,603.51,603.31,603.31,9.038
1787039100000,603.31,603.31,602.99,603.04,6.148
1787040000000,602.99,603,601.62,601.97,851.968
1787040900000,601.97,602.51,601.97,602.5,226.706
1787041800000,602.5,602.7,602.45,602.65,14.926
1787042700000,602.65,602.65,602.46,602.5,70.415
1787043600000,602.3,602.49,602.21,602.49,6.679
1787044500000,602.49,602.49,601.48,601.48,12.341
1787045400000,601.43,601.43,600.75,600.83,62.977
1787046300000,600.84,600.9,600.69,600.84,348.84
1787047200000,600.84,600.99,600.6,600.74,143.936
1787048100000,600.75,600.91,600.69,600.82,29.729
1787049000000,600.72,601.01,600.66,601,20.189
1787049900000,600.99,601.19,600.82,600.99,90.095
1787050800000,600.78,601.44,600.77,601.43,43.867
1787051700000,601.44,601.84,601.43,601.83,24.799
1787052600000,601.83,602.19,601.56,601.98,27.077
1787053500000,602,602,601.79,601.81,99.967
1787054400000,601.81,601.81,601.16,601.16,144.031
1787055300000,601.11,601.28,600.9,601.21,26.018
1787056200000,601.21,601.21,601.06,601.07,33.741
1787057100000,601.07,601.08,600.91,600.92,21.202
1787058000000,600.91,600.91,600.06,600.24,305.53
1787058900000,600.44,600.49,599.48,599.73,259.455
1787059800000,599.73,600.66,599.45,600.35,89.62
1787060700000,600.35,600.5,599.53,599.89,85.439
1787061600000,599.92,601.26,599.92,600.61,161.975
1787062500000,600.62,603.49,600.62,603.33,259.054
1787063400000,603.33,603.85,602.39,602.55,371.113
1787064300000,602.63,602.92,601.92,602.3,74.698
1787065200000,602.29,603.17,602.29,602.98,66.776
1787066100000,602.99,603.49,602.71,603.17,202.722
1787067000000,603.24,603.58,602.82,602.82,168.686
1787067900000,602.82,603.42,602.64,602.94,67.023
1787068800000,602.95,603.32,602.81,603.08,43.477
1787069700000,603.07,603.09,602.77,602.86,15.618
1787070600000,602.86,603.71,602.83,603.56,31.827
1787071500000,603.58,604.17,603.51,603.59,49.476
1787072400000,603.59,603.64,602.67,602.81,75.951
1787073300000,602.81,602.85,602.5,602.61,7.062
1787074200000,602.6,602.69,602.35,602.65,16.457
1787075100000,602.65,602.65,602.42,602.43,3.659
1787076000000,602.43,602.79,602.42,602.79,9.859
1787076900000,602.93,603.7,602.82,603.65,75.973
1787077800000,603.64,603.64,603.12,603.18,42.64
1787078700000,603.17,603.19,603.07,603.12,6.222
1787079600000,603.11,603.22,602.77,602.86,8.08
1787080500000,602.85,603.63,602.73,603.5,19.421
1787081400000,603.5,603.51,602.81,602.9,8.398
1787082300000,602.89,602.9,602.77,602.83,5.069
1787083200000,602.84,602.92,602.47,602.71,32.067
1787084100000,602.7,602.7,602.48,602.48,1.769
1787085000000,602.49,602.68,602.44,602.5,4.261
1787085900000,602.51,602.82,602.5,602.74,26.201
1787086800000,602.67,602.78,602.67,602.78,9.516
1787087700000,602.82,602.92,602.65,602.67,3.172
1787088600000,602.67,602.67,602.28,602.38,19.901
1787089500000,602.38,602.39,602.07,602.23,19.351
1787090400000,602.35,603.09,602.29,603.01,38.339
1787091300000,602.89,602.98,602.49,602.59,35.753
1787092200000,602.6,603.25,602.59,603.09,21.327
1787093100000,603.07,603.1,602.89,602.99,24.993
1787094000000,602.98,603.43,602.9,603.33,43.553
1787094900000,603.31,603.64,603.29,603.44,7.845
1787095800000,603.44,603.98,603.44,603.98,98.108
1787096700000,603.9,603.96,603.73,603.74,5.261
1787097600000,603.74,603.86,602.7,602.85,510.576
1787098500000,602.76,604.18,602.76,604.12,566.855
1787099400000,604.12,604.6,603.83,604.14,88.932
1787100300000,604.14,604.14,603.83,603.88,87.502
1787101200000,603.87,604.49,603.48,603.95,229.391
1787102100000,603.95,603.99,603.44,603.71,123.549
1787103000000,603.7,603.71,603.36,603.36,5.92
1787103900000,603.34,603.47,603.23,603.44,27.715
1787104800000,603.43,603.44,602.78,602.93,170.767
1787105700000,602.93,603.12,602.7,602.8,11.61
1787106600000,602.79,602.79,602.27,602.28,82.075
1787107500000,602.28,602.4,601.26,601.75,15.913
1787108400000,601.78,602.04,601.47,602.04,82.842
1787109300000,602.04,602.52,601.94,602.07,64.648
1787110200000,602.05,602.05,601.4,601.68,39.369
1787111100000,601.67,601.9,601.61,601.64,102.469
1787112000000,601.64,602.06,601.5,602.06,71.651
1787112900000,601.98,602.3,601.74,602.12,138.988
1787113800000,602.12,602.12,601.62,601.69,74.711
1787114700000,601.69,601.88,601.44,601.53,96.951
1787115600000,601.53,601.76,601.52,601.74,19.415
1787116500000,601.72,601.72,601.13,601.68,101.372
1787117400000,601.66,601.66,601.59,601.59,2.856
1787118300000,601.59,601.6,601.18,601.19,8.414
1787119200000,601.19,601.28,600.99,601.06,18.828
1787120100000,601.06,601.59,601.06,601.28,36.323
1787121000000,601.27,601.72,601.27,601.47,127.33
1787121900000,601.47,602.06,601.43,602.06,88.947
1787122800000,602.06,602.28,601.81,602.23,324.988
1787123700000,602.23,602.23,601.79,601.95,96.749
1787124600000,601.95,602.22,601.94,602.01,32.789
1787125500000,602.01,602.15,601.73,601.73,9.624
1787126400000,601.72,601.77,601.58,601.73,73.763
1787127300000,601.73,602.13,601.72,602.01,68.247
1787128200000,602,603,602,602.84,110.99
1787129100000,602.84,603.13,602.46,602.48,78.985
1787130000000,602.48,602.67,602.41,602.5,115.85
1787130900000,602.56,602.56,602.32,602.44,73.042
1787131800000,602.44,602.55,602.43,602.44,21.15
1787132700000,602.44,602.44,602.22,602.22,32.341
1787133600000,602.22,602.38,602.06,602.3,82.625
1787134500000,602.3,602.3,601.92,601.93,36.815
1787135400000,601.93,601.93,601.75,601.75,12.829
1787136300000,601.76,602.26,601.75,602.26,33.657
1787137200000,602.26,602.83,602.03,602.44,141.644
1787138100000,602.39,602.45,602.08,602.45,52.127
1787139000000,602.45,603.15,602.45,602.45,111.639
1787139900000,602.45,602.45,602.31,602.32,6.293
1787140800000,602.31,602.47,602.31,602.47,43.928
1787141700000,602.47,602.76,602.47,602.76,43
1787142600000,602.76,604.26,602.76,604.26,130.651
1787143500000,604.26,604.93,603.99,603.99,108.084
1787144400000,603.97,604.35,603.61,603.96,74.21
1787145300000,603.85,604.9,603.77,604.8,83.495
1787146200000,604.8,605.38,604.2,605.08,176.127
1787147100000,605.15,605.15,603.84,604.19,209.187
1787148000000,604.2,605.44,604.18,605.01,656.4
1787148900000,605.01,605.76,604.99,605.43,75.542
1787149800000,605.54,607.03,605.34,607,632.878
1787150700000,606.74,609.42,606.48,608.64,1169.437
1787151600000,608.73,612.71,608.73,612.5,4009.773
1787152500000,612.5,621.1,611.27,618.15,2936.657
1787153400000,618.16,620.08,616.82,619.68,2353.349
1787154300000,619.69,619.69,615.25,616.26,1201.644
1787155200000,616.28,619.3,616.12,616.95,672.637
1787156100000,616.9,619.95,616.86,619.67,270.907
1787157000000,619.67,620.18,618.67,619.12,651.831
1787157900000,618.92,619.96,618.38,618.96,1388.625
1787158800000,618.85,619.25,616.84,616.84,2225.86
1787159700000,616.88,617.18,615.38,615.82,174.22
1787160600000,615.76,615.77,614.6,615.71,220.275
1787161500000,615.72,617.47,615.72,617.09,307.053
1787162400000,617.1,617.37,615.91,616.85,164.723
1787163300000,616.79,617.32,616.33,616.69,114.569
1787164200000,616.67,617.54,616.57,617.51,59.569
1787165100000,617.5,617.55,616.74,616.96,134.006
1787166000000,616.95,617.71,616.09,616.09,256.805
1787166900000,615.99,617.29,615.01,615.01,278.594
1787167800000,614.66,615.55,614.1,615.55,271.874
1787168700000,615.41,616.52,615.32,616.43,336.325
1787169600000,616.55,617.53,616.44,617.43,169.297
1787170500000,617.32,618.56,617.06,618.14,222.669
1787171400000,618.36,618.57,617.84,618.57,127.234
1787172300000,618.45,624.76,618.44,624.38,901.73
1787173200000,624.5,630.24,623.51,627.79,2419.573
1787174100000,628.03,630.54,627.3,629.81,830.277
1787175000000,629.87,635.24,629.78,634.69,1139.801
1787175900000,634.7,636.46,633.08,634.62,950.581
1787176800000,634.74,635.42,631.43,631.43,561.679
1787177700000,631.33,633.15,630.07,630.45,405.619
1787178600000,629.88,631.44,627.74,630.36,226.418
1787179500000,629.9,629.95,627,628.11,76.616
1787180400000,628.23,628.97,626.64,627.81,153.274
1787181300000,627.78,628.01,626.18,627.34,645.164
1787182200000,627.05,628.03,625.83,627.47,136.683
1787183100000,627.54,628.39,625.91,627.75,648.882
1787184000000,627.67,629.48,627.53,627.94,946.125
1787184900000,627.96,628.9,627.04,628.21,526.207
1787185800000,628.37,629.26,627.74,628.95,112.452
1787186700000,629.17,630.16,628.19,628.62,134.724
1787187600000,628.53,629.15,625.77,626.54,128.034
1787188500000,626.49,626.66,624.1,624.25,94.895
1787189400000,624.17,625.82,624.01,625.59,116.072
1787190300000,625.52,626.88,625.34,625.53,29.183
1787191200000,625.54,626.48,625.46,625.89,34.767
1787192100000,625.86,625.87,624.39,624.53,30.959
1787193000000,624.51,625.74,624.51,625.06,211.474
1787193900000,625.06,625.37,623.96,624.17,99.295
1787194800000,624.13,624.31,622.2,622.2,73.736
1787195700000,622.23,625.21,622.23,622.9,82.386
1787196600000,622.9,625.08,622.9,624.8,173.34
1787197500000,624.83,628.26,624.73,626.12,191.409
1787198400000,626.56,627.34,626.19,626.87,44.258
1787199300000,626.88,626.9,625.47,625.63,4.199
1787200200000,625.46,625.79,624.75,625.4,17.468
1787201100000,625.65,627.22,625.55,626.55,11.242
1787202000000,626.69,627.57,626.52,626.65,345.895
1787202900000,626.65,627.27,626.62,626.62,420.681
1787203800000,626.48,627.19,625.78,626.02,309.396
1787204700000,626.02,626.04,624.3,624.69,269.992
1787205600000,624.9,625.45,624.25,625.26,182.65
1787206500000,625.07,626.89,624.74,626.23,181.795
1787207400000,626.27,627.56,626.22,627.54,199.711
1787208300000,627.55,630.71,627.31,629.91,203.263
1787209200000,630.03,632.56,628.87,630.64,353.23
1787210100000,630.67,630.84,629.31,629.74,146.158
1787211000000,629.58,629.58,627.78,628.21,168.518
1787211900000,628.11,630.2,628.05,630.12,117.65
1787212800000,630.15,641.58,630.08,640.98,466.215
1787213700000,640.97,646.06,639.03,639.64,1879.289
1787214600000,639.65,641.35,637.95,640.51,829.114
1787215500000,640.5,642.15,640.2,640.46,320.101
1787216400000,640.37,642.58,640.23,642.05,841.581
1787217300000,642.14,644.79,641.34,643.24,811.618
1787218200000,643.35,644.29,641.88,642.77,660.772
1787219100000,642.62,643.43,641.43,642.67,151.56
1787220000000,642.59,644.01,641.76,643.88,161.819
1787220900000,643.85,646.48,642.66,642.84,208.219
1787221800000,642.94,644.06,642.05,643.98,179.274
1787222700000,643.85,645.21,642.78,643.76,283.743
1787223600000,643.76,644.78,642.7,643.17,212.132
1787224500000,643.08,643.25,642.24,642.59,220.259
1787225400000,642.41,647.81,642.31,647.15,333.64
1787226300000,647.14,648.67,645.34,645.5,275.516
1787227200000,645.5,645.8,641.36,642.29,274.251
1787228100000,642.21,642.65,641.4,641.57,334.665
1787229000000,641.72,642.39,639.47,640.65,550.177
1787229900000,640.72,642.76,639.7,642.76,155.254
1787230800000,642.77,644.44,642.35,643.64,94.03
1787231700000,643.71,643.71,641.86,642.29,15.875
1787232600000,642.27,642.27,637.74,639.87,101.093
1787233500000,639.88,641.78,639.43,641.1,16.481
1787234400000,641.25,644.84,640.77,643.71,95.756
1787235300000,643.64,643.76,640.97,641.38,120.036
1787236200000,641.43,642.61,640.96,641.42,184.799
1787237100000,641.42,642.68,640.29,641.78,38.47
1787238000000,641.86,646.95,641.86,646.63,71.664
1787238900000,646.71,648.05,645.1,648.01,681.563
1787239800000,647.96,650.12,646.97,648.02,144.154
1787240700000,647.64,652.44,647.42,652.31,122.817
1787241600000,652.42,652.65,650.23,650.27,38.582
1787242500000,650.34,650.86,647.8,649.48,620.037
1787243400000,649.29,653.69,648.4,653.32,2441.97
1787244300000,653.32,654.25,652.62,654.13,403.45
1787245200000,653.88,654.79,651.71,652.38,497.847
1787246100000,652.45,653.12,651.51,653.04,432.91
1787247000000,653.05,654.08,652.29,653.2,30.576
1787247900000,653.14,654.61,652.83,653.21,50.536
1787248800000,653.15,654.01,649.38,650.01,152.012
1787249700000,649.89,650.53,648.54,649.39,35.655
1787250600000,649.4,649.4,646.75,648.53,71.573
1787251500000,648.6,649.41,646.23,647.35,1581.744
1787252400000,647.29,649.04,646.72,648.57,1144.345
1787253300000,648.56,649.77,648.34,649.43,137.378
1787254200000,649.35,650.49,648.78,650.31,35.499
1787255100000,650.4,650.79,649.78,650.2,11.839
1787256000000,650.16,652,650.12,650.98,161.828
1787256900000,650.9,652.41,650.62,651.98,27.629
1787257800000,652.07,653.24,652.07,652.8,94.111
1787258700000,652.77,654.47,651.87,653.99,120.343
1787259600000,653.76,654.79,652.82,654.48,39.342
1787260500000,654.49,655.07,653.14,653.33,63.944
1787261400000,653.39,654.55,653.09,653.33,43.512
1787262300000,653.33,654.54,653.33,653.75,43.098
1787263200000,653.87,653.94,652.31,653.68,77.865
1787264100000,653.5,655.16,653.13,654.87,51.672
1787265000000,654.88,656.02,654.27,654.77,105.906
1787265900000,654.71,655.17,653.88,653.99,15.813
1787266800000,653.95,656.15,653.67,656.15,523.623
1787267700000,655.9,658.32,655.5,657.37,173.328
1787268600000,657.54,658.18,655.45,655.63,83.463
1787269500000,655.34,655.75,654.68,654.68,64.281
1787270400000,654.7,655,653.13,655,146.308
1787271300000,654.99,657.74,654.24,656.38,81.949
1787272200000,655.46,657.42,654.6,655.92,43.299
1787273100000,655.99,658.2,655.29,656.71,36.669
1787274000000,656.89,657.78,656.18,657.47,108.365
1787274900000,657.63,660.9,656.81,659.81,206.052
1787275800000,659.78,664.13,659.78,662.98,664.986
1787276700000,662.86,666.43,660.84,661.47,207.514
1787277600000,661.45,663.51,659.12,661.49,256.222
1787278500000,661.3,662.63,660.53,662.3,103.615
1787279400000,662.29,663.16,660.37,660.44,15.036
1787280300000,660.37,660.4,658.66,658.81,159.741
1787281200000,659,659.64,657.17,659.03,40.533
1787282100000,658.91,660.22,658.05,660.16,28.347
1787283000000,660.29,661.47,659.65,660.82,5.518
1787283900000,660.65,662.61,660.65,661.26,1555.786
1787284800000,661.12,662.41,659.99,660.46,99.015
1787285700000,660.83,661.21,659.5,659.55,55.408
1787286600000,659.34,660.93,658.93,660.18,16.229
1787287500000,660.34,661.52,660.02,660.63,42.994
1787288400000,660.65,663.09,660.33,663.09,259.639
1787289300000,662.88,664.02,660.6,661.84,46.407
1787290200000,661.94,663.92,661.65,663.52,104.417
1787291100000,663.52,664.82,663.29,664.72,37.878
1787292000000,664.71,666.13,664.55,664.99,87.293
1787292900000,665.08,666.34,663.98,665.83,47.903
1787293800000,665.83,673.05,665.83,668.05,331.337
1787294700000,668.14,669.01,666.13,666.66,208.642
1787295600000,666.81,670.46,666.67,670.18,85.489
1787296500000,670.5,673.64,670.38,671.74,458.784
1787297400000,671.75,672.82,669.59,671.95,174.365
1787298300000,671.87,671.87,669.58,669.94,175.704
1787299200000,670.06,678,669.72,676.66,779.029
1787300100000,676.96,678.73,676.59,678.23,244.039
1787301000000,678.26,680.95,678.05,679.98,193.994
1787301900000,679.99,686.7,679.44,685.86,560
1787302800000,685.89,686.16,668.12,673.52,2345.056
1787303700000,673.6,674.77,670.88,674.09,536.971
1787304600000,674.05,679.54,673.22,679.23,275.158
1787305500000,679.42,681.73,676.15,678.46,514.425
1787306400000,678.47,678.72,676.21,677.88,220.943
1787307300000,677.93,679.93,675.77,677.72,127.755
1787308200000,677.72,679.59,676.78,679.55,346.068
1787309100000,679.55,680.55,678.42,678.83,85.694
1787310000000,678.7,680.6,675.59,677.15,177.969
1787310900000,677.25,678.28,674.77,678,102.135
1787311800000,678.16,678.25,671.65,674.05,241.438
1787312700000,674.05,675.75,672.1,674.42,125.314
1787313600000,674.51,675.82,673.17,675.54,87.855
1787314500000,675.46,676.27,674.39,675.41,143.792
1787315400000,675.43,680.26,674.91,680.14,50.884
1787316300000,680.19,680.45,678.33,679.11,74.572
1787317200000,679.25,680.54,678.66,679.8,47.9
1787318100000,679.8,679.81,676.44,677.82,174.323
1787319000000,677.82,679.76,673.82,679.75,149.87
1787319900000,679.69,680.96,678.78,679.92,138.347
1787320800000,679.89,680.12,676.89,677.09,120.411
1787321700000,677.11,678.88,675.17,678.55,79.769
1787322600000,678.5,679.19,676.57,678.05,136.389
1787323500000,678.05,679.49,678.05,679.06,143.255
1787324400000,679.18,681.88,678.4,681.46,986.927
1787325300000,681.46,682.35,679.63,680.17,1135.855
1787326200000,680.17,682.27,679.3,680.88,245.937
1787327100000,680.89,680.92,679.19,679.53,246.472
1787328000000,679.62,680.36,674.57,675.21,288.694
1787328900000,675.03,678.97,674.54,678.97,192.195
1787329800000,679.12,680.44,679,680.18,159.479
1787330700000,680.37,681.21,680.02,680.26,136.416
1787331600000,680.2,682.09,679.98,680.48,281.454
1787332500000,680.48,680.48,676.92,679.06,292.515
1787333400000,679.06,680.44,678.94,679.41,210.577
1787334300000,679.51,680.8,678.9,679.63,200.217
1787335200000,679.63,681.88,679.63,681.86,125.92
1787336100000,681.87,682.76,679.58,679.72,440.012
1787337000000,679.72,679.76,675.33,676.03,386.85
1787337900000,676.13,676.99,673.9,676.99,367.677
1787338800000,676.99,677.06,673.14,676.81,226.284
1787339700000,676.78,677.56,674.62,677.17,395.966
1787340600000,677.24,677.34,674.57,674.83,449.111
1787341500000,674.92,674.93,672.93,673.24,399.006
1787342400000,673.25,673.79,672.07,673.31,313.294
1787343300000,673.32,675.35,673.03,675.11,186.817
1787344200000,675.11,675.64,674.5,675.64,60.897
1787345100000,675.76,676.9,674.51,676.85,99.298
1787346000000,676.85,679.46,676.39,678.81,112.543
1787346900000,678.72,682.7,678.33,681.58,1057.698
1787347800000,681.71,683.75,679.35,681.06,555.853
1787348700000,681.23,685.7,681.23,685.7,418.111
1787349600000,685.78,690.84,684.6,690.32,1598.056
1787350500000,690.28,690.65,688.74,689.74,565.854
1787351400000,689.83,691.5,686.64,690.85,670.002
1787352300000,690.79,693.49,689.19,692.04,3304.316
1787353200000,692.05,692.29,690.52,690.96,361.145
1787354100000,690.92,693.59,690.85,691.94,517.695
1787355000000,691.92,692.36,687.13,689.46,348.85
1787355900000,689.62,689.81,687.28,688.03,335.354
1787356800000,688.02,689.2,682.45,685.59,395.485
1787357700000,685.59,689.59,685.1,688.27,277.437
1787358600000,688.29,689.12,686.4,687.2,235.65
1787359500000,687.2,689.79,685.73,689.6,178.296
1787360400000,689.61,691.81,688.84,690.4,336.733
1787361300000,690.55,692.14,688.43,689.85,215.425
1787362200000,690.02,693.33,689.48,689.86,235.337
1787363100000,689.96,691.26,687.6,689.27,229.162
1787364000000,689.49,695.38,689.41,694.45,452.978
1787364900000,694.44,699.98,694.12,699.54,608.467
1787365800000,699.67,708.56,697.38,707.61,846.642
1787366700000,707.95,716.22,707.31,713.84,1852.851
1787367600000,713.9,715.29,711.95,712.26,513.778
1787368500000,712.25,725.39,712.19,720.15,1487.511
1787369400000,720.16,723.45,719.49,721.3,667.108
1787370300000,721.31,722.18,719.59,719.66,1410.875
1787371200000,719.63,720.5,716.37,718.75,596.739
1787372100000,718.75,719.04,716.04,717.96,578.182
1787373000000,717.97,726.37,717.85,726.11,778.729
1787373900000,726.14,727,722.15,726.25,1089.735
1787374800000,726.16,727.81,684.74,697.63,4479.801
1787375700000,698.15,702.85,687.25,701.41,2426.582
1787376600000,701.46,701.87,695.04,696.51,589.748
1787377500000,697.11,703.06,696.77,699.71,445.59
1787378400000,699.46,700.66,695.24,695.79,268.404
1787379300000,695.45,699.8,695.45,697.19,319.832
1787380200000,696.99,700.97,693.25,699.46,439.006
1787381100000,699.54,701.9,699.45,701.65,128.259
1787382000000,701.72,705.22,699.32,701.55,292.352
1787382900000,701.56,706.13,698.9,705.96,117.533
1787383800000,705.96,709.45,704.93,707.23,260.408
1787384700000,707.28,709.11,706.14,707.11,249.117
1787385600000,707.13,711.04,705.48,710.1,807.257
1787386500000,710.18,710.18,699.46,700.44,1399.523
1787387400000,700.58,700.7,696.32,699.57,1136.25
1787388300000,699.56,699.56,696.48,698.24,319.898
1787389200000,698.64,699.29,693.56,699.28,248.421
1787390100000,699.55,704.94,698.78,702.35,461.246
1787391000000,702.39,702.5,699.66,701.96,456.524
1787391900000,702.05,702.17,697.29,698.24,194.424
1787392800000,698.25,698.59,688.41,688.7,743.391
1787393700000,688.35,690.4,684.94,690.14,387.838
1787394600000,690.13,693.29,689.1,693.17,225.299
1787395500000,693.1,693.37,691.11,691.75,256.165
1787396400000,691.74,693.62,690.01,692.23,126.168
1787397300000,691.75,692.57,690.73,692.16,90.753
1787398200000,692.63,696.3,692.5,695.79,185.696
1787399100000,695.77,696.04,694.06,695.16,190.886
1787400000000,695.16,697.41,693.71,696.84,195.635
1787400900000,696.9,699,696.82,698.59,185.859
1787401800000,698.59,698.88,695.71,697.32,122.78
1787402700000,697.33,697.89,695.27,695.86,189.817
1787403600000,695.78,696.18,694.04,696.03,177.308
1787404500000,696.04,697.11,694.17,695.47,245.373
1787405400000,695.48,696.39,693.31,693.96,163.844
1787406300000,694.09,696.93,694.09,696,164.848
1787407200000,696.22,696.58,691,693.03,133.223
1787408100000,693.24,695.23,692.3,695.04,173.478
1787409000000,695.01,696.32,693.03,693.03,238.226
1787409900000,693.12,693.57,690.82,692.69,61.907
1787410800000,692.61,694.03,691.27,691.27,61.292
1787411700000,691.42,692.43,689.48,691.5,98.109
1787412600000,691.32,691.91,690.24,691.26,343.336
1787413500000,691.44,691.64,689.22,689.23,72.654
1787414400000,689.22,692.09,688.73,692.08,140.96
1787415300000,692.1,695.66,692.1,695.57,31.154
1787416200000,695.45,697.65,694.94,697.5,21.611
1787417100000,697.5,698.15,697.19,697.19,27.675
1787418000000,697.19,697.42,696.03,696.9,93.161
1787418900000,697.01,697.88,694.73,694.84,92.731
1787419800000,694.93,697.38,694.93,697.38,31.601
1787420700000,697.29,698.96,696.68,697.08,53.548
1787421600000,697.02,698.53,697.02,697.62,19.432
1787422500000,697.78,699.28,697.78,698.98,47.723
1787423400000,699.11,699.79,698.44,698.44,20.41
1787424300000,698.28,699.03,697.22,699.03,54.709
1787425200000,699.04,699.93,698.5,699.65,49.188
1787426100000,699.64,700,697.65,697.81,17.411
1787427000000,697.87,699.26,697.87,699.26,6.805
1787427900000,699.21,700.59,699.09,699.43,140.966
1787428800000,699.44,700.81,698.49,700.01,349.137
1787429700000,700.01,700.67,699.54,699.87,453.828
1787430600000,699.87,701.3,698.78,699.93,124.908
1787431500000,699.93,700.49,698.13,698.81,210.298
1787432400000,698.86,698.86,694.18,694.18,139.963
1787433300000,694.18,698.81,694.18,698.68,125.899
1787434200000,698.66,698.66,694.15,695.45,48.149
1787435100000,695.44,695.44,692.44,693.43,57.995
1787436000000,693.32,697.14,692.44,696.77,114.733
1787436900000,696.77,697.72,696.04,697.25,7.274
1787437800000,697.18,697.3,694.56,695.28,213.556
1787438700000,695.3,695.51,693.92,694.27,155.936
1787439600000,694.29,694.79,692.93,693.78,136.846
1787440500000,693.86,694.58,693.71,693.73,57.98
1787441400000,693.86,694.34,692.18,693.81,106.294
1787442300000,693.82,697.05,693.82,696.23,52.275
1787443200000,696.1,696.79,694.24,695.6,226.133
1787444100000,695.45,699.17,695.14,699.17,88.41
1787445000000,698.98,701.08,698.72,699.94,253.451
1787445900000,699.93,702.69,699.67,701.64,302.489
1787446800000,701.61,701.61,698.06,700.95,208.231
1787447700000,700.88,701.69,699.51,700.59,229.207
1787448600000,700.7,701.17,698.59,700.03,181.312
1787449500000,699.76,700.39,698.14,699.23,95.253
1787450400000,699.22,699.23,694.99,695.17,245.943
1787451300000,695.07,696.34,692.85,694.76,584.418
1787452200000,694.85,697.32,694.82,695.45,149.086
1787453100000,695.36,697.13,694.5,694.73,203.532
1787454000000,694.61,695.35,693.74,695.02,192.781
1787454900000,695.03,695.91,691.68,692.16,282.517
1787455800000,692,692,689.41,689.75,180.016
1787456700000,689.75,690.54,688.75,689.95,303.326
1787457600000,690.02,690.71,687.27,690.37,280.305
1787458500000,690.54,690.96,687.48,688.08,77.149
1787459400000,688.24,688.33,686.19,686.35,84.609
1787460300000,686.54,686.57,681.62,682.55,261.412
1787461200000,682.45,684.42,680.71,680.93,569.337
1787462100000,680.88,685.51,677.47,683.85,969.711
1787463000000,683.85,685.88,683.15,684.36,148.166
1787463900000,684.44,685.42,683.41,683.41,49.144
1787464800000,683.41,684.36,681.37,683.63,225.754
1787465700000,683.68,686.59,683.68,685.77,73.942
1787466600000,685.78,687.51,685.78,686.59,63.22
1787467500000,686.75,686.89,684.8,685.51,39.655
1787468400000,685.51,688.77,685.09,688.51,180.289
1787469300000,688.66,689.5,687.4,687.95,95.567
1787470200000,687.94,688.01,686.6,687.34,98.321
1787471100000,687.43,688.19,683.91,684.48,110.906
1787472000000,684.46,689.17,684.04,688.43,187.421
1787472900000,688.43,688.94,688.24,688.53,106.463
1787473800000,688.53,690.6,688.53,689.96,133.448
1787474700000,689.95,690.53,689.05,689.69,117.621
1787475600000,689.7,690.38,688.72,689.3,179.695
1787476500000,689.6,689.68,688.58,688.97,263.723
1787477400000,688.97,688.97,687.71,688.64,389.855
1787478300000,688.56,690.16,688.31,689.76,100.703
1787479200000,689.58,690.57,689.58,690.32,26.93
1787480100000,690.45,692.15,690.24,691.69,94.531
1787481000000,691.7,692.71,691.26,691.59,19.051
1787481900000,691.58,691.58,690.18,690.27,7.619
1787482800000,690.3,692.55,690.3,692.55,23.287
1787483700000,692.43,695.57,692.19,694.56,54.263
1787484600000,694.7,696.14,693.9,695.67,89.211
1787485500000,695.53,695.98,694.54,695.67,11.876
1787486400000,695.68,695.68,692.93,693.31,80.818
1787487300000,693.29,693.87,692.9,693.2,23.008
1787488200000,693.11,695.19,693.04,695.19,97.92
1787489100000,695.33,695.33,694.12,694.83,60.945
1787490000000,694.83,696.8,694.69,696.8,110.658
1787490900000,696.79,700.53,696.66,698.38,150.31
1787491800000,698.34,699.56,697.88,699.35,152.075
1787492700000,699.39,699.58,698.3,698.8,114.462
1787493600000,698.85,699.99,697.01,699.38,141.861
1787494500000,699.63,700.04,697.51,698.31,11.717
1787495400000,698.01,698.74,690.67,693.83,299.33
1787496300000,694.12,697.03,694.12,696.16,95.374
1787497200000,696.3,697.09,694.63,695.86,79.183
1787498100000,695.61,696.37,694.31,696.34,49.362
1787499000000,696.53,697.9,696.05,697.76,39.823
1787499900000,697.6,697.94,695.55,695.65,54.677
1787500800000,695.66,696.74,695.66,696.74,70.025
1787501700000,696.73,697.26,696.41,696.55,92.73
1787502600000,696.56,698.57,696.54,697.89,71.783
1787503500000,697.89,699.45,697.81,699.28,238.424
1787504400000,699.45,700.54,697.5,700.31,79.279
1787505300000,700.26,700.85,697.83,698.25,114.83
1787506200000,698.39,699.18,696.81,698.4,82.607
1787507100000,698.41,699.14,697.61,698.59,154.216
1787508000000,698.49,699.83,697.56,699.63,120.72
1787508900000,699.63,701.15,699.48,700.86,238.929
1787509800000,700.8,700.8,700,700.29,87.339
1787510700000,700.29,701.05,699.75,700.53,60.167
1787511600000,700.66,700.93,698.18,699,133.212
1787512500000,699.16,700.23,698.86,700.03,260.036
1787513400000,700.1,700.49,699.3,700.43,45.356
1787514300000,700.4,701.15,699.85,699.87,52.124
1787515200000,699.72,700.14,698.64,699.55,74.099
1787516100000,699.56,700.91,699.55,700.35,56.026
1787517000000,700.36,700.77,700.32,700.64,158.228
1787517900000,700.64,700.91,700.17,700.76,170.197
1787518800000,700.77,704.94,700.77,704.45,629.152
1787519700000,704.86,707.34,704.86,707.34,411.722
1787520600000,707.14,708.01,703.73,705.07,572.735
1787521500000,705.05,706.65,703.97,704.39,281.471
1787522400000,704.31,705.9,701.16,703.44,146.155
1787523300000,703.44,704.72,702.74,703.7,135.827
1787524200000,703.82,705.45,702.98,704.48,528.851
1787525100000,704.47,705.86,703.55,703.79,653.154
1787526000000,703.83,704.26,700.93,701.87,208.087
1787526900000,701.87,704.22,701.79,703.89,194.712
1787527800000,703.95,705.42,700.29,701.31,326.875
1787528700000,701.29,703.37,701.11,703.03,127.398
1787529600000,703.18,703.55,701.2,702.29,99.945
1787530500000,702.48,702.54,698.94,701.05,136.9
1787531400000,700.98,703.43,700.39,700.56,387.938
1787532300000,700.63,705.57,699.61,705.57,75.596
1787533200000,705.67,705.87,702.49,702.53,177.432
1787534100000,702.41,702.41,699.18,699.22,396.844
1787535000000,699.34,700.75,696.25,696.48,702.381
1787535900000,696.51,697.33,695.2,695.66,418.52
1787536800000,695.68,699.81,693.97,699.62,505.58
1787537700000,699.52,701.81,699.52,701.26,155.948
1787538600000,701.42,702.41,700.7,701.85,81.965
1787539500000,701.85,701.85,699.13,700.37,62.995
1787540400000,700.71,700.82,697.46,697.58,84.298
1787541300000,697.57,699.45,697.57,697.84,113.092
1787542200000,697.43,697.88,696.26,697.39,97.689
1787543100000,697.38,698.65,696.33,696.33,62.732
1787544000000,696.34,697.82,695.4,696.86,99.708
1787544900000,697.23,698.63,697.23,698.47,249.397
1787545800000,698.68,698.84,697.31,698.1,55.276
1787546700000,698.26,698.7,695.11,697.06,62.839
1787547600000,697.22,700.75,696.45,700.75,88.114
1787548500000,700.76,700.95,698.16,698.44,126.591
1787549400000,698.3,700.03,696.71,699.55,129.616
1787550300000,699.41,700.01,698.58,699.89,62.985
1787551200000,699.89,701.01,698.16,700.97,86.846
1787552100000,700.97,701.12,699.6,699.92,43.761
1787553000000,699.91,699.91,697.39,697.88,143.815
1787553900000,698.07,701.15,697.97,700.38,84.445
1787554800000,700.45,703.82,700.16,703.58,289.235
1787555700000,703.78,703.81,700.33,700.78,204.484
1787556600000,700.73,700.73,698.58,698.88,75.03
1787557500000,699.15,700.66,698.61,699.1,76.387
1787558400000,699.22,699.38,696.66,696.66,40.636
1787559300000,696.53,696.53,693.01,693.96,323.692
1787560200000,693.84,696.16,693.57,695.61,192.896
1787561100000,695.72,696.48,695.23,696.48,114.027
1787562000000,696.47,698.95,695.95,698.9,67.385
1787562900000,698.89,699.06,697.51,698.63,92.934
1787563800000,698.75,699.27,698.28,698.51,44.566
1787564700000,698.63,700.19,698.5,699.98,89.105
1787565600000,700.08,702.46,699.82,702.46,32.374
1787566500000,702.45,702.45,700.86,701.21,47.223
1787567400000,701.36,702.51,699.8,700.14,78.448
1787568300000,700.06,700.84,699.16,699.74,80.963
1787569200000,699.85,701.04,697.57,701,51.262
1787570100000,700.86,701.85,700.28,701.84,4.912
1787571000000,701.8,707.62,701.74,707.44,95.002
1787571900000,707.6,707.61,702.93,704.41,73.494
1787572800000,704.4,704.4,701.93,702.45,61.505
1787573700000,702.42,704.6,700.47,704.02,62.815
1787574600000,704.09,705.64,702.73,704.4,127.755
1787575500000,704.25,707.6,704.25,705.84,60.704
1787576400000,706.02,708.4,704.61,707.4,76.671
1787577300000,707.31,707.31,704.75,704.83,81.088
1787578200000,705.03,705.03,698.39,699.34,235.206
1787579100000,699.18,700.34,696.76,700.04,178.728
1787580000000,699.95,705,699.9,704.99,185.305
1787580900000,704.96,707.1,703.04,706.39,188.41
1787581800000,706.36,709.58,705.99,708.84,783.967
1787582700000,708.66,709.42,706.97,707.43,147.658
1787583600000,707.6,711.59,706.98,710.12,167.206
1787584500000,710.24,717.63,709.51,715.79,1123.615
1787585400000,715.71,716.2,706.95,709.62,289.943
1787586300000,709.35,710.78,704.58,706.4,953.299
1787587200000,706.44,711.07,706.43,710.32,92.058
1787588100000,710.36,713.06,710.24,711.24,828.919
1787589000000,711.05,711.42,707.92,707.96,1321.274
1787589900000,707.96,708.53,704.6,705.08,219.151
1787590800000,705.27,706.29,701.38,704.97,66.469
1787591700000,704.77,704.77,698.92,699.18,552.211
1787592600000,699.26,702.69,699.26,700.61,117.549
1787593500000,700.47,702.99,700.28,702.99,46.903
1787594400000,703,705,702.98,704.83,68.95
1787595300000,705,705.6,703.66,704.39,116.504
1787596200000,704.49,705.31,701.71,704.15,92.654
1787597100000,704.32,704.83,702.44,703.2,165.86
1787598000000,703.35,704.31,702.04,704,142.8
1787598900000,704.09,704.09,701.13,703.92,82.974
1787599800000,703.91,704.71,702.56,703.29,142.189
1787600700000,703.31,703.48,701.57,702.63,57.555
1787601600000,702.71,703.78,701.57,703.15,81.874
1787602500000,702.98,702.98,701.42,701.81,37.169
1787603400000,701.82,704.55,701.34,703.29,26.666
1787604300000,703.28,703.66,703.05,703.54,10.418
1787605200000,703.53,705.6,703.53,705.6,130.406
1787606100000,705.59,705.59,704.34,704.74,25.422
1787607000000,704.75,705.38,704.3,705.05,13.069
1787607900000,705.04,705.45,703.36,704.32,56.56
1787608800000,704.32,704.52,702.73,702.96,16.671
1787609700000,702.86,703.24,702.04,702.43,12.376
1787610600000,702.46,703.91,701.9,702.09,15.81
1787611500000,701.89,702.97,701.53,701.68,48.485
1787612400000,701.76,702.29,700.59,701.54,40.964
1787613300000,701.54,703.42,701.54,702.83,86.071
1787614200000,702.95,704.36,702.67,704.21,97.977
1787615100000,704.37,704.83,703.31,704.74,121.453
1787616000000,704.65,707.41,704.01,706.88,387.708
1787616900000,706.88,708.32,704.49,706.83,250.476
1787617800000,706.96,709.61,706.03,709.59,161.111
1787618700000,709.58,711.67,709.49,710.44,135.321
1787619600000,710.4,713.24,709.67,710.01,333.444
1787620500000,709.86,711.46,708.61,710.21,365.623
1787621400000,710.37,711.57,709.13,709.88,61.75
1787622300000,709.95,711.19,709.2,710.82,39.568
1787623200000,710.71,711.01,708.73,709.06,21.908
1787624100000,709.19,719.53,709.08,719.51,524.348
1787625000000,719.17,719.25,715.88,715.96,112.858
1787625900000,715.96,716.14,712.83,714.55,70.018
1787626800000,714.56,718.39,714.5,717.27,84.451
1787627700000,717.28,717.89,715.26,716.36,122.198
1787628600000,716.51,717.85,715.71,716.03,48.66
1787629500000,716.08,716.79,714.44,716.02,139.145
1787630400000,715.91,718.41,714.56,716.52,71.756
1787631300000,716.72,716.84,715.15,715.45,68.094
1787632200000,715.4,715.97,714.01,714.42,77.031
1787633100000,714.56,715.29,714.22,714.79,186.335
1787634000000,714.95,717.22,714.48,716.74,76.412
1787634900000,716.84,719.22,716.55,718.34,34.671
1787635800000,718.47,718.7,717.27,717.28,278.394
1787636700000,717.28,718.29,717.12,717.44,283.352
1787637600000,717.44,717.96,716.7,717.56,275.371
1787638500000,717.56,718.02,716.24,716.68,226.619
1787639400000,716.59,716.59,713.77,713.77,60.957
1787640300000,713.87,714.39,711.99,713.61,112.693
1787641200000,713.61,716.52,713.27,714.38,51.814
1787642100000,714.2,714.87,711.96,712.85,15.699
1787643000000,712.57,712.57,709.74,710.5,185.393
1787643900000,710.62,710.62,702.88,706.79,548.825
1787644800000,706.65,707.24,705.96,706.98,59.213
1787645700000,706.98,709.13,706.98,708.29,52.235
1787646600000,708.84,708.89,706.69,706.99,53.172
1787647500000,707,707,704.02,704.79,27.863
1787648400000,704.78,704.78,701.46,703.5,90.368
1787649300000,703.39,704.32,702.4,703.01,76.851
1787650200000,703.23,704.2,703.23,703.39,118.254
1787651100000,703.3,703.3,697.48,699.28,659.549
1787652000000,699.28,700.55,697.5,700.32,200.054
1787652900000,700.36,700.72,699.18,699.51,133.645
1787653800000,699.45,699.95,699.09,699.57,149.285
1787654700000,699.7,700.79,699.7,699.73,22.697
1787655600000,699.53,700.33,698.35,698.35,240.215
1787656500000,698.36,699.27,698.09,698.54,29.197
1787657400000,698.72,699.69,698.14,698.18,33.396
1787658300000,698.01,698.68,696.72,697.16,187.199
1787659200000,696.96,697.46,693.37,695.87,218.952
1787660100000,696.65,696.65,693.55,695.62,31.796
1787661000000,695.2,696.66,694.41,696.23,29.357
1787661900000,696.25,698.44,696.25,698,38.858
1787662800000,697.9,698.42,696,696.37,68.634
1787663700000,696,696.32,693.8,694.48,120.032
1787664600000,694.37,698.28,694.14,694.25,611.952
1787665500000,694.34,694.53,690.51,694.31,403.427
1787666400000,694.63,696.81,693.57,696.6,271.964
1787667300000,696.6,698.55,695.18,698.22,144.239
1787668200000,697.99,699.67,697.18,697.98,140.547
1787669100000,698.09,699.38,697.9,698.38,278.441
1787670000000,698.4,698.75,697,697.06,176.477
1787670900000,696.68,699.05,696.53,698.57,119.331
1787671800000,698.69,699.67,698.15,699.02,269.228
1787672700000,698.82,700.48,698.24,700.24,219.194
1787673600000,699.98,700.59,697.82,698.29,190.902
1787674500000,698.01,699,697.48,698.25,344.904
1787675400000,698.27,699.83,698.02,699.45,186.698
1787676300000,699.2,700,698.51,698.73,124.075
1787677200000,698.7,698.79,696.9,698.62,146.211
1787678100000,698.69,699.44,696.7,696.96,56.831
1787679000000,697.11,699.79,697.11,699.58,42.128
1787679900000,700.04,700.71,700.04,700.45,134.489
1787680800000,700.52,701.31,699.83,700.97,154.761
1787681700000,701.07,701.64,700.6,700.6,158.771
1787682600000,700.56,700.74,699.58,700.28,31.502
1787683500000,700.37,700.44,699.37,699.85,92.212
1787684400000,699.79,700.19,698.76,699.8,38.47
1787685300000,699.79,700.14,698.38,698.45,64.798
1787686200000,698.3,698.64,697.05,697.05,126.392
1787687100000,697.22,698.19,696.8,698.19,16.284
1787688000000,698.22,698.46,695.4,697.38,62.67
1787688900000,697.24,697.85,696.7,696.7,16.119
1787689800000,696.54,696.67,693.75,694.42,95.853
1787690700000,694.64,695.31,692.37,692.6,191.254
1787691600000,692.54,693.54,687.74,692.09,334.997
1787692500000,692.13,692.46,690.44,692.06,109.948
1787693400000,691.82,693.56,691.52,693.06,45.83
1787694300000,693.14,693.48,692.84,693.07,66.879
1787695200000,693.63,696.18,693.61,695.95,44.603
1787696100000,695.97,696.93,695.15,695.34,65.407
1787697000000,695.41,696.7,695.12,696.29,23.75
1787697900000,696.27,697.56,696.21,697.26,99.105
1787698800000,697.2,697.64,696.48,696.89,27.532
1787699700000,696.73,697.42,695.13,696.29,28.148
1787700600000,696.06,696.06,694.17,694.35,61.677
1787701500000,694.05,694.62,693.08,694.24,89.299
1787702400000,694.51,694.93,691.82,691.82,155.181
1787703300000,691.82,693.88,691.82,693.88,118.871
1787704200000,694.04,694.28,692.2,692.59,48.971
1787705100000,692.69,695.07,692.46,693.87,36.825
1787706000000,693.83,696.49,693.74,694.98,28.193
1787706900000,695.18,696.13,694.81,694.81,12.028
1787707800000,694.97,696.75,694.97,696,36.285
1787708700000,695.89,695.96,694.51,694.76,62.707
1787709600000,694.96,695.37,694.06,695.17,11.516
1787710500000,694.54,698.3,694.54,698.19,106.969
1787711400000,698.23,698.48,697.6,698.48,47.047
1787712300000,698.28,698.28,697.32,697.85,27.009
1787713200000,697.49,698.32,696.63,696.96,13.506
1787714100000,696.7,697.44,696.46,696.46,8.925
1787715000000,696.47,697.05,695.44,696.32,50.364
1787715900000,696.24,696.44,695.27,696.2,24.644
1787716800000,696.3,697.5,695.47,695.55,32.734
1787717700000,695.98,697.14,695.45,696.3,35.09
1787718600000,696.36,696.57,695.58,695.77,57.095
1787719500000,695.78,695.78,694.28,694.32,13.655
1787720400000,694.45,694.68,693,694.32,38.5
1787721300000,694.31,696.14,692.83,696,49.721
1787722200000,696.01,696.95,695.63,696.59,84.913
1787723100000,696.64,696.65,695.76,696.58,77.759
1787724000000,696.53,697.25,696.14,696.39,243.726
1787724900000,696.39,696.73,695.27,696.07,86.154
1787725800000,696.06,697.93,695.68,697.66,86.181
1787726700000,697.82,698.2,697.07,698.2,60.72
1787727600000,698.21,700.3,697.77,699.81,152.626
1787728500000,699.89,700.55,699.63,700.31,105.654
1787729400000,700.25,700.25,698.66,699.35,105.576
1787730300000,699.4,699.99,698.95,699.24,187.666
1787731200000,699.24,699.6,697.82,698.97,155.398
1787732100000,698.99,699.66,697.97,698.89,145.204
1787733000000,699.01,699.67,698.48,699.44,132.3
1787733900000,699.44,699.44,696.45,697.2,159.527
1787734800000,697.4,698.99,697.17,698.07,293.213
1787735700000,698.14,698.14,695.89,696.15,764.178
1787736600000,696.15,696.52,695.26,695.26,752.686
1787737500000,695.28,695.95,694.43,695.25,852.372
1787738400000,695.15,696.05,694.9,695.7,127.183
1787739300000,695.7,698.32,695.53,698.22,143.207
1787740200000,698.06,702.83,697.31,701.87,578.042
1787741100000,701.85,708.6,701.68,707.38,287.205
1787742000000,707.38,708,706,706.42,230.205
1787742900000,706.45,706.62,706.05,706.06,265.001
1787743800000,706.06,706.12,702.1,703.73,338.547
1787744700000,703.73,703.76,701.6,702.48,294.505
1787745600000,702.5,703.34,701.58,702.72,372.965
1787746500000,702.7,704.11,701.75,704.04,213.697
1787747400000,704.22,704.22,698.1,701.12,287.879
1787748300000,701.18,702.61,700.65,702.24,265.648
1787749200000,701.83,702.69,698.88,698.92,227.723
1787750100000,699.02,699.7,697.45,698.15,372.241
1787751000000,698.15,702.36,698.15,702.28,372.546
1787751900000,702.37,702.64,699.95,701.85,271.429
1787752800000,701.4,702.86,700.77,700.77,165.859
1787753700000,700.74,701.96,698.84,699.45,184.46
1787754600000,699.28,699.57,697.05,697.13,90.41
1787755500000,697.11,697.38,693.66,693.66,164.016
1787756400000,694.15,695.58,692.16,694.42,265.252
1787757300000,694.58,697.37,692.7,697.37,300.678
1787758200000,697.39,698.03,695.1,697.25,120.493
1787759100000,697.25,698.26,697.02,697.07,124.804
1787760000000,697.27,698.43,696.53,697.32,67.367
1787760900000,697.34,698,696.05,696.76,46.735
1787761800000,696.87,698.11,694.97,694.97,53.523
1787762700000,695.25,698.21,695.25,696.24,57.857
1787763600000,696.23,697.79,695.95,697.79,72.963
1787764500000,697.79,701.82,697.79,701.45,300.283
1787765400000,701.47,702.28,701.09,701.27,108.8
1787766300000,701.25,701.26,699.48,699.58,89.303
1787767200000,699.72,700.06,698.68,698.68,119.355
1787768100000,698.7,699.5,698.49,698.49,168.895
1787769000000,698.36,698.74,697.55,697.66,38.604
1787769900000,697.71,698.72,697.71,698.49,28.77
1787770800000,698.41,700.06,698.24,699.13,23.304
1787771700000,699.13,700.67,698.98,700.43,76.33
1787772600000,700.41,700.65,699.33,699.41,71.048
1787773500000,699.4,700.46,699.4,699.76,114.358
1787774400000,699.74,700.52,699.39,700.03,76.481
1787775300000,699.88,700.19,697.78,699.45,115.339
1787776200000,699.34,699.46,698.05,698.55,58.277
1787777100000,698.42,699.3,698.42,699.1,10.16
1787778000000,699.09,702.08,698.89,701.81,348.066
1787778900000,701.89,703.24,701.78,703.24,22.329
1787779800000,703.02,703.3,702.27,702.56,9.229
1787780700000,702.45,703.76,702.27,703.51,41.983
1787781600000,703.24,705.4,703.22,704.95,84.621
1787782500000,704.96,707.71,704.96,706.39,208.315
1787783400000,706.38,706.48,704.3,705.49,184.517
1787784300000,705.21,705.54,704.28,705.05,20.323
1787785200000,704.72,705.78,704.58,705.12,5.861
1787786100000,704.89,706.75,704.89,706.69,93.064
1787787000000,706.72,708.08,706.13,708.08,23.801
1787787900000,708.08,708.77,707.95,707.96,197.637
1787788800000,708,708.01,705.57,705.57,125.3
1787789700000,705.43,705.86,704.33,704.96,181.933
1787790600000,704.96,705,703.71,704.67,43.462
1787791500000,704.4,704.42,703.58,703.61,12.878
1787792400000,703.4,704.03,702.32,702.32,41.347
1787793300000,702.57,705.11,702.57,705.06,13.87
1787794200000,705.13,705.62,703.74,703.74,17.676
1787795100000,703.94,705.74,703.94,705.13,12.819
1787796000000,704.92,705.62,704.82,704.89,17.285
1787796900000,705.08,705.08,703.01,703.25,5.561
1787797800000,703.16,703.7,702.88,703.07,10.978
1787798700000,703.07,703.57,703.07,703.18,8.441
1787799600000,703.16,703.57,702.6,702.6,18.468
1787800500000,702.83,704.15,702.55,703.81,8.733
1787801400000,703.81,704.19,703.13,703.14,79.212
1787802300000,703.28,703.52,702.67,703.33,15.203
1787803200000,703.65,704.39,702.91,703.36,12.277
1787804100000,703.51,704.08,700.34,701.6,3180.396
1787805000000,701.69,702.22,701.11,702.22,60.247
1787805900000,702.17,702.24,701.22,702.19,28.493
1787806800000,702.24,702.69,701.87,702.02,29.394
1787807700000,702.03,703.46,701.53,702.69,32.832
1787808600000,702.92,704.62,702.2,703.87,32.95
1787809500000,704.01,705.6,703.87,705.29,668.454
1787810400000,705.23,705.32,703.72,704.16,34.551
1787811300000,704.16,704.31,703.31,703.98,89.65
1787812200000,704.26,705.03,703.18,703.95,1946.019
1787813100000,703.97,705.76,703.93,705.76,325.004
1787814000000,705.76,706.15,705.29,705.87,90.041
1787814900000,705.81,706.14,705.18,705.26,52.791
1787815800000,705.27,706.67,705.2,705.98,66.586
1787816700000,706.1,707.85,705.67,707.54,58.346
1787817600000,707.7,711.87,707.39,709.28,875.669
1787818500000,709.51,712.07,708.21,711.91,196.106
1787819400000,712,712.66,710.94,711.2,270.866
1787820300000,711.52,711.78,709.99,710.33,158.888
1787821200000,709.99,712,709.1,711.27,536.643
1787822100000,711.13,715.07,710.95,715.04,315.94
1787823000000,715.09,715.82,712.61,713.4,263.793
1787823900000,713.39,714.64,711.97,712.6,117.851
1787824800000,712.64,714.01,711.48,711.98,101.155
1787825700000,712.04,712.04,704.99,708.05,175.311
1787826600000,707.16,707.57,705.15,707.32,43.577
1787827500000,707.45,707.45,706.22,706.97,56.724
1787828400000,707.03,708.25,706.77,708.25,105.588
1787829300000,708.25,708.47,706.74,706.74,138.653
1787830200000,706.39,708.29,706.35,708.12,28.786
1787831100000,708.11,708.11,705.52,706.84,23.527
1787832000000,707.13,707.6,706.45,707.43,49.899
1787832900000,707.52,707.52,706.6,707.5,94.846
1787833800000,707.43,707.43,705.27,705.43,30.339
1787834700000,705.39,706.61,705.39,705.61,43.144
1787835600000,705.92,707.15,705.76,707.05,22.43
1787836500000,707.24,708.64,706.75,708.32,108.613
1787837400000,706.97,707.58,705.32,706.22,831.483
1787838300000,706.38,708.87,705.07,708.76,129.179
1787839200000,708.59,711.11,706.13,706.3,2395.193
1787840100000,706.54,709.08,706.19,708.63,224.634
1787841000000,708.54,712.71,708.41,712.5,2889.096
1787841900000,712.5,712.5,709.56,710.55,169.274
1787842800000,710.53,713.39,709.78,713.12,227.188
1787843700000,712.94,713.8,711.36,713.61,167.326
1787844600000,713.6,714.16,712.29,714.02,337.811
1787845500000,713.64,713.64,711.65,712.04,73.138
1787846400000,712.04,713.43,711.31,712.82,249.437
1787847300000,712.87,713.75,712.76,712.76,122.301
1787848200000,712.76,713.92,711.57,713.69,268.047
1787849100000,713.71,713.71,712.49,712.49,110.218
1787850000000,712.46,713.66,710.18,713.57,52.856
1787850900000,713.57,714.58,712.72,712.89,44.097
1787851800000,712.99,713.1,710.91,710.91,17.149
1787852700000,710.9,711.79,710.86,711.17,21.708
1787853600000,711.24,711.24,708.2,708.83,64.15
1787854500000,708.99,709.55,706.78,708.47,296.591
1787855400000,708.36,709.88,708.36,709.13,52.734
1787856300000,709.16,710.91,708.94,710.91,4.584
1787857200000,711.09,712.08,711.09,712.08,1.909
1787858100000,711.89,712.08,711.38,711.97,51.201
1787859000000,711.91,711.96,710.82,711.23,16.942
1787859900000,711.71,711.72,710.21,710.36,8.578
1787860800000,710.1,710.59,709.85,709.85,7.358
1787861700000,709.83,710.9,709.83,710.4,14.913
1787862600000,710.22,710.78,710.03,710.78,88.214
1787863500000,710.78,711.15,709.43,710.37,189.742
1787864400000,710.47,710.66,709.68,710.66,9.627
1787865300000,710.77,711.02,709.88,710.59,27.748
1787866200000,710.38,711.14,709.97,709.97,8.149
1787867100000,709.98,710.99,709.98,710.97,129.927
1787868000000,711.07,712.32,711.07,712.18,5.656
1787868900000,712.33,712.99,711.78,712.02,10.547
1787869800000,711.84,712.43,711.74,712.34,3.924
1787870700000,712.18,712.79,712.01,712.78,10.27
1787871600000,712.77,713.05,712.15,712.28,162.627
1787872500000,712.12,713.21,712.05,713.01,37.751
1787873400000,713.01,713.06,712.33,712.44,69.427
1787874300000,712.43,712.85,712.16,712.49,57.456
1787875200000,712.51,712.72,711.42,712.02,83.686
1787876100000,712.02,713.55,712.01,713.55,58.966
1787877000000,713.45,715.1,713.28,714.3,43.379
1787877900000,714.33,714.48,713.25,713.65,11.552
1787878800000,713.49,717.19,713.49,716.57,786.154
1787879700000,716.57,719.16,716.25,718.71,107.897
1787880600000,718.66,719.16,715.07,716.32,267.002
1787881500000,716.35,716.35,713.98,714.14,82.362
1787882400000,714.3,714.53,711.16,711.44,53.268
1787883300000,711.31,711.56,707.79,708.19,128.241
1787884200000,708.16,709.73,707.31,708.65,242.646
1787885100000,708.68,708.68,706.45,708.1,218.929
1787886000000,707.86,708.7,707.11,708.35,334.439
1787886900000,708.34,710.46,708.34,710.11,193.019
1787887800000,710.09,711.86,709.97,710.19,282.524
1787888700000,709.99,709.99,709.32,709.88,8.806
1787889600000,709.81,710.4,707.47,710.38,25.497
1787890500000,710.35,711.33,710.35,710.61,24.43
1787891400000,710.63,710.79,708.51,709.3,10.218
1787892300000,709.16,710.17,708.96,709.88,5.683
1787893200000,709.62,709.7,708.67,709.7,26.488
1787894100000,709.9,710.32,709.16,710.32,19.559
1787895000000,710.44,712.51,710.44,712.46,32.027
1787895900000,712.58,713.49,712.15,712.36,9.786
1787896800000,712.73,714.81,712.62,714.47,74.035
1787897700000,714.39,714.57,712.69,712.69,6.342
1787898600000,712.69,713.85,712.47,712.99,27.853
1787899500000,713.07,713.93,712.73,712.94,31.396
1787900400000,713.21,713.22,709.97,710.29,74.957
1787901300000,710.29,711.79,710.29,711.78,24.314
1787902200000,711.69,711.69,708,708.01,80.283
1787903100000,708,708,706.53,707.21,35.274
1787904000000,707.06,709.28,707.06,708.67,58.445
1787904900000,708.7,709.42,708.7,709.16,21.886
1787905800000,708.95,709.67,708.1,708.1,35.33
1787906700000,708.26,708.31,705.7,705.71,100.687
1787907600000,705.84,706.69,705.11,705.11,106.109
1787908500000,705.12,706.42,705.1,705.1,107.424
1787909400000,705.32,705.56,704.61,704.61,44.002
1787910300000,704.62,705.39,704.42,704.68,137.005
1787911200000,704.69,705,703.05,704.92,98.334
1787912100000,704.47,705.41,704.29,705.37,22.76
1787913000000,705.34,706.58,705.34,706.38,42.363
1787913900000,706.32,707.21,706.21,707.08,28.345
1787914800000,707.06,708.24,707.06,707.51,85.772
1787915700000,707.34,707.61,706.38,706.47,39.634
1787916600000,706.62,706.96,705.98,706.49,23.274
1787917500000,706.61,706.61,705.84,706.24,46.905
1787918400000,706.22,706.77,705.63,705.76,90.391
1787919300000,705.82,707.04,705.39,705.47,119.97
1787920200000,705.48,705.55,704.31,705.04,70.198
1787921100000,705.08,705.21,704.41,705.15,48.009
1787922000000,705.04,705.85,704.93,705.28,27.24
1787922900000,704.92,704.93,703.49,704.5,97.224
1787923800000,704.42,705.02,703.77,703.92,85.149
1787924700000,703.9,705.8,703.9,704.82,941.77
1787925600000,704.81,706.95,697.3,698.43,1588.292
1787926500000,698.23,700.39,694.97,700.2,7005.794
1787927400000,700.18,705.68,699.44,704.01,429.01
1787928300000,704.05,704.96,701.9,704.23,150.911
1787929200000,704.24,705.48,701.77,702,85.412
1787930100000,701.81,704.45,701.81,702.22,28.709
1787931000000,702.44,702.44,698.76,698.87,60.893
1787931900000,698.91,698.91,695.6,695.6,353.018
1787932800000,695.76,696.24,692.42,692.51,619.59
1787933700000,692.71,692.94,686.37,690.69,781.506
1787934600000,690.68,693.71,690.29,692.72,101.86
1787935500000,692.99,694.27,692.81,693.14,129.35
1787936400000,693.24,694.94,692.23,694.76,35.676
1787937300000,694.84,695.97,694.29,694.88,52.554
1787938200000,694.12,694.47,692.95,693.14,8.625
1787939100000,693.64,694.93,693.27,693.45,13.634
1787940000000,693.31,693.31,691.19,691.19,45.53
1787940900000,691.31,691.32,688.76,689.05,84.415
1787941800000,688.89,689.3,685.25,686.55,130.37
1787942700000,686.36,687.65,685.27,687.54,826.737
1787943600000,687.54,690.17,687.53,689.93,95.56
1787944500000,689.72,690.16,689.16,689.51,14.94
1787945400000,689.26,689.51,688.89,689.18,22.291
1787946300000,688.85,689.13,688,688.8,36.904
1787947200000,688.47,689.36,688.01,689.36,27.227
1787948100000,689.11,689.22,688.2,689.18,2.53
1787949000000,689.04,689.04,687.8,688.82,22.696
1787949900000,688.74,689.17,687.8,688.15,163.294
1787950800000,688.24,688.44,687.45,688.31,10.721
1787951700000,688.31,688.48,687.12,688.33,8.154
1787952600000,688.49,689,687.58,687.76,43.876
1787953500000,687.81,687.81,686.7,687.2,196.782
1787954400000,687.11,688.59,686.87,688.59,157.409
1787955300000,688.59,689.12,688.02,689.1,163.281
1787956200000,689,690.53,688.49,690.53,28.374
1787957100000,690.63,690.79,689.76,689.92,24.655
1787958000000,689.77,690.48,689.52,690.48,6.886
1787958900000,690.64,690.64,690.09,690.26,18.719
1787959800000,690.26,690.68,690.26,690.63,48.092
1787960700000,690.61,691.41,690.31,691.41,44.216
1787961600000,691.41,692.36,691.4,691.59,72.625
1787962500000,691.58,692.34,691.27,692.03,77.7
1787963400000,692.08,692.11,690.86,690.86,18.231
1787964300000,690.89,691.21,690.7,690.71,4.292
1787965200000,690.66,690.7,690.16,690.16,8.162
1787966100000,690.18,691.13,690.18,691.11,30.125
1787967000000,691.15,691.6,690.92,691.48,1.593
1787967900000,691.24,691.32,690.63,690.86,7.532
1787968800000,690.86,691.18,690.56,690.71,8.176
1787969700000,690.58,690.58,689.56,689.63,11.247
1787970600000,689.62,690.51,689.28,689.81,45.998
1787971500000,689.95,690.38,689.73,690.11,38.388
1787972400000,690.07,690.38,689.78,689.78,13.692
1787973300000,689.79,690.18,689.67,689.93,20.638
1787974200000,689.89,690.1,688.45,688.71,17.763
1787975100000,688.67,688.67,688.22,688.26,6.899
1787976000000,688.2,688.6,686.99,688.23,1407.404
1787976900000,688.29,689.36,688.26,689.36,18.911
1787977800000,689.4,689.92,689.34,689.77,39.166
1787978700000,689.59,690.15,689.47,689.9,26.301
1787979600000,689.82,690.72,689.82,690.55,10.486
1787980500000,690.54,691.01,690.35,690.68,267.493
1787981400000,690.6,691.04,690.49,690.49,7.425
1787982300000,690.79,690.82,690.1,690.58,4.531
1787983200000,690.6,690.6,687.94,687.94,7.65
1787984100000,687.84,687.94,686.52,687.38,67.705
1787985000000,687.34,687.58,687.2,687.3,9.568
1787985900000,687.27,687.42,686.91,687.09,12.629
1787986800000,687.08,687.84,686.91,686.91,59.646
1787987700000,686.83,687.08,686.6,686.89,13.527
1787988600000,686.7,687.56,686.7,687.36,25.725
1787989500000,687.47,687.78,687.25,687.75,8.8
1787990400000,687.76,687.96,686.84,687.53,24.661
1787991300000,687.4,688.28,687.35,688.25,22.783
1787992200000,688.26,688.26,687.47,687.59,46.24
1787993100000,687.59,687.97,687.27,687.77,140.483
1787994000000,687.75,688.26,687.58,688.26,121.715
1787994900000,688.25,688.25,687.27,687.29,92.528
1787995800000,687.31,688.29,687.31,688.26,54.452
1787996700000,688.1,688.35,687.96,688.34,37.642
1787997600000,688.23,688.37,687.65,688.05,13.919
1787998500000,688.04,689.03,688.04,688.68,119.259
1787999400000,688.63,689,688.62,688.83,29.166
1788000300000,689.03,689.37,688.78,688.78,44.877
1788001200000,688.57,689.21,688.32,689.21,13.038
1788002100000,689.12,689.18,688.51,688.73,23.922
1788003000000,688.73,689.14,688.46,688.7,28.211
1788003900000,688.9,689.12,688.76,688.98,8.476
1788004800000,689.1,689.22,688.45,689.13,23.552
1788005700000,689.23,689.37,687.95,688.85,56.189
1788006600000,688.84,689.01,687.83,688.34,18.135
1788007500000,688.21,688.31,687.09,688.12,33.17
1788008400000,687.89,688.21,687.72,687.9,15.474
1788009300000,687.71,688.41,687.31,687.78,9.239
1788010200000,687.76,688.06,687.63,687.79,5.304
1788011100000,687.8,688.39,687.7,688.34,5.145
1788012000000,688.24,688.46,688.14,688.21,26.227
1788012900000,688.31,689.08,688.01,688.82,12.968
1788013800000,688.82,690.93,688.7,690.66,139.679
1788014700000,690.83,692.22,690.78,691.73,72.443
1788015600000,691.64,691.64,690.24,690.86,68.863
1788016500000,690.93,690.99,690.1,690.36,6.682
1788017400000,689.98,690.36,689.71,690.17,66.443
1788018300000,690.27,691.2,690.07,690.49,30.707
1788019200000,690.59,690.96,690.34,690.51,35.596
1788020100000,691.03,692.41,690.62,691.07,57.016
1788021000000,691.11,692.06,690.7,691.32,14.899
1788021900000,691.49,691.88,690.88,690.94,26.292
1788022800000,690.93,691.56,690.83,691.22,31.004
1788023700000,691.4,691.77,690.63,690.63,22.676
1788024600000,690.78,691.07,690.19,690.4,78.539
1788025500000,690.4,690.87,690.36,690.49,33.727
1788026400000,690.58,691.14,690.44,690.9,11.068
1788027300000,690.88,691.1,690.42,691.03,14.933
1788028200000,690.66,692.24,690.49,692.01,17.365
1788029100000,692.04,693.5,692.04,693.09,41.783
1788030000000,693.18,693.98,693.12,693.42,47.408
1788030900000,693.29,693.63,692.96,693.08,82.396
1788031800000,693.08,693.41,692.6,692.77,20.197
1788032700000,692.75,693.2,692.54,693.05,12.784
1788033600000,693.05,693.34,692.59,692.74,9.992
1788034500000,692.96,693.19,692.13,692.18,41.778
1788035400000,692.11,692.47,692.04,692.1,31.293
1788036300000,692.16,692.32,691.95,692.22,17.121
1788037200000,692.42,692.76,691.86,692.24,85.344
1788038100000,692.27,692.78,692.01,692.26,12.703
1788039000000,692.28,692.59,692.07,692.07,14.4
1788039900000,692.21,692.75,692.12,692.12,11.566
1788040800000,692.33,692.63,691.84,691.96,25.812
1788041700000,691.92,692.42,691.79,692.19,14.92
1788042600000,692.32,692.59,692.14,692.59,7.844
1788043500000,692.56,692.71,692.54,692.55,468.823
1788044400000,692.55,693.1,692.23,692.5,441.14
1788045300000,692.51,692.77,691.79,692.32,21.361
1788046200000,692.28,692.42,691.74,691.95,156.268
1788047100000,692.07,692.48,692,692.32,16.309
1788048000000,692.31,692.31,691.59,691.77,53.03
1788048900000,691.95,692.93,691.94,691.95,289.721
1788049800000,691.96,693.01,691.88,692.31,18.992
1788050700000,692.29,692.61,691.83,691.88,25.251
1788051600000,691.88,692.36,691.43,691.45,22.679
1788052500000,691.52,691.52,690.37,690.37,22.304
1788053400000,690.28,691.22,690.28,690.97,4.628
1788054300000,691.18,691.4,690.89,691.29,19.874
1788055200000,691.28,691.7,691.08,691.7,12.03
1788056100000,691.7,693.48,691.53,693.19,40.256
1788057000000,693.18,693.52,692.66,693.28,178.384
1788057900000,693.28,694.28,693.14,693.48,37.891
1788058800000,693.59,695.31,693.45,695.25,432.996
1788059700000,695.26,695.33,694.47,694.8,504.437
1788060600000,694.81,695.38,694.54,695.16,194.942
1788061500000,695.08,695.08,694.72,694.73,9.733
1788062400000,694.73,695.2,694.31,694.77,349.125
1788063300000,694.77,694.84,693.52,693.55,784.013
1788064200000,693.5,693.52,692.99,692.99,390.763
1788065100000,692.8,693.54,692.24,693.54,4.412
1788066000000,693.63,694.63,693.63,694.13,16.171
1788066900000,694.29,694.45,693.77,694.45,6.366
1788067800000,694.39,694.47,694.06,694.06,11.486
1788068700000,694.08,694.36,694.05,694.36,2.303
1788069600000,694.38,694.38,693.55,693.57,15.415
1788070500000,693.63,694.33,693.63,694.31,34.683
1788071400000,694.33,694.51,693.72,693.85,19.898
1788072300000,693.93,694.5,693.86,694.4,40.638
1788073200000,694.67,695.01,693.87,693.92,12.889
1788074100000,693.84,693.96,693.66,693.66,0.754
1788075000000,693.6,693.6,693.08,693.26,34.38
1788075900000,693.5,693.58,693.04,693.17,3.418
1788076800000,693.11,693.65,692.89,692.89,8.643
1788077700000,692.94,693.34,692.87,693.12,4.065
1788078600000,693.01,693.01,692.11,692.32,14.115
1788079500000,692.31,694.11,692.14,693.9,53.695
1788080400000,693.9,694.87,693.9,694.35,754.824
1788081300000,694.36,694.45,692.62,692.62,68.523
1788082200000,692.77,693.22,691.54,692.13,33.922
1788083100000,692.1,692.11,691.41,691.8,9.057
1788084000000,691.79,692.24,691.6,691.61,4.496
1788084900000,691.67,692.13,691.54,691.68,18.119
1788085800000,692.12,692.15,691.89,692.14,4.933
1788086700000,692.14,692.33,692.14,692.33,7.441
1788087600000,692.32,694.07,692.31,693.86,65.628
1788088500000,693.86,693.89,693.62,693.68,6.725
1788089400000,693.78,693.89,693.42,693.42,51.276
1788090300000,693.64,693.64,692.6,692.7,15.325
1788091200000,693.01,695.77,693.01,695.57,182.336
1788092100000,695.52,695.52,694.48,695.02,23.071
1788093000000,695.12,695.87,694.8,695.11,12.187
1788093900000,695.21,696.31,694.84,696.31,28.366
1788094800000,696.4,696.4,695.36,695.42,29.588
1788095700000,695.5,697.6,695.41,697.45,213.557
1788096600000,697.29,698.08,696.54,697.97,49.332
1788097500000,698.12,699.96,698.06,699.51,85.255
1788098400000,699.27,699.51,698.49,699.3,76.603
1788099300000,699.3,699.3,698.3,698.61,29.22
1788100200000,698.67,699,697.34,698,30.558
1788101100000,697.69,698.79,697.59,698.47,87.6
1788102000000,698.59,698.78,696.82,696.82,14.111
1788102900000,696.87,698.77,696.56,698.67,28.92
1788103800000,698.34,699.34,698.32,698.69,139.879
1788104700000,698.9,699.79,698.9,699.33,74.165
1788105600000,699.4,702.07,698.9,701.52,189.467
1788106500000,701.44,703.03,701.2,702.22,134.965
1788107400000,702.19,704.15,702.02,702.89,64.652
1788108300000,703.33,703.68,702.41,703.56,59.855
1788109200000,703.65,703.65,702.34,702.49,460.957
1788110100000,702.49,702.49,698.43,699.45,732.675
1788111000000,699.45,700.85,699.32,700.76,182.852
1788111900000,700.77,701.11,700.34,701.11,265.955
1788112800000,701.25,701.54,700.03,700.26,413.588
1788113700000,700.45,702.01,700.45,702.01,129.383
1788114600000,702.07,702.91,702.07,702.54,251.767
1788115500000,702.47,702.48,701.8,702.02,236.253
1788116400000,702.15,702.17,701.04,701.8,141.306
1788117300000,701.81,701.9,700.39,700.42,72.035
1788118200000,700.42,700.66,699.11,699.14,185.125
1788119100000,699.01,699.85,698.59,699.68,25.327
1788120000000,699.98,700.38,699.92,699.92,26.597
1788120900000,700.06,700.09,699.72,699.91,4.453
1788121800000,699.59,699.92,696.6,696.84,48.401
1788122700000,697.03,698.98,697.03,697.78,40.816
1788123600000,697.62,697.62,693.58,696.21,203.958
1788124500000,696.28,696.83,695.57,696.83,50.108
1788125400000,696.97,697.73,696.46,696.71,39.948
1788126300000,696.7,697.11,696.21,697.11,35.216
1788127200000,697.11,697.98,695.57,695.69,76.817
1788128100000,695.58,695.63,693.91,694.4,55.457
1788129000000,694.2,694.98,692.51,694.35,76.756
1788129900000,694.2,694.31,693.08,693.89,54.635
1788130800000,693.8,693.82,692.84,693.08,94.409
1788131700000,693.08,693.29,686.06,686.06,316.493
1788132600000,686.34,688.37,682.81,683.59,649.042
1788133500000,683.46,685.13,678.34,684.69,959.096
1788134400000,684.26,685.56,682.31,684.71,278.75
1788135300000,684.17,687.21,684.17,686.83,23.316
1788136200000,686.58,688.38,686.41,686.93,86.841
1788137100000,686.9,687.13,686.03,686.03,12.715
1788138000000,685.8,686.34,683.62,684.13,64.563
1788138900000,684.23,685.59,683.68,685.38,17.013
1788139800000,685.27,685.99,684.04,684.04,19.667
1788140700000,684.07,684.72,682.31,682.54,11.929
1788141600000,682.56,685.55,682.06,685.55,15.383
1788142500000,685.29,685.33,684.3,684.85,10.302
1788143400000,684.64,685.14,683.57,683.65,6.613
1788144300000,683.66,683.93,682.02,683.09,23.95
1788145200000,683.17,684.64,682.84,684.27,18.924
1788146100000,684.11,684.82,683.47,684.67,12.436
1788147000000,684.5,686.48,684.22,686.38,35.193
1788147900000,686.45,686.48,685.13,685.14,8.529
1788148800000,685.19,685.19,683.6,683.61,100.536
1788149700000,683.69,683.74,682.67,682.84,40.366
1788150600000,682.8,683.45,682.74,683.27,30.835
1788151500000,683.08,684.02,682.85,683.42,296.791
1788152400000,683.42,684.64,682.9,684.51,46.179
1788153300000,684.32,687.08,684.32,686.34,27.671
1788154200000,686.51,686.86,685.62,686.49,163.031
1788155100000,686.49,686.85,686.15,686.81,153.606
1788156000000,686.16,686.84,685.7,686.46,48.478
1788156900000,687.07,687.78,686.15,686.6,38.205
1788157800000,686.45,686.66,685.86,686.1,12.244
1788158700000,685.98,686.77,685.98,686.29,19.456
1788159600000,686.29,687.06,686.29,686.57,22.031
1788160500000,686.79,687.82,686.79,687.32,23.546
1788161400000,687.14,687.51,686.68,687.32,55.718
1788162300000,687.28,687.9,685.99,686.61,79.165
1788163200000,686.28,686.67,684.83,685.89,81.492
1788164100000,685.86,686.07,684.6,685.3,26.976
1788165000000,685.31,687.86,685.31,687,45.318
1788165900000,686.77,687.37,686.21,687.19,167.456
1788166800000,687.2,689.15,687.2,687.69,62.386
1788167700000,687.73,688.41,687.49,687.86,126.691
1788168600000,687.86,687.86,686.98,687.57,37.242
1788169500000,687.66,688.09,686.06,686.15,112.382
1788170400000,686.31,686.32,685.05,686.31,109.913
1788171300000,686.26,686.26,685.63,685.92,36.328
1788172200000,685.6,687.08,685.51,687.08,38.232
1788173100000,687.08,689.49,687.08,689.04,204.568
1788174000000,688.96,688.97,687.85,688.28,63.567
1788174900000,688.28,688.65,687.42,687.46,29.833
1788175800000,687.48,687.48,686.75,687.02,116.318
1788176700000,687.18,687.32,686.79,686.97,30.739
1788177600000,686.97,689.03,686.87,688.23,19.676
1788178500000,688.21,688.86,686.71,687.35,96.57
1788179400000,686.74,686.98,684.16,685.83,38.546
1788180300000,685.77,686.09,685.16,686.03,34.519
1788181200000,686.27,687.21,685.88,686.62,52.548
1788182100000,686.52,686.64,685.68,686.21,41.522
1788183000000,686.48,687.36,684.98,686.11,45.63
1788183900000,686.05,686.46,684.82,684.99,434.069
1788184800000,685.41,686.28,684.97,685.47,32.124
1788185700000,685.12,686.36,684.66,686.22,30.329
1788186600000,686.07,691.38,686.02,690.37,177.846
1788187500000,690.33,690.78,689.66,690.4,19.927
1788188400000,690.59,690.89,688.52,688.55,134.862
1788189300000,688.51,689.32,687.84,689.02,21.45
1788190200000,689.22,690.83,688.7,690.83,9.607
1788191100000,690.81,690.81,689.24,689.24,18.344
1788192000000,689.45,690.14,688.97,689.41,8.55
1788192900000,689.06,689.22,687.93,688.4,10.888
1788193800000,688.37,689.73,688.34,689.68,28.603
1788194700000,689.5,690.39,689.01,689.06,73.877
1788195600000,689.05,689.75,688.88,689.69,5.153
1788196500000,689.6,689.74,688.53,688.77,10.638
1788197400000,688.97,691.59,688.87,691.08,49.53
1788198300000,691.22,693.02,691.22,693,254.367
1788199200000,692.61,693.09,692.04,693.09,58.238
1788200100000,693.1,693.93,691.99,692.38,55.434
1788201000000,692.23,694.55,692.22,694.39,74.129
1788201900000,693.27,693.76,692.91,693.29,6.928
1788202800000,692.86,694.57,692.86,693.86,29.8
1788203700000,693.82,693.82,692.12,692.28,25.406
1788204600000,692.37,692.48,691.57,691.81,54.346
1788205500000,691.9,692.32,691.26,691.8,12.41
1788206400000,691.7,692.03,691.21,691.55,14.331
1788207300000,691.55,692.96,691.4,691.4,35.318
1788208200000,691.41,691.54,690.23,691.11,5.216
1788209100000,691.19,691.28,690.56,691.08,17.69
1788210000000,691.21,691.26,690.2,690.72,10.874
1788210900000,690.57,691.4,690.42,691.4,12.895
1788211800000,691.42,692.44,691.42,692.44,11.646
1788212700000,692.45,692.87,692.45,692.55,3.828
1788213600000,692.7,692.89,691.79,691.79,3.902
1788214500000,691.62,691.62,691.02,691.07,8.85
1788215400000,691.04,691.29,690.77,691,96.957
1788216300000,690.9,691.17,690.66,691.08,18.188
1788217200000,690.88,690.92,690.04,690.68,6.539
1788218100000,690.59,690.9,690.56,690.87,23.235
1788219000000,690.89,691.27,690.72,690.93,5.952
1788219900000,690.87,691.36,690.83,691.36,5.551
1788220800000,691.38,692.86,691.2,692.85,149.602
1788221700000,692.83,693.61,692.83,692.92,6.163
1788222600000,692.87,693.22,692.21,693.09,22.445
1788223500000,693.11,693.99,692.77,692.99,12.234
1788224400000,693.29,694.03,692.43,692.45,13.86
1788225300000,692.4,692.68,691.08,691.45,13.47
1788226200000,691.42,692.77,690.74,692.77,13.279
1788227100000,692.66,692.66,691.15,691.4,12.697
1788228000000,691.47,691.47,690.2,690.62,16.501
1788228900000,690.81,690.9,690.17,690.32,40.263
1788229800000,690.36,691.43,690.31,691.11,3.028
1788230700000,691.27,692.26,691.11,692.21,12.485
1788231600000,692.28,692.9,692.1,692.47,27
1788232500000,692.47,692.75,692.11,692.39,7.185
1788233400000,692.39,694.57,692.39,693.94,22.278
1788234300000,693.86,693.87,693.27,693.41,33.684
1788235200000,693.26,693.85,692.86,692.9,26.919
1788236100000,692.91,693.77,692.91,693.46,47.658
1788237000000,693.39,693.39,692.41,692.43,5.477
1788237900000,692.42,692.72,691.88,692.08,4.567
1788238800000,691.96,693.31,691.87,692.12,7.64
1788239700000,692.11,692.72,691.19,692.72,17.179
1788240600000,692.57,694,692.57,693.85,2.162
1788241500000,693.56,694.15,693.17,693.7,26.96
1788242400000,693.51,693.66,692.21,692.25,3.961
1788243300000,692.18,692.18,690.5,690.93,23.229
1788244200000,690.94,691.22,690.49,691.13,43.57
1788245100000,691.15,691.15,690.05,690.27,19.661
1788246000000,690.27,690.59,689.84,689.84,18.111
1788246900000,689.81,690.19,689.16,689.22,38.715
1788247800000,689.33,689.84,688.84,689.77,6.131
1788248700000,689.83,690.33,689.68,690.33,7.809
1788249600000,690.37,690.46,688.43,688.61,29.482
1788250500000,688.79,688.83,686.29,686.29,184.012
1788251400000,686.3,687.31,685.81,686.62,65.34
1788252300000,686.7,687.21,685.99,686.12,9.459
1788253200000,686.45,686.71,685.41,686.11,138.801
1788254100000,686.06,686.22,685.32,686.1,80.556
1788255000000,686.01,686.58,685.25,686.58,11.521
1788255900000,686.48,686.48,685.81,685.85,15.001
1788256800000,685.85,686.29,685.34,685.82,14.094
1788257700000,686.15,687.14,685.65,686.91,41.89
1788258600000,687.17,688.14,687.11,687.74,38.402
1788259500000,687.66,687.75,686.23,686.49,74.417
1788260400000,686.33,686.33,685.68,685.91,10.849
1788261300000,685.97,686.34,685.77,686.23,30.549
1788262200000,686.15,687.68,685.98,687.32,57.9
1788263100000,687.21,687.64,686.72,687.06,7.272
1788264000000,687.07,687.07,686.22,686.5,28.792
1788264900000,686.66,686.91,685.93,686.64,11.699
1788265800000,686.54,686.54,684.38,686.14,77.544
1788266700000,686.22,687.21,686.14,686.33,11.972
1788267600000,686.28,686.28,683.3,685.33,123.353
1788268500000,685.32,685.95,685.14,685.8,45.042
1788269400000,685.81,686.81,683.58,685.7,127.348
1788270300000,685.53,687.14,685.41,686.77,88.316
1788271200000,687.22,688.43,686.56,687.39,60.554
1788272100000,687.57,688.01,686.69,687.24,142.234
1788273000000,687.24,687.84,687.03,687.66,12.572
1788273900000,688.24,688.39,686.88,686.89,7.592
1788274800000,686.3,686.3,684.65,685.11,30.021
1788275700000,685.27,685.72,684.79,685.69,5.3
1788276600000,685.8,686.59,685.53,686.57,6.946
1788277500000,686.71,687.3,686.67,686.67,7.279
1788278400000,686.54,686.59,684.7,684.75,14.782
1788279300000,684.77,684.93,683.53,684.75,15.198
1788280200000,684.42,684.5,682.49,683.32,11.697
1788281100000,683.56,684.05,683.56,683.74,9.169
1788282000000,683.67,684.07,683.49,683.65,9.115
1788282900000,683.48,684.74,683.09,684.64,10.454
1788283800000,684.58,685.71,684.39,685.14,15.646
1788284700000,684.99,685.2,682.31,682.56,50.384
1788285600000,682.63,682.91,681.1,681.39,640.892
1788286500000,681.55,681.55,678.23,679.32,219.693
1788287400000,678.94,679.32,675,675,321.3
1788288300000,675,679.35,674.39,679.28,419.365
1788289200000,679.35,680.66,679.13,679.5,45.006
1788290100000,679.67,681.37,679.67,680.99,16.369
1788291000000,681.16,681.29,680.2,680.28,123.183
1788291900000,680.23,680.23,679.18,679.56,3.471
1788292800000,679.79,680.41,679.05,680.41,18.24
1788293700000,680.71,681.09,680.22,680.5,96.154
1788294600000,680.52,680.68,680.02,680.14,6.871
1788295500000,680.15,680.86,679.45,680.68,12.693
1788296400000,680.77,681.26,677.99,678.27,105.129
1788297300000,678.26,680.59,677.56,680.11,33.66
1788298200000,680.07,680.07,679.07,679.74,27.87
1788299100000,679.81,680.73,679.81,680.51,6.541
1788300000000,680.36,681.17,680.25,680.71,9.777
1788300900000,680.72,680.72,679.45,679.45,14.544
1788301800000,679.44,679.6,679.1,679.41,18.716
1788302700000,679.85,681.14,679.85,680.78,20.66
1788303600000,680.85,681.39,680.32,681.06,18.996
1788304500000,680.89,681.26,680.65,681.26,15.186
1788305400000,681.47,683.85,681.47,683.3,123.332
1788306300000,683.3,683.64,682.87,682.96,36.881
1788307200000,682.86,687.06,682.7,685.93,79.2
1788308100000,685.71,686.05,682.62,682.68,72.924
1788309000000,683.12,685.04,682.72,684.23,133.335
1788309900000,684.39,684.87,683.65,683.65,7.89
1788310800000,683.62,684.46,682.92,684.09,17.616
1788311700000,684.36,684.69,683.28,683.34,7.296
1788312600000,683.17,683.73,681.06,681.27,21.047
1788313500000,681.37,682.21,679.36,682.21,21.786
1788314400000,682.18,683.57,681.18,683.06,20.272
1788315300000,683.05,685.14,683.05,685.14,20.657
1788316200000,685.15,685.15,684.54,684.87,18.48
1788317100000,684.87,685.4,684.87,685.39,33.01
1788318000000,685.16,688.46,684.99,687.69,67.594
1788318900000,687.64,689.31,687.38,688.42,50.915
1788319800000,688.11,688.36,687.22,687.76,11.983
1788320700000,687.63,688.04,686.93,687.28,16.282
1788321600000,687.21,687.34,686.08,686.4,21.843
1788322500000,686.35,686.63,685.76,686.54,11.928
1788323400000,686.57,687.34,686.57,687.04,12.069
1788324300000,687.09,687.56,686.89,687.47,67.735
1788325200000,687.52,687.83,686.26,687.67,39.196
1788326100000,687.64,689.93,687.63,689.4,1057.188
1788327000000,689.23,689.42,688.5,688.82,15.576
1788327900000,688.77,689.24,688.35,688.84,13.043
1788328800000,689.23,689.29,688.27,688.31,35.752
1788329700000,688.37,688.52,686.88,686.88,47.493
1788330600000,686.71,688.16,686.69,687.9,16.013
1788331500000,687.87,687.9,687.34,687.78,21.505
1788332400000,688,689.04,687.91,688.57,62.597
1788333300000,688.69,688.71,687.91,688.07,42.721
1788334200000,688.22,688.58,688.16,688.29,10.67
1788335100000,688.08,688.39,687.36,687.47,16.818
1788336000000,687.52,687.98,686.73,687.17,18.406
1788336900000,687.25,687.41,686.22,686.22,111.627
1788337800000,686.06,686.07,684.15,684.31,85.897
1788338700000,684.26,684.69,682.71,683.33,77.649
1788339600000,683.33,685.5,683.28,685.12,163.466
1788340500000,685.12,686.55,684.13,685.82,118.01
1788341400000,685.57,685.57,681.63,681.87,48.494
1788342300000,681.9,683.35,681.38,683.2,29.754
1788343200000,683.36,683.37,681.59,682.31,749.117
1788344100000,682.38,683.7,682.38,682.77,239.162
1788345000000,682.76,682.95,681.66,682.43,182.25
1788345900000,682.48,682.75,680.04,682.62,417.497
1788346800000,682.51,682.6,680.93,681.9,239.11
1788347700000,682.63,682.63,680.55,681.46,152.187
1788348600000,681.46,684.01,681.46,683.43,901.712
1788349500000,683.44,683.68,682.9,683.65,752.292
1788350400000,683.65,683.66,682.61,683.28,222.077
1788351300000,683.28,685.31,682.86,684.91,257.914
1788352200000,684.86,684.86,683.61,683.75,125.899
1788353100000,683.75,683.75,682.63,682.83,98.76
1788354000000,682.82,684.57,682.82,683.67,245.898
1788354900000,683.6,684.79,683.56,684.63,374.825
1788355800000,684.38,688.85,683.34,688.75,685.116
1788356700000,688.75,689.5,686.27,687.01,495.017
1788357600000,687.01,688.35,686.63,688.18,364.647
1788358500000,688.18,689.04,687.17,687.66,348.946
1788359400000,687.54,688.08,685.99,687.97,415.394
1788360300000,687.88,687.93,685.74,685.75,237.001
1788361200000,685.75,686.79,683.58,683.9,353.762
1788362100000,684,686.03,683.88,685.81,242.746
1788363000000,685.85,687.83,685.37,687.58,104.746
1788363900000,687.81,687.81,686.46,687.3,29.88
1788364800000,687.09,688.26,687.06,687.91,35.918
1788365700000,688.06,688.87,687.65,688.33,14.813
1788366600000,688.29,688.61,686.71,686.71,93.675
1788367500000,686.66,686.95,685.95,685.95,8.705
1788368400000,686.07,686.32,684.98,685.36,26.129
1788369300000,685.5,685.51,684.57,685.26,26.073
1788370200000,685.55,686.8,685.52,686.8,32.199
1788371100000,686.88,687.74,686.86,687.42,8.918
1788372000000,687.48,687.48,686.84,686.98,7.771
1788372900000,687.05,687.61,686.67,686.67,7.817
1788373800000,686.89,687.13,686.09,686.34,14.815
1788374700000,686.08,686.98,685.95,686.82,1.494
1788375600000,686.8,687.54,686.56,687.54,7.147
1788376500000,687.27,687.3,685.54,685.54,7.966
1788377400000,685.33,685.89,685.15,685.72,5.298
1788378300000,685.75,686.13,685.31,686.1,7.595
1788379200000,686.31,687.71,686.23,687.01,40.409
1788380100000,686.65,687.61,686.09,686.9,1.913
1788381000000,686.87,687.84,686.61,686.76,35.87
1788381900000,686.73,687.75,686.49,687.45,10.406
1788382800000,687.33,687.9,687.19,687.54,17.196
1788383700000,687.61,687.84,687.24,687.38,1.685
1788384600000,687.52,688.34,687.07,687.92,23.786
1788385500000,687.8,687.8,686.91,686.93,69.238
1788386400000,686.85,687.2,685.95,686.45,9.585
1788387300000,686.37,686.39,685.23,685.37,3.499
1788388200000,685.68,686.64,685.66,686.57,3.443
1788389100000,686.54,686.54,685.91,685.91,85.759
1788390000000,685.91,687.38,685.74,687.09,18.884
1788390900000,687.15,687.16,686.53,686.86,17.534
1788391800000,686.86,687.41,686.61,686.61,9.067
1788392700000,686.61,688.7,686.61,688.7,185.178
1788393600000,688.7,689.87,687.81,688.07,298.428
1788394500000,688.07,688.11,687.4,687.4,57.657
1788395400000,687.52,687.63,686.36,687.22,54.493
1788396300000,687.23,687.78,687.04,687.36,23.001
1788397200000,687.01,689.49,686.11,689.49,64.813
1788398100000,689.1,691.04,689.03,690.76,107.119
1788399000000,691.01,691.97,690.33,690.79,54.388
1788399900000,690.79,690.83,689.99,690,7.585
1788400800000,689.99,691.17,689.62,691.17,17.125
1788401700000,691.05,691.97,690.87,691.97,21.44
1788402600000,691.92,693.82,691.52,693.78,1117.128
1788403500000,693.76,694.67,693.52,693.93,471.974
1788404400000,693.93,693.94,692.48,693.74,284.766
1788405300000,693.24,693.24,692.27,692.27,11.064
1788406200000,692.18,692.49,691.57,691.67,9.08
1788407100000,691.61,692.42,691.61,692.33,36.419
1788408000000,692.42,694.16,692.4,692.4,644.069
1788408900000,692,692.3,691.74,691.81,2.531
1788409800000,692.23,692.57,691.92,691.98,6.41
1788410700000,692.26,694.43,692.23,694.32,20.95
1788411600000,694.55,694.68,692.9,692.9,13.487
1788412500000,693.18,693.23,689.57,690.45,33.531
1788413400000,690.38,693.38,690.38,693.15,120.83
1788414300000,692.96,695.37,692.67,695.15,84.123
1788415200000,695.22,695.37,694.82,694.96,36.38
1788416100000,694.85,696.82,694.83,696.72,85.947
1788417000000,696.55,697.09,695.78,697.05,104.316
1788417900000,697.09,698.62,696.98,697.84,335.436
1788418800000,697.69,699.6,697.69,698.32,692.759
1788419700000,698.35,698.46,697.29,697.8,12.075
1788420600000,697.64,699,696.86,698.15,21.675
1788421500000,698.57,698.65,696.9,698.03,74.958
1788422400000,698.47,701.88,698.47,701.44,770.383
1788423300000,701.59,703.01,701.36,703.01,113.536
1788424200000,703.17,703.3,701.39,701.67,127.854
1788425100000,701.84,702.14,700.74,701.15,237.308
1788426000000,701.47,702.61,700.93,701.75,53.121
1788426900000,701.88,702.95,701.85,701.89,396.543
1788427800000,701.64,701.76,700.51,701.71,96.867
1788428700000,702.18,702.64,700.76,700.85,37.513
1788429600000,700.65,702.72,700.65,701.26,29.448
1788430500000,701.58,704.69,701.16,702.81,457.043
1788431400000,702.54,702.62,701.07,702.11,10.841
1788432300000,702.66,705.92,702.44,705.38,149.798
1788433200000,705.44,707.15,704.98,706.34,145.273
1788434100000,706.37,712.28,706.37,711.78,486.56
1788435000000,712.04,713.75,709.7,713.75,544.168
1788435900000,713.81,715.68,711.42,711.83,233.327
1788436800000,711.62,712.52,710.79,711.19,77.697
1788437700000,710.92,712.43,710.83,711.51,32.913
1788438600000,711.54,715.32,711.3,712.76,109.153
1788439500000,713.36,714.97,713.32,714.13,127.159
1788440400000,713.99,715,712.22,712.32,921.399
1788441300000,712.46,712.83,711.32,711.95,56.918
1788442200000,711.94,713.05,708.99,712.01,152.081
1788443100000,712.03,712.72,711.26,711.81,31.805
1788444000000,711.29,713.63,711.18,713.33,389.408
1788444900000,713.45,717.42,713.45,717.26,97.747
1788445800000,717.06,719.95,716.5,719.07,509.538
1788446700000,719.03,722.85,719.03,722.56,548.503
1788447600000,722.47,724.12,718.87,719.81,278.146
1788448500000,719.88,720.16,718.45,719.38,41.625
1788449400000,719.07,721.63,718.81,720.64,51.521
1788450300000,720.77,728.25,720.42,727.81,197.812
1788451200000,728.14,728.18,722.06,722.17,281.478
1788452100000,722,722.04,719.25,719.83,125.345
1788453000000,719.83,721.52,719.83,721.4,60.502
1788453900000,721.25,722.89,721.25,722.32,41.931
1788454800000,722.12,722.7,721.94,722.69,12.463
1788455700000,722.31,722.32,720.14,720.24,69.603
1788456600000,720.77,722.11,720.48,721.97,21.186
1788457500000,721.88,722.82,721.67,721.84,8.114
1788458400000,722.06,723.07,721.59,722.48,110.725
1788459300000,722.21,722.38,720.54,720.54,29.235
1788460200000,720.43,720.79,720.08,720.55,6.732
1788461100000,720.8,722.5,720.8,722.3,35.325
1788462000000,722.25,724.38,721.53,721.53,41.645
1788462900000,721.53,724.67,721.33,724.67,116.272
1788463800000,724.69,725,723.79,724.47,94.507
1788464700000,724.77,724.77,722.95,724.65,60.568
1788465600000,724.81,725.03,722.71,723.69,51.389
1788466500000,723.29,724.48,722.82,724.48,108.029
1788467400000,724.03,724.98,722.77,724.59,117.306
1788468300000,724.57,725,724.2,724.37,138.736
1788469200000,724.85,725.67,723.45,725.67,42.623
1788470100000,725.59,726.07,724.59,725.32,91.946
1788471000000,725.39,727.76,724.42,724.42,44.736
1788471900000,724.49,726.12,723.91,725.11,47.782
1788472800000,725.31,725.61,724.03,724.68,280.697
1788473700000,724.86,725.44,722.33,722.33,63.972
1788474600000,722.55,723.12,720.77,723.12,41.448
1788475500000,723.16,723.98,722.77,723.7,19.934
1788476400000,723.61,724.49,723.36,723.97,64.329
1788477300000,723.71,724.7,723.7,724.69,31.626
1788478200000,724.81,725.46,724.01,724.62,102.198
1788479100000,724.62,725.49,724.1,725.36,57.955
1788480000000,725.37,725.73,724.53,725.73,201.501
1788480900000,725.9,728.08,725.9,726.29,98.411
1788481800000,726.31,730.23,726.2,728.34,241.726
1788482700000,728.2,728.2,721.83,722.08,89.692
1788483600000,722.05,723.71,721.86,722.24,22.399
1788484500000,722.46,723.17,719.83,720.15,547.356
1788485400000,720.23,720.71,719.11,719.36,19.398
1788486300000,719.47,722.62,719.47,722.29,14.255
1788487200000,722.22,722.24,721.4,721.66,10.681
1788488100000,721.85,722.48,720.51,721.21,72.982
1788489000000,722.33,723.64,721.66,723.64,10.887
1788489900000,722.94,724.35,722.44,724.3,16.559
1788490800000,724.34,725.17,724.17,724.89,29.592
1788491700000,724.95,725.03,724.26,724.41,3.819
1788492600000,725.18,725.18,723.97,724.43,7.423
1788493500000,724.25,724.59,723.75,723.78,30.334
1788494400000,723.68,724.62,723.68,724.62,27.309
1788495300000,724.84,729.36,724.84,729.16,116.26
1788496200000,728.9,729.08,725.66,726.08,56.109
1788497100000,726.07,726.67,725.91,726.2,31.933
1788498000000,725.75,726.51,725.06,725.06,8.718
1788498900000,725.01,725.55,724.29,724.3,90.598
1788499800000,724.03,725.03,723.52,724.34,79.232
1788500700000,724.51,725.01,723.03,724.93,9.104
1788501600000,724.67,725.06,723.89,724.26,7.545
1788502500000,723.98,723.98,721.23,721.37,11.049
1788503400000,720.88,721.39,719.96,721.39,26.521
1788504300000,721.47,721.47,719.79,720.53,102.651
1788505200000,720.3,722.58,720.3,722.33,416.728
1788506100000,722.1,722.12,721.07,721.07,265.981
1788507000000,721.08,721.08,715.64,716.39,775.663
1788507900000,716.4,716.57,714.42,714.69,497.41
1788508800000,714.81,716.87,714.09,716.67,346.45
1788509700000,716.71,718.43,716.63,718.43,226.875
1788510600000,718.43,718.66,717.34,717.56,330.282
1788511500000,717.65,719.81,716.54,719.63,681.006
1788512400000,719.64,720.4,719.25,720.13,682.351
1788513300000,720.13,721.13,717.76,718.63,513.171
1788514200000,718.65,720.16,718.16,719.27,115.78
1788515100000,719.35,719.74,718.96,719.08,72.665
1788516000000,718.91,719.06,717.04,717.18,138.138
1788516900000,717.09,719.61,716.11,719.6,123.448
1788517800000,719.33,722.26,719.33,721.51,44.925
1788518700000,721.31,722.53,720.84,722.53,59.028
1788519600000,722.64,724.12,722.19,723.68,79.132
1788520500000,723.69,725,723.57,724.96,251.983
1788521400000,724.95,725.12,724.42,725.12,305.113
1788522300000,725.19,725.5,724.41,724.89,176.316
1788523200000,724.89,726.74,724.25,726.54,450.749
1788524100000,726.54,728.08,724.93,727.97,1266.7
1788525000000,727.96,727.96,712.47,716.28,2857.862
1788525900000,716.19,717.21,710.89,715.33,2387.589
1788526800000,715.42,717.04,713.99,714.36,1273.995
1788527700000,714.55,716.87,714.22,715.17,477.67
1788528600000,715.92,716.78,712.43,716.16,130.203
1788529500000,716.36,719.09,715.09,715.43,77.679
1788530400000,715.44,716.6,714.69,716.21,27.933
1788531300000,716.22,716.53,713.11,714.9,1221.796
1788532200000,714.96,716.01,710.73,711.88,201.587
1788533100000,711.92,712.92,708.78,711.75,600.266
1788534000000,711.69,714.95,710.91,714.94,33.268
1788534900000,714.98,716.76,714.76,716.49,33.773
1788535800000,716.59,718.05,716.3,717.89,747.613
1788536700000,717.69,717.78,716.43,717.11,101.092
1788537600000,716.95,718.39,716.59,717.35,110.721
1788538500000,717.15,718.67,717.15,718.39,25.964
1788539400000,718.53,721.23,718.53,721.23,102.072
1788540300000,721,721.75,719.79,719.79,230.656
1788541200000,719.79,719.91,718.7,718.7,49.339
1788542100000,718.55,718.55,717.55,717.55,53.983
1788543000000,717.8,718.16,717.36,717.87,9.65
1788543900000,717.86,717.86,716.58,717.29,91.467
1788544800000,717.14,718.4,716.82,716.84,223.547
1788545700000,717.11,718.65,717.11,718.31,8.716
1788546600000,718.31,719.14,718.31,718.95,5.844
1788547500000,718.95,719.18,718.39,719.12,2.436
1788548400000,719.25,720.5,719.25,719.95,513.639
1788549300000,720,721.68,720,721.66,28.844
1788550200000,721.43,721.59,720.63,720.82,55.267
1788551100000,720.83,721.43,719.88,720.56,30.781
1788552000000,720.33,721.51,720.2,720.4,11.918
1788552900000,720.34,720.79,719.54,719.56,12.78
1788553800000,719.57,719.9,719.27,719.5,46.311
1788554700000,719.4,719.41,718.63,718.68,38.159
1788555600000,718.68,719.47,718.44,719.47,153.169
1788556500000,719.38,719.64,718.22,718.65,46.585
1788557400000,718.84,719.27,718.44,718.61,19.612
1788558300000,718.5,718.91,716.61,717.52,105.702
1788559200000,717.59,718.4,717.59,717.98,21.422
1788560100000,718.39,718.71,718.07,718.69,3.335
1788561000000,718.69,719,718.27,719,6.807
1788561900000,718.75,719.24,718.51,719,53.221
1788562800000,718.79,719.62,718.62,719.55,5.184
1788563700000,719.61,721.27,719.2,720.91,142.336
1788564600000,720.99,721.46,720.53,721.43,78.596
1788565500000,721.32,721.61,720.89,721.59,18.406
1788566400000,721.54,722.08,721.24,721.85,102.587
1788567300000,721.22,721.22,720.19,720.25,23.07
1788568200000,720.41,720.87,719.43,720.78,1031.453
1788569100000,720.83,720.83,719.49,719.73,61.151
1788570000000,719.72,720.39,719.47,719.53,435.814
1788570900000,719.6,722.7,719.6,722.57,133.122
1788571800000,722.43,723.79,722.43,722.58,33.849
1788572700000,722.84,722.84,720.52,720.52,9.156
1788573600000,720.66,721.54,719.89,721.37,44.099
1788574500000,721.31,721.45,720.27,720.44,12.43
1788575400000,720.63,721.8,720.2,721.4,25.048
1788576300000,721.18,721.18,720.23,720.99,18.217
1788577200000,720.99,722.34,720.82,721.46,136.631
1788578100000,721.56,723.54,721.56,723.29,11.789
1788579000000,723.38,725.38,723.26,724.73,560.242
1788579900000,724.78,724.78,723.61,723.93,29.636
1788580800000,723.83,723.83,722.36,722.36,230.07
1788581700000,722.35,722.61,721.89,721.89,16.102
1788582600000,721.87,722.68,721.87,722.47,1.942
1788583500000,722.44,722.6,721.73,721.73,7.376
1788584400000,721.7,722.53,720.84,722.53,17.509
1788585300000,722.89,722.98,722.01,722.63,7.699
1788586200000,722.8,723.07,722.28,722.28,19.359
1788587100000,722.18,722.71,721.73,722.57,3.665
1788588000000,722.44,723.16,722.3,722.51,97.481
1788588900000,722.26,723.34,722.26,723.03,24.391
1788589800000,723.06,727.73,723.06,726.68,324.562
1788590700000,726.5,727.57,726.22,727.57,75.411
1788591600000,727.4,735.83,726.76,735.28,690.164
1788592500000,734.9,734.95,731.51,733.21,390.403
1788593400000,732.94,740.24,732.94,738.23,2692.518
1788594300000,737.9,739.95,737.8,738.72,125.208
1788595200000,738.76,743.93,738.76,741.07,1524.058
1788596100000,741.71,750.2,740.96,747.44,6097.239
1788597000000,747.6,752.74,746.62,750.83,3058.728
1788597900000,750.82,753.11,749.57,750.44,682.393
1788598800000,750.45,752.09,748.48,749.91,717.011
1788599700000,749.9,752.76,749.55,751.15,1118.094
1788600600000,751.14,751.71,744.16,748.76,1257.692
1788601500000,748.9,749,747.28,747.98,199.342
1788602400000,748.24,749.73,747.08,748.33,184.865
1788603300000,748.23,751.54,747.87,748.96,133.588
1788604200000,748.97,749.22,747.42,748.51,287.232
1788605100000,748.31,749.76,748.07,748.59,80.084
1788606000000,748.95,757.7,748.56,754.72,1060.546
1788606900000,754.63,754.64,751.95,753.14,179.408
1788607800000,753.16,753.27,747.53,747.59,982.607
1788608700000,747.51,748.7,745.85,748.19,430.807
1788609600000,748.59,752.91,748.59,752.9,834.559
1788610500000,752.95,758.29,752.95,757.09,1322.717
1788611400000,757.11,760.65,755.48,758.02,729.381
1788612300000,758.01,766.94,757.89,764.06,2495.208
1788613200000,764.12,769.04,763.03,768.35,2720.867
1788614100000,768.36,768.77,764.56,765,1856.59
1788615000000,765.1,767.44,763.64,765.49,991.47
1788615900000,765.59,766.16,760.15,761.59,806.57
1788616800000,761.57,764.84,761.04,764.72,574.098
1788617700000,764.68,766.32,762.65,766.3,206.656
1788618600000,766.73,770.82,764.04,765.67,956.833
1788619500000,765.72,770.92,765.72,770.73,304.037
1788620400000,770.69,773.18,769.54,769.6,824.089
1788621300000,769.85,771.17,766.95,767.21,474.32
1788622200000,767.14,768.47,766.45,767.45,121.724
1788623100000,767.39,772.28,766.71,770.5,317.333
1788624000000,770.65,771.57,768.56,771.57,186.791
1788624900000,771.53,774.7,770.89,771.66,466.543
1788625800000,771.89,774.27,771.37,774.23,359.655
1788626700000,773.96,777.97,773.16,773.98,1710.66
1788627600000,774.23,781.37,774.23,778.26,695.758
1788628500000,778.26,778.52,776.13,778.17,277.121
1788629400000,778.44,781.1,774.7,777.04,704.379
1788630300000,777.04,778.7,775.89,776.89,547.086
1788631200000,776.69,778.97,775.88,776.46,904.595
1788632100000,776.45,778.81,776.45,778.56,208.614
1788633000000,778.52,779.68,777.63,778.91,281.342
1788633900000,779.15,779.6,776.71,777.16,527.35
1788634800000,777.16,777.53,774.56,776.83,436.538
1788635700000,777.04,778.33,776.31,777.87,400.553
1788636600000,778.05,780.14,777.05,778.32,374.677
1788637500000,778.38,778.42,773.43,773.59,692.857
1788638400000,773.72,774.51,772.24,773.02,1256.624
1788639300000,772.95,773.23,769.3,770.76,4401.367
1788640200000,770.76,772.02,769.68,771.53,717.348
1788641100000,771.62,772.86,770.23,770.23,1326.821
1788642000000,770.32,771.94,769.87,770.83,397.654
1788642900000,770.87,771.69,769.86,769.97,330.908
1788643800000,769.96,772.47,769.6,771.88,988.874
1788644700000,771.81,772.21,771.24,771.24,437.54
1788645600000,771.49,771.64,770.14,771.25,458.443
1788646500000,771.3,771.3,770.04,770.7,388.376
1788647400000,770.45,770.82,769.35,769.89,457.443
1788648300000,769.67,771.98,769.01,770.39,596.455
1788649200000,770.53,770.9,763.8,764.97,794.683
1788650100000,764.83,766.28,764.67,765.51,1472.662
1788651000000,765.6,767.35,765.46,766.82,747.945
1788651900000,766.8,767.57,765.96,766.36,239.42
1788652800000,766.31,769.16,765.94,768.56,624.806
1788653700000,768.57,769.08,767.05,768.36,168.052
1788654600000,768.36,769.02,767.24,768.52,107.581
1788655500000,768.19,768.78,767.22,767.22,128.176
1788656400000,767.18,768.65,766.8,767.62,98.979
1788657300000,768.25,768.61,765,765.84,363.533
1788658200000,765.84,767.36,765.43,767.04,112.641
1788659100000,766.77,766.8,763.5,765.52,324.846
1788660000000,765.65,766.21,762.12,762.74,166.511
1788660900000,762.79,762.92,761.5,762.3,107.007
1788661800000,762.47,764.25,762.47,763.66,55.794
1788662700000,763.79,764.67,763.01,764.26,27.202
1788663600000,764.47,764.98,764.11,764.83,53.522
1788664500000,764.67,765.06,763.98,763.98,40.605
1788665400000,764.22,766.14,764.22,765.95,43.85
1788666300000,766.13,766.41,764.76,765.65,535.167
1788667200000,765.52,765.85,764.71,764.71,364.906
1788668100000,764.73,764.91,762.71,762.8,64.246
1788669000000,762.82,763.42,762.43,763.17,193.562
1788669900000,763.3,763.93,762.99,763.39,136.464
1788670800000,763.46,763.92,762.97,762.97,139.956
1788671700000,762.97,763.44,761.81,762.38,800.232
1788672600000,762.6,765.15,762.36,763.47,82.109
1788673500000,763.59,763.59,761.44,762.01,37.846
1788674400000,762.22,764.01,762.03,763.73,19.992
1788675300000,763.92,763.92,760.12,761.58,1526.182
1788676200000,761.59,762.08,760.79,762.08,24.085
1788677100000,762.22,762.22,760.52,760.52,227.741
1788678000000,760.57,761.29,756.94,757.84,789.33
1788678900000,758.05,759.33,756.74,756.74,1273.432
1788679800000,756.74,756.94,754.91,756.48,586.073
1788680700000,756.47,757.37,756.16,756.9,170.776
1788681600000,756.9,757.65,754.39,755.63,403.556
1788682500000,755.56,756.17,755.32,755.58,110.724
1788683400000,755.64,756.66,755.36,756.57,175.868
1788684300000,756.63,757.41,756.54,757.19,120.33
1788685200000,757.19,758.54,756.88,758.54,161.176
1788686100000,758.54,758.99,757.79,758.95,156.671
1788687000000,758.82,759.11,757.18,757.4,74.217
1788687900000,757.47,757.66,756.83,757.58,268.255
1788688800000,757.6,758.45,757.4,757.97,149.806
1788689700000,757.99,758.76,756.4,756.62,111.425
1788690600000,756.51,757.44,756.51,757.06,103.331
1788691500000,757.08,757.78,756.93,757.61,145
1788692400000,758.09,758.16,756.59,757.65,102.979
1788693300000,757.66,758.9,756.88,758.1,94.694
1788694200000,758.07,758.07,756.94,757.67,109.035
1788695100000,757.7,758.7,757.69,758.34,156.99
1788696000000,758.35,758.35,757.37,758.26,95.893
1788696900000,757.99,758.49,757.43,757.55,108.657
1788697800000,757.64,758.13,755.16,755.59,91.001
1788698700000,755.57,756.45,754.55,755.47,183.89
1788699600000,755.4,755.51,753.88,754.18,1272.49
1788700500000,754.18,754.32,751.42,751.58,580.447
1788701400000,751.59,752.2,751.33,751.95,231.6
1788702300000,751.95,752.5,750.82,751.42,173.582
1788703200000,751.42,751.42,747.8,748.38,587.265
1788704100000,748.68,748.81,744.18,744.87,2024.687
1788705000000,744.87,746.09,741.66,744.52,885.634
1788705900000,743.84,743.86,741.63,741.71,143.852
1788706800000,741.88,743.79,740.61,743.47,911.776
1788707700000,743.48,744.91,743.33,744.69,66.726
1788708600000,744.72,745.91,744.21,745.12,144.296
1788709500000,745.15,748.41,745.15,746.55,1951.942
1788710400000,746.44,747.62,745.63,747.45,70.944
1788711300000,747.51,748.68,746.31,748.33,143.517
1788712200000,747.8,749.15,747.5,748.1,76.275
1788713100000,748.1,748.36,747.55,748.29,180.542
1788714000000,748.03,748.36,747.28,748.12,79.618
1788714900000,748.23,749.06,747.23,747.53,185.907
1788715800000,747.33,748.79,747.28,748.28,69.239
1788716700000,748.31,749.02,747.47,748.72,109.701
1788717600000,748.72,749.03,748.22,748.61,133.05
1788718500000,748.75,750.18,748.4,749.8,155.118
1788719400000,749.78,750.62,749.49,749.99,245.83
1788720300000,750.05,750.44,749.58,750.18,33.335
1788721200000,750.24,751.08,750.24,750.98,49.869
1788722100000,751.03,751.07,750.01,750.15,38.212
1788723000000,750.15,750.15,749.32,749.68,105.844
1788723900000,749.43,750.1,749.15,749.78,91.619
1788724800000,749.8,750.55,749.59,750.21,99.936
1788725700000,750.21,751.33,749.64,751.27,498.316
1788726600000,751.27,751.94,751.16,751.42,20.936
1788727500000,751.49,752.33,751.49,752.17,67.517
1788728400000,752.21,753.94,752,752.93,180.353
1788729300000,753.16,754.78,753.16,753.57,887.368
1788730200000,753.44,754.23,752.64,752.91,71.423
1788731100000,752.87,753.68,751.78,752.07,63.835
1788732000000,752.02,752.29,750.04,750.32,568.499
1788732900000,750.14,750.32,748.84,749.83,173.407
1788733800000,749.83,752,749.81,751.54,172.456
1788734700000,751.26,752.72,750.96,752.13,192.965
1788735600000,752.18,754.42,752.01,753.02,90.923
1788736500000,752.91,754.24,752.39,752.85,379.317
1788737400000,752.91,755.23,752.7,754.47,152.638
1788738300000,754.59,755.63,752.8,753.66,153.879
1788739200000,753.71,757.1,752.43,755.39,993.513
1788740100000,755.23,755.46,752.08,753.2,38.295
1788741000000,753.14,753.57,751.89,753.15,89.222
1788741900000,753.13,753.81,750.44,750.92,46.663
1788742800000,750.85,751.3,748,748.6,39.337
1788743700000,748.54,748.54,746.68,747.51,40.154
1788744600000,747.34,748.22,746.22,746.5,183.925
1788745500000,746.73,749.28,745.91,749.18,434.759
1788746400000,749.08,749.56,747.9,748.75,73.6
1788747300000,748.78,753.75,748.78,752.87,485.578
1788748200000,752.8,756.26,752.71,754.74,480.507
1788749100000,754.84,754.84,748.22,748.22,22.687
1788750000000,749.1,750.56,748.63,749.42,14.26
1788750900000,749.69,749.9,748.15,748.35,421.789
1788751800000,748.53,748.53,745.75,745.98,35.129
1788752700000,746.16,747.01,745.17,746.79,478.225
1788753600000,746.72,747.18,746.07,746.98,258.792
1788754500000,746.98,747.86,746.65,746.94,6.068
1788755400000,746.8,746.91,745.82,746.76,37.502
1788756300000,746.88,747.56,746.27,747.46,23.484
1788757200000,747.18,748.28,747.18,747.27,34.973
1788758100000,747.64,749.39,747.64,748.82,13.079
1788759000000,748.63,750.47,748.61,749.99,234.442
1788759900000,750.07,750.78,749.11,749.11,420.34
1788760800000,749.14,749.71,748.75,749.57,107.95
1788761700000,749.68,749.68,746.97,747,35.029
1788762600000,747,747.29,745,745.58,398.891
1788763500000,745.59,746.25,745.59,745.83,6.906
1788764400000,745.83,745.99,744.69,745.03,71.025
1788765300000,745.04,745.3,743.08,743.08,158.016
1788766200000,743.08,744.01,741.91,742.26,11.02