timestamp,open,high,low,close,volume
1784260800000,0.072392,0.072392,0.072207,0.072217,623383
1784261700000,0.072228,0.072252,0.07199,0.072109,232977
1784262600000,0.072073,0.072288,0.072029,0.072261,98579
1784263500000,0.072261,0.072417,0.072244,0.072261,218130
1784264400000,0.072244,0.072245,0.07207,0.072241,469439
1784265300000,0.072196,0.072232,0.07193,0.07193,342938
1784266200000,0.071931,0.071978,0.071757,0.071802,502199
1784267100000,0.071755,0.071755,0.071396,0.071466,724306
1784268000000,0.071478,0.071746,0.071354,0.071559,792292
1784268900000,0.071543,0.071855,0.071504,0.071845,351188
1784269800000,0.071817,0.071939,0.071817,0.071842,294237
1784270700000,0.071817,0.071844,0.0717,0.071779,87505
1784271600000,0.071766,0.071844,0.071712,0.071712,260496
1784272500000,0.071733,0.071733,0.071583,0.071693,129001
1784273400000,0.071695,0.071757,0.07156,0.071678,54369
1784274300000,0.071627,0.071799,0.071627,0.071628,117468
1784275200000,0.071639,0.071737,0.071609,0.071684,467935
1784276100000,0.071661,0.071661,0.071251,0.07142,568216
1784277000000,0.071423,0.071423,0.071141,0.071364,396767
1784277900000,0.071372,0.071518,0.071283,0.071475,197484
1784278800000,0.071432,0.071559,0.071411,0.071559,295635
1784279700000,0.071563,0.071588,0.071478,0.071569,722789
1784280600000,0.071583,0.071711,0.071518,0.071676,980597
1784281500000,0.071684,0.071691,0.07161,0.07168,654964
1784282400000,0.07168,0.071946,0.071654,0.071941,453471
1784283300000,0.071938,0.071938,0.07178,0.071853,1406689
1784284200000,0.071833,0.071929,0.07183,0.071895,126731
1784285100000,0.071903,0.072018,0.071899,0.071952,1282270
1784286000000,0.071948,0.071993,0.071867,0.07187,185441
1784286900000,0.071883,0.071951,0.071846,0.071936,142760
1784287800000,0.071935,0.072071,0.071923,0.072018,110427
1784288700000,0.072077,0.072077,0.071983,0.071983,59525
1784289600000,0.071996,0.072005,0.07186,0.071875,1400149
1784290500000,0.071882,0.071908,0.071796,0.071852,182389
1784291400000,0.071876,0.071889,0.071634,0.071721,234340
1784292300000,0.0717,0.07175,0.071659,0.071678,66218
1784293200000,0.071664,0.071665,0.071157,0.07131,641983
1784294100000,0.071317,0.071504,0.071303,0.07137,213063
1784295000000,0.071393,0.07153,0.070963,0.071128,2707813
1784295900000,0.071111,0.071932,0.071048,0.071892,2257884
1784296800000,0.071879,0.072262,0.071872,0.072129,805928
1784297700000,0.072098,0.072186,0.07184,0.07184,374823
1784298600000,0.071869,0.072011,0.071701,0.071925,167175
1784299500000,0.071871,0.071924,0.071795,0.071895,77414
1784300400000,0.071886,0.071886,0.071496,0.071607,401973
1784301300000,0.071581,0.071857,0.07157,0.071857,118274
1784302200000,0.071893,0.072039,0.071718,0.071955,552975
1784303100000,0.071937,0.072102,0.071861,0.072102,152598
1784304000000,0.072102,0.072294,0.071974,0.072188,292800
1784304900000,0.072174,0.072329,0.072078,0.072292,134287
1784305800000,0.072293,0.072486,0.072235,0.0724,1557128
1784306700000,0.072453,0.072522,0.072332,0.072332,518975
1784307600000,0.072321,0.072956,0.072321,0.072667,2403233
1784308500000,0.07269,0.072758,0.072604,0.072695,771353
1784309400000,0.07269,0.072698,0.072525,0.072558,233494
1784310300000,0.072547,0.072656,0.072508,0.072531,127219
1784311200000,0.072547,0.072623,0.072502,0.072582,78651
1784312100000,0.072535,0.072535,0.072361,0.072437,142525
1784313000000,0.072479,0.072547,0.072478,0.072518,66448
1784313900000,0.072547,0.072814,0.072546,0.07278,636251
1784314800000,0.07275,0.072754,0.07251,0.07251,186425
1784315700000,0.072499,0.072547,0.072391,0.072547,126127
1784316600000,0.07257,0.072622,0.07252,0.072622,219789
1784317500000,0.072624,0.072675,0.072598,0.072616,44046
1784318400000,0.072577,0.072577,0.072421,0.072543,154964
1784319300000,0.072543,0.072543,0.07241,0.072431,113975
1784320200000,0.07239,0.072448,0.072298,0.072367,155011
1784321100000,0.07243,0.072671,0.072345,0.072655,435057
1784322000000,0.072651,0.072886,0.072651,0.072764,591506
1784322900000,0.07282,0.072831,0.072765,0.072795,80704
1784323800000,0.072765,0.072787,0.072638,0.072638,71476
1784324700000,0.072673,0.072696,0.072628,0.072633,62035
1784325600000,0.072638,0.072676,0.072447,0.072461,115443
1784326500000,0.072446,0.072506,0.072391,0.072422,774103
1784327400000,0.072423,0.072454,0.072392,0.072392,114631
1784328300000,0.072423,0.072544,0.072423,0.072506,44977
1784329200000,0.072519,0.072519,0.072313,0.072356,713843
1784330100000,0.072376,0.07254,0.072376,0.07254,331250
1784331000000,0.072545,0.072569,0.072503,0.072526,418753
1784331900000,0.072513,0.072529,0.07248,0.072517,202060
1784332800000,0.072525,0.072596,0.07246,0.072595,1293183
1784333700000,0.072595,0.072662,0.072595,0.072639,161815
1784334600000,0.072653,0.072653,0.072528,0.072549,125694
1784335500000,0.072568,0.072601,0.072472,0.072472,903852
1784336400000,0.072454,0.072486,0.07238,0.072486,152789
1784337300000,0.072486,0.072586,0.072475,0.072586,59192
1784338200000,0.072542,0.072542,0.072456,0.072532,25334
1784339100000,0.072529,0.072597,0.072529,0.072569,107619
1784340000000,0.072549,0.0726,0.072477,0.0726,63148
1784340900000,0.072615,0.072707,0.072615,0.072689,85514
1784341800000,0.07268,0.072743,0.072621,0.072624,50641
1784342700000,0.072625,0.072633,0.072523,0.072523,133934
1784343600000,0.07252,0.072729,0.07252,0.072632,78990
1784344500000,0.072632,0.072636,0.072545,0.072545,532059
1784345400000,0.072546,0.072634,0.072546,0.072562,124996
1784346300000,0.072562,0.072649,0.072545,0.072646,50365
1784347200000,0.072648,0.072668,0.07257,0.072581,67679
1784348100000,0.072582,0.072582,0.072514,0.072543,64746
1784349000000,0.072544,0.072548,0.072458,0.072486,174085
1784349900000,0.072488,0.072501,0.072457,0.07246,55617
1784350800000,0.072461,0.072469,0.072366,0.072367,435036
1784351700000,0.072372,0.072452,0.072367,0.072401,29523
1784352600000,0.072401,0.072452,0.072385,0.072397,54979
1784353500000,0.072428,0.072452,0.072097,0.072186,363067
1784354400000,0.072197,0.072217,0.072116,0.072186,253303
1784355300000,0.072218,0.072388,0.072218,0.072339,109456
1784356200000,0.072324,0.072366,0.072264,0.072353,36342
1784357100000,0.072353,0.072379,0.07232,0.07232,16532
1784358000000,0.072318,0.07236,0.072265,0.0723,24372
1784358900000,0.072305,0.07231,0.072292,0.072296,76538
1784359800000,0.072292,0.072296,0.072277,0.072289,412428
1784360700000,0.072297,0.072314,0.072276,0.072277,170501
1784361600000,0.072283,0.072286,0.072202,0.072262,635544
1784362500000,0.072261,0.072348,0.072246,0.072347,1006734
1784363400000,0.072348,0.072402,0.07222,0.072222,966001
1784364300000,0.07223,0.072265,0.072219,0.072223,725576
1784365200000,0.07223,0.072259,0.072141,0.07215,197977
1784366100000,0.072158,0.072162,0.071922,0.07199,1463376
1784367000000,0.071937,0.072028,0.071913,0.072026,230277
1784367900000,0.072021,0.072127,0.072002,0.072127,678896
1784368800000,0.072126,0.07217,0.072094,0.072122,95269
1784369700000,0.072113,0.07225,0.072113,0.07225,35400
1784370600000,0.072261,0.072286,0.072147,0.072147,438574
1784371500000,0.072151,0.072187,0.07215,0.07218,39920
1784372400000,0.072175,0.072193,0.072143,0.072193,64369
1784373300000,0.072193,0.072246,0.072191,0.07223,16737
1784374200000,0.072219,0.072219,0.072177,0.072177,142869
1784375100000,0.072176,0.072244,0.072169,0.072228,95306
1784376000000,0.072215,0.072459,0.072211,0.072295,169288
1784376900000,0.072295,0.072295,0.07204,0.072076,105483
1784377800000,0.072059,0.072291,0.072027,0.072291,131570
1784378700000,0.072291,0.072387,0.072291,0.072333,192244
1784379600000,0.072322,0.072322,0.07206,0.072101,81513
1784380500000,0.07205,0.07209,0.071922,0.07207,483169
1784381400000,0.07207,0.072178,0.072058,0.072094,1270107
1784382300000,0.072109,0.072131,0.072059,0.072107,92723
1784383200000,0.072107,0.0722,0.072035,0.0722,192794
1784384100000,0.072196,0.072278,0.072155,0.072277,60321
1784385000000,0.072273,0.07229,0.072197,0.072237,89266
1784385900000,0.072262,0.0723,0.072203,0.072245,693423
1784386800000,0.072245,0.072275,0.072183,0.072221,89928
1784387700000,0.072231,0.072286,0.072155,0.072155,119438
1784388600000,0.07216,0.072193,0.072111,0.072111,583387
1784389500000,0.072136,0.07224,0.072107,0.072164,35393
1784390400000,0.07215,0.072152,0.072078,0.072139,81473
1784391300000,0.07216,0.072175,0.072071,0.072084,84210
1784392200000,0.072092,0.072182,0.072092,0.072118,119494
1784393100000,0.072133,0.072313,0.072128,0.072283,243693
1784394000000,0.072285,0.072289,0.072194,0.07222,254965
1784394900000,0.072223,0.072326,0.072136,0.072153,234376
1784395800000,0.072154,0.072357,0.072154,0.072318,152938
1784396700000,0.072314,0.072424,0.072301,0.072381,569882
1784397600000,0.072354,0.072355,0.072274,0.072274,139238
1784398500000,0.07228,0.072583,0.072257,0.072432,902089
1784399400000,0.072462,0.072462,0.072283,0.072283,129588
1784400300000,0.072291,0.072359,0.072255,0.072302,71654
1784401200000,0.072303,0.072347,0.072295,0.072346,90810
1784402100000,0.072361,0.072414,0.072291,0.072291,208929
1784403000000,0.07229,0.072345,0.072274,0.072328,74000
1784403900000,0.072335,0.072393,0.072335,0.072358,46243
1784404800000,0.072368,0.072398,0.072282,0.072398,146973
1784405700000,0.072401,0.072504,0.07239,0.072397,165900
1784406600000,0.072399,0.072403,0.07231,0.07235,100816
1784407500000,0.072358,0.0724,0.072328,0.072391,60493
1784408400000,0.07239,0.072464,0.072335,0.072464,73434
1784409300000,0.072481,0.072539,0.072383,0.072385,225266
1784410200000,0.072381,0.072381,0.072308,0.072308,29511
1784411100000,0.07229,0.072405,0.072241,0.072358,253307
1784412000000,0.072331,0.072494,0.072315,0.072436,121736
1784412900000,0.07241,0.072473,0.072362,0.072364,759675
1784413800000,0.072355,0.072505,0.072341,0.072458,109915
1784414700000,0.072448,0.072479,0.072383,0.072465,155274
1784415600000,0.072448,0.072494,0.072374,0.072382,32629
1784416500000,0.072382,0.072519,0.072381,0.072518,480451
1784417400000,0.072503,0.072503,0.072443,0.072497,151014
1784418300000,0.072497,0.072516,0.072461,0.072495,311971
1784419200000,0.072502,0.072545,0.072485,0.072497,579446
1784420100000,0.072496,0.072496,0.072393,0.0724,123074
1784421000000,0.072401,0.072452,0.072401,0.072444,51126
1784421900000,0.072445,0.07252,0.072445,0.072491,109351
1784422800000,0.072508,0.07252,0.072436,0.072466,254353
1784423700000,0.072478,0.072524,0.072478,0.072524,87518
1784424600000,0.072463,0.072464,0.072416,0.072434,86791
1784425500000,0.072434,0.072474,0.072383,0.072383,34418
1784426400000,0.072381,0.072752,0.072381,0.072666,445980
1784427300000,0.072676,0.072706,0.072519,0.07257,380003
1784428200000,0.072561,0.072799,0.072561,0.072663,243562
1784429100000,0.072654,0.072673,0.072602,0.072607,84909
1784430000000,0.072652,0.072652,0.072495,0.072496,59163
1784430900000,0.072491,0.072491,0.072327,0.072368,133920
1784431800000,0.072363,0.072469,0.07235,0.072438,229342
1784432700000,0.07242,0.072457,0.072378,0.072411,74435
1784433600000,0.072408,0.072408,0.072254,0.072272,126556
1784434500000,0.072257,0.072326,0.072257,0.072301,107700
1784435400000,0.072321,0.072446,0.072291,0.072394,83652
1784436300000,0.072392,0.07243,0.072326,0.072335,51208
1784437200000,0.072343,0.072453,0.072343,0.072453,480647
1784438100000,0.072469,0.072469,0.07238,0.07238,80344
1784439000000,0.072381,0.072395,0.072299,0.072322,61439
1784439900000,0.072323,0.072417,0.072323,0.072333,47896
1784440800000,0.072328,0.072398,0.072305,0.072381,56661
1784441700000,0.072378,0.07244,0.072378,0.072432,56831
1784442600000,0.072433,0.072504,0.07241,0.072473,76966
1784443500000,0.072457,0.072471,0.072422,0.072471,33433
1784444400000,0.07247,0.072476,0.072392,0.072399,107993
1784445300000,0.072396,0.072516,0.072395,0.072516,216863
1784446200000,0.072517,0.072603,0.072495,0.072565,208182
1784447100000,0.072557,0.072572,0.072406,0.072428,822258
1784448000000,0.072446,0.072641,0.072405,0.072635,156428
1784448900000,0.072599,0.072599,0.072492,0.072561,102752
1784449800000,0.072561,0.072624,0.072527,0.072597,353893
1784450700000,0.072606,0.072689,0.072606,0.072631,83081
1784451600000,0.072651,0.072755,0.072644,0.072661,172436
1784452500000,0.072648,0.072648,0.072491,0.072544,432701
1784453400000,0.072544,0.072558,0.072389,0.072418,845215
1784454300000,0.072404,0.072464,0.0724,0.072464,66859
1784455200000,0.072458,0.072497,0.072354,0.072483,128856
1784456100000,0.072512,0.072614,0.072503,0.072614,77568
1784457000000,0.072607,0.072607,0.072502,0.072556,615491
1784457900000,0.072539,0.072731,0.072539,0.072602,235974
1784458800000,0.072553,0.072664,0.072529,0.072573,711674
1784459700000,0.07258,0.072727,0.07258,0.072649,467195
1784460600000,0.072684,0.072685,0.07256,0.072615,256943
1784461500000,0.072616,0.072616,0.072461,0.072484,433370
1784462400000,0.072505,0.072509,0.072303,0.072303,476629
1784463300000,0.072281,0.072579,0.07228,0.072396,843309
1784464200000,0.072449,0.072525,0.072408,0.07244,23194
1784465100000,0.072417,0.072447,0.072362,0.072414,37097
1784466000000,0.072434,0.072434,0.072276,0.072306,91939
1784466900000,0.072308,0.072325,0.072189,0.072308,465322
1784467800000,0.072311,0.072395,0.072284,0.072393,75028
1784468700000,0.072378,0.072502,0.072374,0.072399,349787
1784469600000,0.072399,0.072528,0.072389,0.072515,161451
1784470500000,0.072487,0.072487,0.07234,0.07241,681829
1784471400000,0.072412,0.072593,0.072408,0.072567,115235
1784472300000,0.072568,0.072771,0.072568,0.072619,972335
1784473200000,0.072603,0.072623,0.072506,0.072543,152010
1784474100000,0.072562,0.072562,0.072387,0.072387,321594
1784475000000,0.07238,0.072493,0.072379,0.072468,377596
1784475900000,0.072453,0.072469,0.072415,0.072451,716533
1784476800000,0.072451,0.07253,0.072325,0.072373,256890
1784477700000,0.072357,0.072483,0.072353,0.07241,314458
1784478600000,0.072392,0.072392,0.072301,0.072369,81108
1784479500000,0.07237,0.072388,0.072295,0.072295,587077
1784480400000,0.072294,0.072379,0.071919,0.072379,1300294
1784481300000,0.072391,0.072425,0.072249,0.072311,1221855
1784482200000,0.072311,0.072406,0.072295,0.072307,88358
1784483100000,0.07231,0.07231,0.072232,0.072232,230885
1784484000000,0.072224,0.072224,0.071699,0.072071,2076510
1784484900000,0.072055,0.072055,0.071916,0.071939,315253
1784485800000,0.071915,0.072088,0.071832,0.071949,508923
1784486700000,0.071944,0.072003,0.071906,0.072003,281053
1784487600000,0.072039,0.072128,0.071961,0.072107,621438
1784488500000,0.072102,0.072163,0.072102,0.072148,540416
1784489400000,0.072149,0.072214,0.072132,0.072196,308026
1784490300000,0.07218,0.072227,0.072118,0.072227,94219
1784491200000,0.072253,0.072338,0.072253,0.072288,402949
1784492100000,0.072304,0.072304,0.072244,0.072272,31595
1784493000000,0.072287,0.072359,0.072284,0.072289,86290
1784493900000,0.072294,0.072392,0.072278,0.072382,67484
1784494800000,0.072393,0.072413,0.072197,0.072262,283862
1784495700000,0.072268,0.072268,0.07215,0.072174,266320
1784496600000,0.072198,0.072198,0.071964,0.071987,406357
1784497500000,0.071984,0.072,0.071891,0.071972,402820
1784498400000,0.071972,0.072337,0.071902,0.072256,604634
1784499300000,0.072311,0.072568,0.072311,0.07234,612227
1784500200000,0.072349,0.072468,0.072297,0.072464,68387
1784501100000,0.07246,0.07246,0.072284,0.072284,103858
1784502000000,0.072213,0.072223,0.072023,0.07217,184272
1784502900000,0.07218,0.07228,0.072133,0.07222,432420
1784503800000,0.072233,0.072392,0.072216,0.072329,117691
1784504700000,0.072344,0.072405,0.072194,0.072405,350169
1784505600000,0.072322,0.072941,0.072199,0.072906,1145291
1784506500000,0.072914,0.073059,0.07264,0.07276,2202021
1784507400000,0.07272,0.072877,0.072647,0.072749,260468
1784508300000,0.072749,0.072749,0.072231,0.072429,755240
1784509200000,0.072464,0.07308,0.072408,0.072827,795111
1784510100000,0.072794,0.072952,0.072572,0.072813,300289
1784511000000,0.072792,0.072796,0.072501,0.072503,1291956
1784511900000,0.072578,0.072578,0.0722,0.072304,242237
1784512800000,0.072268,0.072681,0.072268,0.072544,310544
1784513700000,0.072527,0.072551,0.072306,0.072391,174590
1784514600000,0.072371,0.072635,0.072371,0.072539,187713
1784515500000,0.072544,0.072797,0.072544,0.072656,183839
1784516400000,0.072677,0.0729,0.072677,0.072828,133297
1784517300000,0.072754,0.072903,0.072529,0.072579,215581
1784518200000,0.072575,0.07274,0.072566,0.07274,452754
1784519100000,0.072742,0.072742,0.072597,0.072669,138575
1784520000000,0.072697,0.072709,0.072434,0.072435,478922
1784520900000,0.072464,0.072484,0.0723,0.072454,253891
1784521800000,0.072465,0.072638,0.072409,0.072603,108188
1784522700000,0.072542,0.072594,0.072306,0.072306,334158
1784523600000,0.072305,0.072317,0.071478,0.071854,1333027
1784524500000,0.071842,0.072017,0.071752,0.071838,318883
1784525400000,0.071804,0.071933,0.071762,0.07183,565148
1784526300000,0.071798,0.071798,0.071624,0.071662,1162539
1784527200000,0.071689,0.071748,0.0716,0.071677,117812
1784528100000,0.071706,0.071743,0.07163,0.071706,246125
1784529000000,0.0717,0.071714,0.07108,0.071371,1377327
1784529900000,0.071353,0.071399,0.071223,0.071292,141322
1784530800000,0.071321,0.071503,0.071317,0.071467,582010
1784531700000,0.071468,0.07169,0.071295,0.071676,239295
1784532600000,0.071697,0.071756,0.071639,0.071705,704262
1784533500000,0.071755,0.07183,0.071684,0.071802,271416
1784534400000,0.071828,0.071934,0.071702,0.07182,735422
1784535300000,0.071815,0.071863,0.071745,0.071783,93944
1784536200000,0.071766,0.071778,0.071513,0.071565,1614705
1784537100000,0.071548,0.0718,0.071544,0.071723,66542
1784538000000,0.071756,0.071871,0.071696,0.071868,340677
1784538900000,0.071866,0.071979,0.07185,0.071928,476419
1784539800000,0.071928,0.072025,0.071908,0.07196,176276
1784540700000,0.071998,0.072101,0.071995,0.072011,156034
1784541600000,0.072024,0.072046,0.071967,0.072033,87525
1784542500000,0.072041,0.072253,0.072022,0.072251,448643
1784543400000,0.072234,0.072274,0.072154,0.072232,134910
1784544300000,0.072233,0.072233,0.072128,0.072153,553678
1784545200000,0.072153,0.072352,0.072115,0.072284,148658
1784546100000,0.072303,0.072324,0.072212,0.072226,393336
1784547000000,0.072271,0.072862,0.072271,0.072693,1971436
1784547900000,0.07274,0.07294,0.072694,0.072869,4278856
1784548800000,0.072878,0.072878,0.072619,0.072664,1225115
1784549700000,0.072664,0.072706,0.072586,0.072658,157415
1784550600000,0.072652,0.072675,0.07251,0.072542,210137
1784551500000,0.072512,0.072651,0.072472,0.072507,1300257
1784552400000,0.072514,0.072557,0.072471,0.072524,110314
1784553300000,0.072504,0.072546,0.072373,0.072431,341143
1784554200000,0.072424,0.072715,0.072374,0.072586,543767
1784555100000,0.072585,0.072585,0.071923,0.072016,1420314
1784556000000,0.072017,0.072183,0.07187,0.072039,933226
1784556900000,0.072018,0.072291,0.071765,0.072291,1326016
1784557800000,0.072314,0.07237,0.072213,0.072324,392734
1784558700000,0.072329,0.072507,0.072231,0.072338,94631
1784559600000,0.072345,0.072915,0.072314,0.072886,2969164
1784560500000,0.072911,0.072994,0.072849,0.072923,2395883
1784561400000,0.072999,0.0732,0.072793,0.073071,3142446
1784562300000,0.073072,0.073466,0.073065,0.073339,3404629
1784563200000,0.073348,0.073557,0.07326,0.07354,21016942
1784564100000,0.073548,0.073566,0.073062,0.073138,3199333
1784565000000,0.073192,0.073229,0.073001,0.073075,3005919
1784565900000,0.073073,0.073254,0.073073,0.073234,454940
1784566800000,0.073245,0.07328,0.073129,0.07313,2443730
1784567700000,0.073124,0.073128,0.072854,0.072925,4879450
1784568600000,0.07293,0.07293,0.072832,0.072862,362340
1784569500000,0.072877,0.073165,0.072874,0.073101,2260311
1784570400000,0.073136,0.073271,0.072939,0.07315,2004784
1784571300000,0.073152,0.073226,0.072653,0.072708,1386942
1784572200000,0.072687,0.072712,0.072472,0.072485,1968865
1784573100000,0.07247,0.072522,0.072369,0.07242,288981
1784574000000,0.072428,0.072452,0.07217,0.07217,511062
1784574900000,0.072148,0.072249,0.072073,0.072186,1005304
1784575800000,0.072176,0.072176,0.071514,0.072108,6776779
1784576700000,0.072083,0.072161,0.071974,0.072129,1911949
1784577600000,0.072174,0.072181,0.071965,0.072148,2070313
1784578500000,0.072154,0.072207,0.072093,0.072177,106862
1784579400000,0.072168,0.07235,0.072104,0.072105,1525119
1784580300000,0.072143,0.072174,0.072031,0.072174,252068
1784581200000,0.072165,0.072275,0.072103,0.072135,483067
1784582100000,0.072182,0.072308,0.07214,0.07222,197959
1784583000000,0.072242,0.072359,0.072242,0.072277,574131
1784583900000,0.072251,0.072303,0.072098,0.072098,536534
1784584800000,0.072094,0.072095,0.071881,0.072015,269285
1784585700000,0.071975,0.071975,0.071816,0.0719,188460
1784586600000,0.07189,0.071936,0.071687,0.071734,783301
1784587500000,0.07175,0.071803,0.071728,0.071776,206282
1784588400000,0.071779,0.071954,0.071734,0.071934,447863
1784589300000,0.071952,0.072102,0.071952,0.072102,472195
1784590200000,0.072103,0.072174,0.072075,0.072167,219757
1784591100000,0.07217,0.072207,0.072075,0.072191,99031
1784592000000,0.072167,0.072168,0.071909,0.071909,1634419
1784592900000,0.071924,0.072241,0.071883,0.072136,439636
1784593800000,0.072127,0.072391,0.072127,0.072347,414594
1784594700000,0.072317,0.072387,0.072234,0.072281,265333
1784595600000,0.072271,0.07243,0.072235,0.072398,487325
1784596500000,0.07237,0.07237,0.072207,0.072272,3377730
1784597400000,0.072298,0.072372,0.072182,0.07223,1485208
1784598300000,0.072222,0.072298,0.072214,0.072231,69659
1784599200000,0.072237,0.072424,0.072237,0.072277,242866
1784600100000,0.072257,0.072257,0.072115,0.072177,899828
1784601000000,0.072174,0.07243,0.072174,0.072413,55666
1784601900000,0.072377,0.07257,0.072344,0.072492,690755
1784602800000,0.072493,0.072764,0.072493,0.072665,583575
1784603700000,0.072645,0.072694,0.072551,0.072656,104146
1784604600000,0.072676,0.072697,0.072585,0.072687,297296
1784605500000,0.072653,0.072842,0.072653,0.072777,208825
1784606400000,0.072782,0.072873,0.072673,0.072689,273541
1784607300000,0.072701,0.072701,0.072533,0.072591,176023
1784608200000,0.072542,0.072703,0.072542,0.072681,42694
1784609100000,0.072673,0.072753,0.072634,0.072753,140947
1784610000000,0.072693,0.072885,0.072688,0.072866,107910
1784610900000,0.072823,0.07292,0.07274,0.072839,104056
1784611800000,0.072829,0.072879,0.07276,0.072831,77301
1784612700000,0.072804,0.073077,0.072804,0.072969,253405
1784613600000,0.072959,0.073202,0.072836,0.072956,17922343
1784614500000,0.072958,0.073096,0.072883,0.073053,11259230
1784615400000,0.07301,0.073248,0.073008,0.073186,567639
1784616300000,0.073144,0.073226,0.0731,0.073165,199484
1784617200000,0.073137,0.073171,0.073069,0.073157,298330
1784618100000,0.073152,0.073192,0.073005,0.073041,221190
1784619000000,0.07304,0.073264,0.073022,0.073145,392907
1784619900000,0.073156,0.073381,0.073136,0.073376,9643993
1784620800000,0.073376,0.073716,0.073361,0.073716,21567694
1784621700000,0.073716,0.073818,0.073519,0.073552,948270
1784622600000,0.073542,0.073684,0.073532,0.073615,573795
1784623500000,0.073554,0.0737,0.073534,0.073594,363511
1784624400000,0.073568,0.073568,0.073374,0.073468,214813
1784625300000,0.07347,0.073547,0.07347,0.073538,1066594
1784626200000,0.073522,0.073622,0.073503,0.073549,1260159
1784627100000,0.073549,0.073603,0.073456,0.073493,1323380
1784628000000,0.073494,0.073666,0.073456,0.073605,708873
1784628900000,0.073613,0.073718,0.073529,0.073679,296900
1784629800000,0.073679,0.073753,0.073531,0.073552,213881
1784630700000,0.073546,0.073569,0.073298,0.073457,505509
1784631600000,0.073464,0.073607,0.073409,0.073534,409414
1784632500000,0.073519,0.073627,0.073491,0.073625,514342
1784633400000,0.073646,0.07372,0.07362,0.073701,717080
1784634300000,0.073681,0.073753,0.07365,0.07365,826396
1784635200000,0.073699,0.073737,0.073628,0.073649,5733673
1784636100000,0.073649,0.073696,0.073314,0.073467,53116499
1784637000000,0.073454,0.073625,0.073409,0.073502,1633410
1784637900000,0.073515,0.073522,0.073456,0.073519,340812
1784638800000,0.073523,0.073585,0.073433,0.073484,3461755
1784639700000,0.073484,0.073512,0.073291,0.073319,2325349
1784640600000,0.073305,0.073359,0.073116,0.073137,6099523
1784641500000,0.073143,0.073489,0.073143,0.073484,216160
1784642400000,0.073465,0.073602,0.073441,0.073557,274016
1784643300000,0.073576,0.073577,0.073181,0.073228,3715160
1784644200000,0.073228,0.073337,0.073117,0.073337,712131
1784645100000,0.073365,0.073385,0.073201,0.073287,795852
1784646000000,0.073269,0.073269,0.073111,0.07323,412377
1784646900000,0.073233,0.07332,0.073188,0.073188,1008741
1784647800000,0.073145,0.073255,0.073094,0.073166,305210
1784648700000,0.073158,0.073459,0.073158,0.073448,1441476
1784649600000,0.073451,0.073495,0.073355,0.073427,183408
1784650500000,0.073402,0.073424,0.073307,0.073307,116020
1784651400000,0.073298,0.073401,0.073296,0.073322,281318
1784652300000,0.073305,0.073403,0.07321,0.073378,1215292
1784653200000,0.07338,0.073406,0.073288,0.0733,364361
1784654100000,0.073315,0.073323,0.073202,0.073232,99936
1784655000000,0.07324,0.073388,0.073231,0.073388,194557
1784655900000,0.073392,0.073427,0.072931,0.073261,1861849
1784656800000,0.073272,0.073467,0.073212,0.073433,268299
1784657700000,0.073399,0.073428,0.073302,0.073386,890269
1784658600000,0.073398,0.073458,0.073255,0.073443,607062
1784659500000,0.073444,0.073487,0.073396,0.073458,932900
1784660400000,0.073466,0.073489,0.073364,0.073364,188924
1784661300000,0.07338,0.073564,0.073375,0.073541,77722
1784662200000,0.073567,0.073627,0.073523,0.073528,389757
1784663100000,0.073509,0.073541,0.073453,0.073529,118946
1784664000000,0.073521,0.073568,0.073478,0.073489,84283
1784664900000,0.073474,0.073499,0.073408,0.073453,3406309
1784665800000,0.073475,0.073621,0.073475,0.073552,216588
1784666700000,0.073559,0.073559,0.073498,0.073527,125901
1784667600000,0.073509,0.073545,0.073432,0.073512,412465
1784668500000,0.073535,0.073541,0.073454,0.073454,71284
1784669400000,0.073425,0.073455,0.073342,0.073342,155345
1784670300000,0.073363,0.073384,0.073325,0.07337,87835
1784671200000,0.073348,0.073348,0.073204,0.073235,999928
1784672100000,0.073232,0.073284,0.073172,0.073242,2080916
1784673000000,0.073227,0.073232,0.073168,0.073172,1454426
1784673900000,0.073172,0.073172,0.073031,0.073077,1640205
1784674800000,0.0731,0.0731,0.072987,0.072987,2463140
1784675700000,0.072988,0.073117,0.072988,0.073048,526147
1784676600000,0.073057,0.073232,0.073045,0.073207,1725535
1784677500000,0.073207,0.073361,0.073207,0.073361,1062632
1784678400000,0.073382,0.073641,0.073295,0.073641,3376337
1784679300000,0.073642,0.073864,0.073586,0.073716,2383779
1784680200000,0.073716,0.073801,0.073624,0.073786,768465
1784681100000,0.07382,0.073858,0.073634,0.07371,787618
1784682000000,0.07373,0.073801,0.073525,0.073525,134450
1784682900000,0.073546,0.073546,0.073323,0.07348,879944
1784683800000,0.073381,0.073579,0.07338,0.073498,688268
1784684700000,0.073507,0.073719,0.073507,0.073576,195131
1784685600000,0.073602,0.073632,0.073487,0.073632,70101
1784686500000,0.073654,0.073734,0.073613,0.073631,117252
1784687400000,0.07363,0.07363,0.073447,0.073522,554797
1784688300000,0.073531,0.073579,0.073404,0.073418,525283
1784689200000,0.073419,0.073455,0.073241,0.073241,476204
1784690100000,0.073184,0.073408,0.073184,0.073408,40436
1784691000000,0.073396,0.073409,0.073247,0.07333,153481
1784691900000,0.073337,0.073428,0.073239,0.073239,60627
1784692800000,0.073224,0.073393,0.073181,0.073341,151870
1784693700000,0.073342,0.07343,0.073342,0.073389,553912
1784694600000,0.073366,0.073466,0.073332,0.073466,272492
1784695500000,0.073466,0.073466,0.073355,0.073416,109227
1784696400000,0.073424,0.073428,0.073176,0.073214,372377
1784697300000,0.0732,0.0732,0.072731,0.072789,1451440
1784698200000,0.072765,0.072817,0.07246,0.072554,4258369
1784699100000,0.072559,0.07258,0.072422,0.072439,613591
1784700000000,0.072485,0.072489,0.072307,0.072382,1792812
1784700900000,0.072422,0.072422,0.0722,0.072292,918572
1784701800000,0.072271,0.072498,0.072215,0.072381,2746126
1784702700000,0.072358,0.072412,0.072329,0.072363,151185
1784703600000,0.072341,0.072381,0.072249,0.072249,486269
1784704500000,0.072293,0.072389,0.072216,0.072389,345723
1784705400000,0.072377,0.072377,0.072119,0.07222,978631
1784706300000,0.07218,0.072214,0.072075,0.072188,2397555
1784707200000,0.072187,0.072458,0.072166,0.072389,514543
1784708100000,0.072393,0.072508,0.072371,0.072397,437253
1784709000000,0.07241,0.072517,0.072361,0.072361,417587
1784709900000,0.072404,0.072482,0.072404,0.072463,363284
1784710800000,0.07246,0.072603,0.072454,0.072497,551995
1784711700000,0.072501,0.072551,0.072453,0.072489,406571
1784712600000,0.072486,0.072498,0.072368,0.072397,105443
1784713500000,0.072396,0.0725,0.072353,0.07249,100520
1784714400000,0.072491,0.072531,0.072433,0.072448,373986
1784715300000,0.072452,0.072649,0.07244,0.07261,435189
1784716200000,0.072613,0.072679,0.072571,0.072679,77898
1784717100000,0.072681,0.072748,0.072656,0.072702,212532
1784718000000,0.072711,0.072759,0.072662,0.072715,182170
1784718900000,0.072713,0.072787,0.072649,0.072783,77025
1784719800000,0.072782,0.072782,0.07252,0.072556,350263
1784720700000,0.072538,0.072645,0.072538,0.072623,212172
1784721600000,0.072624,0.072624,0.072405,0.072459,1762939
1784722500000,0.072474,0.072484,0.072335,0.072399,983183
1784723400000,0.072413,0.072457,0.07235,0.072456,661425
1784724300000,0.072434,0.072449,0.072152,0.072396,773350
1784725200000,0.072396,0.072458,0.072363,0.072438,95138
1784726100000,0.072437,0.072437,0.072338,0.07237,77801
1784727000000,0.072386,0.072762,0.072373,0.072716,941899
1784727900000,0.072753,0.07291,0.072746,0.072851,746471
1784728800000,0.072817,0.073271,0.072816,0.072901,2468338
1784729700000,0.072901,0.072901,0.072458,0.072483,3206098
1784730600000,0.072496,0.072813,0.072496,0.072753,6222462
1784731500000,0.072643,0.072778,0.072638,0.072766,801353
1784732400000,0.072798,0.07305,0.072798,0.073048,303071
1784733300000,0.073054,0.073274,0.073013,0.073145,840606
1784734200000,0.073201,0.073217,0.073025,0.073042,443568
1784735100000,0.073146,0.073185,0.073002,0.07304,220145
1784736000000,0.073063,0.073165,0.072944,0.07313,539801
1784736900000,0.073118,0.073118,0.072906,0.073012,466459
1784737800000,0.07301,0.07349,0.073,0.073345,998864
1784738700000,0.073348,0.073373,0.073234,0.073362,853727
1784739600000,0.073359,0.07348,0.073301,0.073368,171613
1784740500000,0.073357,0.073376,0.073013,0.073106,17453806
1784741400000,0.073079,0.07332,0.073079,0.07332,430767
1784742300000,0.073314,0.073368,0.073128,0.073142,1051206
1784743200000,0.073132,0.073172,0.073015,0.073067,1526730
1784744100000,0.073041,0.073202,0.072966,0.072974,2705827
1784745000000,0.07296,0.07296,0.072596,0.072676,943710
1784745900000,0.072658,0.072795,0.072648,0.072761,165853
1784746800000,0.072745,0.072778,0.07223,0.072292,1363962
1784747700000,0.072314,0.072552,0.072282,0.072488,469330
1784748600000,0.072484,0.072531,0.072445,0.072451,121018
1784749500000,0.072479,0.072526,0.07243,0.072504,298724
1784750400000,0.072459,0.072631,0.072394,0.072631,1194294
1784751300000,0.072632,0.072735,0.072605,0.072697,80180
1784752200000,0.072685,0.072744,0.072597,0.072628,1387562
1784753100000,0.072584,0.072634,0.072534,0.072603,2359793
1784754000000,0.072587,0.072672,0.072505,0.072584,1149730
1784754900000,0.072575,0.07268,0.07252,0.072652,299749
1784755800000,0.072632,0.07297,0.072632,0.072956,1210336
1784756700000,0.072956,0.073061,0.072884,0.072979,1339512
1784757600000,0.072976,0.072976,0.072832,0.072918,215543
1784758500000,0.072913,0.072942,0.072837,0.072942,189603
1784759400000,0.072941,0.072941,0.072759,0.072797,198007
1784760300000,0.072792,0.07301,0.072777,0.072986,176772
1784761200000,0.073008,0.073008,0.072491,0.072522,1399820
1784762100000,0.07254,0.072736,0.072481,0.072702,222218
1784763000000,0.0727,0.07279,0.072689,0.072789,170733
1784763900000,0.072789,0.072999,0.072789,0.072971,311789
1784764800000,0.07295,0.073074,0.072887,0.073007,1242529
1784765700000,0.072972,0.073182,0.072953,0.073081,946568
1784766600000,0.073063,0.073133,0.073014,0.073017,298817
1784767500000,0.073031,0.073111,0.072952,0.072952,338627
1784768400000,0.072947,0.073057,0.072859,0.072911,370957
1784769300000,0.072905,0.072956,0.072791,0.072933,119917
1784770200000,0.072904,0.072904,0.072708,0.072772,288341
1784771100000,0.072768,0.07281,0.072701,0.072769,119639
1784772000000,0.072737,0.072787,0.072643,0.072643,397959
1784772900000,0.07264,0.072688,0.072532,0.072579,134997
1784773800000,0.072577,0.072717,0.072577,0.072667,216282
1784774700000,0.072686,0.072712,0.072651,0.072651,185556
1784775600000,0.072658,0.072676,0.072392,0.072448,271746
1784776500000,0.072451,0.072539,0.072418,0.072487,208870
1784777400000,0.072484,0.072567,0.072484,0.072536,108141
1784778300000,0.072536,0.072545,0.072223,0.072321,1011978
1784779200000,0.072322,0.072455,0.072266,0.072455,1199497
1784780100000,0.072459,0.072594,0.072393,0.072575,616530
1784781000000,0.072561,0.072591,0.072448,0.072486,1421978
1784781900000,0.072488,0.072574,0.072441,0.072517,857396
1784782800000,0.072503,0.072505,0.072416,0.072442,327280
1784783700000,0.072442,0.072563,0.072367,0.072557,470554
1784784600000,0.07256,0.072647,0.072522,0.072551,528381
1784785500000,0.07254,0.07254,0.072371,0.072419,90011
1784786400000,0.07243,0.072487,0.072369,0.072424,115626
1784787300000,0.072428,0.072512,0.072354,0.072512,571673
1784788200000,0.072475,0.072538,0.072439,0.072521,285796
1784789100000,0.072543,0.07261,0.072543,0.072604,742787
1784790000000,0.072537,0.07255,0.072082,0.072204,702143
1784790900000,0.0722,0.072283,0.072197,0.072257,422467
1784791800000,0.072241,0.072289,0.072159,0.072169,1290725
1784792700000,0.072163,0.072238,0.072134,0.072207,1082838
1784793600000,0.072182,0.072288,0.072123,0.072283,956729
1784794500000,0.072284,0.072379,0.072262,0.072375,935908
1784795400000,0.072391,0.072442,0.072357,0.072422,865668
1784796300000,0.072418,0.072419,0.072344,0.072397,284679
1784797200000,0.072391,0.07249,0.072314,0.072423,1661226
1784798100000,0.072426,0.07248,0.072372,0.0724,600125
1784799000000,0.072373,0.072395,0.072336,0.072344,194396
1784799900000,0.072342,0.072343,0.07221,0.07221,1161897
1784800800000,0.07222,0.072348,0.072194,0.072319,1901343
1784801700000,0.07234,0.072452,0.07234,0.072452,583104
1784802600000,0.072438,0.072457,0.072396,0.0724,1098631
1784803500000,0.0724,0.07243,0.072358,0.072359,194556
1784804400000,0.072374,0.072436,0.072308,0.072436,1237472
1784805300000,0.072441,0.07249,0.072411,0.072411,194352
1784806200000,0.072419,0.072451,0.072327,0.072347,127930
1784807100000,0.07235,0.072462,0.072317,0.072329,223966
1784808000000,0.07233,0.072356,0.072253,0.072329,230592
1784808900000,0.072336,0.072393,0.072252,0.072263,348484
1784809800000,0.072276,0.072276,0.071424,0.071444,4571252
1784810700000,0.07141,0.07141,0.07058,0.071217,12123563
1784811600000,0.071219,0.071261,0.070845,0.070848,1333219
1784812500000,0.070861,0.070971,0.07014,0.070308,16431175
1784813400000,0.070298,0.070623,0.069984,0.070579,12573460
1784814300000,0.070607,0.070654,0.070277,0.070309,1033085
1784815200000,0.070267,0.070514,0.070069,0.070495,5040607
1784816100000,0.07044,0.070568,0.070401,0.070552,640768
1784817000000,0.070575,0.07063,0.070399,0.070399,1446096
1784817900000,0.07037,0.070412,0.07006,0.070201,2885740
1784818800000,0.070206,0.070211,0.068398,0.06891,45330046
1784819700000,0.068908,0.069431,0.068899,0.06923,6085109
1784820600000,0.069223,0.06956,0.069211,0.069557,1739486
1784821500000,0.069565,0.069804,0.069544,0.069738,1977622
1784822400000,0.06971,0.069714,0.069224,0.069496,6562475
1784823300000,0.069505,0.069691,0.0694,0.069691,7879968
1784824200000,0.06968,0.069753,0.069554,0.069672,1620987
1784825100000,0.069684,0.069693,0.06958,0.069623,982741
1784826000000,0.069596,0.069657,0.069466,0.069597,1289031
1784826900000,0.069629,0.069773,0.069583,0.069772,324921
1784827800000,0.06973,0.06977,0.06961,0.069682,81447
1784828700000,0.069658,0.069696,0.06926,0.069357,1552920
1784829600000,0.069358,0.06942,0.069157,0.06934,1722742
1784830500000,0.069347,0.069406,0.069132,0.069406,477017
1784831400000,0.069426,0.069457,0.069094,0.069189,467548
1784832300000,0.069239,0.069356,0.06922,0.069268,535524
1784833200000,0.069273,0.069358,0.06915,0.06917,791367
1784834100000,0.069187,0.069314,0.069114,0.069296,260793
1784835000000,0.069296,0.069358,0.069204,0.069245,632987
1784835900000,0.069246,0.069246,0.068947,0.069221,1993266
1784836800000,0.069213,0.069552,0.069194,0.069552,722855
1784837700000,0.069521,0.06961,0.069516,0.06961,838862
1784838600000,0.069595,0.069611,0.069543,0.069547,770769
1784839500000,0.069552,0.069632,0.069529,0.069632,449473
1784840400000,0.069629,0.06973,0.069427,0.069464,7343439
1784841300000,0.069473,0.069552,0.0694,0.069471,253991
1784842200000,0.0695,0.069534,0.069424,0.069424,254623
1784843100000,0.06941,0.069478,0.069393,0.069478,885462
1784844000000,0.06948,0.069673,0.06938,0.069474,9000564
1784844900000,0.069474,0.069611,0.069308,0.069529,580088
1784845800000,0.069543,0.069634,0.069543,0.069594,194422
1784846700000,0.069612,0.069622,0.06946,0.069522,159454
1784847600000,0.069516,0.06953,0.069401,0.069407,308352
1784848500000,0.069428,0.069491,0.069357,0.069369,493949
1784849400000,0.069369,0.069374,0.069245,0.06929,616524
1784850300000,0.069289,0.069311,0.069086,0.069189,720143
1784851200000,0.069169,0.069174,0.068812,0.068927,4216596
1784852100000,0.06893,0.069155,0.068929,0.068989,1245175
1784853000000,0.068979,0.069098,0.068746,0.069088,719889
1784853900000,0.069108,0.069196,0.069046,0.069171,338322
1784854800000,0.06918,0.069324,0.069141,0.069253,1322733
1784855700000,0.069186,0.069344,0.069166,0.069224,225351
1784856600000,0.069204,0.069392,0.069199,0.06934,465475
1784857500000,0.069347,0.06936,0.069206,0.069235,347997
1784858400000,0.069245,0.069439,0.069198,0.069436,953546
1784859300000,0.069417,0.069417,0.069298,0.069305,269578
1784860200000,0.06933,0.06933,0.069046,0.069126,417216
1784861100000,0.069098,0.06911,0.068803,0.069103,996500
1784862000000,0.069127,0.069317,0.069042,0.069259,653090
1784862900000,0.069263,0.069478,0.069259,0.069404,652022
1784863800000,0.069394,0.06942,0.069321,0.069382,427783
1784864700000,0.069388,0.069439,0.069332,0.06938,860043
1784865600000,0.06938,0.069391,0.06915,0.06915,1654200
1784866500000,0.069149,0.069212,0.069024,0.069212,615276
1784867400000,0.069206,0.069224,0.068981,0.069047,252746
1784868300000,0.069048,0.069075,0.068976,0.069002,42715
1784869200000,0.069039,0.06908,0.068908,0.069033,387095
1784870100000,0.06904,0.069184,0.06901,0.069134,1285496
1784871000000,0.06913,0.069162,0.06908,0.069162,132189
1784871900000,0.069184,0.069226,0.069146,0.069185,176713
1784872800000,0.069185,0.069271,0.069156,0.069232,322333
1784873700000,0.069252,0.069418,0.069233,0.069287,3143097
1784874600000,0.069286,0.069366,0.069225,0.069262,291891
1784875500000,0.069259,0.069295,0.069182,0.069295,1069680
1784876400000,0.069311,0.070119,0.069307,0.070055,8516136
1784877300000,0.070067,0.070091,0.069912,0.069954,1300711
1784878200000,0.069948,0.070018,0.069695,0.069753,449872
1784879100000,0.069754,0.070035,0.069754,0.070017,834794
1784880000000,0.070032,0.070036,0.069881,0.069968,1242669
1784880900000,0.069926,0.06998,0.069806,0.069846,1194520
1784881800000,0.069847,0.069978,0.069847,0.069967,1123514
1784882700000,0.069978,0.069979,0.069901,0.069931,454324
1784883600000,0.069946,0.069971,0.069676,0.069683,683189
1784884500000,0.069661,0.069802,0.069639,0.069772,499517
1784885400000,0.069782,0.069963,0.069734,0.069946,121656
1784886300000,0.069924,0.070039,0.069924,0.069979,1105931
1784887200000,0.070003,0.070039,0.069724,0.069751,550994
1784888100000,0.069727,0.06984,0.069655,0.069802,608814
1784889000000,0.069806,0.069893,0.0698,0.069874,142702
1784889900000,0.069852,0.069936,0.069773,0.069822,487646
1784890800000,0.06976,0.069868,0.069584,0.069593,247529
1784891700000,0.06959,0.069682,0.06958,0.069593,157982
1784892600000,0.069617,0.069623,0.069355,0.069374,1547435
1784893500000,0.069385,0.069446,0.069182,0.06943,1336435
1784894400000,0.069404,0.069482,0.069315,0.069469,176700
1784895300000,0.069471,0.06962,0.069448,0.069547,858540
1784896200000,0.069532,0.069564,0.069315,0.069319,128602
1784897100000,0.069328,0.069342,0.069055,0.069096,1255480
1784898000000,0.069126,0.069138,0.068184,0.068668,7280285
1784898900000,0.068662,0.069,0.068644,0.068899,1240622
1784899800000,0.068902,0.068966,0.068719,0.068889,855146
1784900700000,0.068919,0.068921,0.068385,0.068653,1363947
1784901600000,0.068682,0.068776,0.068541,0.068603,856492
1784902500000,0.068598,0.068634,0.06833,0.068634,636030
1784903400000,0.068642,0.068645,0.068331,0.068331,715015
1784904300000,0.068354,0.06885,0.068224,0.06885,1390434
1784905200000,0.068803,0.068959,0.068534,0.068959,497666
1784906100000,0.06899,0.06914,0.068871,0.069117,1188753
1784907000000,0.069089,0.06938,0.06908,0.069241,1196831
1784907900000,0.069208,0.069259,0.069131,0.069152,362154
1784908800000,0.069149,0.069149,0.068979,0.069006,1533352
1784909700000,0.069007,0.069086,0.068864,0.068897,766688
1784910600000,0.068858,0.068858,0.068696,0.068708,515625
1784911500000,0.068695,0.068822,0.068536,0.068822,412846
1784912400000,0.06874,0.068887,0.06874,0.068836,410636
1784913300000,0.068837,0.069122,0.068831,0.069118,504241
1784914200000,0.0691,0.069158,0.069057,0.069086,343274
1784915100000,0.069085,0.069163,0.06908,0.069124,414707
1784916000000,0.069115,0.069127,0.069057,0.069124,279528
1784916900000,0.0691,0.069114,0.068962,0.068994,747547
1784917800000,0.068994,0.069029,0.068924,0.069018,232996
1784918700000,0.06899,0.069185,0.06899,0.069154,1586718
1784919600000,0.069133,0.069166,0.069028,0.069044,199726
1784920500000,0.069069,0.069184,0.069061,0.069184,126213
1784921400000,0.069193,0.069248,0.069166,0.069175,120522
1784922300000,0.069176,0.069204,0.069116,0.069189,206388
1784923200000,0.06919,0.069303,0.069168,0.069274,95842
1784924100000,0.069267,0.06931,0.069212,0.069268,55522
1784925000000,0.069267,0.069273,0.069186,0.069268,100731
1784925900000,0.069299,0.069299,0.069126,0.069126,75057
1784926800000,0.069171,0.069212,0.068847,0.068866,782290
1784927700000,0.068866,0.068996,0.068844,0.068996,234133
1784928600000,0.069,0.06907,0.068951,0.06901,163293
1784929500000,0.068984,0.069052,0.068805,0.068849,148042
1784930400000,0.068849,0.069106,0.068814,0.069083,309290
1784931300000,0.069113,0.069184,0.069085,0.069184,227331
1784932200000,0.069197,0.06928,0.069184,0.069255,68319
1784933100000,0.069264,0.069684,0.069254,0.069531,1158306
1784934000000,0.069473,0.069509,0.069349,0.069363,423870
1784934900000,0.069339,0.069493,0.069335,0.069489,944367
1784935800000,0.06949,0.069574,0.069481,0.069532,426571
1784936700000,0.069513,0.069612,0.069507,0.069536,285515
1784937600000,0.069523,0.069666,0.069481,0.069592,3400453
1784938500000,0.069585,0.069692,0.069581,0.069626,245907
1784939400000,0.069617,0.069648,0.069441,0.069441,901974
1784940300000,0.069444,0.069606,0.06944,0.069606,359833
1784941200000,0.069606,0.069692,0.069504,0.069523,237243
1784942100000,0.069513,0.069523,0.069416,0.069493,450378
1784943000000,0.069453,0.069558,0.069453,0.069548,178792
1784943900000,0.069548,0.06956,0.069481,0.069504,85370
1784944800000,0.069536,0.06966,0.069525,0.069597,108880
1784945700000,0.069588,0.069654,0.069528,0.06965,119443
1784946600000,0.069651,0.069651,0.069566,0.069626,443679
1784947500000,0.069621,0.069621,0.069516,0.069619,879202
1784948400000,0.069629,0.069689,0.069615,0.069615,357169
1784949300000,0.069634,0.069722,0.069617,0.069643,85616
1784950200000,0.069637,0.06967,0.069619,0.06964,89372
1784951100000,0.069639,0.069655,0.069556,0.069647,162576
1784952000000,0.069643,0.069764,0.069643,0.069764,1650001
1784952900000,0.069761,0.069761,0.069664,0.069665,156020
1784953800000,0.069684,0.06973,0.069626,0.069626,222016
1784954700000,0.069618,0.069637,0.069531,0.069597,102585
1784955600000,0.069631,0.06965,0.069514,0.069514,155277
1784956500000,0.069526,0.069536,0.069493,0.069502,215537
1784957400000,0.069497,0.069503,0.069302,0.069302,1146710
1784958300000,0.069301,0.069363,0.069242,0.069346,75628
1784959200000,0.069339,0.0694,0.06932,0.069385,69204
1784960100000,0.069395,0.0694,0.069264,0.069291,292145
1784961000000,0.069285,0.069309,0.069188,0.069294,852496
1784961900000,0.069301,0.069418,0.069279,0.069418,552865
1784962800000,0.069402,0.069467,0.069401,0.069411,171985
1784963700000,0.069393,0.069415,0.069348,0.069381,37743
1784964600000,0.069352,0.069352,0.069278,0.069302,819229
1784965500000,0.069301,0.069443,0.069301,0.069335,897810
1784966400000,0.069321,0.069329,0.069152,0.06926,1079082
1784967300000,0.069268,0.069378,0.069268,0.069375,81384
1784968200000,0.069387,0.069442,0.069349,0.069436,72896
1784969100000,0.069433,0.06947,0.069314,0.069353,481842
1784970000000,0.069363,0.069465,0.069363,0.069464,272441
1784970900000,0.069464,0.069569,0.069464,0.069569,617296
1784971800000,0.069568,0.069575,0.069515,0.06954,622380
1784972700000,0.069524,0.069578,0.069484,0.069492,760601
1784973600000,0.069492,0.069536,0.06943,0.069522,329017
1784974500000,0.06953,0.069562,0.069455,0.069483,218215
1784975400000,0.069487,0.069487,0.069411,0.069478,96557
1784976300000,0.069479,0.069512,0.069479,0.069505,165005
1784977200000,0.069515,0.069568,0.069486,0.069529,242086
1784978100000,0.069541,0.069541,0.069413,0.069413,112808
1784979000000,0.069416,0.069446,0.069312,0.069321,667495
1784979900000,0.069349,0.069405,0.069334,0.069405,92589
1784980800000,0.069409,0.069515,0.069391,0.069514,577031
1784981700000,0.069522,0.069673,0.069461,0.069653,946714
1784982600000,0.069662,0.06969,0.069593,0.069624,118618
1784983500000,0.069621,0.069703,0.069613,0.069703,61671
1784984400000,0.069712,0.069956,0.069712,0.069857,762830
1784985300000,0.069857,0.069935,0.069831,0.069849,1694000
1784986200000,0.069857,0.07003,0.069855,0.07003,210450
1784987100000,0.070027,0.07022,0.069912,0.069933,1076673
1784988000000,0.069936,0.069967,0.069872,0.069957,153178
1784988900000,0.069987,0.070099,0.069968,0.070048,384612
1784989800000,0.070075,0.070212,0.070062,0.070161,419397
1784990700000,0.070181,0.070544,0.070153,0.070353,581800
1784991600000,0.070336,0.070912,0.07031,0.070741,1303333
1784992500000,0.070751,0.070845,0.070669,0.070689,822917
1784993400000,0.070708,0.071458,0.070602,0.071261,2840285
1784994300000,0.071268,0.071423,0.071057,0.071154,1437764
1784995200000,0.071216,0.071844,0.071148,0.071815,2300430
1784996100000,0.071777,0.07199,0.071407,0.071612,2984773
1784997000000,0.071615,0.072143,0.07139,0.072053,2416364
1784997900000,0.072034,0.072226,0.071743,0.072153,1818167
1784998800000,0.072187,0.072566,0.072125,0.072236,7714053
1784999700000,0.072293,0.072776,0.072261,0.072658,3340865
1785000600000,0.07268,0.073278,0.07263,0.073154,2959343
1785001500000,0.07318,0.073495,0.073138,0.073164,1980061
1785002400000,0.07317,0.073646,0.073009,0.073188,3870872
1785003300000,0.073212,0.073313,0.072926,0.073078,7628400
1785004200000,0.073085,0.073127,0.072824,0.07306,5220298
1785005100000,0.07306,0.073118,0.072692,0.072893,2919779
1785006000000,0.07291,0.073001,0.07272,0.072847,3741586
1785006900000,0.072778,0.072807,0.072663,0.072685,543842
1785007800000,0.072689,0.072739,0.072495,0.072721,1025275
1785008700000,0.072743,0.072924,0.072713,0.072797,1099996
1785009600000,0.072784,0.072954,0.072637,0.072637,5860577
1785010500000,0.072677,0.072677,0.072468,0.072495,477431
1785011400000,0.072495,0.072495,0.072353,0.072456,730641
1785012300000,0.072456,0.072528,0.07241,0.07251,460920
1785013200000,0.072516,0.072517,0.07215,0.072331,1417825
1785014100000,0.072347,0.072422,0.072194,0.072346,716119
1785015000000,0.07233,0.072556,0.072181,0.072472,1853614
1785015900000,0.072471,0.072573,0.072259,0.072306,186496
1785016800000,0.072303,0.072386,0.07217,0.072235,560898
1785017700000,0.072221,0.072257,0.072152,0.072232,227584
1785018600000,0.072232,0.072232,0.071995,0.072077,773219
1785019500000,0.072071,0.072071,0.071964,0.071999,561214
1785020400000,0.071999,0.072,0.071867,0.071867,613366
1785021300000,0.071867,0.071868,0.07169,0.071713,4538813
1785022200000,0.071713,0.071789,0.071672,0.071746,645265
1785023100000,0.071745,0.071781,0.071698,0.0717,402178
1785024000000,0.0717,0.071789,0.071638,0.071757,7138153
1785024900000,0.071711,0.071815,0.071685,0.071781,1054032
1785025800000,0.071788,0.071788,0.071583,0.071709,685944
1785026700000,0.071716,0.071833,0.071644,0.071794,266543
1785027600000,0.071816,0.071816,0.071629,0.071721,158213
1785028500000,0.071747,0.071749,0.0716,0.071682,144500
1785029400000,0.071683,0.071739,0.071648,0.071652,509084
1785030300000,0.071656,0.072131,0.071652,0.072128,527172
1785031200000,0.072109,0.072444,0.071944,0.072444,4868130
1785032100000,0.072434,0.072713,0.072212,0.072708,1878353
1785033000000,0.072719,0.072764,0.072391,0.072501,583384
1785033900000,0.072463,0.072581,0.072391,0.072422,4136635
1785034800000,0.072422,0.072482,0.072287,0.072398,1166717
1785035700000,0.072414,0.072482,0.072352,0.072352,1273884
1785036600000,0.07236,0.072595,0.072269,0.07249,178597
1785037500000,0.0725,0.07273,0.0725,0.072689,1711680
1785038400000,0.072711,0.072847,0.072522,0.072556,1556376
1785039300000,0.072555,0.073307,0.072551,0.073306,1721792
1785040200000,0.07332,0.073359,0.073011,0.073064,496223
1785041100000,0.073063,0.073174,0.072936,0.073174,303208
1785042000000,0.073197,0.073557,0.073065,0.073534,1761396
1785042900000,0.073516,0.073837,0.073301,0.07331,1339137
1785043800000,0.073323,0.07365,0.07324,0.073644,595190
1785044700000,0.073635,0.073798,0.073365,0.073408,20292586
1785045600000,0.073387,0.073522,0.073105,0.073113,1401701
1785046500000,0.07312,0.073145,0.072747,0.072747,3212526
1785047400000,0.072774,0.072973,0.072731,0.072943,290683
1785048300000,0.072959,0.073583,0.072959,0.073502,6691294
1785049200000,0.073498,0.074044,0.073393,0.073818,6493474
1785050100000,0.073787,0.073919,0.073471,0.073471,1135936
1785051000000,0.073492,0.073653,0.073105,0.073261,4485637
1785051900000,0.073246,0.073387,0.073212,0.073254,1362868
1785052800000,0.073251,0.073336,0.073183,0.073332,1618960
1785053700000,0.073333,0.073742,0.07328,0.073617,1190908
1785054600000,0.073611,0.07364,0.073411,0.07346,2849184
1785055500000,0.073462,0.073506,0.073389,0.073419,1017670
1785056400000,0.073426,0.073497,0.073311,0.073351,1603911
1785057300000,0.073314,0.073401,0.073126,0.073156,3740115
1785058200000,0.073157,0.073317,0.073052,0.073312,2347285
1785059100000,0.073312,0.073398,0.073233,0.073269,2189698
1785060000000,0.073252,0.07342,0.073167,0.073359,1556208
1785060900000,0.073363,0.073432,0.073267,0.073275,1072002
1785061800000,0.073267,0.073494,0.073266,0.073377,563375
1785062700000,0.073373,0.073388,0.073257,0.073283,759005
1785063600000,0.073289,0.073291,0.073177,0.073258,539918
1785064500000,0.073245,0.073448,0.073232,0.073448,484403
1785065400000,0.073448,0.073448,0.073239,0.073239,1174078
1785066300000,0.073226,0.073279,0.073199,0.073239,592689
1785067200000,0.073252,0.073445,0.073216,0.073294,1462735
1785068100000,0.073301,0.073383,0.073078,0.073337,1643314
1785069000000,0.073319,0.073417,0.073262,0.073296,1287433
1785069900000,0.073315,0.07343,0.073234,0.073288,1403095
1785070800000,0.073275,0.073275,0.073065,0.073096,1992186
1785071700000,0.073087,0.073252,0.072921,0.072921,1519190
1785072600000,0.072937,0.073101,0.072863,0.073087,1281515
1785073500000,0.073087,0.07317,0.073018,0.073078,697035
1785074400000,0.07306,0.073361,0.073003,0.073246,1461124
1785075300000,0.073202,0.073213,0.072896,0.072925,1172349
1785076200000,0.072926,0.072989,0.072806,0.072959,1273324
1785077100000,0.072973,0.073097,0.072921,0.072989,798085
1785078000000,0.072989,0.073033,0.072863,0.07294,1039424
1785078900000,0.072937,0.073272,0.072937,0.07306,11650343
1785079800000,0.073069,0.073223,0.073,0.073159,1234099
1785080700000,0.073147,0.07315,0.073061,0.073096,1006700
1785081600000,0.073109,0.073159,0.072946,0.073033,1312561
1785082500000,0.07303,0.073289,0.073026,0.073284,939315
1785083400000,0.073279,0.073398,0.073137,0.073157,583708
1785084300000,0.073163,0.073232,0.073072,0.0731,2397006
1785085200000,0.073098,0.073135,0.072934,0.073134,826108
1785086100000,0.073159,0.073187,0.073071,0.07315,293497
1785087000000,0.073148,0.073211,0.073055,0.0732,1808717
1785087900000,0.073199,0.073222,0.073067,0.073082,121263
1785088800000,0.073095,0.0731,0.07278,0.07278,1722871
1785089700000,0.07278,0.072874,0.072662,0.072781,3471752
1785090600000,0.072804,0.072853,0.072722,0.072723,3437849
1785091500000,0.072731,0.072785,0.07266,0.07266,196807
1785092400000,0.072692,0.072733,0.072511,0.072582,5206690
1785093300000,0.072571,0.072593,0.072517,0.072593,6422644
1785094200000,0.072574,0.072715,0.072574,0.072581,10988845
1785095100000,0.072555,0.072635,0.072521,0.072635,188455
1785096000000,0.072641,0.072703,0.072619,0.072679,1022019
1785096900000,0.072678,0.072755,0.072678,0.072755,180145
1785097800000,0.072719,0.072824,0.072671,0.072688,1286510
1785098700000,0.07268,0.072681,0.072569,0.072569,1004821
1785099600000,0.072592,0.072653,0.072512,0.072581,1165867
1785100500000,0.072574,0.072843,0.072574,0.072746,511834
1785101400000,0.072753,0.07281,0.072693,0.072693,268210
1785102300000,0.072731,0.072861,0.072685,0.072777,217438
1785103200000,0.072804,0.073365,0.072804,0.073119,1398245
1785104100000,0.073143,0.073213,0.073052,0.073054,846963
1785105000000,0.07307,0.073379,0.073047,0.073268,8475535
1785105900000,0.073268,0.073308,0.073164,0.073278,770603
1785106800000,0.073297,0.073513,0.073232,0.073291,1460405
1785107700000,0.073279,0.073362,0.073165,0.073228,622131
1785108600000,0.073183,0.073399,0.073141,0.073354,640576
1785109500000,0.07336,0.073436,0.07333,0.073378,288044
1785110400000,0.073414,0.073414,0.073257,0.073321,3976217
1785111300000,0.07332,0.07332,0.073125,0.073244,587112
1785112200000,0.073278,0.073279,0.073028,0.073039,1643555
1785113100000,0.073067,0.073143,0.072957,0.072998,182111
1785114000000,0.072993,0.073038,0.072843,0.072843,1068577
1785114900000,0.072847,0.072898,0.072768,0.072784,80332
1785115800000,0.0728,0.072854,0.072566,0.072687,448004
1785116700000,0.072702,0.072841,0.072668,0.072834,130364
1785117600000,0.072843,0.072851,0.072724,0.072724,96003
1785118500000,0.072714,0.072785,0.072657,0.072783,120204
1785119400000,0.07275,0.072824,0.072647,0.072764,380230
1785120300000,0.072771,0.072771,0.072532,0.072593,2476620
1785121200000,0.072605,0.072666,0.072509,0.072627,2967591
1785122100000,0.072634,0.072811,0.072618,0.072739,364719
1785123000000,0.072726,0.072923,0.072651,0.072915,691270
1785123900000,0.072903,0.072933,0.072805,0.072856,56274
1785124800000,0.072864,0.072923,0.072751,0.072827,157780
1785125700000,0.072833,0.073117,0.07278,0.072835,295467
1785126600000,0.072792,0.072936,0.072682,0.072865,339883
1785127500000,0.072895,0.072895,0.072785,0.072792,25490
1785128400000,0.072789,0.072954,0.072754,0.072954,367224
1785129300000,0.072958,0.073051,0.07287,0.072877,465725
1785130200000,0.072846,0.072923,0.072757,0.072787,660430
1785131100000,0.072785,0.073042,0.072697,0.072986,423219
1785132000000,0.072995,0.0735,0.072979,0.07322,398012
1785132900000,0.073234,0.073304,0.073042,0.073042,270738
1785133800000,0.073062,0.073265,0.073018,0.07319,487526
1785134700000,0.073184,0.073184,0.073018,0.073028,495070
1785135600000,0.073006,0.073045,0.072914,0.073014,158694
1785136500000,0.073025,0.073036,0.072931,0.072936,128407
1785137400000,0.072913,0.072945,0.07274,0.072784,906773
1785138300000,0.072797,0.072868,0.072777,0.072845,154483
1785139200000,0.072865,0.072873,0.072543,0.07264,161837
1785140100000,0.072605,0.072695,0.072353,0.072693,903614
1785141000000,0.072693,0.072693,0.072551,0.072558,717921
1785141900000,0.072556,0.072685,0.072533,0.072585,1461281
1785142800000,0.072585,0.072585,0.0722,0.072256,4107171
1785143700000,0.072271,0.072439,0.072271,0.072438,4078302
1785144600000,0.072438,0.072686,0.072394,0.072663,3081298
1785145500000,0.072643,0.072709,0.072611,0.072654,2341439
1785146400000,0.072647,0.072755,0.072602,0.072751,1498028
1785147300000,0.072784,0.07289,0.072715,0.072732,372731
1785148200000,0.072763,0.07279,0.072714,0.07278,237548
1785149100000,0.072771,0.07282,0.072678,0.072774,11010799
1785150000000,0.072778,0.072789,0.072685,0.072789,491468
1785150900000,0.072789,0.072816,0.07264,0.07264,383195
1785151800000,0.072627,0.072726,0.072627,0.072693,102012
1785152700000,0.072714,0.072714,0.072542,0.072574,931703
1785153600000,0.072574,0.07275,0.072544,0.072544,215868
1785154500000,0.072535,0.072644,0.072448,0.072555,928861
1785155400000,0.072556,0.072752,0.072376,0.072751,1543747
1785156300000,0.072767,0.07301,0.072767,0.072906,1322720
1785157200000,0.072923,0.072931,0.072681,0.072681,730486
1785158100000,0.072673,0.07274,0.072483,0.072493,771471
1785159000000,0.072501,0.073143,0.072391,0.073113,1856775
1785159900000,0.073109,0.073218,0.072683,0.072753,3697698
1785160800000,0.072765,0.072798,0.072488,0.072639,2914343
1785161700000,0.072638,0.0727,0.071718,0.071771,3326055
1785162600000,0.071778,0.071789,0.070788,0.070851,14095012
1785163500000,0.070913,0.071405,0.070891,0.071391,6880689
1785164400000,0.071377,0.071527,0.071263,0.071467,4422121
1785165300000,0.071468,0.071618,0.071332,0.071512,1930864
1785166200000,0.071508,0.07163,0.071289,0.071535,1699159
1785167100000,0.071506,0.071517,0.071344,0.071345,571261
1785168000000,0.071328,0.071506,0.071211,0.071434,1110405
1785168900000,0.071423,0.071867,0.071304,0.071834,1618404
1785169800000,0.071856,0.072185,0.071856,0.072095,1487924
1785170700000,0.072107,0.072135,0.07199,0.072099,3798074
1785171600000,0.072099,0.072223,0.071998,0.072153,235929
1785172500000,0.072098,0.072295,0.072068,0.072121,884213
1785173400000,0.072119,0.072245,0.072087,0.072087,864845
1785174300000,0.07209,0.072119,0.072014,0.072098,247562
1785175200000,0.072117,0.072153,0.071949,0.071957,5316341
1785176100000,0.071927,0.071927,0.0718,0.071831,8074382
1785177000000,0.07187,0.07187,0.071506,0.071691,2057804
1785177900000,0.071689,0.071818,0.071563,0.071797,716656
1785178800000,0.0718,0.072114,0.071771,0.07203,621568
1785179700000,0.072058,0.072066,0.071926,0.071969,381130
1785180600000,0.071981,0.072136,0.071935,0.071966,335138
1785181500000,0.071948,0.072027,0.071903,0.071983,1370307
1785182400000,0.072034,0.072099,0.071898,0.071903,360537
1785183300000,0.071918,0.072079,0.071835,0.072079,204834
1785184200000,0.0721,0.072118,0.071997,0.072001,311705
1785185100000,0.071978,0.072119,0.07197,0.072119,139882
1785186000000,0.072106,0.072161,0.072026,0.072086,292042
1785186900000,0.072081,0.072081,0.071816,0.071821,17826
1785187800000,0.07184,0.071918,0.071836,0.071851,184713
1785188700000,0.071844,0.071904,0.0718,0.071884,1491802
1785189600000,0.07187,0.07187,0.071574,0.071748,234326
1785190500000,0.071767,0.071774,0.071515,0.071584,265481
1785191400000,0.071549,0.07161,0.07094,0.071035,1164336
1785192300000,0.071035,0.071035,0.070381,0.070468,5042102
1785193200000,0.07037,0.07054,0.070085,0.070364,2214806
1785194100000,0.070393,0.070662,0.07029,0.070574,1181443
1785195000000,0.070579,0.070653,0.070311,0.070314,775496
1785195900000,0.070333,0.070414,0.070266,0.070361,921397
1785196800000,0.070345,0.070418,0.070209,0.070292,1329409
1785197700000,0.07036,0.070525,0.07024,0.070344,432702
1785198600000,0.070394,0.0704,0.07022,0.070258,828497
1785199500000,0.070239,0.070256,0.069844,0.069862,2173499
1785200400000,0.069919,0.06995,0.06929,0.069666,8418841
1785201300000,0.069674,0.069773,0.069411,0.069756,4394295
1785202200000,0.069736,0.069943,0.06961,0.069687,9259549
1785203100000,0.069665,0.069778,0.069614,0.069702,1651567
1785204000000,0.069666,0.069889,0.069645,0.069829,135530
1785204900000,0.069827,0.070047,0.069818,0.070047,81455
1785205800000,0.070045,0.070206,0.070045,0.070088,1639364
1785206700000,0.070112,0.070228,0.070069,0.070181,262978
1785207600000,0.070099,0.070102,0.069878,0.069971,596037
1785208500000,0.069969,0.070142,0.069926,0.070139,155945
1785209400000,0.07015,0.070177,0.070057,0.070177,159305
1785210300000,0.070192,0.070228,0.07004,0.070206,451271
1785211200000,0.0702,0.070242,0.070125,0.07015,663793
1785212100000,0.070191,0.070192,0.06997,0.06997,331973
1785213000000,0.069948,0.06999,0.069904,0.069989,190135
1785213900000,0.069998,0.070108,0.069973,0.069998,127450
1785214800000,0.069991,0.070114,0.069975,0.069976,492396
1785215700000,0.069992,0.070041,0.06988,0.069946,817905
1785216600000,0.069948,0.070077,0.069855,0.070073,4474827
1785217500000,0.070073,0.070107,0.07,0.070001,4171317
1785218400000,0.070001,0.070032,0.069803,0.069898,6409170
1785219300000,0.069903,0.070184,0.069888,0.070184,249899
1785220200000,0.0702,0.070331,0.070191,0.070318,394285
1785221100000,0.070302,0.070397,0.070262,0.070367,4366180
1785222000000,0.07039,0.070467,0.070264,0.070386,797186
1785222900000,0.070378,0.070465,0.070307,0.07035,2138413
1785223800000,0.070304,0.07031,0.07019,0.070206,664852
1785224700000,0.07017,0.07017,0.070019,0.070099,8014543
1785225600000,0.070099,0.070228,0.070012,0.070124,478082
1785226500000,0.070125,0.070217,0.070071,0.070213,105492
1785227400000,0.070217,0.070217,0.070129,0.070203,152284
1785228300000,0.070203,0.070228,0.070095,0.070159,918953
1785229200000,0.07016,0.070201,0.070034,0.07011,827922
1785230100000,0.07011,0.070141,0.070049,0.070083,1410675
1785231000000,0.070083,0.070249,0.070082,0.070227,873477
1785231900000,0.070204,0.070282,0.07004,0.070119,235288
1785232800000,0.070119,0.070179,0.069968,0.070008,632761
1785233700000,0.070009,0.070135,0.069996,0.070083,108867
1785234600000,0.070093,0.070136,0.070031,0.070058,326055
1785235500000,0.070071,0.070161,0.070069,0.070118,125686
1785236400000,0.070127,0.070159,0.069836,0.06984,664339
1785237300000,0.069839,0.070049,0.069755,0.069878,1334702
1785238200000,0.069839,0.070034,0.069821,0.069883,311958
1785239100000,0.0699,0.070034,0.069881,0.070034,209830
1785240000000,0.069971,0.070071,0.069941,0.070016,308823
1785240900000,0.070018,0.070043,0.069947,0.070018,70459
1785241800000,0.070037,0.070044,0.069937,0.070026,440316
1785242700000,0.070015,0.070154,0.069982,0.070088,181115
1785243600000,0.070091,0.070173,0.070027,0.07005,1240748
1785244500000,0.070067,0.070067,0.069828,0.069849,2221032
1785245400000,0.06983,0.069886,0.069202,0.069513,20121114
1785246300000,0.069549,0.069682,0.06927,0.069524,4607703
1785247200000,0.069556,0.069862,0.069556,0.069598,6418865
1785248100000,0.069652,0.069831,0.069356,0.069799,1643785
1785249000000,0.069803,0.069997,0.069746,0.069851,1656694
1785249900000,0.069833,0.070052,0.069833,0.069965,2360091
1785250800000,0.069955,0.070262,0.069826,0.07024,849862
1785251700000,0.070204,0.070924,0.070052,0.0708,11625385
1785252600000,0.0708,0.071,0.070727,0.07086,1152234
1785253500000,0.070831,0.070894,0.070628,0.070753,873946
1785254400000,0.070778,0.070937,0.070717,0.070881,1555393
1785255300000,0.070923,0.071086,0.070728,0.070728,2785265
1785256200000,0.070724,0.070993,0.070615,0.07095,2855218
1785257100000,0.070952,0.07125,0.0709,0.071143,625874
1785258000000,0.071149,0.07137,0.071017,0.071017,1520619
1785258900000,0.071018,0.071113,0.070863,0.070919,919887
1785259800000,0.070843,0.070843,0.070447,0.070533,2379571
1785260700000,0.070538,0.070613,0.070451,0.070562,873296
1785261600000,0.0706,0.070708,0.070505,0.07052,966193
1785262500000,0.070529,0.070667,0.070494,0.070598,540038
1785263400000,0.070598,0.070757,0.070582,0.070718,627900
1785264300000,0.070711,0.070766,0.070629,0.070723,697174
1785265200000,0.07073,0.070803,0.070681,0.07072,732734
1785266100000,0.070723,0.070732,0.070615,0.070671,924904
1785267000000,0.070818,0.070825,0.070597,0.070607,1186835
1785267900000,0.070618,0.070746,0.070575,0.070699,754002
1785268800000,0.07073,0.07086,0.070722,0.070833,1844165
1785269700000,0.070832,0.07085,0.070739,0.070739,100391
1785270600000,0.070738,0.07076,0.070599,0.070666,293780
1785271500000,0.070663,0.070712,0.070639,0.070712,196226
1785272400000,0.070717,0.070819,0.070695,0.070753,360503
1785273300000,0.070736,0.070816,0.07071,0.070815,321249
1785274200000,0.070815,0.07101,0.070749,0.070986,303015
1785275100000,0.071004,0.07112,0.070932,0.070947,273211
1785276000000,0.070947,0.071106,0.070924,0.070956,867814
1785276900000,0.070962,0.070998,0.070807,0.070824,209216
1785277800000,0.070768,0.070768,0.070638,0.070654,569862
1785278700000,0.070637,0.070637,0.070309,0.070309,2099087
1785279600000,0.070311,0.070312,0.069976,0.070129,12364570
1785280500000,0.070145,0.070221,0.070036,0.070196,1486170
1785281400000,0.070237,0.070643,0.070192,0.070588,491066
1785282300000,0.070576,0.070868,0.07056,0.070864,1740832
1785283200000,0.07085,0.071159,0.07085,0.070947,1640737
1785284100000,0.070952,0.071066,0.070753,0.070771,672823
1785285000000,0.070792,0.070975,0.070692,0.070959,474167
1785285900000,0.070978,0.071103,0.070884,0.070884,254893
1785286800000,0.070896,0.07103,0.070727,0.070727,131592
1785287700000,0.070742,0.07081,0.070639,0.070734,191255
1785288600000,0.070711,0.070711,0.070528,0.070536,140476
1785289500000,0.070541,0.070572,0.070371,0.070374,498268
1785290400000,0.070365,0.070543,0.070244,0.070525,357043
1785291300000,0.070507,0.070816,0.07031,0.070816,317645
1785292200000,0.07089,0.070951,0.070691,0.070828,473511
1785293100000,0.070827,0.070837,0.070705,0.070748,369051
1785294000000,0.070751,0.070841,0.070603,0.070693,285606
1785294900000,0.070688,0.070805,0.070559,0.070565,154295
1785295800000,0.070524,0.070558,0.070305,0.070351,2941773
1785296700000,0.070386,0.070397,0.070177,0.070177,1039003
1785297600000,0.070203,0.07027,0.069911,0.070226,2735437
1785298500000,0.070221,0.070438,0.069914,0.070434,1130590
1785299400000,0.070438,0.070672,0.070356,0.070452,303488
1785300300000,0.070441,0.070528,0.07035,0.070528,599215
1785301200000,0.070556,0.070677,0.070544,0.070653,303992
1785302100000,0.070657,0.070657,0.070436,0.070584,105405
1785303000000,0.070568,0.070703,0.070499,0.070655,157620
1785303900000,0.070707,0.070717,0.070588,0.070591,95255
1785304800000,0.070603,0.070603,0.070422,0.070547,199976
1785305700000,0.070534,0.070868,0.070471,0.070851,354532
1785306600000,0.070884,0.070934,0.070819,0.07083,701180
1785307500000,0.070812,0.070812,0.070706,0.070706,72240
1785308400000,0.070765,0.070766,0.070628,0.070732,199571
1785309300000,0.070733,0.07074,0.070615,0.07074,111151
1785310200000,0.070751,0.070913,0.070728,0.070838,735225
1785311100000,0.070837,0.070961,0.070738,0.070961,265105
1785312000000,0.070961,0.071,0.070686,0.070686,5571510
1785312900000,0.070685,0.07071,0.070438,0.070448,771046
1785313800000,0.070448,0.070798,0.070416,0.070798,152307
1785314700000,0.070777,0.070888,0.070701,0.070712,323478
1785315600000,0.070732,0.070834,0.070701,0.070834,266610
1785316500000,0.070801,0.070853,0.070755,0.070836,524987
1785317400000,0.070858,0.070987,0.070815,0.070861,693199
1785318300000,0.07085,0.070894,0.070754,0.070886,207676
1785319200000,0.070887,0.070914,0.070772,0.070825,151149
1785320100000,0.070824,0.070824,0.070631,0.070647,118743
1785321000000,0.070655,0.070701,0.070534,0.070657,1488450
1785321900000,0.070657,0.070673,0.070441,0.070501,204846
1785322800000,0.070536,0.070674,0.070511,0.070672,702773
1785323700000,0.070629,0.070675,0.070533,0.070569,169192
1785324600000,0.070521,0.070549,0.070403,0.070403,757898
1785325500000,0.070406,0.070557,0.07039,0.070557,837145
1785326400000,0.070555,0.070623,0.070412,0.070484,419704
1785327300000,0.070472,0.070561,0.070355,0.07052,514786
1785328200000,0.070511,0.070616,0.070434,0.070612,63947
1785329100000,0.070622,0.070662,0.070505,0.070536,682268
1785330000000,0.070547,0.070547,0.070464,0.070506,198484
1785330900000,0.070506,0.070506,0.070278,0.070441,643805
1785331800000,0.070414,0.07069,0.070402,0.070683,2016319
1785332700000,0.070633,0.070698,0.070347,0.070636,1008307
1785333600000,0.070676,0.0707,0.070276,0.07028,2291969
1785334500000,0.070283,0.070452,0.070116,0.070283,2751153
1785335400000,0.070284,0.070462,0.070082,0.070178,1575127
1785336300000,0.07016,0.070305,0.070112,0.070189,658659
1785337200000,0.070186,0.070248,0.070053,0.070209,1498954
1785338100000,0.070186,0.070264,0.069967,0.070208,1139836
1785339000000,0.070207,0.070413,0.07009,0.070129,1093898
1785339900000,0.070113,0.070228,0.07003,0.07015,1006296
1785340800000,0.070151,0.070166,0.07,0.070163,487203
1785341700000,0.070096,0.070309,0.070055,0.070268,280373
1785342600000,0.070247,0.070289,0.069987,0.070043,380231
1785343500000,0.070042,0.070228,0.070013,0.070198,996030
1785344400000,0.070196,0.070361,0.070172,0.070347,317256
1785345300000,0.070335,0.070335,0.070215,0.070221,885133
1785346200000,0.070206,0.070334,0.070188,0.070334,337397
1785347100000,0.070361,0.070608,0.070305,0.070547,741574
1785348000000,0.070582,0.071107,0.070581,0.070756,13989566
1785348900000,0.070783,0.070824,0.070426,0.070558,3361353
1785349800000,0.070575,0.07092,0.0702,0.070911,1395488
1785350700000,0.070844,0.070999,0.070787,0.070933,2521439
1785351600000,0.070944,0.070996,0.070612,0.070685,527838
1785352500000,0.070697,0.070766,0.07028,0.070352,1175238
1785353400000,0.070362,0.070413,0.070001,0.070063,1859538
1785354300000,0.070011,0.070011,0.06964,0.069671,2970265
1785355200000,0.069662,0.069723,0.069343,0.069676,4645838
1785356100000,0.069673,0.069791,0.068829,0.06919,14763677
1785357000000,0.069188,0.069728,0.069098,0.069614,20264151
1785357900000,0.069609,0.069628,0.069278,0.069345,2985044
1785358800000,0.069328,0.069369,0.069053,0.069307,948606
1785359700000,0.069381,0.069682,0.069218,0.069682,3532881
1785360600000,0.069672,0.06974,0.069545,0.069559,727483
1785361500000,0.06956,0.069854,0.069547,0.069811,606583
1785362400000,0.069829,0.07017,0.069827,0.070075,492584
1785363300000,0.070076,0.0702,0.070047,0.070116,177486
1785364200000,0.070116,0.070116,0.069952,0.070026,38951
1785365100000,0.070025,0.070027,0.069937,0.070015,81882
1785366000000,0.070036,0.070036,0.06993,0.069941,146475
1785366900000,0.069958,0.070179,0.069958,0.070119,102405
1785367800000,0.070142,0.070181,0.070063,0.070144,700117
1785368700000,0.07015,0.070196,0.070104,0.070111,69898
1785369600000,0.070139,0.070348,0.070113,0.070287,1364822
1785370500000,0.070279,0.070442,0.07024,0.070287,554182
1785371400000,0.070298,0.070298,0.069888,0.069895,2919970
1785372300000,0.069909,0.070074,0.069846,0.070074,191753
1785373200000,0.070137,0.070428,0.070097,0.070225,613228
1785374100000,0.070208,0.070441,0.070208,0.07044,929749
1785375000000,0.070445,0.070682,0.070421,0.070545,11345094
1785375900000,0.070527,0.070671,0.070511,0.070511,371754
1785376800000,0.070526,0.070647,0.070496,0.070569,977173
1785377700000,0.070569,0.070629,0.070499,0.070499,75959
1785378600000,0.070521,0.070603,0.070467,0.070598,152951
1785379500000,0.070584,0.07063,0.070431,0.07044,90375
1785380400000,0.070441,0.070558,0.07033,0.070371,497699
1785381300000,0.070364,0.0705,0.070364,0.070433,264781
1785382200000,0.070432,0.070432,0.070185,0.070217,250910
1785383100000,0.070214,0.070264,0.070178,0.070187,1541421
1785384000000,0.070187,0.070207,0.070104,0.070135,95806
1785384900000,0.070114,0.070126,0.069985,0.070063,1220864
1785385800000,0.070069,0.070189,0.069854,0.06991,2017650
1785386700000,0.069929,0.07,0.069684,0.069735,23414247
1785387600000,0.069719,0.069751,0.069616,0.069684,1233276
1785388500000,0.069701,0.06989,0.069679,0.069873,641219
1785389400000,0.069886,0.070127,0.06988,0.070069,713218
1785390300000,0.070106,0.070116,0.070018,0.070088,226847
1785391200000,0.070095,0.07012,0.070001,0.070059,542233
1785392100000,0.070019,0.070019,0.069864,0.069924,214052
1785393000000,0.069911,0.069965,0.06989,0.069942,104352
1785393900000,0.069929,0.069986,0.069841,0.069852,96316
1785394800000,0.069888,0.070123,0.069874,0.069971,89576
1785395700000,0.069964,0.070046,0.069886,0.069945,87578
1785396600000,0.069933,0.070003,0.069777,0.069933,436003
1785397500000,0.069936,0.069936,0.06971,0.06971,290800
1785398400000,0.069766,0.069873,0.069749,0.069868,182245
1785399300000,0.069818,0.07018,0.069814,0.070079,1052945
1785400200000,0.07008,0.070145,0.06996,0.070073,553734
1785401100000,0.070074,0.070104,0.069989,0.070033,1063408
1785402000000,0.070067,0.070138,0.070036,0.070138,671463
1785402900000,0.070136,0.070136,0.070049,0.070128,2120083
1785403800000,0.070117,0.070239,0.070096,0.070097,318958
1785404700000,0.070144,0.070197,0.070129,0.070194,141246
1785405600000,0.070194,0.070328,0.070174,0.070206,169093
1785406500000,0.070231,0.070287,0.070222,0.07024,570976
1785407400000,0.070239,0.070277,0.070165,0.070198,711782
1785408300000,0.070198,0.070214,0.069841,0.06995,313541
1785409200000,0.069943,0.070018,0.069826,0.070018,447613
1785410100000,0.070014,0.070015,0.069798,0.069897,206060
1785411000000,0.069929,0.070056,0.069897,0.069956,781483
1785411900000,0.069983,0.070157,0.069963,0.070078,511266
1785412800000,0.070144,0.070305,0.070119,0.070302,1137491
1785413700000,0.070299,0.070321,0.070061,0.070102,1110883
1785414600000,0.070173,0.07023,0.070051,0.070103,209411
1785415500000,0.070128,0.070246,0.070127,0.070235,68238
1785416400000,0.070186,0.070212,0.070055,0.070127,475046
1785417300000,0.070061,0.070135,0.070057,0.070062,424843
1785418200000,0.070065,0.070158,0.069924,0.070158,387811
1785419100000,0.070156,0.070586,0.070156,0.070496,4028903
1785420000000,0.070506,0.070559,0.070317,0.070328,1735516
1785420900000,0.070328,0.070455,0.070082,0.070395,1129398
1785421800000,0.070382,0.070652,0.070352,0.070652,14593038
1785422700000,0.070647,0.070698,0.070448,0.070538,952012
1785423600000,0.070537,0.070577,0.070395,0.070411,507431
1785424500000,0.070403,0.070712,0.07039,0.07039,1167025
1785425400000,0.070397,0.070516,0.070217,0.070515,1615875
1785426300000,0.070501,0.07056,0.070409,0.070556,398740
1785427200000,0.07056,0.070684,0.070541,0.070598,1748600
1785428100000,0.07061,0.070625,0.070429,0.070499,1011221
1785429000000,0.070469,0.070605,0.070469,0.070488,580722
1785429900000,0.070493,0.070642,0.070493,0.070619,1779054
1785430800000,0.070619,0.070641,0.070425,0.070494,161124
1785431700000,0.0705,0.070658,0.0705,0.070638,394477
1785432600000,0.070635,0.070776,0.070517,0.070715,1889891
1785433500000,0.070715,0.070961,0.070715,0.070871,579458
1785434400000,0.070834,0.070939,0.070796,0.070818,804284
1785435300000,0.070801,0.070878,0.070749,0.070878,712631
1785436200000,0.070878,0.070878,0.070697,0.070756,11234753
1785437100000,0.070752,0.070774,0.070632,0.070698,251697
1785438000000,0.070677,0.070832,0.070675,0.070802,2141885
1785438900000,0.070804,0.070982,0.070773,0.070903,2100933
1785439800000,0.070887,0.070894,0.070774,0.070787,1787114
1785440700000,0.070851,0.070851,0.070692,0.070743,195428
1785441600000,0.070722,0.070867,0.070618,0.070643,416999
1785442500000,0.070631,0.070707,0.070571,0.070574,198176
1785443400000,0.070591,0.070608,0.070535,0.070578,493718
1785444300000,0.070578,0.070645,0.070537,0.070537,191691
1785445200000,0.070539,0.07068,0.070529,0.070612,51473
1785446100000,0.070607,0.070623,0.070556,0.070556,33398
1785447000000,0.070585,0.070661,0.070543,0.070543,231376
1785447900000,0.070549,0.070559,0.070409,0.070484,308918
1785448800000,0.070472,0.070675,0.070384,0.070608,1188262
1785449700000,0.070632,0.070865,0.070558,0.07083,430819
1785450600000,0.070858,0.070858,0.070742,0.070768,79517
1785451500000,0.070765,0.070765,0.070643,0.070653,372997
1785452400000,0.070653,0.070807,0.070616,0.070786,1191991
1785453300000,0.070774,0.070816,0.070679,0.070726,257807
1785454200000,0.070731,0.070927,0.070571,0.070571,289221
1785455100000,0.070604,0.070668,0.070492,0.070575,444392
1785456000000,0.070561,0.070718,0.070499,0.070563,1567861
1785456900000,0.070547,0.070547,0.070226,0.070236,1166959
1785457800000,0.070283,0.070342,0.070236,0.070342,842632
1785458700000,0.07035,0.070435,0.070305,0.070399,210182
1785459600000,0.07043,0.07096,0.07043,0.070874,1676825
1785460500000,0.07084,0.07084,0.07066,0.070819,397212
1785461400000,0.070746,0.070746,0.070512,0.070516,77214
1785462300000,0.07054,0.070548,0.070141,0.070245,865539
1785463200000,0.070227,0.070309,0.070105,0.070149,1274800
1785464100000,0.070129,0.070129,0.069967,0.069967,843343
1785465000000,0.069962,0.070031,0.069876,0.06996,364562
1785465900000,0.06996,0.070022,0.069906,0.069964,135207
1785466800000,0.069977,0.069989,0.069778,0.069956,174724
1785467700000,0.069975,0.070169,0.069935,0.07004,823068
1785468600000,0.070042,0.070128,0.070012,0.070099,40675
1785469500000,0.070099,0.07014,0.070008,0.070049,127739
1785470400000,0.070043,0.070098,0.069977,0.069989,91514
1785471300000,0.069966,0.069966,0.069809,0.069922,1005231
1785472200000,0.069946,0.069999,0.069918,0.069979,105583
1785473100000,0.06999,0.070086,0.069985,0.070078,132580
1785474000000,0.070086,0.070184,0.070055,0.070096,763162
1785474900000,0.07009,0.070127,0.070019,0.070019,84705
1785475800000,0.070057,0.070066,0.069977,0.070011,586492
1785476700000,0.069984,0.07012,0.069984,0.070088,361853
1785477600000,0.070088,0.070132,0.07004,0.070129,117807
1785478500000,0.07013,0.070282,0.070085,0.070282,632745
1785479400000,0.070273,0.070273,0.070019,0.070034,826861
1785480300000,0.07002,0.070115,0.069976,0.070112,432349
1785481200000,0.070052,0.070058,0.069665,0.069723,1944333
1785482100000,0.069732,0.069751,0.069535,0.069668,4667446
1785483000000,0.069666,0.069867,0.069666,0.069822,752765
1785483900000,0.069895,0.07007,0.069882,0.07001,1016736
1785484800000,0.07001,0.070153,0.06997,0.070137,1441895
1785485700000,0.070128,0.070161,0.069961,0.070049,177607
1785486600000,0.070014,0.07004,0.069842,0.069877,391776
1785487500000,0.069917,0.070008,0.069881,0.06992,79689
1785488400000,0.069922,0.069922,0.0698,0.0698,275134
1785489300000,0.069809,0.069811,0.069472,0.06956,12064474
1785490200000,0.069552,0.069588,0.069356,0.069429,2626517
1785491100000,0.069427,0.069486,0.069343,0.069393,2032236
1785492000000,0.069372,0.069396,0.069099,0.069366,1166245
1785492900000,0.069332,0.069489,0.06932,0.069474,307196
1785493800000,0.069483,0.069499,0.069452,0.069499,881124
1785494700000,0.0695,0.069506,0.069389,0.069471,320345
1785495600000,0.069497,0.069585,0.069488,0.06952,365056
1785496500000,0.069491,0.069574,0.06943,0.069476,30905
1785497400000,0.069477,0.069545,0.069466,0.069523,362503
1785498300000,0.069537,0.069584,0.069528,0.069584,76995
1785499200000,0.069584,0.069584,0.069344,0.069485,493044
1785500100000,0.069433,0.069571,0.069421,0.069571,185772
1785501000000,0.069545,0.069545,0.069354,0.069487,83916
1785501900000,0.069487,0.069599,0.069487,0.069587,992840
1785502800000,0.069596,0.069652,0.069552,0.069574,1565772
1785503700000,0.0696,0.069685,0.069577,0.06966,570950
1785504600000,0.069667,0.069667,0.069388,0.069437,3027930
1785505500000,0.069386,0.069447,0.06908,0.069249,1991447
1785506400000,0.069255,0.069444,0.06848,0.06942,41890731
1785507300000,0.069393,0.069651,0.069339,0.06937,19141849
1785508200000,0.069458,0.0695,0.069205,0.069267,3279502
1785509100000,0.069269,0.069462,0.069108,0.069313,2280264
1785510000000,0.069328,0.069462,0.069242,0.069276,876013
1785510900000,0.069265,0.069381,0.069114,0.069209,7209811
1785511800000,0.069197,0.069239,0.0689,0.069037,16910618
1785512700000,0.069036,0.069095,0.068814,0.069024,2061043
1785513600000,0.069024,0.069205,0.068969,0.069205,751052
1785514500000,0.069163,0.069359,0.06901,0.06935,1344835
1785515400000,0.069352,0.069436,0.069296,0.069435,551047
1785516300000,0.069433,0.069708,0.069429,0.069693,9137915
1785517200000,0.069689,0.069771,0.069559,0.069682,1213542
1785518100000,0.069649,0.06983,0.069647,0.06979,333747
1785519000000,0.06978,0.069995,0.069736,0.069908,4351895
1785519900000,0.06993,0.070291,0.06993,0.070138,6048853
1785520800000,0.070129,0.070316,0.069997,0.070035,1361754
1785521700000,0.070039,0.070157,0.069988,0.069996,963496
1785522600000,0.07004,0.070081,0.069861,0.070056,2054009
1785523500000,0.070054,0.070347,0.070054,0.070213,548962
1785524400000,0.070186,0.070352,0.069699,0.069749,36086094
1785525300000,0.069749,0.069833,0.069694,0.069731,1264325
1785526200000,0.06974,0.069783,0.069644,0.069783,4425359
1785527100000,0.069765,0.069915,0.069745,0.069745,3140897
1785528000000,0.069762,0.069843,0.06973,0.069843,481928
1785528900000,0.069844,0.069904,0.069719,0.069781,10253219
1785529800000,0.069818,0.069818,0.069604,0.069675,375178
1785530700000,0.069669,0.069669,0.069448,0.069514,967067
1785531600000,0.069509,0.069678,0.069418,0.06967,373714
1785532500000,0.06967,0.069852,0.069662,0.069763,5355191
1785533400000,0.069762,0.069788,0.069573,0.06971,1323956
1785534300000,0.069731,0.06977,0.069528,0.069611,648101
1785535200000,0.069633,0.069749,0.069543,0.069749,224584
1785536100000,0.069745,0.069796,0.069717,0.069788,122215
1785537000000,0.069786,0.069806,0.0697,0.06972,292718
1785537900000,0.06972,0.069721,0.069574,0.069574,1021216
1785538800000,0.069612,0.069683,0.069605,0.069637,81995
1785539700000,0.06965,0.069682,0.069607,0.069636,281112
1785540600000,0.069637,0.069665,0.06961,0.069665,186002
1785541500000,0.069646,0.069646,0.069536,0.069565,323468
1785542400000,0.06959,0.069759,0.06959,0.069643,1008421
1785543300000,0.069625,0.069685,0.069573,0.069666,404499
1785544200000,0.069635,0.069921,0.069574,0.069871,486025
1785545100000,0.069872,0.069921,0.069781,0.069888,1182191
1785546000000,0.069906,0.070085,0.069895,0.070085,658902
1785546900000,0.070093,0.070109,0.069991,0.070109,908653
1785547800000,0.07011,0.070148,0.070064,0.070065,165873
1785548700000,0.070074,0.070126,0.070005,0.070092,95724
1785549600000,0.070098,0.070145,0.070059,0.070145,62874
1785550500000,0.070134,0.070239,0.070134,0.070188,1243752
1785551400000,0.07019,0.070218,0.069988,0.069991,498653
1785552300000,0.06997,0.070129,0.069969,0.070106,449745
1785553200000,0.070104,0.070149,0.07003,0.070084,266161
1785554100000,0.070067,0.070121,0.070048,0.070068,49336
1785555000000,0.070061,0.070104,0.070015,0.070015,232622
1785555900000,0.070015,0.070123,0.070015,0.070086,281190
1785556800000,0.070103,0.070134,0.070068,0.07008,2595521
1785557700000,0.070078,0.07021,0.070057,0.070187,1077104
1785558600000,0.070205,0.070225,0.070121,0.070191,756914
1785559500000,0.07019,0.070216,0.070106,0.070124,1988517
1785560400000,0.070124,0.070171,0.070112,0.07013,95306
1785561300000,0.070129,0.070129,0.070017,0.070025,1327195
1785562200000,0.070075,0.070161,0.069994,0.069995,118144
1785563100000,0.069999,0.070092,0.069985,0.070092,173949
1785564000000,0.070095,0.070129,0.070015,0.07007,198198
1785564900000,0.070038,0.070076,0.069956,0.069983,158363
1785565800000,0.070032,0.070033,0.069959,0.069983,108686
1785566700000,0.069972,0.070041,0.069957,0.07002,159675
1785567600000,0.070005,0.070249,0.070005,0.070069,463802
1785568500000,0.070068,0.070068,0.069923,0.069923,85593
1785569400000,0.069918,0.069918,0.069748,0.069776,366454
1785570300000,0.069791,0.069849,0.069782,0.069842,1094257
1785571200000,0.069829,0.069866,0.06979,0.069814,1116211
1785572100000,0.069815,0.069825,0.069763,0.069803,680872
1785573000000,0.069803,0.06986,0.069802,0.069804,235700
1785573900000,0.069816,0.069905,0.06979,0.069899,493461
1785574800000,0.069899,0.069905,0.069815,0.069821,756473
1785575700000,0.06983,0.069849,0.069759,0.069777,1739440
1785576600000,0.069751,0.069858,0.06975,0.069848,326196
1785577500000,0.069824,0.069824,0.069758,0.069758,243023
1785578400000,0.06976,0.069801,0.069591,0.06965,561721
1785579300000,0.06965,0.069751,0.069636,0.069693,334091
1785580200000,0.069672,0.069725,0.069627,0.069708,178040
1785581100000,0.069702,0.069793,0.069661,0.069771,960005
1785582000000,0.069781,0.069865,0.069767,0.069865,642856
1785582900000,0.069865,0.069865,0.069779,0.06978,124666
1785583800000,0.069774,0.069853,0.069747,0.069853,394134
1785584700000,0.069808,0.069826,0.069766,0.069826,688477
1785585600000,0.06983,0.069877,0.069819,0.069849,1077689
1785586500000,0.069849,0.069881,0.069775,0.069775,607851
1785587400000,0.069775,0.069783,0.069744,0.069777,250901
1785588300000,0.06984,0.069965,0.06984,0.069889,1053774
1785589200000,0.06989,0.0701,0.06989,0.070071,309650
1785590100000,0.070023,0.070035,0.069964,0.069971,166160
1785591000000,0.069969,0.070016,0.06994,0.069954,172241
1785591900000,0.069985,0.070087,0.069941,0.070053,132430
1785592800000,0.070041,0.070195,0.07003,0.070092,1779690
1785593700000,0.070091,0.070151,0.070065,0.070077,76221
1785594600000,0.070057,0.070071,0.070005,0.070017,38134
1785595500000,0.070021,0.070095,0.069988,0.070087,830301
1785596400000,0.070117,0.070151,0.070021,0.070073,114378
1785597300000,0.070076,0.070076,0.069961,0.069968,546351
1785598200000,0.070005,0.070135,0.069983,0.070065,1505854
1785599100000,0.070083,0.070136,0.070058,0.070122,90571
1785600000000,0.070105,0.070182,0.070046,0.070093,986421
1785600900000,0.070106,0.070164,0.070086,0.070092,545188
1785601800000,0.070066,0.070112,0.070009,0.070079,220256
1785602700000,0.070093,0.070096,0.069887,0.06997,365561
1785603600000,0.069971,0.07007,0.06985,0.06986,284911
1785604500000,0.069863,0.069863,0.069678,0.069734,1528926
1785605400000,0.069733,0.069736,0.069529,0.069574,867575
1785606300000,0.069571,0.069571,0.069342,0.069491,1768837
1785607200000,0.069481,0.069485,0.069363,0.069419,1261853
1785608100000,0.069418,0.06944,0.069162,0.069297,1628808
1785609000000,0.069275,0.069275,0.068604,0.068798,3474686
1785609900000,0.0688,0.0688,0.0678,0.068515,65676070
1785610800000,0.068465,0.06865,0.068439,0.068558,2384729
1785611700000,0.068549,0.06861,0.068397,0.068535,2977891
1785612600000,0.068507,0.068566,0.068433,0.068443,964496
1785613500000,0.068446,0.068616,0.068446,0.06849,344899
1785614400000,0.06849,0.06852,0.068373,0.068513,760662
1785615300000,0.068514,0.068619,0.068477,0.0685,687266
1785616200000,0.068463,0.068588,0.068422,0.068523,1284634
1785617100000,0.068505,0.068629,0.06849,0.068621,666115
1785618000000,0.068622,0.068921,0.068616,0.068858,2892856
1785618900000,0.068861,0.068946,0.068845,0.068946,284038
1785619800000,0.068958,0.06923,0.068948,0.06913,2965097
1785620700000,0.069124,0.069188,0.069045,0.069114,239331
1785621600000,0.069115,0.069166,0.069047,0.069103,1612502
1785622500000,0.06911,0.069112,0.069008,0.069112,124629
1785623400000,0.069115,0.069118,0.069035,0.069066,135954
1785624300000,0.069067,0.069067,0.068968,0.068974,1813988
1785625200000,0.068975,0.06945,0.068975,0.069139,2723797
1785626100000,0.069152,0.069164,0.069078,0.06909,782683
1785627000000,0.069099,0.069178,0.069095,0.06916,504603
1785627900000,0.0692,0.0692,0.069082,0.069122,207683
1785628800000,0.069122,0.069263,0.069115,0.069225,1500686
1785629700000,0.069244,0.069253,0.069135,0.069149,292419
1785630600000,0.069172,0.069202,0.0691,0.069128,243660
1785631500000,0.069151,0.069196,0.069103,0.069166,1291607
1785632400000,0.069199,0.069528,0.069189,0.069528,1872248
1785633300000,0.069509,0.069635,0.069495,0.069629,531143
1785634200000,0.069628,0.06963,0.069509,0.069545,1711027
1785635100000,0.06952,0.06964,0.069515,0.069596,124256
1785636000000,0.06963,0.070172,0.069587,0.070158,8437069
1785636900000,0.070144,0.070218,0.069998,0.070006,4671862
1785637800000,0.070006,0.070049,0.069857,0.07004,782586
1785638700000,0.070053,0.070053,0.069933,0.069988,794060
1785639600000,0.070015,0.070094,0.069992,0.070061,235528
1785640500000,0.070065,0.070093,0.069974,0.069976,228190
1785641400000,0.069976,0.070077,0.069963,0.070066,571518
1785642300000,0.070072,0.070072,0.06999,0.070012,49581
1785643200000,0.070055,0.070119,0.070043,0.070046,121323
1785644100000,0.070036,0.070131,0.07003,0.070102,281351
1785645000000,0.070102,0.070135,0.070091,0.070127,153163
1785645900000,0.070127,0.070253,0.070127,0.070209,4244444
1785646800000,0.070209,0.070306,0.070171,0.070235,1967537
1785647700000,0.070236,0.070552,0.070199,0.070417,1050876
1785648600000,0.070422,0.070466,0.070384,0.070466,206295
1785649500000,0.070489,0.070553,0.07046,0.070506,237270
1785650400000,0.070493,0.07053,0.070279,0.07028,368138
1785651300000,0.07028,0.070415,0.070242,0.070375,214443
1785652200000,0.070362,0.070405,0.070312,0.070374,200051
1785653100000,0.070373,0.070387,0.070325,0.070347,34081
1785654000000,0.070357,0.070357,0.070277,0.070317,108170
1785654900000,0.070309,0.070385,0.070309,0.07037,19304
1785655800000,0.07037,0.070406,0.070328,0.070397,508581
1785656700000,0.070376,0.070406,0.070338,0.070395,36741
1785657600000,0.070404,0.070406,0.070252,0.070252,1011236
1785658500000,0.070321,0.070352,0.070121,0.070121,278791
1785659400000,0.070117,0.070117,0.07001,0.070071,539557
1785660300000,0.070087,0.07009,0.070009,0.070009,1383168
1785661200000,0.07001,0.070094,0.06983,0.070089,1209001
1785662100000,0.070101,0.070202,0.070073,0.0701,1583130
1785663000000,0.0701,0.070209,0.070099,0.070186,165686
1785663900000,0.070185,0.070219,0.070185,0.070189,181485
1785664800000,0.070175,0.070201,0.070053,0.070053,129177
1785665700000,0.070048,0.070095,0.069891,0.069921,581971
1785666600000,0.069922,0.070033,0.069922,0.07,3781318
1785667500000,0.07002,0.070043,0.069992,0.070031,448299
1785668400000,0.070051,0.070102,0.069976,0.070039,512286
1785669300000,0.070048,0.07012,0.069998,0.07005,1746497
1785670200000,0.070019,0.070086,0.069931,0.06998,566466
1785671100000,0.069971,0.070116,0.069896,0.069968,1336046
1785672000000,0.069969,0.070108,0.069969,0.070104,483724
1785672900000,0.070108,0.070146,0.070016,0.070024,262538
1785673800000,0.070003,0.070062,0.069961,0.070034,63518
1785674700000,0.070028,0.070071,0.070007,0.070034,834261
1785675600000,0.070006,0.070111,0.069985,0.07011,102255
1785676500000,0.070065,0.07022,0.07002,0.070207,255681
1785677400000,0.070209,0.070209,0.070028,0.070088,354904
1785678300000,0.070111,0.070183,0.070095,0.070126,81290
1785679200000,0.070107,0.070163,0.070046,0.070115,121307
1785680100000,0.070106,0.070372,0.070106,0.070285,455379
1785681000000,0.070288,0.070499,0.070247,0.070499,398556
1785681900000,0.0705,0.070511,0.070367,0.070378,337793
1785682800000,0.070387,0.070471,0.070375,0.070423,88901
1785683700000,0.070403,0.070403,0.070315,0.070329,648395
1785684600000,0.070349,0.070428,0.07033,0.070339,111296
1785685500000,0.070377,0.070377,0.070263,0.070266,409148
1785686400000,0.070283,0.070283,0.070137,0.070163,132353
1785687300000,0.070147,0.070232,0.07014,0.070154,20250
1785688200000,0.070187,0.07042,0.070187,0.070397,106200
1785689100000,0.070414,0.07045,0.070335,0.070336,81727
1785690000000,0.070321,0.070333,0.070271,0.070294,129030
1785690900000,0.070272,0.070449,0.070264,0.070415,37296
1785691800000,0.07045,0.070637,0.070418,0.070601,887563
1785692700000,0.070633,0.070633,0.07055,0.07055,62781
1785693600000,0.070556,0.070587,0.070508,0.070587,373429
1785694500000,0.070584,0.070829,0.070583,0.070779,525313
1785695400000,0.070794,0.071201,0.07078,0.071031,1322448
1785696300000,0.071041,0.07105,0.070743,0.070785,49671613
1785697200000,0.070782,0.070816,0.070722,0.070738,470788
1785698100000,0.070723,0.070725,0.07064,0.07064,175950
1785699000000,0.070627,0.07071,0.070609,0.070709,950106
1785699900000,0.070718,0.070802,0.070691,0.070737,130359
1785700800000,0.070737,0.070737,0.070573,0.070609,268882
1785701700000,0.070582,0.07062,0.070548,0.070568,65979
1785702600000,0.070567,0.070588,0.070481,0.070493,113717
1785703500000,0.07048,0.070595,0.070461,0.070538,382646
1785704400000,0.070591,0.070692,0.07053,0.070659,433290
1785705300000,0.070658,0.070759,0.070653,0.070754,356385
1785706200000,0.070759,0.070919,0.070682,0.070859,1218215
1785707100000,0.070916,0.070955,0.070662,0.070768,427859
1785708000000,0.070756,0.071247,0.070756,0.071137,1677936
1785708900000,0.07116,0.071436,0.070998,0.070998,803594
1785709800000,0.071009,0.07104,0.070724,0.07086,349420
1785710700000,0.07088,0.070884,0.070736,0.070756,134332
1785711600000,0.070751,0.070762,0.070538,0.070545,219492
1785712500000,0.070537,0.07075,0.070509,0.07075,123007
1785713400000,0.070729,0.070743,0.070667,0.070688,40887
1785714300000,0.07069,0.070785,0.070652,0.070775,106105
1785715200000,0.070782,0.070902,0.070596,0.070613,730165
1785716100000,0.070612,0.070634,0.070291,0.07036,6949311
1785717000000,0.070339,0.07045,0.070257,0.070321,5655402
1785717900000,0.070339,0.070344,0.070176,0.070197,669499
1785718800000,0.070198,0.070218,0.070042,0.070107,771527
1785719700000,0.0701,0.0701,0.06998,0.07006,175907
1785720600000,0.07005,0.07011,0.069996,0.070042,104400
1785721500000,0.070042,0.070054,0.070006,0.070039,162129
1785722400000,0.07004,0.070062,0.069947,0.069982,271386
1785723300000,0.070021,0.070203,0.070012,0.070031,1104231
1785724200000,0.070045,0.070157,0.070045,0.070125,239898
1785725100000,0.070104,0.070134,0.069978,0.070039,904529
1785726000000,0.070013,0.070058,0.069936,0.069983,284531
1785726900000,0.06997,0.07002,0.069958,0.070011,803379
1785727800000,0.070003,0.070011,0.069961,0.069996,488842
1785728700000,0.069991,0.069991,0.069617,0.069776,4357415
1785729600000,0.069776,0.069897,0.069743,0.069808,4322635
1785730500000,0.069858,0.069988,0.069856,0.069925,278256
1785731400000,0.069919,0.069977,0.069899,0.069954,85073
1785732300000,0.06993,0.06993,0.069709,0.069709,130038
1785733200000,0.06972,0.06992,0.069666,0.069916,850176
1785734100000,0.06992,0.06993,0.069738,0.069772,355166
1785735000000,0.069736,0.069759,0.06964,0.069715,689533
1785735900000,0.069686,0.069812,0.069686,0.069812,52518
1785736800000,0.069838,0.069874,0.069706,0.069749,331214
1785737700000,0.06974,0.069755,0.069632,0.069632,1233916
1785738600000,0.069643,0.069675,0.069421,0.069421,9076045
1785739500000,0.069422,0.06957,0.069327,0.069382,6115303
1785740400000,0.0694,0.069418,0.069,0.069113,5761311
1785741300000,0.06909,0.069254,0.069001,0.069251,19627612
1785742200000,0.069266,0.069339,0.06922,0.06922,647627
1785743100000,0.069249,0.069295,0.069214,0.069252,437555
1785744000000,0.069247,0.069279,0.069168,0.069206,143080
1785744900000,0.06921,0.06921,0.068949,0.069017,17941535
1785745800000,0.069017,0.069214,0.06896,0.069207,993593
1785746700000,0.06921,0.06934,0.06921,0.069297,7348357
1785747600000,0.069297,0.069384,0.06926,0.06936,223575
1785748500000,0.069361,0.069444,0.069359,0.069419,298093
1785749400000,0.069413,0.069498,0.069399,0.069481,415678
1785750300000,0.069477,0.069768,0.069472,0.069689,391679
1785751200000,0.069686,0.06976,0.069636,0.06964,174392
1785752100000,0.069658,0.06966,0.06943,0.06943,359844
1785753000000,0.069419,0.069574,0.06937,0.069564,339539
1785753900000,0.069538,0.069539,0.069394,0.069493,267229
1785754800000,0.069494,0.069494,0.069271,0.069347,221410
1785755700000,0.069345,0.069468,0.069345,0.069383,83096
1785756600000,0.069383,0.069534,0.069383,0.069456,288838
1785757500000,0.069475,0.069476,0.069287,0.069336,217115
1785758400000,0.069295,0.069558,0.069221,0.069449,1459233
1785759300000,0.069452,0.069534,0.069435,0.069476,258756
1785760200000,0.069472,0.069574,0.069472,0.069574,380341
1785761100000,0.069597,0.069597,0.069493,0.069526,389496
1785762000000,0.069526,0.069583,0.069508,0.069581,141149
1785762900000,0.069562,0.069905,0.069544,0.069676,654815
1785763800000,0.069658,0.070016,0.069514,0.06999,4148808
1785764700000,0.070003,0.07042,0.069894,0.070338,1989464
1785765600000,0.070383,0.070385,0.070182,0.070252,780711
1785766500000,0.070147,0.070491,0.070084,0.070436,533897
1785767400000,0.070421,0.070467,0.070281,0.070296,1543008
1785768300000,0.070332,0.070438,0.070192,0.070418,665067
1785769200000,0.070435,0.070435,0.070169,0.070281,494947
1785770100000,0.070287,0.070419,0.070185,0.070349,930685
1785771000000,0.070298,0.07043,0.070242,0.070341,3712744
1785771900000,0.070353,0.070539,0.070342,0.070417,371069
1785772800000,0.07043,0.070542,0.070319,0.070425,215790
1785773700000,0.070425,0.070511,0.070398,0.070427,385281
1785774600000,0.07039,0.070418,0.070111,0.070239,4563076
1785775500000,0.07025,0.070319,0.070239,0.0703,305147
1785776400000,0.070302,0.070382,0.070228,0.070382,660782
1785777300000,0.070376,0.070557,0.07029,0.070307,406058
1785778200000,0.070289,0.070381,0.070289,0.070325,117095
1785779100000,0.070324,0.070391,0.070191,0.070284,1256813
1785780000000,0.070288,0.070439,0.070287,0.070439,125081
1785780900000,0.070435,0.070435,0.07024,0.070246,276201
1785781800000,0.070267,0.070359,0.070236,0.070357,203719
1785782700000,0.070358,0.070456,0.070303,0.070399,146645
1785783600000,0.070435,0.070447,0.070345,0.070412,196141
1785784500000,0.070415,0.070463,0.070383,0.070394,640736
1785785400000,0.070411,0.070495,0.070315,0.070372,360164
1785786300000,0.070395,0.070412,0.07023,0.070249,2514922
1785787200000,0.070254,0.070348,0.070213,0.070319,173806
1785788100000,0.07032,0.07043,0.070316,0.070373,703211
1785789000000,0.070388,0.070494,0.070385,0.070494,220117
1785789900000,0.070472,0.070483,0.070406,0.070481,161787
1785790800000,0.070486,0.070513,0.070373,0.070397,630038
1785791700000,0.070399,0.070439,0.070323,0.070439,85447
1785792600000,0.07045,0.070504,0.070426,0.070464,78876
1785793500000,0.070465,0.070465,0.070407,0.070452,247268
1785794400000,0.070451,0.070452,0.070144,0.070285,424269
1785795300000,0.070311,0.070382,0.070194,0.070194,296168
1785796200000,0.070193,0.070203,0.070105,0.070117,514746
1785797100000,0.070123,0.070231,0.070117,0.07023,93558
1785798000000,0.070218,0.070218,0.070121,0.070125,98770
1785798900000,0.070161,0.070266,0.07016,0.070215,1219407
1785799800000,0.070197,0.070204,0.070117,0.070147,80488
1785800700000,0.070131,0.070204,0.070131,0.070196,188396
1785801600000,0.070195,0.070245,0.07009,0.07015,1016136
1785802500000,0.070154,0.070163,0.069972,0.070029,365879
1785803400000,0.070035,0.070035,0.069878,0.069978,280608
1785804300000,0.069981,0.070108,0.069925,0.06995,179711
1785805200000,0.069946,0.07003,0.069925,0.069998,477870
1785806100000,0.069984,0.070093,0.069944,0.070018,149726
1785807000000,0.070033,0.070483,0.070033,0.070384,279217
1785807900000,0.070391,0.0705,0.070331,0.07046,116504
1785808800000,0.070491,0.070507,0.07039,0.07039,120475
1785809700000,0.070377,0.070452,0.070243,0.07045,400719
1785810600000,0.070394,0.070616,0.070394,0.070462,279897
1785811500000,0.070494,0.070495,0.07041,0.07041,119696
1785812400000,0.070407,0.070439,0.070291,0.070291,170168
1785813300000,0.070291,0.070371,0.070249,0.070359,154919
1785814200000,0.070388,0.070458,0.070333,0.070333,133090
1785815100000,0.070337,0.070381,0.070264,0.070264,35586
1785816000000,0.070258,0.070273,0.070168,0.070223,70131
1785816900000,0.070284,0.07043,0.070263,0.070342,395483
1785817800000,0.07033,0.070432,0.07033,0.070406,72380
1785818700000,0.070415,0.070524,0.070332,0.070332,251922
1785819600000,0.070339,0.070352,0.070194,0.070194,82125
1785820500000,0.070195,0.070272,0.070195,0.070241,24010
1785821400000,0.070236,0.070284,0.070217,0.070258,31687
1785822300000,0.070258,0.070271,0.07019,0.070271,919891
1785823200000,0.070228,0.070314,0.070228,0.070264,167524
1785824100000,0.070275,0.070385,0.07025,0.07025,235818
1785825000000,0.070249,0.070267,0.070081,0.070101,231939
1785825900000,0.070071,0.070212,0.070059,0.070178,1375427
1785826800000,0.070181,0.070181,0.070052,0.070063,149919
1785827700000,0.070054,0.070193,0.069986,0.070193,267852
1785828600000,0.070193,0.070385,0.07019,0.07019,224638
1785829500000,0.070244,0.070297,0.070224,0.070278,370914
1785830400000,0.070253,0.070283,0.070169,0.07018,139023
1785831300000,0.070163,0.070203,0.070136,0.070154,754746
1785832200000,0.070159,0.070159,0.070048,0.070134,362727
1785833100000,0.070129,0.070152,0.070092,0.070123,332976
1785834000000,0.07012,0.07012,0.070023,0.070074,422465
1785834900000,0.070054,0.070101,0.070016,0.070084,831618
1785835800000,0.070083,0.070177,0.070059,0.070176,573489
1785836700000,0.070145,0.07015,0.070104,0.070144,256918
1785837600000,0.070156,0.070156,0.070048,0.070048,519533
1785838500000,0.070047,0.070114,0.070025,0.070027,655325
1785839400000,0.070027,0.070294,0.070027,0.070294,1101730
1785840300000,0.070284,0.070435,0.070244,0.070338,1287541
1785841200000,0.070346,0.070444,0.070295,0.070297,414451
1785842100000,0.070305,0.070341,0.070237,0.070273,1560477
1785843000000,0.070265,0.070408,0.070229,0.070408,413777
1785843900000,0.070387,0.070681,0.070387,0.07056,3091958
1785844800000,0.07056,0.07056,0.070455,0.070455,746135
1785845700000,0.07045,0.070483,0.070404,0.070406,1152136
1785846600000,0.070406,0.070522,0.070361,0.070418,707846
1785847500000,0.070418,0.070451,0.070347,0.070451,619632
1785848400000,0.070446,0.070462,0.070373,0.07038,618078
1785849300000,0.070381,0.070432,0.070257,0.070308,531465
1785850200000,0.070295,0.070489,0.070242,0.070401,2571678
1785851100000,0.070361,0.070361,0.070103,0.070132,2332023
1785852000000,0.070135,0.0702,0.069964,0.070058,1718630
1785852900000,0.070041,0.070062,0.069749,0.069928,2791319
1785853800000,0.069911,0.070253,0.069896,0.070158,1410844
1785854700000,0.070177,0.070202,0.070074,0.070145,563403
1785855600000,0.070113,0.070228,0.07006,0.070155,629222
1785856500000,0.070155,0.070173,0.069939,0.06994,462822
1785857400000,0.069953,0.07022,0.069952,0.070219,1570583
1785858300000,0.070211,0.070348,0.070155,0.070206,802033
1785859200000,0.07021,0.07021,0.07001,0.07007,662789
1785860100000,0.070072,0.070348,0.07005,0.070159,1126371
1785861000000,0.070177,0.070225,0.070124,0.07015,582747
1785861900000,0.07015,0.070307,0.07015,0.070307,1474175
1785862800000,0.070307,0.070523,0.0703,0.070371,841950
1785863700000,0.070377,0.070425,0.070261,0.070378,859966
1785864600000,0.070378,0.070388,0.070281,0.070335,832975
1785865500000,0.070313,0.070351,0.070147,0.070171,606822
1785866400000,0.070166,0.070402,0.070166,0.070402,668593
1785867300000,0.070429,0.070611,0.070388,0.070489,996293
1785868200000,0.070485,0.070486,0.070316,0.070372,640234
1785869100000,0.070365,0.070403,0.070338,0.070375,1477480
1785870000000,0.070375,0.070413,0.070347,0.070376,1681463
1785870900000,0.070416,0.070418,0.070316,0.070345,152456
1785871800000,0.070345,0.070464,0.070344,0.070429,730108
1785872700000,0.070429,0.07043,0.070367,0.070395,606466
1785873600000,0.070417,0.070418,0.070275,0.070361,1020595
1785874500000,0.070349,0.070349,0.070086,0.070202,337436
1785875400000,0.070202,0.070484,0.070202,0.070441,12668808
1785876300000,0.070402,0.070422,0.070343,0.07035,159296
1785877200000,0.070353,0.070354,0.070218,0.070218,36040
1785878100000,0.070195,0.07031,0.070158,0.07024,570125
1785879000000,0.070238,0.070287,0.07022,0.070224,300367
1785879900000,0.070231,0.070307,0.070184,0.070279,127785
1785880800000,0.070269,0.070289,0.07017,0.070275,88800
1785881700000,0.070283,0.070363,0.070258,0.070338,66350
1785882600000,0.07034,0.070363,0.070312,0.070313,73848
1785883500000,0.070315,0.070391,0.070299,0.070379,119898
1785884400000,0.070376,0.07048,0.0703,0.07046,130885
1785885300000,0.070454,0.070494,0.070199,0.0702,258145
1785886200000,0.070205,0.070267,0.070095,0.070202,413460
1785887100000,0.07016,0.070171,0.070046,0.070046,183142
1785888000000,0.070032,0.070051,0.069875,0.069933,1132041
1785888900000,0.069932,0.069956,0.069833,0.069882,1601211
1785889800000,0.06991,0.070097,0.069865,0.069906,308184
1785890700000,0.069909,0.069938,0.069803,0.069819,456657
1785891600000,0.06982,0.06993,0.069703,0.069908,538226
1785892500000,0.069903,0.069991,0.069858,0.069991,100573
1785893400000,0.069991,0.070203,0.069991,0.070122,155793
1785894300000,0.070118,0.070281,0.070118,0.07024,376571
1785895200000,0.070213,0.070368,0.0702,0.070252,169682
1785896100000,0.070259,0.070259,0.070085,0.070217,443052
1785897000000,0.070223,0.070344,0.070191,0.070344,139475
1785897900000,0.07038,0.070393,0.070218,0.070219,291620
1785898800000,0.070234,0.070279,0.07,0.07,252282
1785899700000,0.069969,0.069969,0.069661,0.069669,1862342
1785900600000,0.069652,0.069817,0.069652,0.06976,235122
1785901500000,0.069695,0.069796,0.069695,0.069739,778718
1785902400000,0.069745,0.069776,0.06968,0.069768,183925
1785903300000,0.069732,0.069854,0.069732,0.069854,49103
1785904200000,0.069869,0.069903,0.069845,0.069845,1054600
1785905100000,0.069851,0.069861,0.069767,0.069827,60777
1785906000000,0.069819,0.069999,0.069811,0.069987,501206
1785906900000,0.06996,0.070127,0.069938,0.07007,276635
1785907800000,0.070071,0.070071,0.069955,0.069985,296275
1785908700000,0.070001,0.07001,0.069913,0.069929,385687
1785909600000,0.069908,0.069916,0.069864,0.06988,190977
1785910500000,0.069853,0.069881,0.069733,0.069795,441140
1785911400000,0.069792,0.069868,0.069765,0.06979,276352
1785912300000,0.069789,0.06982,0.069762,0.06977,648577
1785913200000,0.069798,0.069839,0.069686,0.069711,112341
1785914100000,0.069695,0.069708,0.069584,0.069605,251365
1785915000000,0.069592,0.069682,0.069592,0.069622,81648
1785915900000,0.06963,0.069819,0.06963,0.069819,109812
1785916800000,0.069838,0.069876,0.06978,0.06978,599640
1785917700000,0.06977,0.069899,0.069752,0.069892,461982
1785918600000,0.069884,0.069933,0.069804,0.069804,98472
1785919500000,0.0698,0.069897,0.069792,0.069852,676361
1785920400000,0.069872,0.069914,0.069851,0.069889,250175
1785921300000,0.069888,0.069953,0.06985,0.069874,1405831
1785922200000,0.069893,0.069935,0.06987,0.06987,91581
1785923100000,0.069875,0.06988,0.069791,0.069791,491201
1785924000000,0.06979,0.0698,0.06967,0.069726,568613
1785924900000,0.0697,0.069845,0.069656,0.06981,213560
1785925800000,0.06981,0.069881,0.069763,0.069827,242595
1785926700000,0.069788,0.069803,0.06959,0.06964,1331094
1785927600000,0.069649,0.069847,0.069649,0.069818,81496
1785928500000,0.069799,0.069831,0.069777,0.069782,2317716
1785929400000,0.069759,0.069855,0.069759,0.069784,87175
1785930300000,0.069784,0.069826,0.069743,0.069791,96208
1785931200000,0.069802,0.069919,0.069775,0.069891,167226
1785932100000,0.069892,0.070214,0.06989,0.070165,922847
1785933000000,0.07012,0.070127,0.070036,0.070054,277369
1785933900000,0.070024,0.07006,0.069921,0.069929,429882
1785934800000,0.069928,0.070001,0.06981,0.069889,86049
1785935700000,0.069874,0.069938,0.069779,0.069797,187536
1785936600000,0.069792,0.069792,0.069238,0.069621,2418757
1785937500000,0.069637,0.069817,0.069522,0.06981,362314
1785938400000,0.069801,0.069989,0.069703,0.069911,766000
1785939300000,0.06998,0.070017,0.069724,0.069771,269672
1785940200000,0.069772,0.06986,0.06972,0.069855,424752
1785941100000,0.069871,0.07,0.069789,0.069952,155792
1785942000000,0.069942,0.070104,0.069934,0.069972,212684
1785942900000,0.069912,0.069912,0.069763,0.06987,181623
1785943800000,0.069876,0.070017,0.069876,0.0699,148633
1785944700000,0.069898,0.069919,0.069679,0.069686,189817
1785945600000,0.069666,0.069909,0.069663,0.069909,458426
1785946500000,0.069912,0.070329,0.069906,0.07024,2471401
1785947400000,0.070246,0.070313,0.070204,0.070207,408621
1785948300000,0.0702,0.0702,0.070058,0.070074,182910
1785949200000,0.070088,0.070177,0.070008,0.070014,534588
1785950100000,0.07,0.070026,0.069934,0.069992,116527
1785951000000,0.069981,0.070284,0.069965,0.070239,903353
1785951900000,0.070205,0.07038,0.070203,0.070258,394167
1785952800000,0.070262,0.070262,0.070077,0.07019,426624
1785953700000,0.070249,0.070445,0.07019,0.070276,1694660
1785954600000,0.070252,0.070385,0.070172,0.070335,1542813
1785955500000,0.070336,0.070347,0.070167,0.07019,327277
1785956400000,0.070179,0.070272,0.070155,0.070244,175654
1785957300000,0.070229,0.070333,0.070185,0.070285,146997
1785958200000,0.070277,0.07037,0.07026,0.070339,1820258
1785959100000,0.070302,0.070302,0.070226,0.070226,49676
1785960000000,0.070227,0.070249,0.070078,0.070227,2031599
1785960900000,0.070258,0.070411,0.070258,0.070336,1248207
1785961800000,0.07035,0.070533,0.07032,0.070524,1044776
1785962700000,0.070509,0.070509,0.07033,0.07033,179956
1785963600000,0.070332,0.070332,0.070124,0.070268,1067462
1785964500000,0.070267,0.07028,0.070135,0.070136,660222
1785965400000,0.070156,0.070194,0.070001,0.070086,963180
1785966300000,0.070068,0.07012,0.070047,0.070101,147418
1785967200000,0.070072,0.070105,0.069987,0.070019,136896
1785968100000,0.070068,0.070135,0.070042,0.070075,64617
1785969000000,0.070087,0.070124,0.070023,0.070023,36300
1785969900000,0.070023,0.070061,0.069981,0.069981,192269
1785970800000,0.069969,0.070017,0.069883,0.069962,406073
1785971700000,0.069958,0.070033,0.069936,0.070033,814499
1785972600000,0.070013,0.070073,0.069994,0.070045,181118
1785973500000,0.070024,0.070064,0.069956,0.07004,341634
1785974400000,0.070039,0.070048,0.069993,0.069999,1389197
1785975300000,0.070001,0.070125,0.069993,0.070101,518517
1785976200000,0.070131,0.070131,0.070045,0.07006,100495
1785977100000,0.070013,0.070105,0.06999,0.070063,61586
1785978000000,0.070056,0.070065,0.06995,0.069968,73886
1785978900000,0.069943,0.069964,0.069776,0.069798,359838
1785979800000,0.069795,0.069856,0.06975,0.069799,156896
1785980700000,0.069761,0.069853,0.069669,0.069669,237196
1785981600000,0.069666,0.069835,0.069595,0.069697,259875
1785982500000,0.069682,0.069696,0.06955,0.069588,512270
1785983400000,0.069576,0.069696,0.069539,0.069674,182309
1785984300000,0.069688,0.06973,0.069654,0.069654,50252
1785985200000,0.069625,0.069648,0.069594,0.069636,162428
1785986100000,0.06963,0.069662,0.069591,0.069659,23901
1785987000000,0.06966,0.069671,0.06959,0.06959,106710
1785987900000,0.069578,0.069664,0.069569,0.069595,44328
1785988800000,0.069622,0.069649,0.069453,0.069649,511277
1785989700000,0.069643,0.069809,0.069642,0.069755,146641
1785990600000,0.069774,0.069816,0.069717,0.069717,158015
1785991500000,0.069725,0.0698,0.069674,0.0698,160368
1785992400000,0.0698,0.070136,0.069798,0.070029,566622
1785993300000,0.07004,0.070117,0.069938,0.069942,520899
1785994200000,0.069932,0.069977,0.069913,0.069952,326455
1785995100000,0.069952,0.069973,0.069903,0.069973,152507
1785996000000,0.069961,0.069973,0.069802,0.069802,311624
1785996900000,0.0698,0.069844,0.069706,0.069844,182698
1785997800000,0.069856,0.069903,0.069846,0.069893,330909
1785998700000,0.0699,0.0699,0.069864,0.069896,146649
1785999600000,0.069866,0.069928,0.069847,0.069919,68779
1786000500000,0.069941,0.069971,0.069915,0.069915,105801
1786001400000,0.069902,0.069902,0.069763,0.069767,112414
1786002300000,0.069767,0.069828,0.069756,0.069768,234056
1786003200000,0.069772,0.069791,0.0697,0.069701,254467
1786004100000,0.0697,0.069799,0.069661,0.069799,220091
1786005000000,0.0698,0.069903,0.069782,0.06987,174534
1786005900000,0.06987,0.070007,0.06987,0.069941,151552
1786006800000,0.069941,0.06995,0.069421,0.069462,554375
1786007700000,0.069458,0.069474,0.069352,0.0694,1238658
1786008600000,0.069391,0.069391,0.068925,0.069022,3153987
1786009500000,0.069026,0.069096,0.0689,0.069037,918099
1786010400000,0.069027,0.069072,0.068837,0.068899,438756
1786011300000,0.068885,0.069067,0.068776,0.069066,358536
1786012200000,0.069035,0.069066,0.068985,0.06903,311407
1786013100000,0.06902,0.069066,0.068977,0.069015,133685
1786014000000,0.069015,0.069015,0.06886,0.068999,353985
1786014900000,0.069029,0.069122,0.069027,0.069108,112164
1786015800000,0.069122,0.069231,0.069122,0.069223,1072821
1786016700000,0.069223,0.069224,0.069113,0.069143,187424
1786017600000,0.069144,0.069144,0.068967,0.068998,386526
1786018500000,0.068988,0.069087,0.068971,0.069068,67298
1786019400000,0.069063,0.069088,0.069008,0.069009,362273
1786020300000,0.069006,0.069006,0.068809,0.068825,431813
1786021200000,0.068819,0.068868,0.0685,0.068557,1989411
1786022100000,0.06855,0.06863,0.068505,0.068598,334071
1786023000000,0.068591,0.068787,0.06821,0.068762,10575640
1786023900000,0.068749,0.068823,0.068688,0.068779,914207
1786024800000,0.068773,0.068871,0.068688,0.068809,2731117
1786025700000,0.068805,0.068981,0.068769,0.068795,4808467
1786026600000,0.068795,0.06917,0.068724,0.069127,914300
1786027500000,0.069136,0.069136,0.068965,0.069075,424362
1786028400000,0.069072,0.069237,0.069051,0.069111,1120333
1786029300000,0.06913,0.069198,0.069028,0.069136,181089
1786030200000,0.069146,0.069184,0.069046,0.069096,271410
1786031100000,0.069076,0.06924,0.068992,0.068992,279435
1786032000000,0.068997,0.069138,0.068942,0.068971,370951
1786032900000,0.068972,0.069114,0.068945,0.069114,111740
1786033800000,0.069114,0.069341,0.069109,0.069319,155976
1786034700000,0.069316,0.069344,0.06925,0.06929,193375
1786035600000,0.069318,0.069355,0.069236,0.069274,168322
1786036500000,0.069244,0.0693,0.069195,0.069195,141386
1786037400000,0.069195,0.069199,0.068962,0.069039,236423
1786038300000,0.069029,0.069099,0.068998,0.069073,158719
1786039200000,0.069074,0.069074,0.06884,0.068993,353907
1786040100000,0.069,0.069117,0.068926,0.069034,203415
1786041000000,0.069035,0.069035,0.068762,0.068784,516126
1786041900000,0.068784,0.068822,0.068622,0.068682,149335
1786042800000,0.068697,0.0688,0.06866,0.068757,260977
1786043700000,0.068747,0.068813,0.068674,0.068716,195175
1786044600000,0.068699,0.068792,0.068689,0.068786,381145
1786045500000,0.068785,0.068809,0.068702,0.068725,90509
1786046400000,0.068728,0.068804,0.068716,0.068794,269962
1786047300000,0.068795,0.068795,0.068721,0.068755,35332
1786048200000,0.068758,0.068927,0.06874,0.068922,725382
1786049100000,0.068906,0.06893,0.068894,0.068894,134370
1786050000000,0.068899,0.069085,0.068899,0.069046,140662
1786050900000,0.069067,0.069085,0.068894,0.069004,137253
1786051800000,0.069008,0.06903,0.068891,0.069003,959945
1786052700000,0.069002,0.069082,0.068981,0.069072,98653
1786053600000,0.069074,0.069085,0.068987,0.069078,533382
1786054500000,0.069065,0.069087,0.068876,0.068917,148481
1786055400000,0.068933,0.068951,0.068887,0.068904,383684
1786056300000,0.068904,0.068995,0.0689,0.068995,42824
1786057200000,0.06898,0.069,0.068965,0.068975,110655
1786058100000,0.068976,0.068982,0.068851,0.068882,284481
1786059000000,0.068882,0.068925,0.068836,0.068876,181647
1786059900000,0.068877,0.069062,0.068852,0.069057,854932
1786060800000,0.069057,0.069217,0.069042,0.069057,682537
1786061700000,0.069066,0.069072,0.068962,0.069071,493756
1786062600000,0.069068,0.069161,0.06901,0.069158,203556
1786063500000,0.06916,0.069304,0.06916,0.069246,190825
1786064400000,0.069284,0.069424,0.069264,0.069295,206793
1786065300000,0.069278,0.069359,0.069219,0.069334,870604
1786066200000,0.069357,0.069367,0.069101,0.069185,161655
1786067100000,0.069191,0.069288,0.06919,0.069247,145948
1786068000000,0.069244,0.069316,0.069037,0.069301,1751821
1786068900000,0.069323,0.069454,0.069198,0.069198,836854
1786069800000,0.069211,0.069223,0.069098,0.069155,176124
1786070700000,0.069145,0.069302,0.069131,0.069241,69553
1786071600000,0.069256,0.069397,0.069182,0.069302,1802604
1786072500000,0.069306,0.069317,0.069224,0.069224,56032
1786073400000,0.069225,0.069307,0.069158,0.069162,50315
1786074300000,0.069163,0.069214,0.069025,0.069025,1841785
1786075200000,0.069038,0.069092,0.068925,0.069014,300714
1786076100000,0.069015,0.069181,0.069002,0.069056,96786
1786077000000,0.069037,0.069088,0.069004,0.069055,136591
1786077900000,0.069037,0.069076,0.068896,0.06899,235524
1786078800000,0.068988,0.069091,0.068953,0.069031,721254
1786079700000,0.069018,0.069062,0.068936,0.068976,103974
1786080600000,0.068975,0.069016,0.068784,0.069015,707658
1786081500000,0.069008,0.069239,0.069001,0.069174,426041
1786082400000,0.069174,0.069296,0.069157,0.069296,104373
1786083300000,0.069306,0.069459,0.069275,0.06933,1046366
1786084200000,0.069312,0.069407,0.068991,0.069145,3884076
1786085100000,0.06915,0.06921,0.069114,0.069186,220103
1786086000000,0.069103,0.069269,0.069103,0.069266,98060
1786086900000,0.069264,0.069312,0.069223,0.069223,171272
1786087800000,0.069227,0.069265,0.069199,0.069226,26363
1786088700000,0.069228,0.069302,0.069226,0.069275,53745
1786089600000,0.069265,0.069386,0.069253,0.069383,581783
1786090500000,0.06938,0.06938,0.069309,0.069377,600187
1786091400000,0.069367,0.069483,0.069307,0.069453,334586
1786092300000,0.069421,0.069421,0.069349,0.06937,74612
1786093200000,0.069373,0.069449,0.069371,0.069418,4201739
1786094100000,0.069419,0.069553,0.069409,0.069473,2525665
1786095000000,0.069428,0.069573,0.069427,0.069522,7343396
1786095900000,0.069527,0.069546,0.069483,0.069539,184416
1786096800000,0.069573,0.069605,0.069539,0.069573,384466
1786097700000,0.069577,0.069577,0.069482,0.069547,398715
1786098600000,0.069542,0.069542,0.069466,0.069466,524078
1786099500000,0.069481,0.069498,0.06942,0.069442,198595
1786100400000,0.069442,0.069526,0.069442,0.06949,97277
1786101300000,0.069487,0.069641,0.069422,0.069614,9665026
1786102200000,0.069598,0.069604,0.069535,0.069552,381546
1786103100000,0.069525,0.069545,0.069501,0.069538,837659
1786104000000,0.069548,0.069999,0.069543,0.069883,1351920
1786104900000,0.06988,0.069988,0.069851,0.069988,589133
1786105800000,0.07,0.070247,0.06981,0.069968,4817699
1786106700000,0.069949,0.070039,0.069919,0.070038,595353
1786107600000,0.070028,0.07014,0.069976,0.069976,196362
1786108500000,0.069969,0.070072,0.069928,0.069975,136222
1786109400000,0.069979,0.070174,0.069928,0.070139,335267
1786110300000,0.070131,0.070182,0.069984,0.069984,419693
1786111200000,0.069997,0.070081,0.069758,0.069758,1353933
1786112100000,0.069753,0.070126,0.069711,0.070104,1615301
1786113000000,0.070105,0.070105,0.069849,0.069849,992587
1786113900000,0.069837,0.069852,0.069563,0.069666,365457
1786114800000,0.069689,0.069847,0.069666,0.069756,150653
1786115700000,0.069759,0.069798,0.069709,0.069783,5167008
1786116600000,0.069807,0.069946,0.069786,0.069946,288899
1786117500000,0.069912,0.069992,0.069867,0.069913,3418004
1786118400000,0.06994,0.070112,0.069932,0.070112,367274
1786119300000,0.07009,0.0701,0.069854,0.069873,455481
1786120200000,0.069881,0.070008,0.06981,0.070008,210401
1786121100000,0.069991,0.069991,0.06962,0.06962,5064719
1786122000000,0.069595,0.069668,0.069445,0.069454,508863
1786122900000,0.069465,0.069499,0.06938,0.069477,3623892
1786123800000,0.069467,0.06964,0.069381,0.069618,2296368
1786124700000,0.06963,0.06966,0.069498,0.069623,1928368
1786125600000,0.069616,0.069777,0.069616,0.069747,615307
1786126500000,0.069764,0.069764,0.069668,0.069677,196364
1786127400000,0.069671,0.069736,0.069497,0.069518,218373
1786128300000,0.069503,0.069609,0.069495,0.069609,348912
1786129200000,0.06963,0.069829,0.069627,0.069796,323610
1786130100000,0.069832,0.069927,0.069825,0.069825,164450
1786131000000,0.069822,0.069867,0.069796,0.069831,193849
1786131900000,0.069838,0.069881,0.069781,0.069819,83053
1786132800000,0.069823,0.069859,0.069812,0.069824,138359
1786133700000,0.069822,0.069823,0.069768,0.069782,37535
1786134600000,0.069762,0.069763,0.069695,0.069732,61839
1786135500000,0.069726,0.069736,0.069708,0.069708,323224
1786136400000,0.069724,0.069801,0.069718,0.069794,79288
1786137300000,0.069825,0.069852,0.069587,0.069759,297737
1786138200000,0.06976,0.069889,0.069759,0.069782,345143
1786139100000,0.069782,0.069822,0.069669,0.069669,28933
1786140000000,0.069668,0.069738,0.06961,0.069724,100234
1786140900000,0.069737,0.069764,0.069707,0.069729,61467
1786141800000,0.069729,0.069729,0.069587,0.069606,209058
1786142700000,0.069605,0.069653,0.069605,0.069614,52500
1786143600000,0.069621,0.069743,0.069615,0.069711,105782
1786144500000,0.06973,0.06973,0.069642,0.069642,477636
1786145400000,0.069642,0.069681,0.069641,0.069673,408884
1786146300000,0.06968,0.069719,0.0696,0.069611,538448
1786147200000,0.069596,0.069696,0.069511,0.069676,1652432
1786148100000,0.06968,0.069708,0.069632,0.069701,515344
1786149000000,0.069702,0.069766,0.06965,0.069757,197023
1786149900000,0.069772,0.06988,0.069682,0.069705,292134
1786150800000,0.069706,0.069817,0.069693,0.069807,112260
1786151700000,0.069825,0.069883,0.069818,0.069882,315087
1786152600000,0.069882,0.069967,0.069859,0.069955,275554
1786153500000,0.069961,0.069961,0.0699,0.06991,121538
1786154400000,0.06991,0.069961,0.06989,0.06992,84885
1786155300000,0.069897,0.069921,0.069848,0.069921,214110
1786156200000,0.069921,0.069936,0.069877,0.069926,133697
1786157100000,0.069926,0.069926,0.06985,0.06985,72644
1786158000000,0.069848,0.069992,0.069846,0.069944,338484
1786158900000,0.069935,0.070045,0.069935,0.070014,133604
1786159800000,0.070055,0.070269,0.070051,0.07021,525141
1786160700000,0.070187,0.070374,0.070186,0.070305,146669
1786161600000,0.070299,0.070331,0.070124,0.070144,623350
1786162500000,0.070133,0.070148,0.070079,0.070116,236326
1786163400000,0.070117,0.070213,0.070117,0.070166,177388
1786164300000,0.07017,0.07017,0.070058,0.070089,1495925
1786165200000,0.070086,0.070148,0.070085,0.070138,92284
1786166100000,0.070137,0.070181,0.070089,0.07009,173656
1786167000000,0.070089,0.070247,0.070074,0.070174,140725
1786167900000,0.070165,0.070247,0.070096,0.070166,121246
1786168800000,0.070197,0.070225,0.070177,0.070215,137179
1786169700000,0.070215,0.070254,0.070181,0.070254,138855
1786170600000,0.070268,0.070339,0.070247,0.070294,155776
1786171500000,0.070308,0.070342,0.070269,0.070342,37683
1786172400000,0.070336,0.070353,0.070253,0.070261,144076
1786173300000,0.070269,0.070302,0.070253,0.07027,88416
1786174200000,0.070271,0.070271,0.07018,0.07018,77503
1786175100000,0.070218,0.070223,0.070203,0.070222,68762
1786176000000,0.070223,0.070242,0.070201,0.070201,107714
1786176900000,0.070205,0.070205,0.070129,0.070166,97453
1786177800000,0.070169,0.070246,0.070169,0.070246,302066
1786178700000,0.070245,0.070388,0.070214,0.070381,1535685
1786179600000,0.070392,0.070494,0.070375,0.070375,582807
1786180500000,0.070376,0.070493,0.070376,0.070465,1171767
1786181400000,0.0705,0.070602,0.07031,0.070322,1691103
1786182300000,0.070338,0.07039,0.070317,0.070342,1339919
1786183200000,0.070354,0.070421,0.070316,0.070317,340921
1786184100000,0.070317,0.070334,0.070297,0.070309,344572
1786185000000,0.070291,0.07031,0.070264,0.070283,1100831
1786185900000,0.070282,0.070412,0.070272,0.07039,200500
1786186800000,0.070392,0.070476,0.070363,0.070441,1162699
1786187700000,0.070434,0.070434,0.070364,0.070405,31120
1786188600000,0.070406,0.070406,0.070308,0.070308,845452
1786189500000,0.070325,0.070446,0.070325,0.070405,751832
1786190400000,0.070414,0.070451,0.070375,0.070444,131122
1786191300000,0.070446,0.070473,0.070386,0.070386,80604
1786192200000,0.070385,0.07046,0.070369,0.070436,156640
1786193100000,0.070439,0.070478,0.070411,0.07042,140551
1786194000000,0.070412,0.070509,0.070411,0.070448,101431
1786194900000,0.070433,0.070577,0.070432,0.070533,387657
1786195800000,0.070525,0.070588,0.070508,0.070578,34668
1786196700000,0.070574,0.070599,0.070492,0.070494,64082
1786197600000,0.070497,0.070538,0.070478,0.070505,54440
1786198500000,0.070495,0.07085,0.070482,0.070841,540940
1786199400000,0.070846,0.071239,0.070821,0.071044,1928642
1786200300000,0.07106,0.071511,0.07106,0.071262,7063343
1786201200000,0.071264,0.071338,0.071083,0.071116,3195364
1786202100000,0.071085,0.07109,0.070961,0.071032,252145
1786203000000,0.071032,0.071066,0.070916,0.07099,82336
1786203900000,0.07101,0.071219,0.070964,0.071137,7758073
1786204800000,0.071139,0.071353,0.071139,0.07133,584671
1786205700000,0.071313,0.071359,0.071154,0.071284,231996
1786206600000,0.071239,0.071239,0.071055,0.071079,363323
1786207500000,0.071082,0.071209,0.071067,0.071206,143856
1786208400000,0.071245,0.071246,0.071132,0.071211,3166541
1786209300000,0.071185,0.071286,0.071181,0.071279,2269661
1786210200000,0.071271,0.071395,0.071257,0.071374,2258631
1786211100000,0.071373,0.071409,0.071251,0.071251,1177428
1786212000000,0.071236,0.071326,0.071183,0.071248,6603277
1786212900000,0.071243,0.071243,0.070964,0.070969,790678
1786213800000,0.07097,0.07102,0.07095,0.071019,133428
1786214700000,0.071014,0.071039,0.070931,0.070939,544797
1786215600000,0.070931,0.070971,0.070866,0.070971,336411
1786216500000,0.07095,0.071,0.070889,0.070896,355702
1786217400000,0.070885,0.071005,0.070867,0.071005,195936
1786218300000,0.070996,0.071094,0.070958,0.070958,2753949
1786219200000,0.070961,0.071078,0.070956,0.071045,613474
1786220100000,0.071043,0.071074,0.07099,0.071017,262468
1786221000000,0.071017,0.071094,0.071008,0.07101,93709
1786221900000,0.07101,0.071042,0.070993,0.071006,281154
1786222800000,0.071006,0.071042,0.070952,0.07097,275621
1786223700000,0.07097,0.071101,0.070969,0.071046,1283598
1786224600000,0.071047,0.071047,0.070918,0.070988,1034103
1786225500000,0.070991,0.070991,0.070912,0.070947,223407
1786226400000,0.070962,0.070992,0.070721,0.070721,1315126
1786227300000,0.070759,0.070762,0.070678,0.070695,451400
1786228200000,0.070692,0.070698,0.070581,0.070606,1240996
1786229100000,0.070607,0.070607,0.070452,0.070496,1362486
1786230000000,0.070495,0.070495,0.070301,0.070321,1546020
1786230900000,0.070313,0.070429,0.070262,0.07035,2310337
1786231800000,0.070334,0.070473,0.070331,0.070451,634537
1786232700000,0.070452,0.070476,0.070409,0.070411,1699866
1786233600000,0.070396,0.070453,0.070384,0.070421,1337256
1786234500000,0.070401,0.070401,0.070335,0.070336,1352211
1786235400000,0.070335,0.0704,0.070307,0.070387,310189
1786236300000,0.070391,0.070404,0.070262,0.070396,413756
1786237200000,0.070369,0.070478,0.070292,0.070305,316736
1786238100000,0.070303,0.070308,0.070023,0.070043,2534609
1786239000000,0.070034,0.070083,0.069978,0.070051,2083473
1786239900000,0.070051,0.070071,0.069957,0.069999,169706
1786240800000,0.069994,0.070025,0.069904,0.070001,552311
1786241700000,0.070001,0.070086,0.069979,0.070041,316103
1786242600000,0.070045,0.070045,0.069976,0.069982,21245
1786243500000,0.069979,0.070036,0.069932,0.069977,133731
1786244400000,0.069978,0.06998,0.069837,0.069867,1311665
1786245300000,0.069864,0.070016,0.069849,0.070016,162105
1786246200000,0.070015,0.070058,0.069988,0.069989,91660
1786247100000,0.069989,0.070041,0.069969,0.069987,181213
1786248000000,0.069985,0.070098,0.069976,0.070082,280556
1786248900000,0.070083,0.070112,0.070056,0.070073,157048
1786249800000,0.070075,0.070092,0.070025,0.070032,149668
1786250700000,0.070031,0.070032,0.070009,0.07002,65915
1786251600000,0.070013,0.070032,0.06998,0.069981,192391
1786252500000,0.069983,0.069983,0.069886,0.069886,260064
1786253400000,0.069881,0.069906,0.069857,0.069906,274057
1786254300000,0.069898,0.06999,0.069898,0.069989,194627
1786255200000,0.069989,0.070005,0.069911,0.069989,177857
1786256100000,0.06999,0.070057,0.06999,0.070056,28961
1786257000000,0.070052,0.070156,0.070052,0.070151,72552
1786257900000,0.070153,0.070217,0.070153,0.070165,126241
1786258800000,0.070166,0.070193,0.070049,0.070115,437571
1786259700000,0.070103,0.07011,0.07004,0.070106,70143
1786260600000,0.070106,0.070134,0.070095,0.070133,51202
1786261500000,0.070133,0.070139,0.070076,0.070126,212986
1786262400000,0.070122,0.070257,0.070112,0.070154,804741
1786263300000,0.07016,0.07019,0.070107,0.070146,89367
1786264200000,0.070174,0.070196,0.069929,0.069929,215739
1786265100000,0.069929,0.070086,0.069928,0.07008,227393
1786266000000,0.07008,0.070109,0.070041,0.07009,272300
1786266900000,0.07009,0.07009,0.069985,0.069992,845186
1786267800000,0.069991,0.070056,0.069991,0.070056,816423
1786268700000,0.070056,0.070126,0.070003,0.070126,143826
1786269600000,0.070119,0.070168,0.070074,0.070168,131857
1786270500000,0.070168,0.070227,0.070156,0.07016,300889
1786271400000,0.070138,0.070156,0.070117,0.070155,109824
1786272300000,0.070157,0.070195,0.07015,0.070153,262474
1786273200000,0.07017,0.07025,0.07015,0.07025,357070
1786274100000,0.07025,0.07025,0.070186,0.070207,590592
1786275000000,0.070209,0.070272,0.070196,0.070205,181871
1786275900000,0.070213,0.070224,0.070145,0.070154,336964
1786276800000,0.070157,0.070187,0.070104,0.070186,164755
1786277700000,0.070187,0.070212,0.070181,0.070209,365317
1786278600000,0.070187,0.070187,0.070119,0.070148,26894
1786279500000,0.07014,0.070157,0.070128,0.070157,125076
1786280400000,0.070136,0.070274,0.070136,0.070273,69984
1786281300000,0.070282,0.07041,0.070281,0.070388,297914
1786282200000,0.070401,0.070444,0.070333,0.070377,479171
1786283100000,0.070386,0.070389,0.070307,0.070311,846122
1786284000000,0.07031,0.070426,0.070301,0.070425,4854738
1786284900000,0.070425,0.070457,0.070349,0.07035,419107
1786285800000,0.070372,0.070415,0.070343,0.070397,335314
1786286700000,0.070398,0.070538,0.070398,0.070498,747435
1786287600000,0.070501,0.070575,0.070486,0.070546,545309
1786288500000,0.070546,0.070576,0.070515,0.070575,265856
1786289400000,0.070576,0.070762,0.070575,0.070719,664519
1786290300000,0.07072,0.070736,0.070613,0.070699,519943
1786291200000,0.070736,0.070802,0.07068,0.070719,552295
1786292100000,0.070719,0.070758,0.070598,0.070605,202561
1786293000000,0.070606,0.070746,0.070592,0.070745,1381574
1786293900000,0.070745,0.070789,0.070678,0.070736,115295
1786294800000,0.070736,0.070812,0.070736,0.07077,164652
1786295700000,0.07077,0.07077,0.07067,0.07067,129606
1786296600000,0.070679,0.070717,0.070665,0.070681,734351
1786297500000,0.070681,0.070681,0.070507,0.070519,265747
1786298400000,0.070579,0.07061,0.070529,0.070529,108964
1786299300000,0.07053,0.07053,0.070434,0.070472,141699
1786300200000,0.070472,0.070505,0.070425,0.070493,77362
1786301100000,0.070499,0.07054,0.070474,0.070518,126388
1786302000000,0.070511,0.070517,0.07042,0.07042,284578
1786302900000,0.070407,0.070494,0.070407,0.070479,54739
1786303800000,0.070479,0.070516,0.070447,0.070516,500809
1786304700000,0.070516,0.070558,0.070495,0.070505,4742042
1786305600000,0.070504,0.07052,0.070379,0.070379,192140
1786306500000,0.070399,0.070469,0.070367,0.070469,214641
1786307400000,0.070468,0.070491,0.070462,0.070469,51673
1786308300000,0.070462,0.070484,0.070431,0.070484,74351
1786309200000,0.070488,0.070538,0.070431,0.070515,194154
1786310100000,0.070487,0.07061,0.070486,0.07061,326642
1786311000000,0.070632,0.07081,0.070631,0.070717,741934
1786311900000,0.070717,0.070737,0.070589,0.070604,1005549
1786312800000,0.070598,0.070964,0.070598,0.07092,505535
1786313700000,0.070935,0.070984,0.070678,0.070679,265357
1786314600000,0.070679,0.070694,0.070038,0.070113,11390960
1786315500000,0.070112,0.070112,0.06989,0.070038,1208019
1786316400000,0.070007,0.070059,0.069784,0.069784,560047
1786317300000,0.069779,0.069785,0.069426,0.069468,8074563
1786318200000,0.069467,0.069527,0.069314,0.069397,9436553
1786319100000,0.069417,0.069478,0.069251,0.069333,299039
1786320000000,0.069323,0.069788,0.069087,0.069694,2938032
1786320900000,0.069671,0.069692,0.069495,0.069574,374733
1786321800000,0.069557,0.069617,0.069337,0.069349,395723
1786322700000,0.069368,0.069724,0.069368,0.069589,475903
1786323600000,0.069616,0.069767,0.069551,0.069723,264239
1786324500000,0.069745,0.069852,0.069741,0.069741,2989265
1786325400000,0.069702,0.069773,0.069558,0.069689,1280602
1786326300000,0.06973,0.070215,0.069696,0.069973,4818742
1786327200000,0.06998,0.07,0.069806,0.06983,532931
1786328100000,0.069832,0.069832,0.069499,0.069579,8101517
1786329000000,0.069576,0.069976,0.069576,0.06997,267535
1786329900000,0.069941,0.069956,0.069833,0.069924,87753
1786330800000,0.069923,0.069936,0.069676,0.069676,212145
1786331700000,0.069647,0.070027,0.069558,0.06968,716992
1786332600000,0.069673,0.069786,0.069646,0.069699,92820
1786333500000,0.069718,0.069769,0.069594,0.069629,87283
1786334400000,0.06962,0.069758,0.06962,0.069758,123905
1786335300000,0.069778,0.069821,0.069698,0.069719,947245
1786336200000,0.069734,0.069734,0.069542,0.069676,876615
1786337100000,0.069676,0.069747,0.069641,0.069697,572159
1786338000000,0.069703,0.069818,0.069703,0.069712,179335
1786338900000,0.069713,0.069889,0.069713,0.069888,94920
1786339800000,0.069888,0.069948,0.06984,0.069944,125682
1786340700000,0.069955,0.070054,0.069924,0.06995,332476
1786341600000,0.069957,0.070077,0.069957,0.070003,546915
1786342500000,0.070022,0.070074,0.069932,0.069932,470452
1786343400000,0.069957,0.070024,0.069957,0.070024,418630
1786344300000,0.070024,0.07011,0.07,0.07011,182229
1786345200000,0.07008,0.07009,0.070011,0.070024,60744
1786346100000,0.070023,0.07009,0.069986,0.070062,71422
1786347000000,0.070101,0.070116,0.070069,0.070082,109744
1786347900000,0.070082,0.070083,0.069997,0.070005,94290
1786348800000,0.070008,0.070127,0.070008,0.070069,377998
1786349700000,0.070042,0.070123,0.069897,0.069907,484136
1786350600000,0.069882,0.069936,0.069756,0.069935,499664
1786351500000,0.069935,0.07007,0.06989,0.070049,257816
1786352400000,0.070036,0.070089,0.07,0.070043,144244
1786353300000,0.070045,0.070103,0.070011,0.070011,306734
1786354200000,0.069998,0.069998,0.069852,0.069918,159612
1786355100000,0.06993,0.069943,0.06988,0.069901,60830
1786356000000,0.069882,0.069999,0.069865,0.069924,52924
1786356900000,0.069906,0.070037,0.069906,0.069969,25011
1786357800000,0.069966,0.069984,0.069942,0.069984,8782
1786358700000,0.069985,0.069985,0.069921,0.069937,36182
1786359600000,0.069945,0.069945,0.069884,0.069906,176010
1786360500000,0.069918,0.070043,0.069918,0.070043,59867
1786361400000,0.070058,0.070096,0.070001,0.07001,110082
1786362300000,0.070009,0.070047,0.069977,0.070009,64150
1786363200000,0.070026,0.07012,0.069995,0.070057,175371
1786364100000,0.070038,0.070053,0.069984,0.069984,189645
1786365000000,0.069965,0.069969,0.069837,0.069967,577789
1786365900000,0.069948,0.069949,0.069784,0.069814,174193
1786366800000,0.06981,0.069927,0.069776,0.069876,182236
1786367700000,0.069851,0.069893,0.069797,0.069831,170345
1786368600000,0.06983,0.06983,0.069563,0.069743,422091
1786369500000,0.069727,0.069752,0.069603,0.069746,760239
1786370400000,0.069759,0.069977,0.069759,0.069963,217593
1786371300000,0.069932,0.06998,0.069847,0.069948,282398
1786372200000,0.069902,0.070026,0.069861,0.069941,304259
1786373100000,0.069969,0.069991,0.069747,0.069781,126148
1786374000000,0.069791,0.069835,0.069478,0.069488,808060
1786374900000,0.069497,0.06971,0.069388,0.069708,355897
1786375800000,0.06971,0.06971,0.069454,0.069583,317925
1786376700000,0.069571,0.06968,0.069543,0.069678,341257
1786377600000,0.069617,0.069751,0.069598,0.069675,567750
1786378500000,0.069638,0.069717,0.069493,0.069675,7938566
1786379400000,0.069648,0.069774,0.069582,0.069603,964077
1786380300000,0.069623,0.069627,0.069465,0.069512,971824
1786381200000,0.069541,0.069745,0.069442,0.069745,1568122
1786382100000,0.069731,0.069772,0.069696,0.069717,289729
1786383000000,0.069709,0.069807,0.069709,0.06975,167206
1786383900000,0.069706,0.069706,0.069577,0.069624,399051
1786384800000,0.069614,0.069741,0.069587,0.069668,379272
1786385700000,0.069676,0.069699,0.069619,0.069668,125898
1786386600000,0.069656,0.069691,0.069519,0.069624,371213
1786387500000,0.069623,0.069677,0.069488,0.069671,223839
1786388400000,0.069668,0.06976,0.069668,0.06976,131827
1786389300000,0.069792,0.069874,0.069765,0.069848,104968
1786390200000,0.069875,0.06993,0.069813,0.069891,618395
1786391100000,0.06989,0.069897,0.069798,0.069836,136198
1786392000000,0.069844,0.069933,0.069814,0.069921,139172
1786392900000,0.069911,0.069952,0.069895,0.069938,80014
1786393800000,0.069905,0.069947,0.069881,0.069882,305280
1786394700000,0.069875,0.069923,0.069833,0.069896,82915
1786395600000,0.069896,0.069919,0.069718,0.069751,145232
1786396500000,0.069746,0.069787,0.069677,0.069787,163983
1786397400000,0.069788,0.069826,0.069749,0.069808,113808
1786398300000,0.069824,0.069824,0.0697,0.069723,97858
1786399200000,0.06966,0.069742,0.069517,0.069732,260679
1786400100000,0.069741,0.069808,0.069678,0.069747,66330
1786401000000,0.069776,0.069776,0.069653,0.069694,54633
1786401900000,0.069713,0.069806,0.069713,0.069789,203106
1786402800000,0.069795,0.069847,0.069757,0.069847,310748
1786403700000,0.069855,0.069891,0.069782,0.069824,724776
1786404600000,0.069828,0.069828,0.069743,0.069778,87559
1786405500000,0.06976,0.069761,0.069655,0.069673,272511
1786406400000,0.06967,0.069742,0.069612,0.069736,3192552
1786407300000,0.069741,0.069829,0.069679,0.069829,592891
1786408200000,0.06983,0.069847,0.069721,0.069782,320848
1786409100000,0.069781,0.06986,0.069756,0.069851,1500016
1786410000000,0.069844,0.070007,0.06977,0.069989,209045
1786410900000,0.069988,0.069995,0.069893,0.069994,118470
1786411800000,0.069994,0.070022,0.069904,0.069951,145100
1786412700000,0.069952,0.070056,0.069952,0.070014,92369
1786413600000,0.070012,0.070129,0.069989,0.070111,392529
1786414500000,0.070107,0.070117,0.070083,0.070093,57202
1786415400000,0.070092,0.070341,0.070092,0.070273,10255987
1786416300000,0.070271,0.070272,0.070163,0.070163,110728
1786417200000,0.070163,0.070201,0.070135,0.070157,101890
1786418100000,0.070156,0.07024,0.070121,0.070167,312906
1786419000000,0.070163,0.070225,0.070132,0.070132,103366
1786419900000,0.070102,0.070117,0.070084,0.070109,51286
1786420800000,0.070109,0.070109,0.070026,0.070065,393244
1786421700000,0.070065,0.070108,0.070042,0.07005,252958
1786422600000,0.07005,0.070063,0.069957,0.069964,218790
1786423500000,0.069965,0.070038,0.069961,0.069963,195616
1786424400000,0.069963,0.070054,0.069938,0.070054,194263
1786425300000,0.070054,0.070055,0.0699,0.069913,117927
1786426200000,0.069903,0.070115,0.069903,0.070115,294863
1786427100000,0.070115,0.070199,0.070096,0.070096,572044
1786428000000,0.070063,0.070178,0.069989,0.070178,1394925
1786428900000,0.070174,0.070203,0.070086,0.070116,1346184
1786429800000,0.070155,0.070271,0.070051,0.070179,336159
1786430700000,0.070175,0.070189,0.069997,0.070143,167936
1786431600000,0.07016,0.070231,0.070143,0.070149,256972
1786432500000,0.070109,0.070114,0.069963,0.069966,194920
1786433400000,0.069966,0.070214,0.069966,0.070204,228601
1786434300000,0.070206,0.070219,0.07007,0.070114,65886
1786435200000,0.070118,0.070201,0.070117,0.070128,1217274
1786436100000,0.070174,0.070174,0.07012,0.070132,437350
1786437000000,0.070137,0.070219,0.070126,0.070219,472345
1786437900000,0.070219,0.070316,0.070198,0.070316,1147144
1786438800000,0.070327,0.070419,0.070316,0.070327,1818146
1786439700000,0.070317,0.070642,0.070307,0.070593,1920534
1786440600000,0.070563,0.07059,0.070481,0.070534,1045897
1786441500000,0.070566,0.070627,0.070531,0.070569,738789
1786442400000,0.070568,0.070664,0.070462,0.070465,446919
1786443300000,0.070462,0.070465,0.070324,0.070453,551455
1786444200000,0.070468,0.070468,0.070366,0.070411,311096
1786445100000,0.070415,0.070569,0.070409,0.070523,84842
1786446000000,0.070525,0.07072,0.070512,0.07066,853097
1786446900000,0.070662,0.070692,0.070602,0.070628,117996
1786447800000,0.070625,0.070625,0.070511,0.070515,203540
1786448700000,0.070515,0.070598,0.070512,0.070587,208357
1786449600000,0.070596,0.070719,0.070564,0.070672,1017448
1786450500000,0.070684,0.07069,0.070465,0.070537,1923504
1786451400000,0.070539,0.070668,0.070496,0.070663,193693
1786452300000,0.070661,0.070682,0.070611,0.070642,1233241
1786453200000,0.070612,0.070849,0.070598,0.070789,1345414
1786454100000,0.070774,0.070889,0.070569,0.070668,2067266
1786455000000,0.070684,0.070804,0.070574,0.070734,558223
1786455900000,0.070734,0.070938,0.070668,0.070875,579517
1786456800000,0.070874,0.071223,0.070868,0.071056,7197289
1786457700000,0.071097,0.071308,0.070822,0.070869,5037476
1786458600000,0.070807,0.070887,0.07067,0.070687,1423442
1786459500000,0.070678,0.07069,0.069925,0.070056,5503841
1786460400000,0.070058,0.070336,0.070011,0.070189,2144664
1786461300000,0.07015,0.070572,0.070133,0.070572,797848
1786462200000,0.070583,0.070624,0.069938,0.07022,18714431
1786463100000,0.07023,0.070602,0.070169,0.070568,11189735
1786464000000,0.070586,0.070872,0.070515,0.070786,2052157
1786464900000,0.070849,0.070886,0.070677,0.070697,686898
1786465800000,0.070676,0.070768,0.070432,0.070441,703366
1786466700000,0.070442,0.070553,0.070398,0.070519,62589
1786467600000,0.070529,0.070588,0.070398,0.070486,645167
1786468500000,0.070489,0.070835,0.070489,0.070835,429025
1786469400000,0.07085,0.071044,0.070773,0.070944,361636
1786470300000,0.070958,0.071266,0.070939,0.070969,2327235
1786471200000,0.070975,0.071071,0.070892,0.070933,392473
1786472100000,0.07098,0.070981,0.070779,0.070795,401537
1786473000000,0.070786,0.070872,0.070617,0.070711,641033
1786473900000,0.070708,0.070907,0.070703,0.070788,213485
1786474800000,0.070796,0.070796,0.0705,0.0705,644162
1786475700000,0.070461,0.0708,0.070461,0.070758,127074
1786476600000,0.070758,0.070911,0.070702,0.070911,426510
1786477500000,0.070961,0.071041,0.07094,0.071013,716242
1786478400000,0.071031,0.071782,0.071031,0.07161,8398526
1786479300000,0.071605,0.072052,0.071522,0.072052,3091501
1786480200000,0.072053,0.072282,0.071606,0.071614,4266913
1786481100000,0.071612,0.07182,0.07154,0.071687,1604747
1786482000000,0.071685,0.071929,0.071622,0.071929,1396982
1786482900000,0.071926,0.072033,0.071726,0.071842,1209689
1786483800000,0.071814,0.072224,0.071814,0.072141,1155257
1786484700000,0.072144,0.072547,0.072067,0.072422,3524869
1786485600000,0.072445,0.073105,0.072445,0.072843,4630816
1786486500000,0.07283,0.072998,0.072731,0.072755,6295662
1786487400000,0.072778,0.072785,0.072488,0.072507,6286427
1786488300000,0.072501,0.072501,0.072164,0.072325,1920942
1786489200000,0.072319,0.072319,0.07199,0.072,1036972
1786490100000,0.072011,0.072032,0.071914,0.071949,1324393
1786491000000,0.07195,0.072082,0.071899,0.072036,5349822
1786491900000,0.072034,0.072034,0.071855,0.071875,1832314
1786492800000,0.071896,0.072034,0.07184,0.072009,3329914
1786493700000,0.071991,0.072136,0.071939,0.071942,1594432
1786494600000,0.071941,0.072294,0.071941,0.072152,1325947
1786495500000,0.072152,0.072352,0.072152,0.072308,200582
1786496400000,0.072306,0.072516,0.072296,0.072455,680393
1786497300000,0.072455,0.072455,0.072241,0.072327,2086865
1786498200000,0.072328,0.072387,0.072172,0.072387,962399
1786499100000,0.072392,0.072469,0.072266,0.072266,1294842
1786500000000,0.07227,0.072447,0.072158,0.072188,1788369
1786500900000,0.072172,0.072299,0.072141,0.072228,107283
1786501800000,0.072235,0.07224,0.072,0.07206,1518031
1786502700000,0.072038,0.072049,0.071875,0.071876,546214
1786503600000,0.071883,0.072166,0.071883,0.072166,496427
1786504500000,0.072151,0.072382,0.07215,0.072284,1045672
1786505400000,0.072278,0.072441,0.072207,0.072294,162459
1786506300000,0.072294,0.072307,0.07216,0.072215,210248
1786507200000,0.072217,0.072224,0.07202,0.072119,636339
1786508100000,0.072135,0.072288,0.07213,0.07213,323638
1786509000000,0.072114,0.072114,0.072012,0.072048,544067
1786509900000,0.072045,0.07212,0.072015,0.072096,141597
1786510800000,0.072087,0.072168,0.07191,0.072133,913748
1786511700000,0.072135,0.072219,0.07211,0.07212,99551
1786512600000,0.072119,0.072193,0.072103,0.072149,650726
1786513500000,0.072148,0.072175,0.072062,0.072092,699137
1786514400000,0.07209,0.07209,0.071701,0.071702,1006637
1786515300000,0.071701,0.071712,0.071473,0.071484,8374013
1786516200000,0.071486,0.071572,0.071371,0.071527,2191979
1786517100000,0.071531,0.071644,0.071489,0.071548,603131
1786518000000,0.071555,0.071715,0.071544,0.071649,415703
1786518900000,0.071646,0.07173,0.071582,0.071582,579801
1786519800000,0.07157,0.071686,0.071547,0.071556,246380
1786520700000,0.07155,0.071683,0.071508,0.071683,381490
1786521600000,0.07166,0.071707,0.071579,0.071591,948296
1786522500000,0.071594,0.071719,0.071582,0.071681,160443
1786523400000,0.07168,0.071713,0.071553,0.071553,483834
1786524300000,0.071552,0.071644,0.071489,0.0715,1929617
1786525200000,0.0715,0.071653,0.071499,0.071635,1107668
1786526100000,0.071635,0.072,0.071635,0.071929,2088798
1786527000000,0.07194,0.072033,0.071865,0.071912,1557502
1786527900000,0.071928,0.072017,0.071906,0.072017,229488
1786528800000,0.072018,0.072169,0.07192,0.071983,900389
1786529700000,0.071988,0.071996,0.071875,0.071881,565362
1786530600000,0.071871,0.071983,0.071871,0.071924,454076
1786531500000,0.071924,0.071931,0.071865,0.07189,474615
1786532400000,0.07189,0.07198,0.07187,0.071879,2413082
1786533300000,0.071879,0.072036,0.071875,0.072017,1095442
1786534200000,0.072013,0.072041,0.071927,0.071941,385648
1786535100000,0.07194,0.072016,0.071934,0.071981,191615
1786536000000,0.071982,0.072077,0.07198,0.071982,795801
1786536900000,0.071982,0.072159,0.071818,0.072072,2953607
1786537800000,0.07208,0.072148,0.071482,0.071493,3784906
1786538700000,0.071505,0.071679,0.071418,0.071662,2985657
1786539600000,0.071662,0.071683,0.071299,0.071313,1463088
1786540500000,0.071371,0.071448,0.07092,0.071005,2304457
1786541400000,0.071012,0.071032,0.07053,0.070733,22339755
1786542300000,0.070731,0.070819,0.070602,0.070605,2722321
1786543200000,0.070604,0.070716,0.07029,0.070542,2736064
1786544100000,0.070553,0.070569,0.070333,0.070366,2769308
1786545000000,0.070351,0.070529,0.070295,0.070529,1502292
1786545900000,0.070529,0.070631,0.070423,0.07045,1244934
1786546800000,0.070437,0.070818,0.070423,0.070785,974252
1786547700000,0.070791,0.070955,0.070767,0.070855,565561
1786548600000,0.070893,0.070926,0.070759,0.070862,2185593
1786549500000,0.070875,0.070878,0.070774,0.070826,1137759
1786550400000,0.070818,0.070923,0.070705,0.070923,718931
1786551300000,0.070932,0.070959,0.070812,0.070892,666111
1786552200000,0.07088,0.070954,0.070841,0.070864,497589
1786553100000,0.07086,0.070861,0.070748,0.07086,718575
1786554000000,0.070868,0.070868,0.070795,0.070804,1992742
1786554900000,0.07081,0.07081,0.070613,0.070676,269755
1786555800000,0.070675,0.070831,0.070636,0.070781,555767
1786556700000,0.070784,0.070858,0.070761,0.070787,438319
1786557600000,0.070787,0.070829,0.070729,0.070802,439777
1786558500000,0.070787,0.070828,0.07069,0.070772,728016
1786559400000,0.070776,0.070824,0.070737,0.070773,566337
1786560300000,0.070773,0.070773,0.070645,0.070661,145558
1786561200000,0.070661,0.070696,0.070594,0.070602,356065
1786562100000,0.070605,0.07069,0.070485,0.070611,1496533
1786563000000,0.070611,0.070616,0.070502,0.07052,436142
1786563900000,0.07052,0.070582,0.070481,0.070582,439944
1786564800000,0.07058,0.070675,0.070553,0.070566,230302
1786565700000,0.070567,0.070567,0.070381,0.070527,1047120
1786566600000,0.070529,0.070704,0.070527,0.07068,628685
1786567500000,0.070668,0.070672,0.070553,0.070619,361974
1786568400000,0.070627,0.070669,0.07049,0.070551,444197
1786569300000,0.070551,0.070566,0.069135,0.069822,16185956
1786570200000,0.069774,0.069798,0.069412,0.069754,5018581
1786571100000,0.06975,0.069769,0.069134,0.069361,1440355
1786572000000,0.069316,0.06939,0.068872,0.069169,18348002
1786572900000,0.069214,0.069451,0.069163,0.069444,10719515
1786573800000,0.069409,0.069409,0.069269,0.069375,239756
1786574700000,0.069345,0.069467,0.06931,0.069438,2190077
1786575600000,0.069433,0.069477,0.069341,0.069438,550330
1786576500000,0.069443,0.069504,0.069393,0.069504,1022107
1786577400000,0.069514,0.06963,0.069492,0.06957,195483
1786578300000,0.06957,0.069701,0.069563,0.069684,327579
1786579200000,0.069683,0.069826,0.069622,0.069818,7643257
1786580100000,0.06982,0.069936,0.069818,0.069919,258035
1786581000000,0.069905,0.069908,0.069834,0.069848,201992
1786581900000,0.069844,0.069978,0.06982,0.069849,312364
1786582800000,0.069846,0.070033,0.0698,0.070033,609428
1786583700000,0.070029,0.070029,0.069758,0.069815,422508
1786584600000,0.069814,0.069988,0.069814,0.069845,137236
1786585500000,0.069825,0.069948,0.069802,0.069855,920050
1786586400000,0.069855,0.069931,0.069834,0.069914,232468
1786587300000,0.069913,0.069968,0.069846,0.069948,142085
1786588200000,0.069947,0.070003,0.069838,0.070003,301446
1786589100000,0.070003,0.070292,0.070003,0.070275,1294616
1786590000000,0.070277,0.070328,0.070255,0.070328,254374
1786590900000,0.070328,0.07038,0.070314,0.070323,760787
1786591800000,0.070322,0.070323,0.070167,0.070168,698280
1786592700000,0.070155,0.070196,0.070115,0.070168,104835
1786593600000,0.070171,0.070205,0.070099,0.070121,193987
1786594500000,0.070101,0.070185,0.07008,0.070171,111796
1786595400000,0.070172,0.070311,0.070172,0.070299,1093428
1786596300000,0.070299,0.070372,0.070242,0.070255,1190767
1786597200000,0.070259,0.070314,0.070226,0.070312,167496
1786598100000,0.070324,0.070378,0.070299,0.070357,260260
1786599000000,0.070356,0.070572,0.070302,0.070572,8696862
1786599900000,0.070565,0.070669,0.07051,0.07062,1573001
1786600800000,0.070619,0.07063,0.070519,0.070533,458344
1786601700000,0.070534,0.070659,0.070534,0.070598,352222
1786602600000,0.070579,0.070589,0.070382,0.070394,731770
1786603500000,0.070394,0.070651,0.070394,0.070637,1391704
1786604400000,0.070637,0.070801,0.07063,0.07076,853722
1786605300000,0.070755,0.070759,0.070697,0.070754,64367
1786606200000,0.070755,0.070766,0.07062,0.07062,391825
1786607100000,0.07063,0.07063,0.070545,0.070545,215065
1786608000000,0.070545,0.070651,0.070544,0.070544,132305
1786608900000,0.070544,0.070573,0.070527,0.070532,172364
1786609800000,0.070531,0.070565,0.070493,0.070549,723418
1786610700000,0.070541,0.070548,0.070399,0.070463,1109721
1786611600000,0.070474,0.070475,0.070253,0.070255,1331105
1786612500000,0.070255,0.070388,0.070248,0.070365,2409537
1786613400000,0.070366,0.070411,0.070366,0.070411,1049512
1786614300000,0.070406,0.070509,0.070406,0.070508,945381
1786615200000,0.070509,0.070509,0.070148,0.070167,640268
1786616100000,0.070147,0.070174,0.069939,0.070043,1272696
1786617000000,0.070037,0.07011,0.069923,0.070088,267907
1786617900000,0.070089,0.070145,0.070054,0.070127,1096257
1786618800000,0.070122,0.070174,0.070116,0.07017,120975
1786619700000,0.070167,0.070167,0.070055,0.070064,1087386
1786620600000,0.070052,0.070068,0.069923,0.069971,958987
1786621500000,0.069993,0.070046,0.069988,0.070032,121010
1786622400000,0.070033,0.070227,0.070008,0.070154,786327
1786623300000,0.070155,0.070229,0.070122,0.070199,621484
1786624200000,0.070182,0.070313,0.070073,0.07015,739953
1786625100000,0.070171,0.070257,0.07012,0.070236,313615
1786626000000,0.070252,0.070309,0.070185,0.070192,1663874
1786626900000,0.070161,0.070161,0.069999,0.070031,527899
1786627800000,0.070023,0.070361,0.069999,0.070266,835856
1786628700000,0.070253,0.070289,0.070171,0.070191,298981
1786629600000,0.070192,0.070347,0.070076,0.070203,819074
1786630500000,0.070173,0.070211,0.070046,0.070066,278426
1786631400000,0.070065,0.070233,0.070019,0.070197,479156
1786632300000,0.070244,0.070249,0.070098,0.070147,97790
1786633200000,0.070155,0.070224,0.070053,0.070092,877801
1786634100000,0.070053,0.070214,0.069776,0.06987,2156778
1786635000000,0.069864,0.070066,0.069804,0.07002,2537592
1786635900000,0.070016,0.070017,0.069707,0.069708,1547207
1786636800000,0.069724,0.069781,0.069573,0.069746,1834455
1786637700000,0.069781,0.069962,0.069745,0.069829,1270107
1786638600000,0.069827,0.06993,0.06951,0.069744,1355446
1786639500000,0.069756,0.069993,0.069728,0.069777,2387931
1786640400000,0.069756,0.069882,0.069749,0.069819,394970
1786641300000,0.069824,0.069919,0.069788,0.069869,655149
1786642200000,0.069873,0.069976,0.069846,0.069928,115098
1786643100000,0.069936,0.069975,0.069856,0.06989,212618
1786644000000,0.069864,0.069919,0.069857,0.069919,575810
1786644900000,0.069961,0.069991,0.069791,0.069792,240246
1786645800000,0.069793,0.069945,0.069783,0.069945,132529
1786646700000,0.069952,0.070078,0.06994,0.070023,53265
1786647600000,0.070027,0.070202,0.070027,0.070145,117487
1786648500000,0.070145,0.070228,0.070101,0.070228,944480
1786649400000,0.070208,0.070309,0.070208,0.070262,193964
1786650300000,0.070277,0.070319,0.070226,0.070278,335211
1786651200000,0.070303,0.070352,0.070202,0.070212,220437
1786652100000,0.070239,0.070284,0.070214,0.070234,295229
1786653000000,0.070221,0.070281,0.070202,0.07022,199808
1786653900000,0.070217,0.070217,0.070154,0.070156,59070
1786654800000,0.070154,0.070225,0.070154,0.070213,164124
1786655700000,0.070226,0.070229,0.070175,0.070221,83576
1786656600000,0.070233,0.070235,0.07014,0.070153,166327
1786657500000,0.070167,0.070212,0.070165,0.070171,12659
1786658400000,0.070181,0.070306,0.070158,0.070285,81827
1786659300000,0.070285,0.070336,0.070276,0.070336,808130
1786660200000,0.070343,0.070343,0.070222,0.070229,139080
1786661100000,0.070224,0.070224,0.07011,0.07012,498015
1786662000000,0.070136,0.070137,0.070008,0.070008,109235
1786662900000,0.07001,0.070055,0.07,0.070055,476963
1786663800000,0.070056,0.070129,0.070056,0.070117,116619
1786664700000,0.070132,0.070159,0.070116,0.070151,95233
1786665600000,0.070152,0.070161,0.070101,0.070118,720357
1786666500000,0.070118,0.070208,0.070115,0.070146,108964
1786667400000,0.070146,0.070215,0.070103,0.070191,438549
1786668300000,0.070181,0.070283,0.070144,0.070274,90008
1786669200000,0.070274,0.070274,0.070135,0.070152,281414
1786670100000,0.070155,0.070251,0.070153,0.070203,40565
1786671000000,0.070166,0.070263,0.070166,0.070262,44138
1786671900000,0.070212,0.070244,0.070138,0.070204,344132
1786672800000,0.070205,0.070348,0.070204,0.070245,116204
1786673700000,0.070278,0.070279,0.070167,0.070174,88046
1786674600000,0.07019,0.070257,0.07019,0.070208,57450
1786675500000,0.070212,0.070225,0.07011,0.07011,291208
1786676400000,0.070111,0.070111,0.069948,0.069979,598122
1786677300000,0.069995,0.070099,0.06999,0.070037,45336
1786678200000,0.07001,0.070012,0.06991,0.06994,97003
1786679100000,0.069952,0.069952,0.0699,0.069928,67902
1786680000000,0.069914,0.070073,0.06991,0.070055,92369
1786680900000,0.070055,0.070116,0.07,0.07003,36212
1786681800000,0.070013,0.070032,0.069969,0.069983,534499
1786682700000,0.069956,0.069961,0.069921,0.069921,58978
1786683600000,0.069912,0.069947,0.069901,0.069909,245180
1786684500000,0.069887,0.069999,0.069884,0.069998,295789
1786685400000,0.069997,0.070008,0.069959,0.069976,165391
1786686300000,0.069969,0.069983,0.069928,0.069977,82649
1786687200000,0.069978,0.069978,0.069862,0.069887,92078
1786688100000,0.069891,0.069891,0.069649,0.069657,243211
1786689000000,0.069677,0.069732,0.069657,0.069713,982656
1786689900000,0.069713,0.069834,0.069628,0.069629,314073
1786690800000,0.069628,0.069712,0.06959,0.069662,117346
1786691700000,0.069694,0.069788,0.069671,0.069765,360791
1786692600000,0.069766,0.069773,0.069617,0.069674,930592
1786693500000,0.069674,0.069732,0.069662,0.069662,101718
1786694400000,0.069664,0.069711,0.069605,0.069606,7395124
1786695300000,0.069618,0.069703,0.069559,0.069598,601558
1786696200000,0.069602,0.069811,0.069599,0.069741,427275
1786697100000,0.069742,0.069935,0.069741,0.069929,845240
1786698000000,0.069929,0.069929,0.069847,0.069928,551028
1786698900000,0.069929,0.069939,0.069629,0.069631,893727
1786699800000,0.069631,0.069641,0.069408,0.069429,1114289
1786700700000,0.06943,0.069552,0.06943,0.069478,1212080
1786701600000,0.069474,0.069569,0.069431,0.069569,66228
1786702500000,0.069622,0.069652,0.069465,0.069465,180798
1786703400000,0.069489,0.069503,0.069376,0.069397,143910
1786704300000,0.069397,0.069434,0.069299,0.069362,1204646
1786705200000,0.069371,0.069464,0.069369,0.069446,339402
1786706100000,0.069411,0.069506,0.069389,0.069389,96862
1786707000000,0.069412,0.069485,0.069385,0.069454,416959
1786707900000,0.069461,0.069494,0.069445,0.069446,1260488
1786708800000,0.069467,0.069522,0.069361,0.069394,365226
1786709700000,0.06941,0.069483,0.069365,0.069463,49679
1786710600000,0.069464,0.069548,0.069359,0.069359,1142236
1786711500000,0.069356,0.069374,0.069207,0.069246,389035
1786712400000,0.069255,0.06936,0.069248,0.069346,772832
1786713300000,0.069338,0.069436,0.069305,0.069399,2931592
1786714200000,0.069399,0.069448,0.069319,0.069416,312704
1786715100000,0.069425,0.069478,0.069353,0.069436,402649
1786716000000,0.069432,0.069474,0.069341,0.069352,212947
1786716900000,0.069341,0.069488,0.069335,0.06948,94287
1786717800000,0.069475,0.069576,0.069464,0.06954,778694
1786718700000,0.069535,0.069575,0.069399,0.069451,90104
1786719600000,0.069454,0.069635,0.069443,0.069596,664686
1786720500000,0.069592,0.069906,0.069564,0.069906,153685
1786721400000,0.069914,0.069935,0.069801,0.069922,334321
1786722300000,0.069928,0.069962,0.069837,0.069887,164942
1786723200000,0.069895,0.069962,0.069827,0.069892,258176
1786724100000,0.069898,0.069923,0.06985,0.069889,71354
1786725000000,0.069889,0.070038,0.069889,0.06997,64153
1786725900000,0.069968,0.069968,0.069868,0.069879,91727
1786726800000,0.069879,0.069906,0.069849,0.069905,3757969
1786727700000,0.069906,0.07009,0.069902,0.070019,288883
1786728600000,0.070019,0.070047,0.06994,0.069941,156647
1786729500000,0.069951,0.070033,0.069825,0.069841,1001205
1786730400000,0.069842,0.06986,0.06971,0.069711,308086
1786731300000,0.06971,0.069873,0.06971,0.069832,131863
1786732200000,0.069821,0.069877,0.069795,0.069841,272932
1786733100000,0.069843,0.069861,0.06968,0.069731,221803
1786734000000,0.06973,0.06973,0.069557,0.069619,696460
1786734900000,0.069606,0.069733,0.069587,0.069687,300323
1786735800000,0.069688,0.069752,0.069629,0.069748,590170
1786736700000,0.069775,0.069845,0.069763,0.069821,945241
1786737600000,0.069821,0.069876,0.069781,0.069808,248122
1786738500000,0.069807,0.069849,0.06979,0.069849,187968
1786739400000,0.069848,0.06987,0.069827,0.069857,54897
1786740300000,0.069858,0.069858,0.06973,0.069766,197546
1786741200000,0.069773,0.069819,0.069722,0.069735,186971
1786742100000,0.069742,0.069776,0.069692,0.069765,100614
1786743000000,0.069765,0.069771,0.069696,0.069706,156181
1786743900000,0.069687,0.069805,0.069687,0.069805,139104
1786744800000,0.069726,0.06988,0.069726,0.069793,187644
1786745700000,0.069801,0.069802,0.06965,0.06965,193162
1786746600000,0.06965,0.069742,0.06965,0.069742,76291
1786747500000,0.069748,0.069815,0.069748,0.069815,77117
1786748400000,0.069817,0.069914,0.069802,0.069914,64346
1786749300000,0.069924,0.069977,0.069866,0.069967,243478
1786750200000,0.069967,0.07009,0.069967,0.070058,248088
1786751100000,0.070061,0.070108,0.07002,0.07004,238152
1786752000000,0.07005,0.070098,0.070021,0.070029,672510
1786752900000,0.070036,0.070055,0.069986,0.070021,103757
1786753800000,0.070021,0.070057,0.070021,0.070057,266734
1786754700000,0.070057,0.070111,0.070039,0.070106,24524
1786755600000,0.07011,0.070121,0.070011,0.070076,114659
1786756500000,0.070076,0.070076,0.069992,0.070001,52045
1786757400000,0.070002,0.070017,0.06996,0.070014,42994
1786758300000,0.070015,0.070091,0.070006,0.070057,166157
1786759200000,0.070058,0.070193,0.07003,0.070193,195929
1786760100000,0.070194,0.070335,0.070194,0.070265,232990
1786761000000,0.070266,0.070316,0.070227,0.07023,72644
1786761900000,0.070231,0.070355,0.070228,0.070324,165721
1786762800000,0.070344,0.070466,0.070312,0.070421,126590
1786763700000,0.070421,0.070516,0.070404,0.070415,171959
1786764600000,0.070415,0.070431,0.070268,0.070287,235782
1786765500000,0.070287,0.070334,0.070273,0.070279,59249
1786766400000,0.070308,0.070349,0.07027,0.070321,71138
1786767300000,0.070322,0.07042,0.070322,0.070413,93203
1786768200000,0.070381,0.070388,0.070338,0.070377,86104
1786769100000,0.070376,0.070376,0.070258,0.070313,88020
1786770000000,0.070313,0.070397,0.070295,0.070303,316277
1786770900000,0.070304,0.070305,0.070184,0.070184,477336
1786771800000,0.070174,0.070221,0.070016,0.07016,616470
1786772700000,0.070161,0.070192,0.070088,0.070108,67072
1786773600000,0.070114,0.070124,0.070025,0.070025,165627
1786774500000,0.070025,0.07007,0.070025,0.07004,97649
1786775400000,0.070042,0.07009,0.070042,0.070085,60785
1786776300000,0.070081,0.070171,0.070054,0.070148,98769
1786777200000,0.070147,0.070167,0.070099,0.070103,177104
1786778100000,0.070127,0.070127,0.070061,0.070071,19530
1786779000000,0.07007,0.070071,0.070021,0.07004,150323
1786779900000,0.070025,0.070038,0.070014,0.070034,86952
1786780800000,0.070035,0.070061,0.070015,0.070043,255610
1786781700000,0.070043,0.070059,0.070014,0.07004,629787
1786782600000,0.070037,0.070037,0.069944,0.069946,629992
1786783500000,0.069944,0.069986,0.069909,0.069912,310564
1786784400000,0.069931,0.069965,0.069874,0.069965,293104
1786785300000,0.069965,0.070022,0.069965,0.07001,889638
1786786200000,0.070009,0.070059,0.070004,0.07004,1786366
1786787100000,0.070034,0.070085,0.070034,0.070084,592402
1786788000000,0.070085,0.070085,0.070018,0.070039,267952
1786788900000,0.070039,0.070045,0.070033,0.070034,72652
1786789800000,0.070033,0.070052,0.069969,0.069971,287065
1786790700000,0.069971,0.070061,0.069971,0.070029,7185292
1786791600000,0.070034,0.070034,0.07,0.070032,215639
1786792500000,0.070042,0.070042,0.069986,0.070013,287162
1786793400000,0.070008,0.07005,0.069985,0.070049,164093
1786794300000,0.070049,0.070076,0.070013,0.070021,195388
1786795200000,0.07002,0.07004,0.070015,0.070017,37463
1786796100000,0.070016,0.07003,0.069955,0.069966,160042
1786797000000,0.069966,0.069985,0.069959,0.069976,120504
1786797900000,0.069986,0.070076,0.06992,0.070076,577262
1786798800000,0.070058,0.070093,0.07005,0.070082,286930
1786799700000,0.070083,0.070085,0.070066,0.070083,222860
1786800600000,0.070083,0.070115,0.070078,0.070115,333594
1786801500000,0.070126,0.070129,0.070095,0.070097,91063
1786802400000,0.070077,0.070081,0.070061,0.070061,65209
1786803300000,0.070061,0.070061,0.069932,0.069947,452535
1786804200000,0.069946,0.06998,0.069945,0.069976,63752
1786805100000,0.069977,0.070095,0.069977,0.070074,97333
1786806000000,0.070074,0.070074,0.07001,0.070017,110760
1786806900000,0.070017,0.070055,0.069965,0.070026,704560
1786807800000,0.070038,0.070083,0.070015,0.070082,13026
1786808700000,0.070082,0.070082,0.070038,0.070054,60387
1786809600000,0.070055,0.070069,0.070025,0.070039,75512
1786810500000,0.070038,0.070059,0.070011,0.070055,134312
1786811400000,0.070055,0.070055,0.069969,0.069991,36716
1786812300000,0.069992,0.070006,0.069985,0.069997,246480
1786813200000,0.070002,0.070062,0.070002,0.070062,28625
1786814100000,0.070061,0.070063,0.069926,0.069934,120613
1786815000000,0.069944,0.069946,0.069933,0.069934,107462
1786815900000,0.069934,0.069939,0.069907,0.069917,320066
1786816800000,0.069918,0.069962,0.069864,0.069882,459741
1786817700000,0.069911,0.069911,0.069771,0.069772,100303
1786818600000,0.069785,0.069803,0.069777,0.069797,101681
1786819500000,0.069798,0.069804,0.069781,0.069781,39244
1786820400000,0.06978,0.069851,0.069745,0.06985,281159
1786821300000,0.069854,0.069924,0.069854,0.069901,41638
1786822200000,0.069901,0.069942,0.069885,0.069941,266816
1786823100000,0.069941,0.069956,0.069926,0.069939,118672
1786824000000,0.069934,0.06994,0.069911,0.069919,28575
1786824900000,0.069918,0.069919,0.069875,0.069913,770345
1786825800000,0.069913,0.069913,0.069881,0.0699,46333
1786826700000,0.069906,0.069969,0.069882,0.069888,222254
1786827600000,0.069889,0.069983,0.069871,0.069983,29726
1786828500000,0.069984,0.070051,0.069984,0.070051,148707
1786829400000,0.07005,0.070071,0.07001,0.070017,98632
1786830300000,0.070018,0.070074,0.069955,0.069955,52673
1786831200000,0.069955,0.06999,0.069947,0.069956,38390
1786832100000,0.069955,0.069955,0.069893,0.069917,273495
1786833000000,0.069916,0.069932,0.06989,0.069891,42090
1786833900000,0.069891,0.069964,0.069853,0.069853,1288700
1786834800000,0.069845,0.069857,0.06951,0.069685,807174
1786835700000,0.069701,0.069701,0.069512,0.069604,357468
1786836600000,0.069603,0.069653,0.069576,0.069627,320803
1786837500000,0.069627,0.069634,0.069592,0.069593,76033
1786838400000,0.069593,0.069593,0.069493,0.06951,1653592
1786839300000,0.069509,0.069675,0.069509,0.069665,197517
1786840200000,0.069653,0.069672,0.069622,0.06966,172955
1786841100000,0.06966,0.06968,0.069623,0.069679,76408
1786842000000,0.069678,0.069678,0.069536,0.069608,220255
1786842900000,0.069605,0.069659,0.069603,0.069603,62659
1786843800000,0.069602,0.069638,0.069522,0.069638,102717
1786844700000,0.069637,0.069637,0.069558,0.069608,46625
1786845600000,0.069613,0.069641,0.069579,0.069585,124203
1786846500000,0.069585,0.069775,0.069585,0.069775,137865
1786847400000,0.069788,0.069901,0.069788,0.0699,1313376
1786848300000,0.0699,0.0699,0.069753,0.069793,48126
1786849200000,0.069793,0.06987,0.069781,0.069851,114041
1786850100000,0.069851,0.069858,0.069834,0.069836,26270
1786851000000,0.069835,0.069867,0.069807,0.069821,46338
1786851900000,0.069821,0.069832,0.0698,0.069806,773352
1786852800000,0.069806,0.069826,0.0698,0.069806,65601
1786853700000,0.069805,0.069881,0.069789,0.069873,30180
1786854600000,0.069874,0.069874,0.069815,0.06982,53817
1786855500000,0.069821,0.069828,0.069775,0.069779,19827
1786856400000,0.069784,0.0698,0.069772,0.069792,18325
1786857300000,0.069792,0.069792,0.069681,0.069683,16880
1786858200000,0.069684,0.069709,0.069675,0.069683,193334
1786859100000,0.069682,0.069701,0.069647,0.069657,81596
1786860000000,0.069667,0.069721,0.069666,0.069715,43619
1786860900000,0.069672,0.069673,0.069562,0.069621,36081
1786861800000,0.069626,0.069676,0.0696,0.069672,75935
1786862700000,0.06968,0.069768,0.06968,0.069698,77206
1786863600000,0.069698,0.06979,0.069681,0.06979,62368
1786864500000,0.069791,0.069807,0.06979,0.069799,21944
1786865400000,0.069799,0.069818,0.06978,0.069792,840823
1786866300000,0.069793,0.06985,0.069793,0.06985,32422
1786867200000,0.069872,0.069889,0.069867,0.069867,164805
1786868100000,0.069867,0.06991,0.069854,0.069877,27457
1786869000000,0.069876,0.069876,0.069825,0.069825,39710
1786869900000,0.069825,0.069833,0.069822,0.069832,29922
1786870800000,0.069833,0.06985,0.069833,0.06985,264780
1786871700000,0.069852,0.06986,0.069788,0.069794,919920
1786872600000,0.069795,0.069795,0.069654,0.069755,207362
1786873500000,0.069741,0.069806,0.069741,0.069751,137806
1786874400000,0.069743,0.06976,0.069706,0.069706,88631
1786875300000,0.0697,0.069728,0.069688,0.069728,88938
1786876200000,0.069736,0.069752,0.069721,0.069738,34446
1786877100000,0.069742,0.069765,0.069715,0.069743,134261
1786878000000,0.069741,0.069773,0.06974,0.06977,109556
1786878900000,0.069773,0.069773,0.069751,0.069769,177510
1786879800000,0.069769,0.069817,0.069763,0.069806,230931
1786880700000,0.069806,0.069819,0.069785,0.069819,24311
1786881600000,0.069818,0.069819,0.069741,0.069742,113302
1786882500000,0.069742,0.069819,0.069736,0.069819,52201
1786883400000,0.069824,0.069832,0.069774,0.069797,65839
1786884300000,0.069798,0.069901,0.069798,0.069901,47809
1786885200000,0.0699,0.06997,0.0699,0.069962,156795
1786886100000,0.069954,0.06998,0.069953,0.06997,342964
1786887000000,0.069971,0.069971,0.069911,0.069911,353766
1786887900000,0.069912,0.069926,0.069894,0.069901,70912
1786888800000,0.069901,0.069911,0.069895,0.069896,37896
1786889700000,0.069895,0.070005,0.069895,0.069989,94786
1786890600000,0.06999,0.070029,0.069984,0.070016,71351
1786891500000,0.07002,0.070033,0.070006,0.070033,98371
1786892400000,0.070044,0.070073,0.070044,0.070054,632343
1786893300000,0.070053,0.070053,0.070013,0.070031,51351
1786894200000,0.070032,0.070055,0.069997,0.069997,136782
1786895100000,0.069994,0.070045,0.069994,0.070045,115755
1786896000000,0.070046,0.070111,0.070046,0.070078,636893
1786896900000,0.070079,0.070162,0.070045,0.070045,266986
1786897800000,0.070038,0.070125,0.069986,0.069997,117801
1786898700000,0.069993,0.070036,0.069945,0.070027,568526
1786899600000,0.070028,0.070072,0.070001,0.070023,311417
1786900500000,0.070002,0.070034,0.069957,0.069987,146101
1786901400000,0.069987,0.070025,0.069947,0.069984,42039
1786902300000,0.069983,0.070012,0.069968,0.06999,40375
1786903200000,0.069989,0.069989,0.069906,0.069956,105291
1786904100000,0.069961,0.069961,0.069877,0.069896,137438
1786905000000,0.069896,0.069975,0.069895,0.069975,95213
1786905900000,0.069972,0.070013,0.06996,0.069983,52005
1786906800000,0.069982,0.07003,0.069977,0.070007,156719
1786907700000,0.070007,0.070031,0.069998,0.070031,93233
1786908600000,0.070031,0.070048,0.069994,0.069994,31296
1786909500000,0.069989,0.069989,0.069901,0.069902,74041
1786910400000,0.069903,0.069964,0.069883,0.069933,235793
1786911300000,0.069935,0.070002,0.06992,0.069946,265469
1786912200000,0.069946,0.069952,0.069854,0.06994,231797
1786913100000,0.069945,0.069957,0.069772,0.069823,190635
1786914000000,0.069801,0.06984,0.069735,0.069773,182431
1786914900000,0.069774,0.069863,0.069774,0.069802,72572
1786915800000,0.069776,0.069868,0.069048,0.069411,13585189
1786916700000,0.069422,0.069458,0.069183,0.069401,1405250
1786917600000,0.069393,0.069558,0.06929,0.069558,541274
1786918500000,0.069559,0.069611,0.06953,0.069555,502717
1786919400000,0.069556,0.069561,0.069432,0.069543,147974
1786920300000,0.069551,0.069576,0.069493,0.069546,86322
1786921200000,0.069556,0.069669,0.069556,0.069589,139458
1786922100000,0.069573,0.069616,0.069524,0.069566,426492
1786923000000,0.069566,0.069576,0.069506,0.069535,404762
1786923900000,0.069546,0.069632,0.069509,0.069556,342050
1786924800000,0.06956,0.069649,0.069549,0.069612,574009
1786925700000,0.06958,0.069614,0.06945,0.069614,385813
1786926600000,0.069621,0.069774,0.0695,0.069771,207935
1786927500000,0.069765,0.069775,0.069603,0.069731,151997
1786928400000,0.06973,0.070136,0.06973,0.069951,642799
1786929300000,0.069959,0.070097,0.069931,0.07004,1060000
1786930200000,0.07004,0.070259,0.07004,0.070134,1471199
1786931100000,0.070149,0.070149,0.069981,0.069981,222505
1786932000000,0.069985,0.07002,0.069956,0.069992,1103599
1786932900000,0.069991,0.07002,0.069901,0.069977,150587
1786933800000,0.069977,0.070176,0.069924,0.070125,211770
1786934700000,0.070124,0.07029,0.070103,0.070166,302423
1786935600000,0.070167,0.070205,0.07013,0.070162,165118
1786936500000,0.070166,0.070241,0.070048,0.070084,153904
1786937400000,0.070085,0.070127,0.070081,0.070117,58300
1786938300000,0.070106,0.070208,0.070093,0.070177,106590
1786939200000,0.070178,0.070242,0.070178,0.070219,124858
1786940100000,0.070225,0.070259,0.070162,0.070184,5824520
1786941000000,0.070185,0.070208,0.070162,0.070188,337287
1786941900000,0.070187,0.070234,0.07015,0.070198,74243
1786942800000,0.070199,0.070229,0.070133,0.070183,123893
1786943700000,0.070184,0.070234,0.070159,0.070159,74311
1786944600000,0.070159,0.070159,0.070086,0.070131,253191
1786945500000,0.070131,0.070186,0.070131,0.070143,64153
1786946400000,0.070136,0.070233,0.070113,0.070231,258078
1786947300000,0.07023,0.070385,0.070197,0.070197,7594924
1786948200000,0.070198,0.070341,0.070182,0.070317,1994327
1786949100000,0.070323,0.070459,0.070323,0.070459,466314
1786950000000,0.07046,0.070481,0.070301,0.070309,1485465
1786950900000,0.07031,0.070318,0.070277,0.070316,65261
1786951800000,0.070322,0.070323,0.070258,0.07026,44979
1786952700000,0.070261,0.070289,0.070249,0.070289,101908
1786953600000,0.070289,0.07032,0.070135,0.070146,203175
1786954500000,0.070146,0.070178,0.0701,0.070159,264497
1786955400000,0.070172,0.070291,0.070133,0.070133,272952
1786956300000,0.070129,0.070129,0.070028,0.070069,1050970
1786957200000,0.07007,0.070229,0.07005,0.070175,1043694
1786958100000,0.070176,0.070221,0.070129,0.070221,780365
1786959000000,0.070233,0.07025,0.070212,0.070213,310963
1786959900000,0.070212,0.070236,0.070159,0.070232,105465
1786960800000,0.070232,0.070255,0.070232,0.070249,115526
1786961700000,0.070248,0.070264,0.070159,0.070264,457590
1786962600000,0.070271,0.070378,0.070248,0.070376,418052
1786963500000,0.07038,0.070414,0.070327,0.070403,1014746
1786964400000,0.070396,0.070408,0.070332,0.070335,566480
1786965300000,0.070333,0.070341,0.070313,0.070316,388250
1786966200000,0.070316,0.070316,0.07029,0.070308,594424
1786967100000,0.070308,0.070353,0.070169,0.070175,1577185
1786968000000,0.070175,0.07021,0.07012,0.07016,763919
1786968900000,0.07017,0.070171,0.070058,0.070099,806157
1786969800000,0.070099,0.070153,0.069997,0.070064,750862
1786970700000,0.070058,0.070074,0.070016,0.070053,541902
1786971600000,0.070052,0.070072,0.069998,0.070039,862958
1786972500000,0.070038,0.07004,0.070001,0.070038,702450
1786973400000,0.070038,0.070285,0.070024,0.070217,1304139
1786974300000,0.070214,0.070295,0.070188,0.070226,601989
1786975200000,0.070225,0.070236,0.070104,0.070198,680844
1786976100000,0.070197,0.070249,0.070081,0.070115,1008070
1786977000000,0.070108,0.070202,0.070084,0.070168,2108164
1786977900000,0.070168,0.070386,0.070166,0.070371,518539
1786978800000,0.07036,0.070461,0.070318,0.070318,1141380
1786979700000,0.070317,0.070442,0.070284,0.070437,634252
1786980600000,0.070437,0.07056,0.070388,0.070534,823927
1786981500000,0.070532,0.070588,0.070465,0.070503,638920
1786982400000,0.070503,0.070517,0.070305,0.070322,4127247
1786983300000,0.070322,0.070433,0.070321,0.070378,500193
1786984200000,0.070378,0.070462,0.070378,0.07039,241237
1786985100000,0.07039,0.070433,0.070322,0.070355,69092
1786986000000,0.070356,0.070364,0.070305,0.070308,79204
1786986900000,0.070295,0.070528,0.070286,0.070396,1300125
1786987800000,0.070391,0.070393,0.070291,0.070343,4066494
1786988700000,0.070331,0.070373,0.070321,0.070362,69764
1786989600000,0.070354,0.0704,0.070323,0.0704,195487
1786990500000,0.070399,0.070492,0.070387,0.070409,922293
1786991400000,0.070431,0.070463,0.070367,0.070434,523824
1786992300000,0.070438,0.070438,0.070341,0.070349,70159
1786993200000,0.070347,0.070352,0.070274,0.070275,155863
1786994100000,0.070275,0.070318,0.070258,0.070313,34522
1786995000000,0.070294,0.07033,0.070245,0.070315,203460
1786995900000,0.070306,0.070315,0.070251,0.0703,105827
1786996800000,0.070291,0.070291,0.070181,0.070195,244860
1786997700000,0.070195,0.070223,0.070116,0.07022,480210
1786998600000,0.070222,0.070458,0.070177,0.070456,531073
1786999500000,0.070458,0.070495,0.070246,0.070305,1312967
1787000400000,0.070305,0.070427,0.070303,0.070409,1790881
1787001300000,0.070408,0.070426,0.070366,0.070423,1628454
1787002200000,0.070423,0.070468,0.070401,0.070436,3436205
1787003100000,0.070434,0.070445,0.07042,0.070432,4389491
1787004000000,0.070428,0.070472,0.070346,0.070346,4740744
1787004900000,0.070346,0.070357,0.070275,0.070285,3431433
1787005800000,0.070286,0.070296,0.070219,0.070249,1942284
1787006700000,0.070249,0.07025,0.070216,0.070216,90133
1787007600000,0.070217,0.070258,0.070203,0.070247,185049
1787008500000,0.070247,0.070436,0.070234,0.070436,10526944
1787009400000,0.070428,0.070534,0.070405,0.070414,10616287
1787010300000,0.070414,0.070483,0.070399,0.070417,891002
1787011200000,0.070423,0.07043,0.070326,0.070389,2606068
1787012100000,0.070391,0.070429,0.070308,0.070319,1189964
1787013000000,0.07032,0.07032,0.070214,0.070273,1442996
1787013900000,0.070285,0.070354,0.07026,0.070332,105345
1787014800000,0.070342,0.070363,0.070219,0.07032,435404
1787015700000,0.07032,0.070321,0.070219,0.070219,171347
1787016600000,0.07022,0.070265,0.070182,0.070182,732984
1787017500000,0.070182,0.070182,0.069936,0.069994,2745586
1787018400000,0.070001,0.070101,0.069964,0.069964,1324983
1787019300000,0.069931,0.069992,0.069901,0.069919,633070
1787020200000,0.069919,0.069952,0.069806,0.069806,306435
1787021100000,0.06981,0.069828,0.069612,0.069702,645221
1787022000000,0.069703,0.069812,0.069679,0.069751,2033768
1787022900000,0.069751,0.069881,0.069751,0.069815,147155
1787023800000,0.069811,0.069864,0.069677,0.069855,112375
1787024700000,0.069872,0.069872,0.069841,0.069841,24103
1787025600000,0.069844,0.069863,0.069714,0.069863,345014
1787026500000,0.069861,0.069902,0.069827,0.069901,841634
1787027400000,0.069911,0.070023,0.069911,0.069946,3014244
1787028300000,0.069951,0.069973,0.0699,0.069928,1090064
1787029200000,0.069932,0.069986,0.069833,0.069967,379125
1787030100000,0.069966,0.069967,0.069817,0.069847,559321
1787031000000,0.069806,0.069892,0.069617,0.069892,244277
1787031900000,0.069891,0.069891,0.069762,0.069778,583934
1787032800000,0.069778,0.069891,0.069732,0.069868,672392
1787033700000,0.069875,0.070046,0.069875,0.070006,395809
1787034600000,0.070014,0.070086,0.070014,0.070045,750466
1787035500000,0.070042,0.070044,0.069905,0.069932,81855
1787036400000,0.069939,0.069985,0.069919,0.069962,762410
1787037300000,0.069962,0.070008,0.069836,0.069839,1764108
1787038200000,0.069807,0.069947,0.069807,0.069866,360606
1787039100000,0.069866,0.069893,0.069765,0.069871,156657
1787040000000,0.069871,0.069871,0.069652,0.069755,3005714
1787040900000,0.069754,0.06982,0.069742,0.069757,2260362
1787041800000,0.069758,0.069916,0.069758,0.069889,405018
1787042700000,0.069889,0.069891,0.069851,0.06987,1025115
1787043600000,0.06987,0.069892,0.069824,0.069891,861386
1787044500000,0.069892,0.069922,0.06985,0.069903,664333
1787045400000,0.069904,0.069914,0.06982,0.069834,363256
1787046300000,0.069845,0.069883,0.069832,0.069883,237310
1787047200000,0.069882,0.069926,0.069854,0.069879,482007
1787048100000,0.06988,0.069893,0.069863,0.069882,55562
1787049000000,0.069883,0.069938,0.069883,0.069935,72081
1787049900000,0.069935,0.069937,0.069895,0.069895,511742
1787050800000,0.069896,0.069974,0.069891,0.06996,76012
1787051700000,0.069959,0.070012,0.069959,0.069976,187752
1787052600000,0.069996,0.069996,0.069941,0.069958,92134
1787053500000,0.069961,0.069972,0.069935,0.069947,148916
1787054400000,0.069947,0.069974,0.069878,0.069896,4989069
1787055300000,0.069895,0.069908,0.069842,0.069893,335161
1787056200000,0.069899,0.069899,0.069862,0.069881,30113
1787057100000,0.069871,0.069871,0.06981,0.069819,329270
1787058000000,0.06982,0.06982,0.069772,0.069774,567818
1787058900000,0.069775,0.069775,0.069754,0.069755,78660
1787059800000,0.069755,0.069882,0.069747,0.069832,4998395
1787060700000,0.069832,0.069832,0.069734,0.06978,590146
1787061600000,0.069795,0.069911,0.069755,0.069782,1675435
1787062500000,0.069778,0.070349,0.069778,0.070327,1846956
1787063400000,0.070325,0.070345,0.07012,0.070146,1003169
1787064300000,0.070135,0.070167,0.070036,0.07004,742573
1787065200000,0.070041,0.070153,0.069996,0.070149,102109
1787066100000,0.07016,0.07028,0.070142,0.070265,787391
1787067000000,0.070265,0.070307,0.070188,0.070188,547518
1787067900000,0.070188,0.070295,0.070188,0.070295,105096
1787068800000,0.070308,0.07035,0.070233,0.070259,1125762
1787069700000,0.07026,0.070265,0.070196,0.070201,554308
1787070600000,0.070202,0.070455,0.070202,0.070387,695130
1787071500000,0.070387,0.070453,0.070359,0.070375,925423
1787072400000,0.070366,0.070395,0.070314,0.070339,234803
1787073300000,0.070356,0.070365,0.070317,0.070319,270184
1787074200000,0.07032,0.070335,0.070259,0.070277,248495
1787075100000,0.070277,0.07028,0.070252,0.070252,232668
1787076000000,0.070254,0.070349,0.070249,0.070349,136949
1787076900000,0.070349,0.070432,0.070348,0.070431,45644
1787077800000,0.070432,0.070511,0.070405,0.070466,798689
1787078700000,0.070455,0.070477,0.070417,0.070444,753636
1787079600000,0.070445,0.070523,0.070382,0.070383,871867
1787080500000,0.070382,0.07052,0.070345,0.070517,554531
1787081400000,0.070518,0.070526,0.070392,0.070414,445854
1787082300000,0.070408,0.070422,0.070345,0.070345,298562
1787083200000,0.070345,0.070393,0.070301,0.070393,185612
1787084100000,0.070393,0.070394,0.070242,0.070285,453923
1787085000000,0.070285,0.070402,0.070266,0.070266,569788
1787085900000,0.070253,0.070286,0.070101,0.070252,345784
1787086800000,0.070222,0.070285,0.070201,0.07027,193065
1787087700000,0.070236,0.07024,0.070203,0.070203,14315
1787088600000,0.070203,0.070203,0.07014,0.070174,83601
1787089500000,0.070154,0.070171,0.070111,0.070126,187143
1787090400000,0.070126,0.070211,0.070103,0.070168,432857
1787091300000,0.07017,0.07017,0.070042,0.070128,147018
1787092200000,0.070128,0.070205,0.070073,0.070075,241849
1787093100000,0.070069,0.070084,0.06996,0.070054,254275
1787094000000,0.070055,0.070198,0.070054,0.070164,122452
1787094900000,0.070165,0.070292,0.070161,0.070272,310557
1787095800000,0.070245,0.07029,0.070242,0.070272,224293
1787096700000,0.070271,0.070289,0.070231,0.070235,357511
1787097600000,0.070234,0.070259,0.070144,0.070144,788833
1787098500000,0.070117,0.070131,0.070009,0.070014,1909316
1787099400000,0.070014,0.070081,0.069989,0.070014,5666466
1787100300000,0.070014,0.070036,0.069957,0.069957,4169719
1787101200000,0.069958,0.070088,0.069941,0.07005,169688
1787102100000,0.070049,0.070053,0.069917,0.069986,227101
1787103000000,0.069988,0.069989,0.069892,0.069893,160759
1787103900000,0.069892,0.069983,0.069892,0.069959,76271
1787104800000,0.069953,0.069963,0.069867,0.069888,830758
1787105700000,0.069888,0.069946,0.069842,0.069934,59011
1787106600000,0.069941,0.069961,0.069912,0.069947,31109
1787107500000,0.069946,0.069988,0.069887,0.06993,27189
1787108400000,0.06993,0.07,0.0699,0.069999,391403
1787109300000,0.070028,0.070121,0.070028,0.070056,374278
1787110200000,0.070056,0.070083,0.070033,0.070083,80358
1787111100000,0.070065,0.070098,0.070034,0.070089,142716
1787112000000,0.070076,0.070078,0.070007,0.070007,55485
1787112900000,0.070015,0.070074,0.07001,0.07003,28475
1787113800000,0.07003,0.07003,0.069958,0.069979,92634
1787114700000,0.069987,0.069989,0.069921,0.069959,769827
1787115600000,0.069933,0.070082,0.069933,0.070045,742637
1787116500000,0.070033,0.07004,0.06995,0.070023,522535
1787117400000,0.070023,0.070034,0.069979,0.069979,167180
1787118300000,0.069984,0.069984,0.069924,0.069926,23599
1787119200000,0.069935,0.069935,0.069853,0.069855,173517
1787120100000,0.069856,0.070007,0.069856,0.069958,182123
1787121000000,0.06996,0.070072,0.069902,0.070068,203972
1787121900000,0.07008,0.070222,0.070028,0.070084,2814635
1787122800000,0.070106,0.070106,0.070034,0.070062,404640
1787123700000,0.070064,0.070082,0.07004,0.070067,48386
1787124600000,0.070058,0.070085,0.070019,0.070019,224168
1787125500000,0.070021,0.070073,0.069922,0.069922,87411
1787126400000,0.069923,0.069984,0.069879,0.069938,137374
1787127300000,0.069938,0.070065,0.069937,0.070063,95101
1787128200000,0.070067,0.070233,0.070045,0.070197,458867
1787129100000,0.070197,0.070305,0.070152,0.070155,8971298
1787130000000,0.070145,0.070226,0.07012,0.070127,397090
1787130900000,0.070121,0.070156,0.070105,0.070105,259088
1787131800000,0.070119,0.070119,0.070043,0.070044,73755
1787132700000,0.070041,0.070055,0.070025,0.070054,82531
1787133600000,0.070054,0.070054,0.07002,0.070022,52448
1787134500000,0.070022,0.070044,0.070004,0.070018,79710
1787135400000,0.070019,0.070041,0.070018,0.070041,36602
1787136300000,0.070048,0.070079,0.070047,0.070072,686749
1787137200000,0.070071,0.07022,0.070071,0.070195,532472
1787138100000,0.070188,0.070197,0.070155,0.07019,1644549
1787139000000,0.07019,0.070228,0.07019,0.070195,105631
1787139900000,0.070196,0.070228,0.070195,0.070223,55410
1787140800000,0.070231,0.070291,0.070216,0.07022,1331979
1787141700000,0.070219,0.070246,0.070187,0.070245,1929991
1787142600000,0.070245,0.0705,0.070223,0.070471,4041113
1787143500000,0.070467,0.070777,0.070467,0.07062,4497980
1787144400000,0.0706,0.070688,0.070519,0.070641,898277
1787145300000,0.070641,0.07069,0.070581,0.070598,2273436
1787146200000,0.070598,0.070663,0.070413,0.070518,615061
1787147100000,0.070521,0.070608,0.070464,0.070517,107203
1787148000000,0.070524,0.07063,0.070298,0.070581,4142191
1787148900000,0.070581,0.070656,0.070528,0.070606,1241971
1787149800000,0.070597,0.070726,0.070575,0.070707,351991
1787150700000,0.070707,0.071413,0.070707,0.071296,2933768
1787151600000,0.071297,0.072195,0.071224,0.07188,11177404
1787152500000,0.0719,0.0741,0.071703,0.073652,27499970
1787153400000,0.0737,0.073765,0.07304,0.073069,10000884
1787154300000,0.07308,0.07308,0.072337,0.072509,4079713
1787155200000,0.072509,0.072972,0.072458,0.072698,5965184
1787156100000,0.072694,0.073211,0.072693,0.073178,2232965
1787157000000,0.073178,0.073199,0.072837,0.072837,890240
1787157900000,0.072832,0.072937,0.072698,0.072741,1336888
1787158800000,0.072726,0.072768,0.072271,0.072363,6473330
1787159700000,0.072358,0.072414,0.072014,0.07211,3264340
1787160600000,0.07211,0.072263,0.071906,0.072235,1964923
1787161500000,0.072235,0.072351,0.072229,0.072282,1535641
1787162400000,0.072282,0.072379,0.072172,0.072379,825248
1787163300000,0.072384,0.072626,0.072381,0.072595,1411289
1787164200000,0.072603,0.072826,0.072569,0.072775,3441636
1787165100000,0.072776,0.072853,0.07268,0.072723,1043330
1787166000000,0.072726,0.072834,0.07247,0.072527,852039
1787166900000,0.072563,0.072901,0.072515,0.072715,10144585
1787167800000,0.072714,0.072993,0.072677,0.072993,9638782
1787168700000,0.072992,0.073133,0.072903,0.073124,5803814
1787169600000,0.073136,0.073221,0.073069,0.073083,6587544
1787170500000,0.073087,0.073373,0.072928,0.073282,6683270
1787171400000,0.073292,0.073468,0.073224,0.073442,2099853
1787172300000,0.073453,0.074563,0.073299,0.074216,14101676
1787173200000,0.074222,0.075837,0.074171,0.075701,16461612
1787174100000,0.075737,0.076186,0.075316,0.07606,79523682
1787175000000,0.076071,0.076368,0.075395,0.075926,15834857
1787175900000,0.075974,0.07638,0.07573,0.07604,10913382
1787176800000,0.076071,0.076195,0.074991,0.07512,4113901
1787177700000,0.075107,0.07548,0.074881,0.074884,2611467
1787178600000,0.074881,0.075443,0.074436,0.075019,7941093
1787179500000,0.075009,0.075019,0.074446,0.074809,10307914
1787180400000,0.074809,0.074966,0.074666,0.074666,11136708
1787181300000,0.074684,0.074961,0.074582,0.074882,3929259
1787182200000,0.074868,0.075272,0.074683,0.075215,4599255
1787183100000,0.075169,0.075169,0.074789,0.075069,5806534
1787184000000,0.07506,0.075266,0.075002,0.075064,4694877
1787184900000,0.075063,0.075436,0.075028,0.075385,4705826
1787185800000,0.075409,0.075645,0.075282,0.075485,1766428
1787186700000,0.075484,0.075712,0.075161,0.075278,1515473
1787187600000,0.075248,0.075492,0.074887,0.074887,3619232
1787188500000,0.074909,0.075093,0.074685,0.075002,558884
1787189400000,0.075021,0.07536,0.075021,0.075347,3198049
1787190300000,0.075372,0.075596,0.075372,0.075484,1239871
1787191200000,0.075484,0.076106,0.075476,0.075838,2956787
1787192100000,0.075853,0.075924,0.075588,0.075676,472560
1787193000000,0.075647,0.075821,0.07561,0.075638,2789809
1787193900000,0.075638,0.075659,0.075345,0.07549,4485986
1787194800000,0.075483,0.075483,0.074771,0.074902,978769
1787195700000,0.074994,0.075157,0.074816,0.074822,457262
1787196600000,0.074828,0.074941,0.074633,0.074868,19218405
1787197500000,0.074852,0.07501,0.074791,0.074791,1010433
1787198400000,0.0748,0.074925,0.074712,0.074874,1014140
1787199300000,0.074857,0.074857,0.074663,0.074669,98346
1787200200000,0.074681,0.074734,0.074472,0.074667,2337504
1787201100000,0.07473,0.074895,0.074706,0.074828,193936
1787202000000,0.074831,0.07488,0.074696,0.0747,340414
1787202900000,0.0747,0.074831,0.074687,0.074697,381453
1787203800000,0.074664,0.074741,0.074592,0.074686,714992
1787204700000,0.074668,0.074764,0.07461,0.074697,90915
1787205600000,0.074661,0.074789,0.074551,0.074654,956172
1787206500000,0.074652,0.075,0.074479,0.074902,437310
1787207400000,0.074948,0.07527,0.074869,0.07527,160915
1787208300000,0.075258,0.075349,0.075181,0.075291,1106246
1787209200000,0.075262,0.0754,0.07519,0.0753,1285638
1787210100000,0.075294,0.075315,0.07507,0.075271,271396
1787211000000,0.075179,0.075241,0.075054,0.075156,809604
1787211900000,0.075152,0.075369,0.075097,0.075315,235537
1787212800000,0.075327,0.076484,0.075283,0.076473,2003303
1787213700000,0.076414,0.076744,0.076275,0.076583,2253106
1787214600000,0.076604,0.077108,0.076539,0.077065,5926152
1787215500000,0.077064,0.077109,0.076808,0.076808,4753319
1787216400000,0.076853,0.077003,0.076659,0.077003,2781192
1787217300000,0.076991,0.077338,0.076825,0.076826,1778161
1787218200000,0.076806,0.076853,0.076575,0.076755,4844920
1787219100000,0.076738,0.07677,0.076394,0.07666,6046142
1787220000000,0.076663,0.077049,0.076501,0.077049,4186433
1787220900000,0.077053,0.077856,0.077053,0.077313,15243335
1787221800000,0.077298,0.077381,0.077134,0.07722,1660787
1787222700000,0.07718,0.077292,0.077101,0.077163,941173
1787223600000,0.077197,0.077374,0.077059,0.077164,4984417
1787224500000,0.077141,0.07719,0.076917,0.076955,25303205
1787225400000,0.076912,0.077924,0.076889,0.077577,52204942
1787226300000,0.077592,0.077681,0.077059,0.077197,7942076
1787227200000,0.077185,0.077373,0.076713,0.076918,5907037
1787228100000,0.076878,0.077012,0.076817,0.076886,1114136
1787229000000,0.076884,0.077125,0.076675,0.077001,1577947
1787229900000,0.077002,0.077573,0.076836,0.077474,2242296
1787230800000,0.077475,0.077508,0.077258,0.077365,1132611
1787231700000,0.077359,0.077914,0.077239,0.077829,754163
1787232600000,0.077818,0.077818,0.076903,0.077444,7624142
1787233500000,0.077437,0.077695,0.077265,0.077499,4808580
1787234400000,0.077496,0.078279,0.077421,0.07808,17919560
1787235300000,0.078089,0.078157,0.077627,0.077712,2441502
1787236200000,0.077724,0.07818,0.07768,0.078054,2388046
1787237100000,0.078055,0.078613,0.077882,0.078503,5736414
1787238000000,0.078509,0.079919,0.078404,0.079746,25086271
1787238900000,0.079773,0.079788,0.078953,0.079535,3680841
1787239800000,0.079536,0.079626,0.079047,0.079381,4882215
1787240700000,0.079353,0.080669,0.079188,0.080248,7415319
1787241600000,0.080285,0.080331,0.07974,0.079908,2133357
1787242500000,0.079909,0.080668,0.079822,0.080642,24305533
1787243400000,0.080642,0.081785,0.080351,0.081693,9619306
1787244300000,0.081693,0.083332,0.081675,0.083324,12434974
1787245200000,0.08332,0.08355,0.082578,0.08297,8689334
1787246100000,0.082966,0.083341,0.082609,0.082881,15562800
1787247000000,0.082871,0.083256,0.082727,0.082833,15658485
1787247900000,0.08284,0.083612,0.082759,0.082842,8793889
1787248800000,0.082845,0.08323,0.081333,0.081557,7467955
1787249700000,0.081557,0.081815,0.080779,0.080816,5065656
1787250600000,0.080819,0.080936,0.080282,0.080537,7034798
1787251500000,0.080622,0.080663,0.079695,0.079695,2263426
1787252400000,0.0797,0.080402,0.079567,0.080028,3501931
1787253300000,0.080023,0.080346,0.080004,0.080105,2956464
1787254200000,0.080104,0.080142,0.079767,0.079976,1869037
1787255100000,0.079988,0.080041,0.079453,0.079708,1715383
1787256000000,0.079701,0.079928,0.079654,0.079801,733727
1787256900000,0.079822,0.080101,0.079719,0.079987,355203
1787257800000,0.080003,0.080207,0.079885,0.080081,1825912
1787258700000,0.080081,0.080134,0.079884,0.080121,615880
1787259600000,0.080124,0.08041,0.080123,0.080292,11774664
1787260500000,0.080288,0.080458,0.080228,0.080329,419015
1787261400000,0.080329,0.080677,0.080274,0.080364,4669843
1787262300000,0.080369,0.080469,0.080116,0.080246,1683354
1787263200000,0.080246,0.080338,0.079505,0.079545,23236038
1787264100000,0.079545,0.079713,0.079082,0.07953,20020890
1787265000000,0.079547,0.079566,0.079251,0.079251,1155481
1787265900000,0.079257,0.079606,0.079257,0.079378,1716955
1787266800000,0.07939,0.079736,0.07939,0.079687,439662
1787267700000,0.079708,0.080764,0.079663,0.080667,68888059
1787268600000,0.08067,0.0808,0.080304,0.080305,12144056
1787269500000,0.080304,0.080599,0.080254,0.080533,835138
1787270400000,0.080535,0.080794,0.08037,0.080794,2494444
1787271300000,0.080793,0.081596,0.080638,0.081167,6143633
1787272200000,0.08116,0.081485,0.080972,0.081248,2320066
1787273100000,0.081233,0.081544,0.081143,0.081365,637553
1787274000000,0.08136,0.081866,0.081268,0.081747,6776832
1787274900000,0.081766,0.082282,0.081479,0.082012,3333627
1787275800000,0.082024,0.082517,0.081961,0.082318,3649790
1787276700000,0.082335,0.083113,0.082335,0.082603,2375535
1787277600000,0.082604,0.082864,0.081945,0.082314,4411270
1787278500000,0.0823,0.082438,0.081934,0.082191,3196459
1787279400000,0.082173,0.082236,0.081689,0.082021,555099
1787280300000,0.082013,0.082028,0.081446,0.081498,1380189
1787281200000,0.081499,0.081895,0.081304,0.081692,479331
1787282100000,0.081674,0.082053,0.081428,0.081984,834391
1787283000000,0.081991,0.08238,0.081991,0.082159,545784
1787283900000,0.082159,0.08242,0.081843,0.081858,905009
1787284800000,0.081857,0.08251,0.081835,0.082149,1342039
1787285700000,0.08215,0.082434,0.082036,0.08213,1148309
1787286600000,0.082126,0.082428,0.081996,0.082252,775786
1787287500000,0.082225,0.08253,0.082133,0.082381,1123373
1787288400000,0.082399,0.082651,0.082157,0.082577,1025802
1787289300000,0.082564,0.082845,0.082213,0.082537,2274710
1787290200000,0.082537,0.082865,0.082486,0.082571,3208304
1787291100000,0.08257,0.0829,0.082562,0.082827,1914313
1787292000000,0.082797,0.08337,0.082729,0.083065,1798133
1787292900000,0.083153,0.084129,0.083081,0.083503,7476292
1787293800000,0.083478,0.083826,0.083363,0.083509,2561027
1787294700000,0.083516,0.083573,0.083102,0.083317,562087
1787295600000,0.08332,0.083602,0.083281,0.083534,1072038
1787296500000,0.0836,0.084208,0.083545,0.083967,10849566
1787297400000,0.083963,0.084649,0.08393,0.084509,7164851
1787298300000,0.084538,0.084548,0.083164,0.083489,68374907
1787299200000,0.083489,0.084426,0.083391,0.084289,4376462
1787300100000,0.084309,0.084546,0.084135,0.084515,4351098
1787301000000,0.084498,0.084997,0.084412,0.084815,17571760
1787301900000,0.084816,0.0859,0.084741,0.085743,46130198
1787302800000,0.085794,0.085842,0.082597,0.08345,77250200
1787303700000,0.083458,0.083622,0.082921,0.083517,5685651
1787304600000,0.083525,0.084134,0.083405,0.083983,15951994
1787305500000,0.083994,0.084649,0.083955,0.084507,15589820
1787306400000,0.084513,0.084713,0.083976,0.084303,3029802
1787307300000,0.084329,0.084649,0.08376,0.083926,3931258
1787308200000,0.083946,0.084161,0.083535,0.08395,22091469
1787309100000,0.083951,0.084727,0.083951,0.084555,6044479
1787310000000,0.0846,0.084704,0.083795,0.084174,2539395
1787310900000,0.084241,0.084452,0.083899,0.084143,5816673
1787311800000,0.084144,0.084197,0.082747,0.08315,7834720
1787312700000,0.083162,0.083437,0.082633,0.083034,2589354
1787313600000,0.083033,0.08356,0.082709,0.083551,3144470
1787314500000,0.083551,0.083555,0.083061,0.083215,17807751
1787315400000,0.083236,0.084336,0.083129,0.084286,8383259
1787316300000,0.084273,0.084307,0.083834,0.083943,2906129
1787317200000,0.08395,0.083983,0.083673,0.08382,1771393
1787318100000,0.08382,0.083843,0.083327,0.083554,2532949
1787319000000,0.083524,0.084346,0.082725,0.084092,46249183
1787319900000,0.084092,0.084446,0.083845,0.084106,8319888
1787320800000,0.084066,0.084164,0.08334,0.083477,33022225
1787321700000,0.08348,0.083898,0.082956,0.083766,11476820
1787322600000,0.083778,0.08417,0.08356,0.083988,16969033
1787323500000,0.084031,0.084439,0.084011,0.084298,12898496
1787324400000,0.084276,0.084878,0.084088,0.084739,15844579
1787325300000,0.084723,0.084883,0.084398,0.084475,7710252
1787326200000,0.084495,0.084619,0.083923,0.084187,13874357
1787327100000,0.084193,0.084432,0.083744,0.08393,7796445
1787328000000,0.083929,0.084252,0.083646,0.083646,23789529
1787328900000,0.083631,0.08459,0.0835,0.084544,17782557
1787329800000,0.084555,0.084796,0.084447,0.084481,8806467
1787330700000,0.08448,0.084938,0.084399,0.084821,8224785
1787331600000,0.084798,0.085312,0.084666,0.085055,13684438
1787332500000,0.085054,0.085054,0.084013,0.084748,4640191
1787333400000,0.08478,0.085018,0.084511,0.0846,6421097
1787334300000,0.084604,0.084721,0.084435,0.084505,5134628
1787335200000,0.084506,0.084961,0.084466,0.08489,2117514
1787336100000,0.084878,0.085433,0.084718,0.085132,3586792
1787337000000,0.085129,0.085282,0.084197,0.084328,8605591
1787337900000,0.084327,0.084455,0.083789,0.084413,3558022
1787338800000,0.084413,0.084556,0.083708,0.084509,3227203
1787339700000,0.084524,0.084987,0.084171,0.084946,2140753
1787340600000,0.084953,0.085023,0.084523,0.084533,6082108
1787341500000,0.084537,0.085217,0.084406,0.085039,4902250
1787342400000,0.08504,0.085341,0.084834,0.085053,6714251
1787343300000,0.085052,0.085784,0.085049,0.085566,3007890
1787344200000,0.085562,0.087397,0.085516,0.086857,23009760
1787345100000,0.086854,0.08758,0.086535,0.087571,8678943
1787346000000,0.087544,0.088496,0.087226,0.08809,16063577
1787346900000,0.088074,0.089,0.088003,0.088244,36595243
1787347800000,0.088239,0.09169,0.088235,0.091324,68123568
1787348700000,0.091337,0.092516,0.090863,0.092318,94948440
1787349600000,0.092311,0.094082,0.09181,0.09364,99482800
1787350500000,0.093653,0.093686,0.091997,0.093466,54145013
1787351400000,0.093435,0.094652,0.092396,0.094035,44992201
1787352300000,0.094009,0.094914,0.093522,0.094341,22975565
1787353200000,0.094331,0.094553,0.093672,0.094152,13391637
1787354100000,0.094137,0.094516,0.093043,0.093086,16594716
1787355000000,0.093093,0.093297,0.091691,0.092328,32258961
1787355900000,0.092328,0.092407,0.091117,0.091648,26301827
1787356800000,0.091648,0.092036,0.090192,0.090864,56960231
1787357700000,0.090864,0.091946,0.090595,0.091513,11717732
1787358600000,0.091486,0.091811,0.09091,0.091154,12807950
1787359500000,0.091148,0.091968,0.090746,0.091938,27550265
1787360400000,0.091934,0.092221,0.09164,0.091889,10743416
1787361300000,0.091886,0.092536,0.091857,0.092311,6339929
1787362200000,0.092304,0.09254,0.091879,0.092074,6760154
1787363100000,0.092045,0.092137,0.091107,0.091643,14612802
1787364000000,0.091611,0.092412,0.091504,0.092331,7773391
1787364900000,0.092324,0.093341,0.092275,0.093118,14537852
1787365800000,0.093171,0.093818,0.092676,0.093667,10095599
1787366700000,0.093681,0.094074,0.093502,0.093927,9377173
1787367600000,0.093927,0.093998,0.093631,0.093791,6284000
1787368500000,0.093829,0.097399,0.093786,0.096881,34247089
1787369400000,0.096869,0.09703,0.094847,0.095477,24861885
1787370300000,0.095479,0.096483,0.095375,0.095827,20309083
1787371200000,0.095852,0.096061,0.095037,0.095504,17905894
1787372100000,0.095494,0.096629,0.095182,0.096362,11795444
1787373000000,0.096371,0.10106,0.096277,0.1003,36692401
1787373900000,0.10032,0.10059,0.09816,0.098733,27044555
1787374800000,0.098732,0.099842,0.082996,0.090281,141728477
1787375700000,0.090293,0.092932,0.082441,0.09115,59730078
1787376600000,0.091127,0.091351,0.089363,0.090284,17306364
1787377500000,0.090301,0.092251,0.090119,0.091947,42450878
1787378400000,0.091998,0.092339,0.090909,0.091161,11180489
1787379300000,0.091175,0.09314,0.09116,0.092522,5138757
1787380200000,0.0925,0.093865,0.091615,0.092957,12563848
1787381100000,0.092947,0.093129,0.092384,0.092835,3657050
1787382000000,0.092773,0.093495,0.092178,0.092605,9216772
1787382900000,0.092587,0.093321,0.091547,0.09329,18622278
1787383800000,0.093261,0.094049,0.092698,0.093098,13089601
1787384700000,0.093084,0.093421,0.092698,0.093112,3675206
1787385600000,0.093127,0.093582,0.092425,0.093547,5054816
1787386500000,0.093548,0.093571,0.091437,0.091732,26356955
1787387400000,0.091762,0.091845,0.090481,0.091515,55178906
1787388300000,0.091495,0.091616,0.090935,0.091522,3747481
1787389200000,0.091518,0.092295,0.09012,0.092295,30165420
1787390100000,0.092274,0.092448,0.091592,0.091701,19480131
1787391000000,0.091724,0.091916,0.09099,0.091325,24666448
1787391900000,0.09133,0.091385,0.090363,0.090807,20321919
1787392800000,0.090814,0.09088,0.089008,0.08913,16907028
1787393700000,0.089129,0.089432,0.087771,0.089327,9451313
1787394600000,0.089312,0.090533,0.089034,0.090401,24596552
1787395500000,0.090387,0.090495,0.089461,0.089785,2545946
1787396400000,0.089764,0.090032,0.089167,0.089758,2330570
1787397300000,0.089692,0.089889,0.089376,0.089762,679529
1787398200000,0.089771,0.090416,0.08957,0.090331,9737851
1787399100000,0.090276,0.090369,0.089806,0.089987,4952942
1787400000000,0.089988,0.091174,0.089658,0.090982,7565819
1787400900000,0.09106,0.091378,0.090745,0.091142,6184602
1787401800000,0.091127,0.091746,0.090778,0.09173,12745539
1787402700000,0.091682,0.092364,0.09154,0.09164,58986678
1787403600000,0.091661,0.092159,0.091296,0.0916,17561315
1787404500000,0.091574,0.091951,0.091229,0.091553,10024217
1787405400000,0.091553,0.091717,0.090841,0.091372,21158249
1787406300000,0.091374,0.091826,0.091146,0.091305,3910583
1787407200000,0.091306,0.091456,0.090279,0.090756,4897127
1787408100000,0.090772,0.09098,0.090296,0.090899,3915108
1787409000000,0.090883,0.091217,0.090211,0.090211,4214219
1787409900000,0.090223,0.090386,0.08991,0.09027,10167294
1787410800000,0.09027,0.090599,0.089738,0.089768,6461473
1787411700000,0.089767,0.090409,0.089614,0.090314,4348254
1787412600000,0.090323,0.090759,0.090121,0.090412,609398
1787413500000,0.090406,0.090582,0.090124,0.090391,1727101
1787414400000,0.090391,0.090922,0.089845,0.090463,2209207
1787415300000,0.09046,0.091509,0.0904,0.09122,3381602
1787416200000,0.091226,0.092021,0.091209,0.091887,4694769
1787417100000,0.091886,0.0923,0.091675,0.091761,4444112
1787418000000,0.091761,0.092051,0.09136,0.092024,2573434
1787418900000,0.092065,0.093312,0.091912,0.092067,4465436
1787419800000,0.09212,0.093673,0.092068,0.093646,10073340
1787420700000,0.093634,0.093634,0.093113,0.09329,5692790
1787421600000,0.093316,0.094061,0.092708,0.092908,16060658
1787422500000,0.092907,0.094018,0.092904,0.093677,14512761
1787423400000,0.093699,0.093904,0.093086,0.093124,7776335
1787424300000,0.093123,0.093246,0.092335,0.092941,1912222
1787425200000,0.092959,0.092987,0.092252,0.092945,3976638
1787426100000,0.092964,0.093213,0.092545,0.092921,2464467
1787427000000,0.092939,0.093712,0.092939,0.093706,2239506
1787427900000,0.093689,0.093911,0.093594,0.093645,6624350
1787428800000,0.093639,0.095435,0.09348,0.095098,12436670
1787429700000,0.095097,0.095352,0.093865,0.09431,8914248
1787430600000,0.09431,0.095099,0.094305,0.094589,3745866
1787431500000,0.0946,0.094982,0.094317,0.094371,2824114
1787432400000,0.094348,0.094441,0.093325,0.093415,6962834
1787433300000,0.093392,0.093877,0.093206,0.093504,1668549
1787434200000,0.093488,0.093488,0.092264,0.092848,4852103
1787435100000,0.092833,0.092833,0.09146,0.091735,3750179
1787436000000,0.091733,0.092659,0.091214,0.092542,31771093
1787436900000,0.092539,0.092637,0.092012,0.092407,3799045
1787437800000,0.092402,0.092571,0.092055,0.09212,3271094
1787438700000,0.092107,0.092457,0.091907,0.09202,1520231
1787439600000,0.092039,0.092193,0.091736,0.091819,950937
1787440500000,0.091851,0.091985,0.091651,0.091821,723750
1787441400000,0.091792,0.091819,0.091238,0.091654,5004496
1787442300000,0.091648,0.092207,0.091629,0.091978,491414
1787443200000,0.091967,0.0925,0.091926,0.092178,12131970
1787444100000,0.092153,0.092866,0.092068,0.092863,568483
1787445000000,0.092881,0.093891,0.092881,0.093652,2427983
1787445900000,0.093623,0.094449,0.09355,0.094052,4307986
1787446800000,0.094053,0.094135,0.093247,0.094135,4230264
1787447700000,0.094116,0.094141,0.093379,0.093521,866661
1787448600000,0.093537,0.093864,0.093051,0.093486,2668503
1787449500000,0.093488,0.093857,0.092971,0.093138,745893
1787450400000,0.093064,0.093198,0.091738,0.091782,12024389
1787451300000,0.091769,0.092231,0.091416,0.091697,1708079
1787452200000,0.091714,0.092331,0.091672,0.09226,491823
1787453100000,0.092259,0.09265,0.091892,0.091908,3040217
1787454000000,0.091908,0.09198,0.091254,0.091776,1386690
1787454900000,0.09177,0.092163,0.091213,0.091386,3092152
1787455800000,0.091385,0.091389,0.090638,0.090811,5977932
1787456700000,0.090809,0.091428,0.090809,0.091154,2937081
1787457600000,0.091126,0.091583,0.090791,0.091577,2213523
1787458500000,0.091579,0.091788,0.090932,0.091262,3219605
1787459400000,0.091252,0.091281,0.090426,0.090469,1986218
1787460300000,0.090471,0.090503,0.08934,0.08956,12972173
1787461200000,0.089542,0.09002,0.089324,0.089418,5403562
1787462100000,0.089475,0.09083,0.088747,0.090367,5413361
1787463000000,0.09035,0.09076,0.089842,0.089962,1390806
1787463900000,0.089963,0.090081,0.08957,0.08957,708576
1787464800000,0.089553,0.089823,0.08904,0.08972,3039538
1787465700000,0.089713,0.090258,0.089685,0.090043,1160606
1787466600000,0.090049,0.090562,0.089951,0.090069,2154977
1787467500000,0.090098,0.090156,0.089615,0.089821,1089475
1787468400000,0.089817,0.090445,0.089712,0.090381,1730940
1787469300000,0.090414,0.090754,0.090327,0.090397,607420
1787470200000,0.090397,0.090397,0.090033,0.090208,626292
1787471100000,0.090202,0.090601,0.090062,0.090333,1345877
1787472000000,0.09035,0.090968,0.090227,0.090848,1016166
1787472900000,0.090843,0.09104,0.090819,0.090991,908062
1787473800000,0.090991,0.09156,0.090966,0.091474,1219395
1787474700000,0.091467,0.091471,0.090941,0.091013,1064608
1787475600000,0.090999,0.091167,0.090748,0.090874,1600062
1787476500000,0.090878,0.091032,0.090758,0.090922,2012388
1787477400000,0.090914,0.091181,0.090497,0.091073,2756465
1787478300000,0.091081,0.091442,0.09089,0.091156,2232952
1787479200000,0.09115,0.091682,0.091105,0.091439,2071851
1787480100000,0.091467,0.092937,0.091467,0.092,3541585
1787481000000,0.092001,0.092594,0.091961,0.092515,780201
1787481900000,0.0925,0.092575,0.092263,0.092269,2152434
1787482800000,0.092269,0.092448,0.092017,0.092259,394933
1787483700000,0.092247,0.093162,0.092132,0.092654,1135926
1787484600000,0.092657,0.092953,0.09246,0.092869,1393585
1787485500000,0.092873,0.09308,0.092616,0.092834,2275078
1787486400000,0.092817,0.092833,0.091963,0.09223,2088949
1787487300000,0.092218,0.092558,0.092153,0.092326,1068541
1787488200000,0.092328,0.092614,0.092242,0.092566,1271553
1787489100000,0.092552,0.092552,0.092122,0.092471,960207
1787490000000,0.092471,0.092522,0.092261,0.092519,938443
1787490900000,0.092528,0.093791,0.092507,0.09335,7883875
1787491800000,0.093367,0.093641,0.09315,0.093513,1418359
1787492700000,0.093529,0.093944,0.093302,0.093792,2353108
1787493600000,0.093811,0.094579,0.093775,0.094449,4696266
1787494500000,0.094446,0.094588,0.093965,0.093993,2487358
1787495400000,0.094008,0.094408,0.090755,0.092285,20604309
1787496300000,0.092276,0.093026,0.092276,0.092739,3917335
1787497200000,0.092767,0.093162,0.092304,0.092582,5904553
1787498100000,0.09259,0.09262,0.091731,0.092445,3408873
1787499000000,0.092464,0.092987,0.092217,0.092925,700775
1787499900000,0.092938,0.093094,0.092453,0.092488,979240
1787500800000,0.092523,0.092798,0.092239,0.092504,1409234
1787501700000,0.092522,0.092522,0.092013,0.092171,1244733
1787502600000,0.092168,0.092782,0.092077,0.092452,519075
1787503500000,0.092452,0.092848,0.09225,0.092848,2788649
1787504400000,0.092896,0.092962,0.09195,0.092638,2909100
1787505300000,0.092641,0.093256,0.092289,0.092846,2588580
1787506200000,0.092853,0.092955,0.092367,0.092692,2309123
1787507100000,0.092705,0.093039,0.09246,0.092681,715472
1787508000000,0.092683,0.093243,0.092451,0.0932,1754854
1787508900000,0.09324,0.093416,0.09285,0.093209,3209164
1787509800000,0.09321,0.093272,0.092758,0.093055,1049768
1787510700000,0.093065,0.093116,0.09276,0.093068,737326
1787511600000,0.093083,0.09313,0.092181,0.092484,1550101
1787512500000,0.092471,0.092616,0.092327,0.092502,760200
1787513400000,0.092507,0.092974,0.092046,0.092973,2154391
1787514300000,0.092974,0.093148,0.092444,0.092464,469372
1787515200000,0.092445,0.09262,0.0921,0.092573,1770362
1787516100000,0.09257,0.093033,0.092515,0.092747,1213697
1787517000000,0.092748,0.092972,0.092748,0.092873,1252685
1787517900000,0.092891,0.092931,0.09278,0.092909,312920
1787518800000,0.092907,0.093927,0.092901,0.093927,1700450
1787519700000,0.093919,0.094517,0.093918,0.094488,4998788
1787520600000,0.094494,0.094577,0.093411,0.09343,10075787
1787521500000,0.09343,0.093794,0.093256,0.093396,3801296
1787522400000,0.093402,0.093808,0.092773,0.093027,5627488
1787523300000,0.093023,0.093364,0.092808,0.093109,3709469
1787524200000,0.093095,0.093274,0.092895,0.093053,147100
1787525100000,0.09307,0.093312,0.092886,0.093186,1922328
1787526000000,0.093173,0.093278,0.092759,0.092964,1449667
1787526900000,0.092974,0.093524,0.092894,0.09343,1881441
1787527800000,0.093435,0.093908,0.092905,0.093112,361690
1787528700000,0.093118,0.093694,0.093057,0.093479,1008529
1787529600000,0.093488,0.09369,0.092904,0.093012,2667397
1787530500000,0.093023,0.093055,0.092082,0.092366,6762158
1787531400000,0.092367,0.092909,0.091741,0.091741,7295954
1787532300000,0.091779,0.09283,0.091351,0.09283,6821470
1787533200000,0.092819,0.092819,0.091914,0.092096,1950157
1787534100000,0.09208,0.092177,0.091694,0.091722,4570110
1787535000000,0.091735,0.091931,0.091352,0.091453,1288466
1787535900000,0.091454,0.091485,0.090363,0.090719,4227833
1787536800000,0.09073,0.091846,0.090691,0.091767,1967528
1787537700000,0.09176,0.092178,0.09176,0.092037,3618350
1787538600000,0.092052,0.092375,0.091992,0.092186,3728444
1787539500000,0.092182,0.092191,0.091571,0.091802,1835031
1787540400000,0.091816,0.091891,0.091402,0.091575,256591
1787541300000,0.091567,0.091941,0.091244,0.09136,653695
1787542200000,0.091356,0.091761,0.090978,0.091457,1283957
1787543100000,0.091471,0.091779,0.091193,0.091222,226867
1787544000000,0.091255,0.091907,0.091255,0.091753,213998
1787544900000,0.091752,0.092197,0.091752,0.092184,479047
1787545800000,0.092189,0.092375,0.092099,0.092375,558236
1787546700000,0.09238,0.092442,0.091606,0.092235,2765305
1787547600000,0.092229,0.093114,0.091847,0.09303,13165349
1787548500000,0.093039,0.093173,0.0922,0.092211,1971052
1787549400000,0.092208,0.092363,0.091391,0.092089,14509188
1787550300000,0.092095,0.092197,0.091803,0.092021,715066
1787551200000,0.092028,0.092177,0.091425,0.092137,445317
1787552100000,0.09213,0.092229,0.091793,0.091855,271884
1787553000000,0.091861,0.09188,0.091277,0.091449,359399
1787553900000,0.091442,0.092066,0.091401,0.091688,479051
1787554800000,0.091701,0.092703,0.091618,0.092545,1231221
1787555700000,0.092537,0.092669,0.09182,0.092003,2207857
1787556600000,0.091982,0.091982,0.091397,0.091415,576302
1787557500000,0.091398,0.091741,0.091396,0.091396,214119
1787558400000,0.091419,0.09148,0.090938,0.091061,4416429
1787559300000,0.091064,0.091064,0.090214,0.090316,6345771
1787560200000,0.0903,0.090911,0.090291,0.090905,5890715
1787561100000,0.090905,0.090974,0.090717,0.090811,3508542
1787562000000,0.090792,0.091333,0.090746,0.091288,480789
1787562900000,0.091289,0.091462,0.091224,0.091401,852257
1787563800000,0.091388,0.091577,0.091283,0.091294,305633
1787564700000,0.091302,0.091391,0.091181,0.091226,388403
1787565600000,0.091235,0.091755,0.091137,0.09169,2943988
1787566500000,0.091709,0.091746,0.091364,0.091364,2067402
1787567400000,0.091318,0.091727,0.090986,0.091027,6336255
1787568300000,0.091032,0.091338,0.090797,0.090966,392100
1787569200000,0.090952,0.091204,0.090343,0.091148,1865965
1787570100000,0.091147,0.091437,0.090877,0.091388,774663
1787571000000,0.091388,0.092723,0.09128,0.092723,2049756
1787571900000,0.092735,0.092746,0.091925,0.092277,2471346
1787572800000,0.092268,0.092268,0.091699,0.091719,1838547
1787573700000,0.091692,0.092515,0.09128,0.092515,1169573
1787574600000,0.092504,0.093013,0.092302,0.092622,12253443
1787575500000,0.092625,0.093433,0.0926,0.093274,3191272
1787576400000,0.093284,0.093371,0.092658,0.093059,13307917
1787577300000,0.093059,0.093059,0.092397,0.092464,10656171
1787578200000,0.092465,0.092499,0.090686,0.090969,17021227
1787579100000,0.09098,0.091013,0.090378,0.090902,32133415
1787580000000,0.090899,0.091602,0.090839,0.091533,2087755
1787580900000,0.091533,0.092068,0.090985,0.091659,2824685
1787581800000,0.091658,0.092458,0.09159,0.092209,6867191
1787582700000,0.092179,0.092308,0.09148,0.091964,4552443
1787583600000,0.091931,0.092241,0.091755,0.091934,742848
1787584500000,0.091929,0.092894,0.091896,0.092614,2188839
1787585400000,0.09259,0.092645,0.090921,0.091332,3900983
1787586300000,0.091342,0.091828,0.090968,0.091272,2801944
1787587200000,0.091276,0.092091,0.091276,0.091753,752586
1787588100000,0.091751,0.092331,0.091707,0.092146,2508598
1787589000000,0.092146,0.092291,0.091643,0.091757,2276673
1787589900000,0.091768,0.091783,0.090847,0.091033,1086231
1787590800000,0.091063,0.09111,0.090158,0.090769,3747582
1787591700000,0.090772,0.090849,0.088018,0.088385,19140638
1787592600000,0.088394,0.088839,0.088253,0.088395,9835688
1787593500000,0.088385,0.088946,0.088364,0.088923,14995714
1787594400000,0.088923,0.08953,0.088923,0.089395,2461712
1787595300000,0.089401,0.089615,0.089251,0.089545,3505892
1787596200000,0.089562,0.0897,0.088948,0.089428,1956060
1787597100000,0.08944,0.089558,0.088974,0.089188,2719137
1787598000000,0.089198,0.089387,0.088674,0.089232,2709390
1787598900000,0.089246,0.089315,0.088791,0.089176,987599
1787599800000,0.08917,0.089408,0.089041,0.08917,1142333
1787600700000,0.089205,0.089295,0.088883,0.089047,603124
1787601600000,0.089064,0.08922,0.088655,0.089062,2053594
1787602500000,0.089041,0.089129,0.088665,0.088852,764034
1787603400000,0.088853,0.089504,0.088797,0.089322,1235261
1787604300000,0.089333,0.089459,0.089234,0.089427,692654
1787605200000,0.089443,0.0899,0.089443,0.089851,2489805
1787606100000,0.089844,0.089885,0.089557,0.089795,1384306
1787607000000,0.089793,0.089885,0.089669,0.089783,321015
1787607900000,0.089783,0.090293,0.089704,0.090276,2462310
1787608800000,0.090284,0.090284,0.089885,0.089999,1503047
1787609700000,0.089981,0.090074,0.089786,0.089786,658262
1787610600000,0.089786,0.090204,0.089723,0.089751,1337985
1787611500000,0.089734,0.089874,0.089399,0.08962,869318
1787612400000,0.08962,0.089707,0.089258,0.089441,3572060
1787613300000,0.089441,0.08997,0.089406,0.089801,2839608
1787614200000,0.089776,0.090126,0.089773,0.090062,518512
1787615100000,0.090062,0.090273,0.089767,0.090166,1215158
1787616000000,0.090144,0.090465,0.089892,0.090301,7496970
1787616900000,0.090306,0.090339,0.089766,0.090112,1602711
1787617800000,0.090112,0.091246,0.089972,0.091232,1845662
1787618700000,0.091235,0.091755,0.091179,0.09143,3322651
1787619600000,0.091449,0.09166,0.09101,0.091096,3640678
1787620500000,0.091125,0.091529,0.090852,0.091357,1109278
1787621400000,0.091358,0.0915,0.090949,0.090994,2235760
1787622300000,0.091024,0.091201,0.090799,0.091075,2047441
1787623200000,0.091076,0.091207,0.090867,0.090966,2377898
1787624100000,0.090963,0.092978,0.090898,0.092964,8451834
1787625000000,0.092957,0.093035,0.092539,0.09262,3516859
1787625900000,0.092593,0.092593,0.091854,0.092027,19266572
1787626800000,0.092027,0.092901,0.091973,0.092828,4363624
1787627700000,0.092826,0.093091,0.092441,0.092628,13984892
1787628600000,0.092646,0.092981,0.092363,0.092407,4878329
1787629500000,0.092477,0.092506,0.091635,0.091958,1818930
1787630400000,0.091953,0.092253,0.091635,0.092167,4575903
1787631300000,0.092178,0.092251,0.091778,0.091926,2784537
1787632200000,0.091934,0.092139,0.091674,0.091819,512983
1787633100000,0.091832,0.09222,0.09179,0.092081,723235
1787634000000,0.092099,0.09267,0.091985,0.092574,1673465
1787634900000,0.092567,0.093131,0.092477,0.092935,1489303
1787635800000,0.092953,0.093154,0.092779,0.09279,3514106
1787636700000,0.09279,0.093022,0.092748,0.092756,2323816
1787637600000,0.092756,0.092884,0.092574,0.092836,2442869
1787638500000,0.092835,0.093059,0.092755,0.092755,2323636
1787639400000,0.092754,0.092754,0.092121,0.092187,6213279
1787640300000,0.092188,0.092201,0.091658,0.091955,2840415
1787641200000,0.091955,0.092517,0.091908,0.092447,1745680
1787642100000,0.092441,0.092532,0.092323,0.092398,1207671
1787643000000,0.092393,0.092393,0.09201,0.092134,710766
1787643900000,0.092135,0.092217,0.090235,0.090864,4698760
1787644800000,0.090863,0.091028,0.090553,0.091027,7436236
1787645700000,0.091027,0.091577,0.091027,0.091429,858038
1787646600000,0.091445,0.091538,0.091109,0.091297,1349251
1787647500000,0.091309,0.091309,0.090864,0.091044,1655169
1787648400000,0.091045,0.091179,0.090718,0.091083,1176561
1787649300000,0.091068,0.09129,0.090993,0.091126,776503
1787650200000,0.091108,0.09136,0.091108,0.091316,333457
1787651100000,0.091283,0.091328,0.089838,0.090475,2215689
1787652000000,0.090455,0.090664,0.090263,0.090621,1062879
1787652900000,0.09063,0.090838,0.090615,0.090674,148226
1787653800000,0.090679,0.090679,0.090346,0.090491,6091155
1787654700000,0.090481,0.090813,0.090481,0.090639,1030739
1787655600000,0.090636,0.090867,0.090351,0.0904,1322193
1787656500000,0.090418,0.090633,0.09034,0.090546,3630414
1787657400000,0.090537,0.090785,0.090454,0.09048,308592
1787658300000,0.09048,0.090585,0.09014,0.090142,9569493
1787659200000,0.090142,0.090243,0.089489,0.090066,5732983
1787660100000,0.090052,0.090053,0.089194,0.089542,8295996
1787661000000,0.08955,0.089814,0.089387,0.089799,3445624
1787661900000,0.08978,0.090261,0.089722,0.090143,1225836
1787662800000,0.090126,0.090201,0.089497,0.089522,2012658
1787663700000,0.089502,0.089502,0.088621,0.088684,3609269
1787664600000,0.088669,0.089622,0.088623,0.089038,4657417
1787665500000,0.089046,0.089067,0.086595,0.088269,25771922
1787666400000,0.088275,0.088873,0.088053,0.088676,3127480
1787667300000,0.088676,0.089201,0.088488,0.089074,2060394
1787668200000,0.089062,0.089357,0.088838,0.089019,2695004
1787669100000,0.089014,0.089313,0.088995,0.089046,461151
1787670000000,0.089066,0.089102,0.088613,0.088613,3276406
1787670900000,0.088635,0.089092,0.088554,0.088889,976309
1787671800000,0.088898,0.089313,0.088859,0.088971,1599508
1787672700000,0.088991,0.089246,0.088779,0.089209,1216042
1787673600000,0.089199,0.089271,0.088697,0.088822,5191938
1787674500000,0.088804,0.089016,0.088695,0.088949,768596
1787675400000,0.088947,0.089409,0.088905,0.089194,1858228
1787676300000,0.089188,0.0893,0.088931,0.089021,4477561
1787677200000,0.089007,0.089007,0.088302,0.08854,2809257
1787678100000,0.088551,0.088761,0.088215,0.088283,2232186
1787679000000,0.088307,0.088681,0.088307,0.088647,1357289
1787679900000,0.088677,0.088894,0.088645,0.088853,2637603
1787680800000,0.088855,0.088946,0.088634,0.088789,957118
1787681700000,0.088795,0.089001,0.088779,0.088905,204548
1787682600000,0.088896,0.088913,0.08869,0.088913,1088277
1787683500000,0.08893,0.088997,0.088584,0.088731,661573
1787684400000,0.08873,0.088842,0.088353,0.08854,1656832
1787685300000,0.088532,0.08857,0.088153,0.088153,1394645
1787686200000,0.08814,0.088391,0.087867,0.087897,2115442
1787687100000,0.087887,0.088168,0.087876,0.088062,1648775
1787688000000,0.088066,0.088101,0.087306,0.087687,2437332
1787688900000,0.087704,0.087971,0.087583,0.087583,818253
1787689800000,0.087583,0.087583,0.085817,0.086355,12592366
1787690700000,0.086355,0.086534,0.085758,0.085759,7115441
1787691600000,0.085764,0.086184,0.084817,0.085903,8922048
1787692500000,0.085893,0.086191,0.085616,0.086164,3297555
1787693400000,0.086187,0.086627,0.086163,0.086451,2192218
1787694300000,0.086453,0.086464,0.086187,0.086362,1437060
1787695200000,0.086361,0.086903,0.086361,0.086903,752656
1787696100000,0.086898,0.086995,0.086361,0.086492,2061376
1787697000000,0.086494,0.086785,0.086387,0.086628,6850632
1787697900000,0.086607,0.086876,0.086586,0.086801,1695410
1787698800000,0.086804,0.086957,0.086552,0.0866,1900013
1787699700000,0.086609,0.086822,0.086386,0.086556,3547645
1787700600000,0.086557,0.086557,0.085917,0.08596,2257124
1787701500000,0.085956,0.086008,0.085548,0.085675,22603506
1787702400000,0.085672,0.085886,0.085426,0.085479,9079000
1787703300000,0.085482,0.086092,0.085479,0.086082,3550979
1787704200000,0.086107,0.086244,0.085751,0.085949,1531900
1787705100000,0.085948,0.086355,0.085896,0.086117,868246
1787706000000,0.086131,0.086644,0.086097,0.086385,686593
1787706900000,0.086415,0.086529,0.086196,0.086217,261785
1787707800000,0.086225,0.08674,0.086222,0.086559,4352398
1787708700000,0.08655,0.08655,0.08632,0.086471,1172289
1787709600000,0.086472,0.086499,0.086081,0.086163,2260120
1787710500000,0.086181,0.08691,0.086181,0.086889,1290411
1787711400000,0.086906,0.086943,0.086783,0.086889,2522196
1787712300000,0.086881,0.08693,0.086738,0.086806,2661132
1787713200000,0.086795,0.086885,0.086601,0.086649,534356
1787714100000,0.086635,0.086795,0.086597,0.086659,385476
1787715000000,0.086658,0.086825,0.086474,0.086664,1257417
1787715900000,0.086665,0.086752,0.086445,0.086655,1101675
1787716800000,0.086655,0.086832,0.086394,0.086555,740621
1787717700000,0.086556,0.086874,0.086511,0.086754,869557
1787718600000,0.086778,0.086915,0.086596,0.086725,820211
1787719500000,0.086711,0.086711,0.08623,0.086305,389803
1787720400000,0.086306,0.086362,0.086013,0.086227,921736
1787721300000,0.086236,0.086647,0.086068,0.08664,620391
1787722200000,0.08664,0.086882,0.086572,0.086871,6633314
1787723100000,0.086871,0.086871,0.086709,0.086786,1559800
1787724000000,0.086786,0.08706,0.086711,0.086741,5081325
1787724900000,0.086725,0.086775,0.086375,0.086448,769712
1787725800000,0.086448,0.08661,0.086274,0.086565,1920598
1787726700000,0.086592,0.086737,0.086432,0.086665,1575750
1787727600000,0.086651,0.08693,0.086568,0.086755,252810
1787728500000,0.08677,0.086882,0.086687,0.086801,649498
1787729400000,0.0867,0.086824,0.086571,0.086724,509964
1787730300000,0.086757,0.086862,0.086545,0.0866,421986
1787731200000,0.086607,0.086922,0.086453,0.086766,312631
1787732100000,0.086786,0.086914,0.086583,0.086718,144369
1787733000000,0.086698,0.086775,0.086587,0.086775,990586
1787733900000,0.086761,0.086766,0.086215,0.086369,3523992
1787734800000,0.086373,0.086558,0.086332,0.086487,1283436
1787735700000,0.086466,0.086466,0.08595,0.086036,3419271
1787736600000,0.086013,0.086155,0.085677,0.08569,1105085
1787737500000,0.085699,0.086033,0.0855,0.085949,783324
1787738400000,0.085939,0.085967,0.085774,0.085964,949035
1787739300000,0.085964,0.086499,0.085963,0.086499,2691378
1787740200000,0.086486,0.086852,0.086344,0.086779,1983702
1787741100000,0.086792,0.087071,0.08676,0.086797,1280071
1787742000000,0.086798,0.086989,0.086747,0.086976,2222489
1787742900000,0.086976,0.087041,0.086658,0.086685,1842507
1787743800000,0.086686,0.086693,0.086106,0.086249,4732893
1787744700000,0.086254,0.08645,0.086079,0.0863,4421431
1787745600000,0.0863,0.086458,0.086193,0.086229,4379169
1787746500000,0.08621,0.086949,0.086188,0.086919,1911242
1787747400000,0.086919,0.086919,0.085591,0.086154,12270598
1787748300000,0.08615,0.086491,0.086129,0.086311,6239598
1787749200000,0.086294,0.086496,0.085691,0.08577,9317635
1787750100000,0.085771,0.085819,0.085171,0.085334,21145002
1787751000000,0.085333,0.086038,0.085333,0.08596,17296155
1787751900000,0.085985,0.086131,0.085455,0.085895,2904464
1787752800000,0.085896,0.08613,0.085645,0.085807,2081938
1787753700000,0.08579,0.08605,0.085135,0.0852,2548139
1787754600000,0.085179,0.085371,0.084692,0.084892,5295274
1787755500000,0.084891,0.084937,0.084271,0.084387,7673680
1787756400000,0.084378,0.084575,0.083831,0.084123,6748790
1787757300000,0.08413,0.08471,0.083944,0.084682,921372
1787758200000,0.084686,0.084699,0.084293,0.084519,1033207
1787759100000,0.084501,0.084718,0.084418,0.084495,503018
1787760000000,0.084495,0.084693,0.084249,0.084249,472474
1787760900000,0.084272,0.084446,0.0839,0.084095,975781
1787761800000,0.084094,0.084401,0.08383,0.083867,1021533
1787762700000,0.083872,0.084375,0.083872,0.084274,1410472
1787763600000,0.084283,0.084511,0.084261,0.084472,851035
1787764500000,0.084483,0.08524,0.084476,0.085174,1748925
1787765400000,0.085188,0.085392,0.085102,0.085102,774336
1787766300000,0.085087,0.085087,0.084809,0.084916,306530
1787767200000,0.084934,0.084987,0.084654,0.084751,1255332
1787768100000,0.084724,0.085022,0.084633,0.084835,720315
1787769000000,0.084852,0.085073,0.084723,0.084855,667103
1787769900000,0.084863,0.0852,0.084863,0.085075,547537
1787770800000,0.085085,0.085157,0.084859,0.084892,720565
1787771700000,0.084887,0.085403,0.084859,0.085315,1702140
1787772600000,0.085319,0.085406,0.084926,0.08494,963974
1787773500000,0.084954,0.08501,0.084839,0.08486,749493
1787774400000,0.084839,0.085036,0.084717,0.084904,2619933
1787775300000,0.084901,0.084959,0.084367,0.084911,2599563
1787776200000,0.084929,0.085056,0.084737,0.085001,1036342
1787777100000,0.08499,0.085257,0.084973,0.085257,365783
1787778000000,0.085263,0.085908,0.085231,0.085828,1968790
1787778900000,0.085826,0.086179,0.08578,0.08613,2795951
1787779800000,0.086119,0.086173,0.085905,0.086039,828027
1787780700000,0.086039,0.086351,0.085943,0.086268,1238803
1787781600000,0.086265,0.086564,0.086124,0.086448,904088
1787782500000,0.086442,0.087128,0.086442,0.086922,6069114
1787783400000,0.086934,0.08701,0.086468,0.0867,1485168
1787784300000,0.08669,0.08669,0.086398,0.08654,440750
1787785200000,0.086505,0.086645,0.086416,0.086513,241509
1787786100000,0.086509,0.087277,0.086456,0.087086,3670219
1787787000000,0.087094,0.087559,0.087088,0.087481,4123153
1787787900000,0.087492,0.087813,0.087455,0.087659,13813802
1787788800000,0.087612,0.087612,0.087122,0.087181,8100004
1787789700000,0.087186,0.087332,0.086975,0.087064,5296419
1787790600000,0.087069,0.087069,0.086776,0.086842,3213745
1787791500000,0.086833,0.086865,0.086522,0.086522,1865565
1787792400000,0.0865,0.086604,0.0863,0.086311,10161714
1787793300000,0.086301,0.087463,0.086248,0.087254,10025265
1787794200000,0.087253,0.087298,0.086828,0.086828,1513016
1787795100000,0.086841,0.087384,0.086803,0.087052,1671370
1787796000000,0.087041,0.087427,0.087022,0.087222,476890
1787796900000,0.087206,0.087217,0.086875,0.086886,635082
1787797800000,0.086872,0.087049,0.086689,0.086704,11082345
1787798700000,0.086712,0.086907,0.086695,0.086846,145110
1787799600000,0.086847,0.087004,0.086673,0.086673,243086
1787800500000,0.086669,0.08715,0.086629,0.087019,433005
1787801400000,0.087017,0.087017,0.086838,0.086851,152957
1787802300000,0.086832,0.086918,0.086681,0.086775,1155519
1787803200000,0.086776,0.086948,0.086731,0.086891,2205448
1787804100000,0.086892,0.087036,0.086858,0.086858,2133221
1787805000000,0.086847,0.086847,0.086495,0.086789,867673
1787805900000,0.08679,0.086817,0.086502,0.086651,163893
1787806800000,0.086651,0.086704,0.086416,0.08654,156161
1787807700000,0.086526,0.086706,0.086306,0.08643,10380128
1787808600000,0.086449,0.086696,0.086174,0.086496,1780685
1787809500000,0.086498,0.08707,0.086487,0.086967,1787044
1787810400000,0.086962,0.086962,0.086422,0.086529,305971
1787811300000,0.086528,0.086755,0.086428,0.086691,1212898
1787812200000,0.086681,0.086927,0.086681,0.08681,175376
1787813100000,0.08683,0.087004,0.08683,0.086972,324355
1787814000000,0.086956,0.087032,0.086868,0.086994,420374
1787814900000,0.086981,0.086981,0.086823,0.086907,752402
1787815800000,0.086897,0.086994,0.08683,0.086921,334873
1787816700000,0.08691,0.087145,0.08691,0.087097,716109
1787817600000,0.087109,0.088749,0.087075,0.088252,5662224
1787818500000,0.088245,0.088717,0.08794,0.088709,1850797
1787819400000,0.088719,0.088975,0.088477,0.08892,3439378
1787820300000,0.088945,0.089794,0.088853,0.08913,2193039
1787821200000,0.089159,0.089449,0.088857,0.089397,1585694
1787822100000,0.08939,0.089982,0.089144,0.089666,4027772
1787823000000,0.089671,0.089671,0.089004,0.089178,2214131
1787823900000,0.089182,0.089297,0.088676,0.088831,640688
1787824800000,0.088829,0.089173,0.088368,0.088622,1635599
1787825700000,0.088595,0.088764,0.087582,0.088086,4875581
1787826600000,0.088091,0.088158,0.087689,0.088064,4682399
1787827500000,0.088067,0.088263,0.087954,0.088252,974679
1787828400000,0.088239,0.088633,0.088169,0.088606,516948
1787829300000,0.08862,0.088719,0.088165,0.088211,351901
1787830200000,0.088222,0.088495,0.088074,0.088328,616530
1787831100000,0.088333,0.088338,0.087834,0.088279,560415
1787832000000,0.088278,0.088535,0.088278,0.0885,668695
1787832900000,0.0885,0.088612,0.088355,0.088506,766196
1787833800000,0.088505,0.088634,0.08726,0.087504,2952131
1787834700000,0.087501,0.087799,0.087501,0.087586,336301
1787835600000,0.087609,0.087904,0.087609,0.087785,3646697
1787836500000,0.087787,0.088082,0.087787,0.08801,1647477
1787837400000,0.087996,0.088025,0.087461,0.087647,1697148
1787838300000,0.087655,0.088105,0.087188,0.088103,2469244
1787839200000,0.088095,0.088603,0.087878,0.087976,2922383
1787840100000,0.08802,0.088747,0.087881,0.088657,1435915
1787841000000,0.088652,0.089415,0.088479,0.089323,3908521
1787841900000,0.089312,0.08933,0.088736,0.088964,896659
1787842800000,0.088965,0.089683,0.088829,0.089479,1085404
1787843700000,0.089472,0.089472,0.089067,0.089217,1640074
1787844600000,0.089237,0.089248,0.088679,0.089081,444779
1787845500000,0.089072,0.089092,0.088649,0.088669,647142
1787846400000,0.088662,0.089133,0.088625,0.088972,2641521
1787847300000,0.088978,0.089542,0.088974,0.089216,1045905
1787848200000,0.089207,0.0897,0.089035,0.089697,389884
1787849100000,0.089694,0.089695,0.089227,0.08923,1896011
1787850000000,0.089253,0.089813,0.088926,0.089727,2539290
1787850900000,0.08974,0.089926,0.089456,0.089456,495697
1787851800000,0.089487,0.089533,0.088984,0.088986,3237077
1787852700000,0.088978,0.089227,0.088875,0.089066,1123606
1787853600000,0.089064,0.0891,0.088171,0.088396,2111755
1787854500000,0.088399,0.088574,0.087914,0.088017,1954820
1787855400000,0.088017,0.088328,0.088009,0.088288,553597
1787856300000,0.088282,0.08869,0.088184,0.08869,397976
1787857200000,0.088691,0.088926,0.088684,0.088831,53400
1787858100000,0.088814,0.088833,0.088535,0.088695,367244
1787859000000,0.088709,0.088844,0.088462,0.088462,335082
1787859900000,0.088489,0.088703,0.088411,0.08861,499564
1787860800000,0.088603,0.08862,0.088274,0.088368,204982
1787861700000,0.088354,0.088758,0.088354,0.08848,223010
1787862600000,0.088491,0.088599,0.088406,0.088589,2048654
1787863500000,0.08859,0.088723,0.088355,0.088669,89858
1787864400000,0.088686,0.088842,0.088559,0.088694,149462
1787865300000,0.088672,0.088738,0.088439,0.088439,1154465
1787866200000,0.08843,0.088613,0.088233,0.088347,394385
1787867100000,0.088363,0.088735,0.088362,0.088725,1389285
1787868000000,0.088734,0.089123,0.088712,0.089033,1693066
1787868900000,0.089034,0.089409,0.08888,0.088996,524856
1787869800000,0.088975,0.089096,0.088939,0.089064,234358
1787870700000,0.089065,0.089065,0.08895,0.089057,163836
1787871600000,0.089052,0.089096,0.088835,0.088835,212056
1787872500000,0.088848,0.089261,0.088794,0.089261,613470
1787873400000,0.089275,0.089275,0.089081,0.089081,80683
1787874300000,0.08907,0.089199,0.089015,0.089121,284018
1787875200000,0.089102,0.089115,0.088523,0.088523,2249429
1787876100000,0.088524,0.088976,0.088524,0.088976,994020
1787877000000,0.088947,0.08924,0.088917,0.089072,4031134
1787877900000,0.089085,0.089182,0.088973,0.089012,287756
1787878800000,0.088996,0.089391,0.088996,0.089332,306059
1787879700000,0.089314,0.089978,0.089274,0.089929,1371831
1787880600000,0.089918,0.090283,0.089398,0.089504,1407361
1787881500000,0.089485,0.089493,0.088947,0.089058,2140658
1787882400000,0.089058,0.089065,0.088512,0.088513,1380891
1787883300000,0.088507,0.08866,0.087964,0.088012,2826429
1787884200000,0.087995,0.088196,0.08759,0.088042,3910642
1787885100000,0.088005,0.088005,0.087376,0.087827,5600991
1787886000000,0.087836,0.087836,0.087301,0.087536,981142
1787886900000,0.087517,0.088069,0.087517,0.0879,740299
1787887800000,0.087903,0.088005,0.087705,0.087709,520224
1787888700000,0.087706,0.087835,0.087657,0.087733,270866
1787889600000,0.087725,0.087839,0.087221,0.087839,1458194
1787890500000,0.087837,0.088171,0.087837,0.087865,1009792
1787891400000,0.087867,0.087907,0.087396,0.08752,2237647
1787892300000,0.087509,0.087697,0.087432,0.087636,1262267
1787893200000,0.087584,0.087663,0.087415,0.087566,271494
1787894100000,0.087566,0.087596,0.087358,0.087596,858329
1787895000000,0.0876,0.08793,0.0876,0.087792,525195
1787895900000,0.0878,0.087937,0.087643,0.087714,48575
1787896800000,0.08773,0.088118,0.08773,0.088118,602496
1787897700000,0.088092,0.088116,0.087996,0.087997,286409
1787898600000,0.087995,0.088212,0.087988,0.088073,160784
1787899500000,0.088094,0.088298,0.088094,0.088171,276479
1787900400000,0.088172,0.088191,0.087505,0.087588,2699980
1787901300000,0.087578,0.087756,0.087578,0.087658,57943
1787902200000,0.087642,0.087642,0.087482,0.087482,264892
1787903100000,0.08749,0.0876,0.087467,0.087472,54350
1787904000000,0.087481,0.087736,0.087481,0.087547,268342
1787904900000,0.087538,0.087748,0.087538,0.087608,751554
1787905800000,0.087607,0.087731,0.087593,0.087614,589702
1787906700000,0.0876,0.0876,0.08687,0.087093,2807210
1787907600000,0.087108,0.087232,0.086818,0.08696,1844637
1787908500000,0.086987,0.087124,0.086964,0.086982,648689
1787909400000,0.086998,0.087,0.086422,0.086469,1849035
1787910300000,0.08645,0.086606,0.086341,0.086341,355103
1787911200000,0.086346,0.086396,0.085592,0.086055,3814640
1787912100000,0.086068,0.086354,0.086044,0.086354,757032
1787913000000,0.08636,0.086626,0.08636,0.08654,600701
1787913900000,0.08653,0.08708,0.086526,0.087064,283969
1787914800000,0.087077,0.087315,0.087072,0.087205,434830
1787915700000,0.087205,0.087325,0.087068,0.087072,151414
1787916600000,0.087092,0.087197,0.086838,0.086951,63379
1787917500000,0.086957,0.086994,0.086871,0.086962,262448
1787918400000,0.086978,0.087051,0.086809,0.086826,222696
1787919300000,0.086838,0.087079,0.086829,0.086847,60103
1787920200000,0.086844,0.086844,0.086607,0.086806,6005510
1787921100000,0.086807,0.086831,0.086646,0.08681,156361
1787922000000,0.086826,0.08711,0.086806,0.086871,193639
1787922900000,0.086871,0.086871,0.086557,0.086605,349613
1787923800000,0.08662,0.086879,0.086531,0.086537,518220
1787924700000,0.086552,0.087101,0.086514,0.086908,1202802
1787925600000,0.086893,0.087529,0.085572,0.085914,11112091
1787926500000,0.085933,0.086642,0.085768,0.086617,3711343
1787927400000,0.086594,0.087908,0.086401,0.087636,5335383
1787928300000,0.087639,0.087874,0.087185,0.087651,2484300
1787929200000,0.087667,0.087963,0.086808,0.086899,1292015
1787930100000,0.086915,0.087537,0.086875,0.087213,894035
1787931000000,0.087227,0.087262,0.086288,0.086348,993938
1787931900000,0.086343,0.086539,0.085786,0.08588,2196626
1787932800000,0.08584,0.086018,0.085071,0.08513,3744379
1787933700000,0.085165,0.085436,0.083915,0.084805,5576064
1787934600000,0.084823,0.08558,0.084823,0.085319,3223356
1787935500000,0.08534,0.085666,0.085338,0.085365,469330
1787936400000,0.085374,0.085455,0.085067,0.085411,759333
1787937300000,0.085468,0.085557,0.085289,0.08541,222079
1787938200000,0.085316,0.085405,0.084984,0.084984,1065383
1787939100000,0.085018,0.085255,0.085005,0.085007,753521
1787940000000,0.085061,0.085072,0.084814,0.084828,459484
1787940900000,0.084823,0.08487,0.084493,0.08465,868677
1787941800000,0.084642,0.084683,0.084047,0.084109,1258274
1787942700000,0.084156,0.084363,0.083793,0.084353,1759224
1787943600000,0.084319,0.08473,0.084319,0.084667,618071
1787944500000,0.084622,0.084747,0.084551,0.084651,924134
1787945400000,0.084613,0.084763,0.084559,0.084668,221592
1787946300000,0.084673,0.084673,0.084474,0.084619,758947
1787947200000,0.084614,0.084812,0.084415,0.084798,315509
1787948100000,0.08476,0.084776,0.084588,0.084748,80216
1787949000000,0.084747,0.084785,0.08458,0.084782,699244
1787949900000,0.084745,0.084852,0.084639,0.084747,165178
1787950800000,0.084791,0.084951,0.084755,0.084913,1452423
1787951700000,0.084906,0.084949,0.084643,0.084869,105242
1787952600000,0.084904,0.085046,0.084818,0.084818,75104
1787953500000,0.084812,0.084813,0.084439,0.08452,321656
1787954400000,0.084516,0.084819,0.084471,0.084819,312699
1787955300000,0.08482,0.084981,0.084731,0.084959,286669
1787956200000,0.084952,0.085151,0.08492,0.085128,549120
1787957100000,0.085112,0.085235,0.085082,0.085141,279720
1787958000000,0.085111,0.085228,0.085049,0.085228,242544
1787958900000,0.085197,0.085197,0.085032,0.085085,1247551
1787959800000,0.085067,0.085121,0.085054,0.085104,39769
1787960700000,0.085074,0.085224,0.085066,0.085223,174680
1787961600000,0.085201,0.085315,0.085169,0.08522,991588
1787962500000,0.085223,0.085368,0.085222,0.085237,102020
1787963400000,0.085237,0.085238,0.085116,0.085156,221895
1787964300000,0.085152,0.085175,0.085079,0.085107,66385
1787965200000,0.085121,0.08515,0.085011,0.08503,90949
1787966100000,0.085002,0.08523,0.085001,0.085226,220448
1787967000000,0.085242,0.085382,0.085242,0.08526,463363
1787967900000,0.08526,0.085364,0.085161,0.085274,80049
1787968800000,0.085285,0.085324,0.085188,0.085195,66457
1787969700000,0.085188,0.085192,0.084928,0.084938,315748
1787970600000,0.084939,0.085081,0.084907,0.085037,5975665
1787971500000,0.085052,0.085099,0.08499,0.08499,26829
1787972400000,0.084997,0.085086,0.084972,0.084999,37953
1787973300000,0.085013,0.085064,0.084946,0.085031,54822
1787974200000,0.085018,0.085086,0.084869,0.085017,160141
1787975100000,0.084928,0.084985,0.084771,0.084802,49935
1787976000000,0.084803,0.084981,0.084765,0.084981,96699
1787976900000,0.08498,0.085041,0.084942,0.085005,415552
1787977800000,0.084999,0.085068,0.084956,0.08501,39565
1787978700000,0.08501,0.085137,0.08497,0.085137,122226
1787979600000,0.085144,0.085279,0.085139,0.085219,129461
1787980500000,0.085241,0.085258,0.085128,0.085166,186701
1787981400000,0.085152,0.085212,0.085071,0.085144,150074
1787982300000,0.085146,0.085146,0.08498,0.085063,56572
1787983200000,0.085065,0.085065,0.084559,0.084566,602359
1787984100000,0.084559,0.084602,0.084243,0.084273,1140258
1787985000000,0.084278,0.084412,0.084278,0.084375,132232
1787985900000,0.084386,0.084459,0.084354,0.084417,274362
1787986800000,0.084406,0.084683,0.08432,0.08432,154521
1787987700000,0.084329,0.08447,0.084263,0.084413,75807
1787988600000,0.084411,0.084523,0.084377,0.084433,62018
1787989500000,0.084431,0.084509,0.084336,0.084428,795518
1787990400000,0.084384,0.084384,0.084179,0.084294,317180
1787991300000,0.084254,0.084496,0.084254,0.084496,31794
1787992200000,0.084451,0.084451,0.084355,0.084387,6752648
1787993100000,0.08438,0.084399,0.084284,0.084337,1732015
1787994000000,0.084335,0.08438,0.084231,0.08438,460996
1787994900000,0.084397,0.084423,0.084355,0.084415,681820
1787995800000,0.084419,0.084491,0.084306,0.084306,451287
1787996700000,0.084268,0.084504,0.084254,0.084479,262449
1787997600000,0.084414,0.084426,0.08416,0.084426,505289
1787998500000,0.084432,0.084636,0.084432,0.084585,2227264
1787999400000,0.084585,0.084602,0.084476,0.084478,186296
1788000300000,0.084505,0.084555,0.084444,0.084444,104921
1788001200000,0.084434,0.084509,0.08438,0.084419,109950
1788002100000,0.084486,0.084523,0.084425,0.084523,126245
1788003000000,0.08453,0.084552,0.084406,0.084406,78973
1788003900000,0.084407,0.08449,0.084407,0.084456,323167
1788004800000,0.084456,0.084521,0.084433,0.084513,286402
1788005700000,0.08456,0.084999,0.08456,0.084739,2492102
1788006600000,0.084739,0.08479,0.084666,0.084762,173771
1788007500000,0.084765,0.084809,0.084722,0.08477,250548
1788008400000,0.084774,0.084789,0.084653,0.084709,986733
1788009300000,0.084712,0.084925,0.084706,0.084858,593937
1788010200000,0.084829,0.084918,0.084751,0.084757,311141
1788011100000,0.084777,0.084978,0.08475,0.084941,56863
1788012000000,0.084905,0.084995,0.084835,0.084995,89657
1788012900000,0.084985,0.085147,0.084941,0.085046,222464
1788013800000,0.085115,0.085441,0.085056,0.085356,1176651
1788014700000,0.085352,0.085688,0.085351,0.085575,200620
1788015600000,0.085596,0.085627,0.085249,0.085314,338468
1788016500000,0.085326,0.085404,0.08515,0.085228,135158
1788017400000,0.08521,0.085211,0.08506,0.085093,462697
1788018300000,0.085105,0.085276,0.085047,0.085136,115489
1788019200000,0.085153,0.085372,0.085147,0.085306,153295
1788020100000,0.085377,0.085498,0.085074,0.085222,880727
1788021000000,0.085223,0.085388,0.08511,0.085222,286678
1788021900000,0.085234,0.085427,0.085196,0.085218,429161
1788022800000,0.085235,0.085328,0.085222,0.085248,49665
1788023700000,0.085296,0.085319,0.084807,0.084807,401330
1788024600000,0.084882,0.084992,0.08476,0.084935,1128332
1788025500000,0.084925,0.085022,0.084925,0.085019,39649
1788026400000,0.085066,0.08517,0.085011,0.0851,374397
1788027300000,0.085122,0.085232,0.08504,0.085161,39017
1788028200000,0.085078,0.085381,0.085048,0.0853,428657
1788029100000,0.085293,0.085518,0.085268,0.085269,324912
1788030000000,0.085232,0.085422,0.085229,0.085378,74448
1788030900000,0.085426,0.085491,0.085309,0.085366,884415
1788031800000,0.085357,0.085429,0.085193,0.085279,327904
1788032700000,0.08528,0.085284,0.085158,0.08522,20327
1788033600000,0.085228,0.085352,0.085226,0.085328,186711
1788034500000,0.085374,0.085448,0.08526,0.085261,27759
1788035400000,0.085241,0.085251,0.085117,0.085213,424243
1788036300000,0.085231,0.085251,0.085182,0.085214,218267
1788037200000,0.085197,0.085264,0.085066,0.085211,331897
1788038100000,0.085191,0.085253,0.085096,0.085096,235097
1788039000000,0.085096,0.085151,0.085082,0.085114,128640
1788039900000,0.085124,0.08518,0.085042,0.085078,363997
1788040800000,0.08505,0.085114,0.084987,0.085027,456714
1788041700000,0.085039,0.085085,0.084952,0.085042,539054
1788042600000,0.085043,0.085104,0.085043,0.085081,549257
1788043500000,0.085101,0.085155,0.085091,0.085136,198372
1788044400000,0.085136,0.085291,0.085107,0.085199,123277
1788045300000,0.085199,0.085258,0.085007,0.085149,260302
1788046200000,0.085167,0.085193,0.085118,0.085133,270497
1788047100000,0.085139,0.085296,0.085139,0.085278,1126392
1788048000000,0.085259,0.085259,0.085147,0.085166,756415
1788048900000,0.085199,0.085484,0.085191,0.0852,603827
1788049800000,0.0852,0.085357,0.085139,0.08522,307408
1788050700000,0.085214,0.085333,0.085114,0.085139,60930
1788051600000,0.085115,0.085152,0.084976,0.084976,531915
1788052500000,0.085001,0.085024,0.08487,0.084887,286762
1788053400000,0.084906,0.084988,0.084823,0.084891,43903
1788054300000,0.08488,0.084989,0.084767,0.084878,203703
1788055200000,0.084879,0.084989,0.084834,0.084871,120875
1788056100000,0.08491,0.084988,0.084859,0.084941,43058
1788057000000,0.084956,0.085049,0.084917,0.085001,63095
1788057900000,0.085001,0.085147,0.084928,0.08502,156051
1788058800000,0.085021,0.085075,0.084935,0.084966,806083
1788059700000,0.084987,0.085063,0.084898,0.085063,32180
1788060600000,0.085037,0.08516,0.085037,0.085105,237673
1788061500000,0.085106,0.085106,0.085,0.085011,99701
1788062400000,0.085012,0.085067,0.085,0.085002,5974945
1788063300000,0.085027,0.08508,0.084974,0.085078,369969
1788064200000,0.085046,0.085046,0.08475,0.084795,588831
1788065100000,0.084767,0.084869,0.084569,0.084869,1212257
1788066000000,0.084842,0.085195,0.084842,0.085008,880600
1788066900000,0.084989,0.084989,0.084951,0.084951,10050
1788067800000,0.084982,0.085022,0.084949,0.084982,25190
1788068700000,0.084969,0.085061,0.084969,0.085061,20711
1788069600000,0.085073,0.085073,0.084898,0.084908,24527
1788070500000,0.08493,0.085075,0.084929,0.085052,34431
1788071400000,0.085031,0.085177,0.085014,0.085115,14790
1788072300000,0.085076,0.085188,0.085027,0.085174,74553
1788073200000,0.085184,0.085184,0.084896,0.084902,77651
1788074100000,0.084913,0.084913,0.084773,0.0848,39726
1788075000000,0.084808,0.084826,0.084671,0.084672,1515841
1788075900000,0.084672,0.084737,0.084543,0.084613,1649019
1788076800000,0.08461,0.084733,0.084581,0.084696,356239
1788077700000,0.084689,0.084748,0.084639,0.084693,436502
1788078600000,0.084661,0.084701,0.084467,0.084526,1875100
1788079500000,0.084508,0.084593,0.084461,0.084574,509708
1788080400000,0.084573,0.084679,0.08455,0.084671,153332
1788081300000,0.084671,0.084678,0.084425,0.084425,174474
1788082200000,0.084455,0.084615,0.08437,0.084502,243617
1788083100000,0.084531,0.084614,0.084429,0.084613,55304
1788084000000,0.084585,0.084678,0.084471,0.084604,74510
1788084900000,0.084572,0.084802,0.084525,0.084683,142704
1788085800000,0.084705,0.084965,0.084705,0.084965,40677
1788086700000,0.084966,0.085005,0.084861,0.084866,63736
1788087600000,0.084886,0.085061,0.084885,0.085016,475477
1788088500000,0.08506,0.08506,0.084976,0.085011,255891
1788089400000,0.084959,0.084994,0.084824,0.084925,257784
1788090300000,0.084967,0.084995,0.084802,0.084926,123609
1788091200000,0.084933,0.085418,0.084854,0.085321,984428
1788092100000,0.085301,0.085301,0.08511,0.08525,225555
1788093000000,0.085209,0.085386,0.08503,0.085224,1709913
1788093900000,0.085228,0.085443,0.085059,0.085395,374515
1788094800000,0.085389,0.085413,0.085254,0.085272,730052
1788095700000,0.085254,0.085374,0.085186,0.085362,45702
1788096600000,0.085322,0.085481,0.085305,0.085461,114142
1788097500000,0.085473,0.085814,0.085473,0.085678,1136679
1788098400000,0.085687,0.085696,0.085353,0.085651,728976
1788099300000,0.085658,0.085659,0.085492,0.085598,214599
1788100200000,0.085581,0.085645,0.08539,0.085442,565789
1788101100000,0.085423,0.085522,0.085376,0.085445,26475
1788102000000,0.085467,0.08552,0.085084,0.085084,199543
1788102900000,0.085097,0.085387,0.085002,0.085276,284008
1788103800000,0.085304,0.08543,0.085304,0.085383,407398
1788104700000,0.085363,0.085393,0.085254,0.085325,24415
1788105600000,0.085358,0.085886,0.085266,0.08587,727469
1788106500000,0.085787,0.085997,0.085653,0.085653,762940
1788107400000,0.085733,0.086026,0.085708,0.085916,303926
1788108300000,0.085932,0.086441,0.085888,0.086281,814784
1788109200000,0.086294,0.086389,0.086084,0.086225,635475
1788110100000,0.086252,0.086252,0.085257,0.08555,2013995
1788111000000,0.085523,0.085912,0.085451,0.085912,312004
1788111900000,0.085932,0.085932,0.085698,0.085896,199232
1788112800000,0.085919,0.085996,0.085547,0.085716,3070302
1788113700000,0.085723,0.086107,0.085723,0.086107,71839
1788114600000,0.086147,0.086468,0.086126,0.086403,1760982
1788115500000,0.086357,0.086449,0.086254,0.086401,112106
1788116400000,0.086314,0.086325,0.085959,0.086303,937072
1788117300000,0.086301,0.086324,0.085947,0.085947,393611
1788118200000,0.085918,0.086042,0.085654,0.085671,212377
1788119100000,0.085676,0.085785,0.085536,0.085759,192557
1788120000000,0.085817,0.085929,0.085754,0.08577,134699
1788120900000,0.085819,0.085869,0.085561,0.085583,552045
1788121800000,0.08556,0.085627,0.0847,0.084779,3774095
1788122700000,0.084789,0.085406,0.084785,0.0851,767532
1788123600000,0.0851,0.085116,0.08394,0.084573,3967529
1788124500000,0.084572,0.084708,0.084382,0.084708,386888
1788125400000,0.084646,0.084914,0.084495,0.084496,375517
1788126300000,0.084478,0.084577,0.084203,0.084556,411966
1788127200000,0.084586,0.084984,0.084249,0.084289,1182642
1788128100000,0.084263,0.084276,0.083405,0.083704,5180027
1788129000000,0.083665,0.083836,0.083249,0.083695,1881442
1788129900000,0.083641,0.083728,0.083495,0.083657,157959
1788130800000,0.083561,0.083598,0.083171,0.0833,1396744
1788131700000,0.083308,0.083309,0.081544,0.081787,19450120
1788132600000,0.081806,0.082163,0.081353,0.081596,6153009
1788133500000,0.081559,0.08219,0.080768,0.082029,8349525
1788134400000,0.081965,0.082088,0.081622,0.082024,3353131
1788135300000,0.082032,0.082389,0.081943,0.082306,611610
1788136200000,0.082281,0.082698,0.082281,0.082471,817299
1788137100000,0.08246,0.082535,0.082358,0.082375,1045665
1788138000000,0.082334,0.082481,0.081718,0.081901,1191460
1788138900000,0.08192,0.082202,0.081793,0.082089,290396
1788139800000,0.082082,0.082208,0.081737,0.081737,523455
1788140700000,0.081765,0.081912,0.081523,0.081544,13123381
1788141600000,0.081575,0.082314,0.081418,0.08228,761181
1788142500000,0.082234,0.082376,0.082025,0.082093,467700
1788143400000,0.082097,0.082173,0.081917,0.081954,396753
1788144300000,0.081955,0.081989,0.081587,0.08178,935407
1788145200000,0.081787,0.082095,0.081723,0.082037,351797
1788146100000,0.08206,0.082167,0.081968,0.082166,549844
1788147000000,0.08216,0.082407,0.082114,0.082397,268190
1788147900000,0.082397,0.082522,0.08226,0.08226,670412
1788148800000,0.082272,0.082272,0.081995,0.082014,676385
1788149700000,0.082018,0.082053,0.081878,0.081992,338375
1788150600000,0.08193,0.08208,0.08188,0.082073,127948
1788151500000,0.082022,0.082184,0.081932,0.082104,22792
1788152400000,0.082109,0.0823,0.081988,0.082259,206554
1788153300000,0.082282,0.083031,0.082266,0.082889,1339643
1788154200000,0.082901,0.082901,0.082632,0.082783,291120
1788155100000,0.082804,0.082902,0.082764,0.082843,1038061
1788156000000,0.082758,0.082898,0.082625,0.082794,326990
1788156900000,0.082777,0.082905,0.082656,0.082729,117032
1788157800000,0.082724,0.082744,0.082605,0.082712,132296
1788158700000,0.082712,0.082783,0.082662,0.082724,795025
1788159600000,0.082705,0.0828,0.082607,0.082716,387377
1788160500000,0.082732,0.08288,0.082717,0.08274,371103
1788161400000,0.082714,0.082714,0.082562,0.082696,86035
1788162300000,0.082653,0.082743,0.082574,0.08273,128925
1788163200000,0.082679,0.082819,0.082468,0.082654,637245
1788164100000,0.08259,0.082604,0.08241,0.082522,269885
1788165000000,0.08257,0.082958,0.082495,0.082707,475979
1788165900000,0.082728,0.082854,0.082672,0.082763,810882
1788166800000,0.082764,0.083096,0.082671,0.082855,731276
1788167700000,0.082819,0.083092,0.082787,0.082956,180981
1788168600000,0.082892,0.083012,0.082883,0.082992,156201
1788169500000,0.083021,0.083136,0.082796,0.082829,185448
1788170400000,0.082834,0.082927,0.08257,0.082919,332354
1788171300000,0.082886,0.082886,0.082667,0.082759,545241
1788172200000,0.082701,0.082904,0.082685,0.082883,91385
1788173100000,0.082881,0.083258,0.082881,0.083074,1314101
1788174000000,0.083074,0.083086,0.082853,0.083019,388339
1788174900000,0.083026,0.08311,0.082879,0.082888,60865
1788175800000,0.082865,0.082901,0.082722,0.08277,768748
1788176700000,0.082786,0.082786,0.082574,0.082639,420753
1788177600000,0.082638,0.082992,0.082591,0.082862,160026
1788178500000,0.082873,0.082999,0.082542,0.082825,322969
1788179400000,0.082731,0.082878,0.082286,0.082434,477010
1788180300000,0.082483,0.082632,0.082351,0.082631,573449
1788181200000,0.082652,0.082914,0.082622,0.082682,5000368
1788182100000,0.082652,0.082758,0.082456,0.082615,5906950
1788183000000,0.082614,0.082813,0.082409,0.082428,8990010
1788183900000,0.08243,0.082446,0.081995,0.082141,2011550
1788184800000,0.08213,0.082375,0.082069,0.082208,1397676
1788185700000,0.082101,0.082456,0.082012,0.082313,1236863
1788186600000,0.082335,0.083209,0.082297,0.083061,2527524
1788187500000,0.08308,0.083245,0.082873,0.083023,784581
1788188400000,0.08303,0.083089,0.082663,0.082663,472336
1788189300000,0.082659,0.082971,0.082543,0.082971,1231516
1788190200000,0.082899,0.08324,0.082799,0.083163,79769
1788191100000,0.083206,0.083206,0.082784,0.082787,166469
1788192000000,0.08277,0.082976,0.082727,0.08275,1187879
1788192900000,0.0828,0.082949,0.082671,0.082815,704897
1788193800000,0.082852,0.083179,0.082815,0.083159,623848
1788194700000,0.083128,0.083162,0.082877,0.082877,252990
1788195600000,0.082869,0.083161,0.082848,0.083088,2589364
1788196500000,0.083088,0.083242,0.082754,0.082846,3199554
1788197400000,0.082893,0.083449,0.082893,0.083231,2140145
1788198300000,0.083251,0.083393,0.083187,0.083301,619155
1788199200000,0.083299,0.083299,0.083137,0.08325,454258
1788200100000,0.083254,0.083471,0.083069,0.083182,479495
1788201000000,0.08318,0.083921,0.083175,0.083909,651467
1788201900000,0.083901,0.083901,0.083415,0.083436,718023
1788202800000,0.083467,0.083661,0.083454,0.083515,1421192
1788203700000,0.083492,0.083492,0.083256,0.083322,405464
1788204600000,0.083296,0.08331,0.08306,0.08314,538389
1788205500000,0.083113,0.08338,0.083112,0.083221,3012949
1788206400000,0.08326,0.083335,0.083193,0.083298,851801
1788207300000,0.0833,0.083535,0.083183,0.083185,237356
1788208200000,0.083189,0.083301,0.083133,0.083246,85583
1788209100000,0.083262,0.083301,0.083176,0.083221,125707
1788210000000,0.083249,0.083249,0.083055,0.083055,618996
1788210900000,0.083051,0.083206,0.082886,0.083206,173917
1788211800000,0.083216,0.083366,0.083206,0.083312,346002
1788212700000,0.083311,0.083451,0.083246,0.083324,485065
1788213600000,0.08337,0.083403,0.083124,0.083124,259900
1788214500000,0.083113,0.083113,0.082975,0.083006,1086716
1788215400000,0.083006,0.083053,0.082925,0.082981,126267
1788216300000,0.082944,0.083049,0.082935,0.083014,103506
1788217200000,0.083014,0.083014,0.082626,0.08283,1700871
1788218100000,0.082836,0.082925,0.082826,0.082925,347646
1788219000000,0.082925,0.082925,0.082756,0.082756,336087
1788219900000,0.082756,0.082841,0.08274,0.082813,106042
1788220800000,0.082802,0.082961,0.082734,0.082945,1412841
1788221700000,0.08292,0.083162,0.08292,0.083094,650818
1788222600000,0.083109,0.083212,0.082942,0.083029,424981
1788223500000,0.083056,0.083231,0.082941,0.08302,423838
1788224400000,0.083063,0.083212,0.082843,0.082845,135208
1788225300000,0.082877,0.082918,0.082576,0.082669,1232169
1788226200000,0.082686,0.08291,0.082593,0.08287,355681
1788227100000,0.082909,0.082918,0.082708,0.082765,849744
1788228000000,0.082733,0.082801,0.082522,0.082673,630332
1788228900000,0.082685,0.082963,0.082659,0.082757,120754
1788229800000,0.08279,0.082898,0.082713,0.082713,25512
1788230700000,0.082702,0.082836,0.082674,0.082833,256399
1788231600000,0.082833,0.082917,0.082795,0.08285,69531
1788232500000,0.082892,0.082989,0.082832,0.082974,46719
1788233400000,0.082972,0.083419,0.082972,0.083344,1120862
1788234300000,0.083315,0.083315,0.083123,0.083173,1451981
1788235200000,0.08319,0.083291,0.083131,0.083202,204763
1788236100000,0.083209,0.08342,0.083209,0.08332,629431
1788237000000,0.083397,0.083401,0.083229,0.083242,104723
1788237900000,0.083253,0.083253,0.083076,0.083135,597241
1788238800000,0.08313,0.083433,0.08312,0.083274,65713
1788239700000,0.083273,0.083373,0.083181,0.083373,393320
1788240600000,0.083356,0.083803,0.083356,0.083798,1146625
1788241500000,0.083793,0.08392,0.08372,0.083819,958721
1788242400000,0.083835,0.083839,0.083548,0.083708,690085
1788243300000,0.083656,0.083753,0.083398,0.083577,294527
1788244200000,0.083543,0.083711,0.083511,0.083543,718437
1788245100000,0.083531,0.083561,0.083385,0.083388,915039
1788246000000,0.083384,0.083568,0.083377,0.083523,923234
1788246900000,0.083532,0.083734,0.083498,0.083539,169949
1788247800000,0.083557,0.083557,0.083146,0.083219,223159
1788248700000,0.083236,0.083409,0.083183,0.083348,40856
1788249600000,0.083382,0.083382,0.082777,0.082859,898994
1788250500000,0.08286,0.082919,0.082408,0.082408,1530882
1788251400000,0.082407,0.082786,0.082368,0.082585,520319
1788252300000,0.082576,0.082693,0.082245,0.082259,542812
1788253200000,0.082351,0.082367,0.082108,0.082184,551992
1788254100000,0.082193,0.082481,0.082187,0.082356,374862
1788255000000,0.082385,0.082431,0.0823,0.082429,715084
1788255900000,0.08244,0.082457,0.082305,0.082389,903968
1788256800000,0.082375,0.082543,0.082325,0.082388,921870
1788257700000,0.082482,0.082793,0.082351,0.082756,141801
1788258600000,0.08277,0.083029,0.08277,0.082892,180512
1788259500000,0.082887,0.082952,0.082793,0.082844,98879
1788260400000,0.082812,0.082847,0.082696,0.082717,280370
1788261300000,0.082725,0.082847,0.082695,0.082847,59006
1788262200000,0.082805,0.083255,0.082745,0.083121,475686
1788263100000,0.083157,0.083325,0.083041,0.083167,227847
1788264000000,0.083157,0.083178,0.082914,0.082922,6467427
1788264900000,0.082981,0.083023,0.082782,0.082826,1106219
1788265800000,0.082839,0.082841,0.082384,0.08263,317337
1788266700000,0.082631,0.082822,0.082565,0.082565,372014
1788267600000,0.082567,0.082575,0.081818,0.082391,9440854
1788268500000,0.082427,0.082525,0.082333,0.082476,570206
1788269400000,0.082487,0.082772,0.08206,0.082491,335127
1788270300000,0.082484,0.082816,0.082427,0.082733,170828
1788271200000,0.082754,0.083115,0.082659,0.082885,447219
1788272100000,0.082922,0.082975,0.082706,0.082726,292120
1788273000000,0.082711,0.083086,0.082659,0.083086,4757128
1788273900000,0.083048,0.083121,0.08272,0.082745,3594399
1788274800000,0.082755,0.082769,0.082,0.082236,8330682
1788275700000,0.08224,0.082408,0.082194,0.082408,184032
1788276600000,0.082409,0.082654,0.08231,0.082646,534300
1788277500000,0.082657,0.082933,0.082657,0.082732,773656
1788278400000,0.082708,0.082715,0.082194,0.082217,1282243
1788279300000,0.08232,0.082339,0.082027,0.082246,230133
1788280200000,0.08216,0.082285,0.08179,0.082037,1361719
1788281100000,0.082116,0.082299,0.08209,0.082165,473630
1788282000000,0.082122,0.082245,0.082048,0.082131,422047
1788282900000,0.082172,0.082472,0.082017,0.082338,1961460
1788283800000,0.082354,0.082565,0.082354,0.082366,434687
1788284700000,0.082298,0.082419,0.081933,0.081997,1769177
1788285600000,0.082043,0.082127,0.081593,0.08182,2174504
1788286500000,0.081831,0.081831,0.081121,0.081542,6099884
1788287400000,0.081542,0.081561,0.080873,0.081022,4875119
1788288300000,0.080954,0.081685,0.080718,0.081684,2131780
1788289200000,0.081668,0.081998,0.081668,0.081778,1045836
1788290100000,0.081757,0.082149,0.081751,0.082079,306210
1788291000000,0.082155,0.082192,0.081934,0.081987,984137
1788291900000,0.082014,0.082014,0.081842,0.081909,77746
1788292800000,0.081966,0.081992,0.081675,0.081907,286852
1788293700000,0.081957,0.082121,0.081735,0.081897,256775
1788294600000,0.081907,0.081997,0.08171,0.081718,285431
1788295500000,0.081731,0.081971,0.08156,0.081971,559653
1788296400000,0.081968,0.08197,0.081231,0.08128,446618
1788297300000,0.081277,0.081603,0.080983,0.081509,3852974
1788298200000,0.081518,0.081565,0.08131,0.081565,176673
1788299100000,0.081536,0.081631,0.081459,0.081462,1265988
1788300000000,0.081437,0.081727,0.081373,0.081568,301997
1788300900000,0.081549,0.081549,0.081275,0.081275,211364
1788301800000,0.081274,0.081421,0.081214,0.081275,347346
1788302700000,0.081284,0.081599,0.081284,0.081434,250868
1788303600000,0.081412,0.081534,0.081398,0.081406,280053
1788304500000,0.081439,0.081501,0.081373,0.081501,184819
1788305400000,0.081518,0.081854,0.081518,0.081799,144731
1788306300000,0.081781,0.081792,0.081652,0.081657,341028
1788307200000,0.081682,0.081716,0.081582,0.081682,968768
1788308100000,0.081682,0.081724,0.081367,0.081367,620346
1788309000000,0.08135,0.081523,0.081274,0.081289,1168423
1788309900000,0.081317,0.081354,0.08112,0.08112,4036110
1788310800000,0.081114,0.081335,0.081064,0.081275,1588241
1788311700000,0.081226,0.081348,0.081056,0.081056,484894
1788312600000,0.081061,0.081151,0.08034,0.080683,6327987
1788313500000,0.080694,0.080767,0.080289,0.080708,1914883
1788314400000,0.080674,0.080958,0.080584,0.080856,828633
1788315300000,0.080863,0.081213,0.080863,0.081151,653716
1788316200000,0.081149,0.081294,0.081038,0.081089,245782
1788317100000,0.081116,0.081142,0.081038,0.081076,394749
1788318000000,0.081085,0.081472,0.08108,0.08139,247432
1788318900000,0.081387,0.081745,0.081281,0.081565,844239
1788319800000,0.081531,0.081577,0.081378,0.081503,453508
1788320700000,0.081493,0.081539,0.081307,0.081521,486051
1788321600000,0.081443,0.081559,0.081141,0.081271,226445
1788322500000,0.08128,0.081435,0.081168,0.08135,133092
1788323400000,0.081351,0.081746,0.081351,0.081726,374653
1788324300000,0.081687,0.081804,0.081646,0.081646,886429
1788325200000,0.081715,0.081742,0.081516,0.081738,261050
1788326100000,0.081768,0.081975,0.081768,0.081975,643738
1788327000000,0.081955,0.081955,0.081857,0.081909,36138
1788327900000,0.081902,0.082013,0.081901,0.081987,111104
1788328800000,0.082014,0.082059,0.081768,0.081768,325216
1788329700000,0.081802,0.081915,0.081703,0.081704,309985
1788330600000,0.081655,0.081935,0.081555,0.081828,652179
1788331500000,0.081807,0.081828,0.081668,0.08177,53130
1788332400000,0.081768,0.081961,0.081747,0.081961,143211
1788333300000,0.081873,0.081873,0.081687,0.081687,631681
1788334200000,0.081698,0.081856,0.081696,0.081777,93999
1788335100000,0.081735,0.081838,0.081628,0.081628,44419
1788336000000,0.081675,0.081715,0.081506,0.081612,84765
1788336900000,0.081645,0.081684,0.08148,0.08149,75928
1788337800000,0.081471,0.081471,0.080947,0.081001,1765444
1788338700000,0.080976,0.081108,0.080762,0.080963,1259971
1788339600000,0.08095,0.081229,0.08095,0.081109,562888
1788340500000,0.08113,0.08113,0.080764,0.081028,1314591
1788341400000,0.081061,0.081061,0.08058,0.08058,2833300
1788342300000,0.0806,0.08091,0.080571,0.080838,1497283
1788343200000,0.08087,0.08088,0.080555,0.080717,719988
1788344100000,0.080719,0.080811,0.080709,0.080749,360269
1788345000000,0.080776,0.080783,0.080597,0.080717,305134
1788345900000,0.080685,0.080789,0.080105,0.080789,1425882
1788346800000,0.080737,0.080847,0.080501,0.080836,304773
1788347700000,0.08088,0.080883,0.080563,0.080746,239386
1788348600000,0.080742,0.081198,0.080725,0.081046,744593
1788349500000,0.081036,0.08119,0.080991,0.08119,381856
1788350400000,0.081163,0.081197,0.081029,0.081125,656062
1788351300000,0.081107,0.081442,0.081048,0.081404,27332731
1788352200000,0.081393,0.081437,0.081111,0.08115,18626613
1788353100000,0.081128,0.081128,0.080748,0.080795,10698614
1788354000000,0.080793,0.081106,0.080793,0.080869,6820090
1788354900000,0.080866,0.081144,0.080845,0.081006,7584431
1788355800000,0.080969,0.082077,0.080728,0.08204,51559370
1788356700000,0.082072,0.082102,0.081502,0.081704,11136888
1788357600000,0.08168,0.081941,0.081602,0.081731,8465344
1788358500000,0.081735,0.081941,0.081656,0.081735,1412765
1788359400000,0.081758,0.081892,0.081501,0.081843,762850
1788360300000,0.081869,0.081874,0.081492,0.081492,1850066
1788361200000,0.081498,0.081522,0.080625,0.080715,58964293
1788362100000,0.080842,0.081461,0.080842,0.081236,46921067
1788363000000,0.081307,0.081777,0.08113,0.081739,19557510
1788363900000,0.08172,0.08172,0.081397,0.081663,873741
1788364800000,0.081662,0.081874,0.081495,0.081781,6047735
1788365700000,0.081781,0.08188,0.081681,0.081741,1144242
1788366600000,0.081741,0.08188,0.081497,0.081497,352471
1788367500000,0.081496,0.081556,0.081394,0.081395,210040
1788368400000,0.081387,0.081472,0.081052,0.081219,909084
1788369300000,0.081189,0.081254,0.080861,0.081081,2045576
1788370200000,0.081128,0.081313,0.081083,0.081282,225247
1788371100000,0.081373,0.081558,0.081373,0.08145,652879
1788372000000,0.081469,0.0816,0.081373,0.0816,484253
1788372900000,0.081602,0.08172,0.081475,0.081583,430853
1788373800000,0.081546,0.081557,0.081294,0.081365,646717
1788374700000,0.081375,0.08149,0.081308,0.081464,407397
1788375600000,0.081402,0.081489,0.081355,0.081484,249375
1788376500000,0.081486,0.081518,0.081197,0.081197,280707
1788377400000,0.081165,0.081203,0.081008,0.081129,1949314
1788378300000,0.081184,0.081307,0.081091,0.081305,112404
1788379200000,0.081299,0.081739,0.081299,0.081615,4405754
1788380100000,0.081589,0.081801,0.081292,0.081581,919310
1788381000000,0.081583,0.081826,0.081572,0.081608,315926
1788381900000,0.081608,0.08192,0.081534,0.081693,473549
1788382800000,0.081696,0.081721,0.081592,0.081592,82746
1788383700000,0.08158,0.081644,0.081522,0.081576,235191
1788384600000,0.081534,0.081881,0.081514,0.081871,251988
1788385500000,0.08182,0.081836,0.081678,0.081695,222759
1788386400000,0.081695,0.081695,0.081061,0.081098,61950878
1788387300000,0.081099,0.081244,0.080835,0.08089,15213062
1788388200000,0.08089,0.081204,0.08089,0.081177,718639
1788389100000,0.081066,0.081123,0.081005,0.081024,653613
1788390000000,0.081032,0.081444,0.080939,0.081427,634156
1788390900000,0.081421,0.081421,0.081248,0.081353,437887
1788391800000,0.081352,0.081443,0.081298,0.081333,273117
1788392700000,0.081377,0.081798,0.081376,0.081761,6076936
1788393600000,0.081755,0.081946,0.081558,0.081591,8434313
1788394500000,0.081591,0.081591,0.081357,0.081357,2281998
1788395400000,0.081315,0.081567,0.081246,0.081405,1890548
1788396300000,0.081427,0.0815,0.081351,0.081392,197887
1788397200000,0.081389,0.08207,0.081157,0.08207,7485707
1788398100000,0.082043,0.082439,0.081985,0.082439,33045611
1788399000000,0.08247,0.082644,0.082192,0.082346,28566661
1788399900000,0.082295,0.082422,0.082018,0.082199,15529694
1788400800000,0.082175,0.082411,0.08205,0.082411,3049286
1788401700000,0.082415,0.082888,0.08235,0.082785,32347537
1788402600000,0.08278,0.083266,0.082686,0.083077,22320526
1788403500000,0.083079,0.083281,0.083029,0.083135,1107915
1788404400000,0.083203,0.083203,0.082896,0.083051,13882330
1788405300000,0.082906,0.08315,0.082867,0.082923,4876913
1788406200000,0.082878,0.082933,0.082602,0.082632,2144668
1788407100000,0.082631,0.082816,0.082596,0.082785,280970
1788408000000,0.08281,0.082994,0.082788,0.082843,463156
1788408900000,0.082815,0.082815,0.082519,0.082578,8459932
1788409800000,0.082576,0.082664,0.082401,0.082415,15011833
1788410700000,0.082428,0.082958,0.082403,0.082954,1732376
1788411600000,0.082968,0.083072,0.082665,0.082735,619425
1788412500000,0.08277,0.08277,0.08205,0.082186,18681669
1788413400000,0.082168,0.082759,0.082147,0.08272,3536536
1788414300000,0.082734,0.083052,0.082639,0.082986,7398786
1788415200000,0.082986,0.082986,0.082744,0.082832,2607276
1788416100000,0.082834,0.08295,0.082802,0.082904,434037
1788417000000,0.082861,0.083049,0.082837,0.083042,148601
1788417900000,0.083035,0.083089,0.082933,0.082991,109927
1788418800000,0.08299,0.083731,0.082932,0.083515,26921758
1788419700000,0.083514,0.083573,0.082949,0.083131,30116449
1788420600000,0.083126,0.083384,0.082932,0.083089,11141694
1788421500000,0.083111,0.083173,0.082627,0.082862,11040722
1788422400000,0.082863,0.083577,0.082863,0.083164,5420768
1788423300000,0.083214,0.083322,0.083065,0.083295,957292
1788424200000,0.083339,0.083339,0.083175,0.083203,309894
1788425100000,0.08326,0.083303,0.083088,0.083155,409272
1788426000000,0.083155,0.083271,0.082967,0.083153,1610557
1788426900000,0.083153,0.083207,0.082898,0.082898,679682
1788427800000,0.082912,0.082942,0.082708,0.082873,3229516
1788428700000,0.08292,0.082963,0.082756,0.082793,175941
1788429600000,0.082768,0.082936,0.082689,0.082753,1817991
1788430500000,0.0828,0.083053,0.082748,0.082856,607075
1788431400000,0.082839,0.082878,0.082523,0.082537,767009
1788432300000,0.082538,0.082955,0.082538,0.082933,781020
1788433200000,0.082941,0.083085,0.082865,0.082933,452802
1788434100000,0.083056,0.083238,0.08303,0.083237,541233
1788435000000,0.083254,0.083377,0.083125,0.083207,3999810
1788435900000,0.08324,0.083288,0.083119,0.083261,868114
1788436800000,0.083247,0.083304,0.08313,0.083289,81075
1788437700000,0.083259,0.083311,0.083109,0.083141,36704
1788438600000,0.083218,0.083638,0.083208,0.083228,2532812
1788439500000,0.083227,0.083742,0.083227,0.08366,3477164
1788440400000,0.08358,0.08358,0.083288,0.083503,2520242
1788441300000,0.083523,0.083523,0.083349,0.083375,700933
1788442200000,0.083384,0.08368,0.08321,0.083661,2944179
1788443100000,0.083649,0.083688,0.083368,0.083538,1337732
1788444000000,0.083479,0.083691,0.083295,0.083691,2050219
1788444900000,0.083689,0.084595,0.083689,0.084563,2873504
1788445800000,0.084472,0.086013,0.084472,0.085671,38854893
1788446700000,0.085698,0.087949,0.085663,0.087949,16094386
1788447600000,0.087937,0.088522,0.086842,0.087505,19140362
1788448500000,0.087536,0.087741,0.08702,0.087552,5074908
1788449400000,0.087455,0.088084,0.087455,0.087842,4220672
1788450300000,0.087841,0.089408,0.087465,0.089228,8353099
1788451200000,0.089253,0.089466,0.088122,0.088915,10656057
1788452100000,0.088894,0.089311,0.088441,0.089234,6754236
1788453000000,0.089311,0.089919,0.089086,0.089111,4617986
1788453900000,0.089249,0.089999,0.089225,0.089485,3786722
1788454800000,0.089487,0.089723,0.08925,0.089531,4180181
1788455700000,0.089572,0.089605,0.088872,0.089021,6224302
1788456600000,0.0891,0.089797,0.0891,0.089476,1141697
1788457500000,0.08951,0.089635,0.089252,0.089361,892072
1788458400000,0.089378,0.089615,0.089309,0.089578,402472
1788459300000,0.089559,0.08957,0.089351,0.089383,840652
1788460200000,0.089359,0.089534,0.088973,0.089077,794574
1788461100000,0.089046,0.089573,0.089046,0.089501,523423
1788462000000,0.089493,0.089928,0.089255,0.089255,2471342
1788462900000,0.08922,0.08961,0.089173,0.08956,1852775
1788463800000,0.089539,0.08957,0.089319,0.089369,1675109
1788464700000,0.089371,0.089417,0.089057,0.089374,856645
1788465600000,0.089329,0.089348,0.088844,0.088914,1234742
1788466500000,0.088963,0.08907,0.088604,0.088912,1647231
1788467400000,0.088959,0.088959,0.088519,0.088726,892966
1788468300000,0.088702,0.088862,0.088662,0.088674,182388
1788469200000,0.088672,0.088935,0.088547,0.088935,758206
1788470100000,0.088928,0.088991,0.088646,0.088824,253870
1788471000000,0.088851,0.089343,0.088474,0.088495,1328540
1788471900000,0.088495,0.08866,0.0883,0.0883,1384015
1788472800000,0.088276,0.088365,0.087652,0.087786,14238353
1788473700000,0.087824,0.088033,0.087466,0.087486,3261676
1788474600000,0.087494,0.087573,0.087086,0.087413,2937813
1788475500000,0.087481,0.087568,0.0874,0.087456,1340116
1788476400000,0.087439,0.08778,0.087416,0.087548,13399083
1788477300000,0.08761,0.087812,0.08753,0.087812,2902876
1788478200000,0.08779,0.087962,0.087721,0.087778,3648059
1788479100000,0.087763,0.087861,0.087702,0.087853,431652
1788480000000,0.087827,0.08791,0.08754,0.087767,1341175
1788480900000,0.087802,0.087971,0.087388,0.0874,10764586
1788481800000,0.087386,0.088101,0.08733,0.087584,6616056
1788482700000,0.087605,0.087615,0.087012,0.087056,2597667
1788483600000,0.087097,0.087423,0.086875,0.087109,16192563
1788484500000,0.087111,0.087289,0.086876,0.086917,15887402
1788485400000,0.086916,0.087102,0.086783,0.08688,1171313
1788486300000,0.08689,0.087238,0.086853,0.087147,759913
1788487200000,0.087164,0.087164,0.086787,0.086977,1109391
1788488100000,0.086983,0.087095,0.086611,0.086691,981822
1788489000000,0.086722,0.086977,0.086718,0.086949,247266
1788489900000,0.086878,0.087243,0.086878,0.087243,552523
1788490800000,0.087273,0.087484,0.087244,0.087356,2034716
1788491700000,0.087357,0.087357,0.087183,0.087191,777904
1788492600000,0.087226,0.087303,0.087174,0.087268,400956
1788493500000,0.087254,0.087288,0.087159,0.087159,367116
1788494400000,0.087147,0.087187,0.087028,0.087187,629006
1788495300000,0.087225,0.08753,0.087186,0.08753,1082333
1788496200000,0.087534,0.08759,0.087143,0.08715,3614583
1788497100000,0.087163,0.08727,0.087125,0.087256,585384
1788498000000,0.087209,0.087288,0.087022,0.087095,823897
1788498900000,0.087074,0.087352,0.08699,0.08699,822317
1788499800000,0.086983,0.087037,0.086795,0.087033,2057509
1788500700000,0.087109,0.087129,0.086617,0.086975,1712539
1788501600000,0.086904,0.087111,0.086848,0.087063,1448255
1788502500000,0.087037,0.087046,0.086707,0.086707,1872777
1788503400000,0.086627,0.086977,0.086522,0.086943,610702
1788504300000,0.086937,0.08709,0.086838,0.08706,877314
1788505200000,0.087045,0.087485,0.087045,0.087446,2617003
1788506100000,0.087309,0.087346,0.087182,0.087193,82430
1788507000000,0.087219,0.08734,0.087108,0.087288,1325421
1788507900000,0.08725,0.087267,0.086999,0.08701,164456
1788508800000,0.087044,0.087139,0.086774,0.087127,734878
1788509700000,0.087172,0.087221,0.087063,0.087194,153541
1788510600000,0.087185,0.087239,0.087081,0.087169,474069
1788511500000,0.087124,0.08769,0.087047,0.087643,5010827
1788512400000,0.087643,0.087896,0.087551,0.087736,1475210
1788513300000,0.087736,0.088321,0.087461,0.087583,5846576
1788514200000,0.087556,0.08821,0.087496,0.087806,1148461
1788515100000,0.087826,0.087972,0.087589,0.087709,632036
1788516000000,0.087678,0.087776,0.08736,0.087438,412642
1788516900000,0.087487,0.087487,0.087237,0.087426,3602664
1788517800000,0.087436,0.087723,0.087375,0.087597,1809699
1788518700000,0.087569,0.08769,0.087566,0.087689,91327
1788519600000,0.087689,0.087859,0.08757,0.087806,797974
1788520500000,0.087757,0.088,0.087757,0.087986,226731
1788521400000,0.087868,0.087943,0.087775,0.087798,265562
1788522300000,0.087766,0.087881,0.087692,0.087716,423318
1788523200000,0.087796,0.087923,0.087629,0.08787,262086
1788524100000,0.08782,0.088024,0.087627,0.088024,459229
1788525000000,0.087966,0.087966,0.084276,0.085146,63483165
1788525900000,0.085114,0.085304,0.084292,0.085031,11844529
1788526800000,0.084997,0.085187,0.084662,0.084706,4781070
1788527700000,0.084754,0.085244,0.084694,0.085047,3086536
1788528600000,0.085058,0.085405,0.084804,0.085159,1572947
1788529500000,0.085213,0.085838,0.085108,0.085211,4213896
1788530400000,0.085228,0.085376,0.084907,0.085109,412885
1788531300000,0.085089,0.08517,0.084628,0.085047,3185720
1788532200000,0.085048,0.085048,0.08416,0.084327,9743245
1788533100000,0.084367,0.084486,0.083794,0.084165,6112778
1788534000000,0.084188,0.084416,0.084013,0.08436,1975732
1788534900000,0.084394,0.084613,0.084394,0.084505,524062
1788535800000,0.084514,0.08462,0.084325,0.084614,1211762
1788536700000,0.084614,0.084614,0.084361,0.084401,228869
1788537600000,0.084366,0.08461,0.084286,0.084547,644510
1788538500000,0.084501,0.084639,0.084499,0.084598,2681835
1788539400000,0.084579,0.084853,0.08445,0.0847,533310
1788540300000,0.084738,0.084825,0.084624,0.084633,154112
1788541200000,0.084597,0.084597,0.084401,0.084401,548080
1788542100000,0.084378,0.084461,0.084316,0.08433,207238
1788543000000,0.084357,0.084389,0.084087,0.084166,322075
1788543900000,0.084167,0.084172,0.083987,0.084135,453871
1788544800000,0.084091,0.084354,0.084091,0.084231,594534
1788545700000,0.084283,0.084389,0.084272,0.08431,94056
1788546600000,0.08435,0.084627,0.08435,0.084627,59567
1788547500000,0.084608,0.084694,0.084554,0.084666,281960
1788548400000,0.084687,0.084747,0.084635,0.084724,324953
1788549300000,0.084718,0.084999,0.084698,0.084926,179979
1788550200000,0.084925,0.084925,0.084445,0.084639,807963
1788551100000,0.084624,0.084805,0.084621,0.08474,160886
1788552000000,0.084736,0.084793,0.084641,0.084656,154082
1788552900000,0.084632,0.0847,0.084617,0.084637,81699
1788553800000,0.084699,0.084794,0.084606,0.084701,360053
1788554700000,0.084749,0.084815,0.0847,0.084736,2459223
1788555600000,0.084724,0.084853,0.084691,0.084842,281015
1788556500000,0.084813,0.084931,0.084785,0.084809,192948
1788557400000,0.084872,0.084872,0.08478,0.084798,523169
1788558300000,0.084849,0.084926,0.08445,0.0845,339562
1788559200000,0.084438,0.084581,0.084419,0.084581,193061
1788560100000,0.084576,0.084612,0.084505,0.084505,30749
1788561000000,0.08457,0.084623,0.084524,0.084524,37551
1788561900000,0.084525,0.084525,0.084466,0.084489,58851
1788562800000,0.084486,0.084628,0.084411,0.084588,40124
1788563700000,0.084589,0.084759,0.084589,0.084747,196145
1788564600000,0.084712,0.084775,0.084695,0.084743,179612
1788565500000,0.084762,0.084798,0.084747,0.084758,172197
1788566400000,0.084756,0.084756,0.084624,0.084683,1719191
1788567300000,0.084693,0.084725,0.084648,0.084709,870612
1788568200000,0.084702,0.084782,0.084565,0.084735,195338
1788569100000,0.084647,0.084805,0.084548,0.084629,145648
1788570000000,0.084617,0.084887,0.084525,0.084777,242990
1788570900000,0.08475,0.084905,0.084644,0.084874,792191
1788571800000,0.084854,0.084913,0.084836,0.084895,27955
1788572700000,0.084897,0.084897,0.084595,0.08463,264225
1788573600000,0.084613,0.084636,0.084498,0.084625,542940
1788574500000,0.084669,0.084833,0.084617,0.084638,96730
1788575400000,0.084641,0.084738,0.084562,0.084709,731116
1788576300000,0.084712,0.084712,0.084337,0.084567,4799027
1788577200000,0.084582,0.084652,0.084532,0.084606,1391712
1788578100000,0.084622,0.084733,0.084574,0.084698,434519
1788579000000,0.084705,0.084719,0.084651,0.084719,389526
1788579900000,0.084722,0.084732,0.084591,0.084606,269954
1788580800000,0.084606,0.084642,0.084478,0.084489,323361
1788581700000,0.084489,0.084655,0.084481,0.084655,174378
1788582600000,0.084677,0.084699,0.084647,0.084698,20493
1788583500000,0.084714,0.084763,0.084591,0.084639,96842
1788584400000,0.084635,0.08472,0.084517,0.084713,939483
1788585300000,0.084709,0.084748,0.084577,0.084645,1324810
1788586200000,0.084672,0.084702,0.0846,0.0846,180050
1788587100000,0.0846,0.084782,0.08456,0.084669,1101719
1788588000000,0.084672,0.08485,0.084651,0.084815,197205
1788588900000,0.08482,0.084973,0.08482,0.084869,794824
1788589800000,0.084967,0.085807,0.084958,0.085436,11860407
1788590700000,0.085455,0.085664,0.085454,0.085577,650402
1788591600000,0.085566,0.085816,0.085535,0.085752,7570359
1788592500000,0.085752,0.085752,0.085618,0.085726,1582677
1788593400000,0.085723,0.08576,0.085644,0.085697,165094
1788594300000,0.085702,0.085866,0.085569,0.085818,14563391
1788595200000,0.085755,0.085812,0.085569,0.085579,3538416
1788596100000,0.08558,0.085966,0.085518,0.085746,7824244
1788597000000,0.08572,0.085726,0.085558,0.08565,539274
1788597900000,0.085607,0.085815,0.085587,0.085815,232172
1788598800000,0.085838,0.08635,0.085836,0.086216,673429
1788599700000,0.0862,0.0862,0.086005,0.086005,124337
1788600600000,0.085989,0.086115,0.085975,0.086019,841199
1788601500000,0.085997,0.086105,0.08598,0.086105,770471
1788602400000,0.086092,0.086115,0.085993,0.086019,529456
1788603300000,0.086019,0.086087,0.085912,0.08604,2088262
1788604200000,0.086059,0.086224,0.085938,0.085994,802150
1788605100000,0.085993,0.086039,0.085858,0.085858,376478
1788606000000,0.085871,0.086148,0.085871,0.086107,915436
1788606900000,0.086107,0.086108,0.085966,0.086014,1839971
1788607800000,0.086033,0.086059,0.085892,0.085892,1116960
1788608700000,0.085938,0.086259,0.085938,0.086121,3261553
1788609600000,0.086129,0.086387,0.086128,0.086309,217943
1788610500000,0.086295,0.08643,0.086148,0.086417,923201
1788611400000,0.086388,0.087592,0.086232,0.087365,4820963
1788612300000,0.087362,0.087478,0.087071,0.087335,1740473
1788613200000,0.08733,0.087477,0.087223,0.087352,1638262
1788614100000,0.087392,0.087839,0.087116,0.087611,1338270
1788615000000,0.087608,0.088149,0.087265,0.08743,1821132
1788615900000,0.08744,0.087528,0.087032,0.087222,2129791
1788616800000,0.087251,0.087459,0.087142,0.087415,1753151
1788617700000,0.087479,0.087836,0.087473,0.087757,313784
1788618600000,0.087773,0.088121,0.087696,0.087781,2236580
1788619500000,0.087825,0.087882,0.087618,0.08771,1408915
1788620400000,0.087755,0.087766,0.087477,0.087523,546667
1788621300000,0.087562,0.088028,0.087379,0.087692,2865130
1788622200000,0.087688,0.087916,0.087482,0.087867,3617481
1788623100000,0.087801,0.087801,0.087507,0.087608,1737103
1788624000000,0.087608,0.087666,0.087406,0.087406,1465116
1788624900000,0.087427,0.087598,0.087427,0.087542,35902
1788625800000,0.087573,0.087712,0.087334,0.087404,1135444
1788626700000,0.087445,0.088573,0.087375,0.088033,6406272
1788627600000,0.088033,0.089513,0.087842,0.089467,2754135
1788628500000,0.089599,0.08963,0.088849,0.089075,18464680
1788629400000,0.089084,0.089469,0.089011,0.089239,2304947
1788630300000,0.089268,0.095117,0.089147,0.094246,30688678
1788631200000,0.094246,0.094769,0.092706,0.093219,17099075
1788632100000,0.093206,0.093475,0.092105,0.092105,5136226
1788633000000,0.092135,0.092746,0.091762,0.091893,19354693
1788633900000,0.091926,0.092104,0.091755,0.091832,1747790
1788634800000,0.09184,0.091907,0.0913,0.091513,2060646
1788635700000,0.09151,0.09151,0.090862,0.091163,4598895
1788636600000,0.091183,0.091316,0.090637,0.090943,2322240
1788637500000,0.090963,0.09097,0.090425,0.090855,1924057
1788638400000,0.090814,0.091357,0.090712,0.091157,6386958
1788639300000,0.091111,0.091111,0.090559,0.090808,4847649
1788640200000,0.090811,0.09097,0.090438,0.09097,6092080
1788641100000,0.090966,0.091011,0.090641,0.09073,304145
1788642000000,0.090713,0.091111,0.090713,0.090986,3632684
1788642900000,0.091,0.091373,0.090926,0.091308,2833704
1788643800000,0.091332,0.09135,0.091019,0.091257,1903926
1788644700000,0.09128,0.091317,0.090012,0.090592,11542894
1788645600000,0.090701,0.091052,0.090617,0.090821,2222242
1788646500000,0.090816,0.090947,0.090228,0.090333,2018169
1788647400000,0.09031,0.090432,0.090025,0.090076,2290178
1788648300000,0.090057,0.090156,0.089965,0.090145,3510922
1788649200000,0.090107,0.090107,0.089928,0.08993,2834121
1788650100000,0.089929,0.090123,0.089777,0.089907,1729108
1788651000000,0.089909,0.090041,0.089404,0.089671,8596008
1788651900000,0.089615,0.090021,0.089574,0.089707,5025476
1788652800000,0.089719,0.089986,0.089709,0.089935,727111
1788653700000,0.089938,0.090313,0.089889,0.090221,821753
1788654600000,0.090219,0.090411,0.09017,0.09025,1177438
1788655500000,0.090216,0.090501,0.090134,0.09025,4234180
1788656400000,0.090285,0.090715,0.090165,0.090497,5024844
1788657300000,0.09052,0.090537,0.090244,0.090468,1412511
1788658200000,0.090454,0.090889,0.090438,0.090609,2456283
1788659100000,0.090609,0.091004,0.090499,0.090799,2549444
1788660000000,0.090818,0.091002,0.090725,0.090829,665527
1788660900000,0.09083,0.090907,0.090651,0.090798,1164468
1788661800000,0.090817,0.091061,0.090817,0.090874,872291
1788662700000,0.090896,0.091062,0.090789,0.09099,1621111
1788663600000,0.090991,0.091031,0.090813,0.09096,1604869
1788664500000,0.090949,0.091028,0.09078,0.090873,1777595
1788665400000,0.090879,0.091786,0.090879,0.091695,7028909
1788666300000,0.091703,0.091716,0.091339,0.091368,3317489
1788667200000,0.091366,0.091369,0.090923,0.091134,1436885
1788668100000,0.091132,0.091188,0.090443,0.090637,2367939
1788669000000,0.090631,0.090744,0.090343,0.0907,1341445
1788669900000,0.090712,0.090759,0.090543,0.090571,3890003
1788670800000,0.0906,0.09069,0.090433,0.090486,1437996
1788671700000,0.090487,0.091023,0.090487,0.090891,552484
1788672600000,0.090883,0.091711,0.090872,0.091404,1904005
1788673500000,0.091506,0.09185,0.091396,0.091548,4947765
1788674400000,0.091512,0.092039,0.091492,0.091866,5955854
1788675300000,0.091918,0.091918,0.091256,0.091316,6095554
1788676200000,0.091296,0.091604,0.091277,0.091559,3280562
1788677100000,0.091539,0.091539,0.091142,0.091171,3132472
1788678000000,0.091177,0.091334,0.090413,0.090562,1155903
1788678900000,0.090562,0.091228,0.090562,0.09069,5405164
1788679800000,0.090686,0.090879,0.090596,0.090879,6738816
1788680700000,0.09086,0.091033,0.090785,0.090962,298108
1788681600000,0.090901,0.091016,0.090822,0.091005,284342
1788682500000,0.090962,0.090972,0.090644,0.090663,2228660
1788683400000,0.090694,0.090737,0.090589,0.090703,407532
1788684300000,0.090702,0.090866,0.090562,0.090788,2756813
1788685200000,0.090722,0.090815,0.090521,0.090813,1861645
1788686100000,0.090768,0.091069,0.090679,0.091052,2718975
1788687000000,0.091012,0.091215,0.088536,0.089972,30443115
1788687900000,0.089954,0.09032,0.089793,0.090306,4044327
1788688800000,0.090305,0.090407,0.090072,0.090146,4347409
1788689700000,0.090082,0.090186,0.089834,0.089857,3712479
1788690600000,0.089834,0.090044,0.089624,0.090023,1330450
1788691500000,0.090023,0.090149,0.089914,0.090112,351262
1788692400000,0.09012,0.090254,0.090047,0.090238,251465
1788693300000,0.090238,0.09025,0.090003,0.090092,641181
1788694200000,0.090053,0.090191,0.089874,0.090034,1001523
1788695100000,0.090092,0.090168,0.090049,0.090167,1774727
1788696000000,0.090129,0.090161,0.08988,0.090036,1727904
1788696900000,0.090055,0.090134,0.089966,0.090004,104561
1788697800000,0.09,0.090109,0.08979,0.089821,987626
1788698700000,0.089839,0.09002,0.089643,0.0897,27676947
1788699600000,0.089682,0.090015,0.0895,0.089823,1587527
1788700500000,0.089821,0.089861,0.089351,0.089351,3006172
1788701400000,0.089351,0.089752,0.089242,0.089699,356295
1788702300000,0.089687,0.089842,0.089537,0.089701,1961115
1788703200000,0.089702,0.089739,0.089356,0.089361,1701924
1788704100000,0.089465,0.089486,0.088708,0.088802,10517998
1788705000000,0.088783,0.088936,0.087755,0.088893,7531734
1788705900000,0.088891,0.088901,0.088516,0.088516,2816813
1788706800000,0.088534,0.088569,0.087977,0.0884,10808895
1788707700000,0.088427,0.088751,0.088373,0.088726,1030594
1788708600000,0.088746,0.088902,0.088607,0.088847,723227
1788709500000,0.088869,0.089025,0.088778,0.089025,300053
1788710400000,0.088966,0.0891,0.088734,0.089054,656548
1788711300000,0.089,0.089119,0.088867,0.089102,1646190
1788712200000,0.089072,0.089427,0.088994,0.089313,204676
1788713100000,0.089308,0.089319,0.089194,0.089311,926439
1788714000000,0.089313,0.089333,0.08892,0.089166,1461649
1788714900000,0.089207,0.089455,0.089079,0.08908,1913082
1788715800000,0.089062,0.08931,0.089009,0.089182,359630
1788716700000,0.089171,0.089255,0.089113,0.089188,382005
1788717600000,0.089223,0.089295,0.089148,0.089273,841537
1788718500000,0.089252,0.089359,0.089249,0.089359,215531
1788719400000,0.089409,0.089621,0.089401,0.089509,893407
1788720300000,0.089513,0.089513,0.089379,0.089479,695427
1788721200000,0.089484,0.089497,0.08937,0.089423,321854
1788722100000,0.089432,0.089557,0.089393,0.089557,189341
1788723000000,0.08955,0.089559,0.089438,0.089525,611955
1788723900000,0.089538,0.089591,0.089517,0.089591,224849
1788724800000,0.089592,0.089729,0.089501,0.089622,474659
1788725700000,0.08962,0.090075,0.089599,0.090005,814945
1788726600000,0.090008,0.090148,0.090008,0.090145,386226
1788727500000,0.09015,0.090445,0.09015,0.090276,704260
1788728400000,0.090307,0.09046,0.090141,0.090403,930389
1788729300000,0.09035,0.090546,0.090312,0.090379,458808
1788730200000,0.090379,0.090808,0.090379,0.090628,2908351
1788731100000,0.090628,0.09077,0.090494,0.090515,1719586
1788732000000,0.090514,0.090514,0.089863,0.089952,1266047
1788732900000,0.089938,0.090108,0.0897,0.090108,1844298
1788733800000,0.090093,0.09045,0.09008,0.090389,298565
1788734700000,0.090344,0.090432,0.090258,0.0903,517858
1788735600000,0.090305,0.0907,0.090248,0.09057,14809668
1788736500000,0.090553,0.090825,0.090553,0.090658,7693944
1788737400000,0.090668,0.091058,0.090641,0.090892,3221404
1788738300000,0.090883,0.091145,0.0908,0.090982,1209879
1788739200000,0.09095,0.091212,0.090842,0.09111,3718374
1788740100000,0.091089,0.091127,0.090773,0.091044,723955
1788741000000,0.091044,0.091287,0.09094,0.091099,2763091
1788741900000,0.091102,0.091187,0.09085,0.091029,698382
1788742800000,0.091037,0.09116,0.090377,0.0904,6128135
1788743700000,0.0904,0.090543,0.089885,0.090088,3217860
1788744600000,0.090042,0.090293,0.0898,0.089872,2464888
1788745500000,0.0899,0.090275,0.0899,0.090228,104981
1788746400000,0.090177,0.090189,0.089876,0.090013,514946
1788747300000,0.090038,0.090409,0.090038,0.090317,591036
1788748200000,0.090314,0.0914,0.090205,0.091025,1730594
1788749100000,0.091061,0.091185,0.0901,0.090107,767986
1788750000000,0.090141,0.090404,0.089962,0.089979,655590
1788750900000,0.089978,0.090017,0.089568,0.089578,643036
1788751800000,0.089579,0.089697,0.089217,0.089299,927267
1788752700000,0.089371,0.089583,0.089371,0.089421,4579062
1788753600000,0.089398,0.089507,0.089387,0.089507,304032
1788754500000,0.089507,0.089793,0.089506,0.089615,983222
1788755400000,0.089659,0.08974,0.089437,0.089693,195609
1788756300000,0.089719,0.089822,0.089562,0.089782,613520
1788757200000,0.089766,0.090148,0.089766,0.08985,286222
1788758100000,0.089921,0.090654,0.089921,0.090345,856190
1788759000000,0.090273,0.090478,0.09024,0.090385,157835
1788759900000,0.090414,0.090414,0.090127,0.090224,345886
1788760800000,0.090202,0.090638,0.090166,0.090621,3697180
1788761700000,0.090607,0.090607,0.090264,0.090287,3555837
1788762600000,0.090272,0.090331,0.089887,0.089887,2217492
1788763500000,0.08984,0.089992,0.08984,0.089901,468333
1788764400000,0.089902,0.090085,0.089857,0.090075,229902
1788765300000,0.090058,0.090123,0.089518,0.089547,342529
1788766200000,0.089515,0.089832,0.089301,0.089502,471767