timestamp,open,high,low,close,volume
1784259000000,1857.9,1858.6,1854,1854.9,2778.1746
1784259900000,1855,1855,1851.5,1852.4,2277.908
1784260800000,1852.4,1852.6,1849.6,1850,1314.6663
1784261700000,1850,1851.1,1844,1847.2,2319.9409
1784262600000,1847.1,1850.2,1844,1848.7,2960.645
1784263500000,1848.7,1852.9,1848.7,1850.3,661.8863
1784264400000,1850.2,1850.3,1844.6,1847.9,885.9276
1784265300000,1847.9,1848.3,1837.3,1837.5,11658.6445
1784266200000,1837.5,1840,1831.3,1832.1,12881.8852
1784267100000,1832.2,1832.7,1821.6,1824.2,14816.6825
1784268000000,1824.1,1830.6,1820.9,1827.2,4132.5508
1784268900000,1827.4,1835.1,1825.9,1834.7,3903.6167
1784269800000,1834.4,1836.7,1832.5,1832.6,1625.4629
1784270700000,1832.7,1833.1,1830.6,1832.5,993.3143
1784271600000,1832.5,1832.7,1829.4,1829.9,1604.1872
1784272500000,1829.9,1832.1,1827.3,1831.8,3093.3102
1784273400000,1831.8,1833.5,1826.6,1830,3072.2825
1784274300000,1830.1,1831.1,1827.6,1828.1,5343.2609
1784275200000,1828.2,1830.8,1827.6,1830.2,4577.6614
1784276100000,1830.2,1830.3,1823.4,1825,12127.4884
1784277000000,1825.1,1827.6,1821,1827.5,3597.4252
1784277900000,1827.6,1832.3,1827.4,1829.8,2708.0436
1784278800000,1829.8,1832.4,1829,1832.4,1856.8839
1784279700000,1832.4,1832.5,1829.4,1831.5,1257.0705
1784280600000,1831.5,1835.4,1830.7,1834.8,1146.2921
1784281500000,1834.9,1836.3,1832.3,1834.8,7370.4745
1784282400000,1834.9,1839.4,1834.2,1838.6,5953.1636
1784283300000,1838.6,1840.5,1836.5,1837.5,4512.2618
1784284200000,1837.5,1839.4,1836.6,1838.4,1017.5194
1784285100000,1838.5,1838.7,1836.6,1836.8,874.6907
1784286000000,1836.8,1838.1,1834.4,1834.5,1307.6575
1784286900000,1834.4,1836.8,1832.9,1836.3,2734.6788
1784287800000,1836.3,1842.4,1835.4,1841.4,3242.7888
1784288700000,1841.4,1842.7,1838.6,1838.7,3170.8
1784289600000,1838.7,1839.9,1835.4,1835.7,1421.164
1784290500000,1835.7,1837,1832.5,1833.6,2145.5499
1784291400000,1833.7,1834.5,1827.9,1829,5422.402
1784292300000,1829.1,1830.3,1827.1,1828,2559.2612
1784293200000,1828,1828.5,1807.8,1813.7,31576.3317
1784294100000,1813.8,1818.6,1812.4,1815.5,3373.9672
1784295000000,1815.6,1818.4,1803.3,1807,21331.8001
1784295900000,1806.7,1827.3,1805.2,1825.2,7931.4954
1784296800000,1825.2,1834.1,1823.3,1829.3,8767.4796
1784297700000,1829.2,1832.9,1822,1823.4,4152.2454
1784298600000,1823.5,1826.9,1817,1822,4458.4039
1784299500000,1821.9,1824.3,1817.2,1822,1045.1557
1784300400000,1822,1822.1,1810.8,1813.6,8392.5818
1784301300000,1813.5,1821.7,1812.3,1821.5,2710.216
1784302200000,1821.6,1826.3,1816.6,1823.8,5722.1731
1784303100000,1823.7,1831.9,1822.2,1830.8,4587.642
1784304000000,1830.8,1834.9,1826.6,1831.8,4905.4628
1784304900000,1831.9,1837,1830.7,1835.7,1823.8831
1784305800000,1835.6,1838.2,1832.5,1837.9,3426.7274
1784306700000,1838.2,1840.7,1835.8,1836.1,3200.3742
1784307600000,1836.1,1856.3,1836.1,1847,8976.9892
1784308500000,1846.8,1849.4,1843.3,1847.1,3747.0057
1784309400000,1847.1,1848.4,1843.3,1844.8,1765.2945
1784310300000,1844.7,1848.2,1842,1843.8,8566.9968
1784311200000,1843.8,1844.4,1840.6,1842.9,661.1529
1784312100000,1842.9,1842.9,1835,1837.2,1848.0864
1784313000000,1837.2,1843.3,1837.1,1843.3,3795.9597
1784313900000,1843.2,1849.6,1843,1847.2,2244.7903
1784314800000,1847.1,1847.1,1840,1840.4,1368.6517
1784315700000,1839.9,1841.1,1836,1840.9,1743.7358
1784316600000,1840.9,1845.2,1840.4,1844.9,869.4061
1784317500000,1844.9,1845.9,1843.1,1843.6,1802.1708
1784318400000,1843.8,1843.8,1837.2,1839.1,2134.6626
1784319300000,1839,1841.5,1838.5,1841,974.9978
1784320200000,1840.7,1841.9,1838,1841.9,771.0785
1784321100000,1842,1846.1,1841.5,1842.8,8477.4889
1784322000000,1842.8,1845.6,1842.8,1844.9,1273.226
1784322900000,1844.9,1846.8,1844.6,1845,3073.195
1784323800000,1845.1,1845.1,1841.3,1842,805.5047
1784324700000,1842,1842.9,1841,1841.4,1558.0384
1784325600000,1841.5,1843.8,1840.5,1842.2,799.7996
1784326500000,1841.9,1841.9,1839,1839.3,1051.1883
1784327400000,1839.2,1840.1,1838,1838.2,355.1492
1784328300000,1838.3,1840,1837.7,1839.9,394.5985
1784329200000,1839.9,1840,1835.1,1836.6,1603.2468
1784330100000,1836.6,1841,1836.6,1840.9,2133.6981
1784331000000,1841,1844.6,1840.8,1843.2,1562.6041
1784331900000,1842.8,1843.4,1841.5,1841.6,839.0924
1784332800000,1841.6,1843.4,1840,1843.1,617.8294
1784333700000,1843.2,1844.8,1842.3,1843.2,944.4685
1784334600000,1843.3,1843.3,1840,1841.1,804.3689
1784335500000,1841.3,1843.3,1840.4,1840.7,560.7398
1784336400000,1840.8,1840.9,1839.4,1840.5,687.8512
1784337300000,1840.6,1843.1,1839.3,1843.1,538.2731
1784338200000,1843,1843.1,1839.8,1841.5,447.5581
1784339100000,1841.5,1843,1841.5,1842.5,596.179
1784340000000,1842.6,1844.2,1841.5,1843.8,7965.556
1784340900000,1843.8,1845.3,1842.8,1844.1,10003.1248
1784341800000,1844.1,1846.6,1842.6,1842.6,751.304
1784342700000,1842.8,1843.4,1841.8,1842.1,448.313
1784343600000,1842,1844.1,1841.6,1842.8,204.2814
1784344500000,1843,1844.4,1842.9,1843.5,146.2618
1784345400000,1843.5,1844.3,1842.9,1843.2,218.6244
1784346300000,1843.2,1846.5,1842.7,1846,606.9315
1784347200000,1846.1,1846.2,1844.8,1844.9,2064.122
1784348100000,1844.9,1844.9,1843,1844.8,239.854
1784349000000,1844.7,1844.7,1842.8,1843.6,666.8786
1784349900000,1843.7,1845.2,1843.7,1845.1,180.5474
1784350800000,1845,1845.2,1843.7,1843.8,783.7761
1784351700000,1843.7,1846.8,1843.4,1846,857.1562
1784352600000,1846,1849.1,1845.9,1846.2,544.0982
1784353500000,1846.2,1849.5,1845.3,1846,1744.2887
1784354400000,1846,1846.6,1844.8,1844.8,415.169
1784355300000,1844.9,1848,1844.6,1846.1,1715.0494
1784356200000,1846,1846.3,1843.2,1844.8,1129.5308
1784357100000,1844.9,1845.6,1844.6,1845.2,84.8019
1784358000000,1845.1,1846.2,1843.3,1843.4,422.4643
1784358900000,1843.4,1845,1843.3,1844.9,218.5139
1784359800000,1844.9,1845.7,1844.7,1845.3,893.9535
1784360700000,1845.3,1845.6,1843.7,1844.5,255.622
1784361600000,1844.4,1845.4,1842.5,1844.8,4424.8454
1784362500000,1844.9,1847.2,1844.5,1846.7,8357.7057
1784363400000,1846.8,1849.6,1846.8,1847,5810.6412
1784364300000,1847,1848.2,1846.9,1847.5,3932.9353
1784365200000,1847.6,1848.3,1846.4,1846.5,2625.7638
1784366100000,1846.5,1846.6,1843,1843.7,497.7812
1784367000000,1843.8,1845.5,1843.6,1845.4,207.839
1784367900000,1845.5,1845.8,1845.2,1845.3,46.7958
1784368800000,1845.3,1845.8,1844.9,1844.9,53.2472
1784369700000,1845,1846.6,1844.6,1846.5,262.1277
1784370600000,1846.6,1846.8,1843.8,1844.3,4082.0943
1784371500000,1844.4,1845.6,1844.3,1845.5,206.4408
1784372400000,1845.6,1845.7,1844.8,1844.9,169.3007
1784373300000,1845,1845.7,1844.9,1845.5,197.479
1784374200000,1845.6,1845.6,1844.2,1844.7,655.6302
1784375100000,1844.8,1846.4,1844.7,1845.5,448.4847
1784376000000,1845.5,1850.7,1845.5,1846.7,1020.0027
1784376900000,1846.8,1846.9,1841,1841.2,2690.0073
1784377800000,1841.2,1844.8,1840.5,1844.6,988.2033
1784378700000,1844.7,1847.4,1844.3,1845.1,2773.3405
1784379600000,1845.1,1845.1,1837.6,1838.9,3478.024
1784380500000,1839.2,1841.3,1837.4,1841.3,990.8184
1784381400000,1841.3,1842.7,1840.1,1841.4,2444.4707
1784382300000,1841.4,1842.2,1840.6,1841.4,831.8854
1784383200000,1841.6,1844,1840.6,1843.2,490.3768
1784384100000,1843.2,1845.4,1842.3,1845.4,554.6538
1784385000000,1845.4,1846.5,1844.9,1845.8,1088.969
1784385900000,1845.8,1846,1844.4,1845.7,927.4065
1784386800000,1845.7,1846.3,1843.5,1844.2,768.3662
1784387700000,1844.1,1845.7,1843.5,1843.5,367.7736
1784388600000,1843.5,1844.3,1843,1843.4,442.4652
1784389500000,1843.3,1845.5,1842,1843.9,660.8985
1784390400000,1843.8,1844.1,1841.9,1844,363.8777
1784391300000,1844,1844.5,1842.6,1843.5,129.1746
1784392200000,1843.5,1845.1,1842.6,1843.4,231.925
1784393100000,1843.3,1847.1,1841.7,1845.9,600.8568
1784394000000,1846,1846.5,1844.9,1845.9,550.6174
1784394900000,1845.9,1848.5,1843.6,1843.9,1955.1881
1784395800000,1843.8,1850,1843.8,1849.5,1017.3433
1784396700000,1849.4,1853.4,1849,1852.8,3342.1632
1784397600000,1852.7,1853.2,1850.4,1850.4,1853.0425
1784398500000,1850.4,1867.1,1850.2,1859.5,12115.6854
1784399400000,1859.4,1859.7,1854.7,1855.4,4705.5663
1784400300000,1855.3,1859.4,1855.3,1857.2,15182.6666
1784401200000,1857.1,1860.8,1857.1,1859.6,13502.0667
1784402100000,1859.5,1861.7,1856.4,1857.3,5916.6006
1784403000000,1857.3,1859.4,1856.4,1858.1,8148.5162
1784403900000,1858,1859,1857.5,1858.7,1529.9046
1784404800000,1858.6,1860.4,1857.5,1859.9,887.4056
1784405700000,1859.9,1863.3,1859.6,1859.7,1651.9499
1784406600000,1859.7,1859.8,1856.8,1857.8,476.5226
1784407500000,1857.8,1858.1,1855.7,1857.5,377.0464
1784408400000,1857.4,1862.1,1856.2,1862.1,2090.8621
1784409300000,1862.1,1863,1859.6,1860.1,478.3919
1784410200000,1859.9,1860,1858,1858.4,992.4348
1784411100000,1858.4,1863.2,1857,1861.4,723.9104
1784412000000,1861.3,1865.9,1860.2,1863.6,1412.7774
1784412900000,1863.5,1864.9,1861.6,1861.6,1094.394
1784413800000,1861.6,1863.2,1860.7,1862.9,564.4836
1784414700000,1862.8,1864.9,1861.9,1863.9,1102.7192
1784415600000,1863.9,1864.6,1860.3,1860.8,1572.7566
1784416500000,1860.7,1863.8,1860.5,1863.5,183.4516
1784417400000,1863.4,1863.5,1861.3,1862,213.3977
1784418300000,1862,1863.1,1861.3,1863,215.1925
1784419200000,1863,1863.7,1862.4,1862.7,444.4959
1784420100000,1862.6,1863.5,1859.6,1859.7,1000.4565
1784421000000,1859.7,1861.4,1859.5,1859.8,813.2045
1784421900000,1859.8,1863.3,1859.8,1861.7,422.2547
1784422800000,1861.6,1861.9,1859.8,1860.5,540.9869
1784423700000,1860.4,1861.3,1859.8,1860.2,413.6706
1784424600000,1860.1,1860.6,1858.9,1859.3,316.5561
1784425500000,1859.3,1860.2,1858.9,1859.3,576.9785
1784426400000,1859.3,1872.8,1858.6,1870.6,3961.7669
1784427300000,1870.6,1873.1,1867.7,1868.6,1802.1836
1784428200000,1868.5,1877.7,1868.5,1873.3,4416.1233
1784429100000,1873.3,1874.6,1871.4,1871.8,389.8243
1784430000000,1871.8,1873.4,1868.3,1868.3,552.7723
1784430900000,1868.3,1868.4,1864,1865.6,1025.8622
1784431800000,1865.6,1867.1,1865.2,1865.8,623.3795
1784432700000,1865.7,1867.7,1864.8,1867.7,910.8426
1784433600000,1867.7,1868.8,1864.5,1865.7,903.0616
1784434500000,1865.7,1867.3,1865.5,1867.1,4468.7953
1784435400000,1867,1870.4,1866.2,1868.6,3774.7788
1784436300000,1868.6,1870.4,1867,1867.8,632.7511
1784437200000,1867.9,1870.5,1867.9,1870.5,647.8188
1784438100000,1870.4,1870.5,1868.3,1868.6,309.4499
1784439000000,1868.5,1868.6,1866,1867.9,384.1488
1784439900000,1867.8,1870.6,1867.8,1869,360.3874
1784440800000,1868.9,1870.2,1868.6,1870,424.4675
1784441700000,1869.8,1871.1,1869,1869.7,367.3137
1784442600000,1869.7,1871.7,1868.9,1870.5,281.0744
1784443500000,1870.5,1870.6,1869,1869.7,529.4425
1784444400000,1869.5,1869.6,1867.1,1868.1,246.2358
1784445300000,1868,1869.7,1867.7,1869.7,1912.9992
1784446200000,1869.6,1872.1,1868.8,1871.2,475.9972
1784447100000,1871.1,1871.3,1868.9,1870.2,1029.2224
1784448000000,1870.1,1871.2,1868.5,1870.7,270.6474
1784448900000,1870.2,1870.5,1867.9,1869.1,433.4053
1784449800000,1869,1871.2,1867.8,1870.7,295.6387
1784450700000,1870.6,1875.4,1870.6,1873.8,2033.8214
1784451600000,1873.8,1874,1871.2,1871.3,441.0826
1784452500000,1871.3,1871.3,1866.2,1868.7,1065.9357
1784453400000,1868.7,1870.4,1865.8,1866.6,471.2648
1784454300000,1866.6,1868.1,1865.4,1866.4,1008.3429
1784455200000,1866.2,1867.6,1864.3,1866.5,354.9015
1784456100000,1866.4,1868.6,1866.3,1868.4,1069.0484
1784457000000,1868.3,1872.7,1867.3,1872.2,8483.7533
1784457900000,1872.3,1879.2,1872.3,1872.6,1492.1214
1784458800000,1872.6,1877,1870.4,1875.5,756.3021
1784459700000,1875.5,1878.9,1874.7,1876.2,1818.3056
1784460600000,1876.2,1877.6,1874.4,1875.4,944.8316
1784461500000,1875.3,1875.8,1870.7,1871.5,458.3593
1784462400000,1871.4,1871.7,1865.1,1865.2,1208.698
1784463300000,1865.1,1874.7,1864.6,1868.7,3106.7223
1784464200000,1869.1,1874.9,1869.1,1871.6,1228.5725
1784465100000,1871.3,1872,1869,1870.7,1291.4815
1784466000000,1870.7,1870.9,1866.6,1867.7,924.6435
1784466900000,1867.7,1869.6,1866.4,1869.5,311.6804
1784467800000,1869.5,1873.1,1868.7,1869.9,437.4581
1784468700000,1869.9,1874.1,1869.8,1872.4,868.8501
1784469600000,1872.4,1874.7,1871.5,1873.9,446.496
1784470500000,1873.8,1874.5,1869,1871.9,1648.1621
1784471400000,1872,1876.3,1871.6,1874,839.0811
1784472300000,1874.1,1879,1873.9,1875.1,1010.1551
1784473200000,1875,1876.2,1873.6,1875,1632.1748
1784474100000,1875,1875.6,1869.6,1870,1232.4197
1784475000000,1870,1874.3,1869.9,1872.9,2451.5164
1784475900000,1872.7,1873.1,1870.8,1871.4,480.5286
1784476800000,1871.3,1874.1,1868.7,1871,961.3876
1784477700000,1870.9,1872.6,1869.6,1870.3,623.3834
1784478600000,1870.4,1870.4,1867.6,1868.7,4828.8014
1784479500000,1868.7,1869.7,1866.1,1867.2,7317.2335
1784480400000,1867.2,1871.9,1858.1,1871.8,5107.7723
1784481300000,1871.8,1873.7,1867.8,1870,4762.936
1784482200000,1869.7,1873.6,1869,1869.5,2249.5161
1784483100000,1869.6,1870,1867.4,1867.4,904.3573
1784484000000,1867.4,1867.8,1853.5,1863,7945.4782
1784484900000,1862.7,1863.3,1858,1858.1,2076.2731
1784485800000,1858,1861.3,1856.8,1859.7,1422.1463
1784486700000,1859.7,1860.7,1857.9,1860.7,612.9932
1784487600000,1860.8,1861.5,1854.5,1859.8,8725.5778
1784488500000,1859.9,1860.6,1858.9,1860.2,536.941
1784489400000,1860.2,1860.9,1858.4,1858.9,758.527
1784490300000,1858.9,1862.5,1858.7,1862.2,414.1935
1784491200000,1862.3,1866.1,1862.2,1863.5,2478.3587
1784492100000,1863.8,1864.5,1862,1863.9,1079.2609
1784493000000,1864,1866,1863.6,1865.3,737.089
1784493900000,1865.3,1867,1863.9,1867,521.4553
1784494800000,1867,1867.8,1865,1867,1100.3768
1784495700000,1866.9,1866.9,1862.5,1864.1,1484.3961
1784496600000,1864.2,1864.2,1857.5,1859.2,1599.2904
1784497500000,1859,1861.8,1858.8,1861.8,1472.6662
1784498400000,1861.8,1871.5,1857.1,1869,10525.8668
1784499300000,1869.1,1877.1,1869,1871.3,3428.6265
1784500200000,1871.4,1875.2,1867.7,1874.6,1979.6386
1784501100000,1874.6,1874.6,1869.7,1870.5,1407.1351
1784502000000,1870.6,1871.2,1864.9,1870.8,3285.8084
1784502900000,1871,1871.4,1868,1869,905.5297
1784503800000,1869.1,1874.1,1868.1,1874,791.2734
1784504700000,1874,1874.7,1869.6,1872.2,1463.1884
1784505600000,1872.2,1890.5,1866.7,1888.2,15280.593
1784506500000,1888,1892,1877.4,1880.2,6591.0017
1784507400000,1880.2,1885.7,1876.7,1881.2,2234.5534
1784508300000,1881.2,1881.2,1862.5,1872.3,4991.5767
1784509200000,1872.3,1889.8,1870.6,1880,4689.0989
1784510100000,1880.1,1884.9,1873.2,1880.8,2501.6462
1784511000000,1880.8,1881.2,1870.3,1873.8,11814.3385
1784511900000,1873.7,1874.8,1865.6,1869.1,2896.4416
1784512800000,1869.1,1882.4,1869,1877.3,8102.7274
1784513700000,1877.6,1878.3,1867.7,1871.7,2317.1657
1784514600000,1871.3,1880.2,1870.9,1877.3,1777.8392
1784515500000,1877.4,1883,1877,1878.7,1418.9749
1784516400000,1878.8,1880.9,1876.7,1880,957.0624
1784517300000,1879.8,1881.9,1870.6,1872.7,10110.6151
1784518200000,1872.5,1879.8,1871.7,1879.8,1446.3781
1784519100000,1879.9,1880.5,1876.4,1879.6,1370.5157
1784520000000,1879.6,1880,1872,1872.1,1921.5477
1784520900000,1872.4,1874.5,1868.2,1874,3595.069
1784521800000,1874,1878.5,1872.4,1876,1773.3207
1784522700000,1875.9,1877.2,1868.5,1868.6,1154.814
1784523600000,1868.7,1869.6,1851.6,1858.9,14021.971
1784524500000,1858.9,1864.3,1855.3,1858.9,12156.1613
1784525400000,1859,1860.5,1856.1,1858.3,2470.7255
1784526300000,1858.3,1858.4,1853.5,1854.7,9785.4032
1784527200000,1855.2,1857.3,1851.7,1856.8,13196.5165
1784528100000,1856.8,1859.6,1854.2,1856.7,14319.9153
1784529000000,1856.5,1856.9,1843,1847.9,21368.4754
1784529900000,1847.8,1850.7,1845.4,1849.1,4556.3714
1784530800000,1849.1,1853.9,1849.1,1852.7,9509.4257
1784531700000,1852.6,1859.4,1848.9,1857.8,22823.5852
1784532600000,1857.9,1862.5,1857.1,1862.5,2696.1617
1784533500000,1862.5,1865.2,1861.1,1863.9,1595.0274
1784534400000,1863.9,1866.6,1861.4,1864.6,1377.6094
1784535300000,1864.7,1868.1,1863.4,1863.9,2611.092
1784536200000,1863.7,1864.3,1853.8,1854.4,12656.0603
1784537100000,1854.5,1863,1854.4,1860,4534.5208
1784538000000,1860.2,1861.7,1857.5,1859.8,4214.0793
1784538900000,1859.7,1864,1859.7,1863.4,3961.2646
1784539800000,1863.4,1865.5,1862.6,1864.9,389.5322
1784540700000,1865,1867.1,1863.8,1863.9,430.4473
1784541600000,1863.9,1866.2,1862.5,1865.7,352.5844
1784542500000,1865.6,1871.5,1864.2,1870,887.9656
1784543400000,1869.8,1870.1,1867,1870.1,622.374
1784544300000,1869.7,1870.1,1868.3,1868.6,1710.8635
1784545200000,1868.6,1876.5,1867.9,1874.5,2012.7329
1784546100000,1874.8,1875.5,1872.4,1874.1,585.4886
1784547000000,1874.1,1894.8,1873.9,1887.4,13259.5213
1784547900000,1887.5,1896.6,1887,1893.1,12714.6098
1784548800000,1893.2,1893.5,1878.5,1880.3,8316.9559
1784549700000,1880.3,1881.5,1875.9,1877.2,1982.9634
1784550600000,1877.2,1878.3,1872.8,1873.2,3076.7089
1784551500000,1873.2,1875.8,1872.1,1873.6,3465.6526
1784552400000,1873.6,1875.3,1872.3,1873.1,2637.3375
1784553300000,1873.1,1875.4,1867.4,1869.4,9390.7863
1784554200000,1869.4,1880.3,1868.9,1876,10542.4508
1784555100000,1876.1,1877.5,1857,1862.1,22270.5864
1784556000000,1862.1,1865.5,1859,1860.9,2975.1772
1784556900000,1860.9,1867.5,1853,1867.3,14694.213
1784557800000,1867.3,1869.5,1863.3,1866,5623.4914
1784558700000,1866,1871.8,1862.9,1867.5,1717.2885
1784559600000,1867.7,1886,1867.2,1884.9,4353.8608
1784560500000,1884.9,1886.8,1881.9,1884.7,3877.9548
1784561400000,1884.8,1893.5,1881.3,1891,4528.1511
1784562300000,1891.2,1904.4,1891.2,1902,20966.0833
1784563200000,1902.1,1904.2,1893.5,1903.6,12316.7188
1784564100000,1903.6,1906,1896.7,1900.1,8700.1607
1784565000000,1900.2,1904,1896.6,1896.8,1969.2339
1784565900000,1896.9,1902.4,1895.7,1899,3943.4498
1784566800000,1899,1902.9,1896.7,1898.7,3535.8175
1784567700000,1898.7,1900.2,1895.3,1899.6,5156.6297
1784568600000,1899.6,1899.7,1896,1896.9,822.5043
1784569500000,1896.9,1909.1,1896.9,1907.5,3293.5725
1784570400000,1907.4,1917.5,1906.6,1914.6,7951.6157
1784571300000,1914.6,1918.1,1906.8,1908.2,4862.4998
1784572200000,1908.2,1908.2,1901.9,1901.9,5039.9403
1784573100000,1902,1902.8,1897.2,1899,8317.9439
1784574000000,1899,1899.5,1891.2,1891.2,3193.2339
1784574900000,1891.3,1897.4,1889.4,1896.2,5416.7333
1784575800000,1896.2,1897.8,1892.9,1896.8,1361.112
1784576700000,1896.9,1900.4,1895.7,1897.5,2925.0749
1784577600000,1897.8,1901.1,1895.4,1900.9,3415.3397
1784578500000,1900.9,1902.7,1899.6,1901,1402.2631
1784579400000,1901,1906.1,1900.9,1902.8,7450.3677
1784580300000,1903,1904.8,1902.3,1904.3,820.4941
1784581200000,1904.4,1907.2,1903.6,1904.9,2542.6152
1784582100000,1904.8,1906.7,1904.1,1904.3,373.1747
1784583000000,1904.4,1906.3,1904.2,1904.3,603.148
1784583900000,1904.6,1905.1,1901.6,1902.2,424.3363
1784584800000,1902,1902,1898.4,1899.5,953.0912
1784585700000,1899.5,1899.5,1895.4,1895.8,4393.823
1784586600000,1895.7,1897.2,1893.8,1894.4,1040.8809
1784587500000,1894.4,1895.3,1893.9,1895.1,971.3959
1784588400000,1895.1,1900.5,1894.6,1898.5,902.6596
1784589300000,1898.5,1902.9,1898.4,1902.7,622.5058
1784590200000,1902.8,1904.1,1900.4,1901.1,702.5289
1784591100000,1901.1,1904.4,1899.5,1904,656.8655
1784592000000,1904.1,1904.5,1900.2,1902.1,2182.4023
1784592900000,1902.1,1909.6,1901.1,1907,2309.1197
1784593800000,1907,1916.5,1906.9,1914.1,6046.6894
1784594700000,1914.1,1917.4,1914,1914.6,1758.0667
1784595600000,1914.3,1917.9,1911.9,1913.7,2525.0512
1784596500000,1913.6,1913.6,1909.4,1909.9,1285.6184
1784597400000,1909.9,1914.8,1908.3,1909.4,2668.9179
1784598300000,1909.4,1910.6,1906.6,1906.8,599.7055
1784599200000,1906.9,1913.8,1906.7,1909.2,2017.5863
1784600100000,1909.2,1909.2,1904.2,1907.3,1909.1973
1784601000000,1907.3,1913,1907.1,1911.9,1102.8958
1784601900000,1911.8,1923.2,1910.5,1917.2,10865.8775
1784602800000,1917.2,1928.1,1917,1924.7,7998.149
1784603700000,1924.8,1928.3,1922.6,1924.7,7232.7762
1784604600000,1924.8,1928.4,1922.9,1926.7,15158.7602
1784605500000,1926.7,1928.5,1924.5,1927.1,2593.4988
1784606400000,1927.1,1931.5,1925.4,1926.4,4735.7617
1784607300000,1926.4,1926.6,1923.3,1923.5,1533.6175
1784608200000,1923.5,1925.6,1922.9,1924.8,2095.3125
1784609100000,1924.9,1925.8,1923.7,1924.6,2417.8129
1784610000000,1924.6,1926.4,1921.8,1923.2,11373.592
1784610900000,1923.3,1926.3,1921.9,1925,2989.2348
1784611800000,1925,1927.3,1923.4,1926.7,3257.5805
1784612700000,1926.7,1935,1925.8,1930.6,5790.3333
1784613600000,1930.7,1934.2,1927.9,1932.1,5600.1673
1784614500000,1932.1,1934.3,1929.7,1932.1,13983.5894
1784615400000,1932.2,1939.6,1931.8,1937.5,6880.8786
1784616300000,1937.5,1938.3,1933.3,1934.6,6504.1756
1784617200000,1934.5,1936.1,1933.7,1935.5,1201.1328
1784618100000,1935.4,1938.1,1933.6,1934.9,1200.3195
1784619000000,1935,1939.6,1934.3,1934.4,1675.4391
1784619900000,1934.4,1936.3,1933.3,1933.9,1880.0869
1784620800000,1933.8,1937.7,1931.4,1937.4,5979.7037
1784621700000,1937.7,1952,1936.9,1939.7,17119.4609
1784622600000,1939.7,1942.3,1938,1941.8,4595.034
1784623500000,1941.9,1942.3,1938.5,1939.4,2763.1834
1784624400000,1939.5,1939.6,1936.4,1939.6,2187.8316
1784625300000,1939.6,1940.5,1937.8,1938,1469.4783
1784626200000,1938.1,1941.3,1937.9,1939.2,710.642
1784627100000,1939.3,1943,1939.3,1941.6,1818.1473
1784628000000,1941.6,1946.3,1941.4,1944.6,1561.463
1784628900000,1944.6,1945,1941.3,1941.6,2190.685
1784629800000,1941.6,1942.9,1938.4,1939.3,4818.2028
1784630700000,1939.1,1940.3,1931.5,1933.5,1732.6332
1784631600000,1933.6,1933.9,1928.7,1929.5,2701.093
1784632500000,1929.6,1930.7,1926.6,1928.8,1624.8623
1784633400000,1928.9,1934.4,1928.9,1934.4,1390.149
1784634300000,1934.4,1937,1934.1,1935.4,1252.1894
1784635200000,1935.4,1938.7,1932.6,1935.7,1431.5555
1784636100000,1935.8,1943.1,1933.5,1939.9,2543.851
1784637000000,1939.9,1945,1939,1941.7,4937.7161
1784637900000,1941.6,1943.6,1939.7,1942.7,626.138
1784638800000,1942.5,1943.2,1940.3,1941.8,925.746
1784639700000,1941.8,1942.3,1935.3,1936.6,4499.9627
1784640600000,1936.8,1937.4,1927.4,1928.1,3518.28
1784641500000,1928.2,1941,1928.2,1939.9,3969.0929
1784642400000,1940,1943.6,1935.9,1940.7,3876.8537
1784643300000,1941,1941,1927.6,1931.8,3958.4992
1784644200000,1931.8,1936.2,1930.1,1935.3,12541.5992
1784645100000,1935.3,1937.5,1930.9,1930.9,4439.5467
1784646000000,1930.9,1930.9,1925,1927.1,18048.5359
1784646900000,1927,1930,1925,1925.5,5415.8051
1784647800000,1925.6,1929.3,1922.9,1926.8,12277.375
1784648700000,1926.8,1932.2,1925.6,1931.7,7365.9847
1784649600000,1931.6,1935.3,1929.5,1930.1,9713.7236
1784650500000,1930.1,1930.2,1923.8,1923.9,9599.4426
1784651400000,1923.8,1927.1,1922.7,1924,6158.3981
1784652300000,1924.1,1927.8,1920.8,1925.9,6337.6969
1784653200000,1925.7,1928.2,1925.1,1925.8,8104.8769
1784654100000,1925.8,1926.6,1922.2,1924.7,1318.1698
1784655000000,1924.6,1927,1923.2,1927,2642.2966
1784655900000,1927,1927,1915.5,1918.4,11237.814
1784656800000,1918.4,1922.8,1915,1920.8,7173.7111
1784657700000,1920.6,1921.3,1917.3,1919.7,2935.7766
1784658600000,1919.7,1921.9,1914.8,1921.2,1947.5389
1784659500000,1921.2,1921.8,1918.8,1919.6,1257.8079
1784660400000,1919.7,1923.2,1918.2,1919.3,15313.1496
1784661300000,1919.3,1924.3,1918.9,1923.9,1573.8466
1784662200000,1923.9,1926.1,1922.6,1923.7,5627.4522
1784663100000,1923.6,1925.6,1922.1,1923,4305.0221
1784664000000,1923,1923.7,1921.2,1922,1272.2426
1784664900000,1922,1922.6,1921.1,1922.6,584.0956
1784665800000,1922.6,1925.8,1922.5,1924.5,1033.2896
1784666700000,1924.5,1924.5,1922.4,1922.5,1367.3285
1784667600000,1922.6,1922.6,1919.3,1922.6,1071.739
1784668500000,1922.6,1924.5,1921.6,1923.6,1350.4228
1784669400000,1923.6,1926.5,1923.6,1926,1953.0554
1784670300000,1926,1926,1923.3,1923.9,1045.3236
1784671200000,1923.9,1923.9,1921,1922.3,965.0687
1784672100000,1922.3,1922.3,1919.6,1921.1,1588.2607
1784673000000,1921.3,1922.9,1920,1920.9,4337.6845
1784673900000,1920.8,1920.9,1917.5,1920.3,1635.0291
1784674800000,1920.2,1920.2,1916.1,1917.2,923.9832
1784675700000,1917.1,1921.9,1917.1,1921.9,1051.8391
1784676600000,1921.9,1924.4,1920.6,1923.5,1001.7453
1784677500000,1923.5,1931,1921.4,1929.5,10654.4086
1784678400000,1929.5,1937.9,1928.3,1937.5,4716.2494
1784679300000,1937.5,1943.8,1935.7,1936.8,13098.116
1784680200000,1936.8,1942.3,1934.5,1939.4,3926.7895
1784681100000,1939.5,1941.2,1935.9,1938.4,3806.6859
1784682000000,1938.5,1940,1934,1934.2,4772.7715
1784682900000,1934.2,1934.7,1927.8,1931.1,5406.0144
1784683800000,1931.1,1935,1928.6,1932.7,3639.7305
1784684700000,1932.8,1937.2,1931.5,1933.2,1230.0389
1784685600000,1933.2,1934.2,1929,1933.1,1009.8217
1784686500000,1933.1,1935.9,1931.7,1932.1,985.7006
1784687400000,1931.9,1931.9,1926.6,1929.8,3488.5918
1784688300000,1929.8,1931.2,1928,1930.1,1669.5481
1784689200000,1930.1,1933.5,1926.6,1926.7,4456.6141
1784690100000,1926.7,1932.7,1926.7,1931.8,3827.9919
1784691000000,1931.8,1932.9,1928.8,1931.8,3590.2827
1784691900000,1931.8,1936,1927.4,1928.5,6481.6041
1784692800000,1928.5,1934.3,1928,1934.2,5935.9072
1784693700000,1934.2,1937.6,1933.8,1935.5,5712.3896
1784694600000,1935.5,1939.4,1934,1939.1,4764.4925
1784695500000,1939.1,1939.5,1936,1936.7,2554.0908
1784696400000,1936.7,1936.9,1932,1932.4,642.4614
1784697300000,1932.5,1932.6,1922.1,1922.9,3870.9822
1784698200000,1922.8,1925.7,1919.2,1920.4,10494.0416
1784699100000,1920.3,1922,1918,1919,1239.7374
1784700000000,1919.1,1920.6,1916.6,1919.3,1394.2001
1784700900000,1919.3,1919.3,1913,1914.1,2810.4586
1784701800000,1914.2,1919.2,1912.9,1917.7,2635.9968
1784702700000,1917.7,1918.5,1915.6,1917.1,1435.9958
1784703600000,1917.1,1918.3,1915.5,1916,864.5392
1784704500000,1915.9,1918.1,1912.8,1918,1893.4227
1784705400000,1918,1918.4,1910.4,1912.4,3856.2976
1784706300000,1912.3,1914,1910.5,1913.8,1115.6552
1784707200000,1913.8,1922.9,1913.5,1920.4,2256.8988
1784708100000,1920.4,1924.7,1919.5,1921.1,2520.4328
1784709000000,1921.1,1923,1918.6,1918.6,814.807
1784709900000,1918.6,1921,1918.6,1920.9,541.3391
1784710800000,1920.8,1925.7,1920.4,1923.9,881.8479
1784711700000,1923.8,1925.7,1923.6,1924.8,828.6223
1784712600000,1924.8,1924.8,1919.1,1921,740.7212
1784713500000,1921,1924.3,1919.4,1924.1,526.2975
1784714400000,1924,1925.1,1922.8,1923.9,632.0162
1784715300000,1924,1928.2,1922.8,1927.9,631.4722
1784716200000,1928,1931.3,1926.7,1930.7,1725.6103
1784717100000,1930.7,1933.3,1930.1,1930.5,1694.8457
1784718000000,1930.4,1931.1,1928.4,1928.6,764.3321
1784718900000,1928.5,1929.7,1926.7,1928,430.7009
1784719800000,1927.9,1928.8,1922.3,1922.8,767.4186
1784720700000,1922.4,1927.5,1922.2,1927,1527.2423
1784721600000,1927,1927.2,1922.3,1925.7,638.3767
1784722500000,1925.8,1926.9,1922.4,1923.3,988.8192
1784723400000,1923.4,1925,1920.3,1921,3204.0152
1784724300000,1920.8,1922.6,1913.4,1916.6,3940.5133
1784725200000,1916.7,1921.2,1916.7,1919.8,2214.681
1784726100000,1919.7,1922,1918.6,1921.6,825.5249
1784727000000,1921.3,1938.6,1921.3,1936.7,9806.5888
1784727900000,1936.7,1941.4,1934.7,1939.7,6295.9342
1784728800000,1939.6,1955,1937.7,1941.5,15744.3418
1784729700000,1941.4,1941.4,1922.2,1924.5,10613.2136
1784730600000,1924.5,1934.9,1923.2,1927.1,4360.661
1784731500000,1927.2,1933,1926.4,1933,2419.5829
1784732400000,1933,1943,1932.8,1942,3992.3066
1784733300000,1941.8,1951.9,1940.7,1947.9,29239.8512
1784734200000,1947.9,1948.6,1939.8,1943.8,18283.0181
1784735100000,1943.9,1946.1,1940.2,1942.1,8228.7553
1784736000000,1942.1,1946.5,1938.7,1944,10331.9126
1784736900000,1943.9,1943.9,1935.1,1939,12819.788
1784737800000,1939,1955.9,1938.5,1950.5,24533.4313
1784738700000,1950.6,1951.4,1946.3,1949.2,2287.893
1784739600000,1949.3,1949.7,1945,1945.3,3181.2662
1784740500000,1945.3,1945.8,1934.1,1936,6900.636
1784741400000,1936,1944.4,1936,1944.1,5861.1122
1784742300000,1944,1946,1937.4,1937.8,8509.2543
1784743200000,1937.9,1939.2,1933,1935.2,9612.0858
1784744100000,1935.1,1938.7,1932,1932.8,12582.2127
1784745000000,1932.8,1932.8,1922.4,1924.9,22801.0752
1784745900000,1924.9,1931.6,1923.8,1930.1,5621.5952
1784746800000,1930,1931.1,1919.3,1923.6,16489.542
1784747700000,1923.4,1927.8,1923.2,1926.2,7948.539
1784748600000,1926.1,1927.8,1924,1924.1,2517.1212
1784749500000,1924.1,1925.8,1923.1,1924.3,2248.8109
1784750400000,1924.1,1928.3,1922.2,1928.1,4206.4563
1784751300000,1928.1,1929.5,1926.2,1927,4207.7561
1784752200000,1926.9,1928.3,1925.6,1927.3,463.5904
1784753100000,1927.2,1927.4,1925.2,1925.8,1327.8787
1784754000000,1925.7,1928.8,1925.7,1926.6,5393.8441
1784754900000,1926.5,1928.4,1926.1,1927.4,1088.6774
1784755800000,1927.3,1935,1926.9,1934.6,2944.9453
1784756700000,1934.5,1938.7,1932.9,1937.8,3650.5863
1784757600000,1937.8,1938,1933.5,1935.3,5719.4447
1784758500000,1935.2,1935.4,1932.2,1935.3,838.0636
1784759400000,1935.2,1935.3,1929.9,1932.2,648.6627
1784760300000,1932.2,1938,1932.2,1937.5,704.6575
1784761200000,1937.4,1937.7,1922.8,1924.9,6686.7767
1784762100000,1924.8,1929.8,1922.7,1928.2,6891.0023
1784763000000,1928.3,1929.8,1927.7,1929.2,1211.6096
1784763900000,1929,1933.8,1928.8,1933.4,714.7494
1784764800000,1933.5,1937,1932.7,1934.3,7695.0538
1784765700000,1934.3,1941,1931.6,1937.9,10195.4322
1784766600000,1938,1939.2,1935.2,1935.2,700.1626
1784767500000,1935.2,1936.6,1931.8,1931.8,1028.0974
1784768400000,1931.7,1935.8,1930.6,1932.7,4438.182
1784769300000,1932.7,1934.7,1927.9,1933.4,16350.2993
1784770200000,1933.5,1933.9,1925.8,1927.7,13359.8934
1784771100000,1927.7,1929.4,1927.3,1928,2113.6498
1784772000000,1927.9,1929.3,1924.8,1925,3158.4068
1784772900000,1925,1925.9,1921.5,1923.9,2834.8127
1784773800000,1923.8,1927.4,1923.5,1925.4,1871.8494
1784774700000,1925.4,1927.6,1925.2,1927.1,1703.1136
1784775600000,1927.1,1927.3,1919.8,1921.4,2063.4964
1784776500000,1921.1,1923.8,1919.7,1921.8,9371.451
1784777400000,1921.7,1924.2,1920.7,1922.1,1625.072
1784778300000,1922,1922.1,1917.3,1919.7,3772.7996
1784779200000,1919.7,1921.7,1918,1921.7,1502.0645
1784780100000,1921.7,1925.3,1920.7,1924.6,1388.8563
1784781000000,1924.6,1924.6,1921.4,1921.8,873.4316
1784781900000,1921.7,1923,1917.9,1918.8,2540.3172
1784782800000,1918.8,1920.3,1917.4,1919.1,1048.7703
1784783700000,1919.1,1924.8,1917.7,1924.8,1516.9991
1784784600000,1924.8,1927.8,1924,1924.6,1444.5054
1784785500000,1924.6,1925.1,1920.5,1922,502.1182
1784786400000,1922.1,1922.6,1920.5,1922.3,218.5019
1784787300000,1922.4,1925.5,1921.1,1925.5,1130.3537
1784788200000,1925.4,1926,1923.5,1925.3,504.6879
1784789100000,1925.2,1926.2,1924,1924.3,1800.559
1784790000000,1924.4,1924.5,1913.1,1917,11328.9947
1784790900000,1917,1917,1913.6,1915,1858.571
1784791800000,1915.2,1915.9,1912.5,1912.6,1896.762
1784792700000,1912.5,1915.3,1912,1914.9,2269.2306
1784793600000,1914.8,1919.8,1913.8,1919,2243.3258
1784794500000,1919,1922.2,1918,1921,1594.8704
1784795400000,1921.1,1926.7,1921.1,1925.3,9259.2773
1784796300000,1925.3,1926.8,1924,1926,2838.2436
1784797200000,1925.9,1930.3,1924.4,1928.5,4442.2122
1784798100000,1928.6,1930.7,1927.2,1928.9,6131.164
1784799000000,1928.9,1929.3,1927.1,1928.7,765.8804
1784799900000,1928.6,1928.9,1922.8,1923.4,4676.611
1784800800000,1923.4,1925.7,1921.4,1925.6,702.4332
1784801700000,1925.7,1927.8,1924.8,1927.3,2375.3806
1784802600000,1927.4,1928.8,1927.4,1928.7,628.1874
1784803500000,1928.7,1929.6,1927.2,1927.3,571.0612
1784804400000,1927.4,1927.5,1924.4,1927.4,5401.1591
1784805300000,1927.5,1928.3,1924.7,1925.4,768.5934
1784806200000,1925.4,1926.1,1924.1,1925,603.3158
1784807100000,1925.1,1927.3,1924.3,1925,1325.0471
1784808000000,1925,1927.1,1921.2,1922.8,2462.3853
1784808900000,1922.8,1923.4,1917.2,1918.5,6941.9069
1784809800000,1918.1,1918.1,1902.3,1903.7,21988.9401
1784810700000,1903.7,1904.9,1893.3,1903.4,11637.8469
1784811600000,1903.4,1906.5,1896.7,1897.6,3297.7618
1784812500000,1897.6,1900.6,1894.6,1897.3,4425.8814
1784813400000,1897.2,1907.8,1897,1907.1,17272.4135
1784814300000,1907,1908.3,1898,1898.1,5358.2526
1784815200000,1898.1,1903.8,1895.7,1901.6,6123.5424
1784816100000,1901.6,1906.5,1899.7,1903,2544.4116
1784817000000,1903.2,1906,1898.4,1898.9,4021.5761
1784817900000,1899,1900.6,1891.3,1895.7,12656.5116
1784818800000,1895.6,1895.6,1882,1883.5,11712.9441
1784819700000,1883.5,1895.9,1883,1892,10894.5074
1784820600000,1892.1,1893.1,1888.8,1890.1,2925.6395
1784821500000,1890.1,1896.7,1889.5,1894.7,1893.1672
1784822400000,1894.6,1894.7,1885,1889.5,3424.2783
1784823300000,1889.5,1890,1884.2,1889.1,5027.0653
1784824200000,1889.2,1889.2,1885.6,1887.6,1502.1148
1784825100000,1887.5,1890.8,1887,1887.2,2467.7426
1784826000000,1887.3,1888.9,1885.2,1887.2,1265.4105
1784826900000,1887.3,1891.3,1887.2,1890.9,962.6365
1784827800000,1890.6,1891.6,1887.4,1887.9,1265.1453
1784828700000,1887.9,1889.3,1875.7,1877.5,12932.0554
1784829600000,1877.5,1879.8,1874.8,1878.6,8658.6298
1784830500000,1878.6,1880.3,1875.4,1879.6,1165.8123
1784831400000,1879.7,1884.3,1876.7,1878.6,13710.0633
1784832300000,1878.7,1883,1878.6,1880.3,2229.701
1784833200000,1880.4,1882.8,1874.4,1875.8,2117.0636
1784834100000,1875.9,1880.8,1875.8,1880.6,1097.5286
1784835000000,1880.7,1882.1,1874.2,1875.3,4992.1076
1784835900000,1875.4,1875.6,1868.1,1875,34395.191
1784836800000,1874.9,1884.8,1874,1883.6,16172.9491
1784837700000,1883.6,1888.3,1882.9,1887.3,7391.6679
1784838600000,1887.3,1887.3,1884,1884.1,3600.1364
1784839500000,1884.2,1886.2,1883.6,1885.3,1342.5799
1784840400000,1885.3,1888.1,1881.2,1881.7,10546.8732
1784841300000,1881.7,1883.4,1879.9,1881.9,2572.5584
1784842200000,1881.9,1883.3,1880.3,1881.2,1205.6246
1784843100000,1881.1,1882.6,1879.8,1882,1995.5229
1784844000000,1882,1883.1,1876.7,1877.3,10777.7795
1784844900000,1877.3,1881.5,1873.5,1879.4,11358.9559
1784845800000,1879.3,1883,1879.3,1882.7,975.0796
1784846700000,1882.6,1882.7,1880.6,1882.5,563.3153
1784847600000,1882.5,1883.7,1881.6,1882.4,1848.792
1784848500000,1882.4,1883.6,1881.7,1882.3,910.6184
1784849400000,1882.2,1883.1,1880.4,1881.2,1032.0785
1784850300000,1881.1,1881.6,1874.5,1877.7,6217.415
1784851200000,1877.8,1878.3,1871.6,1874.1,8693.6585
1784852100000,1874,1876.8,1870.5,1870.6,3954.8003
1784853000000,1870.6,1871.7,1859.4,1865.2,18040.0849
1784853900000,1865,1870.5,1865,1870.5,1407.5594
1784854800000,1870.4,1875.9,1869.8,1873,4584.3911
1784855700000,1873,1876.3,1871,1873.1,4393.5493
1784856600000,1872.8,1876.9,1871.7,1875.4,2077.0638
1784857500000,1875.4,1876.2,1872.1,1872.2,1617.8107
1784858400000,1872.2,1877.8,1871.5,1876.8,3185.9412
1784859300000,1876.8,1876.8,1871.4,1875.5,571.428
1784860200000,1875.5,1875.5,1866.8,1870.1,3556.3916
1784861100000,1870,1870.1,1864.4,1868.8,1963.7638
1784862000000,1868.9,1876.4,1867.7,1875.4,2661.3243
1784862900000,1875.4,1880.1,1875.3,1878.1,2306.5898
1784863800000,1878.3,1880.1,1877,1880.1,2139.1624
1784864700000,1880.1,1880.6,1878.6,1879.8,2987.8044
1784865600000,1879.8,1880.4,1878.3,1878.4,925.7712
1784866500000,1878.4,1881.4,1877.1,1879.6,1087.7446
1784867400000,1879.6,1880.2,1874.6,1876.1,865.0119
1784868300000,1876,1876.5,1874.1,1874.9,659.0898
1784869200000,1875.3,1880.6,1872.9,1879.3,1685.2715
1784870100000,1879.3,1880.8,1879,1879.4,871.9993
1784871000000,1879.4,1880.3,1876.4,1880.2,1606.9053
1784871900000,1880,1881.2,1878.3,1880.2,461.4962
1784872800000,1880.2,1881.5,1878.3,1881,931.7616
1784873700000,1881,1885.8,1880.4,1883.6,2296.8524
1784874600000,1882.8,1887.1,1881.8,1885.7,1114.547
1784875500000,1885.7,1887.7,1884.7,1887.4,3062.8712
1784876400000,1887.4,1909.3,1887.4,1907.9,14425.1257
1784877300000,1908,1908,1895.8,1897.2,5244.982
1784878200000,1897.2,1900.9,1887.9,1890.1,3860.7974
1784879100000,1890.2,1895.9,1890.1,1895.6,1434.379
1784880000000,1895.6,1895.6,1891.6,1892.7,6435.7554
1784880900000,1892.7,1893,1885.6,1889.2,4271.985
1784881800000,1889.4,1891.8,1889.1,1891.8,2237.1448
1784882700000,1891.8,1891.8,1887.3,1887.3,784.8859
1784883600000,1887.4,1888.2,1881.4,1881.8,1122.5506
1784884500000,1881.8,1883.3,1878.1,1881.9,2048.0723
1784885400000,1881.9,1886.1,1881.2,1885.2,1126.3743
1784886300000,1885.2,1887.8,1884.4,1887.2,903.505
1784887200000,1887.2,1887.8,1882.1,1882.9,1103.2581
1784888100000,1882.9,1885.2,1881.4,1884.8,2781.7365
1784889000000,1884.8,1886,1883.5,1883.7,1070.2902
1784889900000,1883.7,1884.4,1879.7,1883,3106.2376
1784890800000,1883,1883.6,1879.1,1880.6,4397.1089
1784891700000,1880.6,1883.3,1880.5,1880.7,1366.5583
1784892600000,1880.8,1881.5,1878,1878,1318.3973
1784893500000,1878.1,1884.1,1876,1883.4,8676.3717
1784894400000,1883.4,1884.1,1881.2,1883.1,1434.5737
1784895300000,1883.3,1885.3,1881.8,1882.2,2755.9112
1784896200000,1882.3,1883.6,1877.2,1877.2,2541.8602
1784897100000,1877.3,1878.4,1871,1871.7,10807.4657
1784898000000,1871.8,1874.3,1856.7,1861.6,17647.7667
1784898900000,1861.6,1869.5,1861.2,1865.7,9754.8989
1784899800000,1865.9,1867.7,1857.9,1864.9,4596.4633
1784900700000,1864.9,1866.3,1847,1857.1,39790.8638
1784901600000,1856.9,1862.5,1853.8,1856.4,17149.1235
1784902500000,1856.5,1857.5,1849.2,1857.3,11596.4767
1784903400000,1857.2,1857.3,1851.3,1851.7,13759.937
1784904300000,1851.7,1862.4,1847.2,1862.2,26808.6738
1784905200000,1862.2,1864.6,1853.5,1864.3,11981.5764
1784906100000,1864.3,1866.9,1859.2,1864.5,2574.9348
1784907000000,1864.6,1868.5,1863,1864.1,6485.8504
1784907900000,1864,1865.1,1859.3,1861.4,1609.9256
1784908800000,1861.3,1865.5,1858.3,1861.6,5725.8138
1784909700000,1861.6,1863.3,1859.9,1860.5,987.1806
1784910600000,1860.5,1860.5,1855.3,1856.1,10065.6115
1784911500000,1856.1,1858.2,1852.3,1856.6,7625.1937
1784912400000,1856.7,1857.8,1854.2,1856.6,2541.5508
1784913300000,1856.6,1863.5,1856.5,1862.3,8188.7951
1784914200000,1862.2,1865.4,1861.7,1863.2,1641.2099
1784915100000,1863.1,1866.3,1861.6,1866.1,7590.7177
1784916000000,1866.1,1866.1,1863.6,1864.7,632.2055
1784916900000,1864.7,1864.7,1860.4,1860.6,2358.8271
1784917800000,1860.9,1861.7,1858,1859.3,855.7017
1784918700000,1859.3,1863.4,1858.8,1862.1,490.2588
1784919600000,1862.1,1863.3,1857.4,1857.7,1904.5784
1784920500000,1857.6,1860.7,1857.3,1860.6,806.4664
1784921400000,1860.7,1863.9,1860.6,1862.7,986.0969
1784922300000,1862.6,1863.6,1861.2,1862.9,740.2056
1784923200000,1862.9,1864.5,1861.3,1862.6,1124.0284
1784924100000,1862.7,1864.4,1862.1,1862.7,909.94
1784925000000,1862.6,1862.7,1859.4,1860.9,740.2055
1784925900000,1861,1861.3,1857.5,1859.9,6876.6978
1784926800000,1859.9,1860.7,1858,1858.5,988.6207
1784927700000,1858.5,1860,1857.8,1858.6,1293.4455
1784928600000,1858.8,1860.2,1858,1858.7,793.4683
1784929500000,1858.8,1858.8,1856.1,1856.5,981.9293
1784930400000,1856.6,1859.2,1856.2,1858.3,6646.7995
1784931300000,1858.3,1859.1,1857.9,1858.5,735.9109
1784932200000,1858.5,1860.9,1858.4,1860.2,1211.1363
1784933100000,1860.1,1860.3,1858.4,1858.7,371.1727
1784934000000,1858.8,1859.9,1858.1,1859.3,601.2146
1784934900000,1859.3,1860.6,1858.7,1859.9,338.3514
1784935800000,1860,1860.7,1858.2,1860.2,1123.4077
1784936700000,1860.2,1861.1,1859.5,1861,729.8431
1784937600000,1860.7,1863,1860.1,1861.9,1596.0632
1784938500000,1861.9,1863.4,1861.4,1863.1,384.4594
1784939400000,1863.1,1863.7,1858.9,1859.3,771.5838
1784940300000,1859.4,1860,1856.3,1859.3,1385.3827
1784941200000,1859.3,1862.6,1857.7,1858.3,688.8668
1784942100000,1858.3,1859.5,1857.4,1859,609.2629
1784943000000,1858.9,1861.1,1858.2,1860.6,1909.9431
1784943900000,1860.6,1861.3,1859,1859.3,1349.0148
1784944800000,1859.3,1860.7,1858.7,1859.2,1711.8295
1784945700000,1859.2,1859.7,1857.4,1859.7,623.6365
1784946600000,1859.7,1860.2,1857.9,1859.6,600.9135
1784947500000,1859.6,1859.9,1857.3,1858.3,1467.8841
1784948400000,1858.3,1859.2,1857.1,1858.5,1861.1462
1784949300000,1858.5,1859.5,1858,1858.5,695.3996
1784950200000,1858.4,1859.3,1857.5,1858.7,487.4762
1784951100000,1858.6,1858.6,1854.8,1858.3,1254.3911
1784952000000,1858,1860,1857.9,1859.8,828.199
1784952900000,1859.8,1860.7,1858.9,1859,146.2191
1784953800000,1859,1860.9,1857.7,1860.8,417.2057
1784954700000,1860.6,1861.6,1860,1860.2,165.7687
1784955600000,1860.3,1861.9,1859.7,1859.8,302.4519
1784956500000,1859.8,1860.5,1859.3,1859.8,754.6043
1784957400000,1859.9,1859.9,1856.6,1857.5,2834.7415
1784958300000,1857.5,1857.9,1856.1,1857.8,211.4468
1784959200000,1857.8,1858.5,1857,1858.4,522.0362
1784960100000,1858.5,1859.3,1855.5,1855.7,667.3606
1784961000000,1855.7,1856.2,1854.1,1854.8,1273.6193
1784961900000,1854.8,1857.8,1853.8,1857.8,1013.1953
1784962800000,1857.7,1857.9,1856.7,1856.8,186.323
1784963700000,1856.8,1857.5,1856,1856.3,127.3965
1784964600000,1856.3,1856.9,1855.4,1856,246.7384
1784965500000,1856,1856.9,1855.5,1855.5,125.0711
1784966400000,1855.6,1855.6,1851.8,1853.3,5347.0063
1784967300000,1853.2,1855.2,1853.2,1855,1299.2276
1784968200000,1854.9,1855.3,1853.5,1854,1185.6567
1784969100000,1853.9,1854,1850.4,1852.5,1093.4973
1784970000000,1852.5,1853.6,1851.1,1853,346.9872
1784970900000,1853.1,1854.9,1852.7,1854.9,427.5096
1784971800000,1854.8,1855.8,1854.8,1855.5,401.2975
1784972700000,1855.5,1858.3,1855.4,1857.4,912.9985
1784973600000,1857.5,1858.4,1857.2,1857.8,570.0624
1784974500000,1857.8,1858.3,1856.8,1856.9,318.7705
1784975400000,1857,1857.4,1856,1856.4,1540.9513
1784976300000,1856.3,1857.8,1856.2,1857.8,312.5542
1784977200000,1857.8,1859.4,1857.6,1858.6,1075.0317
1784978100000,1858.7,1858.9,1857.8,1857.8,500.9606
1784979000000,1857.9,1858.9,1857,1857.5,464.0806
1784979900000,1857.5,1858.3,1857.3,1857.3,308.1013
1784980800000,1857.3,1857.7,1856.6,1857.6,222.1417
1784981700000,1857.6,1858,1856.6,1857.9,416.0969
1784982600000,1857.9,1857.9,1856.8,1857.7,207.4042
1784983500000,1857.7,1859.7,1857.3,1859.7,728.0848
1784984400000,1859.6,1863,1859.2,1862.3,2525.0076
1784985300000,1862.4,1865,1862,1863.5,1981.4731
1784986200000,1863.5,1867.5,1862.6,1867.5,2320.4611
1784987100000,1867.6,1870.9,1864.4,1866.3,4393.4985
1784988000000,1866.3,1866.6,1864.7,1866.4,1034.6329
1784988900000,1866.5,1867.5,1864.6,1865.5,2005.1586
1784989800000,1865.6,1868.3,1865.5,1867.1,1132.0465
1784990700000,1867.4,1868.7,1866.5,1868.3,1316.6723
1784991600000,1868.1,1869.7,1866.5,1868.3,2787.2703
1784992500000,1868.3,1871.2,1867.9,1868.2,8447.4842
1784993400000,1868.3,1870.4,1866.6,1869.9,3215.2977
1784994300000,1869.8,1870.2,1866.8,1867.4,505.6237
1784995200000,1867.4,1868.4,1865.1,1867.8,730.9243
1784996100000,1867.8,1867.8,1864,1865.4,697.7097
1784997000000,1865.3,1868,1865.1,1868,1225.575
1784997900000,1868,1870.2,1866.3,1867.6,2151.1364
1784998800000,1867.6,1869.2,1867.6,1868.7,1076.1465
1784999700000,1868.7,1871.6,1868.6,1871,3530.8431
1785000600000,1871,1874.4,1870.1,1873.3,7243.8201
1785001500000,1873.3,1874.3,1871.7,1872.3,428.8901
1785002400000,1872.4,1875.8,1871.7,1872.9,6792.2089
1785003300000,1873,1874.5,1872.2,1874.5,1168.5822
1785004200000,1874.4,1875.6,1872.8,1872.9,1400.766
1785005100000,1872.8,1875.3,1872.8,1874.5,1462.2585
1785006000000,1874.5,1875.8,1873.9,1875.6,1495.0748
1785006900000,1875.5,1875.5,1873.8,1874.6,1856.6201
1785007800000,1874.7,1875.5,1874.5,1874.9,1168.2759
1785008700000,1874.8,1875.7,1873.6,1873.9,1031.9235
1785009600000,1874,1874.2,1872.2,1873.1,406.0913
1785010500000,1873.1,1873.4,1870,1871.5,7020.8996
1785011400000,1871.5,1871.5,1869.7,1870.4,450.2002
1785012300000,1870.4,1871.2,1870.3,1871.1,285.5102
1785013200000,1871.1,1871.3,1866.9,1869.4,393.6183
1785014100000,1869.5,1869.8,1868.4,1869.6,245.0779
1785015000000,1869.6,1872,1869.5,1871.3,278.5459
1785015900000,1871.3,1873.8,1870.7,1871.8,588.9885
1785016800000,1871.8,1874,1871.6,1873.4,310.5103
1785017700000,1873.4,1874.5,1873.3,1874.2,627.9418
1785018600000,1874.3,1875,1873.1,1875,940.2887
1785019500000,1875,1876,1873.9,1875.2,410.0846
1785020400000,1875.2,1875.6,1874,1874.2,152.5435
1785021300000,1874.2,1874.6,1872.6,1873.3,505.2292
1785022200000,1873.3,1874.8,1873.2,1873.9,603.9374
1785023100000,1873.9,1874.7,1873.5,1874.3,373.599
1785024000000,1874.3,1877.2,1873.5,1876.7,3458.7309
1785024900000,1876.8,1880,1876.5,1878.6,1562.1093
1785025800000,1878.7,1878.7,1875.9,1876.5,341.9414
1785026700000,1876.5,1880.5,1875.9,1880,601.2543
1785027600000,1880.1,1881,1878.2,1879.8,541.2513
1785028500000,1879.8,1880,1878.3,1878.7,182.3394
1785029400000,1878.7,1879.5,1878.1,1879,142.288
1785030300000,1879,1879.1,1877.4,1877.5,339.6385
1785031200000,1877.6,1878.6,1876.5,1878.6,460.3311
1785032100000,1878.6,1879.5,1877.2,1878.4,147.4607
1785033000000,1878.4,1878.9,1876.8,1877.4,142.8586
1785033900000,1877.4,1880.5,1877.3,1880.2,174.5226
1785034800000,1880.2,1883.2,1878.2,1882.6,1382.3465
1785035700000,1882.7,1882.7,1880.2,1880.9,221.4757
1785036600000,1880.9,1883.4,1880.4,1881.9,557.48
1785037500000,1881.9,1881.9,1881,1881,249.7612
1785038400000,1881.4,1882.4,1880,1880.2,314.8448
1785039300000,1880.2,1884.1,1879.6,1883.4,386.8821
1785040200000,1883.4,1886.7,1882.9,1886.7,3342.5385
1785041100000,1886.8,1888.8,1884.9,1885.7,2755.6768
1785042000000,1885.7,1886.4,1884.5,1886.4,511.025
1785042900000,1886.4,1886.4,1884.2,1884.2,170.3363
1785043800000,1884.3,1885.5,1883,1885.2,458.1902
1785044700000,1885.3,1885.5,1882,1882.3,1870.5612
1785045600000,1882.4,1883.9,1880,1880.2,1185.1935
1785046500000,1880.2,1881,1877.6,1877.9,2450.1445
1785047400000,1877.9,1882.1,1877.9,1881.7,233.5275
1785048300000,1881.7,1884.3,1881.6,1884,1521.3041
1785049200000,1884,1885.5,1883,1883.9,418.9873
1785050100000,1883.9,1884.2,1882.2,1882.5,147.3427
1785051000000,1882.5,1882.5,1879.8,1879.9,123.882
1785051900000,1879.9,1880.9,1879.8,1880.5,492.7908
1785052800000,1880.8,1880.8,1879.3,1879.7,259.743
1785053700000,1879.9,1880.6,1878.6,1879.6,267.5747
1785054600000,1879.6,1881,1879.3,1881,328.3158
1785055500000,1880.9,1881.9,1880.6,1880.8,715.6489
1785056400000,1880.9,1883.4,1880.8,1881.6,5289.9338
1785057300000,1881.6,1884.1,1881.4,1883.5,771.2666
1785058200000,1883.6,1885.3,1882.8,1884.3,1729.9908
1785059100000,1884.3,1884.7,1882.8,1883.6,1284.0692
1785060000000,1883.4,1884.6,1881.9,1884.6,836.5362
1785060900000,1884.6,1885.6,1883.4,1885,373.6312
1785061800000,1885,1886.4,1884.7,1886.3,1200.1493
1785062700000,1886.3,1886.6,1884.5,1885.2,335.7893
1785063600000,1885.2,1886.9,1884.8,1885.8,586.0889
1785064500000,1885.9,1887.5,1885.8,1886.3,1874.7113
1785065400000,1886.3,1887.4,1885.9,1886,4350.1725
1785066300000,1886,1886.2,1884.3,1885.1,426.6722
1785067200000,1885.1,1892.8,1885,1890,3967.463
1785068100000,1890,1891.1,1886.6,1889.3,1035.4776
1785069000000,1889.2,1889.9,1886.6,1887.1,3137.1384
1785069900000,1887.1,1887.1,1885.4,1886,295.8745
1785070800000,1885.9,1886.2,1881.2,1882.5,5609.0747
1785071700000,1882.4,1887.3,1882.3,1884.9,1581.8837
1785072600000,1885,1887.2,1884.4,1887.1,887.6531
1785073500000,1887.3,1887.9,1885.3,1885.9,468.3025
1785074400000,1885.9,1897.5,1885.9,1894.6,7142.0606
1785075300000,1894.5,1894.6,1891.3,1891.7,1300.4562
1785076200000,1891.9,1897.3,1890.6,1895.5,3970.8768
1785077100000,1895.6,1899.1,1895.6,1897.8,6756.5699
1785078000000,1897.9,1902,1897.3,1898.5,4995.8447
1785078900000,1898.5,1908.2,1898.5,1906.2,5131.6911
1785079800000,1906.3,1916.1,1905.9,1914,6314.4821
1785080700000,1914.1,1915,1910.6,1914,2984.2376
1785081600000,1914,1915.3,1907.9,1909.3,5904.6454
1785082500000,1909.3,1920.5,1909.3,1920.3,12117.7626
1785083400000,1920.3,1927.6,1917.3,1918.9,12780.0803
1785084300000,1918.9,1921.1,1915.9,1916.1,3218.8044
1785085200000,1916.1,1917.2,1912.1,1916.9,1886.4605
1785086100000,1916.8,1917,1913.3,1913.7,1225.6337
1785087000000,1913.6,1915.1,1910.4,1911.6,2568.5026
1785087900000,1911.6,1912.9,1910.4,1910.7,862.6177
1785088800000,1910.6,1912.6,1910.5,1911.9,1236.3666
1785089700000,1911.9,1915,1911.6,1912.7,1032.0166
1785090600000,1912.7,1913.7,1911.3,1913.2,685.2771
1785091500000,1913.2,1915.5,1912.7,1914,686.453
1785092400000,1914,1915.2,1911.5,1911.9,704.1153
1785093300000,1911.8,1913.9,1911.8,1913.3,370.8931
1785094200000,1913.3,1915.4,1913,1914,936.4042
1785095100000,1914,1914.1,1913,1913.6,501.1321
1785096000000,1913.6,1914,1912.1,1912.4,406.7339
1785096900000,1912.4,1912.6,1911.1,1912.6,1211.9942
1785097800000,1912.5,1913.4,1911.8,1912.2,436.8584
1785098700000,1912.1,1913.1,1910.9,1912.8,384.7832
1785099600000,1912.7,1915.9,1912.7,1914.6,785.6644
1785100500000,1914.6,1924,1914.1,1920.7,3876.6971
1785101400000,1920.7,1923.3,1919.8,1921,3079.0838
1785102300000,1921,1929.9,1921,1925.3,6038.4597
1785103200000,1925.3,1939.9,1925.3,1937.4,13306.7328
1785104100000,1937.5,1938.9,1934.7,1937.7,1812.8544
1785105000000,1938,1947.2,1937.7,1947.2,10016.7071
1785105900000,1947.1,1951.1,1944.5,1949,22708.626
1785106800000,1949,1967.9,1949,1956.4,20055.9983
1785107700000,1956.4,1960.7,1952,1952.8,6136.2029
1785108600000,1952.9,1953.6,1946.1,1953.1,4573.591
1785109500000,1953.2,1956.6,1951.9,1954.2,3395.2215
1785110400000,1954.3,1954.9,1947.5,1948.6,14085.7136
1785111300000,1948.7,1948.7,1942,1944.5,2645.1321
1785112200000,1944.5,1944.6,1940,1940.7,10315.9748
1785113100000,1940.8,1944.8,1939.3,1941.7,5068.9303
1785114000000,1941.8,1947.6,1941.7,1942.3,4392.2856
1785114900000,1942.3,1944.4,1940.4,1940.7,2765.9605
1785115800000,1940.8,1944.4,1936,1941.7,2844.4293
1785116700000,1941.8,1947.9,1941.4,1947.7,2457.6029
1785117600000,1947.8,1948.6,1945.6,1946,2676.732
1785118500000,1946.1,1948.1,1944.1,1944.9,7420.1765
1785119400000,1944.9,1948,1943.2,1945.6,3695.8623
1785120300000,1945.7,1946.9,1941,1942.4,1264.7127
1785121200000,1942.5,1945.9,1941.9,1944.4,1336.109
1785122100000,1944.4,1946.1,1943.8,1945.2,622.0024
1785123000000,1945.3,1946.3,1943.5,1946.2,3251.9152
1785123900000,1946.3,1949.6,1945.6,1948.8,1622.2548
1785124800000,1948.9,1956.2,1947.7,1952.2,3523.0108
1785125700000,1952.3,1961.7,1951.4,1953.6,4303.3601
1785126600000,1953.7,1958.5,1950,1957.4,9756.0854
1785127500000,1957.5,1957.5,1952.8,1952.8,1319.8643
1785128400000,1952.9,1957.1,1952.3,1956.3,1474.0565
1785129300000,1956.4,1960.4,1953.9,1959,2116.954
1785130200000,1959.2,1961.1,1957.9,1959.9,5121.6633
1785131100000,1960,1970.4,1957.8,1965.2,13271.5033
1785132000000,1965.3,1980.8,1963.6,1969.9,12378.8167
1785132900000,1969.9,1971.6,1963.9,1965.8,4874.6447
1785133800000,1965.8,1972.4,1964.6,1972.1,2770.1077
1785134700000,1972.2,1972.8,1967.6,1967.9,4965.8695
1785135600000,1967.9,1971.2,1965.1,1971.2,3712.9732
1785136500000,1971.2,1971.3,1969,1969.2,3563.2546
1785137400000,1969.3,1969.3,1960.8,1966,3227.7812
1785138300000,1966,1969.4,1963.8,1963.8,4312.9438
1785139200000,1963.9,1966.6,1961.6,1964.3,3149.2766
1785140100000,1964.4,1967.8,1962.2,1967.8,3434.8986
1785141000000,1967.8,1967.9,1964.5,1965,1542.7664
1785141900000,1965.1,1968.3,1964.2,1964.7,1699.2762
1785142800000,1964.6,1964.6,1956.6,1956.8,5056.8088
1785143700000,1956.8,1960.2,1956.5,1959.8,2019.8258
1785144600000,1959.7,1967,1958.7,1965.8,2199.3637
1785145500000,1965.8,1967.7,1964.3,1964.9,1636.7434
1785146400000,1964.8,1965.9,1963.3,1964.2,447.5186
1785147300000,1964.2,1968.6,1963.2,1965.8,740.0376
1785148200000,1965.9,1970.8,1965.9,1970.1,914.3424
1785149100000,1970,1971.6,1966.2,1966.9,1712.6963
1785150000000,1966.8,1966.9,1963.4,1964.7,1046.8088
1785150900000,1964.8,1965.3,1959.5,1959.6,2560.0537
1785151800000,1959.4,1961,1958.4,1959.5,1098.535
1785152700000,1959.2,1960.3,1957.8,1959.2,1291.2685
1785153600000,1959.2,1964.1,1954.8,1954.8,1491.9099
1785154500000,1954.8,1956.6,1946.7,1947.4,17621.1239
1785155400000,1947.4,1953.7,1942.2,1952.3,5940.8022
1785156300000,1952.4,1957.6,1952.3,1956.6,4584.203
1785157200000,1956.7,1959.7,1953.4,1953.4,2789.5221
1785158100000,1953.3,1956.1,1951,1951.6,4736.6068
1785159000000,1951.5,1976.6,1949.8,1974.6,13335.7265
1785159900000,1974.7,1975.6,1956.3,1960.2,8290.9679
1785160800000,1960.2,1965.7,1955.3,1963.5,10305.5738
1785161700000,1963.5,1964.9,1935.6,1937.4,17851.1538
1785162600000,1937.4,1937.8,1917.8,1919.9,29846.4985
1785163500000,1919.8,1933.5,1919.6,1931.5,10748.0482
1785164400000,1931.5,1934.6,1924.9,1933.3,8030.2883
1785165300000,1933.4,1937,1927.3,1930.4,5942.991
1785166200000,1930.4,1933.3,1924.1,1930.2,7594.174
1785167100000,1930.2,1930.6,1927.1,1927.2,1513.7017
1785168000000,1927,1931.1,1925.1,1927.1,2914.2388
1785168900000,1927.1,1938.2,1921.8,1936.5,5925.7244
1785169800000,1936.4,1946.7,1936.4,1942,9133.8533
1785170700000,1941.9,1943.3,1936.3,1939.7,3279.0254
1785171600000,1939.7,1940.3,1934.2,1938.7,1376.678
1785172500000,1938.7,1945.3,1937.8,1941.4,2369.6875
1785173400000,1941.3,1944.9,1941.1,1941.3,2858.5825
1785174300000,1941.3,1943.5,1938.8,1942.4,6370.2384
1785175200000,1942.5,1943.4,1940.2,1940.6,3098.9921
1785176100000,1940.5,1940.5,1935.2,1937.8,1902.8734
1785177000000,1937.8,1938.5,1927.7,1934.3,12662.1582
1785177900000,1934.2,1938.9,1930.4,1938.5,12855.8343
1785178800000,1938.5,1950.4,1937.1,1947.6,5856.9789
1785179700000,1947.6,1951.3,1946.8,1949.7,4392.5768
1785180600000,1949.9,1954.7,1946.7,1949.9,7204.8846
1785181500000,1949.9,1950,1946.6,1947.4,2336.9559
1785182400000,1948,1949.8,1944.9,1945.2,933.3081
1785183300000,1945.1,1946.9,1942.9,1946.9,2040.8886
1785184200000,1946.8,1948.1,1943.9,1944.5,821.3269
1785185100000,1944.4,1946.2,1944.2,1946,811.386
1785186000000,1946,1949.4,1945.1,1947.6,1443.8445
1785186900000,1947.6,1947.6,1943.6,1943.6,1450.4824
1785187800000,1943.7,1944.7,1941.2,1941.7,1983.2268
1785188700000,1941.7,1943.1,1940,1941.1,732.9712
1785189600000,1941.1,1941.1,1934.3,1937.6,1582.6859
1785190500000,1937.5,1938.6,1927.1,1928.3,17933.271
1785191400000,1928.2,1929.8,1910.5,1913.3,17286.6141
1785192300000,1913.2,1913.3,1890.5,1892.4,36878.2941
1785193200000,1892.3,1893.4,1881.6,1889.8,27754.8022
1785194100000,1889.9,1894.8,1885.6,1892.3,5130.4238
1785195000000,1892.2,1895,1885.4,1886.3,4522.8791
1785195900000,1886.2,1892.1,1884.7,1891.6,3374.6733
1785196800000,1891.5,1893.5,1879.1,1885.8,9741.2858
1785197700000,1885.7,1890.1,1877.3,1882.4,3933.0007
1785198600000,1882.3,1886,1878.1,1883.3,3140.2596
1785199500000,1883.3,1883.6,1876.5,1878.2,6479.849
1785200400000,1877.9,1879.8,1865.2,1874.9,14329.6528
1785201300000,1875,1878.4,1869.5,1877.9,5359.305
1785202200000,1877.6,1882,1874,1875,7466.3006
1785203100000,1875,1878.6,1873.4,1875.2,4295.593
1785204000000,1875.2,1877.5,1871.7,1876.6,2245.7892
1785204900000,1876.5,1879.6,1875.3,1877,1376.8964
1785205800000,1876.9,1878.2,1873.7,1874.4,1761.4027
1785206700000,1874.3,1876.1,1871.8,1875.2,2339.0063
1785207600000,1875.2,1876.7,1872.5,1876.7,2121.9595
1785208500000,1876.7,1880.5,1875.1,1877,2068.459
1785209400000,1877.2,1881.7,1874.4,1881.6,1860.4087
1785210300000,1881.6,1882.4,1878.6,1880.5,776.1068
1785211200000,1880.6,1881.6,1879.1,1879.3,3179.0717
1785212100000,1879.3,1880.6,1878.1,1878.8,1805.7623
1785213000000,1878.8,1878.8,1876,1878.4,1324.3497
1785213900000,1878.4,1880.5,1877.1,1878.3,1273.6095
1785214800000,1878.4,1884.2,1877.6,1881.6,1451.0507
1785215700000,1881.7,1888.6,1881.6,1885.4,4002.0026
1785216600000,1885.4,1887.1,1881.6,1887,1335.1314
1785217500000,1887.1,1888.1,1882,1882,2088.6375
1785218400000,1882.1,1882.2,1877.4,1878.7,3883.3802
1785219300000,1878.7,1882.5,1878.4,1882.4,2029.3534
1785220200000,1882.4,1885.8,1882,1885.4,3535.6314
1785221100000,1885.3,1887.8,1884.4,1887.8,745.5332
1785222000000,1887.8,1888.1,1885.1,1886.1,1563.311
1785222900000,1886.1,1887.1,1884.2,1884.4,4101.9973
1785223800000,1884.4,1885,1881.9,1882.6,3109.4837
1785224700000,1882.7,1884,1879.4,1882.9,7843.3865
1785225600000,1883,1883.6,1879.5,1879.5,3424.813
1785226500000,1879.6,1884.7,1879.4,1883.9,7539.1644
1785227400000,1883.8,1884.6,1880.3,1883.9,1983.4432
1785228300000,1883.9,1884.8,1881.6,1883.3,2337.999
1785229200000,1883.4,1884,1879.5,1881.6,2139.3199
1785230100000,1881.7,1884,1881.6,1883,427.4985
1785231000000,1883.1,1884.1,1880.7,1881.5,1052.7317
1785231900000,1881.7,1882.6,1873.7,1875.6,2530.8952
1785232800000,1875.5,1877.7,1873.1,1875.2,5799.7375
1785233700000,1875.2,1879.6,1872.7,1876.4,2194.1347
1785234600000,1876.3,1878.7,1875.3,1878.7,1154.5613
1785235500000,1878.9,1879.8,1877.6,1877.7,3110.8873
1785236400000,1877.8,1878.9,1871.2,1871.9,2596.5776
1785237300000,1871.8,1881.5,1870.9,1873.5,7934.9885
1785238200000,1873.2,1878.5,1870.8,1873.8,5653.3256
1785239100000,1873.7,1877.8,1872.8,1875.7,1977.8608
1785240000000,1875.8,1877.5,1873.7,1876.5,1450.7877
1785240900000,1876.7,1879.3,1875.9,1878.1,1883.9931
1785241800000,1878.2,1882.5,1877.7,1882.4,4747.2921
1785242700000,1882.4,1892.7,1880.8,1891.6,6956.1862
1785243600000,1891.7,1895,1889.2,1890.2,4454.0049
1785244500000,1890.3,1891.6,1882.9,1882.9,3917.321
1785245400000,1882.9,1886,1860.5,1868.6,25906.0712
1785246300000,1868.5,1875.4,1856.3,1873.2,28511.8753
1785247200000,1873.1,1880.9,1873.1,1874.3,9628.3493
1785248100000,1874.4,1878.2,1866.8,1875.6,18718.2203
1785249000000,1875.5,1886.9,1875.5,1885.6,14355.6632
1785249900000,1885.3,1892.5,1883.7,1888,13405.1467
1785250800000,1887.9,1892.4,1883.4,1890.7,8622.7116
1785251700000,1890.6,1923.8,1886.4,1911.1,22914.7028
1785252600000,1911.1,1917.4,1908.1,1915.4,12955.8211
1785253500000,1915.5,1921.6,1912,1919.2,21385.3453
1785254400000,1919.2,1919.2,1913.9,1914.5,9572.3007
1785255300000,1914.4,1923,1914.4,1917.5,16643.9842
1785256200000,1917.5,1923.5,1913.4,1921.7,13498.4151
1785257100000,1921.7,1927.6,1918.8,1925,9240.5746
1785258000000,1925,1925,1910.8,1910.8,6692.6358
1785258900000,1910.9,1912.9,1905.3,1907.2,10064.1495
1785259800000,1907.3,1907.4,1892.6,1895.3,29641.9578
1785260700000,1895.4,1901.4,1895.3,1900.6,6874.0748
1785261600000,1900.6,1912.3,1900.4,1907.4,4282.6965
1785262500000,1907.3,1909.8,1906.8,1907.7,2413.6406
1785263400000,1907.7,1912.6,1907.2,1911.7,2903.9899
1785264300000,1911.7,1913.8,1908.6,1909.9,2846.6997
1785265200000,1910,1914.5,1910,1912.8,2162.5073
1785266100000,1912.8,1915.9,1911.6,1914.8,2277.8382
1785267000000,1914.8,1921.5,1914.7,1915.3,12796.602
1785267900000,1915.4,1921.4,1915,1920.9,1328.4863
1785268800000,1921.1,1923.1,1918,1920.8,6963.6082
1785269700000,1920.8,1922.8,1917,1917.5,11760.0317
1785270600000,1917.5,1919.4,1913.6,1917.8,10257.4572
1785271500000,1917.8,1918,1916.3,1917.5,1037.952
1785272400000,1917.5,1922.2,1917.5,1919.3,7364.5306
1785273300000,1919.4,1920.1,1919.1,1919.5,365.2228
1785274200000,1919.4,1922.7,1918.6,1922.7,1835.7718
1785275100000,1922.6,1928.1,1922.6,1923.2,1663.2702
1785276000000,1923.3,1926.2,1921.3,1921.9,2212.2995
1785276900000,1922,1923.2,1918.7,1918.7,2348.136
1785277800000,1918.7,1918.7,1915.4,1915.7,2443.7979
1785278700000,1915.8,1915.8,1909,1911,5382.8407
1785279600000,1911,1911.2,1903.2,1907.3,5416.4159
1785280500000,1907.3,1907.9,1903.1,1907.4,2087.0356
1785281400000,1907.5,1918,1907.5,1917.4,2883.4616
1785282300000,1917.1,1922.5,1916.1,1921.4,5361.1358
1785283200000,1921.3,1928.1,1921.1,1921.6,4979.1939
1785284100000,1921.6,1925,1917.8,1919,2463.4132
1785285000000,1919,1922.1,1915.8,1920.3,1124.0089
1785285900000,1920.2,1924.1,1916,1916.4,1820.722
1785286800000,1916.3,1917.3,1908.9,1909.5,4365.8311
1785287700000,1909.4,1915.9,1907.7,1914.2,2479.252
1785288600000,1914.1,1915,1908.7,1909.8,1247.3554
1785289500000,1909.6,1910,1904,1904.3,3281.5476
1785290400000,1904.4,1909.4,1900,1907.9,5282.6108
1785291300000,1908,1915.1,1902.6,1914.9,2157.6315
1785292200000,1915,1918.6,1912.7,1913.1,2368.9474
1785293100000,1913.2,1913.2,1908,1909.8,1360.378
1785294000000,1910,1912.3,1905.8,1908.5,2810.5818
1785294900000,1908.7,1909.2,1900.7,1901.2,2291.2912
1785295800000,1901,1901.6,1894.4,1896.4,4232.0764
1785296700000,1896.6,1897.4,1890,1891.4,2630.3077
1785297600000,1891.5,1894.9,1883.3,1891,20010.5131
1785298500000,1891,1895.7,1885.4,1894.6,15748.4113
1785299400000,1894.5,1905.6,1893.5,1900.2,4842.946
1785300300000,1900,1905.1,1899.3,1904.7,3803.6578
1785301200000,1904.8,1908.4,1903.8,1908.1,2563.0108
1785302100000,1908.2,1909.5,1902.8,1907.9,3120.8755
1785303000000,1907.7,1914.1,1906.2,1911.6,2106.1666
1785303900000,1911.7,1913.8,1911,1911.7,442.9199
1785304800000,1911.6,1912.7,1908,1911.7,1695.2656
1785305700000,1911.7,1918.3,1910.1,1917.9,1289.1266
1785306600000,1917.8,1920.1,1916.6,1918.4,4919.6346
1785307500000,1918.4,1920.7,1917.3,1919.1,2647.3717
1785308400000,1919.2,1920.9,1917.7,1918.6,2203.5933
1785309300000,1918.4,1918.7,1915.4,1917.5,1420.6635
1785310200000,1917.4,1917.5,1913.8,1915.1,1590.2615
1785311100000,1915,1924.3,1913.4,1922.6,2389.9173
1785312000000,1922.7,1924.8,1913.5,1914,3243.7433
1785312900000,1914,1915.7,1911.1,1912,2325.4853
1785313800000,1912,1915.8,1911,1915.8,1687.2493
1785314700000,1915.8,1918.5,1914.1,1914.2,290.2327
1785315600000,1914.3,1918.8,1914.2,1918.4,1157.0765
1785316500000,1918.4,1919.9,1916.9,1919.1,5740.1031
1785317400000,1919.1,1923.8,1919,1920.7,829.2916
1785318300000,1920.8,1922.9,1917.6,1921.2,2000.0631
1785319200000,1921.3,1921.6,1918.3,1919.6,1065.5055
1785320100000,1919.7,1919.8,1917.4,1918.2,1947.6045
1785321000000,1918.3,1919.6,1916,1919.3,1102.3389
1785321900000,1919.2,1919.3,1909.3,1910.8,2076.7108
1785322800000,1910.8,1916,1910.3,1915.9,8588.6465
1785323700000,1915.9,1916.2,1911.1,1913.1,1553.1758
1785324600000,1913.1,1913.1,1909.6,1911.2,786.8414
1785325500000,1910.9,1914.8,1910.8,1914.5,526.0741
1785326400000,1914.5,1914.5,1910.7,1911.2,916.7405
1785327300000,1911,1911,1902,1905.6,2396.439
1785328200000,1905.1,1907.4,1903.1,1905.6,829.0753
1785329100000,1905.7,1907.2,1903.2,1904.2,1170.9424
1785330000000,1904.3,1905.7,1902.8,1904.9,623.9236
1785330900000,1904.9,1905,1900.2,1903.8,2733.3549
1785331800000,1903.6,1910.2,1900.6,1908.8,4114.5903
1785332700000,1908.7,1910.4,1896.2,1908.1,6136.9947
1785333600000,1908.3,1910.3,1896,1896.8,6763.0117
1785334500000,1896.8,1901.8,1892,1896.5,6244.9178
1785335400000,1896.7,1902.5,1890.6,1892.3,5121.9486
1785336300000,1892.3,1899.1,1891.9,1894.4,1814.0585
1785337200000,1894.4,1897.6,1892.6,1896.1,939.3723
1785338100000,1895.9,1897.1,1888,1893.9,10593.4348
1785339000000,1893.9,1897.6,1890.2,1890.8,2585.8688
1785339900000,1890.7,1893,1886,1891.1,4211.6718
1785340800000,1891,1892.5,1888.6,1891.6,1658.338
1785341700000,1891.5,1898,1889.8,1895.4,2798.47
1785342600000,1895.3,1897,1887,1888.8,1456.3781
1785343500000,1888.8,1895,1888.5,1894.8,3413.3777
1785344400000,1894.8,1900.8,1894.6,1900.8,2585.8862
1785345300000,1900.8,1900.8,1894.5,1894.9,1708.9405
1785346200000,1895.1,1902.5,1893.9,1901.5,4416.5005
1785347100000,1901.4,1916.8,1899.9,1915.8,30129.0604
1785348000000,1915.8,1936.4,1915.4,1916.2,33941.3403
1785348900000,1916.2,1918.6,1901.2,1907,28145.8394
1785349800000,1907.2,1921.6,1892.6,1920,35541.7238
1785350700000,1919.8,1927.5,1916.8,1919.4,21121.2414
1785351600000,1919.4,1922,1908.5,1912.6,17739.03
1785352500000,1912.4,1914,1897.2,1904.1,33625.572
1785353400000,1903.1,1906.3,1896.6,1899.1,8345.4495
1785354300000,1899.2,1900.5,1883.7,1887.4,11346.4638
1785355200000,1887.8,1888.6,1878.7,1886.8,11912.1311
1785356100000,1886.8,1890.8,1877.3,1882.8,10093.555
1785357000000,1882.7,1890.6,1881.5,1888.2,16323.7594
1785357900000,1888.3,1889.5,1882.1,1883.4,1851.4532
1785358800000,1883.3,1884,1874.1,1883.9,6213.1061
1785359700000,1883.9,1888.8,1881,1888.7,2528.0354
1785360600000,1888.8,1892.1,1888,1890.4,2435.3773
1785361500000,1890.6,1897.3,1889,1897.3,6515.7032
1785362400000,1897.2,1909.1,1897.2,1906.8,6252.2719
1785363300000,1906.6,1910,1905.1,1907.6,2787.9533
1785364200000,1907.7,1908.4,1903.8,1907.6,1787.1236
1785365100000,1907.6,1908,1904.6,1906.3,1477.7283
1785366000000,1906.2,1906.5,1901.9,1902.5,2414.4249
1785366900000,1902.6,1910,1902.4,1907.4,2861.668
1785367800000,1907.3,1910.7,1905,1910.6,7503.1595
1785368700000,1910.6,1912.1,1909.1,1910,1200.2674
1785369600000,1910,1914.1,1907.6,1911.4,6405.2935
1785370500000,1911.5,1914,1908.4,1910.6,6823.6972
1785371400000,1910.6,1910.6,1895.7,1895.7,6859.1642
1785372300000,1895.8,1898,1893.4,1897.7,4267.1699
1785373200000,1897.7,1910,1896.9,1899.9,6077.5551
1785374100000,1900,1906.9,1899.7,1906.6,3243.4664
1785375000000,1906.6,1918.2,1906.5,1914.6,14550.6942
1785375900000,1914.7,1920,1912.8,1916,9661.4555
1785376800000,1916.2,1918.9,1914.4,1915.9,2619.5615
1785377700000,1916,1918.8,1914.2,1914.5,8910.7048
1785378600000,1914.6,1914.8,1909.3,1913.7,1514.581
1785379500000,1913.8,1914.5,1909.8,1910.4,246.7651
1785380400000,1910.3,1912.6,1906.6,1910.3,11625.9073
1785381300000,1910.3,1914.4,1910,1913,1703.3239
1785382200000,1912.9,1913,1908.3,1909.8,7545.7812
1785383100000,1909.7,1911.6,1909,1909.1,326.9369
1785384000000,1909.1,1909.9,1906.1,1906.3,756.0416
1785384900000,1906.2,1907.7,1904.3,1905.6,1554.1772
1785385800000,1905.4,1907.3,1902.5,1903.8,3769.9392
1785386700000,1903.8,1905.5,1900.8,1901,3522.077
1785387600000,1901,1902.6,1900,1902.3,4422.3864
1785388500000,1902.2,1903.4,1900,1902.2,3870.3716
1785389400000,1902.2,1908.3,1902.1,1906.9,1079.1526
1785390300000,1906.9,1908.4,1903.2,1905.3,422.3784
1785391200000,1905.2,1905.7,1902.2,1902.9,398.8867
1785392100000,1902.9,1905.4,1901,1905,600.6129
1785393000000,1905,1905,1902,1902.3,335.3778
1785393900000,1902.2,1903.1,1898.4,1900.5,2625.4209
1785394800000,1900.5,1907,1900,1904.4,1414.2574
1785395700000,1904.5,1907.1,1902.2,1904.8,665.9957
1785396600000,1904.8,1905.4,1899.8,1903.9,3036.6451
1785397500000,1904,1905.4,1902.1,1902.2,1179.2945
1785398400000,1902.1,1906.6,1899.3,1904.2,6083.0663
1785399300000,1904.2,1916.9,1902.9,1913.4,4155.0671
1785400200000,1913.4,1915.5,1912,1915,3500.9198
1785401100000,1915,1916.1,1913.4,1914.2,2624.2184
1785402000000,1914.2,1917.6,1913.4,1917.3,6447.7752
1785402900000,1917.1,1919.9,1916.1,1919.5,6640.9982
1785403800000,1919.5,1922.5,1916.7,1917.9,10893.8886
1785404700000,1917.9,1919.8,1916.3,1917.2,2677.3045
1785405600000,1917.1,1919.5,1916.8,1917.5,1336.9915
1785406500000,1917.5,1919.6,1917.5,1919.3,1421.2171
1785407400000,1919.2,1920.9,1918.1,1920.7,581.3525
1785408300000,1920.6,1921,1915.9,1917,1705.2021
1785409200000,1917,1919,1916,1918.6,1769.5875
1785410100000,1918.5,1920.1,1918,1919.4,2461.1914
1785411000000,1919.5,1922.7,1918.1,1920.1,3913.5599
1785411900000,1920.2,1925.1,1919.9,1922.3,5568.5645
1785412800000,1922.4,1926,1922,1925.8,3237.2965
1785413700000,1925.8,1926,1919,1921.5,1952.7499
1785414600000,1921.4,1924.5,1918.9,1919.7,4588.3182
1785415500000,1919.7,1925.6,1919.7,1924.5,2654.8152
1785416400000,1924.5,1927.2,1923.2,1924.7,2982.1529
1785417300000,1924.7,1926.2,1922,1924,2277.587
1785418200000,1924.1,1930,1916,1929.4,8699.7649
1785419100000,1929.5,1935.9,1928.1,1928.5,12352.5375
1785420000000,1928.5,1928.9,1917.1,1917.7,14803.7101
1785420900000,1917.6,1924.4,1912.7,1919.9,5027.2624
1785421800000,1920,1923.6,1917.5,1919.6,3226.9007
1785422700000,1919.6,1920.8,1913.9,1916.9,1806.2932
1785423600000,1916.9,1920.3,1913.9,1916.3,3097.9402
1785424500000,1916,1923.2,1914.2,1916,12503.3797
1785425400000,1915.8,1918.4,1913.5,1918.1,3710.777
1785426300000,1918,1919.4,1915.7,1917.8,8795.5207
1785427200000,1917.8,1925,1917.7,1922.5,4427.8086
1785428100000,1922.5,1924.1,1919.5,1921.8,5932.9258
1785429000000,1921.7,1922.2,1915.1,1915.2,3595.2936
1785429900000,1915.2,1918.8,1915.2,1918.4,2673.7857
1785430800000,1918.4,1919.6,1915.5,1916.7,5249.0889
1785431700000,1916.6,1922,1915.9,1921.7,10668.2298
1785432600000,1921.6,1924.3,1918,1922.8,1113.8213
1785433500000,1922.8,1923.4,1919.7,1920.3,873.5426
1785434400000,1920.3,1921.7,1918.8,1919.5,2658.8884
1785435300000,1919.4,1919.5,1917.3,1919.1,1686.5733
1785436200000,1919.1,1919.2,1916.3,1917.1,1339.0195
1785437100000,1917.2,1917.7,1913.4,1915.1,8430.2687
1785438000000,1915,1922.1,1914.9,1921.2,14934.938
1785438900000,1921.3,1928.5,1920.3,1925.9,10233.176
1785439800000,1925.8,1926.5,1923.3,1924.5,11463.3593
1785440700000,1924.4,1924.9,1921.7,1922.3,651.6867
1785441600000,1922.5,1926.2,1920.2,1921,2790.5384
1785442500000,1921.1,1923.9,1920,1921.7,272.0263
1785443400000,1921.7,1924.8,1919.1,1922.6,1499.5996
1785444300000,1923,1924,1920.4,1920.5,658.4465
1785445200000,1920.6,1922.3,1920.6,1922,823.8638
1785446100000,1922.1,1923.6,1920.8,1921,1575.4721
1785447000000,1921,1922.2,1920,1921,753.333
1785447900000,1921.1,1921.2,1916.3,1917.6,8706.5995
1785448800000,1917.5,1927.5,1915.2,1924.9,4198.5367
1785449700000,1924.8,1932,1924.2,1931,3104.4399
1785450600000,1930.9,1932.6,1927.8,1929.5,1522.6307
1785451500000,1929.5,1929.8,1924.3,1925,779.5633
1785452400000,1924.9,1927.9,1924.2,1927.9,721.9788
1785453300000,1927.9,1928.2,1925.4,1926.5,355.1715
1785454200000,1926.7,1936,1920.8,1923.4,6285.7753
1785455100000,1923.6,1925.5,1917.1,1917.6,3124.788
1785456000000,1917.6,1921.3,1916.5,1918.5,3370.5418
1785456900000,1918.5,1919,1915.5,1916.6,542.0534
1785457800000,1916.6,1918.4,1915,1916.9,2174.9039
1785458700000,1916.9,1918,1914,1915.9,1505.7588
1785459600000,1916,1935.4,1916,1930.1,6303.9295
1785460500000,1930.1,1932.3,1924.6,1928.5,25711.8501
1785461400000,1928.8,1929.2,1918.5,1918.6,6212.6497
1785462300000,1918.9,1919.7,1905.5,1909.1,12119.7984
1785463200000,1909.1,1911.1,1905.8,1908.1,4826.3923
1785464100000,1908,1908,1903.1,1903.5,2771.4172
1785465000000,1903.4,1906.1,1901,1901.6,8774.2141
1785465900000,1901.6,1905.4,1901.5,1903.3,2356.5372
1785466800000,1903.3,1903.3,1898.8,1900.9,9187.4615
1785467700000,1901,1909.3,1900.6,1907.4,6844.4996
1785468600000,1907.4,1908.7,1904.9,1907.2,3905.3552
1785469500000,1907.2,1910.5,1906.2,1908.1,1376.7355
1785470400000,1908.1,1908.8,1904.1,1904.3,2584.721
1785471300000,1904.4,1905.8,1902.4,1905.1,2647.6951
1785472200000,1905.2,1906,1903.8,1905,527.8292
1785473100000,1905,1906.2,1904.6,1905.1,369.3043
1785474000000,1905.2,1908,1905.1,1907.1,1322.0729
1785474900000,1907.1,1908.3,1903.6,1903.9,7776.9766
1785475800000,1903.9,1905.2,1900.6,1900.8,1769.5375
1785476700000,1900.8,1905.2,1900.5,1905.2,1154.6814
1785477600000,1905.1,1906.8,1903.9,1906.6,1383.3451
1785478500000,1906.6,1910.5,1904.4,1910,10940.3088
1785479400000,1910,1910,1900.7,1901.3,9426.9226
1785480300000,1901.3,1903.7,1899.5,1901.6,3087.3861
1785481200000,1901.6,1901.6,1889.9,1890.8,10285.4951
1785482100000,1890.9,1890.9,1884.5,1884.5,4249.0774
1785483000000,1884.5,1888.2,1883.6,1886.9,17941.1114
1785483900000,1886.9,1891.5,1886.9,1889.6,2446.8324
1785484800000,1889.5,1892.1,1887.3,1890.9,3550.5354
1785485700000,1890.8,1892.2,1888.1,1891.4,745.5101
1785486600000,1891.3,1891.8,1888.1,1888.8,1028.0924
1785487500000,1888.9,1890.8,1888.5,1889.4,566.8466
1785488400000,1889.5,1890.5,1888,1889.1,2006.2749
1785489300000,1889,1889.1,1881.7,1883.3,6610.9117
1785490200000,1883.3,1884.2,1880,1882.3,3308.5313
1785491100000,1882.3,1884.2,1880.8,1882.5,2939.6841
1785492000000,1882.5,1883.7,1876.4,1882.6,10886.0498
1785492900000,1882.6,1886.2,1881.6,1885.8,4646.4424
1785493800000,1885.6,1888.4,1885,1888.4,4186.2852
1785494700000,1888.4,1889,1884.9,1886,1990.5358
1785495600000,1886.1,1888.7,1883.9,1884.7,2003.2017
1785496500000,1884.7,1886.5,1882.1,1883.6,3042.4756
1785497400000,1883.5,1884.1,1881.8,1882.4,2367.5688
1785498300000,1882.3,1883.7,1881.7,1883.2,1456.0611
1785499200000,1883.2,1883.5,1874.4,1876.4,1990.8629
1785500100000,1876.3,1878.5,1874.8,1877.8,2712.6453
1785501000000,1877.8,1877.8,1872.8,1876.8,6326.2576
1785501900000,1876.8,1882.6,1876.4,1881.8,8942.7764
1785502800000,1881.7,1885.2,1881.7,1885.1,3021.1965
1785503700000,1885.1,1889.8,1885.1,1888,13717.4325
1785504600000,1888,1888,1875.1,1875.3,16701.9016
1785505500000,1875.3,1877.7,1863.6,1866.1,16362.4015
1785506400000,1866,1867.7,1848,1863.7,27009.5394
1785507300000,1863.7,1869.2,1857.1,1861.1,18733.2913
1785508200000,1861.2,1867.1,1857.9,1859.5,10936.6825
1785509100000,1859.6,1864.8,1855.3,1859.1,7370.9525
1785510000000,1859.1,1860.1,1855,1858.3,6169.7564
1785510900000,1858.3,1861.3,1853.6,1856.7,7090.6478
1785511800000,1856.8,1865.4,1856,1864,17068.9216
1785512700000,1864,1864.1,1858.5,1861.9,1379.6194
1785513600000,1862,1865.3,1860.9,1863.4,4146.3001
1785514500000,1863.6,1865.9,1860,1865.2,10796.3367
1785515400000,1865.2,1865.6,1860.7,1862.5,6967.7412
1785516300000,1862.6,1864.2,1861.5,1863.6,3098.8837
1785517200000,1863.6,1867.7,1862.7,1866.4,6553.1422
1785518100000,1866.4,1870.6,1865,1870.5,5687.6298
1785519000000,1870.7,1874.9,1869.5,1872.8,8932.4945
1785519900000,1872.8,1877.3,1872.8,1874.4,3986.8922
1785520800000,1874.5,1875.6,1870.1,1870.4,4002.3401
1785521700000,1870.5,1872.4,1868.1,1868.1,2144.7842
1785522600000,1868.2,1869.4,1863.7,1868.1,5830.8891
1785523500000,1868.1,1872.6,1868,1870.9,559.8418
1785524400000,1870.9,1873,1868,1869.2,455.0154
1785525300000,1869.3,1869.4,1867.1,1867.8,797.9783
1785526200000,1867.8,1867.8,1864.8,1867.6,2918.9779
1785527100000,1867.6,1869.7,1866.3,1866.9,1533.902
1785528000000,1867,1868.6,1866,1868.2,1387.5719
1785528900000,1868.2,1869.9,1867.1,1867.9,1069.9311
1785529800000,1867.9,1867.9,1863.4,1865.7,989.341
1785530700000,1865.6,1866.3,1860.7,1861,2216.3486
1785531600000,1861,1862.8,1858.9,1862.1,2548.1934
1785532500000,1862.2,1862.5,1861.4,1862.2,2398.8912
1785533400000,1862.2,1862.5,1860.8,1862,5881.4914
1785534300000,1862.1,1864.2,1858.7,1861.1,6578.3561
1785535200000,1861.1,1862.3,1858.5,1862.1,572.8519
1785536100000,1862,1863.4,1861.9,1863,302.6496
1785537000000,1862.9,1864.3,1861.8,1862.8,668.8081
1785537900000,1862.6,1862.8,1860.2,1860.9,1021.7652
1785538800000,1860.7,1862.7,1860.7,1861.6,396.6842
1785539700000,1861.6,1863.9,1861.3,1863.3,1287.9372
1785540600000,1863.2,1864,1862.6,1863,499.8648
1785541500000,1862.9,1863,1860.3,1861.6,272.7115
1785542400000,1861.6,1864.8,1861.5,1864,1871.7783
1785543300000,1864,1866.1,1863.2,1865,599.3521
1785544200000,1864.9,1866.3,1864.5,1866.2,614.8032
1785545100000,1866.2,1866.7,1863.6,1863.6,706.5693
1785546000000,1863.6,1866.4,1863.6,1865.8,1173.1004
1785546900000,1865.8,1866.6,1864.7,1865.3,293.9984
1785547800000,1865.3,1866.5,1865.1,1866.1,275.1892
1785548700000,1866.1,1866.5,1865.1,1865.7,332.6803
1785549600000,1865.9,1867.4,1865.9,1866.9,813.1931
1785550500000,1867,1869.2,1867,1868,2230.8875
1785551400000,1868,1868.6,1867,1867,589.358
1785552300000,1867,1868.6,1867,1867.3,102.9746
1785553200000,1867.3,1867.7,1865.7,1866.3,603.8698
1785554100000,1866.3,1867.7,1866,1867.6,387.5308
1785555000000,1867.6,1868,1866.4,1867.5,306.2317
1785555900000,1867.5,1869,1867.3,1868.9,350.8155
1785556800000,1868.9,1869.2,1867,1868.8,228.8568
1785557700000,1868.8,1869.6,1868.8,1868.8,307.5416
1785558600000,1868.8,1869.1,1868.5,1869,63.7121
1785559500000,1869,1869.6,1868.5,1868.9,243.4944
1785560400000,1869,1870.4,1868.6,1870.1,720.1969
1785561300000,1870,1870.1,1867.7,1867.7,343.9125
1785562200000,1867.8,1868.4,1864.2,1864.9,4406.1646
1785563100000,1865,1866.9,1864.6,1866.7,1509.7076
1785564000000,1866.8,1867,1865.7,1866.8,1458.992
1785564900000,1866.8,1869.8,1866.2,1869.7,1635.8863
1785565800000,1869.7,1869.8,1869,1869.4,1011.8262
1785566700000,1869.4,1870,1869.1,1869.9,98.0073
1785567600000,1869.9,1871.3,1869.8,1870.9,530.4214
1785568500000,1871,1871,1868.7,1868.8,548.6832
1785569400000,1868.7,1868.8,1867.8,1868.7,175.9531
1785570300000,1868.8,1869.2,1868.3,1868.8,174.3065
1785571200000,1868.8,1868.9,1867.4,1868,447.5077
1785572100000,1868,1869,1867.9,1868.3,862.555
1785573000000,1868.2,1868.3,1866.8,1866.9,272.8364
1785573900000,1867.1,1868.2,1866.9,1868.1,279.8887
1785574800000,1868.2,1868.8,1868,1868.7,666.1765
1785575700000,1868.6,1869.8,1868.6,1869.2,689.8189
1785576600000,1869.2,1869.8,1869.1,1869.2,249.9876
1785577500000,1869.2,1869.2,1866.9,1866.9,389.4941
1785578400000,1867,1868.1,1862.1,1863.7,1660.9863
1785579300000,1863.7,1865.3,1863.2,1864.6,1608.2787
1785580200000,1864.6,1867.1,1863,1867.1,639.9257
1785581100000,1867,1867.3,1865.7,1866,9968.0374
1785582000000,1865.9,1866.3,1865.3,1865.7,368.4475
1785582900000,1865.8,1866.3,1865.1,1866.1,487.9316
1785583800000,1866.1,1866.4,1865.7,1865.9,297.5663
1785584700000,1865.8,1865.8,1865.3,1865.7,517.5023
1785585600000,1865.7,1867.6,1865.6,1867,528.5619
1785586500000,1867,1867.1,1866.4,1866.9,164.0586
1785587400000,1866.8,1868.2,1866.5,1867.1,230.4345
1785588300000,1867,1869,1867,1868.2,205.0692
1785589200000,1868.1,1868.8,1867.9,1868.6,631.4042
1785590100000,1868.5,1868.5,1867.5,1867.6,147.2665
1785591000000,1867.5,1868.3,1867.5,1867.9,265.6738
1785591900000,1867.9,1868.5,1866.8,1868.5,253.7588
1785592800000,1868.4,1872.1,1868.4,1869.1,1496.7295
1785593700000,1869,1872.1,1869,1872.1,995.6943
1785594600000,1872.2,1873.3,1871.2,1871.5,995.4907
1785595500000,1871.5,1874.4,1871.4,1874.4,521.903
1785596400000,1874.3,1874.4,1872.4,1873.7,618.8317
1785597300000,1873.8,1874.2,1870.4,1870.6,645.9607
1785598200000,1870.6,1871.4,1870,1870.1,858.1855
1785599100000,1870.1,1870.4,1869.3,1869.5,393.371
1785600000000,1869.5,1870.3,1867.9,1868.1,317.1084
1785600900000,1868,1870,1867.9,1869.6,1348.5584
1785601800000,1869.5,1872.5,1869.4,1869.5,639.291
1785602700000,1869.4,1869.5,1865.7,1868,596.7973
1785603600000,1867.9,1869.5,1864.3,1865.4,1840.7827
1785604500000,1865.5,1865.7,1860.5,1862.8,6154.6325
1785605400000,1862.9,1863,1856.8,1862.5,9702.7667
1785606300000,1862.5,1862.5,1858.3,1860.7,3072.8956
1785607200000,1860.7,1862.1,1858.9,1860.2,2242.0319
1785608100000,1860,1860.3,1850.4,1852.7,7456.9161
1785609000000,1852.6,1852.6,1830.5,1831.4,33126.2229
1785609900000,1831.6,1836.2,1820.7,1836,32438.797
1785610800000,1835.9,1839.2,1833.2,1836.7,6370.7931
1785611700000,1836.7,1839.4,1834.5,1837,1157.9946
1785612600000,1837.1,1838.7,1834.6,1834.9,3684.5971
1785613500000,1834.8,1838.6,1834.8,1836.4,3764.8747
1785614400000,1836.3,1837.8,1835,1836.9,1980.6843
1785615300000,1836.9,1839.6,1836,1836.9,2432.9844
1785616200000,1837,1837,1832.2,1833.9,3019.7628
1785617100000,1834,1837.5,1833.4,1837.4,4520.1039
1785618000000,1837.5,1841.4,1835.6,1837.4,4084.9754
1785618900000,1837.4,1842.4,1837.3,1842,2117.5741
1785619800000,1842.1,1844,1841.2,1843.5,1785.6943
1785620700000,1843.6,1844.8,1842.9,1844.6,2213.4591
1785621600000,1844.7,1847,1843.9,1846.7,2380.542
1785622500000,1846.7,1848.1,1845.1,1848,1376.2853
1785623400000,1848.1,1848.3,1845.2,1846.8,1323.2286
1785624300000,1846.9,1847.4,1845.7,1846.3,1093.2139
1785625200000,1846.3,1848,1845.4,1845.5,1976.1481
1785626100000,1845.5,1845.5,1842.4,1842.6,2586.477
1785627000000,1842.6,1845.5,1842.6,1844.4,1246.4149
1785627900000,1844.4,1844.9,1843.4,1843.9,993.384
1785628800000,1843.9,1848.4,1843.9,1846.9,3894.2664
1785629700000,1846.8,1847.2,1844,1844.2,2462.8521
1785630600000,1844.2,1845.5,1843.4,1844.8,822.2532
1785631500000,1844.8,1845.9,1843.2,1845.5,563.6391
1785632400000,1845.6,1855.6,1845.6,1855.1,4834.3579
1785633300000,1855.1,1858,1852.9,1853.8,7934.9435
1785634200000,1853.7,1857.1,1852.9,1856.3,6803.502
1785635100000,1856.4,1856.8,1855,1855.7,3910.3147
1785636000000,1855.6,1880.8,1855.4,1873.9,14948.6684
1785636900000,1873.7,1883.5,1872,1874.8,9592.7109
1785637800000,1874.7,1875.3,1870.8,1873.3,6528.8691
1785638700000,1873.3,1877.2,1872.2,1876,1895.5622
1785639600000,1875.9,1876.9,1873.8,1874.4,2368.3764
1785640500000,1874.3,1878,1873.3,1874.7,5593.3575
1785641400000,1874.7,1878.8,1874.7,1877.6,1766.8439
1785642300000,1877.5,1878.4,1874.8,1876.6,2373.1356
1785643200000,1876.5,1879.8,1876.5,1879.1,1018.9747
1785644100000,1879.1,1880.2,1878,1878.4,399.0943
1785645000000,1878.4,1879.6,1877.3,1877.4,981.7998
1785645900000,1877.3,1881.3,1876.6,1880.3,1962.219
1785646800000,1880.2,1881.7,1876.4,1877,1769.1911
1785647700000,1877,1877.2,1875.4,1877,1476.3343
1785648600000,1876.9,1877,1874,1874.2,1286.1792
1785649500000,1874.2,1875.6,1874.2,1875.2,301.2875
1785650400000,1875.2,1876.6,1874.5,1874.6,344.8702
1785651300000,1874.5,1877,1874.1,1876.7,337.0912
1785652200000,1876.7,1878,1875.6,1877,683.8853
1785653100000,1876.9,1876.9,1875.6,1876.5,295.3857
1785654000000,1876.5,1877.4,1876.1,1877.2,472.8146
1785654900000,1877.2,1877.8,1876.7,1876.8,488.1694
1785655800000,1876.7,1877.1,1875.7,1876.8,440.4045
1785656700000,1876.7,1876.8,1874.6,1874.9,354.7816
1785657600000,1875.2,1878.6,1874.6,1875.9,23390.1819
1785658500000,1875.9,1876.4,1872.5,1872.6,1307.7086
1785659400000,1872.5,1872.6,1866.1,1868.7,3595.6551
1785660300000,1868.6,1869.7,1866.7,1867.4,2193.6116
1785661200000,1867.5,1869.7,1861.1,1869.6,3900.0694
1785662100000,1869.5,1871.7,1869.1,1869.6,415.0154
1785663000000,1869.5,1872,1869.5,1869.8,354.9441
1785663900000,1869.7,1870.7,1869.7,1869.9,324.3169
1785664800000,1869.8,1869.9,1867.6,1868,4787.284
1785665700000,1867.9,1869.7,1864.6,1865.3,1451.8135
1785666600000,1865.4,1868.6,1865.3,1868.4,3228.2651
1785667500000,1868.3,1868.7,1868,1868,398.9082
1785668400000,1868,1868.6,1865.7,1866.5,1340.1894
1785669300000,1866.4,1868.8,1863.6,1863.7,1150.9374
1785670200000,1863.6,1864.3,1853.1,1855.2,12284.5586
1785671100000,1855.1,1858.3,1848.6,1851.7,6021.4749
1785672000000,1851.7,1856.8,1851.6,1856.8,10515.9469
1785672900000,1856.7,1861.5,1855.2,1857.8,13751.0776
1785673800000,1857.7,1858.9,1855.8,1857.3,506.3319
1785674700000,1857.2,1857.6,1855.6,1856.3,909.0033
1785675600000,1856.2,1857.2,1854.9,1855.6,781.1869
1785676500000,1855.5,1856.4,1853,1855.5,734.4639
1785677400000,1855.5,1856.5,1852,1854.4,870.5983
1785678300000,1854.4,1855.8,1853.9,1854.1,371.6758
1785679200000,1854.1,1854.7,1851.7,1854.7,1209.9633
1785680100000,1854.7,1857.5,1854.6,1856.4,925.7981
1785681000000,1856.3,1858.1,1855.2,1858.1,794.4945
1785681900000,1858,1858.4,1853.9,1854.1,1020.8166
1785682800000,1854,1858.3,1853.1,1858.3,876.0454
1785683700000,1858.2,1858.5,1857.1,1858,1778.3835
1785684600000,1857.9,1861.9,1857.7,1860,9616.6728
1785685500000,1860,1860.3,1857.2,1857.8,3826.7995
1785686400000,1857.8,1858,1855.4,1857,697.5301
1785687300000,1857,1859.2,1856.8,1858.2,1042.8611
1785688200000,1858.3,1865,1857.8,1864.2,2653.9295
1785689100000,1864.2,1864.6,1862.3,1862.3,852.2921
1785690000000,1862.4,1865.5,1861.5,1865,1596.4031
1785690900000,1865,1869.8,1863.8,1866,1874.8756
1785691800000,1866,1867.9,1865.9,1867.5,2335.511
1785692700000,1867.5,1869.1,1867.5,1868.2,783.9544
1785693600000,1868.1,1870.3,1868,1869.8,1972.955
1785694500000,1869.8,1869.9,1867.8,1868.3,424.7531
1785695400000,1868.3,1886.5,1868.2,1879.6,4646.6186
1785696300000,1879.7,1881.5,1874.2,1875.1,2149.8813
1785697200000,1875.2,1877.9,1874.1,1876.2,1144.6008
1785698100000,1876.1,1877.7,1875.5,1875.5,752.0897
1785699000000,1875.5,1878,1875.1,1878,755.8016
1785699900000,1877.9,1883.1,1877.9,1881.5,1331.7812
1785700800000,1881.4,1882.6,1879.5,1882.1,545.1709
1785701700000,1882.1,1883.5,1879.2,1879.5,1349.5652
1785702600000,1879.5,1881.6,1879.2,1880.5,288.8989
1785703500000,1880.5,1885,1880.4,1883.1,1365.3534
1785704400000,1883.1,1886.1,1881.7,1885.1,3973.1006
1785705300000,1885.1,1886.8,1885,1886.5,2938.0019
1785706200000,1886.5,1897.8,1885.3,1893.6,9031.786
1785707100000,1893.5,1898.6,1888,1889.8,4990.4962
1785708000000,1889.9,1897.1,1889.8,1893.1,4898.7391
1785708900000,1893,1896.5,1888.2,1889.2,1729.8858
1785709800000,1889.2,1889.8,1880,1884.7,3047.1513
1785710700000,1884.6,1885.5,1881,1881.5,871.3175
1785711600000,1881.2,1882.1,1875.6,1877.2,12173.2942
1785712500000,1877.1,1883.8,1876.3,1883.2,1759.5704
1785713400000,1883.2,1884,1881.7,1883.3,1050.4062
1785714300000,1883.3,1884.9,1882,1884.6,4638.3322
1785715200000,1884.5,1885.4,1877.3,1878.3,11641.6039
1785716100000,1878.3,1879.5,1871.9,1873.3,2151.1281
1785717000000,1873.3,1878,1871,1873.8,1840.345
1785717900000,1873.7,1874.5,1871.1,1873.2,1508.2833
1785718800000,1873,1874.6,1867.5,1870.6,2964.1798
1785719700000,1870.6,1871.9,1867.7,1869.7,869.3076
1785720600000,1869.8,1871.8,1867.8,1868.3,846.6888
1785721500000,1868.4,1868.9,1864.9,1866.4,3517.0503
1785722400000,1866.5,1867.1,1864,1865.1,3956.7474
1785723300000,1865.2,1871.1,1863.2,1864.5,4888.003
1785724200000,1864.6,1868,1864,1866.2,412.2054
1785725100000,1866.1,1866.4,1862,1863.5,1565.3545
1785726000000,1863.5,1864.9,1861.3,1863,1205.5402
1785726900000,1863,1864.3,1860.8,1861.8,925.1115
1785727800000,1861.7,1862,1859.9,1860.6,1578.5451
1785728700000,1860.5,1860.5,1850.7,1856.1,6248.7348
1785729600000,1856.1,1859.9,1854.7,1856.9,1510.0249
1785730500000,1856.9,1861,1856.9,1860.9,1420.7334
1785731400000,1860.9,1862.3,1860,1861,2750.0966
1785732300000,1861.2,1861.2,1853.5,1853.9,2725.3099
1785733200000,1853.9,1857.9,1852.4,1857.4,1632.5889
1785734100000,1857.4,1857.4,1855.6,1856.3,1154.8847
1785735000000,1856.2,1858.6,1854.6,1856.9,686.837
1785735900000,1857,1860.1,1856.8,1859.1,10377.7737
1785736800000,1859.1,1860.2,1858.2,1858.6,640.5207
1785737700000,1858.6,1859.2,1856.1,1856.3,834.7281
1785738600000,1856.3,1857.5,1847.1,1847.2,7260.0356
1785739500000,1847.2,1851.4,1845.8,1847.9,1256.2403
1785740400000,1848.1,1849.1,1843.8,1844.2,5929.4897
1785741300000,1844.1,1844.9,1839.3,1844.5,6099.3723
1785742200000,1844.5,1846.7,1842.1,1842.5,3560.0486
1785743100000,1842.5,1845,1842,1842.9,3677.6879
1785744000000,1842.9,1844.8,1840.2,1842.6,1272.7434
1785744900000,1842.5,1842.6,1830.3,1831.4,5774.5132
1785745800000,1831.4,1836.2,1827.6,1836.1,14098.4821
1785746700000,1836,1840,1835.4,1839.8,1338.5664
1785747600000,1839.8,1840.1,1838.7,1839.2,1384.2566
1785748500000,1839.1,1842.5,1839.1,1842.1,936.1147
1785749400000,1842.1,1845.1,1841.6,1844.8,1884.6881
1785750300000,1844.7,1853.6,1844.7,1852.1,13564.248
1785751200000,1852.1,1854,1849.8,1850.1,7208.0442
1785752100000,1850.2,1851.6,1847.8,1847.9,3167.7016
1785753000000,1847.9,1847.9,1845.6,1846.5,1013.905
1785753900000,1846.5,1846.8,1841.4,1845.8,2378.8846
1785754800000,1845.8,1846.2,1839.6,1841.5,2268.0516
1785755700000,1841.6,1847.3,1841,1843.4,812.2128
1785756600000,1843.4,1846.8,1842.7,1843.6,645.6886
1785757500000,1843.7,1843.8,1837.9,1839.1,1488.2291
1785758400000,1839.1,1840.5,1836,1840.5,1019.1691
1785759300000,1840.5,1843.1,1839.9,1842.3,2265.0285
1785760200000,1842.4,1844.1,1841.1,1844.1,1953.9943
1785761100000,1844.2,1845.2,1841.7,1843.1,1328.6068
1785762000000,1843,1844.9,1842.5,1843.8,539.4097
1785762900000,1843.9,1852.9,1841.7,1843.6,8439.9186
1785763800000,1843.6,1851,1838.2,1848.9,7889.0312
1785764700000,1848.8,1860,1844,1858.8,8495.1303
1785765600000,1858.8,1860,1852.1,1854.4,6307.167
1785766500000,1854.5,1868.3,1850.6,1866.6,10565.6239
1785767400000,1866.5,1869.5,1861.6,1864.9,15845.337
1785768300000,1865,1873,1860.6,1872.8,10455.4723
1785769200000,1872.7,1872.8,1862.2,1864.6,3736.3143
1785770100000,1864.6,1867.6,1860.9,1862.3,1280.208
1785771000000,1862.4,1865.7,1860.9,1862.9,1827.0054
1785771900000,1863,1865.4,1859.3,1862.4,1598.815
1785772800000,1862.4,1868.7,1861.1,1864.6,1524.9514
1785773700000,1864.6,1871.2,1864.4,1869.1,1901.0847
1785774600000,1869.2,1869.2,1862.6,1864.8,1402.6565
1785775500000,1864.9,1868.9,1864.3,1865.4,1236.6053
1785776400000,1865.4,1869.2,1862.9,1868.5,592.5776
1785777300000,1868.5,1873.9,1866.8,1867.3,4387.4935
1785778200000,1867.4,1870.8,1866.3,1869.3,2940.5139
1785779100000,1869.4,1870.4,1866.7,1867.8,1969.3543
1785780000000,1867.8,1872.4,1867.6,1872,2377.3882
1785780900000,1872.1,1873.1,1866.9,1868,7014.4662
1785781800000,1868,1870,1866.4,1868,4389.828
1785782700000,1868.1,1869.5,1865.5,1868,2991.1865
1785783600000,1868.1,1870.3,1867.3,1869.6,5900.9281
1785784500000,1869.7,1872.7,1869,1871.3,5318.9484
1785785400000,1871.3,1875.4,1868.6,1870.7,3182.5342
1785786300000,1870.7,1872,1868.6,1868.9,3371.9017
1785787200000,1869,1871.8,1867.6,1870.6,1162.5874
1785788100000,1870.7,1875.2,1870.6,1871.5,8358.0149
1785789000000,1871.5,1872.3,1870.4,1871.8,854.5476
1785789900000,1871.8,1872,1865.3,1867.9,1273.4493
1785790800000,1868,1868.1,1864.7,1865.4,2974.7957
1785791700000,1865.4,1866.2,1864,1865.8,3841.179
1785792600000,1865.8,1868.4,1865.8,1867.5,1949.2153
1785793500000,1867.5,1867.7,1862.5,1862.8,7167.7462
1785794400000,1862.5,1863.6,1851.1,1858.3,13804.1316
1785795300000,1858.3,1865,1858,1858.8,3888.9734
1785796200000,1858.7,1858.7,1855.3,1856.2,1835.8953
1785797100000,1856.2,1859.9,1855.9,1859.2,362.8295
1785798000000,1859.4,1859.5,1854.9,1855.7,2614.39
1785798900000,1855.7,1858.8,1855.6,1858.6,2206.5529
1785799800000,1858.6,1859.1,1856.4,1857.7,899.8729
1785800700000,1857.6,1859.5,1857.1,1859.4,410.3934
1785801600000,1859.5,1862,1857,1858.9,8890.833
1785802500000,1858.9,1859,1854.8,1855.8,2884.3567
1785803400000,1855.7,1855.7,1847.4,1851.5,6737.0519
1785804300000,1851.6,1855.4,1848.7,1850,1962.2408
1785805200000,1850.1,1853.1,1848.1,1851.4,3112.7048
1785806100000,1851.5,1856.5,1850.6,1854.5,2176.3262
1785807000000,1854.6,1868.9,1854.6,1865.1,14126.1581
1785807900000,1865.2,1868.4,1862.9,1866.9,5956.2994
1785808800000,1867,1868,1863.7,1864.4,3923.2542
1785809700000,1864.4,1865.5,1861.7,1861.8,1861.676
1785810600000,1861.8,1870.8,1861,1867.7,7116.4526
1785811500000,1867.7,1868.6,1864.5,1865.3,739.5645
1785812400000,1865.4,1866,1859.1,1859.2,577.2387
1785813300000,1859.1,1861.7,1857.7,1861.3,3352.532
1785814200000,1861.4,1866.2,1861.4,1863.9,1093.036
1785815100000,1863.9,1865.8,1863.3,1863.3,1435.7874
1785816000000,1863.3,1863.8,1861.2,1862.2,407.611
1785816900000,1862.4,1866.9,1862,1865.4,1419.8706
1785817800000,1865.5,1870.3,1865.5,1870.1,1642.7869
1785818700000,1870,1873.5,1867,1867,2554.0441
1785819600000,1867.1,1869.5,1863.7,1863.9,1168.5977
1785820500000,1863.9,1865.7,1863.8,1863.8,1806.2645
1785821400000,1863.8,1865.1,1863.5,1864.8,531.6234
1785822300000,1864.8,1864.8,1863.3,1863.4,709.4765
1785823200000,1863.4,1864.4,1862.1,1863,380.8482
1785824100000,1863,1867.9,1861.3,1861.4,5074.2814
1785825000000,1861.4,1862.1,1854.5,1855.6,2639.5744
1785825900000,1855.7,1856,1853.8,1855.9,1989.301
1785826800000,1856,1857.5,1854,1854.5,653.5289
1785827700000,1854.6,1857.1,1852.8,1857.1,767.6132
1785828600000,1857.2,1863.4,1857.2,1859.2,7263.1079
1785829500000,1859.3,1863.9,1859.3,1863.2,2811.1652
1785830400000,1863.3,1865.3,1860.8,1861.6,8831.0677
1785831300000,1861.8,1861.8,1858.7,1859,1693.2987
1785832200000,1859.1,1860.2,1856.2,1859.7,5700.5493
1785833100000,1859.8,1859.8,1857,1857.1,513.4624
1785834000000,1857.1,1857.8,1854.5,1855.8,564.5585
1785834900000,1855.8,1855.8,1853,1855.7,416.7894
1785835800000,1855.8,1856.4,1853.3,1855.6,351.492
1785836700000,1855.7,1857.9,1854.6,1857.9,593.3981
1785837600000,1858,1858.4,1853.8,1854.1,538.3267
1785838500000,1854.2,1859.5,1853.3,1855.2,798.633
1785839400000,1855.5,1863.1,1854.9,1862.5,544.6603
1785840300000,1862.6,1871.9,1862,1865.9,3588.562
1785841200000,1866,1868.7,1865.3,1865.9,10945.4568
1785842100000,1865.9,1870,1864.9,1867.8,3572.6508
1785843000000,1867.8,1872,1865.7,1871.1,1928.6634
1785843900000,1871.2,1873.6,1868.9,1871.8,11147.4219
1785844800000,1871.8,1871.8,1868.3,1868.3,2349.5466
1785845700000,1868.3,1871.1,1867.1,1871.1,842.5946
1785846600000,1871.1,1881,1870.4,1877.4,18483.9396
1785847500000,1877.4,1878,1874,1874.3,5998.5696
1785848400000,1874.3,1876.5,1872.9,1874.4,1774.1406
1785849300000,1874.4,1875,1869.2,1869.6,2616.1205
1785850200000,1869.6,1875.1,1867.1,1872.6,3632.0799
1785851100000,1872.6,1872.6,1859,1860.5,14159.409
1785852000000,1860.5,1867.9,1857.1,1863.7,27070.1336
1785852900000,1863.6,1866.8,1858.3,1866.5,17672.7873
1785853800000,1866.6,1875.3,1865.6,1873.3,14038.5827
1785854700000,1873.4,1874.3,1870.7,1872.1,3641.7969
1785855600000,1872.1,1874.6,1865.9,1869.3,9629.7995
1785856500000,1869.2,1869.4,1865.2,1865.7,7988.6015
1785857400000,1865.8,1871.6,1861.3,1871.1,2090.7296
1785858300000,1871,1877,1869.7,1872.2,6162.1939
1785859200000,1872.1,1872.8,1868.6,1869.6,3460.9775
1785860100000,1869.8,1872.2,1868.9,1869,2453.677
1785861000000,1869,1870.6,1865,1866.6,1233.4519
1785861900000,1866.5,1869.1,1866.1,1869,1050.3655
1785862800000,1868.9,1877.2,1868.9,1873.6,10136.2048
1785863700000,1873.6,1874.9,1870.9,1874.7,2239.681
1785864600000,1874.8,1876.8,1873.1,1875.1,3704.3062
1785865500000,1875.1,1875.9,1866.2,1869,6447.2935
1785866400000,1868.9,1876.3,1868.7,1876.3,2844.126
1785867300000,1876.3,1880,1874.2,1878.5,5349.7561
1785868200000,1878.4,1878.5,1872.8,1874.5,1681.3567
1785869100000,1874.5,1875.2,1873.4,1874.4,1502.9188
1785870000000,1874.4,1876.9,1873.3,1876.9,2216.3433
1785870900000,1876.9,1877.5,1873.3,1874.3,667.4673
1785871800000,1874.2,1881.1,1873.5,1879.5,3489.6451
1785872700000,1879.5,1879.5,1874,1874.1,703.5421
1785873600000,1874.2,1874.8,1871.6,1873.3,2419.2668
1785874500000,1872.9,1872.9,1865.4,1870.8,4694.4414
1785875400000,1870.8,1878.9,1870.7,1878.3,4818.6694
1785876300000,1878.2,1878.3,1873.8,1875.6,2129.5715
1785877200000,1875.5,1875.6,1871.7,1871.8,2324.6907
1785878100000,1872,1875.1,1871.5,1873.1,1341.5678
1785879000000,1873.2,1873.2,1871.6,1872.3,469.2951
1785879900000,1872.6,1872.8,1871,1871.3,422.4693
1785880800000,1871.4,1872.3,1867.3,1872.3,8341.2065
1785881700000,1872.3,1876,1872.1,1875.2,16314.826
1785882600000,1875.4,1876.2,1873.9,1874.2,1179.1399
1785883500000,1874.2,1875,1872.1,1874.9,817.7508
1785884400000,1875,1877.9,1872.5,1877.1,14950.9007
1785885300000,1877.1,1880,1869.3,1869.4,8495.6661
1785886200000,1869.4,1872.8,1868.4,1871.4,11964.8725
1785887100000,1871.5,1871.5,1868.9,1869.4,1031.0953
1785888000000,1869.5,1869.8,1866.7,1866.7,1458.3296
1785888900000,1866.8,1867.6,1865.1,1867,5885.0846
1785889800000,1867,1872.6,1864.4,1866.9,5433.7575
1785890700000,1866.9,1867,1862.6,1863,6535.6636
1785891600000,1863,1865.2,1860.3,1864.5,4186.8289
1785892500000,1864.6,1867,1862.4,1866.8,1592.3947
1785893400000,1866.8,1873.4,1866.7,1869.8,1396.5717
1785894300000,1869.8,1873.5,1869.6,1872.6,1099.8249
1785895200000,1872.6,1877.3,1872.6,1876,4067.181
1785896100000,1876,1876.4,1871.4,1873.1,15220.2216
1785897000000,1873.2,1875.4,1872.3,1874.2,4325.5731
1785897900000,1874.6,1875,1873.4,1873.4,5767.3481
1785898800000,1873.5,1875.4,1869.8,1870.4,4605.6062
1785899700000,1870.2,1870.2,1863.2,1864.5,22000.9631
1785900600000,1864.5,1867,1863.9,1865.9,3846.8631
1785901500000,1866,1867.5,1865.9,1867.2,304.3687
1785902400000,1867.2,1867.2,1865.2,1865.3,2093.9078
1785903300000,1865.3,1867.5,1864.1,1867,1647.6686
1785904200000,1867,1868.9,1866.6,1866.8,807.4026
1785905100000,1866.8,1867.1,1864.8,1866.7,616.3852
1785906000000,1866.7,1872,1866.3,1870.7,16654.1738
1785906900000,1870.7,1876.5,1870.5,1873.6,10837.0554
1785907800000,1873.6,1873.6,1871.2,1872.2,2318.256
1785908700000,1872.2,1873,1871.1,1872.5,5737.322
1785909600000,1872.6,1872.8,1870.9,1871.2,297.4229
1785910500000,1871.2,1871.2,1868.4,1868.9,6043.4857
1785911400000,1868.9,1871.9,1868.6,1869.5,5259.4489
1785912300000,1869.5,1869.5,1867.2,1868.5,6442.0369
1785913200000,1868.6,1869.3,1865.5,1866.8,1244.0057
1785914100000,1866.9,1866.9,1862.3,1863,2307.6019
1785915000000,1863.1,1864.7,1862.8,1863.5,18487.5418
1785915900000,1863.5,1872.4,1863.4,1872.3,10278.1324
1785916800000,1872.3,1873.8,1869,1869,3217.3481
1785917700000,1869,1871.6,1868.1,1871.2,1506.3057
1785918600000,1871.3,1871.3,1868.2,1868.6,2045.8741
1785919500000,1868.6,1870.4,1867.5,1869,1497.8969
1785920400000,1869,1870.9,1868.6,1870.9,692.1413
1785921300000,1870.8,1874,1870.8,1871.8,3934.6093
1785922200000,1871.9,1873.5,1871.8,1872.3,1109.1925
1785923100000,1872.4,1873,1870.9,1871,351.6145
1785924000000,1871.1,1872.1,1869.8,1870.7,1565.0698
1785924900000,1870.8,1873.4,1868.3,1872.7,1098.0652
1785925800000,1872.6,1875,1871.4,1873,778.8456
1785926700000,1873.1,1873.4,1865.3,1867.4,1099.8154
1785927600000,1867.6,1870.2,1867.4,1869.1,556.4976
1785928500000,1869,1869.2,1867.6,1867.7,373.3526
1785929400000,1867.8,1869.9,1867.2,1867.8,326.3203
1785930300000,1867.7,1868.4,1866.5,1868.1,506.3848
1785931200000,1868,1872.5,1867,1871.3,815.0071
1785932100000,1871.2,1883.9,1871,1882.3,14886.4313
1785933000000,1882.3,1884.5,1877.5,1879.2,2696.6367
1785933900000,1879.2,1879.2,1874.5,1875.4,1596.9832
1785934800000,1875.4,1876.8,1866.7,1868,8665.8107
1785935700000,1868,1871.2,1867.3,1869,5223.2987
1785936600000,1869,1871.6,1854.7,1869.2,17409.3091
1785937500000,1869.2,1878.5,1865.4,1877.5,3092.0817
1785938400000,1877.6,1882.7,1872.5,1878.4,14182.4852
1785939300000,1878.4,1880.4,1870.3,1870.9,6249.5294
1785940200000,1870.7,1874.5,1868.4,1874.1,4803.0423
1785941100000,1874,1877.6,1870.5,1875.2,2768.685
1785942000000,1875.1,1882,1874.3,1876.8,4550.5923
1785942900000,1876.8,1877.7,1872.4,1876.2,1549.8056
1785943800000,1876.3,1881.4,1876.2,1877,3034.2783
1785944700000,1877,1877.9,1872.3,1873.2,3199.8196
1785945600000,1872.9,1881.9,1872.6,1881.9,7196.6796
1785946500000,1881.9,1896.5,1880.4,1895.5,27405.4883
1785947400000,1895.5,1896.9,1890,1891.9,16521.3551
1785948300000,1891.9,1895,1887.8,1894.7,2398.801
1785949200000,1894.6,1898,1893,1894,6167.4784
1785950100000,1894,1894,1890.7,1891.7,3971.8
1785951000000,1891.7,1910.6,1891.5,1907.8,13862.0859
1785951900000,1907.7,1917.2,1906.4,1915.8,12286.2703
1785952800000,1916.1,1920.2,1913.4,1919.5,9815.4788
1785953700000,1919.6,1927,1917.7,1919.7,16693.4365
1785954600000,1919.7,1920.6,1914.7,1920.4,14480.5939
1785955500000,1920.5,1920.7,1915.6,1917.7,7699.6063
1785956400000,1917.5,1919.2,1915.2,1917.7,2560.2513
1785957300000,1917.7,1920,1916.6,1918.4,2645.5825
1785958200000,1918.4,1919.2,1915.2,1919.1,2924.9011
1785959100000,1919.2,1920.1,1916.1,1916.1,2451.4672
1785960000000,1916.2,1920.6,1915.3,1920.4,4354.4134
1785960900000,1920.3,1921.3,1918.1,1918.9,2109.0664
1785961800000,1919,1923.6,1917.6,1923.2,7461.476
1785962700000,1923.3,1923.7,1917.1,1917.2,6641.5226
1785963600000,1917.1,1917.2,1907.4,1913.2,8688.2321
1785964500000,1913.3,1913.4,1909.8,1909.8,1024.2087
1785965400000,1909.9,1911.6,1906.6,1908.1,5602.8056
1785966300000,1908,1909.6,1906.9,1908.1,1113.9595
1785967200000,1908,1912.5,1906.1,1911.1,3261.7397
1785968100000,1911,1912.7,1908.7,1910.9,6969.1998
1785969000000,1910.9,1911.7,1908.3,1908.3,1900.0708
1785969900000,1908.4,1910.7,1906.1,1906.2,7338.4708
1785970800000,1906.1,1909.6,1903.8,1908.8,3652.737
1785971700000,1908.8,1911.5,1907.4,1909.4,2000.3092
1785972600000,1909.5,1910.5,1908.6,1909.9,1671.8916
1785973500000,1909.6,1910.1,1907.1,1908.1,731.6163
1785974400000,1908.1,1911.5,1906.6,1910.1,2391.3865
1785975300000,1910.1,1913.5,1909,1911.5,1738.2853
1785976200000,1911.6,1912,1909,1909.1,822.3697
1785977100000,1909,1911.8,1908.3,1910.2,602.4571
1785978000000,1910.2,1910.8,1907.6,1908.7,3542.7509
1785978900000,1908.6,1909.8,1904.3,1904.4,979.4514
1785979800000,1904.3,1908.2,1902.7,1905.7,4616.0245
1785980700000,1905.7,1909.1,1905.6,1906.2,373.4054
1785981600000,1906.3,1910.3,1903.6,1903.9,1006.4928
1785982500000,1903.6,1905.1,1895.7,1897.5,6478.5778
1785983400000,1897.4,1899.6,1893.7,1899.1,5132.4673
1785984300000,1899.1,1900.6,1897.2,1898.2,1661.0063
1785985200000,1898.2,1898.3,1896.1,1897.3,1803.0067
1785986100000,1897.3,1897.4,1894.5,1895.8,5445.8022
1785987000000,1895.8,1898.3,1895.1,1896.7,4607.0837
1785987900000,1896.6,1898.7,1895.5,1898.2,3573.245
1785988800000,1898.2,1899.6,1895.1,1899.3,639.0894
1785989700000,1899.3,1905.8,1899.3,1905.2,3806.1989
1785990600000,1905.3,1907.9,1904.1,1904.9,3078.5114
1785991500000,1904.9,1907.4,1904.1,1906.9,2893.0202
1785992400000,1906.9,1916.6,1906.6,1914.2,8910.5766
1785993300000,1914.3,1918,1910.1,1910.9,6755.7399
1785994200000,1910.9,1912.4,1909.7,1912.4,2786.4032
1785995100000,1912.3,1913.6,1910.7,1913.4,595.884
1785996000000,1913.4,1913.9,1909.1,1909.4,2613.7426
1785996900000,1909.5,1913.6,1909,1912.3,2742.2814
1785997800000,1912.3,1913.6,1911.1,1913.1,513.3517
1785998700000,1913.1,1913.8,1911.8,1912.8,2403.9566
1785999600000,1912.9,1913.8,1911.4,1913.8,412.2523
1786000500000,1913.8,1914.4,1911.8,1911.9,551.2468
1786001400000,1911.8,1912,1905.9,1907.7,8322.6712
1786002300000,1907.7,1910.6,1907.3,1908.8,508.501
1786003200000,1908.8,1910.4,1907.9,1909.2,1264.1901
1786004100000,1909.2,1912.7,1908.4,1912.7,1521.8328
1786005000000,1912.7,1913.9,1911.6,1913,2583.1222
1786005900000,1912.9,1918.5,1912.7,1915.2,28465.5239
1786006800000,1915.2,1915.7,1905.9,1907.1,20548.3044
1786007700000,1907.1,1911,1906.5,1908.3,1936.5807
1786008600000,1908.3,1908.4,1905.9,1905.9,485.0827
1786009500000,1905.9,1907.7,1904.1,1907.1,1243.0964
1786010400000,1907,1907.1,1902.2,1902.5,3330.6178
1786011300000,1902.4,1905,1900.6,1904.6,7889.7016
1786012200000,1904.5,1904.9,1902.9,1903.5,2683.3591
1786013100000,1903.4,1904.2,1900.6,1901.3,2932.1444
1786014000000,1901.3,1901.8,1895.9,1901.6,2806.2095
1786014900000,1901.5,1906.3,1901.5,1905,1744.1932
1786015800000,1904.6,1908.5,1904.6,1908.1,2105.5046
1786016700000,1908.1,1908.2,1905,1906.8,2611.1297
1786017600000,1906.8,1907,1900.4,1901,3818.6831
1786018500000,1901,1905,1900.6,1904,2593.8984
1786019400000,1904,1905,1902.6,1903,734.4935
1786020300000,1902.9,1903.5,1898.1,1898.2,1399.6186
1786021200000,1898.1,1899.6,1892,1895.3,24692.6376
1786022100000,1895.3,1897.3,1894.1,1897,1819.248
1786023000000,1896.8,1907.3,1893.3,1905.7,5600.2431
1786023900000,1905.8,1910.3,1904.6,1906.9,4613.5377
1786024800000,1906.7,1910.9,1904.6,1907.5,3832.1801
1786025700000,1907.5,1911.8,1905.7,1906.2,1611.79
1786026600000,1906.2,1917.6,1902.7,1914.7,4632.923
1786027500000,1914.7,1915.1,1909.9,1913.9,4718.667
1786028400000,1914,1918.9,1912,1914.7,10793.5897
1786029300000,1914.6,1916.8,1911.9,1916.6,3819.825
1786030200000,1916.6,1918.9,1912.2,1913.2,20008.6391
1786031100000,1912.7,1917.8,1909.6,1910,12797.345
1786032000000,1910.1,1910.9,1908,1909.1,8519.0176
1786032900000,1909.2,1912.6,1908.3,1911.1,3145.3209
1786033800000,1911.1,1915.7,1909.3,1914.3,2505.4869
1786034700000,1914.3,1915.6,1912.1,1915.1,895.9286
1786035600000,1915.1,1917.7,1913.6,1913.7,4699.0926
1786036500000,1913.7,1915.4,1912.7,1913.7,674.845
1786037400000,1913.7,1916,1909.6,1911.9,1125.7421
1786038300000,1911.9,1914.3,1910.4,1913.3,658.2852
1786039200000,1913.3,1913.3,1908.2,1910.7,1288.3616
1786040100000,1910.7,1913,1908.9,1910.3,1715.3492
1786041000000,1910.4,1910.4,1904.5,1905.4,2594.2811
1786041900000,1905.1,1906.8,1903.1,1905.2,1482.1706
1786042800000,1905.2,1908.3,1905.1,1907.7,559.3519
1786043700000,1907.6,1908.8,1905.8,1906.1,914.2262
1786044600000,1906.1,1908.1,1905.4,1907.6,344.7767
1786045500000,1907.6,1910,1906.6,1909.1,2347.1187
1786046400000,1909.1,1909.8,1908.3,1908.4,1721.2282
1786047300000,1908.5,1909,1905.5,1906.2,3202.2257
1786048200000,1906.2,1908.1,1905.5,1907,918.7532
1786049100000,1907,1907,1905.7,1906.2,615.4869
1786050000000,1906.3,1908.3,1905.5,1907.2,10753.9822
1786050900000,1907.2,1908.5,1906.3,1906.7,1821.7526
1786051800000,1906.8,1907.9,1905.3,1906.5,5367.5224
1786052700000,1906.6,1906.8,1905.3,1905.6,5007.0216
1786053600000,1905.6,1906.6,1903.3,1906.1,499.9789
1786054500000,1906.2,1906.6,1902.1,1903.3,820.4681
1786055400000,1903.3,1904,1901.7,1902.5,1090.1179
1786056300000,1902.5,1904.9,1902.5,1904.7,193.1022
1786057200000,1904.4,1905,1903.5,1904.4,216.3583
1786058100000,1904.4,1904.5,1899.4,1900.4,6555.15
1786059000000,1900.7,1901.3,1897.4,1899,7275.3231
1786059900000,1899,1903,1898.4,1903,3212.7068
1786060800000,1902.9,1904.6,1899.8,1900.2,3323.7968
1786061700000,1900.2,1901.9,1899,1901,2195.0677
1786062600000,1900.8,1903.5,1899.2,1902.7,9792.2817
1786063500000,1902.7,1903.6,1900.9,1902.8,5876.3746
1786064400000,1903,1906.9,1902.4,1902.9,12930.7568
1786065300000,1902.7,1904.9,1901.9,1903.9,7517.7141
1786066200000,1903.9,1904,1898,1901,9094.7148
1786067100000,1901,1903.8,1901,1902.5,1434.6302
1786068000000,1902.5,1903,1897.1,1902,900.6036
1786068900000,1902,1907.6,1899.5,1899.6,3035.0805
1786069800000,1899.6,1901.8,1898.8,1901.7,521.016
1786070700000,1901.8,1903.9,1901.4,1901.8,930.8776
1786071600000,1901.9,1902.8,1899.6,1900,1157.1463
1786072500000,1900,1900.3,1898,1899.3,2911.9749
1786073400000,1899.3,1901.2,1898.3,1899.1,8668.0477
1786074300000,1899.1,1899.6,1895.5,1896.5,7732.7991
1786075200000,1896.5,1899.1,1895.1,1898,9313.8978
1786076100000,1898,1899.6,1896.4,1898.2,11996.3398
1786077000000,1898.2,1899.5,1896.9,1897.6,936.2994
1786077900000,1897.6,1897.6,1893.5,1896.5,1437.5235
1786078800000,1896.5,1897.7,1895.1,1896.9,2438.2546
1786079700000,1896.9,1897.1,1895.1,1895.5,1959.943
1786080600000,1895.6,1897.9,1894.6,1897.3,639.7639
1786081500000,1897.2,1901.6,1897,1900.8,2000.2107
1786082400000,1900.7,1903.2,1899.1,1903.2,1182.6918
1786083300000,1903.2,1906.9,1902.6,1904.7,5448.2832
1786084200000,1904.8,1905.6,1902.8,1903.6,4427.5945
1786085100000,1903.7,1904.6,1901.9,1903.5,1802.8175
1786086000000,1903.4,1906.2,1901.6,1905.3,697.8352
1786086900000,1905.4,1906,1904.4,1904.6,508.5026
1786087800000,1904.7,1904.7,1902.1,1902.3,659.5758
1786088700000,1902.3,1902.9,1901.3,1901.4,1433.3253
1786089600000,1901.4,1905.3,1901.1,1905.2,14146.5871
1786090500000,1905.3,1905.4,1903.7,1904.7,10286.6869
1786091400000,1904.7,1913.7,1904.7,1911.8,16738.2686
1786092300000,1911.9,1912,1908.5,1909.4,11206.3813
1786093200000,1909.4,1913.6,1909.4,1910,19601.1765
1786094100000,1910,1910,1909.3,1910,35013.3726
1786095000000,1909.9,1916.3,1909.1,1915.1,14436.5908
1786095900000,1915.1,1915.4,1912,1912.2,10751.9526
1786096800000,1912.2,1914.9,1911.6,1913.9,10059.4299
1786097700000,1914,1914,1911.9,1913.8,10277.5159
1786098600000,1913.8,1914,1911.5,1912.5,679.3128
1786099500000,1912.5,1913.5,1911.7,1911.8,641.5844
1786100400000,1911.8,1916,1911.7,1914.9,5164.9845
1786101300000,1915,1919.8,1913.1,1916,4243.7071
1786102200000,1915.9,1916.9,1914.4,1915.4,3180.341
1786103100000,1915.4,1915.5,1913.9,1915.1,254.968
1786104000000,1915.2,1936.6,1915.2,1932,31899.0477
1786104900000,1932,1932.8,1927.2,1931.4,6038.9507
1786105800000,1931.6,1939.4,1921.6,1928,13527.6679
1786106700000,1928,1934.6,1928,1931,9177.6288
1786107600000,1931.1,1932.8,1927.1,1928.2,11256.4534
1786108500000,1928.2,1930.7,1924,1926.9,10132.3168
1786109400000,1926.8,1934,1925.3,1931.5,10289.3754
1786110300000,1931.5,1931.8,1920.7,1922.7,10340.4687
1786111200000,1922.7,1922.8,1910.1,1911.8,19111.7449
1786112100000,1911.7,1924.2,1909.6,1922.7,5599.6058
1786113000000,1922.8,1925.3,1916.8,1917.2,2129.5808
1786113900000,1917.2,1920,1911.2,1912.6,2713.1431
1786114800000,1912.8,1919.2,1912.1,1914.7,5389.216
1786115700000,1914.8,1917.9,1913.5,1915.9,2204.5947
1786116600000,1916,1920.1,1915.4,1919.5,1338.2172
1786117500000,1919.6,1919.6,1916.2,1916.7,493.9365
1786118400000,1917.3,1924,1917.3,1922.5,2276.0946
1786119300000,1922.4,1923.2,1912.6,1913.4,7092.3728
1786120200000,1913.4,1915.1,1911,1914.2,3158.3744
1786121100000,1914.3,1915.4,1908.3,1908.4,3450.3589
1786122000000,1908.4,1910.6,1904.9,1906.1,6843.7277
1786122900000,1906.1,1909.6,1905.2,1907.5,13736.8694
1786123800000,1907.2,1911.7,1904.6,1911.6,21555.3804
1786124700000,1911.6,1912.5,1906.4,1911.7,7711.7803
1786125600000,1911.6,1914.4,1911.4,1913,938.3219
1786126500000,1913.1,1914.2,1911.6,1911.9,1883.8449
1786127400000,1911.9,1912.9,1907,1907.1,3500.8873
1786128300000,1907,1909,1904.9,1908.7,10688.649
1786129200000,1908.5,1913.8,1908.5,1912.6,2948.9716
1786130100000,1912.7,1917.4,1912.7,1915.8,2751.696
1786131000000,1915.9,1918.1,1915.8,1917.3,2489.8963
1786131900000,1917.3,1919.4,1916.6,1918.2,4048.7536
1786132800000,1918.1,1919.4,1916.3,1917.5,746.2127
1786133700000,1917.4,1917.5,1915.4,1916,210.7112
1786134600000,1915.9,1915.9,1914.1,1914.4,1903.4799
1786135500000,1914.4,1914.9,1913.3,1913.7,532.0146
1786136400000,1913.7,1915,1913,1913.8,2527.5395
1786137300000,1913.8,1915.2,1911.8,1913,556.0198
1786138200000,1913,1919.4,1912.8,1917,2875.3578
1786139100000,1917.4,1917.4,1915.1,1915.4,1157.8763
1786140000000,1915.3,1915.4,1913.7,1914.7,304.1796
1786140900000,1914.6,1915.5,1914.1,1914.1,310.5159
1786141800000,1914.2,1914.8,1913,1913.4,358.453
1786142700000,1913.4,1913.8,1913.3,1913.8,161.39
1786143600000,1913.7,1915.2,1913.7,1915.1,819.3618
1786144500000,1915.2,1915.2,1914,1914.1,360.0476
1786145400000,1914,1914.7,1914,1914.7,309.3166
1786146300000,1914.7,1915.2,1913,1913.1,323.1548
1786147200000,1913,1913.6,1911.7,1913.3,525.3674
1786148100000,1913.3,1913.3,1911.5,1913.3,271.3427
1786149000000,1913.3,1913.9,1913.2,1913.7,1455.502
1786149900000,1913.8,1913.8,1913,1913.2,607.1974
1786150800000,1913.2,1914.2,1913.2,1913.6,426.199
1786151700000,1913.6,1915,1913.3,1914,986.9392
1786152600000,1914.1,1914.5,1914,1914.4,189.5399
1786153500000,1914.4,1914.5,1913.5,1913.5,115.1344
1786154400000,1913.6,1913.6,1912.6,1912.6,236.3414
1786155300000,1912.6,1912.7,1911.3,1912.2,118.5909
1786156200000,1912.3,1913.3,1912.1,1912.1,1075.7976
1786157100000,1912.2,1912.2,1911.7,1912.1,181.3034
1786158000000,1912.1,1913.3,1912.1,1913.2,681.7789
1786158900000,1913.3,1915.5,1913.2,1915.5,556.2193
1786159800000,1915.5,1918.4,1915.5,1916.9,4944.924
1786160700000,1917,1917.6,1916.3,1917.5,205.5732
1786161600000,1917.6,1918.6,1915.7,1916,450.6286
1786162500000,1916.1,1916.6,1915.8,1916.5,266.8009
1786163400000,1916.5,1917.9,1916.4,1917.1,129.7006
1786164300000,1917.2,1917.6,1916.1,1916.1,646.0803
1786165200000,1916.2,1916.4,1915.9,1916,119.4336
1786166100000,1916,1916.5,1915.2,1916,274.652
1786167000000,1916,1918,1915.9,1917.5,389.5524
1786167900000,1917.5,1917.5,1915.1,1916.5,435.7863
1786168800000,1916.5,1917,1916.2,1916.6,59.138
1786169700000,1916.6,1916.6,1915.7,1915.9,258.1144
1786170600000,1916,1916.2,1915.6,1915.9,124.588
1786171500000,1916.1,1917,1915.4,1915.6,290.2732
1786172400000,1915.6,1916,1915.1,1915.5,892.387
1786173300000,1915.5,1915.5,1914.6,1914.6,2449.1881
1786174200000,1914.6,1914.7,1913,1913.7,584.0708
1786175100000,1913.7,1914.3,1913.5,1914.2,212.6021
1786176000000,1914.1,1914.5,1913.7,1914.5,394.863
1786176900000,1914.6,1915,1914.3,1914.9,1059.8771
1786177800000,1914.9,1916.6,1914.8,1916.5,3420.3002
1786178700000,1916.6,1916.6,1915.6,1916,1667.5909
1786179600000,1916,1916.5,1915.8,1916,265.5698
1786180500000,1916,1916.1,1915.4,1915.6,1235.2549
1786181400000,1915.5,1921.6,1915.5,1918.2,1586.3978
1786182300000,1918.2,1919,1917.8,1918,343.8226
1786183200000,1918,1919.7,1917.9,1919.3,249.1438
1786184100000,1919.4,1921.6,1919.3,1921.6,1559.5957
1786185000000,1921.6,1921.6,1920,1920.1,1219.2437
1786185900000,1920.1,1920.4,1919.3,1920.4,1308.1095
1786186800000,1920.3,1922.4,1920.3,1921.1,793.1728
1786187700000,1921,1921.1,1919,1919.1,391.6616
1786188600000,1919.1,1919.2,1918.6,1918.9,1343.6461
1786189500000,1918.9,1920.3,1918.8,1920.3,2027.5209
1786190400000,1920.3,1920.3,1918.2,1920.1,3418.8977
1786191300000,1920.1,1921.4,1919.3,1919.3,539.8976
1786192200000,1919.4,1920.2,1919,1919.7,1019.8116
1786193100000,1919.8,1920.1,1918.6,1918.7,322.8323
1786194000000,1918.7,1919.8,1918.6,1919,732.7626
1786194900000,1919.1,1919.2,1918.5,1918.6,366.1525
1786195800000,1918.6,1918.7,1918,1918.7,383.519
1786196700000,1918.7,1919.3,1918,1919.2,406.1877
1786197600000,1919.3,1921,1919.2,1921,587.2466
1786198500000,1920.9,1923.2,1920.7,1923.2,2561.9079
1786199400000,1923.2,1925.8,1921.3,1921.4,2897.2283
1786200300000,1921.4,1924.7,1921.3,1923,1872.4044
1786201200000,1923.1,1924,1921.5,1922.4,1474.5711
1786202100000,1922.4,1923.4,1921.6,1921.9,2886.6326
1786203000000,1921.8,1921.9,1920.6,1921.3,835.2543
1786203900000,1921.4,1922.6,1920.7,1922.1,413.793
1786204800000,1922,1924.1,1922,1922,1622.7457
1786205700000,1922.1,1922.6,1921.5,1921.5,619.4168
1786206600000,1921.6,1921.6,1920.8,1921.4,717.8545
1786207500000,1921.4,1921.9,1921.3,1921.9,660.1778
1786208400000,1921.9,1922.7,1921.6,1922.6,737.3393
1786209300000,1922.6,1923.3,1922.1,1923.2,661.3794
1786210200000,1923.3,1925.7,1923.2,1924.6,3997.9049
1786211100000,1924.7,1924.7,1923.2,1923.3,1218.51
1786212000000,1923.3,1923.3,1921.7,1921.8,1229.9162
1786212900000,1921.9,1921.9,1919.2,1920,711.6728
1786213800000,1919.8,1921.1,1919.6,1920.6,334.2006
1786214700000,1920.6,1920.7,1920.4,1920.5,522.2885
1786215600000,1920.6,1920.9,1920.5,1920.6,240.1592
1786216500000,1920.6,1920.8,1919.2,1919.2,523.5059
1786217400000,1919.2,1919.7,1919,1919.5,281.9689
1786218300000,1919.4,1920.9,1919.2,1919.8,456.2678
1786219200000,1919.7,1919.7,1919.3,1919.7,571.7803
1786220100000,1919.6,1920,1919,1919.1,1207.8356
1786221000000,1919,1920.6,1919,1920.4,947.5606
1786221900000,1920.3,1920.7,1919.5,1919.8,318.7503
1786222800000,1919.8,1920.2,1919.7,1920,251.8931
1786223700000,1919.9,1920.9,1919.8,1920.3,483.9011
1786224600000,1920.4,1921.9,1919.9,1921.9,593.8652
1786225500000,1921.9,1921.9,1919.8,1920.1,401.3739
1786226400000,1920.1,1920.7,1918.6,1918.8,3202.356
1786227300000,1918.8,1920.1,1918.7,1920.1,3191.7064
1786228200000,1920.1,1920.1,1918.8,1919.2,2727.7884
1786229100000,1919.1,1919.2,1915.8,1916,3155.4789
1786230000000,1915.9,1916.1,1914.4,1914.9,909.87
1786230900000,1914.9,1916.8,1914.2,1916.4,435.6194
1786231800000,1916.2,1918.1,1916.1,1917.9,344.4769
1786232700000,1918,1918,1916,1916,668.2453
1786233600000,1916.1,1917.8,1915.7,1917.8,1169.9225
1786234500000,1917.7,1917.8,1917,1917,289.7503
1786235400000,1917,1917.7,1916.8,1917.4,340.9564
1786236300000,1917.3,1917.8,1916,1917.6,685.4028
1786237200000,1917.5,1919.4,1916.9,1918.3,1547.937
1786238100000,1918.4,1918.4,1913.8,1913.8,5320.0845
1786239000000,1913.8,1915.4,1913,1914.9,1625.7318
1786239900000,1914.9,1915.2,1913.8,1915.2,445.8364
1786240800000,1915.2,1915.6,1914.4,1915.6,507.2667
1786241700000,1915.6,1915.6,1914.6,1915.4,720.8071
1786242600000,1915.3,1915.4,1914,1914.1,627.4075
1786243500000,1914,1914.6,1913,1914.3,455.0631
1786244400000,1914.2,1914.2,1911.7,1912.2,1015.4057
1786245300000,1912.2,1913.2,1912,1913.1,458.798
1786246200000,1913.1,1913.8,1913.1,1913.7,363.5524
1786247100000,1913.6,1913.8,1913.5,1913.6,289.144
1786248000000,1913.6,1915.3,1913.3,1914.9,3852.1634
1786248900000,1914.8,1915,1912.7,1913.6,3729.5072
1786249800000,1913.5,1913.6,1912.8,1912.9,389.4427
1786250700000,1912.8,1912.8,1912.6,1912.8,222.9061
1786251600000,1912.7,1913.8,1912.6,1913.4,424.6882
1786252500000,1913.3,1914.4,1913.3,1913.8,211.4253
1786253400000,1913.7,1913.9,1913.4,1913.5,387.6415
1786254300000,1913.4,1913.8,1913.3,1913.8,618.1421
1786255200000,1913.8,1914.9,1913.5,1914.9,872.9018
1786256100000,1914.9,1916.5,1914.8,1916.5,457.6845
1786257000000,1916.5,1917.3,1916.4,1917.2,609.954
1786257900000,1917.2,1918.8,1917.1,1918.6,563.656
1786258800000,1918.7,1918.8,1917.9,1918,927.6475
1786259700000,1918,1918,1916.5,1917.2,502.0745
1786260600000,1917.2,1917.2,1916.7,1916.9,298.2868
1786261500000,1916.8,1918.4,1916.7,1918.4,320.5019
1786262400000,1918.3,1924.2,1918.3,1922.1,1577.886
1786263300000,1922,1922.1,1920.4,1920.7,832.0122
1786264200000,1920.7,1920.8,1913.7,1914.1,1285.2648
1786265100000,1914.2,1915.1,1913.7,1915.1,512.836
1786266000000,1915.1,1915.9,1914.4,1914.7,594.1322
1786266900000,1914.7,1914.8,1912.7,1913.8,687.3901
1786267800000,1913.8,1916.3,1913.2,1916,1385.3197
1786268700000,1916,1920.8,1915.9,1920.8,918.7697
1786269600000,1920.8,1921.8,1920.7,1921.4,952.6753
1786270500000,1921.3,1921.4,1920.1,1920.1,830.9646
1786271400000,1920.1,1920.2,1918.8,1919.3,1151.0272
1786272300000,1919.2,1920.1,1919.1,1919.3,424.0573
1786273200000,1919.4,1920.2,1919.3,1920.2,761.0193
1786274100000,1920.2,1920.9,1920.1,1920.4,319.6718
1786275000000,1920.3,1920.7,1919.8,1919.9,767.5031
1786275900000,1919.9,1920,1917.8,1918.2,426.8513
1786276800000,1918.2,1918.3,1916,1917.5,437.9477
1786277700000,1917.4,1917.7,1916.9,1917.7,314.9494
1786278600000,1917.6,1917.9,1916.8,1916.8,439.7513
1786279500000,1916.9,1917.5,1916.5,1917.1,266.0364
1786280400000,1917.1,1919.6,1917,1919.6,873.1377
1786281300000,1919.6,1925,1919.6,1924.6,5429.1816
1786282200000,1924.5,1924.8,1921.7,1922.3,2342.4912
1786283100000,1922.3,1922.9,1922.2,1922.9,695.0728
1786284000000,1922.8,1925.3,1922,1925,1587.7528
1786284900000,1925,1925,1922.2,1922.8,599.524
1786285800000,1922.8,1924.8,1922.7,1922.9,1094.7172
1786286700000,1922.9,1926.2,1922.8,1924.6,3082.9369
1786287600000,1924.6,1926.7,1923.7,1926.3,2584.9055
1786288500000,1926.2,1927,1926,1926.1,4896.2464
1786289400000,1926.1,1926.1,1925.7,1925.8,1165.505
1786290300000,1925.7,1926.8,1925.7,1925.9,2786.7016
1786291200000,1926,1926,1924,1924.2,1833.6696
1786292100000,1924.2,1925,1920.9,1921.9,1421.9488
1786293000000,1921.8,1924.8,1921.8,1924.8,473.6189
1786293900000,1924.7,1925.2,1923.7,1923.8,1161.3962
1786294800000,1923.8,1924.1,1922.8,1924.1,655.2837
1786295700000,1924,1924.2,1923.4,1924.1,300.4615
1786296600000,1924,1924.2,1923.9,1924,1060.7931
1786297500000,1924,1924,1922.7,1922.7,811.9667
1786298400000,1922.6,1923.6,1922.3,1922.4,500.254
1786299300000,1922.3,1922.4,1919.8,1921.5,688.2778
1786300200000,1921.6,1921.7,1920.5,1920.5,2718.3445
1786301100000,1920.6,1920.8,1920.5,1920.7,270.7164
1786302000000,1920.8,1921.6,1920.7,1921.1,626.2672
1786302900000,1921.1,1921.6,1921,1921.5,203.92
1786303800000,1921.5,1922.3,1921.5,1922.2,1504.4782
1786304700000,1922.2,1922.3,1921.1,1921.7,548.8982
1786305600000,1921.7,1921.9,1918.7,1918.7,1298.3771
1786306500000,1918.7,1919.9,1917.6,1919.8,765.2239
1786307400000,1919.9,1920.6,1919.6,1919.8,614.6413
1786308300000,1919.7,1920.4,1919.6,1920.4,428.2962
1786309200000,1920.4,1920.8,1919.1,1920.8,472.3579
1786310100000,1920.8,1924,1920.7,1923.9,871.7027
1786311000000,1924,1926.1,1923.6,1925,868.8105
1786311900000,1925,1926.3,1923.9,1924.5,771.3491
1786312800000,1924.5,1935.6,1924.5,1932.7,3393.0865
1786313700000,1932.8,1937.5,1928.7,1928.8,3798.1032
1786314600000,1929,1930,1915.8,1918.6,4967.1751
1786315500000,1918.6,1919.5,1914.3,1918.9,2561.0571
1786316400000,1919,1919.9,1916,1917.2,1221.716
1786317300000,1917.2,1917.4,1913.1,1913.7,3673.1971
1786318200000,1913.4,1913.4,1908.2,1910.2,8263.4423
1786319100000,1910.1,1911.6,1906.8,1909.9,1816.8755
1786320000000,1910,1927.1,1908,1920.8,4912.7704
1786320900000,1920.9,1921.8,1913.2,1913.4,2050.7991
1786321800000,1913.4,1915.4,1905.2,1906.4,2326.8305
1786322700000,1906.3,1916.5,1906.1,1911.6,3498.3239
1786323600000,1911.9,1914.5,1906.8,1913.4,5368.7891
1786324500000,1913.4,1917.6,1913.4,1914.4,4607.5008
1786325400000,1914.4,1915.8,1911.6,1914.5,635.3963
1786326300000,1914.6,1930.6,1914.1,1924.2,6431.6389
1786327200000,1924.2,1925,1920,1920.7,1712.6954
1786328100000,1920.7,1920.8,1912,1914.8,3703.7789
1786329000000,1914.9,1926.1,1914.7,1925.5,3262.1377
1786329900000,1925.5,1925.5,1921.8,1923.2,6671.2857
1786330800000,1923.3,1923.9,1914.7,1915.3,1420.4595
1786331700000,1915.5,1924.1,1913.1,1917.8,974.7085
1786332600000,1917.8,1920.2,1916.7,1918.9,596.9705
1786333500000,1918.9,1920.1,1915.9,1916.5,755.1386
1786334400000,1916.6,1919.6,1916,1919.2,416.5283
1786335300000,1919.4,1920.2,1918.2,1918.8,255.2778
1786336200000,1918.8,1919.8,1911.3,1915.9,11254.7513
1786337100000,1915.9,1917.6,1913.5,1914.5,705.5526
1786338000000,1914.5,1917.8,1914.4,1915,804.3986
1786338900000,1915,1920.1,1915,1919.3,7886.7464
1786339800000,1919.2,1921.9,1919,1920.7,4911.437
1786340700000,1920.7,1924.2,1920.3,1922.8,947.2379
1786341600000,1922.8,1926.8,1922.5,1925,2573.2497
1786342500000,1924.9,1928.8,1923.6,1924.7,3038.3634
1786343400000,1924.7,1926.6,1924.3,1926.6,1224.2787
1786344300000,1926.6,1928.2,1925.7,1927.1,3178.8447
1786345200000,1927.2,1927.6,1925.7,1926.2,860.9148
1786346100000,1926.2,1928.8,1925.3,1928.8,1417.681
1786347000000,1928.7,1929.9,1927.2,1927.2,6121.8231
1786347900000,1927.2,1927.4,1924,1924.2,898.0422
1786348800000,1924.3,1927.4,1924.3,1926.1,685.7466
1786349700000,1926.2,1928.9,1925.4,1927.2,1462.8596
1786350600000,1927.1,1927.7,1922.6,1924.6,1345.1924
1786351500000,1924.6,1926.8,1923.8,1926.3,2262.5932
1786352400000,1926.2,1926.5,1924.6,1926.1,1381.5498
1786353300000,1926.1,1926.1,1922,1922,2279.6723
1786354200000,1921.9,1921.9,1916.9,1917.3,3761.9514
1786355100000,1917.4,1917.4,1915.5,1915.6,3141.7974
1786356000000,1915.7,1919.2,1915.4,1919.1,4091.4552
1786356900000,1919.2,1920.1,1918.5,1918.8,3058.5974
1786357800000,1918.8,1919,1916.1,1917.2,406.8695
1786358700000,1917.3,1918.1,1916.6,1917,398.1148
1786359600000,1917.1,1917.3,1914.1,1915.8,10003.9281
1786360500000,1915.8,1919.1,1915.8,1918.3,1133.6921
1786361400000,1918.4,1919.8,1917.5,1917.5,1949.0499
1786362300000,1917.6,1920.4,1917.4,1919.5,1694.1174
1786363200000,1919.6,1922.6,1919,1920.2,1519.6236
1786364100000,1920.2,1920.2,1915.9,1916.2,2463.4682
1786365000000,1916.1,1916.1,1911,1915,4977.0053
1786365900000,1914.9,1914.9,1904.3,1905.3,7069.0027
1786366800000,1905.2,1909,1904.2,1908.2,3582.7684
1786367700000,1908.1,1909.8,1905.9,1907.3,1924.4817
1786368600000,1907.3,1908.3,1898,1900.5,24788.6205
1786369500000,1900.4,1902.3,1894.1,1896.9,7485.5253
1786370400000,1896.8,1901.9,1896.3,1900.5,5469.4839
1786371300000,1900.5,1901.8,1896.6,1899.2,1391.5159
1786372200000,1899.1,1901.6,1897,1899.6,1184.6441
1786373100000,1899.6,1900.6,1891,1892.6,25472.8051
1786374000000,1892.6,1892.6,1873.8,1875,34528.953
1786374900000,1875.1,1879.8,1870,1875.9,27930.9332
1786375800000,1876,1880,1874.1,1877.8,26463.9233
1786376700000,1878.1,1879.5,1875.6,1875.7,7595.7784
1786377600000,1875.6,1877.9,1873.9,1874.9,3081.5123
1786378500000,1874.9,1876.4,1867.7,1874.3,8525.6976
1786379400000,1874.3,1877.1,1871.7,1871.9,2014.0683
1786380300000,1872,1872.5,1867.8,1871.1,5651.4622
1786381200000,1871.5,1874.8,1867.5,1873.9,21209.6069
1786382100000,1873.9,1875.8,1872,1873.3,3838.5256
1786383000000,1873.2,1876.2,1873,1874.7,1605.4043
1786383900000,1874.7,1874.7,1872,1872.5,1633.8975
1786384800000,1872.6,1874.2,1870.8,1870.8,1903.6986
1786385700000,1870.8,1873.5,1870.3,1871.3,733.8425
1786386600000,1871.3,1872.2,1868.7,1871.9,1623.8736
1786387500000,1871.9,1872.6,1867,1871.8,1462.0699
1786388400000,1871.9,1874.3,1871.2,1874.1,1213.2352
1786389300000,1874.2,1878,1874.1,1877.9,8522.2049
1786390200000,1878,1879.7,1875.7,1878.1,3237.7831
1786391100000,1878,1878.8,1876,1877.5,3726.0122
1786392000000,1877.5,1878.5,1876.8,1877.7,1086.4691
1786392900000,1877.6,1878.6,1876.9,1878.6,1081.5038
1786393800000,1878.5,1880.3,1878.2,1879.9,845.1161
1786394700000,1879.8,1879.8,1878,1879,1299.1155
1786395600000,1878.7,1878.8,1874.6,1874.6,2838.321
1786396500000,1874.6,1875.9,1873.2,1875.9,2425.9445
1786397400000,1875.9,1876.9,1874.3,1875.4,742.373
1786398300000,1875.2,1875.5,1872.6,1873.3,2321.7649
1786399200000,1873.3,1876.7,1871.9,1876.1,829.2623
1786400100000,1876.2,1877.1,1874.2,1875.9,1191.2568
1786401000000,1875.8,1875.9,1870.9,1873.4,8389.9793
1786401900000,1873.4,1875.2,1873.2,1875.2,1009.7629
1786402800000,1875.2,1875.2,1872.7,1873.6,1393.1061
1786403700000,1873.6,1874.3,1871.5,1872.7,425.3321
1786404600000,1872.7,1872.8,1869.3,1871.9,7930.9785
1786405500000,1871.7,1873,1870.8,1872.5,939.7718
1786406400000,1872.5,1872.6,1869.7,1872.6,2637.7177
1786407300000,1872.6,1874.8,1871,1874.8,931.9813
1786408200000,1874.8,1875,1871.8,1873,582.3554
1786409100000,1873,1874.8,1872.6,1874.5,192.658
1786410000000,1874.5,1876.8,1872.6,1876.4,460.3205
1786410900000,1876.4,1877.6,1873.2,1877,4854.3835
1786411800000,1877,1877.1,1873.6,1874.9,547.7126
1786412700000,1874.8,1877.8,1874.5,1877.3,1544.9208
1786413600000,1877.1,1878.5,1876.8,1877,3302.5969
1786414500000,1877,1877.6,1876.6,1876.8,145.941
1786415400000,1876.7,1877.5,1876.6,1877.5,192.5582
1786416300000,1877.5,1877.7,1876.8,1877.6,218.6917
1786417200000,1877.6,1879.5,1877.5,1879.2,1750.5536
1786418100000,1879.2,1880.4,1878.8,1879.5,873.6555
1786419000000,1879.5,1880.8,1879.3,1879.7,68.8373
1786419900000,1879.7,1880.1,1879.3,1880,207.6028
1786420800000,1880.1,1880.9,1878.6,1878.7,1602.0245
1786421700000,1878.6,1879.4,1878.6,1878.9,436.7248
1786422600000,1878.8,1878.9,1876.6,1876.9,1269.6976
1786423500000,1876.8,1877.2,1875.1,1875.1,585.4873
1786424400000,1875.1,1875.7,1874.7,1875.6,677.7021
1786425300000,1875.7,1875.7,1870.3,1873.3,12398.1472
1786426200000,1873.2,1876,1872.8,1875.9,7952.2321
1786427100000,1875.9,1875.9,1873.2,1873.2,1317.0752
1786428000000,1873.2,1874.3,1871.3,1873.4,704.6374
1786428900000,1873.5,1874,1871.6,1871.9,3085.9951
1786429800000,1871.8,1873.9,1870.6,1872.8,11255.3108
1786430700000,1872.8,1873.4,1870.7,1873.4,2166.8876
1786431600000,1873.4,1875,1873,1873,1165.2229
1786432500000,1873.1,1873.1,1870.1,1870.8,2850.0222
1786433400000,1870.8,1878.7,1870.7,1877.4,11802.4515
1786434300000,1877.3,1878.5,1875.6,1876.9,1552.0497
1786435200000,1876.9,1878.5,1874.8,1875,6675.2939
1786436100000,1875,1876.5,1874.8,1876,548.9897
1786437000000,1876,1878.4,1875.6,1877.5,3424.5554
1786437900000,1877.6,1880.3,1876.6,1878.8,7484.7007
1786438800000,1878.9,1879,1877,1877,3558.5433
1786439700000,1877.1,1879.9,1876.9,1879.2,2209.1688
1786440600000,1879.2,1879.9,1878.4,1879.8,2039.8607
1786441500000,1879.8,1884.5,1879.8,1884.5,3790.6734
1786442400000,1884.5,1888,1883.6,1884.3,13959.7126
1786443300000,1884.2,1887.4,1882.3,1886.6,2460.6813
1786444200000,1886.6,1887.2,1884.9,1885.6,901.5616
1786445100000,1885.7,1887.2,1885,1885.5,1587.5756
1786446000000,1885.5,1894.7,1885.5,1892.7,9398.6705
1786446900000,1892.8,1893.2,1890.2,1890.8,1262.6682
1786447800000,1890.9,1892,1890.5,1891.1,1680.8931
1786448700000,1891.1,1893.1,1891.1,1892.2,1236.3569
1786449600000,1892.1,1896.7,1892.1,1894.4,1467.0544
1786450500000,1894.3,1894.6,1888.3,1888.9,4663.1652
1786451400000,1888.9,1891.4,1887.6,1887.7,2839.5039
1786452300000,1887.7,1888.4,1886.5,1886.9,620.2757
1786453200000,1887,1890.9,1885.9,1888.6,5837.4677
1786454100000,1888.6,1888.6,1884,1886,2033.526
1786455000000,1886,1891.5,1882.7,1889.7,3327.5332
1786455900000,1889.6,1891.2,1886.8,1889.2,2731.1284
1786456800000,1889.2,1889.6,1885.5,1888.7,1253.7918
1786457700000,1888.7,1890.7,1874.8,1879.7,10685.1168
1786458600000,1879.8,1880.3,1873.3,1876.1,14170.6291
1786459500000,1876.1,1877.7,1869.4,1872.7,4639.117
1786460400000,1872.7,1876.9,1871.9,1872.7,2525.7325
1786461300000,1872.7,1876.7,1868.4,1876.7,4626.6773
1786462200000,1876.6,1876.7,1852.7,1858.9,18403.3737
1786463100000,1858.5,1863,1855.6,1862,4444.4484
1786464000000,1862,1865.3,1858.9,1863.9,4198.0234
1786464900000,1864.3,1866.4,1862.2,1863.1,3244.2624
1786465800000,1863.3,1865.7,1862,1863,825.3305
1786466700000,1863,1864.7,1862.4,1864,359.0433
1786467600000,1863.9,1865.7,1862.3,1863.6,2341.9622
1786468500000,1863.6,1867,1862.2,1865.1,3111.2291
1786469400000,1865.1,1865.5,1862.6,1864.3,1349.8392
1786470300000,1864.2,1866.2,1862.5,1864.3,589.4417
1786471200000,1864.1,1864.7,1862.5,1863.5,1525.5968
1786472100000,1863.4,1865.2,1861.2,1861.5,1828.3702
1786473000000,1861.4,1865.9,1859.7,1863.2,2056.8072
1786473900000,1863.1,1865.2,1863,1865,1876.2843
1786474800000,1864.9,1865.4,1862.1,1862.2,1009.6138
1786475700000,1862.2,1869.6,1862.1,1869.3,8716.9737
1786476600000,1869.4,1871.9,1867.9,1871,5806.2175
1786477500000,1871.1,1884.1,1870.6,1881.2,14640.8505
1786478400000,1881.2,1884.7,1880.4,1881.8,3887.7296
1786479300000,1881.9,1881.9,1878.2,1880.4,3473.5231
1786480200000,1880.4,1883,1878.5,1878.5,2537.8937
1786481100000,1878.6,1881.4,1878.5,1881.3,820.2061
1786482000000,1881.3,1885,1880.5,1883.3,7219.442
1786482900000,1883.3,1883.8,1879.6,1880.7,2704.3001
1786483800000,1880.7,1881.8,1879.4,1881.5,395.8893
1786484700000,1881.6,1884.6,1881.3,1884.4,4693.1463
1786485600000,1884.5,1886.7,1882,1883.4,2992.8775
1786486500000,1883.3,1884.8,1882.4,1883.1,213.1871
1786487400000,1883.1,1884.1,1879.5,1879.7,8699.649
1786488300000,1879.7,1882.3,1878.6,1881.4,352.7818
1786489200000,1881.4,1881.4,1878.4,1878.6,452.1392
1786490100000,1878.6,1880.4,1878,1880.4,3833.6565
1786491000000,1880.4,1884,1880.1,1883.8,14688.8777
1786491900000,1883.8,1884.1,1882,1882,2140.1142
1786492800000,1882.1,1882.1,1880.3,1881.4,1875.5506
1786493700000,1881.5,1882.9,1880.2,1881.6,1394.6788
1786494600000,1881.6,1883,1880.8,1881.2,210.1081
1786495500000,1881.2,1882.6,1881.1,1882,201.8164
1786496400000,1882,1885.4,1881.9,1885.4,1643.602
1786497300000,1885.4,1886.1,1881.7,1882.6,3652.0478
1786498200000,1882.6,1885.5,1880.4,1885,2001.4235
1786499100000,1884.9,1886,1883,1884.2,1261.6337
1786500000000,1884.3,1887.6,1884.3,1885.4,2346.9687
1786500900000,1885.4,1886.5,1883.5,1886.2,1595.3185
1786501800000,1886.4,1887,1883.6,1884.5,2813.7475
1786502700000,1884.6,1885.3,1883.1,1883.9,1662.5096
1786503600000,1883.9,1885.5,1882.4,1882.8,3708.3639
1786504500000,1882.9,1884.1,1882.5,1883.5,1641.1239
1786505400000,1883.5,1886.9,1882.8,1886.2,1429.6146
1786506300000,1886.2,1886.9,1885.6,1886.3,1396.0717
1786507200000,1886.4,1887.4,1885.1,1887.1,1712.9568
1786508100000,1887.2,1892.9,1886.8,1889.2,13364.1957
1786509000000,1889.1,1889.2,1887,1888.3,2346.7046
1786509900000,1888.3,1890.9,1888.2,1889.2,2606.4243
1786510800000,1889.2,1890.6,1886.4,1889.6,1847.9447
1786511700000,1889.7,1890.7,1889.6,1889.9,1734.9021
1786512600000,1889.9,1891.8,1889.9,1891.7,5836.7675
1786513500000,1891.8,1892.3,1890.9,1891.6,3213.5583
1786514400000,1891.5,1891.6,1887.5,1887.5,1984.1986
1786515300000,1887.5,1889.3,1885.4,1886.2,2010.1102
1786516200000,1886.1,1886.4,1885.1,1885.4,1875.8933
1786517100000,1885.4,1887.2,1885.4,1887.2,651.9547
1786518000000,1887.2,1890.9,1887.1,1889.7,551.2314
1786518900000,1889.7,1890.2,1889.2,1889.2,505.8087
1786519800000,1889.3,1891.2,1888,1888.3,1529.9951
1786520700000,1888.3,1891.2,1886,1891.1,1237.4496
1786521600000,1891.1,1895.6,1890.3,1892,4836.5031
1786522500000,1892.1,1894.2,1892,1892.3,822.5566
1786523400000,1892.3,1892.3,1890.7,1890.7,310.1561
1786524300000,1890.8,1891.7,1890.4,1890.4,317.9734
1786525200000,1890.5,1892.5,1889.6,1892.5,275.6267
1786526100000,1892.4,1904.7,1892.4,1903.2,10445.1601
1786527000000,1903.3,1909.4,1902.3,1904.4,8978.745
1786527900000,1904.4,1905.6,1902.3,1905.5,3599.3051
1786528800000,1905.6,1915,1905.6,1911.4,20100.0265
1786529700000,1911.4,1915,1910.8,1910.8,8715.8662
1786530600000,1910.8,1912.8,1909.7,1911.2,1176.0707
1786531500000,1911.2,1911.6,1907.3,1908.7,1926.0417
1786532400000,1908.6,1910.8,1906.7,1908.4,5785.4899
1786533300000,1908.4,1913.1,1908.4,1913,6528.3
1786534200000,1913,1914.9,1911.2,1912.9,2111.6086
1786535100000,1913,1915.4,1912.9,1915.3,2588.9583
1786536000000,1915.4,1917.6,1913.9,1913.9,2274.07
1786536900000,1913.9,1923,1913.5,1922,5267.0033
1786537800000,1921.9,1924.3,1907,1908.8,24673.3303
1786538700000,1908.9,1913.2,1904.8,1910.9,8599.6927
1786539600000,1911,1912.1,1905.2,1908.2,7293.7352
1786540500000,1908.1,1910,1905.2,1906.8,10355.718
1786541400000,1906.8,1907.8,1900.6,1904.2,6714.0215
1786542300000,1904.2,1907.3,1899.3,1900.8,6275.4686
1786543200000,1900.8,1902.9,1888.3,1899.1,31789.7666
1786544100000,1899.1,1899.1,1891.2,1891.5,2283.806
1786545000000,1891.2,1893.6,1886.7,1891.5,7195.0586
1786545900000,1891.6,1894.8,1884.5,1886.8,5713.5401
1786546800000,1886.8,1893.2,1883.8,1892.2,2593.1021
1786547700000,1892.2,1895.3,1890.8,1893.5,6159.3299
1786548600000,1893.5,1895.8,1891,1893.9,1924.5345
1786549500000,1894,1895,1891.7,1891.9,1894.7267
1786550400000,1892,1892.6,1888.6,1892.3,2119.3738
1786551300000,1892.3,1895.1,1891.7,1894.1,907.5702
1786552200000,1894.2,1894.5,1891.5,1891.8,651.8454
1786553100000,1891.8,1891.9,1890,1890.1,905.7235
1786554000000,1890.2,1891.1,1888.8,1888.9,926.099
1786554900000,1889,1889.5,1885,1886.3,3738.4599
1786555800000,1886.1,1890,1884.8,1887.5,912.5362
1786556700000,1887.5,1889.6,1886.8,1887.5,670.6211
1786557600000,1887.6,1889.7,1886.4,1889,447.4818
1786558500000,1889,1889,1885.3,1886.3,1655.444
1786559400000,1886.3,1890.5,1886,1887.2,1830.129
1786560300000,1887.3,1887.3,1885,1885.1,804.9618
1786561200000,1885.1,1886.3,1882.9,1883.3,1857.9196
1786562100000,1883.3,1886.2,1881.9,1883.9,3005.082
1786563000000,1883.9,1884.9,1878.2,1879.2,2637.6704
1786563900000,1879.3,1879.8,1877.1,1878.8,6204.1034
1786564800000,1878.7,1881.9,1877.1,1879.7,1424.6136
1786565700000,1879.8,1883.7,1878.7,1883.6,1774.8723
1786566600000,1883.7,1886.7,1883.5,1885.6,1111.4295
1786567500000,1885.7,1887,1885,1885.8,511.0801
1786568400000,1885.9,1888.7,1885.2,1885.2,4374.3595
1786569300000,1884.9,1886.1,1872.6,1877.6,3172.0917
1786570200000,1877.6,1882.7,1874.7,1882.3,6459.5214
1786571100000,1882.6,1883.7,1877,1877.5,4123.9921
1786572000000,1877.4,1880.6,1875.6,1878.4,2660.1572
1786572900000,1878.5,1880.2,1878.3,1878.9,301.2331
1786573800000,1879,1879.4,1876.4,1877.2,488.3022
1786574700000,1877.3,1878,1876.5,1877.9,505.8416
1786575600000,1878,1878.3,1874.7,1875.8,722.954
1786576500000,1875.8,1877.6,1874.4,1876.3,518.4766
1786577400000,1876.4,1878.6,1876.4,1877.6,663.9078
1786578300000,1877.7,1879.7,1877.5,1879.5,355.4258
1786579200000,1879.5,1883.2,1878.5,1882.5,1362.6488
1786580100000,1882.5,1884.9,1881,1881.9,981.8027
1786581000000,1881.9,1881.9,1877,1878.7,1310.461
1786581900000,1878.7,1883,1877.7,1879.9,5181.5705
1786582800000,1879.9,1882.4,1878.5,1882.4,1263.0986
1786583700000,1882.4,1882.4,1875,1876.2,2503.7566
1786584600000,1876.3,1880.1,1876,1876,1329.232
1786585500000,1876.1,1879.6,1875,1878,5548.7283
1786586400000,1878,1878.6,1876.6,1877.4,632.3643
1786587300000,1877.5,1877.8,1875.8,1876.7,1869.6764
1786588200000,1876.8,1876.8,1872.6,1876.2,3404.6651
1786589100000,1876.3,1882.5,1875.4,1881,9380.3652
1786590000000,1881.1,1884,1881,1883,1343.9685
1786590900000,1883.1,1884.3,1882.1,1882.6,1363.3708
1786591800000,1882.5,1885.9,1882.5,1883.2,2006.8305
1786592700000,1883.3,1888,1883.2,1886.6,1545.5958
1786593600000,1886.6,1887.2,1885.4,1886.6,2818.7976
1786594500000,1886.4,1886.4,1884.8,1885.1,1842.739
1786595400000,1885.1,1890.4,1885.1,1890.3,4997.4003
1786596300000,1890.4,1894.3,1890.4,1891.6,1431.9937
1786597200000,1891.6,1897.8,1891.2,1897.3,2691.7005
1786598100000,1897.6,1899.5,1895.9,1898,3867.9611
1786599000000,1898.1,1898.7,1895.9,1896.9,680.0169
1786599900000,1897,1897.3,1895.2,1895.2,898.8547
1786600800000,1895.3,1895.3,1891.9,1893.1,1453.1358
1786601700000,1893.1,1894.9,1893.1,1893.9,636.6236
1786602600000,1893.9,1894,1891.3,1892,535.5729
1786603500000,1892.1,1898.1,1892,1898.1,8476.7425
1786604400000,1898.1,1898.3,1895.3,1896.3,1989.4475
1786605300000,1896.4,1897,1895.7,1896.8,321.3164
1786606200000,1896.9,1897.1,1895.9,1896,2551.5682
1786607100000,1896,1896,1894.6,1894.7,882.8556
1786608000000,1894.7,1896.5,1891.9,1892.1,2001.209
1786608900000,1892.1,1892.6,1891.2,1891.8,834.7703
1786609800000,1891.8,1892.3,1891,1891.4,1139.4756
1786610700000,1891.4,1891.4,1888,1889.1,1158.2411
1786611600000,1889.1,1889.1,1880.9,1881.9,10269.6877
1786612500000,1881.9,1886.2,1880.7,1884.9,6981.6069
1786613400000,1884.9,1887.2,1884.8,1887.1,1035.4579
1786614300000,1887.1,1890,1887,1889.2,532.4401
1786615200000,1889.2,1889.5,1881.4,1884.3,23987.3506
1786616100000,1884.4,1886.4,1884,1884.6,2790.7196
1786617000000,1884.6,1884.7,1881.6,1883.1,1742.9989
1786617900000,1883.2,1883.2,1882.3,1882.4,381.4285
1786618800000,1882.5,1883,1880.2,1880.5,4998.8241
1786619700000,1880.5,1880.5,1875.7,1876.3,10208.4298
1786620600000,1876.3,1879.2,1875,1879.2,5627.917
1786621500000,1879.3,1880.6,1878.2,1879.6,5509.7565
1786622400000,1879.7,1883.3,1878.4,1883.1,1560.0911
1786623300000,1883.1,1884.5,1882.1,1884.3,1373.6955
1786624200000,1884.4,1889,1881.9,1886.5,7070.8814
1786625100000,1886.5,1888.8,1886.2,1888.3,2484.1663
1786626000000,1888.4,1895.5,1888.3,1891.9,16961.3894
1786626900000,1892,1892,1886.4,1887.5,5378.0177
1786627800000,1887.2,1894.9,1886.3,1892.8,5699.1238
1786628700000,1892.7,1893.4,1888.7,1889.4,11286.5515
1786629600000,1889.4,1894.1,1887.8,1891.9,6007.7795
1786630500000,1892,1893.4,1889.3,1890.3,1653.4371
1786631400000,1890.4,1896.6,1889.7,1895.3,7222.0512
1786632300000,1895.2,1895.7,1892.2,1892.7,2260.9575
1786633200000,1892.6,1895.2,1890.5,1891.3,2025.0333
1786634100000,1891.3,1893.6,1881.8,1885,10152.6691
1786635000000,1885,1891,1884,1890,5565.5619
1786635900000,1889.9,1890,1878.7,1878.9,11399.2174
1786636800000,1878.9,1883.3,1877.3,1879.7,11239.7642
1786637700000,1879.6,1883.9,1877.3,1878.4,2173.2039
1786638600000,1878.4,1880.6,1862.3,1870.6,19645.4323
1786639500000,1870.5,1876.5,1868.3,1873.5,7491.0832
1786640400000,1873.5,1876.6,1872.7,1875.2,1724.6652
1786641300000,1875.3,1879,1874.2,1876.6,8310.725
1786642200000,1876.6,1879.5,1875.3,1878.9,2209.5746
1786643100000,1878.8,1880.4,1876.2,1876.2,3329.4661
1786644000000,1876.3,1881,1876,1878.4,4218.2609
1786644900000,1878.5,1880.3,1876.1,1876.5,1939.0071
1786645800000,1876.5,1879.1,1875.8,1879.1,1182.5888
1786646700000,1879,1886.6,1878.5,1884.9,5827.826
1786647600000,1885,1892.8,1884.6,1887.3,17655.5894
1786648500000,1887.3,1889.1,1885.7,1886.9,14691.2255
1786649400000,1886.8,1887.5,1884.6,1886.6,10223.6107
1786650300000,1886.5,1888.4,1885.9,1886,1675.6953
1786651200000,1886.3,1888.7,1885.4,1886.3,1946.6583
1786652100000,1886.2,1887.6,1886.2,1886.8,678.4361
1786653000000,1886.7,1888.6,1886,1886.4,612.0677
1786653900000,1886.3,1886.4,1884.8,1885.2,1044.6736
1786654800000,1885.2,1888.1,1885.1,1886.3,1386.4054
1786655700000,1886.3,1887.5,1885.8,1887.5,149.0411
1786656600000,1887.6,1888.6,1887.2,1887.6,859.6813
1786657500000,1887.5,1887.9,1886.6,1887.6,589.5545
1786658400000,1887.8,1892.4,1887.7,1891.1,4860.1805
1786659300000,1891.1,1892.1,1889.6,1889.9,967.5633
1786660200000,1889.9,1890.2,1889.1,1890.2,558.0325
1786661100000,1890.2,1890.2,1888.2,1888.4,1048.6042
1786662000000,1888.5,1888.5,1885.6,1885.9,1366.6382
1786662900000,1885.8,1886.5,1884.6,1885.3,2800.0708
1786663800000,1885.4,1886.5,1885.3,1886.1,289.4154
1786664700000,1886,1886.1,1883.8,1885.4,295.6321
1786665600000,1885.4,1886.6,1885.3,1885.6,3679.6047
1786666500000,1885.7,1888.1,1884.1,1885.4,2819.1968
1786667400000,1885.3,1889,1883,1888.6,7473.6844
1786668300000,1888.6,1888.8,1886.2,1888.8,518.2514
1786669200000,1888.8,1888.8,1885.4,1885.4,437.2687
1786670100000,1885.5,1888.7,1884.3,1885.5,667.5321
1786671000000,1885.6,1888.8,1885,1888.8,1147.8154
1786671900000,1888.8,1889.6,1887.5,1888.9,416.2605
1786672800000,1888.9,1890.6,1887.2,1887.4,430.5055
1786673700000,1887.9,1888.5,1885.6,1885.9,754.8915
1786674600000,1886,1887.9,1885.9,1887.5,405.6563
1786675500000,1887.6,1888.5,1885.5,1885.5,2491.0629
1786676400000,1885.7,1886,1882.5,1885.1,1949.1071
1786677300000,1885.1,1888.4,1885,1886.3,788.1522
1786678200000,1886.4,1886.4,1883.2,1884.2,953.743
1786679100000,1884.2,1884.2,1881.7,1882.1,383.4358
1786680000000,1882,1884.7,1881.4,1884.4,613.1962
1786680900000,1884.4,1887,1884.3,1885.7,570.9302
1786681800000,1885.6,1885.7,1885.2,1885.4,153.6396
1786682700000,1885.4,1885.4,1883.3,1883.9,1104.2283
1786683600000,1883.9,1884.7,1882,1882.4,395.5517
1786684500000,1882.3,1882.4,1880,1882,743.7624
1786685400000,1882.1,1883.4,1881.5,1883,244.5585
1786686300000,1882.9,1883.9,1882.8,1883.3,131.843
1786687200000,1883.3,1883.3,1879.5,1879.5,439.1626
1786688100000,1879.6,1879.8,1876.7,1876.7,4648.7025
1786689000000,1876.7,1878.7,1875.4,1876.5,2705.412
1786689900000,1876.5,1877.4,1872,1872.3,4571.0946
1786690800000,1872.2,1875.9,1871.7,1874.5,5750.6251
1786691700000,1874.5,1877.5,1874.4,1877.2,1500.4141
1786692600000,1877.2,1877.3,1873.2,1874.4,9278.1088
1786693500000,1874.4,1875.2,1872.1,1872.3,3705.799
1786694400000,1872.3,1874.6,1872.3,1873.1,2115.0454
1786695300000,1873,1874.8,1868.4,1871,3109.5764
1786696200000,1871,1875.2,1869.3,1872.8,2684.0753
1786697100000,1872.8,1878.3,1872.4,1878,9013.6519
1786698000000,1878.1,1878.4,1874.7,1875.7,4405.5474
1786698900000,1875.7,1877,1874.3,1874.3,2547.682
1786699800000,1874.4,1874.4,1870.8,1872.1,4117.1701
1786700700000,1872.1,1874.7,1872,1872.6,212.5215
1786701600000,1872.5,1875.4,1871.9,1874.8,435.3596
1786702500000,1874.9,1877.1,1874.6,1876.5,9704.7369
1786703400000,1876.5,1877.5,1875.4,1875.6,3615.3486
1786704300000,1875.7,1877,1874.2,1875.4,3715.2033
1786705200000,1875.4,1877.5,1874.5,1875.7,1851.8282
1786706100000,1875.7,1878,1875.3,1877.1,1851.5615
1786707000000,1877.1,1880.4,1876.5,1878.8,972.8499
1786707900000,1878.8,1879.8,1877.1,1877.4,1292.8658
1786708800000,1877.4,1878.1,1872.5,1874.6,8937.0805
1786709700000,1874.7,1877.9,1874.5,1877.9,1460.2383
1786710600000,1877.9,1878.8,1874.1,1874.2,1631.8099
1786711500000,1874.3,1876,1872.3,1872.6,1330.6174
1786712400000,1872.6,1873,1866.8,1869.5,3109.6845
1786713300000,1869.5,1872,1866.4,1870.8,3092.4801
1786714200000,1870.8,1871.8,1866.1,1869.1,4019.0133
1786715100000,1869.1,1870.1,1866.2,1869,3695.7569
1786716000000,1869.1,1871.1,1866,1866.4,1720.7494
1786716900000,1866.4,1868.7,1863.4,1867.7,3180.0566
1786717800000,1867.5,1872.6,1867.2,1869.9,2272.4871
1786718700000,1870,1871,1863.8,1866.5,2785.3465
1786719600000,1866.3,1868.4,1865.5,1867.8,847.261
1786720500000,1867.9,1878.9,1867.6,1878.8,10670.9401
1786721400000,1878.8,1884.1,1875.5,1883.2,12028.8867
1786722300000,1883.2,1883.8,1881,1881,6386.248
1786723200000,1881,1882.2,1878.8,1880.3,3184.8642
1786724100000,1880.4,1884.4,1879.8,1883.8,2067.7288
1786725000000,1883.8,1887.5,1883,1885.7,1688.0815
1786725900000,1885.7,1885.7,1883.5,1884.8,526.8964
1786726800000,1884.7,1885.2,1882.7,1884.5,3476.8432
1786727700000,1884.5,1887,1884,1885,896.1385
1786728600000,1885,1886,1881.5,1881.9,6831.9113
1786729500000,1881.9,1882.8,1875.6,1877.7,10076.1823
1786730400000,1877.6,1878,1874.2,1875.5,2562.3543
1786731300000,1875.6,1878.1,1874.5,1874.9,3143.1476
1786732200000,1874.9,1877.2,1873.8,1876.4,1557.4769
1786733100000,1876.5,1877,1873,1874.9,765.3467
1786734000000,1875,1875,1873,1873.3,609.6753
1786734900000,1873.3,1877.3,1873,1877.1,2108.2963
1786735800000,1877.1,1879.4,1876.1,1878.9,664.5176
1786736700000,1879,1881.1,1878.5,1879.8,10857.6691
1786737600000,1879.9,1880.9,1878.9,1879,283.2779
1786738500000,1879,1880,1878.4,1879.4,799.8057
1786739400000,1879.5,1879.5,1878,1878.8,1068.884
1786740300000,1878.8,1879.6,1878.6,1879.6,117.0044
1786741200000,1879.6,1880.3,1876.5,1877.9,4865.1808
1786742100000,1877.9,1879.5,1877,1878.9,2863.5857
1786743000000,1878.9,1879.1,1877.3,1877.4,2812.5444
1786743900000,1877.2,1878.8,1876.5,1878.7,2396.1125
1786744800000,1878.7,1880.3,1876.3,1876.3,3222.6113
1786745700000,1876.3,1877,1875.2,1875.9,1559.4756
1786746600000,1875.9,1878.8,1875.8,1878.8,1558.9971
1786747500000,1878.8,1879.1,1878.1,1878.5,1947.2439
1786748400000,1878.5,1880.1,1878.5,1880.1,185.3056
1786749300000,1880.1,1880.6,1878.6,1879.8,1785.0365
1786750200000,1879.9,1881.1,1877.8,1879.3,3237.9083
1786751100000,1879.4,1881.9,1879.4,1881.2,1188.925
1786752000000,1881.3,1882,1880.8,1881.1,520.2596
1786752900000,1881.2,1882.2,1881.2,1881.7,747.3578
1786753800000,1881.8,1882.6,1881.7,1882,514.2022
1786754700000,1882,1882,1881.1,1881.4,1612.4852
1786755600000,1881.5,1881.7,1880,1881.7,1081.9735
1786756500000,1881.7,1883.2,1881.5,1882.9,798.0083
1786757400000,1882.9,1883.5,1882.7,1883.1,123.8436
1786758300000,1883.2,1883.6,1883.1,1883.6,177.6982
1786759200000,1883.6,1884,1883.3,1883.9,120.7985
1786760100000,1884,1884.9,1884,1884.4,1132.0414
1786761000000,1884.4,1884.7,1882.9,1883.5,1257.9853
1786761900000,1883.5,1884.1,1883.3,1884.1,299.2344
1786762800000,1884.1,1885.4,1884,1885,154.5223
1786763700000,1885.1,1885.6,1883.6,1883.7,732.2388
1786764600000,1883.7,1883.7,1882.3,1882.4,226.8755
1786765500000,1882.4,1882.5,1881.9,1882,309.2892
1786766400000,1882,1882.8,1882,1882.8,35.2791
1786767300000,1882.8,1883.3,1882.6,1883.3,139.6285
1786768200000,1883.3,1884.5,1883.3,1884.4,428.0344
1786769100000,1884.4,1884.4,1883.4,1883.5,613.3995
1786770000000,1883.5,1884,1883,1883.8,116.1454
1786770900000,1883.8,1883.8,1882.7,1882.7,63.6311
1786771800000,1882.7,1882.7,1879.5,1880.6,1645.9933
1786772700000,1880.6,1880.6,1879.1,1879.7,3142.5841
1786773600000,1879.8,1881.1,1879.6,1879.7,238.9027
1786774500000,1879.7,1880.3,1879.5,1879.6,427.3997
1786775400000,1879.6,1880.9,1879.3,1880.9,120.7136
1786776300000,1880.9,1882.5,1880.8,1881.2,576.6319
1786777200000,1881.3,1881.5,1879.8,1881.4,390.6277
1786778100000,1881.5,1881.5,1880.3,1880.5,77.3816
1786779000000,1880.5,1880.6,1880.3,1880.3,88.258
1786779900000,1880.4,1880.4,1879.3,1879.4,416.8551
1786780800000,1879.4,1879.4,1878.1,1879.4,709.2771
1786781700000,1879.3,1880.6,1879.3,1880.1,229.0029
1786782600000,1880.2,1880.2,1877.9,1878.2,6748.6401
1786783500000,1878.3,1878.7,1876.1,1876.5,759.1678
1786784400000,1876.5,1876.8,1875.3,1876.7,1235.7732
1786785300000,1876.8,1877.9,1876.7,1877.9,1283.3698
1786786200000,1877.8,1879.2,1877.8,1879.1,2078.6705
1786787100000,1879.2,1880.5,1879.1,1879.9,278.8994
1786788000000,1879.9,1879.9,1877.6,1878.4,949.0254
1786788900000,1878.3,1878.5,1878.3,1878.5,38.8635
1786789800000,1878.4,1880,1878.3,1879.7,650.2009
1786790700000,1879.7,1880.3,1879.6,1880.2,414.0908
1786791600000,1880.2,1880.5,1880.2,1880.4,120.0436
1786792500000,1880.4,1880.4,1879.5,1879.6,156.769
1786793400000,1879.5,1879.6,1879,1879.5,194.1674
1786794300000,1879.5,1879.6,1878.5,1878.8,104.6133
1786795200000,1878.9,1878.9,1878,1878,144.9636
1786796100000,1878.1,1878.4,1877.9,1877.9,820.8596
1786797000000,1878,1878.3,1877.7,1878.1,286.2465
1786797900000,1878,1883,1877.5,1882.9,1125.2039
1786798800000,1883,1884.1,1881.5,1883.4,1755.3084
1786799700000,1883.4,1883.6,1881.6,1882.2,2507.6719
1786800600000,1882.3,1883,1881.9,1882.3,3904.5859
1786801500000,1882.2,1883.9,1882,1882.6,4591.7598
1786802400000,1882.6,1882.6,1881.6,1882.1,330.9266
1786803300000,1882.1,1882.2,1880.6,1881.5,693.6984
1786804200000,1881.5,1882.2,1881.4,1881.8,551.0239
1786805100000,1881.8,1884,1881.7,1883.2,7479.2749
1786806000000,1883.1,1883.3,1882.6,1883.2,652.4468
1786806900000,1883.2,1884.3,1882.4,1883.4,2195.9674
1786807800000,1883.5,1885.1,1883.4,1884.7,480.9825
1786808700000,1884.7,1884.8,1884.2,1884.3,231.5559
1786809600000,1884.3,1884.3,1883.5,1883.7,354.8292
1786810500000,1883.7,1884.7,1883.2,1884.6,172.691
1786811400000,1884.7,1884.9,1883.5,1883.5,268.5515
1786812300000,1883.5,1884,1883.5,1884,219.8381
1786813200000,1884,1884.8,1884,1884.8,86.4991
1786814100000,1884.7,1885.6,1882.1,1882.2,2821.679
1786815000000,1882.3,1883.7,1882.2,1883.1,610.1594
1786815900000,1883.2,1883.7,1883.1,1883.6,159.1522
1786816800000,1883.7,1884.8,1883.6,1883.8,283.4072
1786817700000,1883.7,1883.9,1881.9,1882.1,138.4096
1786818600000,1882,1882.1,1881.6,1881.8,772.0854
1786819500000,1881.7,1881.8,1881.7,1881.7,64.3782
1786820400000,1881.8,1882.5,1881.4,1882.4,2086.6689
1786821300000,1882.3,1883.6,1882.3,1883.3,257.7662
1786822200000,1883.2,1883.8,1883.2,1883.5,40.41
1786823100000,1883.5,1883.8,1883.4,1883.8,37.2547
1786824000000,1883.8,1883.8,1882.6,1882.7,825.3001
1786824900000,1882.8,1882.8,1882,1882.1,259.0513
1786825800000,1882.1,1882.1,1881.8,1881.9,415.6509
1786826700000,1881.9,1882.5,1881.8,1882.5,172.0933
1786827600000,1882.4,1882.9,1882.4,1882.9,415.0572
1786828500000,1882.9,1883.6,1882.7,1883.5,892.5298
1786829400000,1883.5,1884.5,1883.5,1884.5,2298.2759
1786830300000,1884.4,1884.8,1883.9,1884.5,819.8922
1786831200000,1884.5,1884.7,1883.6,1883.9,112.3542
1786832100000,1883.9,1884.7,1883.7,1884.7,88.9934
1786833000000,1884.6,1884.7,1883.7,1883.8,76.7935
1786833900000,1883.8,1884.4,1883.6,1883.7,68.7562
1786834800000,1883.7,1883.7,1881,1882.9,1010.4653
1786835700000,1882.9,1882.9,1881.4,1882.6,2059.784
1786836600000,1882.5,1883,1882.3,1882.5,252.343
1786837500000,1882.5,1882.5,1881.7,1882.3,920.0963
1786838400000,1882.3,1882.3,1881.8,1881.9,1471.8925
1786839300000,1881.9,1881.9,1881.4,1881.5,397.7783
1786840200000,1881.5,1882,1881,1882,724.8533
1786841100000,1882,1882.2,1881.1,1882.1,2689.563
1786842000000,1882,1882,1879.4,1880.4,994.8957
1786842900000,1880.4,1881.4,1879.7,1879.8,616.9779
1786843800000,1879.8,1879.9,1876.4,1879.9,1075.7577
1786844700000,1879.9,1880,1878.7,1880,121.5714
1786845600000,1880,1880.6,1878.6,1878.7,159.5813
1786846500000,1878.7,1884.4,1878.7,1883.7,5438.1024
1786847400000,1883.6,1884.4,1882.8,1883.4,2164.6246
1786848300000,1883.4,1883.4,1882.2,1882.7,842.7925
1786849200000,1882.7,1883.2,1882.7,1883.1,131.004
1786850100000,1883.2,1883.2,1882.7,1882.8,99.5323
1786851000000,1882.9,1883,1882.8,1882.9,181.725
1786851900000,1882.9,1883,1882.1,1882.2,281.0466
1786852800000,1882.2,1882.6,1882.1,1882.2,101.4997
1786853700000,1882.2,1883.7,1882.1,1883.7,528.9813
1786854600000,1883.6,1883.7,1881.7,1881.8,559.3221
1786855500000,1881.8,1881.8,1880.1,1881.2,2258.9494
1786856400000,1881.2,1881.3,1880.8,1880.9,1427.1437
1786857300000,1881,1881.1,1878.6,1880,5576.6868
1786858200000,1880,1880.2,1879.7,1880,87.0145
1786859100000,1879.9,1880,1878.3,1879.3,647.6697
1786860000000,1879.3,1879.9,1879.2,1879.4,427.7476
1786860900000,1879.4,1879.5,1878,1879.5,1797.1147
1786861800000,1879.5,1880.1,1879.1,1880,636.9373
1786862700000,1880.1,1880.8,1879.8,1879.9,361.9779
1786863600000,1879.9,1879.9,1879.4,1879.6,113.241
1786864500000,1879.7,1880.6,1879.6,1880.5,118.0285
1786865400000,1880.5,1880.6,1880.4,1880.5,148.773
1786866300000,1880.5,1880.8,1880.4,1880.8,49.8695
1786867200000,1880.7,1880.8,1880.1,1880.1,157.9972
1786868100000,1880.2,1880.2,1880.1,1880.2,47.9273
1786869000000,1880.2,1880.4,1880.1,1880.1,100.9722
1786869900000,1880.2,1880.2,1880.1,1880.2,44.2595
1786870800000,1880.2,1881,1880.1,1881,125.6248
1786871700000,1881,1881.4,1880.9,1881.2,35.1216
1786872600000,1881.2,1881.3,1879.1,1879.2,234.5356
1786873500000,1879.3,1880.5,1878.2,1879.7,761.4406
1786874400000,1879.6,1880,1878.9,1879,352.8352
1786875300000,1878.9,1879.5,1878.8,1879.4,335.7273
1786876200000,1879.5,1879.9,1879.4,1879.8,61.5221
1786877100000,1879.9,1880,1879.8,1880,468.059
1786878000000,1880,1880.1,1879.9,1880.1,35.5107
1786878900000,1880.1,1880.1,1879.8,1879.8,177.8773
1786879800000,1879.9,1879.9,1879.8,1879.9,216.6712
1786880700000,1879.8,1880,1879.5,1880,83.6947
1786881600000,1879.9,1880,1879.3,1879.3,63.2892
1786882500000,1879.3,1879.6,1879.2,1879.5,247.9417
1786883400000,1879.6,1879.6,1878.4,1878.7,412.1215
1786884300000,1878.7,1879,1878.6,1878.8,107.9584
1786885200000,1878.8,1880,1878.8,1880,378.6266
1786886100000,1880,1880.4,1879.9,1880.3,346.2226
1786887000000,1880.3,1881.5,1880.2,1880.7,3682.2705
1786887900000,1880.7,1881.2,1880.6,1881.2,335.6943
1786888800000,1881.2,1882,1881.1,1881.7,509.0797
1786889700000,1881.6,1883.5,1881.2,1881.3,4422.8518
1786890600000,1881.3,1882.7,1881.1,1881.8,2944.7322
1786891500000,1881.8,1882.3,1881.7,1882.3,694.9796
1786892400000,1882.2,1882.5,1882.2,1882.4,802.2776
1786893300000,1882.4,1882.8,1882.3,1882.8,412.0649
1786894200000,1882.8,1883.9,1881.8,1881.9,678.6368
1786895100000,1881.9,1884.4,1881.9,1883.7,6444.7186
1786896000000,1883.7,1885.1,1883.5,1885.1,596.3906
1786896900000,1885,1888.3,1884.9,1887.5,12760.9426
1786897800000,1887.5,1891.3,1887.5,1889.2,11217.2091
1786898700000,1889.3,1889.9,1887.5,1888.7,954.4433
1786899600000,1888.6,1890.1,1886.9,1887.2,1447.6977
1786900500000,1887.3,1887.3,1885.7,1886.5,4513.2351
1786901400000,1886.5,1886.6,1883,1884.3,9032.9172
1786902300000,1884.3,1885.5,1884,1884.4,611.5068
1786903200000,1884.4,1885,1881.6,1884,9031.228
1786904100000,1884,1885.6,1884,1885.4,4720.9751
1786905000000,1885.3,1885.7,1884,1884.8,1906.8338
1786905900000,1884.8,1885.4,1884,1885.1,2617.6309
1786906800000,1885.1,1886.4,1885,1886.1,125.7693
1786907700000,1886,1887,1885.8,1887,306.878
1786908600000,1886.9,1888.2,1884.7,1884.8,3264.5041
1786909500000,1884.8,1885.6,1884,1884.8,2579.0988
1786910400000,1884.8,1886.1,1884.8,1886,323.5808
1786911300000,1886,1886.6,1885.3,1885.4,240.4055
1786912200000,1885.4,1885.4,1882.1,1883,658.994
1786913100000,1883,1883.3,1880.8,1881.1,489.017
1786914000000,1881.1,1882,1879.5,1881.1,1013.1773
1786914900000,1881,1882,1878.5,1879.6,2228.9652
1786915800000,1879.6,1880.4,1868.9,1874.6,4160.1868
1786916700000,1874.5,1876.3,1871.3,1874.8,2978.476
1786917600000,1874.8,1877,1870.2,1877,3940.4593
1786918500000,1876.9,1877.2,1873.8,1874.6,2662.8668
1786919400000,1874.6,1874.9,1868.7,1872.6,10825.7074
1786920300000,1872.6,1875.5,1871.8,1875,938.7856
1786921200000,1874.9,1876.8,1872.9,1872.9,988.1914
1786922100000,1873,1875.5,1872.9,1873.4,1209.1192
1786923000000,1873.3,1875.5,1872.9,1875.4,212.7815
1786923900000,1875.4,1876.6,1874.7,1875.6,1926.1523
1786924800000,1875.6,1876,1873.9,1875,2861.7277
1786925700000,1875,1875.8,1871.8,1875.7,2277.5053
1786926600000,1875.9,1877.1,1872.3,1877,4408.0167
1786927500000,1876.9,1879.6,1874.3,1878.1,3834.3785
1786928400000,1878.2,1896.5,1877.7,1888.7,28095.8098
1786929300000,1888.6,1896.1,1888.3,1894,12863.1861
1786930200000,1894.1,1896.6,1892.1,1893.7,3812.9862
1786931100000,1893.7,1894.6,1890.5,1890.5,982.6439
1786932000000,1890.6,1892.1,1887.7,1889,1695.2252
1786932900000,1889,1894.1,1888.1,1893.1,1497.6571
1786933800000,1893.1,1896.1,1891.6,1895,1982.9083
1786934700000,1894.9,1906.9,1894.8,1901.5,13050.4886
1786935600000,1901.5,1903.2,1901.1,1902.1,12178.8278
1786936500000,1902.2,1902.7,1897.5,1897.6,2182.8676
1786937400000,1897.6,1899.7,1897.6,1899.2,1472.0612
1786938300000,1899.2,1902.2,1898.8,1900.2,2009.5501
1786939200000,1900.2,1903.8,1900.2,1903.5,1132.0038
1786940100000,1903.4,1904,1902,1902.1,406.106
1786941000000,1902,1902.6,1900.8,1901.7,1198.5024
1786941900000,1901.7,1903.9,1901.5,1902.6,2041.5088
1786942800000,1902.6,1902.6,1899.1,1900.8,2394.0982
1786943700000,1900.8,1903.5,1900.5,1900.7,2720.2006
1786944600000,1900.6,1900.7,1897.7,1898.3,806.7873
1786945500000,1898.3,1899.2,1897.9,1899.1,548.2688
1786946400000,1899.1,1900.5,1897.5,1900.2,2650.0576
1786947300000,1900.1,1901,1899.1,1900.5,1289.8494
1786948200000,1900.4,1902.2,1900,1902.1,850.9473
1786949100000,1902.1,1911,1902.1,1906.1,4546.6188
1786950000000,1906.1,1907.1,1902.7,1904.4,1776.6029
1786950900000,1904.3,1904.9,1901.7,1904.4,1074.4676
1786951800000,1904.4,1904.4,1901.6,1901.6,1788.5695
1786952700000,1901.6,1902.1,1899.9,1900,3704.8336
1786953600000,1899.9,1900.7,1892.1,1894.7,6227.9472
1786954500000,1894.7,1895.8,1890.7,1894.4,2369.83
1786955400000,1894.3,1894.5,1892,1892.5,2846.7043
1786956300000,1892.5,1894.3,1891.1,1893.5,572.579
1786957200000,1893.5,1896.3,1893.4,1896,743.1811
1786958100000,1896.1,1896.4,1893.1,1895.1,620.7179
1786959000000,1895,1895.1,1892.9,1893.1,438.7898
1786959900000,1893.1,1893.3,1892.2,1893.3,569.9781
1786960800000,1893.2,1893.3,1891.8,1893.1,339.7882
1786961700000,1893.1,1897.7,1891.5,1897.7,1059.6059
1786962600000,1897.8,1905.6,1897.3,1905.6,2426.6517
1786963500000,1905.7,1908.8,1903.8,1906.1,3466.5473
1786964400000,1906.1,1906.9,1905,1906.8,2781.4476
1786965300000,1906.7,1906.7,1904.5,1905.1,1811.2988
1786966200000,1905,1905.9,1905,1905.5,1357.7453
1786967100000,1905.4,1907.8,1903.2,1903.2,3030.9512
1786968000000,1903.3,1905.6,1901.5,1903.5,1521.3859
1786968900000,1903.4,1903.5,1897.9,1898.4,2695.4839
1786969800000,1898.3,1900.3,1896.1,1897.6,996.6871
1786970700000,1897.5,1899.2,1897,1898.6,568.3065
1786971600000,1898.6,1899.8,1896.7,1898.6,473.5569
1786972500000,1898.6,1898.6,1895.5,1897.8,2819.8907
1786973400000,1897.8,1908.2,1896.5,1904,3710.2168
1786974300000,1903.6,1907,1901.8,1904,6169.5667
1786975200000,1904,1904,1898.6,1901.1,1069.1777
1786976100000,1901.1,1902.9,1897.4,1898.8,9031.8515
1786977000000,1899,1901.7,1897.6,1900.5,1163.9117
1786977900000,1900.3,1909.8,1900.1,1908.9,8177.785
1786978800000,1908.9,1908.9,1903.8,1903.8,2226.4919
1786979700000,1903.8,1910,1903.8,1908.9,11020.5456
1786980600000,1908.9,1909.8,1906.2,1908.8,2583.6039
1786981500000,1908.9,1914.7,1908.7,1912.4,7517.7973
1786982400000,1912.4,1913,1907.6,1908.2,2460.4528
1786983300000,1908.2,1909.8,1907.4,1907.4,1769.4049
1786984200000,1907.4,1910.1,1906.9,1906.9,1424.0176
1786985100000,1907,1908.2,1905,1906.2,829.0712
1786986000000,1906.3,1906.3,1905,1905,3584.8567
1786986900000,1905,1913.6,1905,1907.9,5901.631
1786987800000,1907.8,1908.6,1903.7,1907.3,3375.3183
1786988700000,1907.3,1909.1,1907.3,1908.2,1050.5518
1786989600000,1908.1,1909.1,1906.6,1908,531.2956
1786990500000,1908,1912,1907.7,1909.6,1238.173
1786991400000,1909.6,1910.3,1907.9,1910,2318.1167
1786992300000,1909.9,1910.6,1908.6,1909.1,2371.3381
1786993200000,1909.1,1909.1,1906.3,1906.3,2185.5264
1786994100000,1906.3,1909.6,1905.6,1909.4,2023.9699
1786995000000,1909.2,1910,1906.8,1908.8,299.6273
1786995900000,1908.7,1908.7,1906.5,1906.6,1598.8772
1786996800000,1906.6,1907.1,1905.1,1905.9,2116.9818
1786997700000,1905.9,1908.1,1904,1908,2540.2143
1786998600000,1908,1909.6,1906.5,1909.6,1485.7785
1786999500000,1909.6,1909.6,1904.9,1906,1140.9513
1787000400000,1906,1907.7,1905.9,1907.5,401.634
1787001300000,1907.5,1907.7,1905.2,1905.5,1493.9473
1787002200000,1905.5,1906.5,1905.1,1905.3,580.7182
1787003100000,1905.3,1906.1,1905.1,1905.6,1913.2016
1787004000000,1905.6,1907,1904.2,1904.5,700.9485
1787004900000,1904.5,1904.9,1902.6,1903.4,2099.832
1787005800000,1903.4,1904.1,1902.8,1903.6,168.4862
1787006700000,1903.6,1904,1903.4,1903.6,173.1767
1787007600000,1903.6,1907.6,1903.1,1907.2,2215.4515
1787008500000,1907.2,1915,1907.1,1915,8156.5296
1787009400000,1915,1917.9,1911.7,1911.8,7104.201
1787010300000,1911.7,1913.7,1911.7,1913,1204.681
1787011200000,1912.9,1913.8,1909.3,1910.1,5254.3003
1787012100000,1910.1,1912.3,1910,1911.4,3071.0932
1787013000000,1911.3,1911.4,1907.9,1909.2,3129.714
1787013900000,1909.2,1909.6,1908,1909.2,965.2904
1787014800000,1909.1,1909.3,1905.5,1907.4,1244.4359
1787015700000,1907.3,1907.6,1906.2,1906.6,234.2588
1787016600000,1906.5,1907.2,1903.3,1904.2,3409.3836
1787017500000,1904.3,1904.3,1899,1900.3,8917.7007
1787018400000,1900.3,1902.6,1899,1899.1,655.4724
1787019300000,1899.1,1899.9,1896.7,1896.7,8822.4793
1787020200000,1896.7,1897.2,1892.9,1893.6,6317.7897
1787021100000,1893.5,1895.6,1888.3,1892.1,33977.6281
1787022000000,1892.1,1894.4,1890.5,1890.5,5505.4835
1787022900000,1890.6,1893,1888.6,1890.1,4881.4539
1787023800000,1890.1,1894.6,1884.8,1894.6,11344.6903
1787024700000,1894.5,1894.5,1893,1894.1,6424.5335
1787025600000,1894.1,1894.8,1890.5,1894.6,2833.8185
1787026500000,1894.6,1894.6,1893.3,1894,783.6244
1787027400000,1894,1896.8,1894,1896.3,3195.9083
1787028300000,1896.3,1896.8,1894.7,1896,3719.5775
1787029200000,1896,1898,1894.5,1896.9,3838.2147
1787030100000,1896.9,1897.6,1895.1,1895.2,420.5128
1787031000000,1895.1,1896,1891.6,1896,4316.4711
1787031900000,1896,1896,1894,1894.7,206.9301
1787032800000,1894.7,1896,1893,1895.3,1349.5947
1787033700000,1895.4,1900,1895.3,1899,4938.0816
1787034600000,1899,1906.1,1898.9,1904.5,1922.7062
1787035500000,1904.5,1905.1,1900.3,1901.8,1134.5691
1787036400000,1901.8,1902.3,1901,1901.5,523.2854
1787037300000,1901.5,1901.9,1898.5,1898.6,409.3778
1787038200000,1898.6,1901.2,1898,1899.6,1224.3055
1787039100000,1899.7,1899.7,1895.9,1897.6,4875.7414
1787040000000,1897.6,1898,1892.8,1896.4,1744.1972
1787040900000,1896.4,1899.6,1896.4,1896.7,2016.9736
1787041800000,1896.7,1900.9,1896.6,1899.2,2592.2459
1787042700000,1899.2,1899.5,1897.3,1899.5,180.3196
1787043600000,1899.5,1899.5,1897.3,1898.1,440.8267
1787044500000,1898.1,1898.2,1894.6,1895.4,3297.7873
1787045400000,1895.4,1896.6,1894.8,1895.3,2073.9185
1787046300000,1895.3,1896.3,1894.9,1896.2,1266.1356
1787047200000,1896.2,1897.4,1894.1,1895,3701.7328
1787048100000,1895,1895.9,1894.4,1895.3,875.8621
1787049000000,1895.3,1897.9,1895.2,1896.5,2743.4733
1787049900000,1896.4,1897.3,1896.4,1897.3,248.8742
1787050800000,1897.2,1901,1896.8,1901,1636.6787
1787051700000,1901,1905,1901,1904.3,4623.3835
1787052600000,1904.2,1904.3,1903.1,1903.6,825.1955
1787053500000,1903.6,1904.2,1901.7,1902.1,2327.4535
1787054400000,1902.1,1903,1900.2,1900.7,845.7436
1787055300000,1900.7,1901.7,1899.7,1900.6,657.9281
1787056200000,1900.5,1900.8,1898.3,1898.7,2944.0022
1787057100000,1898.7,1899.7,1897.9,1898.8,335.5587
1787058000000,1898.8,1898.8,1896.4,1896.9,1216.2562
1787058900000,1896.9,1896.9,1894.6,1894.7,777.7098
1787059800000,1894.7,1899.1,1893,1896.6,6401.1359
1787060700000,1896.6,1899.2,1894.1,1896.9,2175.6394
1787061600000,1896.8,1901.7,1896.8,1897.1,4544.3361
1787062500000,1897.2,1918.6,1896.5,1917.5,14577.7732
1787063400000,1917.5,1922,1909.9,1911.3,17362.3426
1787064300000,1911.2,1914.6,1908.1,1910,6184.584
1787065200000,1909.9,1915.7,1907.4,1911.6,13795.073
1787066100000,1911.5,1916,1911.4,1915.2,25453.4739
1787067000000,1915.2,1918.6,1914.5,1916.3,5454.8915
1787067900000,1916.3,1917.7,1914.5,1916.4,6679.7073
1787068800000,1916.5,1918.3,1912.6,1913.7,14161.1693
1787069700000,1913.8,1914.6,1912.2,1912.2,2481.7841
1787070600000,1912.2,1917.9,1911.5,1917.2,8756.3366
1787071500000,1917.2,1921.4,1916.9,1917.2,3464.6595
1787072400000,1917.3,1917.5,1913.6,1914.6,997.969
1787073300000,1914.7,1915.9,1913.5,1915.4,561.729
1787074200000,1915.4,1915.5,1912.2,1913.2,1145.1482
1787075100000,1913.2,1913.5,1910.2,1910.2,550.2927
1787076000000,1910.3,1913.3,1910,1913.2,1702.4157
1787076900000,1913.2,1915.5,1913.2,1915.5,315.1203
1787077800000,1915.4,1916.6,1914.7,1915,3277.33
1787078700000,1915,1916.2,1914.7,1915.5,527.3943
1787079600000,1915.5,1915.6,1913.3,1913.4,336.1312
1787080500000,1913.3,1916.6,1912.8,1915.7,463.6904
1787081400000,1915.7,1915.8,1913.9,1913.9,222.5208
1787082300000,1913.9,1914.4,1912.2,1912.3,779.8651
1787083200000,1912.3,1913.7,1911.1,1913.7,557.6453
1787084100000,1913.6,1913.7,1911.4,1912.1,695.4499
1787085000000,1912.1,1914.7,1912,1913.1,404.8149
1787085900000,1913,1913.2,1911.1,1912.1,578.2279
1787086800000,1912.2,1913.9,1912.1,1913.1,1521.1457
1787087700000,1913,1913.1,1912.1,1912.5,462.7345
1787088600000,1912.4,1912.5,1910.1,1910.8,719.4929
1787089500000,1910.9,1911.5,1910.2,1911.1,992.9122
1787090400000,1911,1914,1910.5,1913,523.3122
1787091300000,1912.9,1914.3,1912.2,1913.6,1611.4198
1787092200000,1913.5,1914.4,1912.8,1913,3293.3882
1787093100000,1913.1,1913.3,1911.9,1912.7,5589.0307
1787094000000,1912.3,1916.1,1912.1,1915.8,600.8337
1787094900000,1915.9,1918.4,1915.9,1917.7,1400.3047
1787095800000,1917.8,1919.3,1917.8,1918.7,2979.7836
1787096700000,1918.6,1919.4,1916.3,1916.8,1570.217
1787097600000,1916.9,1918,1910.6,1912.7,19786.6112
1787098500000,1912.8,1918.5,1911.7,1915.5,11651.0782
1787099400000,1915.6,1917.1,1913.4,1913.9,707.1448
1787100300000,1913.9,1915.2,1912.6,1913,3124.1138
1787101200000,1913,1917.5,1912.2,1916,5888.9109
1787102100000,1915.9,1915.9,1911.5,1914.5,6912.2374
1787103000000,1914.6,1914.7,1911.7,1913.2,3520.9372
1787103900000,1913.2,1914.3,1912,1912.9,7631.9622
1787104800000,1913,1913,1910,1911.7,5529.528
1787105700000,1911.7,1911.7,1906.3,1909.2,5895.8493
1787106600000,1909.2,1909.4,1907.4,1907.9,3149.4072
1787107500000,1907.9,1909.5,1906.2,1906.9,2691.8525
1787108400000,1906.9,1911.5,1906.7,1910.9,19933.4528
1787109300000,1910.9,1914.7,1910.5,1911.8,5522.457
1787110200000,1911.8,1911.9,1909.8,1911.1,6693.7633
1787111100000,1911.2,1912.7,1910.4,1911.3,923.224
1787112000000,1911.2,1911.3,1909.7,1910.2,182.2615
1787112900000,1910.2,1912.9,1910.1,1911.6,1340.2714
1787113800000,1911.6,1914,1910.5,1911,16026.2239
1787114700000,1911.1,1911.9,1909.3,1909.9,728.7672
1787115600000,1910,1913.2,1909.8,1912.5,1058.6461
1787116500000,1912.5,1912.7,1910.1,1912.6,1267.1595
1787117400000,1912.6,1912.8,1911,1911.3,1399.3426
1787118300000,1911.3,1911.5,1908.9,1909.2,961.1376
1787119200000,1909.3,1910.1,1905.3,1906.2,3486.6742
1787120100000,1906.1,1912,1906.1,1909.9,1355.0135
1787121000000,1910,1911.4,1908.9,1911.1,293.5096
1787121900000,1911,1916.7,1911,1916.6,5220.3541
1787122800000,1916.7,1919.8,1914.7,1919.8,1581.5127
1787123700000,1919.8,1919.8,1916.8,1917.1,5470.2507
1787124600000,1917.1,1920.4,1916.8,1918.6,2491.4949
1787125500000,1918.5,1919.6,1914.7,1915.1,9352.6664
1787126400000,1915.2,1917.1,1914.7,1914.7,1895.8276
1787127300000,1914.7,1916.2,1914.1,1916.2,1873.6065
1787128200000,1916.1,1929,1916.1,1922.9,22790.6438
1787129100000,1922.9,1924.1,1920.5,1920.6,15039.3166
1787130000000,1920.6,1923,1920.6,1921.6,10443.6157
1787130900000,1921.6,1922.6,1920.2,1920.2,1109.2177
1787131800000,1920.2,1920.3,1917,1917,1965.8728
1787132700000,1917,1918.2,1916.9,1917.9,4484.2506
1787133600000,1918,1918,1916.6,1917.7,1964.1575
1787134500000,1917.8,1918.5,1916.5,1917.4,504.9839
1787135400000,1917.4,1918.2,1916.8,1918.2,947.496
1787136300000,1918.1,1919.4,1917.9,1919.4,1538.952
1787137200000,1919.4,1925,1919.3,1923.7,4497.9791
1787138100000,1923.7,1923.8,1918.2,1921.2,30711.0777
1787139000000,1921.1,1923.2,1921.1,1921.2,7581.7552
1787139900000,1921.1,1922.1,1921.1,1922,347.0113
1787140800000,1922,1923.1,1921.3,1923.1,946.3818
1787141700000,1923,1923.2,1922.1,1922.4,441.0699
1787142600000,1922.6,1932.2,1921.6,1932.2,8991.8816
1787143500000,1932.1,1942,1931,1935.8,58400.4562
1787144400000,1935.7,1937.1,1931.3,1934.5,12882.1135
1787145300000,1934.4,1937.8,1934.4,1935.9,12448.5398
1787146200000,1935.9,1939.2,1927.6,1931.6,47672.6489
1787147100000,1931.7,1933.7,1927.9,1932.1,31448.0607
1787148000000,1932.2,1938,1932.1,1936,19537.7066
1787148900000,1935.9,1938.3,1934.7,1935.8,18282.8295
1787149800000,1935.7,1940.1,1932.2,1938.8,24101.1771
1787150700000,1938.8,1979.6,1938.4,1970,65986.8047
1787151600000,1969.9,2019.4,1966.5,2011.1,112946.0046
1787152500000,2011.1,2120.1,2007.8,2073.6,163918.19
1787153400000,2073.9,2088.7,2056.7,2087,86160.2001
1787154300000,2087,2088.9,2075.5,2085.3,52614.1619
1787155200000,2085.3,2107,2082.2,2089.1,48614.0139
1787156100000,2089.1,2102,2089.1,2099.6,12885.0309
1787157000000,2099.6,2100.4,2085.1,2088.9,15430.489
1787157900000,2088.9,2093,2086,2088.8,9477.8847
1787158800000,2088.9,2090.2,2078,2078.6,23485.8123
1787159700000,2078.6,2079.1,2067.2,2077,27037.1196
1787160600000,2076.9,2086.3,2070.8,2084.6,25691.5101
1787161500000,2084.7,2091.9,2084.4,2090,6751.2817
1787162400000,2090.2,2091.3,2078.1,2084.6,9872.48
1787163300000,2084.5,2088.4,2083.8,2086.4,2672.4347
1787164200000,2086,2090.2,2085,2089.3,4387.5191
1787165100000,2089.2,2091.5,2087.3,2091.5,9751.2287
1787166000000,2091.2,2101.1,2088.7,2089.5,16816.796
1787166900000,2089.6,2100.4,2089.5,2092,9874.5562
1787167800000,2091.9,2100.2,2090.9,2098.7,8898.4494
1787168700000,2098.7,2104.8,2096.8,2101.3,6187.3078
1787169600000,2101.3,2118.8,2101.3,2112.7,12072.9884
1787170500000,2112.6,2132,2107.4,2125.3,16923.5547
1787171400000,2125.3,2129,2121.1,2123.6,8978.6798
1787172300000,2123.6,2247,2122.1,2219,164797.605
1787173200000,2218.9,2346.8,2216.6,2261.2,222672.9328
1787174100000,2261.4,2295.9,2255.9,2284.7,42516.1329
1787175000000,2284.7,2300.8,2270.4,2286.7,64182.2461
1787175900000,2286.6,2306,2279.9,2287.5,39528.522
1787176800000,2287.4,2291.5,2264.6,2270,28288.7945
1787177700000,2270,2274.7,2256.9,2256.9,28779.403
1787178600000,2257,2267.8,2242.7,2259.1,37491.8241
1787179500000,2259.1,2260.4,2244.4,2250.6,12127.2505
1787180400000,2250.5,2252.7,2244,2247.1,5459.9992
1787181300000,2247,2255.6,2245,2252.9,4618.3057
1787182200000,2252.9,2262.1,2247,2257.6,9054.2774
1787183100000,2257.4,2257.6,2248,2253.5,12388.1722
1787184000000,2252.9,2261.5,2252.2,2259,8478.5909
1787184900000,2259,2270,2257.9,2264.7,20996.4742
1787185800000,2264.6,2274,2262,2268.9,4211.0758
1787186700000,2268.9,2274.4,2260.4,2262.9,6134.615
1787187600000,2262.8,2269,2250.3,2257.3,10139.456
1787188500000,2257.3,2261.1,2253,2254.9,7991.3362
1787189400000,2254.8,2266.1,2252.7,2265.3,3815.7357
1787190300000,2265.4,2270,2264.8,2266.5,5706.2819
1787191200000,2266.5,2270,2264.5,2268.5,2428.6333
1787192100000,2268.5,2268.9,2258.1,2258.9,4381.4433
1787193000000,2258.5,2262.9,2254.5,2257,5570.6226
1787193900000,2257,2258,2250.2,2252.5,3554.8338
1787194800000,2252.3,2252.4,2224,2228.8,18536.7105
1787195700000,2228.9,2244,2228.6,2235.4,13718.0072
1787196600000,2235.3,2252.1,2235.1,2251.3,9043.2485
1787197500000,2251.3,2258.1,2250.6,2251.6,8000.2393
1787198400000,2251.6,2258.9,2250,2256.6,8374.8102
1787199300000,2256.6,2258,2253.8,2257,4208.8142
1787200200000,2256.9,2257,2249.5,2251.6,10154.2153
1787201100000,2251.6,2257.5,2250.9,2250.9,4840.314
1787202000000,2250.9,2255.5,2250.3,2250.3,3326.9256
1787202900000,2250.1,2257.5,2250.1,2252.3,3057.5538
1787203800000,2252.3,2254.5,2250.9,2252.3,3675.9192
1787204700000,2252.4,2252.4,2244.2,2248.5,2413.5189
1787205600000,2248.8,2249,2239.7,2244.3,5547.7116
1787206500000,2244.1,2256.3,2242.7,2251.9,8778.033
1787207400000,2252,2264.3,2252,2263.3,12869.8012
1787208300000,2263.1,2269.9,2262.6,2263.8,11595.9827
1787209200000,2263.7,2264.8,2257.7,2257.8,3256.2164
1787210100000,2257.8,2258.8,2250.6,2254,4159.6018
1787211000000,2254,2254,2246.2,2246.6,1850.2749
1787211900000,2246.6,2253,2245.7,2252.8,2513.3123
1787212800000,2252.8,2287.7,2250.7,2285.5,17209.7743
1787213700000,2285.4,2285.6,2271.4,2278.8,17651.9294
1787214600000,2278.8,2278.8,2266.2,2275.5,14575.3517
1787215500000,2275.4,2285.6,2274.1,2282,7791.561
1787216400000,2282.1,2297.2,2277.9,2294.4,13202.8807
1787217300000,2294.9,2297.7,2284.2,2284.2,25614.6949
1787218200000,2284.2,2293.3,2278.2,2289.3,10830.2627
1787219100000,2288.9,2289.7,2275.3,2278.7,6290.5326
1787220000000,2278.6,2289.6,2277,2289.2,11687.7239
1787220900000,2289.3,2295,2283.4,2286.3,7262.2301
1787221800000,2286.2,2288,2280.8,2281.5,6016.7896
1787222700000,2281.4,2287.5,2280.8,2287.3,9489.5167
1787223600000,2287.3,2295.4,2282.5,2288.7,6266.0516
1787224500000,2288.7,2296.5,2285.3,2295.1,5505.859
1787225400000,2295.1,2316.2,2293.8,2307.3,17003.1304
1787226300000,2307.2,2319.9,2294,2296.9,12577.8131
1787227200000,2296.9,2300.6,2268.6,2274.3,27612.7377
1787228100000,2274.2,2281.8,2273.2,2278.5,5553.072
1787229000000,2278.5,2284.6,2273.9,2280.9,6802.9775
1787229900000,2280.9,2292.2,2267.8,2289.2,29622.0637
1787230800000,2289.5,2297.7,2286.3,2294.1,10624.4756
1787231700000,2294,2295.1,2287.2,2288.1,10358.2549
1787232600000,2288.1,2288.1,2255.5,2274.4,19634.5773
1787233500000,2274.3,2285,2265.1,2276.2,18270.5753
1787234400000,2276.4,2289.1,2275.6,2280.9,5991.4343
1787235300000,2281.1,2282.1,2271.8,2273.6,4732.7189
1787236200000,2273.7,2285,2273.4,2276.7,13561.5691
1787237100000,2276.5,2280.9,2270.8,2280.9,3410.143
1787238000000,2280.8,2307,2280.8,2297.2,24241.1221
1787238900000,2297.3,2313.8,2292.3,2313.1,27716.8861
1787239800000,2313.2,2322,2298.4,2303.4,15086.2046
1787240700000,2303.4,2338.4,2303.1,2326.9,52113.3437
1787241600000,2326.9,2332.1,2318.7,2320.1,11928.7828
1787242500000,2320.2,2327.1,2314,2326.5,17196.05
1787243400000,2326.6,2360.8,2320.5,2349.1,24610.6479
1787244300000,2349.1,2349.6,2336.7,2344.3,15605.6722
1787245200000,2344.3,2345.1,2332.1,2337.7,17094.4161
1787246100000,2337.7,2346.2,2335.3,2344.1,10514.1567
1787247000000,2344.2,2347.7,2339,2344.6,5867.9908
1787247900000,2344.7,2350.5,2343.1,2343.9,4532.3791
1787248800000,2343.9,2348,2325.1,2331,27385.3113
1787249700000,2331.1,2333.7,2319.8,2325.9,26165.5671
1787250600000,2325.5,2326.2,2310.1,2316.2,15251.4205
1787251500000,2316.5,2323.4,2314.1,2316.7,6569.719
1787252400000,2316.7,2323.6,2312.6,2321.3,4760.1921
1787253300000,2321.3,2330,2321.2,2328.5,4395.5554
1787254200000,2328.4,2332.4,2323.3,2329.7,3500.7254
1787255100000,2329.8,2331.7,2320,2322.3,4673.7345
1787256000000,2322.4,2327.3,2319.7,2320.1,4201.6938
1787256900000,2320.2,2329.6,2317.5,2327,5471.4387
1787257800000,2327,2331.7,2317.8,2319.7,7781.7472
1787258700000,2320.1,2320.6,2313.5,2318.2,13277.6546
1787259600000,2318.2,2322.5,2312.8,2321.8,3542.6081
1787260500000,2321.8,2325.3,2314.4,2314.9,2054.2433
1787261400000,2314.9,2322.4,2314.5,2319.5,5907.2737
1787262300000,2319.6,2321,2316,2318.7,2882.657
1787263200000,2318.8,2319.4,2308.5,2312.6,26545.9141
1787264100000,2312.6,2318.6,2308.8,2315.6,5899.8819
1787265000000,2315.6,2316.6,2311.4,2313.3,2965.1754
1787265900000,2313.3,2319.9,2312.7,2315.1,2520.3992
1787266800000,2315.1,2323,2313.9,2323,3966.8853
1787267700000,2323,2340,2322.6,2332.5,9937.9279
1787268600000,2332.6,2335.3,2325.6,2326.5,4881.207
1787269500000,2326.6,2330.6,2323.9,2328,4850.3343
1787270400000,2328.1,2339.6,2325.9,2339.2,6621.925
1787271300000,2339.1,2350.1,2332.9,2338.1,22159.3343
1787272200000,2338.5,2352.1,2333.5,2339.1,13520.3726
1787273100000,2338.7,2351.3,2334.6,2341.8,21319.405
1787274000000,2341.6,2349.2,2338.4,2346.5,6313.9056
1787274900000,2346.8,2368.2,2338.6,2353.3,44521.932
1787275800000,2353.4,2369,2349,2357.6,24218.361
1787276700000,2357.6,2380.9,2357.2,2359.9,19360.5462
1787277600000,2359.8,2363.8,2344,2354.5,26616.1872
1787278500000,2354.6,2361.1,2347.2,2359.7,6941.5218
1787279400000,2359.9,2365.7,2354.5,2356.2,14748.4962
1787280300000,2356.3,2356.7,2345.4,2346.4,7742.4488
1787281200000,2346.5,2348.5,2338.1,2345.7,9269.103
1787282100000,2345.8,2351.1,2341.7,2350.2,3930.0167
1787283000000,2350.2,2355.7,2347.1,2351,4781.3551
1787283900000,2351.1,2355.4,2341.1,2341.8,4136.0614
1787284800000,2341.8,2351.4,2341.7,2346.4,9924.806
1787285700000,2346.4,2350.6,2344.7,2345.2,1032.3813
1787286600000,2345.2,2351.7,2344,2350.6,1129.6375
1787287500000,2350.7,2357.2,2349.6,2354.7,9132.4316
1787288400000,2354.8,2360,2350.7,2359.8,7688.1781
1787289300000,2359.9,2363.4,2350.2,2354.5,7455.2197
1787290200000,2354.5,2358.6,2352.1,2354.7,12668.1902
1787291100000,2354.7,2369.5,2353.4,2369.5,9666.9086
1787292000000,2369.5,2379.6,2365,2366.1,10169.7065
1787292900000,2366.2,2369.5,2355.9,2361.3,9543.6594
1787293800000,2361.3,2375.1,2361.3,2370.6,7532.444
1787294700000,2370.4,2384,2365.1,2373,7902.9935
1787295600000,2373,2388.5,2371.5,2388,13406.1381
1787296500000,2388,2400,2378.1,2382.5,30419.8697
1787297400000,2382.6,2389.9,2373.5,2382.3,10385.6718
1787298300000,2382.3,2384,2369.7,2373.4,4943.6753
1787299200000,2373.5,2393.8,2372,2386.1,25884.6216
1787300100000,2386.2,2394,2381.2,2389,17985.5027
1787301000000,2389,2417.4,2387.7,2411.9,37365.324
1787301900000,2412,2450,2411,2446.8,39357.0831
1787302800000,2446.8,2448.4,2377.8,2400.6,65907.0912
1787303700000,2400.7,2401.2,2385.1,2390.8,9441.279
1787304600000,2390.9,2413.1,2387.3,2409.3,14182.5094
1787305500000,2409.3,2417.8,2393.6,2405.5,10898.4502
1787306400000,2405.6,2407.6,2395.6,2402.6,12869.4026
1787307300000,2402.8,2413.6,2392.4,2401.8,16475.8425
1787308200000,2401.8,2403.5,2393,2399,9674.9712
1787309100000,2399,2407.1,2394.5,2396.6,6285.4081
1787310000000,2396.2,2400.7,2377.7,2387.6,8244.6899
1787310900000,2387.7,2389.5,2373.4,2386.9,10848.2724
1787311800000,2386.9,2387.9,2358.3,2374.9,22540.4514
1787312700000,2374.9,2378.2,2362.5,2371.8,8814.5624
1787313600000,2372.4,2381.5,2367,2380.4,10391.5218
1787314500000,2380.3,2380.4,2370.9,2376.1,3316.8539
1787315400000,2376.1,2397.2,2374,2395.4,19112.4598
1787316300000,2395.3,2398.9,2386.6,2389.3,9366.8113
1787317200000,2389.3,2397.6,2385.4,2392.2,14972.9909
1787318100000,2392.1,2392.2,2383,2388,8319.7475
1787319000000,2388,2399.9,2370,2396.7,20301.9241
1787319900000,2396.8,2408,2383.2,2388.6,23872.0485
1787320800000,2388.6,2389.2,2374.5,2380.3,13869.706
1787321700000,2380.4,2393.9,2370.3,2393.4,14193.2828
1787322600000,2393.4,2398.7,2378.6,2386.7,23964.5361
1787323500000,2386.6,2395,2386.6,2394.5,9849.9101
1787324400000,2394.7,2406.9,2392,2403,29267.8185
1787325300000,2403,2408.9,2397.8,2399.1,4820.13
1787326200000,2399.2,2404,2395.1,2400.7,2435.4209
1787327100000,2400.6,2404.2,2392.8,2393.6,7831.3471
1787328000000,2393.6,2397.8,2384.1,2384.7,10417.5305
1787328900000,2384.2,2405.4,2384.2,2404.1,33898.844
1787329800000,2404.2,2404.2,2400,2401.9,4543.9214
1787330700000,2402,2414,2401.5,2406.9,13388.9032
1787331600000,2406.9,2423.2,2405.2,2416.6,17893.6659
1787332500000,2416.6,2416.7,2402.9,2416.5,15364.078
1787333400000,2416.5,2427.3,2414.8,2420.2,15310.0973
1787334300000,2420.3,2428.2,2417.3,2424.5,7013.9048
1787335200000,2424.5,2428.2,2418.8,2422.9,6088.2146
1787336100000,2422.9,2433,2422.9,2425.5,7995.8387
1787337000000,2425.5,2427.2,2407,2409.3,18392.9355
1787337900000,2409.3,2422.3,2395.4,2420.6,30230.3938
1787338800000,2420.6,2421.2,2407.5,2415.3,7385.9649
1787339700000,2415.2,2419.9,2407.9,2418.6,4191.6504
1787340600000,2418.6,2420.4,2414.5,2417.4,6204.3431
1787341500000,2417.4,2418.7,2413,2414,6408.3917
1787342400000,2413.7,2430.8,2409,2426.4,16283.0722
1787343300000,2426.5,2449,2426.4,2445.8,44793.7276
1787344200000,2445.9,2445.9,2433.4,2438.8,11415.03
1787345100000,2438.7,2445.9,2428,2441.9,16760.0501
1787346000000,2441.8,2462.3,2435.8,2451.3,22881.4364
1787346900000,2451.1,2491.9,2445.5,2481,40356.0242
1787347800000,2481,2501.8,2478,2487.4,28156.7315
1787348700000,2487.3,2525.3,2485.6,2516.1,47850.8934
1787349600000,2516.1,2550.5,2510,2544.7,42160.6632
1787350500000,2544.6,2545.8,2531.2,2534.3,19911.2201
1787351400000,2534.3,2537,2512.9,2531.7,22085.5875
1787352300000,2531.7,2531.7,2516.4,2522.9,18245.0363
1787353200000,2523.9,2528.7,2517,2526.3,16050.4318
1787354100000,2526.4,2548.2,2524.3,2527.6,16662.169
1787355000000,2527.7,2533.6,2514.8,2526.5,15854.0814
1787355900000,2526.2,2527.5,2512,2518.3,8381.1506
1787356800000,2518.2,2525.1,2492.3,2503,26493.0068
1787357700000,2503.1,2514.1,2500.2,2508.4,14716.4308
1787358600000,2508.5,2518.9,2505.4,2510.6,11820.7311
1787359500000,2510.6,2527.3,2506.2,2527.3,26193.2295
1787360400000,2525.1,2533.8,2521.5,2522.9,12096.3204
1787361300000,2523,2528.4,2518.7,2520.7,4441.6518
1787362200000,2520.8,2530.7,2513.7,2516.8,7845.4463
1787363100000,2516.8,2526.3,2507.6,2507.8,35702.9309
1787364000000,2507.8,2513,2504,2509.7,21240.6772
1787364900000,2509.7,2523.9,2509.5,2520.1,4498.6993
1787365800000,2520.2,2522.7,2496,2510.5,38000.3086
1787366700000,2510.6,2516.4,2504.4,2516.4,9342.3679
1787367600000,2516.4,2520.9,2513.2,2513.3,6892.3275
1787368500000,2513.7,2527.5,2513.4,2521.1,17770.5491
1787369400000,2520.9,2524.3,2514.1,2518.4,5067.3131
1787370300000,2518.4,2523.7,2514.6,2515.5,4681.8996
1787371200000,2515.5,2520.8,2510.8,2519.9,4519.4732
1787372100000,2520.4,2520.4,2504.3,2516.7,27843.1497
1787373000000,2516.7,2530,2514.4,2528.5,9522.5271
1787373900000,2528.5,2528.5,2514.7,2515.3,4125.4397
1787374800000,2515.3,2518.7,2383.3,2445.7,99022.2745
1787375700000,2445.6,2453.6,2410.5,2438.4,40180.3515
1787376600000,2438.4,2449.3,2424,2433.5,15440.8614
1787377500000,2433.4,2445.6,2428.1,2439.7,6554.9204
1787378400000,2439.9,2443.9,2427,2427.8,6356.6731
1787379300000,2427.8,2437,2426.9,2429.6,5940.0111
1787380200000,2429.6,2440,2412,2431.4,10925.7207
1787381100000,2431.4,2439.4,2430.8,2437.9,4828.3263
1787382000000,2437.9,2447.8,2428.2,2433.9,6382.355
1787382900000,2434.1,2441.8,2426.4,2441.8,6031.5107
1787383800000,2442,2442,2431.9,2436.6,1334.914
1787384700000,2436.6,2438.4,2431.6,2432.7,3205.7715
1787385600000,2432.8,2440.5,2428.7,2439.6,3710.9722
1787386500000,2439.6,2439.9,2424,2425.9,2008.2638
1787387400000,2426.1,2426.1,2411.7,2424.9,11039.5693
1787388300000,2424.7,2426.1,2417.6,2425.5,3791.0798
1787389200000,2425.5,2427.6,2412.6,2427.6,4863.8724
1787390100000,2427.6,2429.1,2421.7,2424.9,2361.3822
1787391000000,2424.9,2426.1,2419.1,2422.8,1076.2616
1787391900000,2422.8,2423.1,2414.1,2421.7,6239.2538
1787392800000,2421.7,2422.5,2399,2401.2,8948.9641
1787393700000,2401.6,2408.6,2389.7,2406.7,16594.6028
1787394600000,2406.6,2417,2403.1,2415.8,4448.8214
1787395500000,2415.9,2418,2408.6,2413.5,8658.0074
1787396400000,2413.4,2416,2405.7,2408.5,3089.269
1787397300000,2408.4,2416,2407.3,2414.9,1155.1697
1787398200000,2414.9,2426,2414.2,2425.4,3551.9184
1787399100000,2425.4,2427.3,2421.1,2424.9,908.4795
1787400000000,2424.8,2435.6,2420.2,2433.8,7271.2718
1787400900000,2433.9,2439,2430.3,2436.3,2988.1569
1787401800000,2436.3,2437.7,2428.4,2432.3,1726.426
1787402700000,2432.3,2432.9,2428.3,2429.2,1373.7918
1787403600000,2429.3,2429.9,2424.7,2427.5,3289.0558
1787404500000,2427.5,2430.5,2423.6,2426.9,1389.3846
1787405400000,2426.9,2429.1,2422.4,2425.7,1988.4275
1787406300000,2425.7,2434,2425,2431.1,7401.7929
1787407200000,2431.1,2432.5,2416.3,2418.9,3675.2562
1787408100000,2419.6,2421.4,2414.6,2421.4,2090.2074
1787409000000,2421.3,2424.7,2412.8,2412.9,1327.3963
1787409900000,2413,2416.1,2409.7,2414.5,3652.3627
1787410800000,2414.6,2417.2,2407.3,2407.7,6833.2888
1787411700000,2407.3,2412.6,2406.3,2411.3,1447.1886
1787412600000,2411.4,2415.6,2410.8,2413.1,2303.6072
1787413500000,2413.2,2414.7,2410.1,2411.5,5803.0053
1787414400000,2411.5,2416.4,2409.5,2415.4,5919.0137
1787415300000,2415.4,2423.2,2415.1,2420.7,5370.5731
1787416200000,2420.8,2429.8,2419.2,2426.6,6376.7554
1787417100000,2426.6,2429.9,2423.3,2423.3,2395.2549
1787418000000,2423.3,2426,2422.2,2424.4,777.5183
1787418900000,2424.6,2429.7,2418.4,2419.7,1170.1208
1787419800000,2420.2,2425.9,2420.2,2425.6,2952.0317
1787420700000,2425.6,2431.8,2424.5,2427.1,2468.3652
1787421600000,2427.1,2431.5,2426,2427.8,2458.9359
1787422500000,2427.6,2435,2427.3,2431.9,1957.0649
1787423400000,2431.9,2434.6,2427.9,2427.9,7401.7123
1787424300000,2427.9,2429.7,2422.7,2428.4,2790.9246
1787425200000,2428.3,2431.2,2425,2430.4,1734.0717
1787426100000,2430.4,2432,2427.7,2429.4,308.1405
1787427000000,2429.4,2436,2429.3,2435.9,1602.7933
1787427900000,2436,2445.4,2434.8,2440.2,10106.0104
1787428800000,2440.1,2444.8,2437,2442.2,6359.4192
1787429700000,2442.2,2442.9,2438.4,2438.8,1542.4581
1787430600000,2438.8,2440.4,2436.5,2437.6,3169.9285
1787431500000,2437.6,2438.3,2430.3,2432.7,4255.8362
1787432400000,2432.4,2432.5,2412.8,2412.9,12781.0378
1787433300000,2413,2422.9,2413,2422.6,4366.1666
1787434200000,2422.6,2423.7,2408.5,2416.7,7885.5151
1787435100000,2416.8,2416.8,2403.6,2407.5,5906.5188
1787436000000,2407.5,2421.7,2405,2420.6,12576.4244
1787436900000,2420.8,2426.1,2418.5,2423.7,5289.3516
1787437800000,2423.7,2423.9,2409,2415,4093.0538
1787438700000,2415,2418.3,2412.2,2414.2,3026.4214
1787439600000,2414.4,2417.3,2411.3,2415.3,2332.2291
1787440500000,2415.6,2420.6,2414.8,2418.1,1080.1624
1787441400000,2418.1,2423.4,2416.1,2422,5014.9616
1787442300000,2422.1,2428,2421.7,2423.4,5685.6339
1787443200000,2423.5,2426.3,2420.4,2422.1,3960.011
1787444100000,2422.1,2429.8,2420.3,2427.2,3715.2411
1787445000000,2427.3,2434.3,2426.5,2427.8,2499.6736
1787445900000,2427.7,2436.1,2427.2,2431.7,4709.2836
1787446800000,2431.8,2431.8,2425.1,2430.4,1451.249
1787447700000,2430.5,2434.2,2426,2430.5,3533.2388
1787448600000,2430.7,2433.8,2420.3,2426.9,3216.4032
1787449500000,2427,2431,2420.7,2423.9,9817.6122
1787450400000,2423.8,2425.1,2414.2,2414.2,5267.0449
1787451300000,2414.3,2420.4,2408.8,2415.9,7451.3119
1787452200000,2416.2,2421.8,2416,2419.6,4622.1451
1787453100000,2419.8,2424.8,2417.2,2417.3,1207.0613
1787454000000,2417.5,2418.9,2413.7,2417.5,2997.6376
1787454900000,2417.5,2419.7,2412.6,2414,2463.1305
1787455800000,2414.1,2414.1,2408.3,2410.4,5531.6086
1787456700000,2410.5,2415.1,2410.4,2414.2,2584.6357
1787457600000,2414.3,2417.3,2403.6,2414.4,19362.4316
1787458500000,2414.5,2416.7,2404.4,2411.6,3912.6061
1787459400000,2411.6,2411.6,2401.8,2403.3,2627.1324
1787460300000,2403.3,2403.5,2371.1,2379.3,34252.0677
1787461200000,2379.3,2385,2363.4,2366.6,15952.2582
1787462100000,2366.7,2388,2357.2,2381.2,15836.3254
1787463000000,2381.3,2385,2374.5,2377.9,4778.8965
1787463900000,2378,2379.6,2374.7,2374.7,2318.3775
1787464800000,2374.7,2381.6,2370.8,2380.6,5454.2766
1787465700000,2380.7,2394.4,2380.2,2390.8,5998.8174
1787466600000,2390.9,2397.7,2388.4,2392.6,3490.6461
1787467500000,2392.7,2393.9,2386.6,2390.2,3419.3525
1787468400000,2390.3,2397.1,2387.9,2395.2,3112.0443
1787469300000,2395.3,2397.7,2392.7,2393.7,4109.3181
1787470200000,2393.7,2393.7,2389.1,2389.9,2519.2394
1787471100000,2390,2393.9,2387.4,2389,681.0497
1787472000000,2389.2,2415,2387.3,2407.7,9593.3191
1787472900000,2407.8,2408.9,2406,2408.1,2056.2004
1787473800000,2408.1,2428,2408,2421.1,7760.4893
1787474700000,2421.2,2422.8,2404.1,2412.8,22698.5023
1787475600000,2412.8,2416.8,2411.2,2413.8,4229.803
1787476500000,2413.9,2414.5,2408.4,2411.6,2299.9655
1787477400000,2411.6,2413.2,2405.2,2412.7,1599.6407
1787478300000,2412.6,2416.6,2411,2412.4,900.054
1787479200000,2412.4,2417.8,2411.8,2414.7,1078.6701
1787480100000,2414.6,2421,2413.6,2414,2313.9117
1787481000000,2414,2418.7,2413.4,2417.4,1702.3363
1787481900000,2417.4,2418.7,2414.5,2415.2,2925.3735
1787482800000,2415.2,2421,2415.2,2420.8,834.8643
1787483700000,2420.8,2433.7,2418.7,2428.5,8427.3325
1787484600000,2428.5,2439.3,2427,2435.1,3662.0747
1787485500000,2435.2,2435.2,2429.2,2435,3665.1833
1787486400000,2435.1,2435.1,2420.1,2423.9,2730.3625
1787487300000,2423.8,2426.1,2422,2424.4,976.3023
1787488200000,2424.3,2430.3,2423.7,2430,1230.6101
1787489100000,2430,2430,2425.7,2428.3,436.9009
1787490000000,2428.1,2433.9,2428,2433.3,1622.9253
1787490900000,2433.3,2486.9,2433.1,2455.2,41005.5798
1787491800000,2455.3,2460.4,2450.9,2457.3,7316.0555
1787492700000,2457.4,2462.6,2453.4,2461,5302.1573
1787493600000,2460.9,2469.9,2454.6,2465.3,8884.1862
1787494500000,2465.3,2468.9,2456.5,2457.4,3905.0984
1787495400000,2457.5,2458.7,2387.8,2421.8,33538.523
1787496300000,2421.5,2449.9,2421,2440.7,34568.817
1787497200000,2440.8,2445,2428.8,2435.1,8690.5596
1787498100000,2435.1,2441.4,2423.9,2438.4,7874.0643
1787499000000,2438.4,2453.5,2436.9,2447.9,8578.0356
1787499900000,2447.9,2450.1,2438.1,2440,2713.2715
1787500800000,2440.1,2447.9,2440,2445.9,1804.7281
1787501700000,2445.9,2449.4,2442.9,2449.4,2812.6234
1787502600000,2448.4,2455,2446.7,2448.5,3213.4887
1787503500000,2448.5,2460.1,2447.4,2452.7,4569.7592
1787504400000,2452.7,2455.7,2435.3,2449.2,6734.6489
1787505300000,2449.3,2450.9,2439.1,2441.4,24821.7964
1787506200000,2441.5,2444.6,2434.6,2439.4,5879.7216
1787507100000,2439.4,2446.8,2439.3,2441.4,3504.1789
1787508000000,2441.5,2450,2435.4,2446.3,6138.7457
1787508900000,2446.1,2449.4,2444.7,2447.8,1026.9447
1787509800000,2447.9,2448.8,2445.2,2447.6,3192.7772
1787510700000,2447.6,2449.7,2445.5,2449,1048.7032
1787511600000,2449,2450,2441.8,2443.3,1367.7919
1787512500000,2443.3,2445.2,2441.4,2443.2,5094.2825
1787513400000,2443.3,2448.4,2436.8,2448.4,1383.0395
1787514300000,2448.4,2454.9,2445.5,2445.6,3574.5602
1787515200000,2445.6,2445.6,2436.9,2441.7,3966.879
1787516100000,2441.7,2449.5,2440.7,2445.9,4293.5567
1787517000000,2445.9,2450.2,2445.9,2449.8,951.909
1787517900000,2449.9,2450.5,2447.2,2450.1,855.2353
1787518800000,2450.1,2470.7,2450.1,2467.3,29712.5505
1787519700000,2467.3,2481.7,2467.3,2479.1,13692.8899
1787520600000,2479.2,2487,2460.8,2462.2,41024.5448
1787521500000,2462.2,2480,2462.2,2471.1,6033.6383
1787522400000,2471.2,2476.1,2456.5,2465.1,9111.0478
1787523300000,2465.1,2468.7,2459.6,2462,2070.8992
1787524200000,2461.9,2464.5,2457.5,2460.4,2430.8875
1787525100000,2460.4,2462,2451.6,2456.7,7574.9756
1787526000000,2456.6,2457.3,2443.4,2450.3,3917.0319
1787526900000,2450.3,2461,2449.5,2460.6,1480.9608
1787527800000,2460.5,2472.4,2450,2455.2,4512.3709
1787528700000,2455.3,2467.4,2455.1,2464.4,1628.4399
1787529600000,2464.5,2465.5,2454.5,2459.8,2298.0658
1787530500000,2460,2461.2,2444.1,2452.2,3434.5926
1787531400000,2452.4,2461.3,2445.2,2446.3,6120.0033
1787532300000,2446.4,2467.9,2443.3,2466.8,6473.6992
1787533200000,2466.9,2468,2454.9,2455.3,2609.1898
1787534100000,2455.3,2455.6,2443.6,2445.4,6820.4144
1787535000000,2445.4,2450.6,2436.1,2439.8,11890.9164
1787535900000,2439.9,2441.8,2427.8,2429.1,8060.8331
1787536800000,2429.3,2446.9,2425,2445,11140.1061
1787537700000,2445,2451,2444.9,2448.2,7109.3222
1787538600000,2448.3,2452.9,2445.6,2447.1,3506.1304
1787539500000,2447.1,2447.2,2436.3,2444,3701.9634
1787540400000,2444.5,2445,2436.6,2437.3,3310.0277
1787541300000,2437.3,2444.5,2434,2434.3,5074.0761
1787542200000,2434.3,2438.7,2427.1,2436.1,5357.3735
1787543100000,2436,2441.8,2428.1,2430.7,8901.1978
1787544000000,2430.8,2440,2430.8,2439.5,6512.798
1787544900000,2439.6,2447,2439.6,2446.9,6428.9307
1787545800000,2446.9,2447.2,2439.1,2442.8,2391.0183
1787546700000,2442.8,2444.2,2429.1,2438.6,5555.0732
1787547600000,2438.7,2459.6,2434.7,2458.9,5322.0139
1787548500000,2458.9,2460.6,2448.5,2451.5,7343.8774
1787549400000,2451.5,2453.8,2438.8,2449.6,5573.6687
1787550300000,2449.6,2451,2445.9,2450,1179.0015
1787551200000,2449.8,2459.1,2445.5,2457.5,3091.4239
1787552100000,2457.6,2459.4,2453.1,2455.1,3109.3861
1787553000000,2455,2456,2446.1,2448.3,1428.2857
1787553900000,2448.3,2464.8,2447.5,2457.5,1651.1758
1787554800000,2457.5,2475,2456.3,2471.8,4188.3653
1787555700000,2471.6,2471.6,2461,2463.3,1553.1007
1787556600000,2463.2,2463.2,2453.4,2454,1736.8952
1787557500000,2454,2460.2,2453.5,2455.7,808.4421
1787558400000,2455.6,2460,2448.5,2450,2795.7273
1787559300000,2450.2,2450.3,2435.9,2439.9,9225.135
1787560200000,2439.8,2454.5,2439.6,2454.1,9244.0062
1787561100000,2454.1,2457.7,2451.1,2455.7,2280.5461
1787562000000,2455.5,2464.2,2454.8,2463,3554.7257
1787562900000,2463,2464.3,2455.1,2461.2,1693.2641
1787563800000,2461.2,2465.6,2460.3,2463.4,2302.3269
1787564700000,2463.4,2466,2462.2,2464.1,927.0889
1787565600000,2464.1,2492.9,2463.4,2484.9,12836.4459
1787566500000,2484.6,2485.3,2472.3,2473.4,2975.0179
1787567400000,2473.8,2479.5,2465.1,2468.3,4537.5159
1787568300000,2468,2472,2462.8,2466.5,3089.0876
1787569200000,2466.5,2472.1,2455.6,2470.8,8328.679
1787570100000,2470.8,2474.4,2467.1,2473.8,3490.739
1787571000000,2473.9,2509.6,2472.6,2508.6,30128.156
1787571900000,2508.6,2510.5,2490,2496.3,6776.6802
1787572800000,2496.3,2496.3,2484.6,2486.7,3798.9414
1787573700000,2486.4,2496.1,2475.8,2494.9,10311.9011
1787574600000,2495,2507.8,2490.1,2501.6,7314.9094
1787575500000,2501.7,2520,2500.3,2514.5,16417.8886
1787576400000,2514.5,2522.4,2503.6,2517.5,10905.9804
1787577300000,2517.5,2518.6,2506,2508.2,14134.6229
1787578200000,2508.2,2508.2,2484.1,2488.7,25929.6209
1787579100000,2488.5,2496.9,2477.6,2495.8,38529.714
1787580000000,2495.8,2513.7,2493.3,2513.2,17173.3499
1787580900000,2513,2529.9,2503.9,2518.5,8732.6464
1787581800000,2518.3,2533,2516.9,2523.6,33103.0934
1787582700000,2523.7,2525.5,2510.3,2517.1,5952.1253
1787583600000,2517.1,2522.1,2511.6,2516.2,4224.6215
1787584500000,2516.5,2534,2515.9,2525,50891.2198
1787585400000,2525,2525,2488.2,2495.1,41560.254
1787586300000,2494.5,2501.8,2478.5,2486.7,27643.1703
1787587200000,2486.8,2506.1,2485.9,2498.2,12432.3301
1787588100000,2498.1,2505.2,2497.7,2499.2,11366.7567
1787589000000,2499.3,2501,2489,2489.1,7346.1564
1787589900000,2489.1,2491.2,2468.8,2477.8,14957.765
1787590800000,2477.7,2483.4,2458.4,2476,30514.2122
1787591700000,2475.9,2479.1,2453.4,2457,30166.8716
1787592600000,2457.1,2468.1,2456.1,2459.8,9508.0299
1787593500000,2459.8,2468.8,2457.5,2468,7355.5974
1787594400000,2467.9,2482.7,2467.9,2482.4,14423.0668
1787595300000,2481.7,2482.7,2475.2,2479.3,4980.0162
1787596200000,2479.5,2482,2466.7,2475.8,5153.7715
1787597100000,2475.7,2480,2472.5,2473.1,3589.8294
1787598000000,2473.1,2477.1,2464.1,2472.9,5751.0479
1787598900000,2472.8,2474,2461.1,2469.5,10874.3887
1787599800000,2469.6,2473.7,2466.4,2471.1,3970.7026
1787600700000,2471.1,2471.6,2463.9,2471,1857.2466
1787601600000,2470.9,2474.8,2464.7,2472,3011.1011
1787602500000,2471.9,2471.9,2465.6,2467.9,967.446
1787603400000,2467.9,2478.6,2465.6,2473.2,1360.2225
1787604300000,2473.2,2474.3,2470.7,2474.2,882.1743
1787605200000,2474.7,2483.7,2474.7,2483.6,4843.2869
1787606100000,2483.6,2484,2478.4,2481.1,2209.888
1787607000000,2481,2483.4,2479.5,2482.9,539.9398
1787607900000,2482.9,2487.4,2481.2,2483,1756.6293
1787608800000,2483,2484.4,2478.5,2480.6,3873.0103
1787609700000,2480.6,2481.6,2474.6,2477,4714.6457
1787610600000,2477.1,2484,2476.6,2476.9,2647.3631
1787611500000,2476.7,2480,2472,2473.5,2925.7569
1787612400000,2473.4,2478.8,2469.7,2477.6,4385.2971
1787613300000,2477.7,2484.7,2477.1,2483,4166.9714
1787614200000,2482.7,2487,2481.6,2484.7,952.4076
1787615100000,2484.7,2486.2,2476.5,2482.3,1348.4722
1787616000000,2481.8,2484.6,2477.1,2479.3,4580.0868
1787616900000,2478.7,2481.9,2471.4,2478.8,7999.9631
1787617800000,2478.5,2494.7,2475.8,2492.3,5532.727
1787618700000,2492.2,2504.6,2489.5,2493.3,13809.9555
1787619600000,2493.1,2499.6,2487.3,2488.4,7909.9439
1787620500000,2488.4,2504.4,2483.6,2497.9,28948.8486
1787621400000,2497.8,2501.6,2493.6,2493.9,5879.4738
1787622300000,2494,2496.6,2488.6,2495.1,4866.2251
1787623200000,2495.3,2498.3,2492,2493.8,1851.4715
1787624100000,2493.8,2532.5,2493,2530,28605.0996
1787625000000,2529.7,2532.3,2513.7,2517.1,20486.6363
1787625900000,2517.2,2518.9,2501.3,2506.9,25634.2875
1787626800000,2506.9,2514.2,2504.5,2510.7,10155.2775
1787627700000,2510.7,2511.4,2504.3,2505.4,1752.1426
1787628600000,2505.4,2508.7,2496.5,2498.3,14586.8932
1787629500000,2498.2,2500.8,2488.2,2498.7,13429.4715
1787630400000,2498.6,2503.5,2492.2,2499.4,7995.1311
1787631300000,2499.4,2499.7,2491.8,2493.5,5521.2107
1787632200000,2493.4,2496.8,2488.6,2491.4,2171.8546
1787633100000,2491.3,2494.9,2490.3,2494.6,1410.2011
1787634000000,2494.6,2500.6,2493.2,2500.5,10868.2842
1787634900000,2500.4,2510.7,2499.5,2508.1,6143.962
1787635800000,2508.5,2511.1,2505.5,2506.5,10589.3954
1787636700000,2506.6,2510.1,2505.4,2508,2914.4683
1787637600000,2508,2510,2506.6,2509.9,927.9406
1787638500000,2510,2514.9,2508.5,2510.1,2860.5933
1787639400000,2510,2510,2498.6,2503.3,6017.0854
1787640300000,2503.5,2504.1,2496.1,2500.2,4774.837
1787641200000,2500.2,2512.4,2499.3,2506.6,3733.8861
1787642100000,2506.7,2507.5,2502,2504.3,1646.4724
1787643000000,2504.3,2504.4,2495.9,2499.4,5012.6835
1787643900000,2499.5,2499.8,2464.3,2478.6,25951.6473
1787644800000,2478.6,2486.3,2473.4,2484.9,11646.5732
1787645700000,2484.8,2497.6,2484.8,2493.4,4410.4359
1787646600000,2493.8,2495.1,2484.9,2489.5,4908.7879
1787647500000,2489.6,2490,2479.9,2483.7,2971.2771
1787648400000,2483.6,2488.7,2478.6,2486.7,926.7226
1787649300000,2486.7,2491.2,2483.6,2486.8,3184.744
1787650200000,2486.9,2490.4,2485.5,2485.6,717.8913
1787651100000,2485.4,2486.6,2462,2473.8,12993.7507
1787652000000,2473.8,2479.4,2468.9,2477.2,11812.977
1787652900000,2477.4,2478.8,2474.6,2475,1195.28
1787653800000,2475,2478.2,2473.8,2477.3,1815.7116
1787654700000,2477.3,2485.6,2477.2,2481,2234.1543
1787655600000,2481.1,2483.2,2474,2474,2349.5739
1787656500000,2474.3,2478.3,2473.4,2477.6,3256.1327
1787657400000,2477.6,2485,2477.6,2479.4,4875.0476
1787658300000,2479.1,2483.1,2476.6,2477.6,7203.1053
1787659200000,2477.6,2480.6,2466.4,2477.4,9864.3516
1787660100000,2477.4,2477.4,2457.6,2466.7,16878.3835
1787661000000,2467,2470.2,2459.7,2468.4,5589.7059
1787661900000,2468.5,2475.9,2467.4,2473,2555.9412
1787662800000,2473,2475.6,2465,2466.7,4394.376
1787663700000,2466.7,2466.7,2452.9,2456.5,19569.1891
1787664600000,2456.4,2475.9,2454,2463.8,9579.2221
1787665500000,2463.4,2464.4,2437.5,2459.4,32546.9412
1787666400000,2459.5,2471.7,2453.1,2466,7442.339
1787667300000,2466.1,2479.6,2463.3,2475,10881.0856
1787668200000,2475.1,2483.5,2469,2473.2,12960.5651
1787669100000,2473.2,2478.6,2473.2,2475.6,9987.495
1787670000000,2475.6,2476.9,2466.1,2466.2,9270.1771
1787670900000,2466.2,2476.5,2464.9,2473.6,7979.5615
1787671800000,2473.6,2479.3,2469.3,2476.6,7065.0862
1787672700000,2476.6,2482.5,2471.4,2481.8,4705.1457
1787673600000,2481.8,2484.2,2471.6,2472.9,8095.2811
1787674500000,2472.7,2476,2466.7,2471.2,4531.0807
1787675400000,2471.1,2477.5,2470.4,2474.5,6142.549
1787676300000,2474.4,2478,2468.5,2469.6,1488.2442
1787677200000,2469.6,2470.3,2455,2461.8,10683.8967
1787678100000,2461.9,2465.2,2455.8,2457.3,4857.3842
1787679000000,2457.8,2468,2457.8,2466.8,2675.9153
1787679900000,2467,2470.1,2466.5,2469.9,6604.5881
1787680800000,2469.9,2473.7,2469.5,2472.3,8096.0155
1787681700000,2472.2,2473.5,2469.8,2471.7,1095.8071
1787682600000,2471.7,2471.7,2465.1,2466.9,5745.5131
1787683500000,2466.9,2468.6,2462.6,2466.1,2133.5666
1787684400000,2466,2468.1,2461.5,2466.8,4559.652
1787685300000,2466.7,2468.9,2461.2,2461.5,3232.6276
1787686200000,2461.5,2461.5,2454.2,2454.9,3134.0295
1787687100000,2455,2462.7,2455,2462.3,1770.2947
1787688000000,2462.3,2463.3,2448.9,2456.7,3450.3463
1787688900000,2456.8,2460.6,2454.7,2455.1,5164.4414
1787689800000,2455,2455.5,2441.5,2445,4837.9539
1787690700000,2445.1,2447.1,2431.5,2434.9,27158.782
1787691600000,2434.9,2439.5,2407.5,2428.9,32931.0607
1787692500000,2428.9,2433.2,2423,2432.6,6139.9838
1787693400000,2432.5,2441.4,2431.8,2439.9,3422.8644
1787694300000,2439.9,2442.4,2438.4,2440.7,3759.6082
1787695200000,2440.7,2450.7,2440.7,2450.5,5337.8217
1787696100000,2450.6,2451.9,2441.2,2445.2,4775.3673
1787697000000,2445.1,2449.5,2443.2,2449.1,712.3754
1787697900000,2449.1,2454.3,2448.4,2452.7,2488.6437
1787698800000,2452.6,2455.3,2451.1,2453.6,1435.2053
1787699700000,2453.6,2454.8,2447.9,2450.9,1773.013
1787700600000,2450.9,2451,2441.8,2443.2,6320.7111
1787701500000,2443.1,2443.2,2435.9,2441.6,9088.6224
1787702400000,2441.7,2443.6,2434.4,2436.3,4439.5832
1787703300000,2436.3,2442.7,2435.4,2442.7,2083.7861
1787704200000,2442.7,2445,2435.4,2439.1,4040.8956
1787705100000,2439.1,2449,2438.2,2445.2,4133.1784
1787706000000,2445.2,2458,2444.2,2452.6,4260.1114
1787706900000,2452.7,2456.2,2451.3,2452.3,952.3108
1787707800000,2452.4,2461,2452.4,2456.4,2454.7422
1787708700000,2456.4,2456.5,2452.7,2454.5,3386.1577
1787709600000,2454.6,2457.9,2453.2,2454.5,6124.126
1787710500000,2454.6,2467,2454.2,2466.7,4081.195
1787711400000,2466.8,2468.8,2464.1,2466.1,5598.0595
1787712300000,2466.1,2467.7,2463.5,2464.3,3742.9785
1787713200000,2464.4,2467.4,2461.6,2462.2,1524.0136
1787714100000,2462.2,2465.1,2459.6,2462.4,1111.7855
1787715000000,2462.4,2466.4,2457.2,2463.9,2846.4797
1787715900000,2463.9,2466.2,2460.9,2464.8,836.0471
1787716800000,2464.7,2472,2461.4,2465.9,2534.1721
1787717700000,2465.8,2469.4,2464.7,2465.4,5076.604
1787718600000,2465.5,2466.5,2462.2,2463.3,3581.4808
1787719500000,2463.1,2463.1,2454.5,2455.9,2538.6103
1787720400000,2455.9,2459.1,2450.3,2457,2579.8818
1787721300000,2456.8,2463.6,2453,2462.3,3882.5009
1787722200000,2462.3,2467.3,2461.1,2464.6,4137.0112
1787723100000,2464.7,2464.7,2459.7,2463.6,4444.4041
1787724000000,2463.8,2466.5,2459.8,2460.7,6032.2848
1787724900000,2460.6,2461,2453.5,2455.8,424.6813
1787725800000,2455.8,2459.6,2452.3,2458.9,725.489
1787726700000,2459,2460.2,2456.9,2459.2,258.3908
1787727600000,2459.3,2467.7,2456.3,2464.1,4060.6831
1787728500000,2464.1,2466,2460.6,2462.9,2065.7316
1787729400000,2462.7,2466.2,2460.8,2464.3,1898.1989
1787730300000,2464.2,2466.1,2460.5,2460.5,4227.6354
1787731200000,2460.5,2469,2458.3,2464.2,4594.7077
1787732100000,2464.2,2465.7,2456.6,2461.7,4326.4809
1787733000000,2461.7,2463.3,2459.4,2462.8,2523.8869
1787733900000,2462.8,2463,2452.7,2455.4,1018.0181
1787734800000,2455.3,2460.3,2453.3,2455.2,5398.4787
1787735700000,2455.2,2455.2,2444.6,2449.6,2471.4908
1787736600000,2449.6,2452.4,2443.6,2443.7,1156.9887
1787737500000,2444,2448.5,2441.8,2447.3,1883.6815
1787738400000,2447.2,2448.7,2444,2448.6,1893.4657
1787739300000,2448.7,2454.5,2448.4,2454.1,3654.6292
1787740200000,2454.1,2469.3,2454,2464,4288.5493
1787741100000,2464,2474.4,2463.1,2468,4486.0258
1787742000000,2468.1,2472.6,2465.7,2467.1,8764.1998
1787742900000,2467,2467.9,2464.8,2465.3,3460.8097
1787743800000,2465.3,2467.1,2455.8,2461.8,8977.933
1787744700000,2461.8,2468.8,2459,2462.6,9363.5475
1787745600000,2462.6,2465.2,2458.2,2460.1,3620.1212
1787746500000,2460.1,2471.7,2457.3,2470.8,7135.7018
1787747400000,2470.8,2470.8,2444.8,2454.8,12966.8208
1787748300000,2454.7,2459.1,2451.7,2454.4,3895.0637
1787749200000,2454.4,2457,2439.6,2444.8,12226.9135
1787750100000,2444.8,2447,2436.2,2443.1,4001.5674
1787751000000,2443.5,2458,2442.2,2457.9,14738.022
1787751900000,2457.9,2461.8,2449.1,2456.6,6855.4541
1787752800000,2455.7,2460.8,2452.7,2455.2,3435.1487
1787753700000,2455.2,2460.9,2447.3,2449.5,5775.4469
1787754600000,2449.5,2451.5,2443.5,2443.5,2679.757
1787755500000,2443.2,2446.5,2437.7,2438.4,3896.6496
1787756400000,2438.4,2442.4,2431.6,2440,6652.8625
1787757300000,2439.9,2454.3,2435.3,2453.8,10901.6218
1787758200000,2453.5,2453.6,2441,2447.1,6474.142
1787759100000,2447.1,2452.9,2447.1,2448.7,7972.2826
1787760000000,2448.7,2454.4,2446.5,2449.6,4937.1151
1787760900000,2449.6,2452.3,2446.3,2448.5,1506.9863
1787761800000,2448.5,2452.4,2436.5,2437.5,8129.3098
1787762700000,2437.5,2450.1,2437.5,2443.2,1738.9881
1787763600000,2443.3,2447.2,2442.5,2445.9,2630.5386
1787764500000,2446.1,2462.8,2446.1,2462,9975.9726
1787765400000,2462.1,2466,2459.8,2460.2,5362.2841
1787766300000,2460.2,2461.8,2455,2459.9,3459.5445
1787767200000,2459.9,2469,2457.9,2466.1,3219.5243
1787768100000,2466.3,2468,2460.7,2461.7,695.4106
1787769000000,2461.7,2466,2461.2,2463.7,476.381
1787769900000,2463.6,2472.9,2463.6,2472.3,5259.0202
1787770800000,2472.3,2472.9,2468.5,2469.8,8914.3539
1787771700000,2469.8,2482.4,2469.4,2479.3,15312.8589
1787772600000,2479.3,2479.6,2467,2469.4,8735.4269
1787773500000,2469.4,2472.8,2468.1,2470.2,3439.7846
1787774400000,2469.1,2473.4,2467.7,2468,950.815
1787775300000,2468,2469.8,2458.6,2467.5,8594.2412
1787776200000,2467.6,2469.2,2463.3,2468.2,6931.8234
1787777100000,2467.6,2472.1,2467.4,2471.5,1431.3197
1787778000000,2471.4,2494.4,2469.5,2492,23652.2666
1787778900000,2492,2503.5,2487.6,2500.2,18947.7528
1787779800000,2500.2,2500.3,2493.7,2493.7,5523.0527
1787780700000,2493.8,2497.7,2491.4,2496,3049.6437
1787781600000,2496.1,2506.7,2494.1,2502.6,9391.5624
1787782500000,2503.2,2514.9,2502.1,2505,14086.401
1787783400000,2505,2505.7,2493.6,2496.8,10303.4477
1787784300000,2496.8,2496.8,2488.4,2493.1,5902.1042
1787785200000,2492.8,2495.1,2487,2489.6,5159.7535
1787786100000,2489.2,2500.3,2489,2498.1,5033.9012
1787787000000,2498.2,2507.3,2497.3,2506.9,11687.2718
1787787900000,2507.1,2512.2,2501.5,2506,7164.9205
1787788800000,2506.2,2509.9,2499.2,2501.7,4965.9648
1787789700000,2501.7,2505.5,2497.7,2499.7,1653.7925
1787790600000,2499.7,2500.6,2493.3,2494.9,4300.4357
1787791500000,2495,2496,2491.1,2491.1,5414.7183
1787792400000,2491.1,2494.2,2486.2,2488.3,12057.6189
1787793300000,2488.2,2505.3,2486.4,2502.2,12305.5878
1787794200000,2502.3,2505.1,2491.3,2491.3,12763.0736
1787795100000,2491.4,2504.8,2491.1,2496.7,10508.3507
1787796000000,2496.7,2503.7,2496.1,2501.5,5911.8533
1787796900000,2500.9,2501.5,2493,2494.2,6998.0476
1787797800000,2494.3,2496.9,2492.5,2493,1266.6012
1787798700000,2493.6,2494.4,2492.4,2493.7,195.3483
1787799600000,2493.7,2495.7,2489.7,2489.9,996.7372
1787800500000,2490,2497.8,2488.3,2496.7,1547.947
1787801400000,2496.8,2497.1,2491.1,2491.2,704.6417
1787802300000,2491.2,2493.7,2488.2,2491.9,1316.7388
1787803200000,2491.9,2493.8,2490.4,2492.9,189.9859
1787804100000,2492.9,2494.7,2491.7,2491.7,985.9563
1787805000000,2491.7,2491.7,2483,2488.4,9208.7159
1787805900000,2488.4,2490.4,2483.2,2485.9,7710.6155
1787806800000,2486,2487.2,2482.7,2484.5,1885.3881
1787807700000,2484.4,2490.5,2482.5,2484.5,10159.1697
1787808600000,2484.1,2489.2,2480.4,2486.9,2995.0642
1787809500000,2486.9,2496.6,2486.8,2496.2,12825.3452
1787810400000,2495.8,2495.8,2483.8,2487.1,8895.6532
1787811300000,2487.1,2487.1,2483.5,2484.8,630.2837
1787812200000,2484.8,2487.6,2484.7,2487.2,869.2491
1787813100000,2487.2,2492.4,2487.1,2492.4,6235.5808
1787814000000,2492.3,2494.9,2489.1,2493.5,10324.0485
1787814900000,2493.4,2493.5,2487.7,2489.9,4818.9792
1787815800000,2489.9,2493.4,2489.8,2491.3,2713.9274
1787816700000,2491,2498.3,2490.8,2496.6,2439.0615
1787817600000,2497,2528,2497,2519.1,12681.522
1787818500000,2519.2,2534.9,2512.4,2533.9,21707.2464
1787819400000,2533.9,2545.3,2526.5,2535.8,16214.0142
1787820300000,2535.8,2539.6,2528.1,2530.6,4104.4531
1787821200000,2530.4,2536.8,2525,2534.9,10139.7703
1787822100000,2535,2566.4,2530.7,2553.7,29814.3345
1787823000000,2554,2555.3,2537,2540.5,22258.8963
1787823900000,2540.5,2544,2531.6,2534.1,4165.37
1787824800000,2533.7,2538.6,2524.7,2528.6,5244.2657
1787825700000,2529,2530.5,2483.4,2509.4,23105.9179
1787826600000,2509.3,2511.6,2495.6,2504.6,12388.869
1787827500000,2504.7,2505.5,2499.5,2502.6,2120.8573
1787828400000,2502.7,2507.5,2500.7,2506.9,2301.7006
1787829300000,2506.9,2508.6,2498.3,2500.2,2194.7409
1787830200000,2500.6,2504.4,2497.1,2502.3,3255.065
1787831100000,2502.2,2502.3,2491.4,2500.4,3401.7835
1787832000000,2500.4,2505.4,2499.2,2504,2332.9541
1787832900000,2504.2,2506.2,2501.5,2504.6,1069.204
1787833800000,2504.7,2505.1,2495.2,2495.3,4134.5676
1787834700000,2495.3,2498.9,2491.2,2493.8,3064.6675
1787835600000,2493.7,2499,2493.6,2496.9,1033.3007
1787836500000,2497.3,2506,2496.1,2502,3751.1473
1787837400000,2501.9,2502,2484,2488.6,11180.477
1787838300000,2488.5,2496.6,2481.6,2495.6,17512.7289
1787839200000,2495.1,2503.5,2486.7,2490.7,14938.1628
1787840100000,2491.4,2507.8,2489.2,2507.6,18604.7307
1787841000000,2507.6,2523.2,2503.7,2520.1,18517.854
1787841900000,2520.1,2520.1,2510.1,2516.3,13225.285
1787842800000,2516.5,2529.9,2512.2,2525.5,10441.3751
1787843700000,2525.4,2526.9,2515.2,2521.5,6143.9427
1787844600000,2521.7,2530.2,2514.4,2524.6,5903.9785
1787845500000,2524.6,2525.1,2518.8,2520.6,1704.7226
1787846400000,2520.7,2526.4,2515.3,2523.4,5508.406
1787847300000,2523.4,2527.2,2520.6,2521.1,3248.242
1787848200000,2521.2,2532.5,2517.8,2530.3,8540.2396
1787849100000,2530.4,2530.5,2521.3,2521.4,2625.0933
1787850000000,2521.4,2530.8,2514.8,2528.7,7651.0732
1787850900000,2528.2,2532.5,2523,2523.3,5000.6922
1787851800000,2523.3,2525.7,2516.7,2517.1,4524.0292
1787852700000,2517.2,2521.4,2514.8,2517.3,3717.9807
1787853600000,2517.3,2517.3,2493.1,2498.4,24264.8179
1787854500000,2498.7,2501.8,2486.4,2491.6,17210.9362
1787855400000,2491.6,2496.6,2490,2495.5,9370.4875
1787856300000,2495.6,2505.9,2494.3,2505.7,5375.8443
1787857200000,2505.7,2511.4,2504.6,2509.2,6625.0288
1787858100000,2509.2,2510.9,2506.3,2510.8,10461.9112
1787859000000,2510.8,2512.8,2506.3,2509.3,8183.9422
1787859900000,2509.3,2510.3,2496,2496.4,3990.9614
1787860800000,2496.5,2499.8,2493.5,2495.2,4224.4548
1787861700000,2495.2,2504.4,2494.9,2501.7,3525.1804
1787862600000,2501.7,2505.7,2501.4,2505.6,6134.9273
1787863500000,2505.6,2506.9,2500.7,2506.9,2352.6654
1787864400000,2506.9,2507.7,2502.7,2505,1015.043
1787865300000,2505.1,2505.1,2499.2,2501.6,2119.6664
1787866200000,2501.6,2503.5,2497.7,2498.3,3295.0411
1787867100000,2498.4,2503.8,2497.8,2503.8,2416.7164
1787868000000,2503.7,2511.6,2503.6,2508.6,4354.2143
1787868900000,2508.7,2515.9,2508.7,2512.2,3474.0466
1787869800000,2512.3,2513.3,2509.3,2512.2,1246.8602
1787870700000,2512.2,2514.6,2510.1,2514.4,2914.2964
1787871600000,2514.4,2516.4,2509.7,2510,1772.5286
1787872500000,2510,2515,2508.3,2513.3,1836.0647
1787873400000,2513,2513.5,2510.1,2510.2,665.5138
1787874300000,2510.1,2511.7,2508.1,2510.1,524.1739
1787875200000,2510.1,2510.7,2505.1,2507.5,1263.502
1787876100000,2507.5,2512.9,2507.2,2512,1341.6773
1787877000000,2512.1,2517.8,2509,2514.4,2083.7005
1787877900000,2514.5,2518.5,2511.8,2514.5,1082.5618
1787878800000,2514.8,2524.3,2514.7,2520.9,5134.3874
1787879700000,2520.9,2528.7,2519,2528.2,4079.0603
1787880600000,2528.2,2533.8,2517.3,2518.8,7401.0693
1787881500000,2518.2,2519.1,2506.8,2511,6380.673
1787882400000,2511.1,2511.1,2502.1,2502.1,13072.6712
1787883300000,2502.1,2504.1,2490,2493.4,9401.0174
1787884200000,2493.5,2498.9,2489.1,2495.6,9931.3892
1787885100000,2495.5,2495.6,2486.2,2491.5,13389.909
1787886000000,2491.4,2492.1,2485.7,2490,1637.4975
1787886900000,2489.9,2495.1,2489.5,2491.9,1542.1931
1787887800000,2491.9,2494.1,2488.2,2488.5,937.1407
1787888700000,2488.5,2492.1,2488.2,2489.4,951.5972
1787889600000,2489.4,2491,2476.3,2491,6399.1811
1787890500000,2491,2495,2487,2489.7,2018.9837
1787891400000,2489.7,2490.1,2483,2485.9,6493.2148
1787892300000,2485.8,2487.5,2484.1,2485.2,2133.9145
1787893200000,2485.2,2487.8,2481.5,2484.8,4448.8162
1787894100000,2484.9,2489.7,2482.2,2489.4,4416.4849
1787895000000,2489.5,2494.6,2488.8,2494.5,1268.07
1787895900000,2494.5,2496.9,2491.4,2492.6,945.3138
1787896800000,2492.6,2502.8,2492.6,2502.5,2635.0219
1787897700000,2502.5,2502.6,2499.9,2499.9,4430.0789
1787898600000,2499.9,2502,2498.5,2500.4,4336.2725
1787899500000,2500.3,2504.7,2500.1,2502.8,6174.4928
1787900400000,2502.7,2502.9,2493.7,2496.8,10625.533
1787901300000,2496.6,2498.8,2494.2,2498.2,4733.0235
1787902200000,2498.2,2498.8,2494.6,2494.7,1158.9397
1787903100000,2494.7,2496.7,2494.6,2496.3,539.6167
1787904000000,2496.2,2503.3,2496.2,2496.8,504.9394
1787904900000,2496.7,2501.5,2496.7,2497.7,673.7879
1787905800000,2497.7,2498.1,2494,2494.1,664.9944
1787906700000,2494.4,2494.9,2486.1,2487.5,6479.6955
1787907600000,2487.5,2492.6,2483,2488.8,4774.6609
1787908500000,2488.8,2492.2,2488.8,2490.9,765.7955
1787909400000,2490.9,2492.3,2488,2488.7,1287.3094
1787910300000,2488.7,2491.2,2487.8,2489.3,4715.8213
1787911200000,2489.4,2490,2481.5,2487,5490.2249
1787912100000,2487,2488.6,2483.7,2488.5,1289.4569
1787913000000,2488.6,2494.5,2488.5,2493.9,1238.5854
1787913900000,2493.9,2508.2,2493.3,2505.7,10179.5518
1787914800000,2506.1,2511,2505.2,2509.3,1895.3919
1787915700000,2509.2,2510,2504.4,2505,1192.6424
1787916600000,2505,2507.6,2501.6,2505,1504.016
1787917500000,2504.9,2506.1,2502.5,2504.5,883.8269
1787918400000,2504.5,2505.9,2499.3,2500.7,2217.7465
1787919300000,2501,2507.8,2499.8,2500.4,2400.6512
1787920200000,2500.3,2500.6,2494.4,2498,8207.998
1787921100000,2498,2498.6,2496,2498.5,3077.4627
1787922000000,2498.4,2503.6,2496.9,2499.5,3198.8323
1787922900000,2499.5,2500.7,2495.5,2498,3277.002
1787923800000,2497.9,2504.2,2495.7,2497.2,4861.5457
1787924700000,2497.1,2518.1,2496,2510.2,12431.5607
1787925600000,2510.2,2523,2465.5,2476.4,41542.4948
1787926500000,2476.6,2492.1,2470.9,2491.6,21168.3073
1787927400000,2490.9,2525,2485.6,2509,22997.6986
1787928300000,2509,2515,2500,2511.4,11870.3575
1787929200000,2511.4,2518.7,2501.8,2502.8,4179.9604
1787930100000,2502.8,2512.2,2502.5,2506.5,2765.5882
1787931000000,2506.6,2507.5,2487,2487.7,5887.9397
1787931900000,2488,2494.5,2469,2471.2,13046.1921
1787932800000,2471,2473.3,2443,2443.5,36696.1507
1787933700000,2443.5,2449.4,2405.4,2429.9,50137.5424
1787934600000,2429.8,2445.2,2428.7,2436.1,15262.1018
1787935500000,2436.1,2444.6,2436.1,2441.8,8063.0702
1787936400000,2441.8,2444.9,2437,2444.9,4703.8464
1787937300000,2444.8,2447.5,2437,2442.1,4614.5181
1787938200000,2442,2445,2436.9,2438.2,3659.7399
1787939100000,2438.1,2446.2,2438.1,2443.3,4529.2173
1787940000000,2443.2,2444.6,2437.5,2438,3678.4049
1787940900000,2437.9,2439.5,2429.8,2431,6087.0092
1787941800000,2430.6,2432.4,2418.9,2422.7,9464.5301
1787942700000,2422.9,2428.6,2417.4,2427.3,4534.0349
1787943600000,2428.1,2437.3,2428,2435.3,10735.3069
1787944500000,2435.3,2441.3,2433.3,2438,2621.1637
1787945400000,2438.1,2438.7,2435,2435.8,1362.7974
1787946300000,2435.8,2436.5,2430.4,2434.5,3979.3667
1787947200000,2434.8,2435.6,2430.3,2435.3,2669.9982
1787948100000,2435.4,2435.4,2430,2431.7,1087.4273
1787949000000,2431.5,2431.5,2423.3,2427,5567.1745
1787949900000,2426.9,2430,2425.7,2426.6,302.1838
1787950800000,2426.7,2428.8,2425,2427.1,1100.2817
1787951700000,2427.2,2428.8,2423.4,2427.6,2001.3505
1787952600000,2427.6,2431,2425.9,2428,1192.459
1787953500000,2428,2428,2421.6,2424,737.7483
1787954400000,2424,2428.9,2421.7,2428.8,690.6231
1787955300000,2429,2435.4,2425.8,2433.7,911.7763
1787956200000,2433.7,2439.9,2433.3,2439.8,4555.1297
1787957100000,2439.9,2444.3,2439.5,2441.3,3022.458
1787958000000,2441.4,2441.4,2438.2,2441.2,1353.6264
1787958900000,2441.2,2441.3,2436.2,2437.2,279.2152
1787959800000,2437.3,2439,2437,2438.7,681.3439
1787960700000,2438.7,2442.4,2436.6,2442.3,1376.4526
1787961600000,2442.3,2445.1,2442.1,2442.2,2838.9086
1787962500000,2442.2,2448,2442.1,2445.3,2531.5638
1787963400000,2445.2,2445.3,2442.1,2443.6,746.0803
1787964300000,2443.6,2444,2440.2,2441.4,861.8526
1787965200000,2441.5,2441.8,2438.8,2439.2,313.9841
1787966100000,2439.3,2443.6,2439,2443.4,720.3323
1787967000000,2443.4,2444.3,2441.7,2443.9,299.6827
1787967900000,2444,2445.2,2441.8,2443.4,588.9019
1787968800000,2443.4,2444.3,2441.7,2441.8,357.6875
1787969700000,2441.8,2441.8,2436.3,2437.7,1696.1924
1787970600000,2437.8,2439.4,2434.8,2438.1,4786.1094
1787971500000,2438.1,2439.8,2437.4,2438.1,226.0581
1787972400000,2438.1,2439.5,2438,2438.4,845.4594
1787973300000,2438.4,2441.2,2436.4,2439.8,221.5085
1787974200000,2439.8,2440.4,2436.9,2437.7,210.9076
1787975100000,2437.6,2437.6,2434,2435.1,188.8181
1787976000000,2435.1,2436.9,2434.5,2436.4,272.5745
1787976900000,2436.3,2437.7,2436,2437.3,164.1117
1787977800000,2437.7,2438.8,2437.1,2438,276.1173
1787978700000,2438,2440.4,2437.5,2439.9,193.3352
1787979600000,2439.8,2441.8,2438.8,2441,264.5871
1787980500000,2440.9,2441,2438.8,2439.4,210.4135
1787981400000,2439.4,2441,2438.2,2440.6,281.694
1787982300000,2440.6,2440.9,2437.6,2438.4,268.1489
1787983200000,2438.4,2438.6,2430.1,2431.2,4650.1037
1787984100000,2431.2,2433.4,2430.1,2430.9,467.7565
1787985000000,2430.8,2434,2430.8,2433.2,341.5613
1787985900000,2433.2,2434.4,2433.2,2434,383.3576
1787986800000,2434.1,2436.7,2433.4,2433.9,211.323
1787987700000,2433.9,2435.6,2433.5,2434.6,348.0155
1787988600000,2434.5,2437,2434,2435.9,280.606
1787989500000,2435.9,2437.1,2435,2435.5,319.4861
1787990400000,2435,2435,2430.5,2432.6,754.3343
1787991300000,2432.2,2434.7,2431.6,2434.7,160.0733
1787992200000,2434.7,2434.7,2431.6,2432.3,143.461
1787993100000,2432.2,2433.5,2430.6,2433,171.0163
1787994000000,2433.2,2435.6,2433.2,2434.9,2525.7835
1787994900000,2434.8,2435.4,2433.4,2433.4,268.0615
1787995800000,2433.4,2436.6,2433.4,2435.2,390.6714
1787996700000,2435,2435.8,2434.4,2434.5,390.4174
1787997600000,2434.5,2434.5,2430.7,2433.1,515.6452
1787998500000,2433.1,2437.2,2433.1,2435.9,206.8824
1787999400000,2435.8,2436.1,2434.4,2434.5,181.7547
1788000300000,2434.4,2435.7,2434,2434.1,86.2115
1788001200000,2434,2437.3,2433,2437.2,706.5912
1788002100000,2437.1,2438.2,2436.4,2436.9,845.1003
1788003000000,2436.8,2436.9,2435.2,2435.2,91.5723
1788003900000,2435.2,2436.3,2434.6,2435.2,82.2563
1788004800000,2435.2,2435.8,2434.5,2435.7,62.7943
1788005700000,2435.7,2438.9,2433.2,2435,933.9885
1788006600000,2434.9,2435.2,2433.3,2434,188.5757
1788007500000,2434,2434.3,2432.7,2433.7,413.6745
1788008400000,2433.7,2434.1,2432.6,2433.5,201.0552
1788009300000,2433.5,2435.3,2431.8,2433.7,1052.0729
1788010200000,2433.7,2435.4,2432.9,2433.8,170.1602
1788011100000,2433.8,2436,2433.7,2435.1,388.6803
1788012000000,2435.1,2436,2434.4,2435.3,146.2377
1788012900000,2435.2,2436.6,2434.7,2435.1,658.2615
1788013800000,2435.1,2448,2435,2444.5,6178.1768
1788014700000,2444.5,2451.9,2444.4,2447.6,6886.5412
1788015600000,2447.5,2448.6,2440.9,2444.3,1886.13
1788016500000,2444.3,2445.8,2440.3,2444.1,4156.0103
1788017400000,2443.9,2445.7,2441.5,2443.3,605.5852
1788018300000,2443.3,2445.8,2442.1,2443.9,355.0803
1788019200000,2443.9,2448.1,2443.9,2448,2640.8155
1788020100000,2448,2455.6,2445.1,2447.3,7102.9451
1788021000000,2447.3,2451,2445.2,2450.2,1033.922
1788021900000,2450.2,2454.2,2449.3,2450.3,2248.0062
1788022800000,2450.3,2453.6,2450.2,2452.1,3217.338
1788023700000,2452.4,2455.5,2447.7,2447.7,6177.5744
1788024600000,2447.7,2449.5,2444.8,2448.8,1533.6488
1788025500000,2448.8,2450.2,2446.9,2449.9,4469.5144
1788026400000,2449.9,2451,2447.4,2447.5,812.1848
1788027300000,2447.6,2448.4,2445.1,2446.4,1334.9862
1788028200000,2446.3,2453.8,2445,2452.4,2029.2072
1788029100000,2452.4,2455,2451.3,2452,2389.7238
1788030000000,2452.1,2456.3,2452,2456.3,914.4251
1788030900000,2456.3,2458.5,2455.4,2457.6,5835.8546
1788031800000,2457.6,2458.4,2453.7,2455.2,2371.33
1788032700000,2455.2,2455.2,2450.7,2452.6,4528.791
1788033600000,2452.6,2455.6,2451.2,2455.4,804.0727
1788034500000,2455.9,2457.5,2452.5,2452.5,881.1146
1788035400000,2452.5,2452.7,2450.7,2452.4,432.8444
1788036300000,2452.3,2452.9,2451.6,2451.7,498.3007
1788037200000,2451.8,2453.1,2448.3,2451.1,4551.7303
1788038100000,2451.1,2451.9,2449.5,2449.6,486.3209
1788039000000,2449.6,2450.5,2449.3,2450.1,231.2579
1788039900000,2450.1,2452.1,2449.7,2450.9,383.7075
1788040800000,2450.7,2452.3,2449.6,2450.1,223.2739
1788041700000,2450.1,2450.7,2448.7,2450.2,585.9851
1788042600000,2450.1,2450.8,2450.1,2450.8,69.7603
1788043500000,2450.8,2452.3,2450.7,2451.9,275.6272
1788044400000,2451.9,2455.4,2451.9,2455.1,226.7743
1788045300000,2455.2,2455.7,2452.2,2454.6,217.8373
1788046200000,2454.6,2457.2,2453.1,2456.3,4205.4796
1788047100000,2456.4,2459.6,2456.3,2457.3,2571.6194
1788048000000,2457.6,2457.6,2454.5,2455.8,808.1135
1788048900000,2455.8,2467.7,2455.8,2462.4,2632.9605
1788049800000,2462.5,2464.9,2459.8,2460.7,925.0347
1788050700000,2460.6,2463.1,2458.8,2458.8,450.0011
1788051600000,2458.9,2460.3,2455.7,2456.1,1511.5187
1788052500000,2456.2,2456.8,2452.5,2453.9,4125.1279
1788053400000,2454,2457.7,2453,2456,776.5083
1788054300000,2456,2459.1,2454.9,2456.3,76.5324
1788055200000,2456.3,2458.4,2455,2458.2,140.2513
1788056100000,2458.2,2458.4,2453.2,2455.3,580.1064
1788057000000,2455.3,2457.8,2453.7,2455.4,539.5989
1788057900000,2455.4,2458.4,2454.2,2454.7,222.7728
1788058800000,2454.7,2455.7,2453.8,2455.3,921.1006
1788059700000,2455.3,2458.7,2455.1,2458.7,194.1286
1788060600000,2458.7,2460.3,2457.7,2458.2,710.3235
1788061500000,2458.2,2458.2,2456.6,2456.9,119.271
1788062400000,2456.9,2458.4,2456.4,2456.9,1067.3921
1788063300000,2456.9,2458.5,2454.8,2455.2,2666.9549
1788064200000,2455.2,2455.7,2452.7,2452.8,10192.4462
1788065100000,2452.8,2455.4,2451.3,2455.4,201.52
1788066000000,2455.4,2459.3,2455.3,2456.7,155.7195
1788066900000,2456.7,2456.7,2455.1,2455.4,77.8315
1788067800000,2455.4,2456.3,2454.8,2455.6,133.0191
1788068700000,2455.6,2455.9,2455,2455.7,43.5385
1788069600000,2455.7,2455.9,2454.6,2455.2,170.8418
1788070500000,2455.2,2457.4,2455.2,2456.3,181.6881
1788071400000,2456.3,2460,2456.2,2459.4,6042.1568
1788072300000,2459.3,2461.1,2459,2460.8,1727.0267
1788073200000,2460.8,2460.9,2458.1,2459,2943.7364
1788074100000,2458.9,2459,2457.2,2457.4,293.1202
1788075000000,2457.4,2458.5,2455.7,2455.8,5407.7797
1788075900000,2455.8,2456.8,2454.5,2455,111.6864
1788076800000,2455.1,2458.6,2455,2456.3,144.0279
1788077700000,2456.3,2459.4,2456.2,2458.5,252.041
1788078600000,2458.4,2458.5,2454.7,2455.8,190.919
1788079500000,2455.9,2456.8,2454.5,2456.5,344.2871
1788080400000,2456.4,2457.3,2456,2456.7,216.2312
1788081300000,2456.7,2457.8,2452.9,2452.9,326.3872
1788082200000,2453,2455,2451.7,2453.8,859.4078
1788083100000,2453.9,2454.9,2452.6,2453.3,498.7539
1788084000000,2453.3,2455.3,2452.2,2453.6,666.8293
1788084900000,2453.6,2458.2,2452.4,2455.2,380.0511
1788085800000,2455.2,2458.4,2454.9,2457.9,2798.9398
1788086700000,2457.9,2459.7,2457.9,2459.5,1457.6509
1788087600000,2459.5,2459.8,2457.9,2458.7,466.3018
1788088500000,2458.7,2461.6,2457.9,2460.9,218.8401
1788089400000,2461.2,2461.2,2457.9,2459.9,241.5837
1788090300000,2459.9,2460.2,2456.7,2460.2,1303.9055
1788091200000,2460.2,2473.1,2460,2469.7,11708.8294
1788092100000,2470,2470.1,2462,2465.9,2348.5449
1788093000000,2466,2467.2,2458.1,2464.5,3216.735
1788093900000,2464.5,2469,2462.9,2468.9,4759.9433
1788094800000,2469.1,2470.3,2462,2462.1,7195.3358
1788095700000,2462.1,2466.8,2460.5,2466.3,4142.2445
1788096600000,2466.3,2471.7,2465,2470.1,8271.7042
1788097500000,2470.2,2477.9,2470.1,2475.6,8650.8867
1788098400000,2475.5,2479.6,2471.3,2479.3,1861.1434
1788099300000,2479.1,2479.6,2475,2477.5,1169.275
1788100200000,2477.5,2479.9,2473.7,2475.4,1912.8311
1788101100000,2475.4,2478.4,2474.2,2477.2,1082.1211
1788102000000,2477.2,2482,2472.9,2473.6,2096.067
1788102900000,2473.7,2480,2471.8,2477.9,2391.0221
1788103800000,2477.9,2480.2,2476.3,2480.2,1267.5926
1788104700000,2480.1,2483.6,2478.5,2481,720.1345
1788105600000,2481,2514.5,2479.3,2511.2,23620.8394
1788106500000,2511.2,2521.3,2508.3,2514.8,32599.5356
1788107400000,2514.8,2536.7,2513.4,2530.2,20434.206
1788108300000,2530.3,2531.8,2521.8,2530.4,13705.0808
1788109200000,2530.2,2530.2,2520.5,2521.5,9754.6889
1788110100000,2521.5,2521.9,2495,2498.9,19825.8514
1788111000000,2498.9,2509,2495.4,2508,7851.9364
1788111900000,2508,2510.6,2501.9,2507.3,11081.7325
1788112800000,2507.3,2509.8,2497.1,2500.4,7263.3463
1788113700000,2500.4,2513.8,2499.4,2513.4,6551.035
1788114600000,2513.4,2519,2511.7,2515.6,3713.0991
1788115500000,2515.8,2516.1,2510.3,2511.7,5241.236
1788116400000,2511.7,2513.9,2507.5,2513.9,3524.4125
1788117300000,2513.9,2514.7,2507.2,2507.2,2677.8332
1788118200000,2507.1,2508.5,2500.2,2500.2,5216.0858
1788119100000,2500.3,2505.2,2497.5,2504.8,3814.3682
1788120000000,2504.8,2508.6,2504.8,2505.8,1608.5595
1788120900000,2505.8,2509.5,2504.5,2504.5,1489.5369
1788121800000,2504.6,2505.1,2486.4,2488.8,10895.424
1788122700000,2488.9,2500.7,2488.1,2491.1,9375.9829
1788123600000,2491.1,2491.5,2461.1,2474.9,23704.9641
1788124500000,2474.9,2479.9,2472.5,2478.7,4257.2139
1788125400000,2478.8,2484,2477.9,2480,3884.6428
1788126300000,2480,2483.9,2475.4,2482.7,2542.6928
1788127200000,2482.6,2489.3,2475,2475.5,4526.587
1788128100000,2475.4,2476.7,2465.7,2466.9,14239.7308
1788129000000,2467,2475.7,2461.1,2471.8,5510.1758
1788129900000,2471.9,2473.5,2466.4,2470.7,1903.1034
1788130800000,2470.7,2470.7,2464.5,2465.3,2301.7201
1788131700000,2465.1,2466.2,2421.9,2426.9,36049.3025
1788132600000,2426.9,2435.6,2404.1,2412.4,41353.2312
1788133500000,2412.5,2421.1,2388,2417.5,52593.2183
1788134400000,2417.5,2422.1,2407.2,2420.9,11952.0927
1788135300000,2421,2433,2419.7,2431.4,10093.1771
1788136200000,2431.4,2441.2,2429.6,2432.9,9024.7236
1788137100000,2433,2434.1,2427,2429.1,2823.8193
1788138000000,2428.9,2431.3,2414.7,2418.9,3706.0197
1788138900000,2418.3,2424,2415.9,2420.8,1977.0012
1788139800000,2421,2426.8,2415.9,2419.3,6500.2556
1788140700000,2419.3,2422.2,2410.5,2413.4,2122.5725
1788141600000,2413.5,2425.4,2408.7,2423.5,3936.0655
1788142500000,2423.1,2423.8,2415,2416.7,10126.7424
1788143400000,2416.6,2418.9,2413,2413.7,1030.6279
1788144300000,2413.7,2414,2400.7,2407.7,18528.1726
1788145200000,2407.9,2416.8,2404.7,2415.6,5619.3291
1788146100000,2415.6,2422.2,2413.7,2420.4,6900.5197
1788147000000,2420.1,2423.7,2418.3,2423.3,4241.2833
1788147900000,2423.3,2424.8,2420.4,2420.7,5981.0768
1788148800000,2420.7,2421.4,2413.4,2414.8,2702.4429
1788149700000,2414.8,2414.9,2411.5,2412.7,5810.9331
1788150600000,2412.7,2416.4,2412.1,2415.6,2639.9338
1788151500000,2415.6,2418.9,2411.7,2418,2407.2612
1788152400000,2418,2423.9,2414,2422.8,2802.9779
1788153300000,2422.9,2442.6,2422.9,2435,14559.647
1788154200000,2435.8,2438,2429,2436,12863.7754
1788155100000,2436.1,2439.2,2434.3,2436.2,2071.2183
1788156000000,2436.3,2438.2,2431.8,2436.9,1710.2799
1788156900000,2436.9,2445.6,2436.8,2442.4,16874.0981
1788157800000,2442.4,2445.1,2438.1,2443,6587.5993
1788158700000,2443,2444.2,2438.9,2439.2,3870.3274
1788159600000,2439.1,2442.3,2436.7,2440.1,4708.5491
1788160500000,2440.2,2446.7,2440.1,2443.2,3172.3341
1788161400000,2443,2443.4,2439.1,2441.6,710.9222
1788162300000,2441.6,2441.7,2439,2440.8,900.3877
1788163200000,2440.8,2446,2434.4,2440.9,1613.9041
1788164100000,2440.9,2440.9,2434.2,2436.5,1636.8237
1788165000000,2436.4,2449.8,2435.9,2443.5,2067.9434
1788165900000,2443.5,2448.5,2443.1,2446.8,847.4757
1788166800000,2446.8,2453.6,2444.1,2446.4,2260.6483
1788167700000,2446.2,2453,2445,2447.8,2046.0772
1788168600000,2447.9,2450.2,2446.7,2450.2,1353.9744
1788169500000,2450.1,2457,2446.6,2447.1,9500.8939
1788170400000,2447.1,2450.1,2441.5,2450.1,8270.992
1788171300000,2450,2450.4,2446.3,2449.9,4428.4845
1788172200000,2450,2452.5,2446.6,2451.7,633.9214
1788173100000,2451.4,2457.5,2450.6,2456.2,2318.0905
1788174000000,2456.2,2458.2,2453.2,2455.3,990.1168
1788174900000,2455.3,2457.4,2451.8,2452.8,4399.4329
1788175800000,2452.9,2453,2446.9,2447.5,6961.0565
1788176700000,2447.5,2448.4,2443.9,2446.2,1564.9532
1788177600000,2446.2,2457.8,2444.8,2453.6,4163.5869
1788178500000,2453.6,2464.2,2448,2455.6,6212.0039
1788179400000,2455.1,2459.2,2445.8,2451.5,8925.4667
1788180300000,2451.5,2452.4,2447.2,2452.1,2432.7125
1788181200000,2452.1,2459.7,2452,2455,2531.0626
1788182100000,2455,2456.1,2444.9,2450.8,16488.0803
1788183000000,2451,2458.6,2445.1,2447.8,13906.3431
1788183900000,2447.8,2449.4,2437.1,2439.9,11953.1414
1788184800000,2439.9,2447.6,2437.9,2441,14955.7038
1788185700000,2440.7,2448.6,2438,2445.5,4703.7516
1788186600000,2445.8,2475.6,2443.7,2465.7,28225.1089
1788187500000,2466.8,2471.3,2460.9,2467.6,11190.3754
1788188400000,2468.3,2471.2,2459,2459.9,2198.3878
1788189300000,2459.8,2471,2458.8,2469.2,3162.137
1788190200000,2468.9,2478.6,2466,2477,9962.4079
1788191100000,2477.3,2478.6,2467.7,2468.2,5358.3009
1788192000000,2468.2,2472.7,2464.5,2465.9,2972.5347
1788192900000,2465.9,2471.9,2462.4,2464.6,2679.0842
1788193800000,2465.6,2472.8,2464,2471.5,2141.9233
1788194700000,2472.4,2476.9,2468.7,2469.6,2973.7763
1788195600000,2469.4,2474.4,2468.6,2472,587.3202
1788196500000,2472,2472.5,2461.2,2463.6,8964.9964
1788197400000,2464,2474,2462.6,2471.8,6228.9268
1788198300000,2471.7,2478.2,2470,2476,6845.2499
1788199200000,2476.1,2476.1,2470.3,2474,4098.4445
1788200100000,2474,2481.2,2469.9,2472.5,6275.6436
1788201000000,2472.4,2490,2471.5,2488.9,6092.6486
1788201900000,2488.6,2488.6,2477.2,2478.4,3358.8208
1788202800000,2478.4,2490,2478.4,2486.7,4408.376
1788203700000,2486.7,2486.7,2482.3,2486,3065.8579
1788204600000,2486,2486.5,2479.1,2480.9,1970.6801
1788205500000,2480.8,2486,2478.3,2482.3,2924.6205
1788206400000,2482.2,2483.3,2478.7,2480.1,2273.7228
1788207300000,2480.5,2486.7,2476.3,2476.3,3702.465
1788208200000,2476.6,2478.6,2470.7,2474.3,3336.9171
1788209100000,2474.2,2475.2,2471.6,2473.4,798.547
1788210000000,2473.3,2476.5,2468.5,2472.9,1390.9873
1788210900000,2472.8,2478.8,2471.3,2478.8,1102.152
1788211800000,2478.8,2484,2477.8,2482,5655.0853
1788212700000,2481.9,2483.7,2479.7,2479.8,2618.7
1788213600000,2479.7,2481.5,2475.1,2475.4,890.2051
1788214500000,2475.3,2475.8,2471.6,2471.9,930.7891
1788215400000,2471.8,2472.6,2468.8,2469.3,626.6279
1788216300000,2469.3,2471,2468.4,2469.6,1907.5803
1788217200000,2469.6,2469.7,2462.3,2465,6121.9541
1788218100000,2465.1,2466.9,2463.6,2466.7,1551.9262
1788219000000,2466.7,2468.4,2465,2467.9,1356.0138
1788219900000,2467.9,2468.3,2466.2,2468,753.2079
1788220800000,2467.9,2473.9,2466.1,2472.9,5288.7178
1788221700000,2472.7,2478.2,2471.9,2475.8,756.0429
1788222600000,2475.8,2477.6,2471.5,2472.4,577.0284
1788223500000,2472.5,2476.2,2469.8,2472.2,588.7908
1788224400000,2472.3,2476.9,2467.6,2468.2,2397.5111
1788225300000,2468.3,2470.6,2458.9,2461.3,14278.418
1788226200000,2461.3,2468.4,2458.2,2467.4,5575.3533
1788227100000,2467.5,2468.3,2461.4,2463,2530.9579
1788228000000,2463.1,2463.1,2454.5,2457.3,6283.1322
1788228900000,2457.4,2462.4,2455,2458.5,1220.1211
1788229800000,2458.6,2463.3,2458.6,2460.5,778.7749
1788230700000,2460.4,2465.2,2459.9,2465.2,3573.7372
1788231600000,2465.2,2467.4,2464.3,2465.3,805.8469
1788232500000,2465.9,2467,2463.3,2466.8,370.4624
1788233400000,2466.7,2483.6,2466.3,2477.2,15045.2114
1788234300000,2477.2,2477.2,2471.9,2472.8,2066.5193
1788235200000,2472.9,2475.8,2470.7,2473.6,1156.5278
1788236100000,2473.7,2478.6,2473.6,2476.6,2202.1612
1788237000000,2476.7,2477.7,2472,2472,434.3222
1788237900000,2472.1,2473.1,2469,2470.5,3284.3437
1788238800000,2471.1,2477.3,2469.5,2473.6,1283.9
1788239700000,2473.6,2476.3,2471,2475.9,1423.1982
1788240600000,2475.8,2482.8,2475.7,2482.7,1769.4961
1788241500000,2482.6,2485.8,2480.2,2485.6,2074.9273
1788242400000,2485.7,2485.7,2479,2480.5,913.0265
1788243300000,2479.8,2479.8,2474.5,2476.5,724.779
1788244200000,2476.5,2478.4,2476.2,2477.2,1912.3008
1788245100000,2477.2,2477.3,2472.4,2472.4,650.5042
1788246000000,2472.3,2475.8,2472,2474.4,638.0807
1788246900000,2474.5,2477.8,2474.4,2475.6,658.3144
1788247800000,2475.6,2476.6,2467.6,2471,2580.9477
1788248700000,2471.1,2474.2,2469.4,2473.2,1419.965
1788249600000,2473.3,2474,2461.8,2464.5,4513.1465
1788250500000,2464.6,2465.3,2448.1,2448.5,7525.6887
1788251400000,2448.4,2455.7,2445.1,2451.7,8001.4692
1788252300000,2451.7,2454,2447,2447.9,6856.4393
1788253200000,2448,2449.6,2443.3,2444.7,3627.2591
1788254100000,2444.7,2453.6,2444.1,2451.4,3253.6792
1788255000000,2451.5,2455.4,2449.7,2454.5,1903.1654
1788255900000,2454.5,2455.1,2451.4,2452.1,1376.7273
1788256800000,2452.1,2455.1,2449,2452.2,2925.041
1788257700000,2452,2459.1,2448.2,2457.6,1600.4278
1788258600000,2457.6,2463.1,2457.5,2460.4,1225.2061
1788259500000,2460.3,2462.1,2455.6,2456.6,1253.8085
1788260400000,2456.6,2456.7,2453.6,2454.6,1503.2859
1788261300000,2454.6,2456.6,2452.5,2456,710.8923
1788262200000,2456,2463.3,2454.4,2459.9,1546.7406
1788263100000,2459.9,2463.6,2457.9,2458.6,1062.7721
1788264000000,2458.6,2458.9,2453,2455.2,1824.2858
1788264900000,2455.2,2458,2451.6,2454.9,679.4572
1788265800000,2454.9,2454.9,2437.9,2445.7,4098.9195
1788266700000,2445.8,2448.8,2444.2,2446.1,1830.2609
1788267600000,2445.8,2447,2428.6,2441,5960.0449
1788268500000,2441,2444.6,2438.3,2443.9,688.1722
1788269400000,2444,2449.6,2431.3,2442.6,7385.3318
1788270300000,2442.3,2449,2439.8,2443.8,5063.2017
1788271200000,2443.8,2456.6,2441.6,2451.6,17630.7525
1788272100000,2451.1,2455.2,2446.4,2451.4,1778.2647
1788273000000,2451.5,2456.3,2450.5,2455.1,1246.5346
1788273900000,2455.2,2458,2447.7,2449.4,1590.1481
1788274800000,2449.7,2449.7,2435.2,2438.8,10429.3256
1788275700000,2438.7,2443.7,2435.9,2443.7,1715.3529
1788276600000,2444,2448.6,2441.6,2448.5,2668.0122
1788277500000,2448.6,2455,2448.3,2449.6,1673.3887
1788278400000,2449.1,2450,2434.8,2435.1,3936.4913
1788279300000,2435.1,2439.3,2426.8,2433.9,6471.2939
1788280200000,2433.9,2435.9,2420.4,2429.3,15165.7892
1788281100000,2429.6,2435.4,2428.8,2433.3,1349.603
1788282000000,2433.2,2435,2431.3,2433.6,2228.0357
1788282900000,2433.6,2437.2,2428.4,2433.5,2410.8482
1788283800000,2433.4,2439.5,2432.8,2433.9,2363.9315
1788284700000,2433.4,2433.5,2417.3,2417.8,8952.3271
1788285600000,2417.9,2422.4,2409,2417.1,29484.3269
1788286500000,2417,2418.4,2404.5,2414.5,10284.9029
1788287400000,2414.5,2417.3,2389,2389.3,34803.3406
1788288300000,2389.2,2413.5,2383.2,2413.4,20263.0469
1788289200000,2413.4,2420.2,2413.3,2415.6,7866.9327
1788290100000,2415.5,2425.6,2412.8,2421.4,15152.6009
1788291000000,2421.3,2422.9,2417.9,2418.1,2105.0957
1788291900000,2418,2419.3,2412.9,2419.3,5777.4423
1788292800000,2419.4,2420.9,2413.5,2420.8,6475.2204
1788293700000,2420.9,2422.7,2416.4,2420.4,4531.4033
1788294600000,2420.5,2423.9,2418.7,2419.7,2575.0492
1788295500000,2419.7,2421.9,2417.1,2421.6,828.9964
1788296400000,2421.6,2423.5,2404.8,2408.7,9504.5199
1788297300000,2408.9,2417.2,2400.4,2415,2065.6288
1788298200000,2415.1,2415.1,2407.7,2413.2,5309.769
1788299100000,2413.2,2418.2,2413.1,2415.7,5075.6736
1788300000000,2414.8,2418.8,2414.2,2416.7,830.8818
1788300900000,2416.4,2416.5,2407.6,2408.1,688.8916
1788301800000,2408.1,2410.3,2406,2407.5,1623.8305
1788302700000,2408.1,2416.3,2408.1,2413.4,1254.5919
1788303600000,2413.5,2415.3,2411.1,2413.1,953.076
1788304500000,2413.1,2417.7,2412.9,2417.6,889.4553
1788305400000,2417.7,2426.9,2416.6,2423.6,2944.7884
1788306300000,2423.6,2426,2418.9,2418.9,694.5155
1788307200000,2418.9,2421.2,2417.2,2420.5,492.5124
1788308100000,2420.5,2422.9,2411.9,2412.9,2639.7356
1788309000000,2412.8,2415.7,2406.7,2409.3,1295.2931
1788309900000,2409.4,2412,2408,2409.1,780.3591
1788310800000,2408.7,2415.3,2407.3,2413.7,1150.2774
1788311700000,2413.7,2415.4,2409.2,2409.4,10050.5815
1788312600000,2409.3,2411.8,2392.5,2394.9,15886.7995
1788313500000,2394.9,2400,2387,2399.5,15751.198
1788314400000,2399,2405.8,2394.8,2402.1,7201.4762
1788315300000,2402.1,2411,2401.2,2409.9,5867.2548
1788316200000,2409.9,2410.4,2404.7,2406.7,3556.6213
1788317100000,2406.7,2410,2405.9,2410,1434.4496
1788318000000,2409.9,2420,2408.5,2415.4,2156.6337
1788318900000,2415.4,2424.4,2414,2420.5,3590.1632
1788319800000,2420.4,2420.5,2414.9,2415.4,3727.368
1788320700000,2415,2417.5,2412.8,2414.9,2719.6379
1788321600000,2414.8,2416.5,2407.1,2409.1,12502.9542
1788322500000,2409.1,2414.4,2406.4,2413,2531.243
1788323400000,2413.3,2416.6,2412.5,2416.4,2042.8104
1788324300000,2416.4,2417,2415.2,2415.7,1325.5195
1788325200000,2415.7,2416.7,2409.9,2415.9,2020.6023
1788326100000,2415.8,2423.7,2415.8,2423.2,2952.4592
1788327000000,2423.1,2423.5,2420.1,2421.2,797.2853
1788327900000,2421.5,2425.2,2421.1,2423.2,2263.0579
1788328800000,2423.1,2425.5,2419.3,2419.4,994.7826
1788329700000,2419.4,2422.8,2417.5,2418.7,1157.1145
1788330600000,2418.7,2425.6,2416.3,2422.5,5305.5728
1788331500000,2422.5,2422.9,2417.4,2421,512.2078
1788332400000,2421,2429.5,2420.6,2427.3,4832.1301
1788333300000,2427.2,2427.3,2421.6,2422.2,1633.7379
1788334200000,2422.2,2424.6,2421.4,2422.1,222.4529
1788335100000,2422,2423.4,2418,2418.1,717.2889
1788336000000,2418,2421,2414.2,2417.6,2092.8314
1788336900000,2417.6,2419.2,2413.8,2415.1,2264.6944
1788337800000,2415,2415.1,2395,2396.4,13762.6837
1788338700000,2396.3,2400.5,2390,2393.2,7105.6902
1788339600000,2393,2400.4,2392.9,2395.9,3419.9524
1788340500000,2395.8,2396.1,2377.5,2388.2,11569.7907
1788341400000,2388.3,2388.5,2367.2,2369.3,28273.9894
1788342300000,2369.3,2377,2366.1,2376.6,8726.2729
1788343200000,2377,2377,2369.5,2373,3330.8768
1788344100000,2372.8,2375.7,2369.2,2369.5,1856.1544
1788345000000,2369.4,2370.6,2358.8,2366.2,10575.0678
1788345900000,2366.2,2372.7,2356,2372.4,11415.3265
1788346800000,2371.8,2376.9,2367.1,2375.5,5204.3646
1788347700000,2376.1,2377.4,2369,2374.3,2123.8395
1788348600000,2374.3,2382.6,2373.4,2378.2,8862.8642
1788349500000,2378.2,2382.6,2377,2382,2689.0313
1788350400000,2382,2383,2378.3,2382.3,1840.3707
1788351300000,2382.7,2390.6,2379.4,2387,10542.1291
1788352200000,2387,2387.3,2380.5,2382.5,2583.2979
1788353100000,2382.4,2382.5,2377.6,2377.7,1432.1239
1788354000000,2377.7,2385.7,2377.7,2381.9,1864.3566
1788354900000,2381.9,2389.9,2381.8,2388.4,4395.057
1788355800000,2388.5,2418,2379.6,2417.2,25548.108
1788356700000,2417.2,2419.4,2397.7,2403.6,20396.3308
1788357600000,2403.6,2408.8,2395.8,2407.4,10353.4501
1788358500000,2407.3,2411.9,2400.7,2404.2,9909.6777
1788359400000,2404.1,2404.6,2393.3,2403.9,11877.5328
1788360300000,2403.8,2405.1,2393.8,2394.2,5482.5086
1788361200000,2394.2,2397.2,2377.9,2384.5,21463.8035
1788362100000,2384.5,2393,2384,2388,3561.9543
1788363000000,2388.5,2398.3,2385,2397.5,2835.9226
1788363900000,2397.3,2397.3,2383.4,2390.7,3005.9461
1788364800000,2390.8,2396.7,2386.8,2394.2,4408.7893
1788365700000,2394.2,2404.8,2392.7,2398.3,10656.1714
1788366600000,2398.7,2403.1,2388.6,2388.7,2471.7476
1788367500000,2388.6,2392,2384.4,2385.9,3923.9621
1788368400000,2385.8,2388,2375.3,2380,7631.6975
1788369300000,2379.9,2380.8,2371.9,2379.2,15584.0948
1788370200000,2379.3,2389.3,2378.2,2389.3,4202.8373
1788371100000,2389.2,2394.4,2389.2,2393.5,3114.8289
1788372000000,2393.5,2396.9,2391.2,2395.3,2168.764
1788372900000,2396,2399.7,2393.9,2396.2,1597.4506
1788373800000,2396.4,2397.7,2390.9,2391.9,2354.4849
1788374700000,2391.8,2395.6,2390.3,2394.7,776.936
1788375600000,2394.7,2396,2393.4,2395.5,1254.8691
1788376500000,2395.4,2396,2386.5,2386.7,2133.4945
1788377400000,2386.4,2388,2383,2386.8,3517.721
1788378300000,2386.4,2392.5,2385.7,2392.4,782.2307
1788379200000,2392.5,2399.7,2390.5,2392.5,1631.007
1788380100000,2392.3,2396.6,2386.2,2391.1,1241.9921
1788381000000,2391,2395.4,2390.1,2390.8,589.6769
1788381900000,2390.3,2395.3,2388.2,2393.2,1809.8296
1788382800000,2393.2,2394.3,2391,2392.6,398.1151
1788383700000,2392.5,2393.2,2390.9,2391.1,661.4096
1788384600000,2391.2,2395.1,2388.8,2394.1,1680.7235
1788385500000,2393.8,2393.9,2390.1,2390.2,257.7532
1788386400000,2390.1,2390.1,2381.4,2384.4,4308.0481
1788387300000,2384.5,2385.6,2378.2,2378.6,2332.5424
1788388200000,2378.5,2384.3,2378.5,2382.9,2092.867
1788389100000,2382.8,2383.2,2378.8,2379.1,2229.7221
1788390000000,2379.1,2386.2,2377,2386.2,1963.2908
1788390900000,2386.1,2386.3,2382.8,2385.2,260.0581
1788391800000,2385.2,2387.6,2382.7,2383.8,130.4584
1788392700000,2383.7,2393,2383.7,2391.6,1681.2646
1788393600000,2391.3,2395,2386.9,2387,712.612
1788394500000,2387,2387,2380.1,2380.1,3246.9268
1788395400000,2380.1,2385.3,2377.9,2383.5,6864.6995
1788396300000,2383.4,2384.1,2378.9,2379.8,829.254
1788397200000,2379,2390.8,2369.2,2390.2,5365.6454
1788398100000,2390.2,2391.5,2385.6,2391.4,1144.4038
1788399000000,2391.5,2393.7,2387,2388.6,6223.7093
1788399900000,2388.4,2390.8,2384.1,2386.1,437.227
1788400800000,2386.1,2390.9,2382.2,2390.6,1910.5382
1788401700000,2390.8,2396.1,2388.6,2395.6,2838.1546
1788402600000,2395.7,2407.3,2393.9,2405.4,18012.7134
1788403500000,2405.6,2410.2,2403.1,2406,5968.5765
1788404400000,2406.5,2408.9,2403.2,2408,1064.7418
1788405300000,2408,2411,2404.3,2404.3,3551.1081
1788406200000,2404.3,2405.8,2399.9,2400.6,1574.4539
1788407100000,2400.6,2403.6,2399.9,2403.5,230.7942
1788408000000,2403.6,2407.4,2401.5,2402,624.7772
1788408900000,2401.9,2401.9,2397,2398.6,577.5505
1788409800000,2398.6,2400.2,2397.6,2397.7,845.8934
1788410700000,2397.7,2408.4,2397.7,2408.1,830.1397
1788411600000,2408.3,2410.2,2401.2,2402.3,895.0119
1788412500000,2402.2,2402.9,2379.5,2385.6,7985.9574
1788413400000,2385.4,2397.2,2384.1,2395.9,2045.4956
1788414300000,2395.9,2405.5,2393.6,2404.6,1269.7616
1788415200000,2404.7,2406.2,2400.3,2401.2,736.2966
1788416100000,2401.1,2408.4,2400.6,2407.6,1002.0436
1788417000000,2407.6,2409.8,2405.7,2409.7,3273.9719
1788417900000,2409.7,2409.9,2406.7,2408,2395.9139
1788418800000,2407.8,2419.1,2407.2,2413.1,9949.0187
1788419700000,2413.1,2413.2,2404.7,2407.7,3386.1004
1788420600000,2407.7,2412.7,2403.3,2407.8,1966.5289
1788421500000,2407.8,2409.2,2396,2398.3,3621.2075
1788422400000,2398.3,2412.7,2398.3,2405.1,1697.7652
1788423300000,2405.1,2409,2400.2,2408.5,1245.9567
1788424200000,2408.5,2409.1,2404.7,2404.8,975.4151
1788425100000,2404.8,2406.9,2401,2403.3,958.9057
1788426000000,2403.3,2407.5,2401,2404.6,271.7542
1788426900000,2404.5,2406.1,2398.7,2398.7,1244.4594
1788427800000,2398.7,2399.3,2393.8,2396.7,875.091
1788428700000,2396.6,2399,2393.2,2393.3,1039.76
1788429600000,2393.1,2396.2,2389.8,2391.1,4476.2007
1788430500000,2391,2399,2389,2396.2,9498.042
1788431400000,2396.2,2396.9,2389.5,2391,1759.5859
1788432300000,2391,2396.9,2390.8,2396.2,1457.7155
1788433200000,2396.4,2399.8,2395.3,2399.2,2194.0197
1788434100000,2399.3,2405.8,2399.3,2405.7,3104.946
1788435000000,2405.6,2409.3,2403,2408.3,6719.4727
1788435900000,2408.3,2411.2,2406,2407.2,1990.6629
1788436800000,2407.2,2411.2,2406,2410.1,446.9622
1788437700000,2410,2412,2406.1,2407.8,1796.1863
1788438600000,2407.8,2424.3,2407.8,2413.7,8670.0033
1788439500000,2413.7,2426.8,2413.1,2423.3,5863.3092
1788440400000,2423.3,2424.6,2416.9,2419,2252.4892
1788441300000,2419,2421,2415.9,2419.5,4582.2677
1788442200000,2419.5,2435,2418.1,2434.9,13036.0234
1788443100000,2435,2435.2,2424.2,2429.8,13496.2314
1788444000000,2429.7,2439.7,2425,2439.6,11045.1128
1788444900000,2439.6,2451,2438,2450.1,14061.1
1788445800000,2450.1,2464.2,2448,2456.6,12556.0379
1788446700000,2456.5,2489.8,2456,2489.7,28915.6401
1788447600000,2489.4,2504.1,2479.8,2486.5,27543.7667
1788448500000,2487,2493,2482.8,2490.5,7704.7497
1788449400000,2490.5,2497.5,2489,2493.2,6868.7853
1788450300000,2493.1,2517.6,2487.4,2517.3,22848.4274
1788451200000,2517.2,2519.2,2496.6,2501.4,33632.321
1788452100000,2501.4,2501.4,2488.9,2491.7,7823.2317
1788453000000,2491.8,2498,2489,2489.7,3518.1378
1788453900000,2489,2496.7,2489,2494.2,3552.4788
1788454800000,2494.9,2499.5,2492.4,2499.3,6441.2508
1788455700000,2499.3,2503.6,2496.4,2500.3,2117.4795
1788456600000,2500,2506.1,2499.1,2502,4880.8771
1788457500000,2502,2505.6,2499.8,2500.3,3016.1351
1788458400000,2500.3,2511.2,2500,2508.5,8446.2439
1788459300000,2508.5,2509.7,2500.1,2500.9,4301.0976
1788460200000,2500.9,2503.6,2498.7,2499.1,2455.2706
1788461100000,2499.5,2514.4,2499.1,2513.3,2665.292
1788462000000,2513.4,2529.4,2508.4,2508.8,33582.5261
1788462900000,2508.8,2518.8,2507,2514.9,12794.6195
1788463800000,2514.8,2517.4,2508.4,2515.6,2516.8398
1788464700000,2515.2,2518.3,2510.1,2517.2,3300.0429
1788465600000,2517.8,2518.2,2505.3,2510.9,7466.7609
1788466500000,2510.9,2514,2506.7,2510,4689.3197
1788467400000,2510,2511.2,2501.1,2503.6,3899.7006
1788468300000,2503.5,2509,2503.4,2504.4,1280.345
1788469200000,2504.3,2511.8,2500.3,2511.8,1227.2702
1788470100000,2511.8,2513,2507,2512.7,1140.3265
1788471000000,2512.7,2526.5,2509,2509,11115.85
1788471900000,2508.9,2516.3,2506.3,2511,3577.9747
1788472800000,2510.9,2512.3,2501.7,2503.8,10766.1808
1788473700000,2503.8,2505.2,2493.9,2494,16909.3559
1788474600000,2493.8,2496,2489.5,2495.9,8971.8579
1788475500000,2495.9,2501,2495.9,2496.3,8164.4908
1788476400000,2496.2,2499.3,2495.3,2497,1334.6145
1788477300000,2497,2501.8,2496.1,2501.8,1938.3645
1788478200000,2501.9,2508.4,2498.3,2507.7,2575.4334
1788479100000,2507.3,2509.1,2503.8,2508.1,2366.781
1788480000000,2508.1,2509.3,2502.6,2507.8,2396.0031
1788480900000,2507.9,2511.9,2505.1,2506.8,940.3167
1788481800000,2506.8,2515.7,2504.7,2506.4,3437.6767
1788482700000,2506.1,2508,2500.9,2500.9,2292.0731
1788483600000,2501.4,2507.4,2497.4,2504,1545.838
1788484500000,2504.3,2509.5,2502.5,2504.5,1876.4823
1788485400000,2504.6,2508.4,2498.5,2499.3,1482.4535
1788486300000,2499.2,2507.7,2498.3,2506.6,373.8054
1788487200000,2506.5,2506.6,2500,2502.3,1493.6727
1788488100000,2502.4,2504.7,2497.9,2498.7,1256.1326
1788489000000,2499.1,2504.5,2497.8,2500.2,1647.6952
1788489900000,2500.2,2507.2,2499.3,2507.2,612.2107
1788490800000,2507.2,2516.6,2507.2,2510.7,2386.7212
1788491700000,2510.7,2511,2506.9,2506.9,1363.3014
1788492600000,2507.6,2508.7,2504.6,2505.6,856.0205
1788493500000,2505.7,2507.8,2505,2505,1164.9813
1788494400000,2505.1,2507.4,2502.7,2507.3,1714.2755
1788495300000,2507.3,2523.9,2506.8,2523.5,5586.6186
1788496200000,2523.6,2524.7,2512,2512.2,2128.2957
1788497100000,2512.1,2513.7,2508.6,2509.3,694.8231
1788498000000,2509.3,2514,2506.1,2511.5,1968.5403
1788498900000,2511.5,2516.6,2510.5,2510.9,1441.9301
1788499800000,2510.9,2512.1,2507.7,2512.1,1576.9551
1788500700000,2512.4,2514.2,2503.9,2509.2,4495.1152
1788501600000,2509.1,2518,2507.1,2514.5,5502.5533
1788502500000,2514.6,2514.6,2504.5,2505,2028.7613
1788503400000,2505,2508.9,2500,2508.8,4433.0976
1788504300000,2508.9,2508.9,2504,2507.3,3424.2717
1788505200000,2507.4,2516.1,2507.4,2514.9,4931.9437
1788506100000,2514.9,2515,2509.4,2510.6,2909.3421
1788507000000,2510.8,2512.1,2505.2,2506.9,2002.8412
1788507900000,2506.8,2508,2503.6,2503.7,4874.4056
1788508800000,2503.7,2512.4,2503,2512.2,1771.2694
1788509700000,2512.3,2516.7,2511.2,2516.7,4369.6827
1788510600000,2516.7,2521.8,2514,2519.1,5037.4898
1788511500000,2519.1,2534,2516.1,2527.2,7897.9819
1788512400000,2527.2,2535.8,2525.5,2530.2,5003.5577
1788513300000,2530.3,2545.9,2519,2522.2,15187.7544
1788514200000,2522,2533,2519.9,2529.3,4280.4305
1788515100000,2529.4,2531.1,2521,2521,1732.543
1788516000000,2521.1,2525.1,2517.1,2520,2594.1298
1788516900000,2520,2521.6,2514.7,2521.2,4294.2828
1788517800000,2521.2,2528.7,2519.6,2528,6727.1181
1788518700000,2528.1,2528.4,2523.1,2526.5,1153.6565
1788519600000,2526.5,2526.5,2520.4,2522.9,1571.2509
1788520500000,2523,2527,2521.7,2525.3,1821.2082
1788521400000,2525.4,2527.2,2522.7,2525,1557.7101
1788522300000,2525.1,2527.6,2522.1,2522.9,3384.1443
1788523200000,2522.9,2525,2519.9,2524.3,5620.2236
1788524100000,2524.3,2530.8,2518.8,2529.6,5298.0051
1788525000000,2529.7,2530.2,2434.2,2450.4,97007.376
1788525900000,2450.3,2458,2433.4,2450.9,44771.5065
1788526800000,2451,2454,2444.4,2445.4,10506.5431
1788527700000,2445.7,2455.3,2444.9,2450.1,16233.1626
1788528600000,2450.1,2456.9,2434.7,2450.3,11682.4125
1788529500000,2450.3,2464.1,2447.8,2452.5,7962.154
1788530400000,2452.5,2458.2,2447.6,2453.7,3599.5013
1788531300000,2453.7,2456.1,2443.6,2453.8,20095.8108
1788532200000,2453.8,2457.9,2438.5,2443.2,20763.9382
1788533100000,2443.3,2447.1,2430.6,2439.2,15572.2676
1788534000000,2439.3,2447.9,2437,2447.9,12564.3114
1788534900000,2447.9,2455.8,2447.2,2453.5,7879.5521
1788535800000,2453.6,2458.2,2451.9,2455,9642.1446
1788536700000,2455,2455.1,2449.9,2451.2,1679.0161
1788537600000,2451.2,2453.2,2449.5,2449.8,2066.3416
1788538500000,2449.8,2453.4,2449,2453.4,3889.5976
1788539400000,2453.5,2460.5,2453.3,2460.5,14626.6595
1788540300000,2460.5,2463.5,2458.4,2459.6,3408.9161
1788541200000,2459.6,2460,2450.8,2451.2,4576.3036
1788542100000,2451.2,2451.2,2446.5,2446.9,1032.109
1788543000000,2446.9,2449.1,2443.5,2446.2,1607.0968
1788543900000,2446.2,2446.2,2442.1,2444.2,1135.9425
1788544800000,2444.2,2449.3,2444.2,2444.4,5138.5576
1788545700000,2444.4,2448.8,2444.3,2447.8,2466.1744
1788546600000,2447.8,2451.5,2447.8,2450.8,8805.4982
1788547500000,2450.8,2450.8,2448.3,2450,356.1908
1788548400000,2450,2454.4,2450,2453.7,1410.0418
1788549300000,2453.7,2457.2,2453.5,2456.7,779.0656
1788550200000,2456.7,2456.7,2453.2,2454.1,1090.4149
1788551100000,2454.1,2456.4,2452.9,2454.9,490.7217
1788552000000,2454.9,2457.9,2452,2452.9,2571.3893
1788552900000,2452.9,2457.5,2452.1,2452.8,11122.9271
1788553800000,2452.8,2454.3,2451.7,2453.4,869.0222
1788554700000,2453.4,2454.9,2450.1,2450.8,1243.1834
1788555600000,2450.8,2453.9,2450.2,2453,2347.2896
1788556500000,2453,2454.6,2451.9,2452.5,187.2485
1788557400000,2452.5,2456.3,2452.4,2456,1588.0214
1788558300000,2455.6,2456.4,2449.4,2451.5,615.1516
1788559200000,2451.5,2453.6,2450.7,2452.4,1158.6692
1788560100000,2452.4,2452.4,2450.5,2451.9,499.4644
1788561000000,2451.9,2453.9,2451.9,2452.2,1618.9302
1788561900000,2452.2,2452.2,2450.1,2450.9,2367.2165
1788562800000,2450.9,2451.1,2449.3,2450,2539.954
1788563700000,2450,2455.1,2449.9,2453.7,6606.2964
1788564600000,2453.7,2453.8,2452.6,2453.1,1353.1635
1788565500000,2453.1,2455.7,2453.1,2455.4,96.1454
1788566400000,2455.6,2456.1,2453.3,2454.2,273.5449
1788567300000,2454.2,2454.2,2451.6,2452,4095.4784
1788568200000,2452,2454.9,2450.8,2453.6,2667.38
1788569100000,2453.6,2454.4,2450.7,2451,2391.7281
1788570000000,2451,2454.8,2450.7,2452.6,695.2147
1788570900000,2452.5,2455.3,2451.5,2455.2,3761.2995
1788571800000,2455.1,2455.2,2452.7,2453.2,130.5721
1788572700000,2453.2,2454,2451.2,2451.3,498.2919
1788573600000,2451.2,2451.6,2449.2,2451.1,1096.5595
1788574500000,2451,2452.8,2450,2450.2,634.6842
1788575400000,2450.1,2452.8,2449.7,2452.4,1194.4532
1788576300000,2452.3,2452.5,2449.1,2452.5,2733.3946
1788577200000,2452.4,2452.5,2450.3,2451.5,149.5391
1788578100000,2451.4,2453.4,2451.3,2452.6,228.6555
1788579000000,2452.5,2454.8,2452.5,2453.3,737.3333
1788579900000,2453.2,2454,2451.4,2451.8,1076.3078
1788580800000,2451.7,2452.3,2450,2450.4,375.0456
1788581700000,2450.3,2451.9,2450.3,2451.4,25.8613
1788582600000,2451.3,2451.4,2449.9,2450.2,129.4982
1788583500000,2450.1,2450.5,2447.1,2448.2,599.5914
1788584400000,2448.1,2449.4,2444.1,2449.4,679.6971
1788585300000,2449.3,2450.4,2447.9,2450.2,103.7681
1788586200000,2450.2,2451.4,2449.4,2449.5,888.7295
1788587100000,2449.4,2451,2448,2450.2,231.6927
1788588000000,2450.1,2452.1,2449.8,2451.3,639.2072
1788588900000,2451.2,2451.3,2450.2,2450.2,726.521
1788589800000,2450.2,2453.7,2450.2,2452.2,291.1886
1788590700000,2452.2,2453.3,2452.2,2453.3,267.8276
1788591600000,2453.2,2454.6,2452.8,2454.6,376.7861
1788592500000,2454.5,2456.9,2453.1,2456.1,851.2622
1788593400000,2456.1,2458.5,2455.7,2457.8,4235.8404
1788594300000,2457.8,2458.4,2456.7,2456.7,304.8018
1788595200000,2456.7,2457,2454.6,2454.6,508.0054
1788596100000,2454.5,2456.4,2452.9,2454.6,232.7164
1788597000000,2454.5,2455,2452.6,2454.6,452.5396
1788597900000,2454.5,2456.1,2452.6,2456.1,1684.183
1788598800000,2456,2459.3,2456,2458,1468.8814
1788599700000,2458,2458.1,2456.6,2457.2,120.3103
1788600600000,2457.3,2459.3,2457.2,2459.3,112.0252
1788601500000,2459.4,2459.7,2457.7,2457.8,293.5809
1788602400000,2457.7,2458.1,2456.9,2457,173.0347
1788603300000,2456.9,2457,2454.6,2454.7,414.197
1788604200000,2454.6,2456.2,2453.7,2454.9,147.8103
1788605100000,2454.9,2455.1,2453.7,2454,193.0493
1788606000000,2453.9,2455.1,2453.4,2453.8,138.368
1788606900000,2453.7,2453.8,2453,2453.2,91.3744
1788607800000,2453.1,2453.6,2453.1,2453.4,144.3117
1788608700000,2453.3,2455.5,2453,2453.1,323.8994
1788609600000,2453,2455.1,2453,2455,528.0865
1788610500000,2454.9,2454.9,2454,2454,204.4679
1788611400000,2454,2459.3,2452.6,2459,2312.9975
1788612300000,2458.9,2461.3,2457.9,2458.2,659.7083
1788613200000,2458.1,2460.4,2457.4,2459.1,343.1387
1788614100000,2459,2461.2,2457.2,2458.9,569.4719
1788615000000,2458.8,2459.4,2455.1,2456.3,1467.2332
1788615900000,2456.3,2457,2449.3,2453.5,2545.0112
1788616800000,2453.4,2455.4,2453.2,2454.7,2416.2624
1788617700000,2454.6,2456.5,2453.3,2456.5,1326.3944
1788618600000,2456.4,2457.5,2455.6,2455.7,230.663
1788619500000,2455.6,2457.9,2454.3,2456.5,1240.3633
1788620400000,2456.4,2458.9,2455.8,2458.4,1443.8292
1788621300000,2458.3,2459.6,2455.2,2457,922.3995
1788622200000,2456.9,2459.1,2456.9,2458,415.6193
1788623100000,2457.8,2459.5,2457.7,2459.5,1724.1559
1788624000000,2459.4,2460.1,2458.6,2458.9,349.0417
1788624900000,2458.8,2463.5,2458.8,2463.3,3479.4443
1788625800000,2463.2,2469,2463.2,2466.3,10130.9824
1788626700000,2466.3,2474,2466.3,2471,7639.6824
1788627600000,2470.9,2480.8,2470.6,2479.9,11195.1015
1788628500000,2479.9,2481.5,2476,2477.8,5291.6408
1788629400000,2477.8,2484.7,2475.2,2476.8,2909.2904
1788630300000,2476.8,2481.7,2476.5,2481.1,312.939
1788631200000,2481,2482.3,2477.6,2478.7,429.838
1788632100000,2478.6,2479.3,2477.1,2477.2,999.5488
1788633000000,2477.1,2479.7,2476.2,2477.5,860.4594
1788633900000,2477.5,2480.3,2476.2,2480.2,249.188
1788634800000,2480.1,2480.2,2476.2,2478.6,577.4556
1788635700000,2478.5,2482.5,2477.5,2479.9,405.1361
1788636600000,2479.9,2481.2,2473.3,2476.7,2823.1348
1788637500000,2476.7,2478.1,2472.7,2477.1,1289.1181
1788638400000,2477.2,2483,2475.3,2479,665.6294
1788639300000,2479,2479.5,2475.2,2476.6,306.8312
1788640200000,2476.5,2478.9,2475.2,2478.9,493.0185
1788641100000,2479.1,2480.1,2476.6,2476.9,774.4574
1788642000000,2476.9,2478.1,2476.8,2476.9,496.7345
1788642900000,2476.9,2481.5,2476.8,2481.5,852.005
1788643800000,2481.4,2493,2481,2490.6,7226.3478
1788644700000,2490.7,2491.2,2488,2488.7,3912.0024
1788645600000,2488.6,2490.8,2484.7,2487,752.2437
1788646500000,2487,2488.6,2479,2480.8,1304.7986
1788647400000,2480.7,2484.3,2480.7,2482.1,1398.2451
1788648300000,2482,2482,2479.6,2481.3,2661.8787
1788649200000,2481.2,2481.2,2478.3,2478.7,547.026
1788650100000,2478.7,2482.2,2478.4,2480.7,204.0781
1788651000000,2480.6,2483.6,2478.3,2480.9,1496.0579
1788651900000,2480.8,2483,2478.5,2479.9,3819.7251
1788652800000,2479.8,2480.9,2478.4,2480.8,5061.8627
1788653700000,2480.7,2487.8,2480.7,2486.3,729.8163
1788654600000,2486.2,2489,2484.5,2486.7,1299.3287
1788655500000,2486.5,2491.5,2485.9,2489,1443.8712
1788656400000,2489,2498.7,2488.5,2496.5,5018.4114
1788657300000,2496.4,2496.4,2490.4,2493,2930.9707
1788658200000,2493,2507.4,2492.9,2501.6,9696.3413
1788659100000,2501.6,2506.8,2500.8,2505.2,7568.5309
1788660000000,2505.5,2510,2501.5,2506.7,3293.867
1788660900000,2506.7,2507.5,2501.2,2501.8,2099.3958
1788661800000,2501.7,2504.2,2501,2502.1,1612.5337
1788662700000,2502.1,2502.9,2500.4,2502.6,3463.9812
1788663600000,2502.7,2505.1,2500.6,2505,2658.3353
1788664500000,2505,2506.9,2498.9,2501.2,6373.5
1788665400000,2501.3,2514,2501.2,2512.9,7959.4416
1788666300000,2512.9,2514.3,2507.3,2509.5,4283.9658
1788667200000,2509.5,2509.9,2506.4,2507.3,1158.8383
1788668100000,2507.2,2507.9,2498.3,2502.9,1314.5099
1788669000000,2503,2503.9,2501.6,2503.9,974.6501
1788669900000,2503.9,2505.7,2502.4,2503.9,832.0206
1788670800000,2504.3,2506.1,2502.5,2502.5,1547.2258
1788671700000,2502.4,2506.9,2501.3,2505.2,2833.8508
1788672600000,2505.1,2524.2,2505.1,2515.9,13475.7823
1788673500000,2515.9,2517.7,2510.4,2513,8424.6874
1788674400000,2513,2513,2509,2509.2,1493.8284
1788675300000,2509.2,2509.6,2506,2506.6,2010.2243
1788676200000,2506.6,2508.8,2505.6,2508.7,2662.464
1788677100000,2508.8,2508.8,2503.8,2505.7,1379.0697
1788678000000,2505.8,2507.7,2483,2489.5,10509.8319
1788678900000,2489.4,2498.8,2489.4,2495.1,2436.1819
1788679800000,2495.1,2496,2492.1,2495.9,683.3354
1788680700000,2495.9,2497.6,2494.8,2496.5,454.45
1788681600000,2496.3,2499.5,2494.5,2498.2,724.4362
1788682500000,2498.2,2498.9,2495,2495,1355.0187
1788683400000,2495.1,2495.1,2491.7,2493.1,1162.8617
1788684300000,2493.4,2496.9,2491.6,2495,287.0542
1788685200000,2495.1,2498.4,2493.8,2498.3,1359.0336
1788686100000,2498.4,2503.2,2498.3,2502.7,7814.5535
1788687000000,2502.7,2503.4,2494.6,2496,4600.9668
1788687900000,2496,2499.6,2495.5,2499.1,1553.3737
1788688800000,2499.1,2503.2,2498.7,2500,6353.8324
1788689700000,2500,2500.6,2498.1,2498.3,728.1924
1788690600000,2498.3,2500.8,2497.7,2500.8,410.8409
1788691500000,2500.7,2502.3,2499.4,2501.7,1010.3778
1788692400000,2501.6,2503.9,2499.5,2502.7,401.9471
1788693300000,2502.6,2504,2500.3,2500.6,621.8248
1788694200000,2500.7,2502.6,2499.8,2502.1,724.9696
1788695100000,2502.2,2502.9,2500.4,2501.5,659.6517
1788696000000,2501.5,2503.5,2499.3,2503.4,749.555
1788696900000,2503.4,2505,2501.6,2501.9,1395.0279
1788697800000,2501.9,2504.4,2499.9,2500,1006.2937
1788698700000,2500,2503,2498,2500.5,1364.8913
1788699600000,2500.5,2500.9,2496.4,2497.5,813.2
1788700500000,2497.5,2497.5,2491.6,2491.6,1939.474
1788701400000,2491.6,2493.8,2486.6,2492.8,2764.3837
1788702300000,2492.8,2495.7,2491.9,2494.6,439.7608
1788703200000,2494.6,2494.7,2487.1,2487.7,1381.5125
1788704100000,2487.8,2488.6,2477.4,2481.5,5021.3414
1788705000000,2481.5,2485.1,2462.3,2485.1,9955.0567
1788705900000,2484.9,2485.6,2477.8,2478.5,3986.5967
1788706800000,2478.5,2479,2470.5,2476.9,3520.4876
1788707700000,2477,2480.8,2476.8,2478.8,1584.9695
1788708600000,2478.8,2481.5,2476.2,2480.8,1259.9324
1788709500000,2480.9,2482.4,2479,2479.7,1196.054
1788710400000,2479.6,2483.2,2475.3,2482.8,2655.1416
1788711300000,2482.8,2483.3,2478.8,2482.6,2605.9683
1788712200000,2482.7,2487.1,2481,2484.2,3586.8737
1788713100000,2484,2484.8,2481.7,2484.6,360.1727
1788714000000,2484.6,2486.2,2480.9,2485.4,2278.4984
1788714900000,2485.4,2494.7,2485.3,2489.2,3356.2302
1788715800000,2489.3,2494.3,2488,2493.2,546.7089
1788716700000,2493,2493.8,2491,2491.1,1517.2653
1788717600000,2491,2495.8,2491,2494,1031.1715
1788718500000,2494,2496.9,2493.3,2495.8,643.6795
1788719400000,2496.1,2500.1,2496.1,2497.6,3544.0016
1788720300000,2497.9,2498.1,2493.2,2494.3,1234.4699
1788721200000,2494.3,2494.6,2491.5,2491.5,877.8786
1788722100000,2491.6,2493.4,2490.1,2492.3,4263.1049
1788723000000,2492.3,2492.4,2489.6,2490.3,315.8911
1788723900000,2490.4,2491,2489.7,2490.6,353.3115
1788724800000,2490.6,2492.6,2489.1,2492.5,247.809
1788725700000,2492.4,2497.1,2491.4,2496.4,437.8338
1788726600000,2496.3,2497.4,2494.9,2496.9,1394.5885
1788727500000,2497,2500.5,2497,2499,1464.4714
1788728400000,2499.6,2513.9,2499.5,2511.4,8607.119
1788729300000,2511.4,2516,2505.3,2506,5298.71
1788730200000,2506,2510,2504.4,2507.1,1420.3531
1788731100000,2507.1,2511.8,2506.1,2507.3,3173.502
1788732000000,2507.2,2507.3,2495.1,2497.8,5700.6785
1788732900000,2497.7,2499.6,2489.4,2498.9,3151.3092
1788733800000,2498.9,2507.3,2498.7,2506.8,3887.8083
1788734700000,2506.4,2510.5,2504.8,2507.7,3040.3245
1788735600000,2507.7,2516.4,2506.1,2510.8,6073.3937
1788736500000,2510.3,2514.9,2509,2512.2,935.532
1788737400000,2512.4,2523,2512.4,2520.1,7617.6267
1788738300000,2520.3,2525.8,2512.5,2515.1,5321.5384
1788739200000,2514.8,2518.5,2510.2,2516.3,11350.513
1788740100000,2516.3,2518.7,2510,2518.6,6590.3739
1788741000000,2518.6,2523,2513.6,2515.8,5420.2756
1788741900000,2515.7,2517,2510.3,2513.7,1214.5692
1788742800000,2513.7,2516.3,2503.7,2507.8,8187.9961
1788743700000,2507.6,2509.7,2501.7,2505.2,4318.9529
1788744600000,2505.1,2508.7,2500.9,2501.1,2831.6577
1788745500000,2501.1,2505.6,2500.5,2504.6,2570.5236
1788746400000,2504.3,2505.2,2499,2501.2,2075.3734
1788747300000,2501.2,2512.6,2501.1,2510.7,2475.8422
1788748200000,2511,2536,2509.9,2527.4,11526.3663
1788749100000,2527.5,2528.2,2511.2,2512,9725.1473
1788750000000,2512.3,2517,2507.7,2508.1,4690.571
1788750900000,2508.1,2511.6,2504.4,2504.6,2274.1603
1788751800000,2504.7,2506.6,2497.2,2498.1,1691.3423
1788752700000,2498.3,2500.6,2497.4,2497.7,3027.3815
1788753600000,2497.6,2498.7,2494,2498.1,5020.0637
1788754500000,2498.2,2500,2496.7,2496.8,1415.6472
1788755400000,2496.7,2498.1,2493,2497.2,672.0866
1788756300000,2497.2,2499,2494.7,2498.1,225.2566
1788757200000,2498,2505,2497.3,2503.9,1416.6915
1788758100000,2503.9,2514,2503.8,2512.9,1980.3472
1788759000000,2512.9,2513.8,2509.9,2512,1026.4051
1788759900000,2512.1,2512.1,2504.4,2505.1,1011.786
1788760800000,2505,2510.3,2503.8,2510.2,404.1914
1788761700000,2510.1,2510.2,2504.3,2504.3,1621.49
1788762600000,2504.3,2505,2500,2500,923.319
1788763500000,2500.1,2500.5,2496.9,2497,9075.9288
1788764400000,2497,2502.3,2495.9,2500.3,7807.6729
1788765300000,2500.3,2501.3,2487,2488.4,6424.638
1788766200000,2488.4,2492.7,2482.5,2484.2,897.3327