timestamp,open,high,low,close,volume
1784262600000,1.4879,1.4879,1.4853,1.4879,14587
1784263500000,1.4879,1.4926,1.4872,1.4926,54731
1784264400000,1.4916,1.4916,1.4836,1.4881,8562
1784265300000,1.4898,1.4922,1.4829,1.4829,14135
1784266200000,1.4819,1.4819,1.3606,1.4135,1986984
1784267100000,1.4145,1.4234,1.4073,1.4154,158145
1784268000000,1.4175,1.4206,1.4094,1.4101,152496
1784268900000,1.4102,1.4355,1.4057,1.4315,174494
1784269800000,1.4308,1.4443,1.4292,1.4398,65413
1784270700000,1.4398,1.4524,1.4388,1.4464,21244
1784271600000,1.4459,1.4556,1.4449,1.4496,71904
1784272500000,1.4525,1.4566,1.4489,1.4503,11046
1784273400000,1.4527,1.4592,1.4517,1.457,11197
1784274300000,1.4563,1.4732,1.4563,1.4696,38906
1784275200000,1.4701,1.4769,1.4683,1.4765,10274
1784276100000,1.4765,1.4787,1.4627,1.4787,27475
1784277000000,1.479,1.4805,1.4695,1.4732,36292
1784277900000,1.4715,1.4804,1.4712,1.4782,121309
1784278800000,1.4778,1.4932,1.4749,1.4873,191361
1784279700000,1.488,1.4932,1.4872,1.4916,18018
1784280600000,1.4915,1.4926,1.4887,1.4892,23794
1784281500000,1.4894,1.5034,1.4881,1.5011,46890
1784282400000,1.5009,1.5116,1.5009,1.5109,36524
1784283300000,1.5108,1.5171,1.5091,1.5147,104240
1784284200000,1.5143,1.5308,1.5122,1.5286,33468
1784285100000,1.528,1.5349,1.5202,1.5344,43145
1784286000000,1.534,1.5432,1.5317,1.5358,30435
1784286900000,1.5349,1.5367,1.5208,1.5351,73864
1784287800000,1.5358,1.5405,1.5261,1.535,25165
1784288700000,1.5356,1.5408,1.533,1.5381,59460
1784289600000,1.5404,1.5489,1.5346,1.5442,23737
1784290500000,1.5453,1.549,1.5432,1.5434,14002
1784291400000,1.5463,1.5472,1.533,1.5361,18971
1784292300000,1.5338,1.5367,1.5292,1.5353,12511
1784293200000,1.5344,1.5344,1.5108,1.515,20611
1784294100000,1.5152,1.5229,1.5151,1.5203,13342
1784295000000,1.52,1.52,1.5056,1.5056,23324
1784295900000,1.5073,1.5421,1.5073,1.5421,20280
1784296800000,1.5348,1.5381,1.5325,1.5362,6900
1784297700000,1.5359,1.5433,1.5295,1.5389,127131
1784298600000,1.5386,1.5472,1.5386,1.5457,40732
1784299500000,1.5458,1.5471,1.5354,1.5364,115425
1784300400000,1.535,1.5399,1.5288,1.5288,8381
1784301300000,1.5289,1.5292,1.519,1.519,45433
1784302200000,1.5228,1.5247,1.5171,1.5206,1860
1784303100000,1.5199,1.5239,1.5185,1.5238,2016
1784304000000,1.5246,1.5246,1.5213,1.5241,2350
1784304900000,1.5241,1.529,1.5217,1.528,13354
1784305800000,1.5273,1.5347,1.5257,1.5347,13662
1784306700000,1.5343,1.5365,1.5306,1.5359,2294
1784307600000,1.5359,1.5488,1.5359,1.5442,5576
1784308500000,1.5443,1.5484,1.5414,1.5484,2967
1784309400000,1.5489,1.5489,1.5387,1.5414,4405
1784310300000,1.538,1.538,1.5293,1.5293,7066
1784311200000,1.5314,1.5323,1.5273,1.5292,1520
1784312100000,1.527,1.527,1.5223,1.5246,4068
1784313000000,1.5252,1.5269,1.523,1.5232,2234
1784313900000,1.5241,1.5241,1.5189,1.5189,1970
1784314800000,1.5185,1.5281,1.5093,1.5095,13182
1784315700000,1.5086,1.509,1.4972,1.4973,16787
1784316600000,1.4973,1.5011,1.4941,1.4954,1508
1784317500000,1.498,1.5063,1.4948,1.4984,2355
1784318400000,1.4965,1.4969,1.4866,1.4878,4640
1784319300000,1.4877,1.4882,1.482,1.482,10478
1784320200000,1.482,1.4825,1.475,1.4759,41800
1784321100000,1.4758,1.4768,1.4719,1.4736,13563
1784322000000,1.4752,1.4831,1.4728,1.4742,5236
1784322900000,1.474,1.4906,1.4709,1.4884,2809
1784323800000,1.489,1.4934,1.489,1.4924,8739
1784324700000,1.4924,1.4924,1.487,1.487,230
1784325600000,1.488,1.4972,1.4871,1.4957,4349
1784326500000,1.495,1.4954,1.4919,1.4936,2926
1784327400000,1.4945,1.4962,1.4929,1.4929,1753
1784328300000,1.4928,1.4972,1.4913,1.493,762
1784329200000,1.492,1.4992,1.492,1.4953,2632
1784330100000,1.4953,1.4983,1.4952,1.4975,2775
1784331000000,1.4975,1.5,1.4975,1.4982,2155
1784331900000,1.4981,1.5002,1.4965,1.4974,2710
1784332800000,1.4974,1.4977,1.4949,1.4965,6848
1784333700000,1.4965,1.4981,1.4949,1.4954,6155
1784334600000,1.4954,1.4955,1.4902,1.4902,3509
1784335500000,1.4905,1.4935,1.4905,1.4921,2030
1784336400000,1.4915,1.4915,1.4871,1.488,5540
1784337300000,1.4886,1.5005,1.4886,1.5001,2263
1784338200000,1.4973,1.4973,1.4941,1.496,3203
1784339100000,1.4952,1.4952,1.4939,1.4939,410
1784340000000,1.4933,1.4934,1.4883,1.4894,1180
1784340900000,1.4894,1.4912,1.4875,1.4883,397
1784341800000,1.4861,1.487,1.4826,1.4826,1081
1784342700000,1.4814,1.4851,1.4814,1.485,473
1784343600000,1.4849,1.4853,1.4821,1.4853,329
1784344500000,1.4853,1.4873,1.4853,1.4854,2886
1784345400000,1.4836,1.4894,1.4836,1.4863,262
1784346300000,1.4855,1.4864,1.4852,1.4853,331
1784347200000,1.4853,1.4922,1.4853,1.4897,422
1784348100000,1.4903,1.4903,1.4829,1.4854,4674
1784349000000,1.4863,1.4865,1.4806,1.4835,273
1784349900000,1.4825,1.4835,1.4814,1.4835,404
1784350800000,1.4834,1.4835,1.4794,1.481,5440
1784351700000,1.4804,1.484,1.4796,1.4831,593
1784352600000,1.4831,1.4875,1.4831,1.4835,717
1784353500000,1.4841,1.4854,1.4803,1.4824,1256
1784354400000,1.4831,1.4831,1.4775,1.4785,300
1784355300000,1.4784,1.4829,1.4784,1.4829,4530
1784356200000,1.484,1.484,1.4783,1.4783,970
1784357100000,1.4783,1.4792,1.4759,1.4764,622
1784358000000,1.4774,1.4802,1.4733,1.4738,5235
1784358900000,1.4738,1.4771,1.4732,1.4762,496
1784359800000,1.4764,1.4794,1.4756,1.4794,994
1784360700000,1.4798,1.4834,1.4798,1.4814,1471
1784361600000,1.4815,1.4833,1.4787,1.4787,428
1784362500000,1.4788,1.4834,1.4788,1.4814,21151
1784363400000,1.48,1.4825,1.4793,1.4825,1531
1784364300000,1.4826,1.4865,1.4815,1.4815,604
1784365200000,1.4823,1.4823,1.4787,1.4793,354
1784366100000,1.4784,1.4784,1.4759,1.4773,766
1784367000000,1.4774,1.4814,1.4774,1.4798,324
1784367900000,1.4798,1.4842,1.4798,1.4814,644
1784368800000,1.4822,1.4822,1.4751,1.4776,786
1784369700000,1.4776,1.4789,1.4759,1.4759,7630
1784370600000,1.4763,1.4794,1.4743,1.4743,13456
1784371500000,1.4739,1.4746,1.472,1.4727,4437
1784372400000,1.4733,1.475,1.4702,1.4705,4046
1784373300000,1.4704,1.4769,1.4703,1.475,14225
1784374200000,1.4744,1.4744,1.4713,1.4721,3673
1784375100000,1.4721,1.4821,1.4711,1.4821,3235
1784376000000,1.4823,1.4833,1.4799,1.4802,4875
1784376900000,1.4802,1.4803,1.4769,1.4789,5049
1784377800000,1.4779,1.4809,1.4779,1.4799,3853
1784378700000,1.4806,1.4823,1.4786,1.4796,2890
1784379600000,1.4791,1.4808,1.472,1.473,2079
1784380500000,1.4738,1.4749,1.4719,1.4741,2102
1784381400000,1.4751,1.4763,1.4725,1.4763,1979
1784382300000,1.476,1.4762,1.4729,1.475,1398
1784383200000,1.475,1.4758,1.4738,1.4749,1569
1784384100000,1.4756,1.478,1.4756,1.4779,273
1784385000000,1.4781,1.4788,1.4759,1.4772,1055
1784385900000,1.477,1.479,1.4711,1.4711,839
1784386800000,1.472,1.473,1.4711,1.4719,472
1784387700000,1.473,1.473,1.4704,1.4704,365
1784388600000,1.4704,1.4739,1.4641,1.4652,43891
1784389500000,1.466,1.468,1.4638,1.4677,1790
1784390400000,1.4671,1.468,1.4651,1.4654,13212
1784391300000,1.4656,1.4678,1.4653,1.4666,316
1784392200000,1.4665,1.4691,1.4665,1.4678,586
1784393100000,1.468,1.47,1.4652,1.4652,6436
1784394000000,1.4664,1.4673,1.4644,1.4672,1485
1784394900000,1.4681,1.4682,1.4655,1.4663,770
1784395800000,1.4663,1.4663,1.4579,1.4612,1736
1784396700000,1.4594,1.4683,1.4594,1.4679,4197
1784397600000,1.4662,1.4672,1.4642,1.4642,464
1784398500000,1.4653,1.4718,1.4652,1.4716,1845
1784399400000,1.4707,1.4724,1.4653,1.4661,6778
1784400300000,1.4653,1.4672,1.4632,1.4672,4786
1784401200000,1.4665,1.4672,1.464,1.4645,594
1784402100000,1.4652,1.469,1.4643,1.4682,7188
1784403000000,1.4685,1.4704,1.4677,1.4695,642
1784403900000,1.4704,1.4725,1.4696,1.4699,1968
1784404800000,1.4706,1.4713,1.4686,1.4713,573
1784405700000,1.4704,1.4736,1.4704,1.4716,441
1784406600000,1.4724,1.4732,1.4698,1.4711,505
1784407500000,1.4711,1.4736,1.4711,1.4736,331
1784408400000,1.4741,1.4804,1.4741,1.4802,4328
1784409300000,1.4811,1.4842,1.4799,1.4811,1363
1784410200000,1.4814,1.4845,1.4804,1.4805,1169
1784411100000,1.4806,1.4857,1.4795,1.4831,2102
1784412000000,1.4823,1.4862,1.4823,1.4833,490
1784412900000,1.4819,1.4828,1.4785,1.4785,1704
1784413800000,1.4779,1.4803,1.4769,1.4783,1843
1784414700000,1.4785,1.4804,1.4779,1.4784,1403
1784415600000,1.4767,1.4767,1.4719,1.4742,1037
1784416500000,1.4743,1.4786,1.4736,1.4786,449
1784417400000,1.4785,1.4786,1.4748,1.4755,11432
1784418300000,1.4761,1.4761,1.4727,1.4737,15789
1784419200000,1.473,1.4789,1.4635,1.468,15428
1784420100000,1.4679,1.4681,1.4624,1.4624,2707
1784421000000,1.4629,1.4651,1.4629,1.4647,381
1784421900000,1.4647,1.467,1.464,1.467,225
1784422800000,1.467,1.467,1.4636,1.4649,344
1784423700000,1.4648,1.468,1.464,1.4677,544
1784424600000,1.4661,1.467,1.464,1.464,460
1784425500000,1.464,1.465,1.462,1.4629,749
1784426400000,1.463,1.469,1.463,1.468,780
1784427300000,1.4672,1.4681,1.46,1.4609,286
1784428200000,1.4623,1.466,1.4618,1.4634,618
1784429100000,1.4632,1.4642,1.4623,1.4634,304
1784430000000,1.4621,1.4641,1.46,1.4622,418
1784430900000,1.4622,1.4627,1.4599,1.4619,947
1784431800000,1.4619,1.4641,1.4614,1.4619,331
1784432700000,1.4628,1.4629,1.4608,1.4608,829
1784433600000,1.4613,1.4613,1.4571,1.4579,338
1784434500000,1.4567,1.4581,1.4562,1.4571,378
1784435400000,1.4572,1.4594,1.4563,1.4563,269
1784436300000,1.4572,1.4572,1.4537,1.4565,16939
1784437200000,1.4575,1.4591,1.4567,1.459,2049
1784438100000,1.4583,1.4639,1.4583,1.4629,347
1784439000000,1.4639,1.4639,1.4509,1.4519,3640
1784439900000,1.4519,1.4566,1.4519,1.4528,599
1784440800000,1.4529,1.4561,1.4529,1.456,424
1784441700000,1.4541,1.458,1.4541,1.4564,745
1784442600000,1.4562,1.4581,1.4559,1.4581,13100
1784443500000,1.457,1.4589,1.456,1.4582,398
1784444400000,1.4599,1.4724,1.4581,1.4611,3176
1784445300000,1.4611,1.462,1.4576,1.4582,705
1784446200000,1.4574,1.4582,1.4538,1.4561,2332
1784447100000,1.4559,1.4594,1.454,1.4594,656
1784448000000,1.4606,1.4643,1.4602,1.4632,1076
1784448900000,1.4643,1.4643,1.4543,1.4543,730
1784449800000,1.4591,1.4605,1.4555,1.4582,1090
1784450700000,1.459,1.4595,1.4576,1.4591,1587
1784451600000,1.4599,1.4609,1.4569,1.4569,401
1784452500000,1.4532,1.4574,1.4532,1.4564,530
1784453400000,1.4565,1.4601,1.4565,1.457,690
1784454300000,1.4561,1.457,1.4526,1.4546,984
1784455200000,1.4547,1.4547,1.4509,1.4509,1566
1784456100000,1.4523,1.4543,1.451,1.4522,960
1784457000000,1.4507,1.4518,1.45,1.4502,29069
1784457900000,1.4504,1.4519,1.45,1.45,3804
1784458800000,1.45,1.4516,1.45,1.4513,13480
1784459700000,1.4514,1.4516,1.4458,1.4468,8962
1784460600000,1.4464,1.4508,1.4464,1.447,529
1784461500000,1.4472,1.4483,1.439,1.4436,22820
1784462400000,1.4439,1.4466,1.423,1.4235,25946
1784463300000,1.4224,1.4347,1.4224,1.4261,7616
1784464200000,1.4266,1.4401,1.4266,1.4362,10926
1784465100000,1.4361,1.4397,1.4336,1.438,3600
1784466000000,1.4362,1.4397,1.432,1.4338,12761
1784466900000,1.4338,1.4348,1.4313,1.4331,7612
1784467800000,1.4326,1.4421,1.4305,1.4305,7607
1784468700000,1.4293,1.4374,1.4293,1.4364,31265
1784469600000,1.4363,1.4363,1.4306,1.4318,24841
1784470500000,1.4318,1.4326,1.4243,1.4265,40543
1784471400000,1.4266,1.4324,1.4266,1.4305,21086
1784472300000,1.4302,1.4355,1.429,1.4296,23163
1784473200000,1.4297,1.4356,1.4288,1.4329,8653
1784474100000,1.4338,1.4346,1.43,1.43,4722
1784475000000,1.4317,1.4399,1.4317,1.4391,32627
1784475900000,1.4382,1.4401,1.4359,1.4377,447
1784476800000,1.4367,1.4376,1.4311,1.4319,1683
1784477700000,1.4319,1.4331,1.4237,1.427,5476
1784478600000,1.4278,1.4326,1.4253,1.4326,1532
1784479500000,1.4326,1.4331,1.425,1.4254,5580
1784480400000,1.4251,1.4351,1.4227,1.4331,10458
1784481300000,1.4323,1.4366,1.4321,1.4359,1049
1784482200000,1.4358,1.4369,1.4335,1.4337,5462
1784483100000,1.4335,1.436,1.4333,1.4345,1301
1784484000000,1.4337,1.4347,1.4306,1.4322,3298
1784484900000,1.4321,1.4328,1.425,1.426,9045
1784485800000,1.425,1.4292,1.4235,1.425,25526
1784486700000,1.425,1.4263,1.4216,1.4246,20231
1784487600000,1.4263,1.434,1.425,1.4311,17735
1784488500000,1.432,1.4327,1.4294,1.4318,14647
1784489400000,1.4327,1.4367,1.4319,1.4358,14953
1784490300000,1.4356,1.4379,1.4326,1.4379,1892
1784491200000,1.438,1.4384,1.437,1.4383,817
1784492100000,1.4384,1.443,1.4372,1.443,9610
1784493000000,1.4429,1.4492,1.4429,1.4492,4950
1784493900000,1.4501,1.4534,1.448,1.4507,4539
1784494800000,1.4494,1.453,1.4482,1.45,12008
1784495700000,1.4499,1.4499,1.444,1.449,1210
1784496600000,1.4491,1.4504,1.4408,1.4408,14679
1784497500000,1.4403,1.4411,1.4377,1.439,1954
1784498400000,1.4393,1.4434,1.436,1.4434,8800
1784499300000,1.4444,1.4473,1.4434,1.4441,4340
1784500200000,1.4442,1.4453,1.4413,1.4441,243
1784501100000,1.4441,1.4456,1.4412,1.4446,1840
1784502000000,1.4434,1.447,1.4402,1.4402,22591
1784502900000,1.4401,1.4427,1.4361,1.4427,19434
1784503800000,1.4403,1.4431,1.4402,1.442,355
1784504700000,1.44,1.4451,1.44,1.4451,764
1784505600000,1.444,1.4611,1.4419,1.4605,14489
1784506500000,1.4603,1.4653,1.4603,1.4629,11741
1784507400000,1.4624,1.4643,1.4614,1.4616,23100
1784508300000,1.4605,1.4605,1.4509,1.451,2729
1784509200000,1.4525,1.4631,1.4524,1.4593,7235
1784510100000,1.4602,1.461,1.4542,1.4558,2143
1784511000000,1.455,1.4551,1.4467,1.4485,20196
1784511900000,1.4485,1.4494,1.4425,1.4449,17528
1784512800000,1.4449,1.4528,1.4449,1.452,2156
1784513700000,1.45,1.451,1.4468,1.448,1307
1784514600000,1.4495,1.4589,1.4488,1.4589,332
1784515500000,1.4558,1.4614,1.4558,1.459,4328
1784516400000,1.458,1.4594,1.4569,1.458,1020
1784517300000,1.458,1.4591,1.4524,1.4537,1035
1784518200000,1.4542,1.455,1.4493,1.4513,732
1784519100000,1.4502,1.4529,1.4488,1.452,1501
1784520000000,1.4532,1.4532,1.4444,1.4473,2735
1784520900000,1.4465,1.4467,1.4422,1.4454,6700
1784521800000,1.4453,1.4502,1.4438,1.4474,2348
1784522700000,1.4473,1.4474,1.4406,1.441,1837
1784523600000,1.4429,1.4432,1.4358,1.4412,4027
1784524500000,1.4428,1.4473,1.441,1.4437,3792
1784525400000,1.4428,1.4444,1.4426,1.4426,8298
1784526300000,1.4426,1.4437,1.4396,1.4423,6409
1784527200000,1.4432,1.4487,1.4432,1.4487,1335
1784528100000,1.4491,1.4546,1.4477,1.4518,2925
1784529000000,1.4499,1.4513,1.4385,1.4385,626
1784529900000,1.4377,1.4385,1.4267,1.4301,36775
1784530800000,1.4295,1.4295,1.42,1.4288,25528
1784531700000,1.4287,1.4326,1.4268,1.4302,648
1784532600000,1.4308,1.4328,1.43,1.4328,1903
1784533500000,1.4333,1.4369,1.4316,1.4341,2229
1784534400000,1.4345,1.4375,1.4339,1.4375,1134
1784535300000,1.4365,1.4381,1.432,1.4325,336
1784536200000,1.4325,1.4381,1.4239,1.4259,6940
1784537100000,1.4253,1.4253,1.418,1.4216,7675
1784538000000,1.4246,1.4278,1.4235,1.4266,3315
1784538900000,1.4266,1.4313,1.4266,1.429,3432
1784539800000,1.428,1.4315,1.428,1.4305,516
1784540700000,1.4318,1.4339,1.431,1.431,3780
1784541600000,1.4287,1.4356,1.428,1.4343,11106
1784542500000,1.4335,1.442,1.4315,1.4328,30627
1784543400000,1.4328,1.4356,1.4326,1.4346,1608
1784544300000,1.4348,1.4361,1.4326,1.4326,1484
1784545200000,1.4344,1.4393,1.4336,1.4386,1127
1784546100000,1.4379,1.4393,1.4347,1.437,963
1784547000000,1.437,1.4427,1.434,1.4419,24442
1784547900000,1.4406,1.4406,1.426,1.4328,41357
1784548800000,1.4328,1.434,1.4293,1.433,9683
1784549700000,1.4344,1.4363,1.4297,1.4333,1814
1784550600000,1.4324,1.4324,1.4218,1.4226,9272
1784551500000,1.4228,1.4276,1.4228,1.4252,25780
1784552400000,1.4266,1.4266,1.4218,1.4238,2121
1784553300000,1.4237,1.426,1.423,1.4238,2971
1784554200000,1.4231,1.4358,1.4231,1.4331,15113
1784555100000,1.4331,1.4333,1.4242,1.4251,4289
1784556000000,1.4276,1.4318,1.4177,1.4197,20742
1784556900000,1.4186,1.4197,1.4037,1.4148,30544
1784557800000,1.4153,1.4165,1.4087,1.4107,20527
1784558700000,1.4102,1.412,1.4069,1.4087,2808
1784559600000,1.409,1.4191,1.409,1.419,7956
1784560500000,1.4183,1.4238,1.4172,1.4235,13104
1784561400000,1.4237,1.4308,1.4225,1.4293,5375
1784562300000,1.4283,1.4349,1.4272,1.4308,12686
1784563200000,1.4338,1.4361,1.4302,1.4361,10008
1784564100000,1.4347,1.4373,1.432,1.4335,12723
1784565000000,1.4343,1.4343,1.4298,1.4323,23192
1784565900000,1.4324,1.4356,1.4324,1.4356,3098
1784566800000,1.434,1.4397,1.434,1.437,6626
1784567700000,1.4363,1.4394,1.4337,1.4394,3861
1784568600000,1.4394,1.4406,1.4377,1.4406,9565
1784569500000,1.4397,1.4481,1.4397,1.4436,9252
1784570400000,1.4457,1.4469,1.444,1.4459,747
1784571300000,1.4468,1.4479,1.4457,1.4472,929
1784572200000,1.4463,1.4468,1.437,1.437,18762
1784573100000,1.4351,1.441,1.4351,1.4372,5792
1784574000000,1.437,1.4401,1.434,1.438,6699
1784574900000,1.4392,1.4408,1.4303,1.4408,8996
1784575800000,1.4396,1.4435,1.4365,1.4408,1120
1784576700000,1.4414,1.4472,1.4414,1.4468,2197
1784577600000,1.4466,1.4526,1.4455,1.4487,73005
1784578500000,1.449,1.4498,1.4408,1.441,6235
1784579400000,1.4409,1.4472,1.4409,1.4458,619
1784580300000,1.4451,1.45,1.4439,1.4483,3408
1784581200000,1.4479,1.4514,1.4458,1.4458,9356
1784582100000,1.4439,1.4451,1.4304,1.4334,6646
1784583000000,1.4336,1.4362,1.4324,1.4325,2845
1784583900000,1.4313,1.4335,1.4307,1.4308,1019
1784584800000,1.4309,1.4337,1.4279,1.4325,2124
1784585700000,1.4333,1.4333,1.4256,1.4272,6987
1784586600000,1.4275,1.4286,1.4247,1.4277,1485
1784587500000,1.4296,1.4306,1.4268,1.4295,1277
1784588400000,1.4297,1.4318,1.4283,1.4289,2761
1784589300000,1.4298,1.4308,1.4284,1.4297,1965
1784590200000,1.4298,1.4318,1.4275,1.4317,1215
1784591100000,1.4304,1.432,1.4297,1.4306,1320
1784592000000,1.4311,1.436,1.4284,1.4324,7962
1784592900000,1.4307,1.4336,1.429,1.4336,2253
1784593800000,1.433,1.4376,1.433,1.4375,843
1784594700000,1.4373,1.4394,1.436,1.4374,1179
1784595600000,1.4367,1.4367,1.434,1.4351,1080
1784596500000,1.4359,1.4359,1.4321,1.4334,470
1784597400000,1.4338,1.4513,1.4311,1.435,250800
1784598300000,1.4353,1.4358,1.4339,1.4348,23700
1784599200000,1.4354,1.4362,1.4334,1.4334,10728
1784600100000,1.4334,1.434,1.4306,1.4335,8828
1784601000000,1.4326,1.4388,1.4325,1.4376,4351
1784601900000,1.4385,1.4429,1.4372,1.442,4292
1784602800000,1.441,1.4518,1.441,1.4492,11289
1784603700000,1.4491,1.4492,1.4437,1.4473,70112
1784604600000,1.4474,1.4489,1.4455,1.4462,1184
1784605500000,1.4462,1.4462,1.4413,1.4422,4081
1784606400000,1.4425,1.4547,1.4422,1.4485,29653
1784607300000,1.4465,1.4474,1.4419,1.4419,7127
1784608200000,1.4424,1.4429,1.4411,1.4416,2621
1784609100000,1.4412,1.4442,1.4412,1.4418,3040
1784610000000,1.4421,1.4445,1.4389,1.4397,4120
1784610900000,1.4389,1.4479,1.4379,1.4479,3588
1784611800000,1.4481,1.4546,1.4468,1.4535,4454
1784612700000,1.4539,1.4611,1.4528,1.4559,38696
1784613600000,1.4565,1.4569,1.4509,1.4548,3426
1784614500000,1.455,1.455,1.4529,1.4541,2291
1784615400000,1.4563,1.4591,1.4539,1.4541,2484
1784616300000,1.4535,1.4535,1.4501,1.4523,3446
1784617200000,1.452,1.453,1.4492,1.4512,3913
1784618100000,1.451,1.4542,1.4503,1.4506,48485
1784619000000,1.4505,1.4513,1.4471,1.4492,69322
1784619900000,1.448,1.4515,1.448,1.4515,10992
1784620800000,1.4515,1.4542,1.45,1.4541,26856
1784621700000,1.4541,1.4543,1.4518,1.4531,14532
1784622600000,1.4521,1.4675,1.4521,1.466,108488
1784623500000,1.4653,1.4678,1.461,1.4654,30399
1784624400000,1.465,1.465,1.4604,1.4644,14373
1784625300000,1.4643,1.4643,1.4604,1.4623,2898
1784626200000,1.4623,1.4634,1.4604,1.4616,2921
1784627100000,1.4623,1.4643,1.458,1.4592,2969
1784628000000,1.459,1.459,1.4541,1.4541,79314
1784628900000,1.4542,1.4582,1.4542,1.4582,4512
1784629800000,1.4592,1.4618,1.4565,1.4618,3927
1784630700000,1.4609,1.4613,1.4522,1.4552,8932
1784631600000,1.4549,1.4551,1.4474,1.4512,8269
1784632500000,1.4502,1.4525,1.448,1.4499,3964
1784633400000,1.4494,1.4501,1.4473,1.4497,1533
1784634300000,1.4499,1.4509,1.4495,1.4503,5779
1784635200000,1.4501,1.4503,1.4482,1.4503,7762
1784636100000,1.451,1.4524,1.4503,1.4512,2665
1784637000000,1.4506,1.4507,1.4467,1.4469,45141
1784637900000,1.447,1.4496,1.4462,1.4489,55269
1784638800000,1.4491,1.4508,1.4475,1.4508,25779
1784639700000,1.4508,1.451,1.45,1.4505,15942
1784640600000,1.45,1.451,1.4464,1.4489,5856
1784641500000,1.4485,1.4511,1.4469,1.4476,9983
1784642400000,1.4468,1.4468,1.4399,1.4399,24529
1784643300000,1.4401,1.4401,1.432,1.437,51271
1784644200000,1.437,1.567,1.4367,1.5316,1913481
1784645100000,1.5348,1.5456,1.48,1.5024,1182082
1784646000000,1.5011,1.5359,1.495,1.5306,407769
1784646900000,1.5306,1.5499,1.5144,1.5264,303587
1784647800000,1.5272,1.5423,1.5217,1.5269,128947
1784648700000,1.5277,1.5385,1.5227,1.5365,26115
1784649600000,1.5367,1.5375,1.5239,1.5256,115212
1784650500000,1.5265,1.5347,1.525,1.5283,33599
1784651400000,1.5278,1.5319,1.5233,1.5288,168466
1784652300000,1.5267,1.5278,1.497,1.5178,95059
1784653200000,1.5189,1.5267,1.5151,1.5151,31530
1784654100000,1.5129,1.5168,1.5068,1.5109,165637
1784655000000,1.5108,1.5337,1.5081,1.5304,34928
1784655900000,1.5304,1.5372,1.5185,1.528,51247
1784656800000,1.5282,1.5383,1.5204,1.5371,64290
1784657700000,1.5378,1.54,1.5256,1.5316,74423
1784658600000,1.5318,1.5441,1.5318,1.54,72852
1784659500000,1.541,1.5435,1.5352,1.5416,10007
1784660400000,1.5402,1.5434,1.5355,1.54,52216
1784661300000,1.5396,1.5422,1.5249,1.5292,193697
1784662200000,1.5293,1.5342,1.5237,1.5272,78957
1784663100000,1.5281,1.5365,1.5281,1.5365,8654
1784664000000,1.5366,1.54,1.5344,1.54,7599
1784664900000,1.541,1.5422,1.534,1.5395,51228
1784665800000,1.5403,1.545,1.5384,1.5386,33551
1784666700000,1.536,1.5414,1.5339,1.5356,33646
1784667600000,1.5322,1.5416,1.5301,1.5408,25413
1784668500000,1.5391,1.5441,1.5378,1.5426,46930
1784669400000,1.5433,1.5455,1.5411,1.5426,20606
1784670300000,1.5413,1.5422,1.5358,1.538,31260
1784671200000,1.5366,1.5385,1.5351,1.5351,29909
1784672100000,1.5356,1.5418,1.5352,1.5418,3256
1784673000000,1.543,1.5478,1.5381,1.5396,5824
1784673900000,1.5397,1.5401,1.5351,1.5375,8551
1784674800000,1.5383,1.5432,1.537,1.5387,2957
1784675700000,1.5387,1.5441,1.5353,1.544,2558
1784676600000,1.544,1.5448,1.5414,1.5447,14915
1784677500000,1.5446,1.5493,1.5441,1.5484,7851
1784678400000,1.5469,1.5493,1.5396,1.5396,46031
1784679300000,1.5386,1.5451,1.533,1.5343,29842
1784680200000,1.5363,1.5373,1.5309,1.5349,12509
1784681100000,1.5314,1.5316,1.5223,1.5316,33748
1784682000000,1.5304,1.5335,1.5289,1.5316,4002
1784682900000,1.5326,1.5419,1.5326,1.5359,8429
1784683800000,1.5349,1.5359,1.531,1.5318,589
1784684700000,1.5311,1.537,1.5299,1.5354,1672
1784685600000,1.5351,1.5513,1.5342,1.5512,3546
1784686500000,1.5563,1.5823,1.5563,1.5813,38455
1784687400000,1.5835,1.59,1.5823,1.5839,36399
1784688300000,1.5799,1.5912,1.575,1.5849,42616
1784689200000,1.5836,1.5908,1.5799,1.5859,20898
1784690100000,1.587,1.5912,1.572,1.5815,56386
1784691000000,1.5815,1.5815,1.5615,1.5631,53352
1784691900000,1.564,1.5644,1.5563,1.5569,42786
1784692800000,1.5563,1.562,1.5563,1.5563,12209
1784693700000,1.5563,1.5608,1.555,1.5577,5195
1784694600000,1.5573,1.5599,1.5518,1.5548,6743
1784695500000,1.5558,1.5611,1.5549,1.5584,9095
1784696400000,1.5585,1.5604,1.5526,1.5553,22259
1784697300000,1.5539,1.5655,1.5539,1.5578,3313
1784698200000,1.5567,1.5568,1.5398,1.541,104311
1784699100000,1.541,1.541,1.5328,1.5374,7739
1784700000000,1.5367,1.5367,1.5234,1.5234,18318
1784700900000,1.5246,1.5254,1.5061,1.5097,33957
1784701800000,1.5081,1.5149,1.5076,1.512,1963
1784702700000,1.511,1.5147,1.5077,1.5139,2762
1784703600000,1.5136,1.517,1.513,1.5157,1122
1784704500000,1.5167,1.5209,1.514,1.5208,7466
1784705400000,1.5189,1.5212,1.5132,1.5135,1931
1784706300000,1.5172,1.52,1.5156,1.517,58397
1784707200000,1.517,1.5212,1.5132,1.5185,123354
1784708100000,1.5187,1.5202,1.5081,1.5083,11262
1784709000000,1.507,1.5112,1.5046,1.5046,38486
1784709900000,1.5054,1.5144,1.5054,1.513,18612
1784710800000,1.5118,1.5159,1.5081,1.515,3154
1784711700000,1.5126,1.5126,1.5062,1.5063,3544
1784712600000,1.5059,1.5069,1.5009,1.5025,35646
1784713500000,1.5035,1.5035,1.4952,1.5,22644
1784714400000,1.4993,1.4999,1.4935,1.4957,15769
1784715300000,1.4963,1.5028,1.4939,1.5012,45402
1784716200000,1.5028,1.5081,1.5028,1.5076,5525
1784717100000,1.5076,1.5081,1.5052,1.507,694
1784718000000,1.5092,1.514,1.5071,1.5104,25254
1784718900000,1.5093,1.5114,1.5091,1.51,602
1784719800000,1.5077,1.5124,1.504,1.5063,17434
1784720700000,1.5056,1.5103,1.5056,1.5095,4105
1784721600000,1.5098,1.513,1.5091,1.5091,6177
1784722500000,1.5091,1.5108,1.5039,1.5105,18165
1784723400000,1.5112,1.5132,1.5066,1.5119,19116
1784724300000,1.5119,1.5124,1.5075,1.5124,19366
1784725200000,1.5113,1.5145,1.5113,1.5141,44912
1784726100000,1.5141,1.518,1.5133,1.5168,20076
1784727000000,1.5166,1.5298,1.5123,1.5298,8984
1784727900000,1.5281,1.5368,1.5244,1.531,6403
1784728800000,1.531,1.5332,1.5262,1.5283,1859
1784729700000,1.529,1.5305,1.5118,1.5145,22095
1784730600000,1.5147,1.5198,1.5147,1.519,1790
1784731500000,1.5172,1.522,1.5172,1.5191,8341
1784732400000,1.5191,1.5232,1.5178,1.5209,47128
1784733300000,1.5213,1.526,1.5186,1.5222,28622
1784734200000,1.5222,1.5236,1.518,1.5216,3584
1784735100000,1.5214,1.5221,1.5125,1.5153,4635
1784736000000,1.5167,1.521,1.5127,1.5169,8908
1784736900000,1.518,1.5197,1.5159,1.5159,839
1784737800000,1.515,1.5227,1.515,1.5192,1602
1784738700000,1.5191,1.5203,1.515,1.5203,1326
1784739600000,1.5187,1.519,1.5131,1.5133,7151
1784740500000,1.5132,1.5142,1.5103,1.5103,4601
1784741400000,1.5103,1.5188,1.5103,1.5188,1281
1784742300000,1.5188,1.521,1.5155,1.5184,24327
1784743200000,1.5187,1.5187,1.515,1.515,1245
1784744100000,1.5159,1.5159,1.511,1.5124,32547
1784745000000,1.5117,1.5117,1.4964,1.5013,9826
1784745900000,1.5015,1.5199,1.5004,1.5116,35599
1784746800000,1.5101,1.5182,1.5054,1.5094,8300
1784747700000,1.5094,1.5099,1.506,1.507,3103
1784748600000,1.5093,1.5093,1.5058,1.5059,1288
1784749500000,1.5069,1.5109,1.5069,1.5101,1818
1784750400000,1.5096,1.5154,1.5096,1.5141,8630
1784751300000,1.5143,1.5165,1.5116,1.5136,7711
1784752200000,1.5134,1.5146,1.5122,1.5129,208
1784753100000,1.5147,1.5147,1.5115,1.5115,737
1784754000000,1.5125,1.5147,1.508,1.5104,4887
1784754900000,1.5114,1.5154,1.5068,1.5125,8319
1784755800000,1.5115,1.5115,1.5092,1.5094,572
1784756700000,1.5094,1.5126,1.5094,1.5126,1301
1784757600000,1.5127,1.5127,1.5037,1.5037,854
1784758500000,1.5038,1.5057,1.5019,1.5049,6098
1784759400000,1.5049,1.5049,1.4994,1.5004,18234
1784760300000,1.5003,1.5024,1.4996,1.5013,3017
1784761200000,1.502,1.5025,1.495,1.4955,1676
1784762100000,1.4954,1.4954,1.4888,1.4934,21183
1784763000000,1.4926,1.4934,1.4902,1.4922,7369
1784763900000,1.4922,1.4923,1.4908,1.4922,345
1784764800000,1.4923,1.4936,1.4781,1.4874,105503
1784765700000,1.4883,1.4946,1.4883,1.4936,5791
1784766600000,1.4925,1.502,1.4925,1.4949,43390
1784767500000,1.4944,1.496,1.4939,1.4958,1197
1784768400000,1.4966,1.4972,1.4931,1.4931,3416
1784769300000,1.4952,1.4952,1.4895,1.4895,2316
1784770200000,1.4897,1.4937,1.4871,1.4937,639
1784771100000,1.4929,1.4947,1.4914,1.4937,706
1784772000000,1.4938,1.4938,1.4871,1.4871,9736
1784772900000,1.4886,1.4887,1.4849,1.4849,9591
1784773800000,1.4857,1.4887,1.4839,1.4858,431
1784774700000,1.486,1.4899,1.4846,1.4867,19036
1784775600000,1.4852,1.4869,1.4769,1.4805,5388
1784776500000,1.4796,1.4892,1.4776,1.4881,6356
1784777400000,1.49,1.5021,1.49,1.5021,9817
1784778300000,1.5012,1.5165,1.5006,1.5143,8903
1784779200000,1.5144,1.52,1.5113,1.5178,19574
1784780100000,1.5197,1.52,1.5,1.519,28296
1784781000000,1.5199,1.53,1.5199,1.5265,25485
1784781900000,1.5263,1.5263,1.5043,1.5068,2157
1784782800000,1.5115,1.5229,1.5115,1.5215,1645
1784783700000,1.522,1.522,1.5123,1.5145,1638
1784784600000,1.5145,1.5162,1.5135,1.5135,316
1784785500000,1.5136,1.5162,1.5121,1.5131,1017
1784786400000,1.5145,1.5165,1.5089,1.5103,10352
1784787300000,1.5094,1.5116,1.5077,1.5112,18557
1784788200000,1.5114,1.5136,1.5102,1.5105,275
1784789100000,1.5113,1.5157,1.5105,1.5146,7268
1784790000000,1.5146,1.517,1.5071,1.5097,28711
1784790900000,1.5096,1.5142,1.5068,1.512,15507
1784791800000,1.5121,1.514,1.5109,1.5109,466
1784792700000,1.5111,1.5157,1.5111,1.514,38020
1784793600000,1.5149,1.5197,1.514,1.5174,5956
1784794500000,1.5175,1.5187,1.5149,1.5187,1037
1784795400000,1.5181,1.5187,1.514,1.5146,2052
1784796300000,1.514,1.5186,1.514,1.5159,5344
1784797200000,1.5168,1.5184,1.5154,1.5167,1423
1784798100000,1.5171,1.5193,1.5163,1.5185,1965
1784799000000,1.5187,1.5187,1.5155,1.5157,2114
1784799900000,1.5157,1.5194,1.5156,1.5156,983
1784800800000,1.5168,1.525,1.5124,1.5143,79170
1784801700000,1.5144,1.5177,1.5128,1.5177,1610
1784802600000,1.5177,1.5177,1.5124,1.513,34885
1784803500000,1.5124,1.5133,1.5099,1.5114,986
1784804400000,1.5119,1.5162,1.5109,1.5162,39902
1784805300000,1.5146,1.5185,1.5146,1.5184,40080
1784806200000,1.5184,1.5185,1.5135,1.5135,751
1784807100000,1.5135,1.5185,1.5096,1.5185,1694
1784808000000,1.5181,1.5185,1.513,1.5136,8758
1784808900000,1.5142,1.5142,1.509,1.509,8039
1784809800000,1.509,1.5103,1.5009,1.505,7283
1784810700000,1.5051,1.5085,1.5014,1.5054,1094
1784811600000,1.5048,1.5061,1.5,1.5018,11159
1784812500000,1.5017,1.5056,1.4804,1.4846,18383
1784813400000,1.4834,1.4921,1.4809,1.4899,77805
1784814300000,1.4892,1.491,1.4864,1.4864,6504
1784815200000,1.4864,1.4891,1.484,1.4856,8944
1784816100000,1.4858,1.4875,1.4857,1.4864,6983
1784817000000,1.4864,1.4918,1.4822,1.4847,2592
1784817900000,1.4846,1.4865,1.4825,1.4865,8109
1784818800000,1.4875,1.4875,1.4713,1.4721,114700
1784819700000,1.4745,1.4851,1.4745,1.4819,6917
1784820600000,1.4815,1.4819,1.4774,1.4774,5143
1784821500000,1.4774,1.4839,1.4774,1.481,18528
1784822400000,1.4811,1.4811,1.4751,1.4771,5953
1784823300000,1.4779,1.4779,1.4728,1.4759,21168
1784824200000,1.4756,1.4759,1.4723,1.4742,16471
1784825100000,1.4739,1.475,1.4711,1.4711,122254
1784826000000,1.4725,1.4783,1.4724,1.4783,18501
1784826900000,1.4783,1.4809,1.4771,1.4787,15682
1784827800000,1.4782,1.4788,1.4759,1.4772,19187
1784828700000,1.4772,1.4784,1.4754,1.4757,46631
1784829600000,1.4749,1.4797,1.4742,1.475,17541
1784830500000,1.4749,1.4764,1.4729,1.4761,5891
1784831400000,1.4763,1.4796,1.4745,1.4753,13191
1784832300000,1.4753,1.4768,1.474,1.474,643
1784833200000,1.4747,1.4766,1.4673,1.4695,11397
1784834100000,1.4716,1.4716,1.4677,1.4686,292
1784835000000,1.4675,1.4689,1.4566,1.4585,31123
1784835900000,1.4584,1.4584,1.452,1.4562,43237
1784836800000,1.4561,1.4653,1.4561,1.4646,2629
1784837700000,1.4639,1.4668,1.4624,1.4655,2236
1784838600000,1.4647,1.4647,1.4603,1.4614,285
1784839500000,1.4605,1.4645,1.4593,1.4641,1840
1784840400000,1.4635,1.4647,1.4586,1.4605,1516
1784841300000,1.4595,1.4636,1.4565,1.4624,2720
1784842200000,1.4618,1.4666,1.4618,1.4657,2853
1784843100000,1.4657,1.4684,1.4646,1.4646,1504
1784844000000,1.4656,1.4656,1.4631,1.4631,359
1784844900000,1.4631,1.4635,1.4561,1.4561,5128
1784845800000,1.4556,1.47,1.4503,1.4681,20344
1784846700000,1.4678,1.4678,1.4645,1.4645,992
1784847600000,1.4649,1.4682,1.4633,1.4635,2881
1784848500000,1.4635,1.4663,1.4618,1.4622,5891
1784849400000,1.4622,1.4642,1.4611,1.4611,318
1784850300000,1.4612,1.464,1.46,1.4621,2280
1784851200000,1.462,1.463,1.4569,1.4611,11036
1784852100000,1.4619,1.4658,1.4609,1.4618,2094
1784853000000,1.4621,1.4621,1.4528,1.4579,4157
1784853900000,1.4581,1.4602,1.4495,1.4562,10546
1784854800000,1.4543,1.4558,1.4529,1.4538,2546
1784855700000,1.452,1.4554,1.4331,1.4369,67514
1784856600000,1.437,1.4456,1.4366,1.4456,10133
1784857500000,1.4456,1.4456,1.4426,1.4433,561
1784858400000,1.4436,1.4451,1.4397,1.4435,2092
1784859300000,1.4437,1.4472,1.4432,1.4457,1114
1784860200000,1.4454,1.4462,1.4421,1.4462,476
1784861100000,1.4453,1.4459,1.4432,1.4447,11905
1784862000000,1.4442,1.4476,1.4442,1.4476,965
1784862900000,1.4488,1.45,1.448,1.4484,11283
1784863800000,1.4499,1.4516,1.4475,1.4475,34486
1784864700000,1.4476,1.4552,1.447,1.4549,28286
1784865600000,1.4545,1.4573,1.4545,1.4561,22277
1784866500000,1.4555,1.4574,1.4534,1.4556,27935
1784867400000,1.4563,1.4631,1.4555,1.4574,56308
1784868300000,1.4563,1.4563,1.453,1.453,11849
1784869200000,1.454,1.4569,1.4531,1.4568,481
1784870100000,1.4568,1.4573,1.4542,1.4542,559
1784871000000,1.4552,1.4574,1.4548,1.4574,582
1784871900000,1.4582,1.4608,1.4567,1.4594,1052
1784872800000,1.4609,1.4713,1.4602,1.4713,24469
1784873700000,1.4704,1.4725,1.4662,1.4691,12225
1784874600000,1.4691,1.4691,1.4662,1.4665,7888
1784875500000,1.4681,1.4682,1.4654,1.4654,4281
1784876400000,1.4673,1.472,1.4662,1.472,10924
1784877300000,1.47,1.47,1.4651,1.4681,475
1784878200000,1.4679,1.4691,1.463,1.464,5782
1784879100000,1.463,1.4711,1.463,1.4711,618
1784880000000,1.4701,1.4706,1.4668,1.4698,1326
1784880900000,1.47,1.4705,1.4557,1.4593,6392
1784881800000,1.46,1.4632,1.4596,1.4626,769
1784882700000,1.4632,1.4649,1.4605,1.4611,304
1784883600000,1.4571,1.4629,1.4571,1.462,1189
1784884500000,1.461,1.461,1.4569,1.457,21496
1784885400000,1.4566,1.4617,1.4566,1.4616,563
1784886300000,1.4625,1.4722,1.4625,1.47,2478
1784887200000,1.47,1.47,1.4639,1.4639,2101
1784888100000,1.4636,1.4655,1.4609,1.4655,1173
1784889000000,1.4657,1.4669,1.4626,1.466,286
1784889900000,1.4669,1.4688,1.4659,1.4659,371
1784890800000,1.464,1.4642,1.4581,1.4619,489
1784891700000,1.4631,1.4667,1.4618,1.465,26509
1784892600000,1.4649,1.4673,1.4618,1.4647,11805
1784893500000,1.4629,1.4656,1.4613,1.4652,1020
1784894400000,1.4655,1.4662,1.4605,1.4642,44943
1784895300000,1.4642,1.4679,1.4642,1.4644,2481
1784896200000,1.4653,1.4653,1.4604,1.4604,1172
1784897100000,1.4608,1.4608,1.4573,1.458,3330
1784898000000,1.4588,1.4597,1.447,1.4529,38699
1784898900000,1.4534,1.4583,1.4502,1.4502,4216
1784899800000,1.4516,1.4517,1.4441,1.4463,6881
1784900700000,1.4492,1.4492,1.4414,1.448,7590
1784901600000,1.4477,1.451,1.4452,1.4485,8464
1784902500000,1.4467,1.4483,1.4442,1.4479,7391
1784903400000,1.4466,1.4485,1.4454,1.4469,631
1784904300000,1.4464,1.4501,1.4436,1.4493,12965
1784905200000,1.4493,1.4555,1.4443,1.4555,4000
1784906100000,1.4571,1.4572,1.4526,1.4547,405
1784907000000,1.4552,1.4569,1.4536,1.4536,1492
1784907900000,1.4544,1.4546,1.452,1.4545,1749
1784908800000,1.4536,1.4593,1.4522,1.4575,1895
1784909700000,1.4566,1.4577,1.4541,1.4564,502
1784910600000,1.4546,1.4557,1.4541,1.4541,295
1784911500000,1.4541,1.4616,1.4541,1.4616,1050
1784912400000,1.4606,1.4648,1.4606,1.4613,1330
1784913300000,1.4613,1.4657,1.4613,1.4631,1301
1784914200000,1.4633,1.4677,1.4615,1.4618,636
1784915100000,1.4623,1.463,1.4618,1.463,2172
1784916000000,1.4626,1.4626,1.4611,1.4611,322
1784916900000,1.4624,1.4627,1.4588,1.4588,1585
1784917800000,1.4593,1.4622,1.4593,1.4603,2827
1784918700000,1.4602,1.4647,1.4596,1.4641,934
1784919600000,1.4642,1.4721,1.4625,1.4689,12935
1784920500000,1.4678,1.4711,1.4581,1.4631,508
1784921400000,1.4622,1.4651,1.4622,1.4622,349
1784922300000,1.463,1.4761,1.4621,1.4722,16234
1784923200000,1.4708,1.4712,1.4623,1.4633,1980
1784924100000,1.4633,1.4633,1.4578,1.4597,2143
1784925000000,1.4576,1.4689,1.4561,1.4636,223707
1784925900000,1.4637,1.4667,1.4631,1.464,4345
1784926800000,1.4643,1.4677,1.4635,1.4636,4732
1784927700000,1.4675,1.4706,1.4671,1.469,1020
1784928600000,1.4687,1.4696,1.4678,1.468,1049
1784929500000,1.468,1.468,1.4555,1.4559,3825
1784930400000,1.4556,1.4608,1.4555,1.4607,1850
1784931300000,1.4607,1.4649,1.4607,1.4627,1796
1784932200000,1.463,1.4661,1.463,1.4652,651
1784933100000,1.4635,1.4648,1.463,1.4642,776
1784934000000,1.4647,1.4671,1.4647,1.4656,3790
1784934900000,1.4657,1.4668,1.4652,1.4656,1893
1784935800000,1.4656,1.4673,1.4655,1.4667,10921
1784936700000,1.4668,1.4697,1.4666,1.469,219
1784937600000,1.469,1.4752,1.463,1.4661,10487
1784938500000,1.466,1.4671,1.4657,1.4671,666
1784939400000,1.4677,1.4684,1.4643,1.4644,2963
1784940300000,1.4643,1.4684,1.4636,1.468,683
1784941200000,1.4683,1.4691,1.4647,1.4647,437
1784942100000,1.4647,1.4651,1.4627,1.4651,2153
1784943000000,1.4647,1.4672,1.4647,1.4658,404
1784943900000,1.4673,1.4756,1.4663,1.4669,5081
1784944800000,1.4673,1.4683,1.4653,1.4658,4130
1784945700000,1.4658,1.4686,1.4634,1.4686,918
1784946600000,1.4697,1.4727,1.4674,1.4725,712
1784947500000,1.472,1.4739,1.472,1.4737,679
1784948400000,1.4732,1.4752,1.4545,1.4694,237952
1784949300000,1.4692,1.4752,1.4659,1.4732,108295
1784950200000,1.4715,1.474,1.4715,1.4718,597
1784951100000,1.473,1.4742,1.4709,1.4733,4930
1784952000000,1.4732,1.4741,1.4704,1.4726,6028
1784952900000,1.4739,1.4752,1.4683,1.4708,3657
1784953800000,1.4711,1.4747,1.4706,1.4747,390
1784954700000,1.4725,1.475,1.4724,1.4724,2613
1784955600000,1.473,1.4747,1.4723,1.4723,787
1784956500000,1.4718,1.4748,1.4709,1.4726,1782
1784957400000,1.4729,1.4733,1.4705,1.4706,415
1784958300000,1.4708,1.4721,1.4679,1.4702,4541
1784959200000,1.4698,1.4698,1.4672,1.4684,2559
1784960100000,1.4689,1.4696,1.4663,1.4665,266
1784961000000,1.4677,1.4684,1.4659,1.4666,7040
1784961900000,1.4666,1.4718,1.4666,1.4708,770
1784962800000,1.4717,1.4755,1.471,1.4749,681
1784963700000,1.4757,1.4765,1.4743,1.475,20672
1784964600000,1.4747,1.4747,1.4652,1.4652,1653
1784965500000,1.4657,1.4657,1.4609,1.4644,7430
1784966400000,1.4644,1.4647,1.4618,1.463,405
1784967300000,1.4638,1.4707,1.4638,1.4707,1405
1784968200000,1.4694,1.4713,1.4661,1.4662,722
1784969100000,1.4662,1.4671,1.4617,1.4631,2544
1784970000000,1.4634,1.4687,1.4634,1.468,382
1784970900000,1.4682,1.472,1.4636,1.4656,4975
1784971800000,1.4651,1.4684,1.4651,1.4664,1745
1784972700000,1.4664,1.4695,1.4664,1.4672,2413
1784973600000,1.4673,1.4679,1.4653,1.4675,1338
1784974500000,1.4671,1.469,1.4654,1.4654,1326
1784975400000,1.4661,1.4664,1.4625,1.4646,4271
1784976300000,1.4641,1.4648,1.4635,1.4644,1151
1784977200000,1.4649,1.4665,1.4645,1.466,1357
1784978100000,1.4653,1.4664,1.4653,1.4656,367
1784979000000,1.4663,1.4676,1.465,1.4656,302
1784979900000,1.465,1.4685,1.465,1.4679,358
1784980800000,1.4679,1.4687,1.4637,1.468,2700
1784981700000,1.4688,1.4704,1.4669,1.4691,27637
1784982600000,1.4703,1.4704,1.469,1.469,198
1784983500000,1.4697,1.4699,1.4675,1.4682,746
1784984400000,1.4676,1.4702,1.4676,1.4702,11124
1784985300000,1.4702,1.4707,1.4689,1.4707,2504
1784986200000,1.4693,1.4716,1.4677,1.4715,1971
1784987100000,1.4715,1.4723,1.4692,1.4692,43447
1784988000000,1.4692,1.4714,1.4683,1.4714,25530
1784988900000,1.4694,1.4702,1.4675,1.4675,1124
1784989800000,1.4682,1.4686,1.4665,1.4667,383
1784990700000,1.4667,1.4684,1.4652,1.4657,3635
1784991600000,1.4658,1.4684,1.4654,1.4684,547
1784992500000,1.4684,1.4711,1.4649,1.4651,893
1784993400000,1.4643,1.4674,1.4643,1.4674,2211
1784994300000,1.4666,1.468,1.4664,1.468,609
1784995200000,1.4679,1.4693,1.4665,1.4693,1485
1784996100000,1.4697,1.4703,1.4689,1.4693,399
1784997000000,1.4674,1.4692,1.4667,1.4692,240
1784997900000,1.4694,1.4755,1.4694,1.4721,12720
1784998800000,1.4722,1.4736,1.472,1.4736,208
1784999700000,1.4737,1.4799,1.4731,1.4781,8460
1785000600000,1.4781,1.4865,1.4746,1.4853,23197
1785001500000,1.4853,1.4924,1.4846,1.4906,3025
1785002400000,1.4912,1.498,1.4907,1.498,153472
1785003300000,1.4979,1.5052,1.4962,1.499,17826
1785004200000,1.4967,1.5013,1.4875,1.4907,13760
1785005100000,1.4906,1.4907,1.4877,1.4898,3724
1785006000000,1.489,1.4952,1.4886,1.4905,9521
1785006900000,1.4888,1.493,1.4888,1.4923,699
1785007800000,1.4921,1.497,1.4921,1.497,6208
1785008700000,1.4976,1.4976,1.4937,1.4957,922
1785009600000,1.4954,1.4975,1.494,1.4944,4519
1785010500000,1.4948,1.4977,1.494,1.4977,2496
1785011400000,1.4987,1.5034,1.4987,1.5028,741
1785012300000,1.501,1.5011,1.4984,1.4998,910
1785013200000,1.5012,1.5034,1.4942,1.4942,3308
1785014100000,1.4942,1.4946,1.4914,1.4946,1127
1785015000000,1.4941,1.4956,1.4881,1.4881,980
1785015900000,1.4885,1.4916,1.4871,1.4877,2757
1785016800000,1.4875,1.4892,1.4871,1.4875,11806
1785017700000,1.4874,1.4905,1.4874,1.4905,378
1785018600000,1.4916,1.4987,1.4908,1.4943,8296
1785019500000,1.4944,1.4988,1.4929,1.493,1577
1785020400000,1.4934,1.4953,1.4934,1.4944,322
1785021300000,1.4945,1.4949,1.493,1.4939,307
1785022200000,1.4934,1.5118,1.4934,1.5068,5681
1785023100000,1.5055,1.5131,1.5055,1.5069,3147
1785024000000,1.5069,1.522,1.506,1.5104,31724
1785024900000,1.5112,1.5142,1.5083,1.5083,6620
1785025800000,1.5069,1.5165,1.5069,1.5153,6554
1785026700000,1.5163,1.5163,1.5117,1.5117,682
1785027600000,1.5116,1.5139,1.5115,1.5137,1533
1785028500000,1.5127,1.5147,1.5106,1.5106,862
1785029400000,1.5106,1.5106,1.506,1.5061,8755
1785030300000,1.506,1.5092,1.506,1.5083,4885
1785031200000,1.5083,1.5131,1.5081,1.5131,2967
1785032100000,1.5133,1.5133,1.5102,1.5102,2515
1785033000000,1.511,1.5121,1.5092,1.5119,941
1785033900000,1.512,1.5127,1.5094,1.5109,343
1785034800000,1.5115,1.5144,1.5115,1.5142,898
1785035700000,1.5137,1.5189,1.5137,1.5159,407
1785036600000,1.5149,1.5191,1.5139,1.5191,1472
1785037500000,1.5184,1.5212,1.5184,1.5187,1162
1785038400000,1.5208,1.5219,1.5197,1.5204,822
1785039300000,1.5197,1.5197,1.5157,1.5168,721
1785040200000,1.5169,1.517,1.5157,1.5169,52811
1785041100000,1.517,1.517,1.5134,1.5158,32484
1785042000000,1.5161,1.5165,1.5124,1.5161,3763
1785042900000,1.5158,1.517,1.5149,1.5162,1314
1785043800000,1.5153,1.517,1.5117,1.517,475
1785044700000,1.5165,1.517,1.5095,1.5095,1064
1785045600000,1.5078,1.5094,1.4952,1.5002,25506
1785046500000,1.4983,1.503,1.4977,1.4981,1865
1785047400000,1.5001,1.5024,1.4991,1.5024,705
1785048300000,1.5034,1.5099,1.5034,1.5099,27411
1785049200000,1.5095,1.51,1.5065,1.5094,19241
1785050100000,1.5099,1.51,1.505,1.5071,844
1785051000000,1.5066,1.5066,1.503,1.5048,994
1785051900000,1.5031,1.506,1.5019,1.5038,865
1785052800000,1.5049,1.5097,1.5049,1.5075,4222
1785053700000,1.508,1.509,1.5062,1.5086,457
1785054600000,1.5082,1.5105,1.5064,1.508,350
1785055500000,1.5076,1.5091,1.5054,1.5089,774
1785056400000,1.5085,1.5131,1.5076,1.5131,2161
1785057300000,1.5134,1.514,1.5122,1.5122,6994
1785058200000,1.5124,1.513,1.5091,1.5098,487
1785059100000,1.5098,1.5101,1.5081,1.5095,293
1785060000000,1.51,1.5106,1.5074,1.5106,42192
1785060900000,1.5116,1.5122,1.5076,1.5088,1203
1785061800000,1.5085,1.5099,1.5069,1.5088,704
1785062700000,1.5088,1.5125,1.5079,1.5098,1113
1785063600000,1.5099,1.512,1.5099,1.512,837
1785064500000,1.5125,1.5142,1.5108,1.5116,678
1785065400000,1.5124,1.5132,1.5075,1.5075,965
1785066300000,1.5077,1.5122,1.5077,1.5108,2710
1785067200000,1.5108,1.514,1.5097,1.514,1089
1785068100000,1.5135,1.5137,1.5069,1.5093,3330
1785069000000,1.5093,1.5125,1.5074,1.5107,2200
1785069900000,1.5108,1.5163,1.5102,1.515,5025
1785070800000,1.5137,1.5137,1.5093,1.5093,3388
1785071700000,1.5097,1.5121,1.5085,1.5085,419
1785072600000,1.5085,1.5085,1.5047,1.5065,15962
1785073500000,1.5057,1.5064,1.5036,1.5043,17421
1785074400000,1.5038,1.5076,1.5036,1.5054,5651
1785075300000,1.5052,1.5053,1.503,1.5037,3719
1785076200000,1.502,1.5042,1.502,1.5033,185
1785077100000,1.5027,1.5048,1.5024,1.5048,312
1785078000000,1.504,1.5077,1.5038,1.5061,565
1785078900000,1.5068,1.5105,1.5044,1.5044,24655
1785079800000,1.5067,1.517,1.5062,1.5168,13274
1785080700000,1.5164,1.5222,1.5164,1.5211,77427
1785081600000,1.5218,1.5221,1.5154,1.5165,4079
1785082500000,1.5173,1.5175,1.5138,1.516,2060
1785083400000,1.5164,1.521,1.516,1.516,714
1785084300000,1.5154,1.52,1.5146,1.5175,1355
1785085200000,1.5185,1.5185,1.5154,1.5169,385
1785086100000,1.517,1.519,1.517,1.5179,4494
1785087000000,1.5186,1.52,1.5177,1.5177,1477
1785087900000,1.5181,1.5181,1.514,1.514,3632
1785088800000,1.5147,1.5157,1.5122,1.5152,4348
1785089700000,1.5144,1.516,1.5119,1.5125,20793
1785090600000,1.5124,1.5141,1.5117,1.5125,878
1785091500000,1.5119,1.5119,1.5068,1.5083,3833
1785092400000,1.5076,1.5105,1.5065,1.5073,1008
1785093300000,1.5073,1.5092,1.5055,1.5074,1189
1785094200000,1.5074,1.5081,1.5064,1.5064,1340
1785095100000,1.5066,1.5075,1.5053,1.5059,271
1785096000000,1.5076,1.5082,1.5054,1.5074,956
1785096900000,1.5076,1.509,1.5035,1.5036,2947
1785097800000,1.5043,1.5043,1.4982,1.5023,3523
1785098700000,1.5032,1.5032,1.5023,1.5023,1480
1785099600000,1.5032,1.5032,1.5003,1.5003,574
1785100500000,1.5003,1.504,1.4998,1.5039,462
1785101400000,1.5039,1.505,1.5034,1.5034,1819
1785102300000,1.5036,1.5082,1.5036,1.5066,1413
1785103200000,1.507,1.5144,1.507,1.5142,16658
1785104100000,1.5129,1.5143,1.5122,1.5135,548
1785105000000,1.5143,1.5186,1.5143,1.5179,1820
1785105900000,1.5174,1.519,1.5174,1.5187,3066
1785106800000,1.5186,1.5194,1.5142,1.5153,2965
1785107700000,1.5157,1.5165,1.5102,1.5122,7325
1785108600000,1.5121,1.5151,1.5114,1.5143,605
1785109500000,1.5143,1.5188,1.5143,1.518,1977
1785110400000,1.5171,1.5189,1.5142,1.5161,12292
1785111300000,1.5159,1.5159,1.5114,1.5114,40067
1785112200000,1.5118,1.5127,1.509,1.509,2122
1785113100000,1.5097,1.5115,1.5082,1.5092,3737
1785114000000,1.5095,1.5118,1.5095,1.5103,183
1785114900000,1.5102,1.5102,1.5051,1.5089,3409
1785115800000,1.5088,1.5092,1.5041,1.5085,29646
1785116700000,1.5085,1.5095,1.5068,1.5079,1118
1785117600000,1.5075,1.5079,1.5051,1.5061,573
1785118500000,1.5067,1.5086,1.506,1.5072,1515
1785119400000,1.5074,1.5108,1.5063,1.5102,9010
1785120300000,1.5095,1.5109,1.5067,1.5079,442
1785121200000,1.5075,1.5156,1.5073,1.5156,247
1785122100000,1.5142,1.5151,1.5105,1.511,292
1785123000000,1.5101,1.5112,1.5096,1.5101,6817
1785123900000,1.5108,1.5139,1.5101,1.5113,344
1785124800000,1.5112,1.5161,1.5105,1.5133,6235
1785125700000,1.5127,1.5212,1.5127,1.5162,1374
1785126600000,1.5167,1.5176,1.515,1.5173,337
1785127500000,1.5181,1.5181,1.5148,1.5166,3630
1785128400000,1.5169,1.5176,1.5144,1.5154,16628
1785129300000,1.515,1.5195,1.5147,1.5175,526
1785130200000,1.515,1.5157,1.513,1.513,199
1785131100000,1.5135,1.5198,1.5132,1.5182,3185
1785132000000,1.518,1.5211,1.5169,1.5198,515
1785132900000,1.5203,1.5209,1.5165,1.5181,2959
1785133800000,1.5181,1.5199,1.5165,1.5199,1615
1785134700000,1.5192,1.52,1.5157,1.5159,481
1785135600000,1.5153,1.517,1.5138,1.5155,9182
1785136500000,1.5147,1.5165,1.5133,1.5133,332
1785137400000,1.5129,1.5129,1.5103,1.5113,267
1785138300000,1.5109,1.5128,1.5109,1.5117,219
1785139200000,1.5105,1.5116,1.5084,1.5088,2306
1785140100000,1.5088,1.5125,1.5074,1.5074,3361
1785141000000,1.5074,1.5087,1.506,1.5087,3351
1785141900000,1.5076,1.5087,1.5068,1.5078,1409
1785142800000,1.5054,1.5059,1.504,1.5042,1820
1785143700000,1.5046,1.5094,1.5043,1.5094,700
1785144600000,1.5085,1.5101,1.5081,1.5093,578
1785145500000,1.5088,1.5094,1.507,1.5071,319
1785146400000,1.5071,1.5087,1.5058,1.5069,1600
1785147300000,1.506,1.5079,1.5048,1.5059,7024
1785148200000,1.5052,1.508,1.505,1.5065,1573
1785149100000,1.5071,1.5076,1.5035,1.5042,694
1785150000000,1.5042,1.5042,1.5012,1.5021,3081
1785150900000,1.502,1.5029,1.4998,1.5011,4727
1785151800000,1.5,1.502,1.4995,1.502,1548
1785152700000,1.502,1.5039,1.5002,1.5007,959
1785153600000,1.4999,1.5021,1.4986,1.4987,16878
1785154500000,1.4987,1.4998,1.4928,1.4946,8372
1785155400000,1.4939,1.4951,1.4896,1.4951,19147
1785156300000,1.4955,1.4981,1.4955,1.4961,3601
1785157200000,1.4973,1.5001,1.4944,1.4944,11436
1785158100000,1.4935,1.4962,1.4935,1.4944,711
1785159000000,1.4952,1.5063,1.4951,1.5056,2702
1785159900000,1.5054,1.5071,1.5002,1.5011,2575
1785160800000,1.5022,1.5024,1.4892,1.4921,22870
1785161700000,1.4915,1.4919,1.4859,1.4859,81518
1785162600000,1.4839,1.4839,1.4702,1.4705,102124
1785163500000,1.4738,1.4784,1.4719,1.4751,21829
1785164400000,1.4762,1.4797,1.4732,1.4796,17554
1785165300000,1.4792,1.4807,1.4754,1.4769,4941
1785166200000,1.4795,1.4795,1.4751,1.4781,389
1785167100000,1.4769,1.4777,1.4746,1.4749,478
1785168000000,1.4737,1.4769,1.4676,1.4708,11731
1785168900000,1.4709,1.4814,1.4671,1.4807,2952
1785169800000,1.4808,1.4859,1.4808,1.4859,345
1785170700000,1.4866,1.4866,1.484,1.4858,326
1785171600000,1.4864,1.4868,1.4837,1.4865,1162
1785172500000,1.4856,1.4878,1.4844,1.4848,23059
1785173400000,1.4853,1.4882,1.4836,1.4836,939
1785174300000,1.4832,1.4857,1.4832,1.4855,367
1785175200000,1.4864,1.4874,1.4858,1.4858,7871
1785176100000,1.4835,1.4843,1.4814,1.4822,2352
1785177000000,1.4817,1.4824,1.48,1.4801,826
1785177900000,1.4788,1.4817,1.4769,1.4817,23023
1785178800000,1.482,1.4862,1.4808,1.4835,824
1785179700000,1.4838,1.4848,1.4827,1.4848,390
1785180600000,1.4855,1.4868,1.4827,1.4831,1251
1785181500000,1.4828,1.4834,1.4808,1.4812,1283
1785182400000,1.4816,1.4836,1.4815,1.482,4293
1785183300000,1.4835,1.4858,1.4828,1.4856,322
1785184200000,1.4853,1.4871,1.484,1.484,2317
1785185100000,1.4847,1.4863,1.484,1.4856,319
1785186000000,1.4853,1.4881,1.4853,1.4881,1282
1785186900000,1.4858,1.4858,1.482,1.482,329
1785187800000,1.4801,1.4808,1.4779,1.4783,761
1785188700000,1.4783,1.4793,1.4782,1.4793,2680
1785189600000,1.4792,1.4792,1.4766,1.4783,1468
1785190500000,1.4776,1.4791,1.4752,1.4752,2304
1785191400000,1.4749,1.4761,1.4667,1.4667,11311
1785192300000,1.4661,1.4661,1.4522,1.4573,204418
1785193200000,1.4549,1.4598,1.4506,1.4598,17130
1785194100000,1.4598,1.4622,1.4561,1.4607,5964
1785195000000,1.4598,1.4622,1.4565,1.4572,2189
1785195900000,1.4572,1.458,1.4559,1.458,20742
1785196800000,1.4576,1.4722,1.4559,1.464,48014
1785197700000,1.4642,1.4661,1.4517,1.4546,29582
1785198600000,1.4549,1.4573,1.4448,1.4573,41944
1785199500000,1.4539,1.4546,1.4512,1.4517,9515
1785200400000,1.453,1.453,1.4368,1.4454,189618
1785201300000,1.4449,1.4509,1.4422,1.4509,13633
1785202200000,1.4499,1.452,1.448,1.4494,9609
1785203100000,1.449,1.4506,1.4474,1.449,2058
1785204000000,1.4484,1.4508,1.4479,1.4483,6308
1785204900000,1.4483,1.4522,1.4473,1.4522,8784
1785205800000,1.4522,1.453,1.4499,1.4503,5356
1785206700000,1.4509,1.4527,1.4484,1.452,2352
1785207600000,1.4512,1.4528,1.4504,1.4521,2912
1785208500000,1.4526,1.453,1.4514,1.4519,29760
1785209400000,1.4519,1.453,1.4497,1.453,12862
1785210300000,1.453,1.4551,1.4514,1.4539,66788
1785211200000,1.4541,1.4543,1.4516,1.4522,2290
1785212100000,1.4522,1.4532,1.4515,1.4523,822
1785213000000,1.4519,1.4519,1.4462,1.4484,5374
1785213900000,1.4485,1.4523,1.4484,1.4518,1848
1785214800000,1.4514,1.4587,1.4513,1.4556,16806
1785215700000,1.4567,1.4582,1.4566,1.4577,1267
1785216600000,1.4572,1.4581,1.4554,1.458,9947
1785217500000,1.4584,1.4584,1.4557,1.4557,4025
1785218400000,1.4562,1.4562,1.4538,1.4544,5073
1785219300000,1.4552,1.4602,1.4543,1.4575,16640
1785220200000,1.4568,1.4619,1.4566,1.4619,19641
1785221100000,1.4593,1.4615,1.4587,1.4587,10069
1785222000000,1.4586,1.4622,1.4586,1.4598,386
1785222900000,1.4607,1.4623,1.45,1.4538,26010
1785223800000,1.4525,1.4525,1.4467,1.4467,2489
1785224700000,1.4465,1.4479,1.435,1.4477,92981
1785225600000,1.4478,1.4565,1.4441,1.4564,82933
1785226500000,1.4563,1.4565,1.4501,1.4528,7285
1785227400000,1.4527,1.4548,1.4478,1.4478,28522
1785228300000,1.4485,1.4526,1.4477,1.4507,8183
1785229200000,1.4515,1.4515,1.4467,1.4494,7898
1785230100000,1.4498,1.4514,1.4477,1.4496,4977
1785231000000,1.4496,1.4518,1.4477,1.4506,8547
1785231900000,1.4503,1.4525,1.4489,1.4511,15440
1785232800000,1.4514,1.4551,1.4511,1.4532,11678
1785233700000,1.4535,1.4562,1.4531,1.455,3037
1785234600000,1.4549,1.4551,1.4493,1.451,10341
1785235500000,1.4513,1.4526,1.4495,1.4503,956
1785236400000,1.4497,1.4497,1.4398,1.44,5533
1785237300000,1.4393,1.445,1.4391,1.4432,5449
1785238200000,1.4432,1.446,1.4418,1.4424,3720
1785239100000,1.4418,1.4476,1.4418,1.4476,2175
1785240000000,1.4448,1.4463,1.4419,1.4463,28006
1785240900000,1.4463,1.4483,1.4445,1.4475,7020
1785241800000,1.4478,1.4504,1.4448,1.4468,5013
1785242700000,1.4474,1.4497,1.4467,1.4485,6357
1785243600000,1.4481,1.4531,1.4472,1.4508,11830
1785244500000,1.4516,1.4548,1.4489,1.4508,1465
1785245400000,1.4498,1.4499,1.4261,1.4293,885425
1785246300000,1.4303,1.4311,1.425,1.4304,45314
1785247200000,1.4311,1.4389,1.4302,1.4326,61917
1785248100000,1.4329,1.4383,1.4298,1.4376,23327
1785249000000,1.4398,1.4448,1.4345,1.4401,121784
1785249900000,1.4401,1.4448,1.4401,1.442,16792
1785250800000,1.442,1.4465,1.4416,1.4445,10772
1785251700000,1.4438,1.4552,1.4423,1.4515,11341
1785252600000,1.452,1.46,1.452,1.4583,76847
1785253500000,1.4584,1.4603,1.4531,1.4568,84629
1785254400000,1.4572,1.4572,1.4515,1.453,9991
1785255300000,1.4539,1.4554,1.452,1.4528,9445
1785256200000,1.4523,1.4564,1.4515,1.4558,8654
1785257100000,1.4559,1.4598,1.4548,1.4592,4548
1785258000000,1.4573,1.458,1.4524,1.4531,2425
1785258900000,1.4531,1.4541,1.4514,1.4536,2287
1785259800000,1.4539,1.4541,1.4496,1.4532,904
1785260700000,1.4543,1.456,1.4515,1.455,2995
1785261600000,1.4571,1.4593,1.4564,1.4564,750
1785262500000,1.4568,1.4574,1.454,1.4541,217
1785263400000,1.4546,1.4562,1.4546,1.4562,254
1785264300000,1.455,1.4556,1.4531,1.4556,676
1785265200000,1.4568,1.4603,1.4568,1.4599,652
1785266100000,1.4601,1.4602,1.4587,1.4599,5276
1785267000000,1.4602,1.4605,1.4578,1.4581,26097
1785267900000,1.4581,1.4603,1.4579,1.4594,915
1785268800000,1.46,1.4607,1.4584,1.4602,15860
1785269700000,1.46,1.4607,1.4578,1.4578,1869
1785270600000,1.4578,1.4606,1.457,1.46,8097
1785271500000,1.4588,1.4602,1.4582,1.4596,1697
1785272400000,1.4601,1.4607,1.4573,1.4573,3331
1785273300000,1.4569,1.4581,1.4566,1.457,650
1785274200000,1.4565,1.4575,1.453,1.4547,5993
1785275100000,1.4554,1.4569,1.4528,1.4528,11513
1785276000000,1.4508,1.4547,1.4464,1.4508,6877
1785276900000,1.4517,1.455,1.4517,1.4539,4350
1785277800000,1.4522,1.4534,1.4495,1.4498,2741
1785278700000,1.4496,1.4496,1.4427,1.4434,6062
1785279600000,1.4422,1.4442,1.44,1.4442,4536
1785280500000,1.4443,1.4445,1.4421,1.443,1697
1785281400000,1.443,1.4473,1.443,1.4464,2769
1785282300000,1.4468,1.4486,1.4468,1.4479,1991
1785283200000,1.4495,1.4527,1.4495,1.4518,4883
1785284100000,1.4519,1.4546,1.4511,1.4515,2013
1785285000000,1.4514,1.4523,1.4497,1.4517,1798
1785285900000,1.453,1.4533,1.4512,1.4512,1600
1785286800000,1.4514,1.4524,1.447,1.4478,1073
1785287700000,1.4468,1.4494,1.4462,1.4494,1932
1785288600000,1.4488,1.4499,1.4463,1.4463,486
1785289500000,1.446,1.4462,1.4408,1.4408,4631
1785290400000,1.4398,1.4425,1.4386,1.4421,3192
1785291300000,1.4419,1.4467,1.4383,1.4465,3763
1785292200000,1.4482,1.4484,1.446,1.4462,1608
1785293100000,1.4454,1.4454,1.4402,1.4408,3200
1785294000000,1.4406,1.4456,1.4406,1.4428,1573
1785294900000,1.442,1.4431,1.4381,1.4381,544
1785295800000,1.4366,1.4366,1.415,1.4195,716978
1785296700000,1.4193,1.4216,1.4125,1.4151,54147
1785297600000,1.4147,1.417,1.4054,1.4073,459306
1785298500000,1.4073,1.408,1.3864,1.3989,650508
1785299400000,1.399,1.4087,1.399,1.4075,121761
1785300300000,1.4068,1.4127,1.4065,1.4121,32506
1785301200000,1.4127,1.4191,1.4127,1.4191,35670
1785302100000,1.4204,1.4204,1.4169,1.4189,16185
1785303000000,1.4186,1.4222,1.4175,1.4212,7432
1785303900000,1.4216,1.4216,1.3878,1.3967,146211
1785304800000,1.3963,1.4009,1.3921,1.3973,159484
1785305700000,1.3965,1.4219,1.3952,1.4219,182786
1785306600000,1.4209,1.4278,1.4139,1.4141,156265
1785307500000,1.4158,1.417,1.4109,1.4116,58802
1785308400000,1.4107,1.4122,1.4081,1.4105,32379
1785309300000,1.4105,1.412,1.4074,1.4096,5655
1785310200000,1.4095,1.4293,1.4095,1.42,92590
1785311100000,1.421,1.4236,1.417,1.422,16603
1785312000000,1.423,1.427,1.4178,1.4178,13661
1785312900000,1.4181,1.4181,1.416,1.4169,2160
1785313800000,1.4165,1.4198,1.4158,1.4197,3666
1785314700000,1.4197,1.421,1.4152,1.4152,49901
1785315600000,1.4147,1.4157,1.4143,1.4151,43912
1785316500000,1.4157,1.4157,1.4127,1.4142,17071
1785317400000,1.415,1.4153,1.414,1.4141,2502
1785318300000,1.4134,1.4141,1.4121,1.4125,4337
1785319200000,1.4128,1.4128,1.4092,1.4095,1538
1785320100000,1.4119,1.4125,1.4099,1.4119,5465
1785321000000,1.4114,1.421,1.4111,1.4125,62420
1785321900000,1.4117,1.4117,1.4041,1.4046,101731
1785322800000,1.4043,1.4061,1.402,1.406,160785
1785323700000,1.4061,1.4104,1.4049,1.4087,13032
1785324600000,1.4079,1.4079,1.4049,1.4055,38863
1785325500000,1.4052,1.4058,1.3984,1.4026,102236
1785326400000,1.4027,1.4073,1.3981,1.4061,158940
1785327300000,1.4052,1.4052,1.3996,1.4014,10513
1785328200000,1.4002,1.4023,1.3999,1.4007,21371
1785329100000,1.4009,1.4025,1.4009,1.4025,30144
1785330000000,1.4025,1.4028,1.3969,1.3997,21150
1785330900000,1.4009,1.4036,1.3993,1.4036,73522
1785331800000,1.4036,1.4099,1.4034,1.4068,61171
1785332700000,1.4075,1.4093,1.4025,1.407,2570
1785333600000,1.4074,1.4085,1.3986,1.3986,8350
1785334500000,1.399,1.4025,1.3934,1.3964,9134
1785335400000,1.3975,1.3975,1.3888,1.3893,10601
1785336300000,1.3884,1.3917,1.3857,1.3864,4881
1785337200000,1.3879,1.4038,1.3879,1.4034,25217
1785338100000,1.4022,1.405,1.3927,1.3947,8981
1785339000000,1.3936,1.3971,1.3936,1.3942,647
1785339900000,1.3942,1.3972,1.3942,1.3947,5051
1785340800000,1.3947,1.3952,1.3924,1.3939,1343
1785341700000,1.3939,1.3959,1.3922,1.3954,9819
1785342600000,1.3954,1.3959,1.39,1.39,3006
1785343500000,1.3896,1.3921,1.3879,1.3915,2927
1785344400000,1.3916,1.399,1.3896,1.399,152118
1785345300000,1.4001,1.4014,1.395,1.395,53189
1785346200000,1.3953,1.3988,1.3911,1.3988,104641
1785347100000,1.399,1.4048,1.3976,1.4048,12906
1785348000000,1.4072,1.4167,1.407,1.4111,17133
1785348900000,1.4082,1.41,1.4018,1.4033,3211
1785349800000,1.404,1.4187,1.3988,1.4187,14346
1785350700000,1.4149,1.4204,1.4142,1.4164,44657
1785351600000,1.4166,1.4174,1.4124,1.4148,7386
1785352500000,1.4131,1.4144,1.4054,1.4061,319
1785353400000,1.4075,1.4091,1.4047,1.406,1390
1785354300000,1.4027,1.4027,1.3926,1.3961,6348
1785355200000,1.3966,1.3975,1.3869,1.3927,98084
1785356100000,1.3933,1.3954,1.3797,1.3868,42660
1785357000000,1.386,1.3917,1.3852,1.3871,17150
1785357900000,1.3875,1.3875,1.379,1.3808,22670
1785358800000,1.3798,1.3913,1.3798,1.3891,29132
1785359700000,1.3904,1.3934,1.3877,1.3917,1057
1785360600000,1.3915,1.3922,1.3858,1.3861,343
1785361500000,1.3858,1.3931,1.3858,1.3931,13144
1785362400000,1.3933,1.4041,1.3933,1.4041,10509
1785363300000,1.4034,1.4046,1.402,1.4022,1966
1785364200000,1.4028,1.4033,1.4012,1.4033,657
1785365100000,1.403,1.4038,1.4018,1.4035,390
1785366000000,1.4035,1.4054,1.402,1.4024,16096
1785366900000,1.4029,1.4062,1.4025,1.4056,15300
1785367800000,1.4056,1.4061,1.4026,1.4035,17926
1785368700000,1.4051,1.406,1.404,1.404,1189
1785369600000,1.4042,1.4059,1.4038,1.4056,8506
1785370500000,1.4056,1.4056,1.4031,1.4032,6046
1785371400000,1.4032,1.4032,1.3944,1.3945,4432
1785372300000,1.3942,1.3971,1.3942,1.3971,961
1785373200000,1.398,1.4059,1.398,1.4035,1398
1785374100000,1.4017,1.4062,1.4016,1.4057,325
1785375000000,1.4078,1.4102,1.4077,1.409,763
1785375900000,1.4087,1.4116,1.4082,1.4102,531
1785376800000,1.4108,1.4111,1.4086,1.4086,443
1785377700000,1.4091,1.4091,1.4064,1.4069,249
1785378600000,1.405,1.4057,1.4036,1.4054,5615
1785379500000,1.4054,1.4094,1.4037,1.4041,6845
1785380400000,1.4043,1.4073,1.404,1.4049,5935
1785381300000,1.4053,1.4069,1.4047,1.4049,902
1785382200000,1.4048,1.4048,1.4026,1.4037,1442
1785383100000,1.4044,1.4071,1.4036,1.4046,791
1785384000000,1.4046,1.4049,1.4007,1.4007,2407
1785384900000,1.4007,1.4034,1.4007,1.4031,347
1785385800000,1.4029,1.4126,1.4029,1.4067,6889
1785386700000,1.4067,1.4082,1.4053,1.4058,18816
1785387600000,1.4055,1.4094,1.4054,1.4094,32453
1785388500000,1.4095,1.4102,1.4077,1.409,1506
1785389400000,1.4078,1.4189,1.4078,1.4169,1393
1785390300000,1.4166,1.4229,1.4166,1.4208,2142
1785391200000,1.42,1.4244,1.4165,1.4188,4993
1785392100000,1.418,1.4246,1.4179,1.4246,24870
1785393000000,1.4241,1.4246,1.4192,1.4192,637
1785393900000,1.4201,1.4208,1.4149,1.4167,702
1785394800000,1.4169,1.4262,1.4169,1.4228,1022
1785395700000,1.4222,1.4228,1.4179,1.4179,1388
1785396600000,1.4167,1.4194,1.4151,1.4173,1820
1785397500000,1.4175,1.418,1.4163,1.4173,807
1785398400000,1.4176,1.4193,1.4168,1.4186,2945
1785399300000,1.4187,1.4243,1.4182,1.4243,852
1785400200000,1.4259,1.4283,1.422,1.4228,4887
1785401100000,1.4228,1.4251,1.4228,1.424,1747
1785402000000,1.4239,1.4239,1.4205,1.4214,3189
1785402900000,1.4214,1.4245,1.4214,1.423,5764
1785403800000,1.4223,1.4233,1.4209,1.4222,5571
1785404700000,1.4224,1.4241,1.4209,1.4241,4349
1785405600000,1.4215,1.4235,1.4208,1.4208,2655
1785406500000,1.4222,1.4265,1.4216,1.4248,39791
1785407400000,1.4261,1.4261,1.424,1.426,19694
1785408300000,1.426,1.4261,1.422,1.422,457
1785409200000,1.4223,1.4242,1.4218,1.4234,1561
1785410100000,1.4239,1.4279,1.4239,1.4265,2996
1785411000000,1.426,1.4333,1.426,1.4313,4765
1785411900000,1.4307,1.4359,1.4303,1.4314,1884
1785412800000,1.4318,1.434,1.4231,1.4231,4217
1785413700000,1.4233,1.4233,1.4169,1.4187,10377
1785414600000,1.4194,1.4204,1.4155,1.4155,4320
1785415500000,1.4154,1.4199,1.4154,1.4183,350
1785416400000,1.4178,1.4178,1.4101,1.4118,4705
1785417300000,1.4122,1.4145,1.4107,1.413,609
1785418200000,1.4125,1.414,1.4101,1.414,8892
1785419100000,1.4141,1.4214,1.4141,1.4194,32116
1785420000000,1.4195,1.4195,1.4143,1.4151,1068
1785420900000,1.4148,1.4169,1.4118,1.416,3501
1785421800000,1.4156,1.4175,1.4128,1.4133,2198
1785422700000,1.4136,1.4144,1.4089,1.4098,1949
1785423600000,1.41,1.413,1.41,1.4128,4043
1785424500000,1.4122,1.4166,1.412,1.4129,9382
1785425400000,1.4136,1.4168,1.4129,1.416,3726
1785426300000,1.4166,1.4167,1.4136,1.4159,944
1785427200000,1.4159,1.4174,1.4151,1.4167,2093
1785428100000,1.4159,1.4164,1.4137,1.4137,415
1785429000000,1.4146,1.4149,1.4118,1.4128,3082
1785429900000,1.4123,1.4187,1.4118,1.4155,14788
1785430800000,1.4169,1.4205,1.4152,1.4205,1021
1785431700000,1.4206,1.4222,1.4194,1.4202,6769
1785432600000,1.4198,1.4223,1.4172,1.4213,388
1785433500000,1.4208,1.4221,1.4193,1.4198,598
1785434400000,1.4203,1.423,1.42,1.4215,346
1785435300000,1.4207,1.423,1.4205,1.4223,793
1785436200000,1.4218,1.4227,1.4202,1.4207,386
1785437100000,1.4222,1.4222,1.4205,1.4205,1864
1785438000000,1.4212,1.4225,1.4187,1.421,4795
1785438900000,1.4199,1.4233,1.4199,1.4224,5808
1785439800000,1.4223,1.4223,1.4192,1.4209,14499
1785440700000,1.4205,1.4221,1.4189,1.42,6293
1785441600000,1.4191,1.4255,1.4159,1.4169,20653
1785442500000,1.4165,1.4174,1.4146,1.4151,10121
1785443400000,1.4153,1.4178,1.4148,1.4168,5195
1785444300000,1.4173,1.42,1.4146,1.4188,9218
1785445200000,1.4194,1.4239,1.4189,1.4221,3614
1785446100000,1.4226,1.4231,1.4208,1.4229,386
1785447000000,1.4229,1.4248,1.4222,1.4243,797
1785447900000,1.4232,1.4246,1.4223,1.4224,846
1785448800000,1.4225,1.4278,1.4223,1.4256,34499
1785449700000,1.4263,1.4288,1.4234,1.4288,3249
1785450600000,1.428,1.4295,1.4265,1.4295,1408
1785451500000,1.429,1.431,1.427,1.4302,5425
1785452400000,1.4306,1.4327,1.4282,1.4327,1596
1785453300000,1.433,1.4331,1.4313,1.432,1282
1785454200000,1.4318,1.4334,1.4288,1.4288,785
1785455100000,1.4255,1.4277,1.4246,1.4276,1896
1785456000000,1.4275,1.4307,1.4131,1.4179,35663
1785456900000,1.418,1.4184,1.415,1.4172,25523
1785457800000,1.4181,1.4194,1.4157,1.4194,2469
1785458700000,1.4194,1.4231,1.4178,1.422,3594
1785459600000,1.4237,1.4267,1.4216,1.4229,3618
1785460500000,1.4213,1.4252,1.4209,1.4237,1844
1785461400000,1.4243,1.4248,1.4198,1.4198,741
1785462300000,1.4198,1.4198,1.4118,1.4127,417
1785463200000,1.4128,1.4129,1.4118,1.4118,2468
1785464100000,1.41,1.41,1.4073,1.4084,1235
1785465000000,1.4061,1.4084,1.4029,1.4035,1762
1785465900000,1.4044,1.4066,1.4036,1.4045,1091
1785466800000,1.4052,1.4053,1.4015,1.4015,659
1785467700000,1.4024,1.4059,1.4024,1.4052,3922
1785468600000,1.4055,1.4055,1.4024,1.4039,286
1785469500000,1.4044,1.4075,1.4037,1.405,13711
1785470400000,1.4049,1.407,1.4041,1.4049,10329
1785471300000,1.4047,1.4054,1.4037,1.4054,10301
1785472200000,1.4054,1.4062,1.4019,1.4025,21306
1785473100000,1.4029,1.4037,1.4007,1.4021,9490
1785474000000,1.4021,1.4043,1.4018,1.4037,16272
1785474900000,1.4031,1.4043,1.4019,1.4019,1657
1785475800000,1.4024,1.4042,1.3988,1.4006,3498
1785476700000,1.4014,1.4036,1.4014,1.4029,386
1785477600000,1.403,1.4057,1.4017,1.4047,462
1785478500000,1.4058,1.4113,1.4055,1.4101,3663
1785479400000,1.4116,1.4116,1.405,1.406,3835
1785480300000,1.4051,1.4076,1.4031,1.407,272
1785481200000,1.406,1.406,1.3997,1.4014,1656
1785482100000,1.3997,1.4016,1.398,1.3986,12677
1785483000000,1.3995,1.4062,1.3995,1.4062,4491
1785483900000,1.4062,1.4062,1.3953,1.4014,5189
1785484800000,1.4013,1.4042,1.3995,1.4033,1678
1785485700000,1.4026,1.4026,1.3933,1.3959,10368
1785486600000,1.3945,1.395,1.3874,1.3932,5146
1785487500000,1.3925,1.3995,1.3924,1.3972,3942
1785488400000,1.3972,1.3977,1.3941,1.3971,4788
1785489300000,1.3971,1.3971,1.3921,1.3932,450
1785490200000,1.3924,1.3934,1.3897,1.3897,51817
1785491100000,1.3903,1.3943,1.389,1.3897,1743
1785492000000,1.3907,1.3927,1.3862,1.3912,4874
1785492900000,1.3912,1.3937,1.3906,1.3919,494
1785493800000,1.3926,1.3926,1.3908,1.3923,6287
1785494700000,1.391,1.3927,1.3898,1.3912,10911
1785495600000,1.3917,1.3934,1.3908,1.3934,7544
1785496500000,1.3916,1.3925,1.3909,1.3917,291
1785497400000,1.391,1.3917,1.3902,1.3909,271
1785498300000,1.391,1.391,1.389,1.3893,454
1785499200000,1.3901,1.3906,1.3875,1.3885,320
1785500100000,1.388,1.3907,1.388,1.3906,916
1785501000000,1.3893,1.3908,1.3867,1.3906,820
1785501900000,1.3893,1.3912,1.3893,1.3897,1747
1785502800000,1.3906,1.3916,1.3887,1.3907,462
1785503700000,1.3909,1.3937,1.3907,1.3915,291
1785504600000,1.3915,1.3935,1.3874,1.3888,1061
1785505500000,1.3894,1.3894,1.3846,1.3862,3630
1785506400000,1.3863,1.392,1.3802,1.392,5177
1785507300000,1.3918,1.3953,1.3809,1.3833,11833
1785508200000,1.3845,1.3895,1.3839,1.3843,3176
1785509100000,1.3834,1.3877,1.3832,1.3856,633
1785510000000,1.3849,1.3871,1.3839,1.3855,336
1785510900000,1.3865,1.3871,1.3834,1.3871,597
1785511800000,1.3867,1.3867,1.3832,1.3833,1767
1785512700000,1.3843,1.3853,1.3828,1.3842,10110
1785513600000,1.3831,1.3862,1.3828,1.3855,538
1785514500000,1.3855,1.3862,1.384,1.3856,979
1785515400000,1.3857,1.3858,1.3832,1.384,416
1785516300000,1.3845,1.3865,1.3845,1.3865,524
1785517200000,1.3871,1.389,1.3858,1.3871,2016
1785518100000,1.3864,1.3889,1.3864,1.388,3934
1785519000000,1.3867,1.3896,1.3867,1.3871,254
1785519900000,1.3876,1.3919,1.3874,1.3909,19461
1785520800000,1.3902,1.3923,1.3897,1.3902,392
1785521700000,1.3902,1.3903,1.3875,1.3881,362
1785522600000,1.3876,1.3881,1.3853,1.3861,374
1785523500000,1.3854,1.3914,1.3851,1.3879,95159
1785524400000,1.3896,1.3896,1.3855,1.3864,2521
1785525300000,1.3864,1.3866,1.385,1.386,1099
1785526200000,1.3856,1.3861,1.3837,1.3861,560
1785527100000,1.3867,1.3886,1.3867,1.3873,1358
1785528000000,1.3874,1.3876,1.3867,1.3876,22445
1785528900000,1.3876,1.3878,1.3868,1.3878,10018
1785529800000,1.3878,1.3881,1.3874,1.3881,31345
1785530700000,1.388,1.3894,1.3866,1.3885,102371
1785531600000,1.3887,1.3943,1.3881,1.3908,106500
1785532500000,1.3915,1.4,1.3915,1.3993,1653
1785533400000,1.3991,1.4005,1.3967,1.4005,856
1785534300000,1.4005,1.4063,1.4005,1.4059,406
1785535200000,1.4062,1.4062,1.3999,1.3999,458
1785536100000,1.3995,1.3995,1.3971,1.3979,442
1785537000000,1.3981,1.4088,1.3981,1.4064,954
1785537900000,1.4065,1.4065,1.4029,1.4033,277
1785538800000,1.4042,1.4051,1.4026,1.4031,511
1785539700000,1.402,1.4042,1.4019,1.4032,496
1785540600000,1.404,1.4052,1.4035,1.4035,372
1785541500000,1.4035,1.4068,1.4031,1.4046,645
1785542400000,1.405,1.4118,1.404,1.4072,6043
1785543300000,1.406,1.4088,1.406,1.408,3962
1785544200000,1.408,1.4084,1.4064,1.4064,5305
1785545100000,1.4064,1.4085,1.405,1.405,2976
1785546000000,1.4055,1.4076,1.4055,1.407,3940
1785546900000,1.407,1.4086,1.4059,1.4079,904
1785547800000,1.4083,1.4115,1.4065,1.4065,848
1785548700000,1.4064,1.4074,1.4058,1.4058,411
1785549600000,1.4062,1.4083,1.4059,1.4075,2236
1785550500000,1.4075,1.4106,1.4075,1.4101,488
1785551400000,1.4095,1.412,1.4082,1.4102,613
1785552300000,1.4098,1.4106,1.409,1.4095,349
1785553200000,1.4075,1.4077,1.4058,1.4063,396
1785554100000,1.4059,1.4067,1.4041,1.4041,1355
1785555000000,1.4041,1.4056,1.4041,1.4055,390
1785555900000,1.4054,1.4063,1.4051,1.4057,380
1785556800000,1.4053,1.4064,1.4045,1.4063,286
1785557700000,1.4063,1.4076,1.4052,1.4053,344
1785558600000,1.4053,1.4069,1.4051,1.4069,233
1785559500000,1.4068,1.407,1.406,1.4061,2226
1785560400000,1.4072,1.4091,1.407,1.4091,458
1785561300000,1.4088,1.4088,1.407,1.4073,603
1785562200000,1.4076,1.4078,1.3938,1.3941,10789
1785563100000,1.3924,1.3979,1.3924,1.3969,4266
1785564000000,1.3972,1.3972,1.3929,1.394,4729
1785564900000,1.3939,1.3962,1.3936,1.3958,1457
1785565800000,1.3957,1.3966,1.3944,1.3945,1076
1785566700000,1.3957,1.3957,1.3895,1.3931,3869
1785567600000,1.3934,1.3951,1.3934,1.395,18411
1785568500000,1.395,1.3951,1.3938,1.3943,15265
1785569400000,1.3943,1.3966,1.3936,1.3937,15825
1785570300000,1.3944,1.3946,1.3925,1.393,1144
1785571200000,1.3929,1.3954,1.3929,1.3947,5715
1785572100000,1.3947,1.3963,1.3944,1.3962,1970
1785573000000,1.3957,1.3969,1.3956,1.3963,574
1785573900000,1.3976,1.404,1.3974,1.4021,1083
1785574800000,1.4008,1.4022,1.3961,1.4005,4156
1785575700000,1.4017,1.4067,1.4017,1.4041,87475
1785576600000,1.4037,1.4051,1.4009,1.4009,4020
1785577500000,1.401,1.4018,1.3979,1.3982,345
1785578400000,1.3979,1.3982,1.3954,1.3969,2946
1785579300000,1.3966,1.3972,1.3955,1.3958,373
1785580200000,1.3955,1.3959,1.3939,1.3956,1604
1785581100000,1.3959,1.3968,1.3952,1.3967,967
1785582000000,1.3969,1.3971,1.3964,1.3971,439
1785582900000,1.3974,1.3983,1.3963,1.3971,1416
1785583800000,1.3971,1.3997,1.3967,1.3994,865
1785584700000,1.3995,1.3998,1.3983,1.3987,519
1785585600000,1.3987,1.3993,1.3965,1.3974,522
1785586500000,1.3973,1.3979,1.3964,1.3968,1001
1785587400000,1.3969,1.3971,1.3951,1.3951,758
1785588300000,1.3953,1.399,1.3953,1.3964,321
1785589200000,1.3964,1.398,1.3964,1.398,3416
1785590100000,1.398,1.3981,1.3964,1.3969,874
1785591000000,1.397,1.3987,1.3955,1.3976,1929
1785591900000,1.3966,1.3967,1.395,1.3966,392
1785592800000,1.3973,1.3998,1.3973,1.3973,2421
1785593700000,1.3972,1.3992,1.3972,1.3992,756
1785594600000,1.399,1.399,1.3974,1.3987,603
1785595500000,1.3975,1.3978,1.3965,1.397,401
1785596400000,1.3967,1.3985,1.3959,1.3961,6292
1785597300000,1.3961,1.3973,1.3957,1.3957,1813
1785598200000,1.3957,1.3977,1.3957,1.3957,555
1785599100000,1.3965,1.3976,1.3956,1.3975,233
1785600000000,1.3967,1.3977,1.3953,1.3963,4008
1785600900000,1.3969,1.3969,1.394,1.3952,759
1785601800000,1.3955,1.3955,1.3923,1.3931,8201
1785602700000,1.3928,1.3938,1.3901,1.3909,6022
1785603600000,1.3911,1.3931,1.3911,1.3917,1698
1785604500000,1.3917,1.3917,1.3841,1.389,92459
1785605400000,1.3895,1.3898,1.3865,1.3884,11689
1785606300000,1.3886,1.3913,1.3876,1.3906,9297
1785607200000,1.3894,1.3923,1.389,1.3919,4679
1785608100000,1.3903,1.3903,1.388,1.3883,3199
1785609000000,1.3851,1.3854,1.38,1.3825,20961
1785609900000,1.3824,1.3859,1.38,1.3859,14390
1785610800000,1.387,1.3881,1.3853,1.3876,2431
1785611700000,1.3864,1.3879,1.3854,1.3859,337
1785612600000,1.387,1.3879,1.3863,1.3872,3912
1785613500000,1.3883,1.3902,1.3879,1.3888,315
1785614400000,1.3884,1.39,1.3874,1.3899,1448
1785615300000,1.3899,1.3907,1.388,1.3881,427
1785616200000,1.3877,1.3887,1.3866,1.3878,1187
1785617100000,1.388,1.389,1.3875,1.3889,310
1785618000000,1.3888,1.3906,1.3888,1.3898,1195
1785618900000,1.39,1.3918,1.39,1.3903,495
1785619800000,1.3904,1.3915,1.3902,1.391,406
1785620700000,1.3906,1.3911,1.3894,1.391,335
1785621600000,1.3919,1.3928,1.3913,1.3928,366
1785622500000,1.3931,1.394,1.3901,1.3901,429
1785623400000,1.3901,1.3916,1.3894,1.3895,502
1785624300000,1.3895,1.3903,1.3887,1.3903,399
1785625200000,1.3903,1.3915,1.39,1.3902,551
1785626100000,1.39,1.3917,1.39,1.3902,433
1785627000000,1.3897,1.3922,1.3897,1.3922,1040
1785627900000,1.3919,1.3922,1.3909,1.3912,358
1785628800000,1.3917,1.3961,1.3916,1.395,3411
1785629700000,1.3946,1.3946,1.3918,1.3918,6644
1785630600000,1.3919,1.3925,1.3911,1.3912,788
1785631500000,1.3917,1.3928,1.3908,1.3928,2577
1785632400000,1.3929,1.396,1.3926,1.396,805
1785633300000,1.3959,1.3967,1.3952,1.3967,683
1785634200000,1.3962,1.3977,1.3962,1.397,896
1785635100000,1.3969,1.3972,1.3967,1.3971,3023
1785636000000,1.3968,1.4059,1.3968,1.4054,914
1785636900000,1.405,1.4066,1.4022,1.4027,3013
1785637800000,1.4027,1.4028,1.399,1.3994,255
1785638700000,1.4007,1.402,1.4002,1.4015,4317
1785639600000,1.4019,1.403,1.4013,1.4024,359
1785640500000,1.4027,1.403,1.4015,1.4015,329
1785641400000,1.4014,1.4021,1.4009,1.4012,1897
1785642300000,1.4017,1.4031,1.4001,1.402,475
1785643200000,1.4016,1.4059,1.4016,1.4033,19437
1785644100000,1.4036,1.404,1.4032,1.4032,349
1785645000000,1.4037,1.4039,1.4031,1.4034,275
1785645900000,1.4037,1.4077,1.4037,1.4074,394
1785646800000,1.4069,1.4091,1.4062,1.4063,2203
1785647700000,1.4065,1.4071,1.4048,1.4056,17136
1785648600000,1.4057,1.4057,1.403,1.4052,431
1785649500000,1.4049,1.4058,1.4049,1.4051,262
1785650400000,1.4054,1.4061,1.4049,1.4054,869
1785651300000,1.4056,1.4069,1.4049,1.4061,1881
1785652200000,1.4066,1.4072,1.4034,1.4071,1530
1785653100000,1.4072,1.4076,1.4052,1.4059,557
1785654000000,1.405,1.407,1.405,1.406,2044
1785654900000,1.4056,1.4061,1.4045,1.4051,1860
1785655800000,1.4051,1.4051,1.4041,1.4042,660
1785656700000,1.4042,1.4053,1.4042,1.4046,851
1785657600000,1.4047,1.4058,1.4045,1.4045,1291
1785658500000,1.4034,1.4036,1.4021,1.4026,228
1785659400000,1.4013,1.4026,1.4002,1.4021,311
1785660300000,1.4025,1.4025,1.4006,1.4011,237
1785661200000,1.4008,1.4048,1.4,1.4043,387
1785662100000,1.4045,1.4052,1.4042,1.4049,283
1785663000000,1.4049,1.406,1.4038,1.4038,272
1785663900000,1.4039,1.4047,1.4037,1.4037,287
1785664800000,1.4038,1.4043,1.4036,1.404,217
1785665700000,1.4044,1.4045,1.4009,1.4014,671
1785666600000,1.4023,1.4043,1.4019,1.4041,482
1785667500000,1.4044,1.4047,1.404,1.4046,335
1785668400000,1.4042,1.4048,1.403,1.4038,880
1785669300000,1.4042,1.4045,1.4027,1.4031,1121
1785670200000,1.4033,1.405,1.4026,1.403,2126
1785671100000,1.4037,1.4058,1.4029,1.4029,7614
1785672000000,1.4042,1.4078,1.4042,1.4078,5799
1785672900000,1.4074,1.4093,1.4046,1.4057,4648
1785673800000,1.4056,1.4056,1.4032,1.4044,3171
1785674700000,1.4059,1.4068,1.4052,1.4068,1628
1785675600000,1.406,1.4071,1.4056,1.4059,7606
1785676500000,1.4059,1.4071,1.4047,1.4047,555
1785677400000,1.4045,1.4049,1.4027,1.4049,564
1785678300000,1.4045,1.407,1.4045,1.4067,2087
1785679200000,1.4072,1.4085,1.4067,1.4078,334
1785680100000,1.4078,1.4101,1.4078,1.409,398
1785681000000,1.409,1.4103,1.4089,1.4096,510
1785681900000,1.4096,1.4102,1.4096,1.4097,369
1785682800000,1.4093,1.4109,1.4086,1.4099,7269
1785683700000,1.4098,1.4115,1.4098,1.41,713
1785684600000,1.4103,1.4147,1.4101,1.4142,5877
1785685500000,1.4143,1.4152,1.4137,1.4137,6448
1785686400000,1.4142,1.4146,1.4125,1.413,7979
1785687300000,1.4124,1.4132,1.4114,1.4114,2267
1785688200000,1.412,1.4164,1.412,1.415,546
1785689100000,1.4145,1.4151,1.414,1.4146,541
1785690000000,1.4137,1.4147,1.4126,1.4147,7451
1785690900000,1.4148,1.4156,1.4139,1.4155,1010
1785691800000,1.4162,1.4179,1.4162,1.4175,260
1785692700000,1.4175,1.4178,1.4162,1.4178,350
1785693600000,1.4175,1.4179,1.4169,1.4177,794
1785694500000,1.4173,1.4182,1.4168,1.4179,657
1785695400000,1.4179,1.4225,1.4179,1.422,574
1785696300000,1.422,1.422,1.4179,1.4179,369
1785697200000,1.4173,1.4215,1.4172,1.421,376
1785698100000,1.4213,1.4217,1.4197,1.4197,313
1785699000000,1.4203,1.4205,1.4197,1.4198,367
1785699900000,1.4203,1.4206,1.4198,1.4205,461
1785700800000,1.4206,1.4218,1.4201,1.4205,338
1785701700000,1.4218,1.4219,1.4192,1.4198,602
1785702600000,1.4192,1.4208,1.4192,1.4206,253
1785703500000,1.4201,1.4225,1.4201,1.4223,533
1785704400000,1.4224,1.4241,1.4214,1.4234,3487
1785705300000,1.4235,1.4245,1.4218,1.4245,272
1785706200000,1.4245,1.4272,1.424,1.4263,1588
1785707100000,1.4265,1.4273,1.4246,1.4246,787
1785708000000,1.4253,1.4276,1.4253,1.427,232
1785708900000,1.4275,1.4285,1.4245,1.425,4530
1785709800000,1.4252,1.4253,1.4222,1.4237,3817
1785710700000,1.4246,1.4247,1.4219,1.4221,4200
1785711600000,1.4222,1.424,1.4199,1.4199,672
1785712500000,1.42,1.4239,1.42,1.4234,264
1785713400000,1.4232,1.4247,1.4222,1.4242,252
1785714300000,1.4249,1.4269,1.4245,1.4269,371
1785715200000,1.4265,1.4279,1.4145,1.4146,23615
1785716100000,1.4152,1.4163,1.4138,1.4147,9836
1785717000000,1.4148,1.4171,1.4148,1.4164,773
1785717900000,1.4162,1.4162,1.4145,1.416,683
1785718800000,1.4146,1.4172,1.4142,1.4167,1465
1785719700000,1.4164,1.4193,1.4155,1.4173,1253
1785720600000,1.4181,1.4182,1.4158,1.4174,349
1785721500000,1.4173,1.4173,1.4097,1.4107,1596
1785722400000,1.4102,1.4109,1.4086,1.4096,373
1785723300000,1.4105,1.4155,1.4105,1.4123,601
1785724200000,1.412,1.415,1.4107,1.4122,2710
1785725100000,1.4119,1.4122,1.406,1.4071,2210
1785726000000,1.4076,1.4103,1.4076,1.409,6949
1785726900000,1.4088,1.4098,1.4086,1.4086,328
1785727800000,1.4089,1.4095,1.4082,1.4094,3804
1785728700000,1.409,1.409,1.4058,1.4058,643
1785729600000,1.4054,1.4071,1.4024,1.4028,1289
1785730500000,1.4023,1.4045,1.4023,1.4045,257
1785731400000,1.4051,1.4062,1.405,1.406,209
1785732300000,1.4042,1.4044,1.3989,1.3999,3309
1785733200000,1.4004,1.4017,1.4,1.4015,1090
1785734100000,1.4013,1.4015,1.4004,1.401,387
1785735000000,1.4016,1.402,1.4006,1.4012,867
1785735900000,1.4015,1.4021,1.4006,1.4015,580
1785736800000,1.4014,1.4019,1.4004,1.4016,1269
1785737700000,1.4016,1.4018,1.3992,1.4,408
1785738600000,1.4004,1.401,1.399,1.399,2381
1785739500000,1.3977,1.3995,1.3977,1.398,397
1785740400000,1.3979,1.3985,1.3972,1.3983,432
1785741300000,1.3974,1.401,1.3965,1.401,799
1785742200000,1.401,1.4023,1.4005,1.4007,284
1785743100000,1.3993,1.4024,1.3993,1.4024,734
1785744000000,1.4011,1.4025,1.4004,1.4006,2002
1785744900000,1.4006,1.4006,1.3935,1.3935,3676
1785745800000,1.3927,1.3981,1.3927,1.3967,3096
1785746700000,1.3971,1.3992,1.3968,1.3992,576
1785747600000,1.3989,1.3989,1.3967,1.3984,1390
1785748500000,1.3982,1.4012,1.3982,1.3997,387
1785749400000,1.4,1.4034,1.3997,1.401,1802
1785750300000,1.401,1.4039,1.4008,1.4036,2065
1785751200000,1.404,1.404,1.4008,1.402,1376
1785752100000,1.4024,1.4032,1.4016,1.4026,478
1785753000000,1.4021,1.4029,1.4003,1.4016,17311
1785753900000,1.4008,1.4008,1.398,1.3999,3127
1785754800000,1.3997,1.3997,1.3974,1.3983,642
1785755700000,1.3985,1.4004,1.398,1.398,9228
1785756600000,1.398,1.3993,1.3969,1.3974,1301
1785757500000,1.3971,1.3988,1.3959,1.3959,13854
1785758400000,1.3959,1.397,1.3937,1.397,3259
1785759300000,1.3973,1.3983,1.3969,1.3971,488
1785760200000,1.3974,1.399,1.397,1.399,400
1785761100000,1.3988,1.3993,1.395,1.3958,615
1785762000000,1.3973,1.3984,1.397,1.3983,370
1785762900000,1.3984,1.4025,1.3964,1.3964,5098
1785763800000,1.3966,1.4024,1.3937,1.4005,48370
1785764700000,1.4001,1.4043,1.3992,1.4015,25726
1785765600000,1.4015,1.4029,1.3993,1.3996,2460
1785766500000,1.3996,1.4017,1.3971,1.3997,12863
1785767400000,1.399,1.3999,1.3961,1.3998,24302
1785768300000,1.4002,1.4077,1.3997,1.407,14718
1785769200000,1.407,1.409,1.4049,1.4058,20938
1785770100000,1.4059,1.4089,1.4056,1.4063,12504
1785771000000,1.406,1.4092,1.4057,1.4073,10446
1785771900000,1.407,1.4092,1.4058,1.4065,15491
1785772800000,1.4071,1.4104,1.4069,1.4078,11306
1785773700000,1.4078,1.4109,1.4077,1.4096,6217
1785774600000,1.408,1.4086,1.4057,1.4067,6626
1785775500000,1.4072,1.4107,1.4072,1.4092,9891
1785776400000,1.4092,1.4098,1.4078,1.4088,2863
1785777300000,1.4092,1.4132,1.4087,1.4091,15919
1785778200000,1.4091,1.4133,1.4067,1.4091,14187
1785779100000,1.4085,1.4088,1.4061,1.4087,1089
1785780000000,1.409,1.4116,1.409,1.4112,5084
1785780900000,1.4122,1.4144,1.4111,1.4111,74498
1785781800000,1.4121,1.4128,1.4113,1.4118,1003
1785782700000,1.4118,1.4118,1.4085,1.4085,800
1785783600000,1.4093,1.4131,1.4093,1.4115,663
1785784500000,1.4125,1.4138,1.4122,1.4131,321
1785785400000,1.4127,1.4158,1.4124,1.4136,996
1785786300000,1.4137,1.4147,1.4125,1.4145,17994
1785787200000,1.4148,1.4168,1.4136,1.4154,1055
1785788100000,1.4154,1.4181,1.4154,1.4172,5258
1785789000000,1.4173,1.4201,1.417,1.42,632
1785789900000,1.4171,1.4172,1.416,1.417,4197
1785790800000,1.4167,1.4182,1.4161,1.4182,1060
1785791700000,1.4177,1.4194,1.4172,1.4193,1639
1785792600000,1.4193,1.4198,1.4176,1.4179,4211
1785793500000,1.4179,1.418,1.4152,1.4156,783
1785794400000,1.416,1.416,1.4098,1.414,2118
1785795300000,1.414,1.4161,1.4124,1.4141,3514
1785796200000,1.4141,1.4145,1.4133,1.4142,300
1785797100000,1.4139,1.4151,1.4136,1.4138,306
1785798000000,1.4138,1.4141,1.4118,1.4141,558
1785798900000,1.4141,1.4151,1.4116,1.4116,869
1785799800000,1.411,1.4133,1.4103,1.4118,3029
1785800700000,1.4119,1.4133,1.4119,1.4133,409
1785801600000,1.4132,1.4158,1.4111,1.4123,5036
1785802500000,1.411,1.4115,1.4094,1.4098,6098
1785803400000,1.41,1.41,1.4058,1.407,3761
1785804300000,1.4078,1.4097,1.2925,1.3046,1618476
1785805200000,1.3047,1.3473,1.3023,1.3415,1514314
1785806100000,1.3406,1.3416,1.3163,1.3265,1002321
1785807000000,1.3323,1.391,1.3323,1.3729,1724077
1785807900000,1.3752,1.4077,1.3716,1.3967,672626
1785808800000,1.3968,1.3971,1.3642,1.3674,479460
1785809700000,1.3664,1.3822,1.3521,1.379,293293
1785810600000,1.3776,1.4,1.3695,1.3909,560590
1785811500000,1.3908,1.3933,1.3808,1.3908,195935
1785812400000,1.3906,1.3954,1.3853,1.3944,5002
1785813300000,1.3944,1.3978,1.3899,1.3959,43419
1785814200000,1.3964,1.4014,1.396,1.3969,51921
1785815100000,1.3968,1.3978,1.3908,1.3967,35910
1785816000000,1.3961,1.3962,1.3913,1.3929,24420
1785816900000,1.3936,1.3963,1.3898,1.3953,23253
1785817800000,1.3961,1.3977,1.3915,1.3947,39013
1785818700000,1.3949,1.3961,1.3869,1.3961,54784
1785819600000,1.3956,1.3967,1.39,1.39,10275
1785820500000,1.3887,1.3887,1.3856,1.3858,10462
1785821400000,1.3858,1.3902,1.3844,1.3902,9748
1785822300000,1.3902,1.3902,1.3876,1.3884,3110
1785823200000,1.3884,1.3893,1.3857,1.3857,5552
1785824100000,1.3857,1.3903,1.3857,1.3873,5554
1785825000000,1.3867,1.3884,1.3792,1.3866,5818
1785825900000,1.3866,1.3876,1.3832,1.3834,3353
1785826800000,1.3836,1.3842,1.381,1.3842,10174
1785827700000,1.3843,1.3897,1.3823,1.3869,3377
1785828600000,1.3897,1.3972,1.3868,1.3906,7816
1785829500000,1.3913,1.402,1.3877,1.3996,9323
1785830400000,1.3993,1.402,1.396,1.4013,108464
1785831300000,1.4013,1.4013,1.3908,1.392,43506
1785832200000,1.392,1.3964,1.3832,1.3852,29326
1785833100000,1.3861,1.3888,1.3828,1.3833,9187
1785834000000,1.3836,1.3858,1.3827,1.3838,9533
1785834900000,1.3839,1.3857,1.3825,1.3855,3631
1785835800000,1.3862,1.3877,1.3827,1.3837,13299
1785836700000,1.3837,1.3861,1.3829,1.3829,4260
1785837600000,1.3824,1.3843,1.379,1.3839,22524
1785838500000,1.3838,1.3915,1.3804,1.3829,35030
1785839400000,1.3839,1.3842,1.377,1.3829,14398
1785840300000,1.3831,1.3863,1.3831,1.3839,2367
1785841200000,1.3833,1.3834,1.3816,1.3823,1964
1785842100000,1.3818,1.3873,1.3816,1.3865,1107
1785843000000,1.3869,1.391,1.3848,1.3849,44876
1785843900000,1.3855,1.3884,1.3834,1.3834,31392
1785844800000,1.3847,1.3847,1.3832,1.3832,410
1785845700000,1.3827,1.3827,1.3774,1.3774,12796
1785846600000,1.3775,1.3847,1.3771,1.3832,15525
1785847500000,1.3802,1.384,1.379,1.3814,2658
1785848400000,1.3821,1.3823,1.3801,1.3801,344
1785849300000,1.3785,1.3791,1.3713,1.3787,12551
1785850200000,1.376,1.3841,1.3759,1.3814,3055
1785851100000,1.3816,1.3816,1.371,1.3727,10456
1785852000000,1.3703,1.3762,1.3703,1.3719,4960
1785852900000,1.3715,1.3746,1.3689,1.3746,4390
1785853800000,1.3739,1.3811,1.3739,1.3801,1118
1785854700000,1.3795,1.3821,1.3659,1.3788,144133
1785855600000,1.3782,1.3833,1.3782,1.3789,2930
1785856500000,1.3794,1.386,1.3751,1.3835,40041
1785857400000,1.3839,1.3933,1.3831,1.3906,35110
1785858300000,1.3892,1.3935,1.3884,1.3913,29808
1785859200000,1.3912,1.3912,1.3855,1.3868,24198
1785860100000,1.3868,1.3884,1.3847,1.3847,10489
1785861000000,1.3849,1.3867,1.383,1.3864,2705
1785861900000,1.3865,1.3892,1.3863,1.3874,2912
1785862800000,1.3876,1.3935,1.3872,1.3902,9138
1785863700000,1.3902,1.3932,1.3899,1.3932,24622
1785864600000,1.3928,1.3935,1.3919,1.3933,1713
1785865500000,1.3933,1.3943,1.389,1.3919,6408
1785866400000,1.3927,1.3935,1.3899,1.3934,23286
1785867300000,1.3934,1.3934,1.3903,1.3915,15399
1785868200000,1.3915,1.393,1.3888,1.3914,38299
1785869100000,1.3917,1.3917,1.389,1.3902,2510
1785870000000,1.3909,1.3957,1.3906,1.3955,12042
1785870900000,1.3957,1.3957,1.3935,1.3936,1752
1785871800000,1.3937,1.3944,1.391,1.3922,34560
1785872700000,1.3924,1.3932,1.3912,1.3915,2510
1785873600000,1.3915,1.3915,1.3872,1.3872,5452
1785874500000,1.3864,1.3866,1.3832,1.3841,24193
1785875400000,1.385,1.3903,1.3844,1.3895,69203
1785876300000,1.3896,1.3903,1.3884,1.389,109150
1785877200000,1.39,1.3922,1.388,1.3881,40961
1785878100000,1.3889,1.392,1.3881,1.3915,47410
1785879000000,1.3919,1.3927,1.3912,1.3917,38595
1785879900000,1.3922,1.3935,1.3918,1.3929,39861
1785880800000,1.3943,1.3961,1.3918,1.3947,49456
1785881700000,1.3954,1.3966,1.3936,1.3964,46701
1785882600000,1.3966,1.397,1.3955,1.3969,53819
1785883500000,1.3968,1.3995,1.3968,1.3993,36485
1785884400000,1.3982,1.3982,1.3944,1.397,22991
1785885300000,1.3963,1.3963,1.3933,1.3933,1546
1785886200000,1.3933,1.3933,1.3909,1.3926,2629
1785887100000,1.3916,1.3919,1.3904,1.3913,661
1785888000000,1.3907,1.3944,1.3834,1.3925,15546
1785888900000,1.3925,1.3926,1.3903,1.3903,14560
1785889800000,1.3904,1.3948,1.3889,1.3889,14016
1785890700000,1.3893,1.3893,1.3876,1.3883,2048
1785891600000,1.3878,1.3904,1.3878,1.3901,799
1785892500000,1.3903,1.3955,1.3895,1.392,15766
1785893400000,1.3928,1.3972,1.3928,1.393,13543
1785894300000,1.3929,1.3999,1.3925,1.3988,20641
1785895200000,1.3985,1.3992,1.3974,1.3985,6865
1785896100000,1.3985,1.3985,1.3947,1.3962,1032
1785897000000,1.3961,1.3964,1.3947,1.395,2457
1785897900000,1.3954,1.3955,1.3938,1.3938,11570
1785898800000,1.3938,1.3953,1.3917,1.3931,1610
1785899700000,1.3929,1.3929,1.3876,1.3878,3829
1785900600000,1.388,1.3913,1.3877,1.3893,4024
1785901500000,1.3893,1.3902,1.3887,1.3896,2519
1785902400000,1.3894,1.3894,1.3848,1.3872,29012
1785903300000,1.3876,1.3877,1.3861,1.3872,16747
1785904200000,1.3885,1.3885,1.3868,1.3871,1125
1785905100000,1.3866,1.3866,1.3835,1.3854,3590
1785906000000,1.3851,1.3895,1.3847,1.3888,6825
1785906900000,1.3894,1.3915,1.3885,1.3913,1085
1785907800000,1.3914,1.3914,1.3886,1.3888,707
1785908700000,1.3887,1.3906,1.3883,1.3888,1011
1785909600000,1.3883,1.389,1.3857,1.3857,2316
1785910500000,1.3864,1.3923,1.386,1.3912,16719
1785911400000,1.3918,1.3918,1.3892,1.3903,1091
1785912300000,1.3908,1.3916,1.3885,1.39,1658
1785913200000,1.3906,1.3914,1.3872,1.3873,1310
1785914100000,1.3874,1.389,1.3866,1.389,766
1785915000000,1.3887,1.3894,1.3833,1.3833,351
1785915900000,1.3839,1.3867,1.3837,1.3856,1008
1785916800000,1.3871,1.3877,1.3863,1.3863,1333
1785917700000,1.386,1.3893,1.3847,1.3893,19266
1785918600000,1.3887,1.3899,1.3871,1.3872,2078
1785919500000,1.3871,1.3901,1.3868,1.3897,461
1785920400000,1.3902,1.3916,1.3898,1.3905,7823
1785921300000,1.3908,1.3908,1.3887,1.3887,304
1785922200000,1.3886,1.3901,1.387,1.3874,652
1785923100000,1.3874,1.3885,1.3868,1.3871,348
1785924000000,1.3874,1.39,1.3859,1.3887,847
1785924900000,1.3884,1.3906,1.3879,1.3896,7636
1785925800000,1.3898,1.3898,1.3876,1.3879,470
1785926700000,1.3882,1.3882,1.386,1.3863,4294
1785927600000,1.3881,1.3901,1.387,1.3884,36131
1785928500000,1.3884,1.3891,1.3842,1.3856,671
1785929400000,1.3845,1.3881,1.3845,1.3866,355
1785930300000,1.3873,1.3877,1.3856,1.3877,3075
1785931200000,1.3869,1.3887,1.3869,1.3876,485
1785932100000,1.3875,1.3975,1.3875,1.395,1728
1785933000000,1.3953,1.3988,1.3928,1.3951,7126
1785933900000,1.3944,1.3944,1.3904,1.392,1180
1785934800000,1.3941,1.3978,1.3935,1.3959,1526
1785935700000,1.3964,1.3973,1.3956,1.3965,1069
1785936600000,1.3974,1.3974,1.3886,1.3889,21772
1785937500000,1.3874,1.3934,1.3873,1.3928,660
1785938400000,1.3922,1.3959,1.3918,1.3949,705
1785939300000,1.3948,1.3956,1.3931,1.3939,754
1785940200000,1.3925,1.3945,1.3919,1.394,5998
1785941100000,1.3938,1.3959,1.3919,1.3957,726
1785942000000,1.3957,1.3971,1.3946,1.3959,977
1785942900000,1.3954,1.3968,1.3941,1.3952,302
1785943800000,1.3963,1.4012,1.3961,1.3997,5761
1785944700000,1.3994,1.4001,1.395,1.396,528
1785945600000,1.3951,1.4048,1.3951,1.4044,13603
1785946500000,1.4039,1.4043,1.401,1.404,632
1785947400000,1.4037,1.4037,1.4011,1.402,1108
1785948300000,1.4011,1.4011,1.3989,1.4011,1642
1785949200000,1.4011,1.4034,1.3995,1.4007,24678
1785950100000,1.4,1.4068,1.3985,1.4049,25946
1785951000000,1.4056,1.408,1.4049,1.4073,18145
1785951900000,1.4068,1.4088,1.4063,1.4063,13182
1785952800000,1.4071,1.4075,1.4027,1.4044,3728
1785953700000,1.4059,1.4064,1.4037,1.4054,564
1785954600000,1.4063,1.4079,1.4044,1.4079,1749
1785955500000,1.4083,1.4085,1.4073,1.4073,411
1785956400000,1.4059,1.4096,1.4059,1.4076,15245
1785957300000,1.4072,1.4112,1.4042,1.409,208549
1785958200000,1.4099,1.411,1.4082,1.4091,1042
1785959100000,1.4098,1.4098,1.4053,1.4076,17198
1785960000000,1.4074,1.4131,1.4067,1.4131,30553
1785960900000,1.4112,1.4134,1.4097,1.4134,21989
1785961800000,1.4113,1.414,1.41,1.4132,15671
1785962700000,1.4132,1.4132,1.4091,1.4102,5337
1785963600000,1.4078,1.4078,1.4032,1.4032,52246
1785964500000,1.4037,1.4038,1.401,1.4012,25929
1785965400000,1.4013,1.4031,1.401,1.4022,3673
1785966300000,1.4019,1.4036,1.4019,1.4035,386
1785967200000,1.4032,1.4047,1.4032,1.4035,513
1785968100000,1.4035,1.4039,1.3997,1.4015,4334
1785969000000,1.4016,1.4025,1.4006,1.4018,1116
1785969900000,1.4018,1.4018,1.3991,1.4003,354
1785970800000,1.3999,1.4009,1.3992,1.4004,561
1785971700000,1.3997,1.4033,1.3997,1.403,452
1785972600000,1.4031,1.404,1.4028,1.4028,996
1785973500000,1.4018,1.4031,1.4011,1.4029,1323
1785974400000,1.4025,1.405,1.3914,1.401,26545
1785975300000,1.4006,1.4052,1.4006,1.4032,17485
1785976200000,1.4025,1.4026,1.4005,1.401,24744
1785977100000,1.401,1.401,1.3993,1.4007,434
1785978000000,1.3984,1.401,1.3965,1.3965,1978
1785978900000,1.3965,1.3967,1.3933,1.394,785
1785979800000,1.3924,1.3936,1.3908,1.3922,1494
1785980700000,1.3916,1.3935,1.3911,1.3914,528
1785981600000,1.3913,1.3935,1.3902,1.3912,1813
1785982500000,1.3909,1.391,1.3886,1.3898,3075
1785983400000,1.3902,1.3922,1.3891,1.3922,919
1785984300000,1.392,1.392,1.389,1.3893,862
1785985200000,1.3897,1.3921,1.3897,1.3906,19949
1785986100000,1.3906,1.3911,1.3898,1.3899,16596
1785987000000,1.3903,1.3914,1.3896,1.3905,9144
1785987900000,1.3912,1.3919,1.3885,1.3917,1908
1785988800000,1.3916,1.3916,1.3886,1.3903,4407
1785989700000,1.3903,1.3933,1.3903,1.3928,1792
1785990600000,1.3929,1.3952,1.3923,1.3935,1702
1785991500000,1.3926,1.3948,1.3923,1.3948,2345
1785992400000,1.3948,1.4001,1.3944,1.3978,1237
1785993300000,1.3975,1.3992,1.3961,1.3964,2500
1785994200000,1.3964,1.3978,1.395,1.3971,6634
1785995100000,1.3971,1.3976,1.3959,1.3976,510
1785996000000,1.3974,1.3975,1.3947,1.3959,1663
1785996900000,1.3957,1.398,1.3939,1.398,612
1785997800000,1.3984,1.3984,1.3964,1.3969,5202
1785998700000,1.3973,1.3994,1.3959,1.3979,1649
1785999600000,1.396,1.396,1.3953,1.3953,271
1786000500000,1.3953,1.3969,1.3947,1.3968,382
1786001400000,1.3968,1.3998,1.3924,1.3949,928
1786002300000,1.396,1.3965,1.3934,1.3941,1426
1786003200000,1.3943,1.3953,1.3921,1.3923,292
1786004100000,1.3933,1.3935,1.3909,1.3929,470
1786005000000,1.3932,1.3943,1.3932,1.3935,760
1786005900000,1.3938,1.3977,1.3938,1.3977,654
1786006800000,1.3974,1.3974,1.3904,1.3904,1432
1786007700000,1.3907,1.3907,1.388,1.3888,3628
1786008600000,1.3887,1.3887,1.3746,1.3746,15300
1786009500000,1.3796,1.3815,1.378,1.3814,685
1786010400000,1.3809,1.3809,1.3768,1.3783,812
1786011300000,1.3779,1.3811,1.3772,1.3806,1182
1786012200000,1.3804,1.3805,1.3788,1.3788,611
1786013100000,1.3789,1.3801,1.3787,1.3798,448
1786014000000,1.3798,1.3814,1.3787,1.3799,6696
1786014900000,1.3799,1.3832,1.3799,1.3821,6634
1786015800000,1.3822,1.385,1.3821,1.384,6817
1786016700000,1.3835,1.3837,1.3818,1.3826,320
1786017600000,1.3817,1.3817,1.3785,1.3791,2113
1786018500000,1.3789,1.3817,1.3782,1.3808,396
1786019400000,1.3807,1.3817,1.3798,1.3798,1517
1786020300000,1.38,1.38,1.3755,1.3755,1180
1786021200000,1.3755,1.3785,1.3732,1.3768,31183
1786022100000,1.3773,1.3783,1.3744,1.3783,8703
1786023000000,1.3747,1.38,1.3745,1.3787,41820
1786023900000,1.3785,1.379,1.3774,1.379,1984
1786024800000,1.377,1.3801,1.377,1.3785,3917
1786025700000,1.3781,1.3802,1.3749,1.377,21359
1786026600000,1.377,1.3845,1.3767,1.3827,14956
1786027500000,1.3817,1.3824,1.3803,1.382,3993
1786028400000,1.3818,1.3848,1.3818,1.383,10721
1786029300000,1.3848,1.3849,1.3823,1.3838,1932
1786030200000,1.384,1.385,1.3821,1.3821,4666
1786031100000,1.3826,1.3851,1.3799,1.3809,8057
1786032000000,1.3811,1.3825,1.3808,1.381,2180
1786032900000,1.3798,1.3812,1.3798,1.3809,3485
1786033800000,1.3812,1.384,1.38,1.3827,8245
1786034700000,1.3819,1.3839,1.3819,1.383,1350
1786035600000,1.3839,1.3862,1.3831,1.3831,7815
1786036500000,1.3824,1.3869,1.3813,1.3836,7310
1786037400000,1.3829,1.3875,1.3826,1.3861,5260
1786038300000,1.3859,1.3902,1.3849,1.386,15587
1786039200000,1.3854,1.3854,1.383,1.3848,4023
1786040100000,1.3858,1.387,1.3846,1.3868,3633
1786041000000,1.3861,1.3863,1.382,1.382,1960
1786041900000,1.3817,1.3818,1.3764,1.3772,7735
1786042800000,1.3781,1.379,1.3769,1.3781,3360
1786043700000,1.3784,1.3786,1.3764,1.3768,854
1786044600000,1.3756,1.3784,1.3745,1.3767,26498
1786045500000,1.3768,1.3784,1.3763,1.3766,659
1786046400000,1.3765,1.3776,1.3758,1.3758,5050
1786047300000,1.376,1.3773,1.3754,1.3761,3962
1786048200000,1.3759,1.3771,1.3753,1.3753,1724
1786049100000,1.3757,1.3757,1.374,1.3741,293
1786050000000,1.3745,1.3778,1.3724,1.3745,5433
1786050900000,1.3748,1.3771,1.3748,1.3766,2979
1786051800000,1.3764,1.3782,1.3754,1.3756,4654
1786052700000,1.3746,1.3758,1.3744,1.3758,331
1786053600000,1.3756,1.3802,1.3755,1.3776,5569
1786054500000,1.3788,1.3795,1.3743,1.3743,2207
1786055400000,1.3749,1.3755,1.3728,1.3728,1081
1786056300000,1.3733,1.3746,1.3724,1.3726,622
1786057200000,1.3726,1.3735,1.3684,1.3708,3059
1786058100000,1.371,1.3716,1.3676,1.3691,1229
1786059000000,1.3695,1.3705,1.3675,1.3675,377
1786059900000,1.3675,1.3694,1.3665,1.3677,933
1786060800000,1.368,1.3715,1.3667,1.3667,15060
1786061700000,1.3662,1.3662,1.3645,1.3659,11031
1786062600000,1.3653,1.3678,1.3638,1.3649,6403
1786063500000,1.365,1.3698,1.365,1.3675,5742
1786064400000,1.3694,1.373,1.3688,1.3695,3052
1786065300000,1.3695,1.3695,1.3665,1.3669,2423
1786066200000,1.3669,1.3677,1.3618,1.3629,3915
1786067100000,1.3632,1.3638,1.3585,1.3604,5405
1786068000000,1.3599,1.3599,1.3543,1.3582,4798
1786068900000,1.3584,1.3603,1.3527,1.3538,5836
1786069800000,1.353,1.3546,1.3519,1.3535,3295
1786070700000,1.354,1.3551,1.3533,1.3551,3764
1786071600000,1.3546,1.3547,1.3527,1.353,1250
1786072500000,1.353,1.3536,1.334,1.3385,91954
1786073400000,1.3391,1.341,1.3155,1.3224,65383
1786074300000,1.3224,1.3224,1.302,1.3161,54816
1786075200000,1.3176,1.3237,1.3162,1.3212,23137
1786076100000,1.3223,1.3327,1.3184,1.3278,56263
1786077000000,1.3265,1.3306,1.3255,1.3296,37721
1786077900000,1.33,1.333,1.3261,1.3322,29837
1786078800000,1.3322,1.3328,1.3304,1.3306,9667
1786079700000,1.3308,1.3347,1.3308,1.3329,11670
1786080600000,1.3334,1.3335,1.3302,1.3332,18512
1786081500000,1.3336,1.339,1.3332,1.3366,18489
1786082400000,1.3362,1.3402,1.3361,1.3389,7415
1786083300000,1.3394,1.3415,1.3371,1.3401,4900
1786084200000,1.3401,1.346,1.3395,1.346,5762
1786085100000,1.3449,1.3458,1.339,1.339,1399
1786086000000,1.3401,1.3415,1.3397,1.3398,2845
1786086900000,1.3401,1.3426,1.3393,1.3397,5880
1786087800000,1.3399,1.3424,1.3397,1.3402,2143
1786088700000,1.3402,1.3409,1.3388,1.3388,3694
1786089600000,1.3385,1.3389,1.3362,1.3367,12441
1786090500000,1.3365,1.3382,1.3356,1.3378,13321
1786091400000,1.3378,1.34,1.3366,1.34,7155
1786092300000,1.3399,1.34,1.3339,1.3339,1129
1786093200000,1.3346,1.3376,1.3332,1.3376,77393
1786094100000,1.338,1.3388,1.3332,1.3372,7492
1786095000000,1.3352,1.3403,1.3348,1.3403,5515
1786095900000,1.3407,1.3409,1.3384,1.3397,1172
1786096800000,1.339,1.3455,1.3385,1.3416,6796
1786097700000,1.342,1.3424,1.3397,1.3406,1633
1786098600000,1.3406,1.3418,1.3373,1.3379,3077
1786099500000,1.3376,1.3399,1.3363,1.3375,1432
1786100400000,1.3371,1.3398,1.336,1.3367,1681
1786101300000,1.3366,1.3413,1.3354,1.3411,7683
1786102200000,1.3401,1.341,1.338,1.3393,5025
1786103100000,1.3393,1.3405,1.3381,1.3405,6293
1786104000000,1.3403,1.3449,1.3393,1.3414,11041
1786104900000,1.341,1.3415,1.3355,1.3355,8684
1786105800000,1.3374,1.3415,1.3311,1.3348,79824
1786106700000,1.3352,1.3379,1.3348,1.3357,9136
1786107600000,1.3367,1.3367,1.3346,1.3353,3329
1786108500000,1.3343,1.3367,1.334,1.3352,2232
1786109400000,1.3348,1.3397,1.3348,1.3394,6577
1786110300000,1.339,1.3421,1.3379,1.3407,15730
1786111200000,1.3407,1.3414,1.3373,1.3379,5415
1786112100000,1.3378,1.3416,1.3378,1.3406,761
1786113000000,1.3394,1.3406,1.3385,1.3391,1058
1786113900000,1.3377,1.3396,1.3355,1.3368,15783
1786114800000,1.3375,1.3375,1.3339,1.3359,6582
1786115700000,1.3362,1.3363,1.3309,1.3323,15454
1786116600000,1.3318,1.3326,1.3295,1.3301,21626
1786117500000,1.3299,1.3334,1.3284,1.333,12744
1786118400000,1.3326,1.339,1.3326,1.337,7001
1786119300000,1.3373,1.3384,1.3277,1.3277,6298
1786120200000,1.3262,1.3321,1.3246,1.3315,12276
1786121100000,1.331,1.3314,1.3277,1.3278,4795
1786122000000,1.3266,1.3293,1.326,1.3289,8644
1786122900000,1.3279,1.3312,1.3257,1.3277,11631
1786123800000,1.3282,1.3439,1.3282,1.3372,28247
1786124700000,1.3372,1.3525,1.3372,1.3504,63098
1786125600000,1.3507,1.3557,1.348,1.3557,67145
1786126500000,1.3538,1.3566,1.3516,1.3531,26673
1786127400000,1.3531,1.3553,1.351,1.3513,10026
1786128300000,1.3513,1.3519,1.3505,1.3506,4770
1786129200000,1.3506,1.3549,1.3502,1.3508,4082
1786130100000,1.3502,1.3523,1.3498,1.3503,6482
1786131000000,1.3505,1.3532,1.3501,1.3516,4365
1786131900000,1.3515,1.3525,1.3502,1.351,3550
1786132800000,1.3515,1.3528,1.3511,1.3516,2256
1786133700000,1.3516,1.3516,1.3503,1.3509,1461
1786134600000,1.3513,1.3546,1.351,1.3541,1057
1786135500000,1.3549,1.3549,1.352,1.3528,314
1786136400000,1.3534,1.3552,1.3521,1.3552,796
1786137300000,1.353,1.3556,1.3528,1.3549,382
1786138200000,1.3547,1.3564,1.3538,1.3539,15923
1786139100000,1.3537,1.3543,1.3511,1.3515,5152
1786140000000,1.3515,1.3528,1.3513,1.3522,1271
1786140900000,1.3522,1.3532,1.3522,1.3532,2667
1786141800000,1.3525,1.353,1.3512,1.3518,268
1786142700000,1.3512,1.3518,1.351,1.3517,231
1786143600000,1.3517,1.3519,1.3517,1.3517,1521
1786144500000,1.3517,1.3518,1.3515,1.3515,10727
1786145400000,1.3515,1.3531,1.3515,1.3529,2606
1786146300000,1.3529,1.3561,1.3529,1.3544,1682
1786147200000,1.3548,1.3574,1.3506,1.3518,22080
1786148100000,1.3524,1.3538,1.3516,1.3516,5394
1786149000000,1.3516,1.3523,1.3516,1.3516,5423
1786149900000,1.3516,1.3521,1.3508,1.3508,13156
1786150800000,1.3508,1.3521,1.3492,1.3508,7360
1786151700000,1.3511,1.352,1.3511,1.3517,695
1786152600000,1.3522,1.3547,1.3514,1.3546,3041
1786153500000,1.3543,1.3543,1.3531,1.3536,2268
1786154400000,1.3525,1.3532,1.3523,1.3528,384
1786155300000,1.3523,1.3527,1.3491,1.3491,831
1786156200000,1.35,1.35,1.3491,1.3491,2275
1786157100000,1.3491,1.3492,1.3491,1.3491,2232
1786158000000,1.3492,1.3497,1.3491,1.3492,1104
1786158900000,1.3491,1.3498,1.3491,1.3491,2227
1786159800000,1.3492,1.3502,1.3484,1.3485,4773
1786160700000,1.3486,1.3525,1.3486,1.3517,1276
1786161600000,1.3512,1.3573,1.3512,1.3565,3055
1786162500000,1.3563,1.3571,1.3524,1.3554,466
1786163400000,1.3555,1.3566,1.3554,1.3557,2237
1786164300000,1.3553,1.357,1.3553,1.3557,1338
1786165200000,1.3564,1.3564,1.3551,1.3554,416
1786166100000,1.3555,1.3574,1.3532,1.3539,3256
1786167000000,1.3537,1.356,1.3534,1.3553,882
1786167900000,1.3553,1.3553,1.3524,1.3535,1145
1786168800000,1.353,1.3552,1.3527,1.3548,913
1786169700000,1.3548,1.357,1.3522,1.357,1457
1786170600000,1.3565,1.3575,1.3554,1.357,5650
1786171500000,1.3554,1.3564,1.3545,1.356,541
1786172400000,1.3551,1.3576,1.3547,1.3565,1700
1786173300000,1.3565,1.3578,1.356,1.356,1385
1786174200000,1.3567,1.3567,1.3533,1.3552,1347
1786175100000,1.3545,1.3572,1.3545,1.355,826
1786176000000,1.3533,1.3564,1.3532,1.3564,461
1786176900000,1.3559,1.3564,1.3533,1.3533,475
1786177800000,1.3531,1.3561,1.353,1.3561,471
1786178700000,1.3556,1.3574,1.3548,1.3568,1013
1786179600000,1.3569,1.3593,1.3564,1.3579,2150
1786180500000,1.3583,1.3646,1.3583,1.3633,1338
1786181400000,1.3637,1.3637,1.3607,1.3612,556
1786182300000,1.3607,1.3629,1.3606,1.3617,564
1786183200000,1.3632,1.3638,1.3622,1.3635,1382
1786184100000,1.3628,1.3654,1.3621,1.3621,800
1786185000000,1.364,1.3651,1.3629,1.3651,451
1786185900000,1.365,1.3655,1.3644,1.365,3435
1786186800000,1.3653,1.3684,1.3641,1.3656,4361
1786187700000,1.3657,1.3658,1.3643,1.3658,412
1786188600000,1.3662,1.3662,1.364,1.364,823
1786189500000,1.3649,1.3684,1.3645,1.367,571
1786190400000,1.3672,1.3675,1.3636,1.3668,2595
1786191300000,1.3669,1.3691,1.3635,1.3655,7903
1786192200000,1.3651,1.3653,1.365,1.3653,3272
1786193100000,1.365,1.3654,1.365,1.3652,2726
1786194000000,1.3652,1.3661,1.365,1.3652,1189
1786194900000,1.365,1.3663,1.365,1.3657,38846
1786195800000,1.3672,1.3673,1.365,1.3661,5853
1786196700000,1.3661,1.3667,1.3652,1.3667,441
1786197600000,1.367,1.367,1.3653,1.367,852
1786198500000,1.3667,1.3669,1.3622,1.3642,15994
1786199400000,1.3645,1.3652,1.3627,1.3631,9196
1786200300000,1.3629,1.3648,1.3629,1.3644,8930
1786201200000,1.365,1.3661,1.365,1.3651,857
1786202100000,1.365,1.3656,1.3631,1.3639,728
1786203000000,1.3643,1.3645,1.3639,1.3644,479
1786203900000,1.3643,1.3643,1.3586,1.3606,1156
1786204800000,1.361,1.3617,1.3594,1.3615,4275
1786205700000,1.3615,1.3623,1.3609,1.3623,708
1786206600000,1.3624,1.3624,1.3609,1.3613,395
1786207500000,1.361,1.3618,1.3567,1.3568,964
1786208400000,1.3571,1.3599,1.3568,1.3599,11088
1786209300000,1.3595,1.3605,1.3592,1.3605,503
1786210200000,1.3605,1.3615,1.359,1.359,397
1786211100000,1.359,1.3612,1.359,1.3611,1379
1786212000000,1.3609,1.3621,1.3603,1.3604,598
1786212900000,1.3603,1.3608,1.359,1.359,18892
1786213800000,1.3591,1.3594,1.359,1.359,457
1786214700000,1.359,1.3595,1.359,1.3595,2047
1786215600000,1.36,1.3664,1.36,1.3631,1689
1786216500000,1.3632,1.365,1.3632,1.3646,3373
1786217400000,1.3646,1.3674,1.3642,1.3672,1295
1786218300000,1.3667,1.3683,1.3667,1.3678,3883
1786219200000,1.367,1.3678,1.3659,1.3661,6565
1786220100000,1.3659,1.3665,1.3648,1.3657,2728
1786221000000,1.3654,1.3659,1.3627,1.3629,3151
1786221900000,1.3629,1.3637,1.3619,1.3624,2034
1786222800000,1.3619,1.3622,1.36,1.36,7953
1786223700000,1.36,1.3602,1.3576,1.3582,1509
1786224600000,1.358,1.3604,1.3566,1.357,2741
1786225500000,1.3568,1.3602,1.3568,1.3602,4828
1786226400000,1.3598,1.3603,1.3594,1.3594,1435
1786227300000,1.3594,1.3626,1.3584,1.3626,1229
1786228200000,1.3628,1.3634,1.3607,1.3626,3378
1786229100000,1.3621,1.3622,1.3595,1.3601,4090
1786230000000,1.36,1.3634,1.36,1.3615,2009
1786230900000,1.3615,1.3631,1.36,1.3626,1094
1786231800000,1.3626,1.3666,1.3626,1.3659,1204
1786232700000,1.3656,1.3656,1.3629,1.3641,828
1786233600000,1.3625,1.3664,1.3613,1.3619,9400
1786234500000,1.3618,1.3618,1.3574,1.3578,4235
1786235400000,1.3577,1.3611,1.3577,1.3606,1239
1786236300000,1.3611,1.3611,1.3582,1.3601,1394
1786237200000,1.3604,1.3621,1.3593,1.3613,1121
1786238100000,1.3604,1.3612,1.358,1.358,941
1786239000000,1.3575,1.3586,1.3564,1.3565,409
1786239900000,1.3568,1.3578,1.3521,1.3534,5892
1786240800000,1.353,1.3537,1.3519,1.3523,1257
1786241700000,1.3514,1.3517,1.3498,1.3511,1140
1786242600000,1.3506,1.3509,1.3482,1.3482,1104
1786243500000,1.3475,1.3489,1.3475,1.3489,324
1786244400000,1.3484,1.3485,1.3477,1.348,394
1786245300000,1.348,1.3489,1.3472,1.3486,2382
1786246200000,1.3486,1.3492,1.348,1.3492,368
1786247100000,1.3494,1.3495,1.3448,1.3448,2173
1786248000000,1.3456,1.3474,1.3455,1.347,750
1786248900000,1.3474,1.3483,1.3467,1.3483,595
1786249800000,1.3483,1.3483,1.3458,1.3478,513
1786250700000,1.3482,1.3482,1.3446,1.3446,3063
1786251600000,1.3442,1.3464,1.3442,1.3462,8264
1786252500000,1.3464,1.3466,1.344,1.3449,628
1786253400000,1.3449,1.3454,1.3441,1.3452,373
1786254300000,1.3448,1.3478,1.3448,1.3478,406
1786255200000,1.3466,1.3508,1.3463,1.3491,2863
1786256100000,1.3491,1.3508,1.3491,1.3507,306
1786257000000,1.3503,1.3503,1.3481,1.3501,456
1786257900000,1.3501,1.3511,1.3491,1.3492,1898
1786258800000,1.3493,1.3496,1.3461,1.3481,947
1786259700000,1.3479,1.3479,1.344,1.345,2179
1786260600000,1.3451,1.3453,1.344,1.3447,1750
1786261500000,1.3447,1.3447,1.3402,1.3424,36001
1786262400000,1.3422,1.3456,1.3413,1.3443,37582
1786263300000,1.3443,1.3456,1.3425,1.3434,26106
1786264200000,1.3436,1.3447,1.34,1.3402,3734
1786265100000,1.339,1.3424,1.3378,1.3414,3576
1786266000000,1.3415,1.3415,1.3391,1.34,726
1786266900000,1.34,1.3414,1.3391,1.3414,3345
1786267800000,1.3415,1.3467,1.3415,1.3467,1918
1786268700000,1.3468,1.3468,1.3435,1.3444,469
1786269600000,1.3444,1.3449,1.3422,1.3434,435
1786270500000,1.3435,1.3448,1.3434,1.3438,2533
1786271400000,1.3438,1.3448,1.3426,1.3436,1221
1786272300000,1.3436,1.3458,1.3434,1.3458,4287
1786273200000,1.3459,1.3468,1.3447,1.3455,4107
1786274100000,1.3455,1.3456,1.3435,1.3443,2212
1786275000000,1.3444,1.3445,1.3444,1.3445,855
1786275900000,1.3445,1.3447,1.3436,1.3436,524
1786276800000,1.3436,1.3436,1.3412,1.3414,336
1786277700000,1.3415,1.3419,1.3413,1.3413,257
1786278600000,1.3416,1.3416,1.3394,1.3394,945
1786279500000,1.3394,1.3421,1.3394,1.3406,7871
1786280400000,1.3411,1.3425,1.3399,1.3411,1313
1786281300000,1.3401,1.3432,1.3401,1.3423,805
1786282200000,1.3422,1.3436,1.3415,1.3416,1923
1786283100000,1.3415,1.3415,1.3409,1.341,344
1786284000000,1.3412,1.3412,1.3401,1.3401,382
1786284900000,1.3394,1.3416,1.3394,1.3412,2613
1786285800000,1.3422,1.3422,1.34,1.3407,11190
1786286700000,1.3407,1.3413,1.3405,1.3405,263
1786287600000,1.3401,1.3439,1.3399,1.3427,12640
1786288500000,1.3427,1.3438,1.3425,1.3438,547
1786289400000,1.344,1.3453,1.3434,1.3434,414
1786290300000,1.3434,1.346,1.3434,1.3439,236
1786291200000,1.3438,1.3448,1.3434,1.3435,560
1786292100000,1.3435,1.3435,1.34,1.3408,1235
1786293000000,1.3408,1.3429,1.3408,1.3425,229
1786293900000,1.3424,1.344,1.3424,1.344,536
1786294800000,1.3438,1.3442,1.3389,1.3426,10218
1786295700000,1.3423,1.3442,1.3414,1.3442,6191
1786296600000,1.3442,1.3454,1.3442,1.3449,484
1786297500000,1.3448,1.345,1.3433,1.3445,413
1786298400000,1.3442,1.3456,1.3437,1.3445,2951
1786299300000,1.3432,1.345,1.3432,1.3444,1181
1786300200000,1.3444,1.3448,1.3412,1.3416,4136
1786301100000,1.3421,1.3423,1.3407,1.3412,313
1786302000000,1.3412,1.3427,1.3395,1.3402,11821
1786302900000,1.3402,1.3434,1.3402,1.3422,517
1786303800000,1.3422,1.3432,1.3422,1.3422,944
1786304700000,1.3434,1.3449,1.3431,1.344,716
1786305600000,1.3441,1.3446,1.3421,1.3421,540
1786306500000,1.3421,1.3421,1.3416,1.3417,11424
1786307400000,1.3416,1.3416,1.3413,1.3413,681
1786308300000,1.3413,1.3414,1.3405,1.3408,5863
1786309200000,1.3408,1.3408,1.3382,1.3388,15508
1786310100000,1.3388,1.3393,1.3386,1.3388,266
1786311000000,1.3387,1.3394,1.3387,1.3389,458
1786311900000,1.3391,1.3405,1.3389,1.3389,331
1786312800000,1.3395,1.3434,1.3389,1.3434,4025
1786313700000,1.3437,1.3437,1.3393,1.3394,2654
1786314600000,1.3392,1.3397,1.3326,1.3328,4866
1786315500000,1.3322,1.3329,1.3302,1.3306,487
1786316400000,1.33,1.3332,1.3241,1.3244,44615
1786317300000,1.3222,1.325,1.3159,1.3172,52063
1786318200000,1.3171,1.3209,1.3145,1.3145,4850
1786319100000,1.3145,1.3182,1.3145,1.3177,30041
1786320000000,1.3177,1.3357,1.3175,1.3296,25421
1786320900000,1.3288,1.3288,1.3273,1.3273,5210
1786321800000,1.3273,1.3277,1.3241,1.3241,14311
1786322700000,1.3241,1.3274,1.3241,1.3264,616
1786323600000,1.327,1.3323,1.3269,1.3307,2751
1786324500000,1.3306,1.3327,1.3292,1.3316,5520
1786325400000,1.3316,1.334,1.3303,1.3329,1610
1786326300000,1.3334,1.3386,1.3334,1.3357,450
1786327200000,1.336,1.336,1.3313,1.3313,32267
1786328100000,1.3329,1.3329,1.3262,1.3273,2344
1786329000000,1.3268,1.3323,1.3266,1.3323,712
1786329900000,1.3318,1.3322,1.3302,1.3302,1357
1786330800000,1.3303,1.3329,1.3301,1.3323,1220
1786331700000,1.3314,1.3347,1.3312,1.3321,1763
1786332600000,1.3314,1.3321,1.33,1.3301,396
1786333500000,1.3301,1.3302,1.3275,1.3277,1064
1786334400000,1.3285,1.3315,1.3285,1.3315,698
1786335300000,1.332,1.3372,1.332,1.3368,1868
1786336200000,1.3372,1.3404,1.3349,1.3388,30927
1786337100000,1.3396,1.3429,1.3395,1.3403,29250
1786338000000,1.3403,1.3424,1.3393,1.3421,2584
1786338900000,1.3421,1.345,1.3411,1.344,9477
1786339800000,1.3439,1.3455,1.343,1.3436,2235
1786340700000,1.3436,1.346,1.3351,1.3396,24769
1786341600000,1.3395,1.3398,1.3362,1.337,2214
1786342500000,1.3371,1.3377,1.336,1.3363,2229
1786343400000,1.3363,1.3413,1.3353,1.3406,6571
1786344300000,1.3405,1.3431,1.3405,1.3416,661
1786345200000,1.3416,1.3489,1.3416,1.3437,8178
1786346100000,1.3437,1.3447,1.3424,1.3424,550
1786347000000,1.3426,1.3434,1.3404,1.3404,1337
1786347900000,1.3404,1.3411,1.3394,1.341,668
1786348800000,1.3406,1.3411,1.3365,1.3403,3082
1786349700000,1.3392,1.3395,1.3378,1.3384,1047
1786350600000,1.3385,1.3392,1.3351,1.3357,18509
1786351500000,1.3353,1.337,1.3353,1.3366,4919
1786352400000,1.3357,1.3392,1.3357,1.339,15694
1786353300000,1.339,1.3392,1.3353,1.3353,6619
1786354200000,1.3353,1.3354,1.3304,1.3312,18930
1786355100000,1.3312,1.3395,1.3302,1.3387,16485
1786356000000,1.3379,1.3379,1.3348,1.3348,1584
1786356900000,1.3347,1.3372,1.33,1.3341,118599
1786357800000,1.334,1.334,1.3321,1.3334,2517
1786358700000,1.3337,1.334,1.3328,1.3334,2960
1786359600000,1.3331,1.3331,1.329,1.329,25620
1786360500000,1.3291,1.332,1.3291,1.3316,11726
1786361400000,1.3319,1.3328,1.3297,1.3309,8672
1786362300000,1.3309,1.337,1.3301,1.3351,16572
1786363200000,1.3348,1.3362,1.3345,1.3349,8144
1786364100000,1.335,1.3361,1.3341,1.3349,11428
1786365000000,1.3338,1.3382,1.3311,1.333,14335
1786365900000,1.3328,1.333,1.3292,1.3294,8131
1786366800000,1.3299,1.335,1.3286,1.3344,16987
1786367700000,1.3345,1.338,1.3344,1.337,13563
1786368600000,1.3368,1.3395,1.3351,1.3375,23349
1786369500000,1.3378,1.3382,1.3333,1.3334,6072
1786370400000,1.3338,1.3344,1.33,1.3312,11654
1786371300000,1.3311,1.3321,1.3291,1.3314,6405
1786372200000,1.3314,1.3319,1.33,1.33,21643
1786373100000,1.3301,1.3317,1.33,1.33,98794
1786374000000,1.33,1.3304,1.3251,1.3263,162305
1786374900000,1.3263,1.3283,1.3235,1.3252,38393
1786375800000,1.3253,1.3267,1.3233,1.3267,20578
1786376700000,1.3267,1.3288,1.3267,1.3276,10747
1786377600000,1.3272,1.3282,1.3261,1.3264,8422
1786378500000,1.3264,1.328,1.3244,1.3254,4016
1786379400000,1.3248,1.3294,1.3235,1.3263,7540
1786380300000,1.3264,1.3268,1.3242,1.3258,3882
1786381200000,1.3258,1.3283,1.3235,1.3276,6795
1786382100000,1.3278,1.3285,1.3263,1.3272,3394
1786383000000,1.3271,1.33,1.3271,1.3285,6857
1786383900000,1.3285,1.3288,1.3259,1.327,41977
1786384800000,1.3263,1.3268,1.3251,1.3262,1383
1786385700000,1.3266,1.3269,1.3233,1.3233,4461
1786386600000,1.3236,1.324,1.32,1.3207,6149
1786387500000,1.3203,1.3222,1.3195,1.3219,2945
1786388400000,1.3221,1.3229,1.3213,1.3226,877
1786389300000,1.3229,1.3261,1.3226,1.3232,5356
1786390200000,1.3232,1.3252,1.3213,1.3236,9753
1786391100000,1.3238,1.3238,1.3195,1.3204,9712
1786392000000,1.3208,1.3224,1.318,1.319,8506
1786392900000,1.3192,1.3211,1.319,1.3195,4338
1786393800000,1.3195,1.3243,1.3093,1.3233,171663
1786394700000,1.3234,1.3245,1.3231,1.3233,15736
1786395600000,1.3233,1.3234,1.3208,1.3224,8307
1786396500000,1.3223,1.3225,1.3204,1.3204,1762
1786397400000,1.3205,1.322,1.3198,1.3212,5961
1786398300000,1.3212,1.3212,1.3195,1.3195,1585
1786399200000,1.3194,1.3217,1.3162,1.3217,6252
1786400100000,1.3217,1.3238,1.3208,1.3223,776
1786401000000,1.3223,1.3234,1.3216,1.3228,3264
1786401900000,1.3228,1.3241,1.3227,1.3235,1025
1786402800000,1.3238,1.3268,1.3231,1.3256,5197
1786403700000,1.3262,1.3263,1.3254,1.3257,2909
1786404600000,1.326,1.3275,1.3255,1.3258,5728
1786405500000,1.3256,1.326,1.3239,1.3255,15968
1786406400000,1.3255,1.3319,1.3237,1.3272,31080
1786407300000,1.3273,1.3273,1.3252,1.3263,5089
1786408200000,1.3267,1.3306,1.3263,1.3264,18476
1786409100000,1.3264,1.3322,1.3259,1.3308,21548
1786410000000,1.3306,1.3332,1.3296,1.3314,5123
1786410900000,1.3314,1.3326,1.3296,1.3315,6171
1786411800000,1.3315,1.3336,1.3304,1.3326,6842
1786412700000,1.3323,1.3343,1.3323,1.3334,2399
1786413600000,1.3337,1.3342,1.3333,1.334,3972
1786414500000,1.334,1.3344,1.3294,1.3303,5109
1786415400000,1.3307,1.3308,1.3282,1.3282,2722
1786416300000,1.3283,1.3288,1.3273,1.3278,930
1786417200000,1.3273,1.3292,1.3273,1.3282,4538
1786418100000,1.3287,1.3315,1.3282,1.3293,4883
1786419000000,1.3291,1.3305,1.3283,1.3283,2077
1786419900000,1.3285,1.3307,1.3285,1.3292,4925
1786420800000,1.3295,1.3304,1.3285,1.3285,7227
1786421700000,1.3288,1.3293,1.3284,1.3284,4339
1786422600000,1.3279,1.3326,1.3274,1.3298,13088
1786423500000,1.3302,1.3302,1.3268,1.3268,4733
1786424400000,1.3266,1.3282,1.3256,1.3277,7082
1786425300000,1.3279,1.3279,1.3236,1.3236,4800
1786426200000,1.3241,1.3291,1.3236,1.3257,6922
1786427100000,1.3258,1.3263,1.3257,1.326,4320
1786428000000,1.3263,1.3265,1.3243,1.3255,10518
1786428900000,1.3258,1.3259,1.3231,1.3231,5748
1786429800000,1.3227,1.3242,1.318,1.3209,7670
1786430700000,1.3206,1.3216,1.3165,1.3205,12932
1786431600000,1.3204,1.3222,1.3199,1.3216,8836
1786432500000,1.3208,1.326,1.3196,1.3247,19192
1786433400000,1.3245,1.3288,1.3231,1.3274,14172
1786434300000,1.3269,1.329,1.3238,1.3252,12571
1786435200000,1.3249,1.325,1.32,1.3234,34360
1786436100000,1.3236,1.3303,1.3234,1.3296,15133
1786437000000,1.3297,1.3333,1.3297,1.3301,18965
1786437900000,1.3309,1.3343,1.3305,1.3327,8008
1786438800000,1.3331,1.3344,1.331,1.3319,7183
1786439700000,1.3321,1.3407,1.3319,1.3372,12776
1786440600000,1.3367,1.3419,1.3361,1.3419,7231
1786441500000,1.3415,1.3428,1.3392,1.3424,9971
1786442400000,1.3429,1.3431,1.3348,1.3348,4837
1786443300000,1.3349,1.3396,1.3335,1.3394,5033
1786444200000,1.3394,1.3411,1.3377,1.339,4188
1786445100000,1.3395,1.3446,1.3386,1.3427,19278
1786446000000,1.3434,1.3489,1.3434,1.3466,3696
1786446900000,1.3465,1.3498,1.345,1.3493,5158
1786447800000,1.35,1.35,1.3448,1.3464,31225
1786448700000,1.3465,1.348,1.3454,1.3467,419
1786449600000,1.347,1.35,1.3459,1.3499,5634
1786450500000,1.35,1.35,1.3464,1.3465,33627
1786451400000,1.3469,1.3474,1.3439,1.3469,1642
1786452300000,1.3472,1.3534,1.3463,1.3496,58762
1786453200000,1.3499,1.3512,1.3493,1.3511,86688
1786454100000,1.3511,1.3511,1.3418,1.3432,20746
1786455000000,1.3432,1.3475,1.3426,1.3452,14715
1786455900000,1.3444,1.3444,1.3385,1.3412,21037
1786456800000,1.3405,1.343,1.3402,1.3414,1755
1786457700000,1.3424,1.3451,1.339,1.3424,1468
1786458600000,1.3406,1.3412,1.3321,1.3336,2466
1786459500000,1.3336,1.3348,1.3249,1.3287,4358
1786460400000,1.3284,1.3303,1.3252,1.328,5606
1786461300000,1.3277,1.3334,1.3277,1.3325,479
1786462200000,1.3325,1.333,1.3214,1.3265,45721
1786463100000,1.3262,1.3282,1.3126,1.3205,11420
1786464000000,1.3182,1.3241,1.3181,1.3222,1543
1786464900000,1.3247,1.3247,1.3201,1.3216,5442
1786465800000,1.3218,1.3247,1.3207,1.3216,16226
1786466700000,1.3219,1.3248,1.3217,1.324,1110
1786467600000,1.3247,1.3281,1.3241,1.3258,2643
1786468500000,1.3258,1.3279,1.3244,1.3257,10587
1786469400000,1.3264,1.3265,1.3245,1.3254,1545
1786470300000,1.3253,1.3253,1.3235,1.3235,376
1786471200000,1.3241,1.3265,1.3234,1.3241,573
1786472100000,1.3247,1.3258,1.3246,1.3251,645
1786473000000,1.325,1.3266,1.3241,1.3249,1127
1786473900000,1.3229,1.3257,1.3225,1.3257,492
1786474800000,1.3269,1.3276,1.3261,1.3275,2342
1786475700000,1.3278,1.3359,1.3275,1.3355,100776
1786476600000,1.3354,1.3355,1.3335,1.3343,4376
1786477500000,1.3345,1.3369,1.3339,1.3367,4749
1786478400000,1.3365,1.3365,1.3352,1.3353,3517
1786479300000,1.3353,1.3355,1.3333,1.3346,3107
1786480200000,1.3351,1.3365,1.3343,1.3356,3819
1786481100000,1.3356,1.336,1.3316,1.3344,20205
1786482000000,1.3352,1.3352,1.3336,1.334,3062
1786482900000,1.334,1.334,1.3309,1.3312,4083
1786483800000,1.3315,1.3316,1.3308,1.3314,1541
1786484700000,1.3308,1.3335,1.3283,1.3335,6371
1786485600000,1.3335,1.3359,1.3309,1.3325,4419
1786486500000,1.3328,1.3346,1.3328,1.3341,965
1786487400000,1.3341,1.3354,1.333,1.3343,533
1786488300000,1.3341,1.3346,1.3328,1.3346,1012
1786489200000,1.3334,1.3335,1.3324,1.3329,503
1786490100000,1.3324,1.3382,1.3324,1.3376,1608
1786491000000,1.3374,1.3392,1.336,1.3385,3943
1786491900000,1.3382,1.3411,1.3378,1.3408,362
1786492800000,1.3391,1.3428,1.3365,1.3386,11979
1786493700000,1.3382,1.34,1.3366,1.3382,6409
1786494600000,1.3384,1.3387,1.3356,1.3363,3499
1786495500000,1.3363,1.339,1.3363,1.3384,7623
1786496400000,1.3386,1.34,1.3377,1.3391,6540
1786497300000,1.3391,1.3407,1.3366,1.3366,5395
1786498200000,1.336,1.3399,1.3355,1.3399,18983
1786499100000,1.3379,1.3392,1.3371,1.3388,2244
1786500000000,1.3388,1.3408,1.3372,1.3384,4943
1786500900000,1.338,1.339,1.3371,1.339,1281
1786501800000,1.3381,1.3385,1.336,1.3372,2454
1786502700000,1.3378,1.3394,1.3377,1.3394,5638
1786503600000,1.3399,1.3425,1.3382,1.3394,6208
1786504500000,1.3398,1.3617,1.3391,1.36,276787
1786505400000,1.3595,1.3699,1.3511,1.363,887901
1786506300000,1.3629,1.3729,1.3615,1.3701,100126
1786507200000,1.3706,1.3755,1.369,1.3722,105772
1786508100000,1.3732,1.3732,1.3542,1.3551,295607
1786509000000,1.3544,1.362,1.3525,1.3603,54863
1786509900000,1.3598,1.3652,1.3591,1.3611,5252
1786510800000,1.3613,1.3679,1.3588,1.3679,1975
1786511700000,1.3667,1.3675,1.3616,1.3623,858
1786512600000,1.3619,1.363,1.3612,1.3612,548
1786513500000,1.3617,1.3642,1.3606,1.3621,40087
1786514400000,1.362,1.3631,1.3608,1.3617,3394
1786515300000,1.3622,1.3657,1.3605,1.3639,5602
1786516200000,1.3646,1.3646,1.3605,1.3605,1558
1786517100000,1.3601,1.3601,1.3541,1.3567,5676
1786518000000,1.3568,1.3656,1.3568,1.3609,5740
1786518900000,1.3617,1.3629,1.3599,1.361,5118
1786519800000,1.3609,1.3661,1.3609,1.3653,2280
1786520700000,1.3644,1.3679,1.3644,1.3675,1155
1786521600000,1.3674,1.3684,1.3648,1.3648,17697
1786522500000,1.3646,1.3658,1.3618,1.3634,24154
1786523400000,1.3634,1.3634,1.3586,1.3586,2294
1786524300000,1.3593,1.3593,1.3392,1.3411,18491
1786525200000,1.3397,1.3462,1.3392,1.3442,15498
1786526100000,1.3442,1.3491,1.3442,1.3481,2191
1786527000000,1.3488,1.3488,1.3454,1.3465,1055
1786527900000,1.3463,1.3487,1.3463,1.3478,3997
1786528800000,1.3474,1.3492,1.3448,1.3466,1428
1786529700000,1.347,1.3479,1.3455,1.346,1347
1786530600000,1.3455,1.3491,1.3455,1.3473,2994
1786531500000,1.3476,1.3492,1.3468,1.3492,1625
1786532400000,1.3501,1.3501,1.347,1.3475,4726
1786533300000,1.3466,1.3474,1.3459,1.3468,416
1786534200000,1.3473,1.3481,1.3457,1.3481,799
1786535100000,1.3473,1.3474,1.3459,1.346,310
1786536000000,1.3469,1.3491,1.3464,1.3483,920
1786536900000,1.3479,1.3515,1.3478,1.3495,2825
1786537800000,1.3503,1.3533,1.3457,1.3494,3920
1786538700000,1.3498,1.3499,1.3458,1.3473,5347
1786539600000,1.347,1.3504,1.3457,1.3457,2935
1786540500000,1.3482,1.3486,1.3472,1.3484,205
1786541400000,1.3486,1.3486,1.3455,1.346,4583
1786542300000,1.3456,1.3478,1.345,1.3465,3975
1786543200000,1.3461,1.3462,1.341,1.3442,2820
1786544100000,1.3444,1.3455,1.3433,1.3438,1440
1786545000000,1.3437,1.3473,1.343,1.3453,9098
1786545900000,1.3471,1.3473,1.3445,1.345,435
1786546800000,1.3449,1.3515,1.3449,1.3504,873
1786547700000,1.3499,1.3512,1.3486,1.35,4530
1786548600000,1.3505,1.3534,1.3494,1.3505,72576
1786549500000,1.3504,1.3506,1.3494,1.3498,5150
1786550400000,1.3505,1.352,1.3494,1.3496,5150
1786551300000,1.3499,1.3524,1.3494,1.3524,6040
1786552200000,1.3523,1.3523,1.3415,1.3416,209767
1786553100000,1.3416,1.342,1.3416,1.3418,28888
1786554000000,1.3418,1.3449,1.3409,1.3415,162660
1786554900000,1.3414,1.3414,1.3324,1.3344,111331
1786555800000,1.3341,1.339,1.3341,1.3358,6339
1786556700000,1.3354,1.3371,1.3344,1.3371,1330
1786557600000,1.3372,1.339,1.3372,1.3389,32222
1786558500000,1.3389,1.3389,1.3366,1.3376,2006
1786559400000,1.338,1.339,1.338,1.339,17822
1786560300000,1.339,1.339,1.3376,1.3382,24640
1786561200000,1.3389,1.3389,1.338,1.3384,405
1786562100000,1.337,1.3384,1.3366,1.3372,1164
1786563000000,1.3375,1.339,1.3375,1.3383,2265
1786563900000,1.3381,1.339,1.3377,1.3389,13120
1786564800000,1.339,1.3415,1.3374,1.3383,59843
1786565700000,1.338,1.3461,1.3374,1.3455,5227
1786566600000,1.3482,1.3599,1.3464,1.3599,6130
1786567500000,1.3581,1.36,1.3527,1.3537,907
1786568400000,1.3541,1.3555,1.352,1.3523,1148
1786569300000,1.3532,1.3536,1.3498,1.3504,1849
1786570200000,1.3513,1.3528,1.3483,1.3528,2078
1786571100000,1.3525,1.3573,1.3463,1.3466,3327
1786572000000,1.3468,1.3513,1.3459,1.3513,983
1786572900000,1.3534,1.3574,1.3527,1.3553,2359
1786573800000,1.356,1.356,1.3527,1.353,1773
1786574700000,1.3533,1.3549,1.3526,1.3544,2554
1786575600000,1.3559,1.3559,1.3467,1.3473,16240
1786576500000,1.348,1.3498,1.3477,1.3498,531
1786577400000,1.3482,1.3502,1.3465,1.3485,1594
1786578300000,1.3492,1.3492,1.3464,1.3486,2850
1786579200000,1.349,1.3552,1.3487,1.3532,7162
1786580100000,1.3529,1.3541,1.3497,1.3504,3183
1786581000000,1.351,1.3544,1.3493,1.35,7946
1786581900000,1.349,1.3516,1.349,1.3507,372
1786582800000,1.35,1.3509,1.3482,1.3497,22433
1786583700000,1.3481,1.3481,1.3456,1.3458,1355
1786584600000,1.3459,1.3517,1.3459,1.3498,11343
1786585500000,1.3481,1.3489,1.3472,1.3472,603
1786586400000,1.3472,1.3477,1.3437,1.345,26500
1786587300000,1.345,1.3451,1.3423,1.3435,3887
1786588200000,1.3419,1.3431,1.3413,1.3431,955
1786589100000,1.3437,1.3447,1.3432,1.3441,625
1786590000000,1.3447,1.3471,1.3432,1.3471,21514
1786590900000,1.3462,1.348,1.3337,1.3419,17356
1786591800000,1.3416,1.3419,1.3391,1.3396,1755
1786592700000,1.3396,1.3401,1.3382,1.3389,340
1786593600000,1.3399,1.3435,1.3399,1.3411,650
1786594500000,1.3412,1.3422,1.341,1.3413,2477
1786595400000,1.3405,1.341,1.3395,1.3395,271
1786596300000,1.3395,1.3425,1.3394,1.3394,426
1786597200000,1.3387,1.341,1.3381,1.3404,896
1786598100000,1.3403,1.3425,1.3403,1.342,4168
1786599000000,1.3416,1.342,1.339,1.3409,9068
1786599900000,1.3408,1.3413,1.3406,1.3406,4310
1786600800000,1.3406,1.3411,1.3405,1.3405,12502
1786601700000,1.3405,1.3432,1.3405,1.3427,584
1786602600000,1.3438,1.3463,1.3423,1.3453,630
1786603500000,1.3453,1.347,1.3453,1.3469,402
1786604400000,1.3469,1.347,1.3437,1.3443,6743
1786605300000,1.344,1.3455,1.3413,1.3414,1371
1786606200000,1.3414,1.3422,1.3407,1.3412,372
1786607100000,1.3413,1.3443,1.3408,1.3423,659
1786608000000,1.3423,1.3445,1.3421,1.3438,20487
1786608900000,1.3437,1.3446,1.3436,1.3437,16341
1786609800000,1.3441,1.3441,1.3431,1.3431,51981
1786610700000,1.3433,1.3444,1.3431,1.3436,6660
1786611600000,1.3432,1.3443,1.3405,1.3419,30475
1786612500000,1.3425,1.3434,1.3406,1.3406,564
1786613400000,1.3406,1.343,1.3352,1.338,41924
1786614300000,1.3377,1.3426,1.3377,1.3426,2474
1786615200000,1.3423,1.344,1.3411,1.3432,970
1786616100000,1.343,1.3441,1.3414,1.3416,803
1786617000000,1.3418,1.3447,1.3397,1.3442,55183
1786617900000,1.3442,1.3446,1.3307,1.3314,41950
1786618800000,1.3315,1.3351,1.3311,1.3334,8053
1786619700000,1.3337,1.3428,1.333,1.339,13499
1786620600000,1.3378,1.3424,1.337,1.3424,3192
1786621500000,1.3411,1.3428,1.3405,1.3426,1092
1786622400000,1.342,1.3431,1.3406,1.3408,2399
1786623300000,1.3408,1.3408,1.3384,1.3397,1027
1786624200000,1.341,1.3426,1.3386,1.3408,583
1786625100000,1.3403,1.3429,1.3403,1.3415,6474
1786626000000,1.3427,1.343,1.3335,1.3335,64005
1786626900000,1.3335,1.3335,1.3254,1.3288,60142
1786627800000,1.3293,1.3342,1.329,1.3296,22103
1786628700000,1.3293,1.332,1.3284,1.3312,1965
1786629600000,1.3315,1.3351,1.3315,1.3337,31335
1786630500000,1.3337,1.3369,1.3336,1.3352,24789
1786631400000,1.3362,1.3398,1.3362,1.3393,11392
1786632300000,1.3396,1.3404,1.3376,1.3404,8590
1786633200000,1.3403,1.3428,1.3387,1.3395,6127
1786634100000,1.3399,1.3411,1.3368,1.3368,2366
1786635000000,1.338,1.3395,1.3377,1.339,13263
1786635900000,1.339,1.3392,1.3358,1.3358,936
1786636800000,1.3351,1.3352,1.3303,1.3315,31665
1786637700000,1.3316,1.3316,1.3292,1.3293,1562
1786638600000,1.3303,1.3307,1.3228,1.3261,35460
1786639500000,1.3262,1.3301,1.325,1.3301,1588
1786640400000,1.3303,1.3303,1.3282,1.3282,368
1786641300000,1.3282,1.33,1.3272,1.33,2064
1786642200000,1.3301,1.3301,1.3265,1.327,872
1786643100000,1.3271,1.3295,1.3247,1.3288,23779
1786644000000,1.3294,1.333,1.329,1.3302,18679
1786644900000,1.3303,1.3307,1.3286,1.3286,1148
1786645800000,1.3288,1.3327,1.3285,1.3327,690
1786646700000,1.3328,1.334,1.3314,1.3327,4224
1786647600000,1.3332,1.3379,1.3327,1.3376,3130
1786648500000,1.3365,1.3365,1.3285,1.3306,30880
1786649400000,1.3324,1.3333,1.3313,1.3331,1335
1786650300000,1.3326,1.3335,1.3305,1.3315,1275
1786651200000,1.3315,1.3322,1.3307,1.3307,352
1786652100000,1.3318,1.3389,1.3312,1.3385,23152
1786653000000,1.3381,1.3391,1.3372,1.3377,486
1786653900000,1.3372,1.3376,1.3359,1.3365,315
1786654800000,1.3384,1.3391,1.3323,1.3344,559
1786655700000,1.3345,1.3378,1.3345,1.3378,892
1786656600000,1.3378,1.3387,1.3373,1.3383,334
1786657500000,1.3388,1.339,1.3373,1.3378,313
1786658400000,1.3387,1.3392,1.3374,1.3383,1133
1786659300000,1.3383,1.3383,1.3303,1.3309,3510
1786660200000,1.3318,1.3326,1.3304,1.3308,1517
1786661100000,1.3319,1.333,1.3317,1.333,390
1786662000000,1.3336,1.3336,1.328,1.3304,2940
1786662900000,1.3308,1.3312,1.33,1.3302,753
1786663800000,1.3301,1.3333,1.3296,1.3333,508
1786664700000,1.333,1.3346,1.333,1.3343,801
1786665600000,1.3339,1.3339,1.3265,1.3296,11638
1786666500000,1.3307,1.3345,1.3301,1.334,8467
1786667400000,1.3331,1.3357,1.3322,1.3349,2199
1786668300000,1.3331,1.3381,1.3325,1.3381,331
1786669200000,1.338,1.3383,1.334,1.3344,5185
1786670100000,1.3344,1.337,1.3331,1.3366,805
1786671000000,1.3366,1.3389,1.3363,1.3379,429
1786671900000,1.3365,1.3412,1.3365,1.3397,1832
1786672800000,1.3416,1.3451,1.3416,1.344,20936
1786673700000,1.3443,1.3449,1.3403,1.3406,1006
1786674600000,1.3401,1.3413,1.3324,1.3324,644
1786675500000,1.3324,1.3333,1.3292,1.3292,701
1786676400000,1.3289,1.3317,1.3287,1.331,5387
1786677300000,1.3311,1.3339,1.3305,1.3332,1796
1786678200000,1.3324,1.3327,1.3312,1.3327,885
1786679100000,1.3301,1.3303,1.327,1.327,1071
1786680000000,1.3263,1.3267,1.3238,1.3265,22086
1786680900000,1.3262,1.3274,1.3251,1.326,579
1786681800000,1.326,1.3267,1.326,1.3263,313
1786682700000,1.3263,1.3268,1.3263,1.3266,346
1786683600000,1.327,1.3312,1.326,1.3284,22503
1786684500000,1.3285,1.3308,1.3276,1.3308,625
1786685400000,1.3303,1.3309,1.3293,1.3301,288
1786686300000,1.3295,1.3302,1.3284,1.3297,1087
1786687200000,1.3297,1.3302,1.3287,1.3288,366
1786688100000,1.3288,1.3294,1.3269,1.3274,1994
1786689000000,1.3278,1.3286,1.3275,1.3276,651
1786689900000,1.3276,1.3281,1.3255,1.3273,1047
1786690800000,1.3283,1.3321,1.3278,1.329,1076
1786691700000,1.329,1.329,1.3253,1.3269,1935
1786692600000,1.3273,1.3273,1.3234,1.3244,647
1786693500000,1.3245,1.3258,1.3223,1.3223,972
1786694400000,1.3226,1.326,1.3219,1.3259,525
1786695300000,1.3264,1.3273,1.3244,1.3254,578
1786696200000,1.3269,1.329,1.3254,1.3275,462
1786697100000,1.3266,1.3269,1.3264,1.3265,305
1786698000000,1.3274,1.3277,1.3231,1.3262,842
1786698900000,1.3258,1.3262,1.3227,1.3252,1504
1786699800000,1.3252,1.3268,1.3242,1.3242,849
1786700700000,1.3242,1.3254,1.3238,1.3245,3641
1786701600000,1.323,1.3245,1.323,1.3244,549
1786702500000,1.3257,1.3261,1.323,1.323,321
1786703400000,1.3235,1.3252,1.3224,1.3252,765
1786704300000,1.3255,1.3255,1.3237,1.3246,357
1786705200000,1.3241,1.3257,1.3241,1.3252,636
1786706100000,1.3256,1.3296,1.3252,1.3282,2671
1786707000000,1.3284,1.3306,1.3269,1.3277,473
1786707900000,1.3277,1.329,1.3264,1.3276,606
1786708800000,1.3265,1.3312,1.326,1.3298,2094
1786709700000,1.3299,1.3324,1.3281,1.3281,1293
1786710600000,1.3291,1.332,1.3281,1.3288,2254
1786711500000,1.3302,1.3311,1.3281,1.3285,1854
1786712400000,1.3287,1.3289,1.3247,1.3253,17783
1786713300000,1.3261,1.3272,1.3235,1.3257,2244
1786714200000,1.3259,1.3265,1.3243,1.3256,264
1786715100000,1.3256,1.3269,1.3239,1.3263,7347
1786716000000,1.3271,1.3271,1.3236,1.3257,1342
1786716900000,1.3251,1.3266,1.3246,1.3266,647
1786717800000,1.3263,1.3322,1.3248,1.3278,4058
1786718700000,1.3278,1.3281,1.3256,1.3258,470
1786719600000,1.3261,1.3274,1.3251,1.3259,480
1786720500000,1.3259,1.3274,1.3239,1.3274,5891
1786721400000,1.3265,1.33,1.3261,1.3285,1494
1786722300000,1.3284,1.3298,1.3264,1.3268,6306
1786723200000,1.3266,1.327,1.3254,1.3258,6395
1786724100000,1.3263,1.3297,1.3257,1.3292,2992
1786725000000,1.3295,1.3311,1.3294,1.331,805
1786725900000,1.3306,1.3306,1.3287,1.3305,1691
1786726800000,1.3302,1.3336,1.3298,1.3327,1773
1786727700000,1.3326,1.3339,1.3319,1.3336,1844
1786728600000,1.3331,1.3338,1.332,1.332,582
1786729500000,1.332,1.333,1.3311,1.3316,1236
1786730400000,1.3316,1.3339,1.3297,1.3297,676
1786731300000,1.3302,1.331,1.3277,1.3283,886
1786732200000,1.328,1.328,1.32,1.3209,5549
1786733100000,1.3204,1.3228,1.3193,1.3228,26278
1786734000000,1.3215,1.3234,1.3212,1.3222,1606
1786734900000,1.3225,1.3263,1.322,1.3263,2126
1786735800000,1.3263,1.3283,1.3258,1.3279,338
1786736700000,1.3283,1.3296,1.3277,1.3287,14728
1786737600000,1.3282,1.3293,1.3273,1.3273,651
1786738500000,1.3272,1.3301,1.3271,1.3301,729
1786739400000,1.3296,1.3329,1.3296,1.3328,414
1786740300000,1.3322,1.335,1.3322,1.3334,314
1786741200000,1.3331,1.3346,1.3308,1.3329,2004
1786742100000,1.3329,1.3329,1.331,1.3312,1139
1786743000000,1.332,1.3331,1.3303,1.3303,343
1786743900000,1.3303,1.3308,1.33,1.3305,351
1786744800000,1.3318,1.3318,1.3296,1.3296,780
1786745700000,1.3291,1.3304,1.3286,1.3303,3050
1786746600000,1.3303,1.3338,1.3303,1.3322,339
1786747500000,1.332,1.332,1.3273,1.3293,731
1786748400000,1.3294,1.3306,1.3288,1.3295,352
1786749300000,1.3301,1.3304,1.3287,1.3301,272
1786750200000,1.3305,1.3345,1.3305,1.3335,331
1786751100000,1.3336,1.3366,1.3336,1.3366,459
1786752000000,1.337,1.34,1.3347,1.3383,4532
1786752900000,1.3373,1.3381,1.336,1.3376,909
1786753800000,1.338,1.338,1.3358,1.3368,1577
1786754700000,1.3365,1.3377,1.3354,1.3355,301
1786755600000,1.3347,1.3359,1.3339,1.3359,311
1786756500000,1.3354,1.336,1.3336,1.3336,446
1786757400000,1.3323,1.3347,1.3323,1.3332,424
1786758300000,1.3332,1.3359,1.3332,1.3346,390
1786759200000,1.3343,1.3349,1.3338,1.3341,326
1786760100000,1.3343,1.3356,1.3336,1.3336,2573
1786761000000,1.3334,1.3353,1.3325,1.3341,18930
1786761900000,1.3353,1.3353,1.3335,1.3341,274
1786762800000,1.3337,1.3351,1.3318,1.3333,399
1786763700000,1.3334,1.3355,1.3331,1.3349,3459
1786764600000,1.3343,1.338,1.3336,1.3377,1124
1786765500000,1.3373,1.3373,1.3331,1.3333,473
1786766400000,1.3338,1.335,1.3326,1.333,1206
1786767300000,1.3325,1.3342,1.3315,1.3336,567
1786768200000,1.3338,1.3338,1.3324,1.3329,908
1786769100000,1.3332,1.3359,1.3318,1.3353,3376
1786770000000,1.3359,1.339,1.3353,1.3378,439
1786770900000,1.338,1.3391,1.3345,1.3345,599
1786771800000,1.3352,1.3357,1.3337,1.3355,328
1786772700000,1.3351,1.3357,1.3336,1.3336,588
1786773600000,1.3338,1.3374,1.3338,1.3358,750
1786774500000,1.3358,1.3358,1.3347,1.3353,570
1786775400000,1.3355,1.3367,1.3354,1.3362,504
1786776300000,1.336,1.3365,1.3324,1.3335,1218
1786777200000,1.3332,1.3341,1.3317,1.3325,2725
1786778100000,1.3326,1.3326,1.3309,1.3315,233
1786779000000,1.3315,1.3326,1.3311,1.3322,357
1786779900000,1.3323,1.3364,1.3322,1.3346,3695
1786780800000,1.3345,1.3349,1.3321,1.3328,1306
1786781700000,1.3322,1.3335,1.3321,1.3322,427
1786782600000,1.3324,1.3377,1.3322,1.3362,1251
1786783500000,1.3362,1.3362,1.3343,1.3349,472
1786784400000,1.3339,1.3344,1.3336,1.3339,457
1786785300000,1.3339,1.3366,1.3336,1.3364,336
1786786200000,1.3364,1.338,1.3359,1.3374,831
1786787100000,1.336,1.3365,1.3335,1.3362,1113
1786788000000,1.3363,1.3372,1.3346,1.3361,325
1786788900000,1.3356,1.3363,1.3352,1.3354,877
1786789800000,1.3354,1.3372,1.3339,1.3359,1877
1786790700000,1.3364,1.3376,1.3357,1.3359,407
1786791600000,1.3357,1.3371,1.3349,1.3358,644
1786792500000,1.3367,1.3378,1.3367,1.3378,330
1786793400000,1.3375,1.3386,1.3369,1.3386,907
1786794300000,1.3386,1.3394,1.3379,1.339,332
1786795200000,1.3386,1.339,1.3368,1.3368,425
1786796100000,1.3369,1.339,1.3368,1.3385,1313
1786797000000,1.3375,1.3395,1.3356,1.3356,392
1786797900000,1.3357,1.338,1.335,1.3378,480
1786798800000,1.3379,1.338,1.3316,1.3329,1140
1786799700000,1.333,1.3387,1.3327,1.338,1070
1786800600000,1.3387,1.3389,1.3363,1.3383,617
1786801500000,1.3382,1.3385,1.3357,1.3367,450
1786802400000,1.337,1.3391,1.3367,1.3391,269
1786803300000,1.3397,1.3403,1.3382,1.3385,1083
1786804200000,1.3386,1.341,1.3386,1.3394,468
1786805100000,1.3388,1.3416,1.3386,1.3395,2697
1786806000000,1.3395,1.3415,1.3393,1.3406,1036
1786806900000,1.3408,1.3439,1.3402,1.3432,1439
1786807800000,1.3435,1.3483,1.3435,1.3457,1419
1786808700000,1.3457,1.3503,1.3455,1.3503,598
1786809600000,1.3501,1.3502,1.3462,1.3465,5307
1786810500000,1.3474,1.3495,1.3461,1.3483,470
1786811400000,1.3481,1.3514,1.3478,1.3512,1232
1786812300000,1.3499,1.3505,1.349,1.349,388
1786813200000,1.349,1.3534,1.349,1.3518,1771
1786814100000,1.3517,1.353,1.3513,1.3521,1032
1786815000000,1.3522,1.3535,1.3513,1.3526,558
1786815900000,1.3524,1.3525,1.3486,1.3492,627
1786816800000,1.3494,1.3595,1.3487,1.3594,3083
1786817700000,1.3576,1.3605,1.357,1.3605,1118
1786818600000,1.3615,1.3624,1.3586,1.3587,421
1786819500000,1.3588,1.3604,1.3577,1.3597,1032
1786820400000,1.3606,1.3606,1.3585,1.3587,469
1786821300000,1.3606,1.3607,1.3554,1.3565,840
1786822200000,1.3568,1.3598,1.3561,1.3585,476
1786823100000,1.3587,1.3587,1.3569,1.3577,109
1786824000000,1.3579,1.3595,1.3571,1.3571,385
1786824900000,1.3574,1.3584,1.356,1.3563,294
1786825800000,1.3562,1.3579,1.3562,1.3565,333
1786826700000,1.3561,1.3575,1.3555,1.3567,496
1786827600000,1.3565,1.3585,1.3555,1.3561,596
1786828500000,1.356,1.356,1.3546,1.3551,473
1786829400000,1.3551,1.3551,1.3535,1.3548,2700
1786830300000,1.3548,1.3587,1.3547,1.3574,425
1786831200000,1.3576,1.3576,1.3535,1.3535,846
1786832100000,1.3537,1.3552,1.353,1.3546,2789
1786833000000,1.3549,1.3549,1.3523,1.3546,15243
1786833900000,1.3558,1.3558,1.3517,1.3532,520
1786834800000,1.353,1.3532,1.3449,1.3464,5930
1786835700000,1.3456,1.3463,1.3432,1.3462,941
1786836600000,1.3463,1.3463,1.3445,1.345,340
1786837500000,1.3452,1.3453,1.344,1.3443,835
1786838400000,1.3443,1.3451,1.3414,1.3438,2301
1786839300000,1.3438,1.345,1.3434,1.3448,1139
1786840200000,1.3447,1.3452,1.3425,1.343,906
1786841100000,1.3427,1.3437,1.3422,1.3434,455
1786842000000,1.3431,1.3433,1.3411,1.3416,369
1786842900000,1.3418,1.3421,1.3399,1.3418,1018
1786843800000,1.3412,1.3412,1.3379,1.3401,284
1786844700000,1.3402,1.3433,1.3402,1.3433,400
1786845600000,1.3432,1.3432,1.3401,1.341,274
1786846500000,1.3417,1.3444,1.3417,1.3444,351
1786847400000,1.3445,1.3455,1.3441,1.3452,393
1786848300000,1.3464,1.3464,1.3408,1.3408,420
1786849200000,1.3408,1.3412,1.3407,1.3409,246
1786850100000,1.3409,1.3414,1.3404,1.3404,449
1786851000000,1.34,1.3405,1.3385,1.3385,882
1786851900000,1.3385,1.3404,1.3375,1.3401,251
1786852800000,1.3404,1.3414,1.339,1.339,529
1786853700000,1.3392,1.3408,1.3358,1.3361,482
1786854600000,1.3362,1.3375,1.3347,1.3375,1986
1786855500000,1.3373,1.3374,1.3358,1.3363,307
1786856400000,1.3362,1.3376,1.3362,1.3376,385
1786857300000,1.3371,1.3374,1.3355,1.3361,467
1786858200000,1.3371,1.3392,1.3371,1.3388,270
1786859100000,1.3389,1.3422,1.3385,1.3422,441
1786860000000,1.3421,1.3421,1.3399,1.3412,2327
1786860900000,1.3416,1.3423,1.3395,1.3395,640
1786861800000,1.3391,1.3395,1.3369,1.3372,358
1786862700000,1.3374,1.339,1.3374,1.339,293
1786863600000,1.3393,1.3394,1.3372,1.3379,466
1786864500000,1.3385,1.3397,1.3382,1.3397,1090
1786865400000,1.3397,1.3406,1.3382,1.3402,554
1786866300000,1.3402,1.3452,1.3402,1.3418,523
1786867200000,1.3415,1.3428,1.3407,1.3421,422
1786868100000,1.3424,1.3435,1.3415,1.3418,230
1786869000000,1.3417,1.3417,1.339,1.3399,239
1786869900000,1.3398,1.3404,1.3383,1.34,375
1786870800000,1.3399,1.3409,1.3386,1.3406,401
1786871700000,1.3405,1.3438,1.3399,1.3432,433
1786872600000,1.3431,1.3436,1.3418,1.3418,374
1786873500000,1.3413,1.3426,1.3413,1.3417,529
1786874400000,1.3416,1.3418,1.3404,1.3404,480
1786875300000,1.3404,1.3404,1.3392,1.3398,827
1786876200000,1.3398,1.3414,1.3396,1.3412,347
1786877100000,1.3415,1.346,1.3415,1.3434,421
1786878000000,1.3436,1.3437,1.3432,1.3437,474
1786878900000,1.3437,1.3448,1.3436,1.3437,625
1786879800000,1.3447,1.3464,1.3444,1.3453,7874
1786880700000,1.3453,1.3468,1.3453,1.3466,486
1786881600000,1.3465,1.3468,1.3452,1.3454,1128
1786882500000,1.3457,1.3457,1.3445,1.3448,996
1786883400000,1.3449,1.3468,1.3449,1.3452,302
1786884300000,1.3455,1.3455,1.3407,1.344,2117
1786885200000,1.3442,1.3449,1.3427,1.3449,379
1786886100000,1.3446,1.3446,1.3419,1.3425,271
1786887000000,1.3426,1.3449,1.3416,1.3446,433
1786887900000,1.3449,1.3473,1.3448,1.3451,356
1786888800000,1.3449,1.3453,1.3442,1.3449,310
1786889700000,1.3446,1.3502,1.3445,1.3496,1389
1786890600000,1.35,1.3524,1.3478,1.3482,2030
1786891500000,1.3482,1.35,1.3465,1.347,9895
1786892400000,1.3468,1.3474,1.3457,1.3457,303
1786893300000,1.346,1.3483,1.3447,1.3468,4785
1786894200000,1.3473,1.3473,1.3417,1.3453,1767
1786895100000,1.3456,1.3503,1.3456,1.3503,2594
1786896000000,1.351,1.3526,1.3505,1.3516,822
1786896900000,1.3517,1.3523,1.3479,1.3479,1291
1786897800000,1.3482,1.3504,1.347,1.3473,444
1786898700000,1.3472,1.3479,1.346,1.3476,679
1786899600000,1.3481,1.3486,1.3469,1.3486,1407
1786900500000,1.3483,1.3483,1.3439,1.3453,947
1786901400000,1.345,1.3459,1.3448,1.3452,341
1786902300000,1.3455,1.347,1.3418,1.3451,903
1786903200000,1.3442,1.3443,1.3417,1.3418,514
1786904100000,1.3432,1.3439,1.3418,1.3418,904
1786905000000,1.3422,1.3443,1.3418,1.3436,1402
1786905900000,1.3438,1.3438,1.3417,1.343,495
1786906800000,1.3431,1.3454,1.343,1.3446,5112
1786907700000,1.3446,1.3464,1.3446,1.3462,439
1786908600000,1.3463,1.3472,1.346,1.3466,893
1786909500000,1.3464,1.3482,1.3461,1.3462,1179
1786910400000,1.3464,1.3482,1.3463,1.3474,429
1786911300000,1.3474,1.3474,1.346,1.3468,544
1786912200000,1.3465,1.3465,1.3431,1.3431,929
1786913100000,1.3434,1.3457,1.3434,1.3442,1168
1786914000000,1.3453,1.3453,1.3412,1.3416,510
1786914900000,1.3416,1.3435,1.3413,1.3427,340
1786915800000,1.3425,1.3427,1.3343,1.3363,9514
1786916700000,1.3363,1.3372,1.3351,1.3362,2896
1786917600000,1.3369,1.338,1.3343,1.3376,366
1786918500000,1.3378,1.3383,1.3348,1.3362,21535
1786919400000,1.3363,1.3368,1.3334,1.3368,2647
1786920300000,1.3359,1.3359,1.3342,1.3358,443
1786921200000,1.3354,1.337,1.3304,1.3317,1305
1786922100000,1.3306,1.3332,1.3302,1.3313,5891
1786923000000,1.3315,1.334,1.3315,1.3339,430
1786923900000,1.3336,1.3341,1.3326,1.3332,453
1786924800000,1.3331,1.334,1.3278,1.3289,3401
1786925700000,1.3289,1.331,1.3277,1.331,2850
1786926600000,1.331,1.331,1.3276,1.3292,2695
1786927500000,1.3309,1.3309,1.3281,1.3296,287
1786928400000,1.3291,1.3335,1.3286,1.3293,4255
1786929300000,1.3299,1.3329,1.3294,1.3327,16897
1786930200000,1.3333,1.3368,1.3333,1.3362,42405
1786931100000,1.3349,1.335,1.3328,1.3334,714
1786932000000,1.3333,1.3338,1.333,1.3335,437
1786932900000,1.3336,1.3361,1.3324,1.3359,405
1786933800000,1.336,1.3361,1.3349,1.3361,350
1786934700000,1.337,1.3384,1.3367,1.3374,606
1786935600000,1.3376,1.3379,1.336,1.3362,518
1786936500000,1.3361,1.3365,1.3344,1.3346,441
1786937400000,1.3341,1.3358,1.334,1.3342,393
1786938300000,1.3343,1.3383,1.3342,1.3365,1015
1786939200000,1.3361,1.3391,1.3361,1.3375,577
1786940100000,1.3374,1.3388,1.3361,1.3388,976
1786941000000,1.3385,1.3385,1.3375,1.3378,1433
1786941900000,1.3376,1.3379,1.3367,1.3374,512
1786942800000,1.3377,1.3396,1.3369,1.3371,577
1786943700000,1.3371,1.3376,1.3342,1.3346,24920
1786944600000,1.3346,1.3346,1.3326,1.3328,296
1786945500000,1.3328,1.3353,1.3326,1.3337,4239
1786946400000,1.3332,1.3356,1.3322,1.3356,477
1786947300000,1.3353,1.3358,1.3346,1.335,276
1786948200000,1.3346,1.3351,1.334,1.3351,331
1786949100000,1.3355,1.3382,1.3274,1.3274,486
1786950000000,1.3282,1.333,1.3264,1.3324,2830
1786950900000,1.3325,1.333,1.3311,1.3313,708
1786951800000,1.3314,1.3315,1.3298,1.3309,524
1786952700000,1.33,1.3319,1.3299,1.3314,439
1786953600000,1.3314,1.3319,1.3298,1.3298,4829
1786954500000,1.3298,1.3317,1.3281,1.3317,13765
1786955400000,1.3302,1.3309,1.329,1.3299,588
1786956300000,1.3303,1.3307,1.3289,1.3307,455
1786957200000,1.3304,1.3307,1.3281,1.3298,719
1786958100000,1.3303,1.3317,1.3301,1.3306,711
1786959000000,1.3303,1.3314,1.328,1.3307,318
1786959900000,1.3301,1.3311,1.3301,1.3311,327
1786960800000,1.3311,1.3331,1.331,1.3329,278
1786961700000,1.3331,1.3333,1.3313,1.333,339
1786962600000,1.3335,1.3353,1.3327,1.3353,5124
1786963500000,1.3353,1.3357,1.3335,1.335,2057
1786964400000,1.335,1.3361,1.3341,1.3347,498
1786965300000,1.3345,1.337,1.3342,1.3363,370
1786966200000,1.3363,1.3363,1.3314,1.333,1050
1786967100000,1.3333,1.3342,1.3331,1.3332,584
1786968000000,1.3329,1.3333,1.331,1.3316,300
1786968900000,1.3328,1.3329,1.3307,1.3309,445
1786969800000,1.3318,1.332,1.3299,1.331,430
1786970700000,1.3309,1.3314,1.3302,1.3307,2546
1786971600000,1.3303,1.3312,1.3303,1.3309,307
1786972500000,1.3297,1.3305,1.3297,1.33,465
1786973400000,1.3295,1.3348,1.3295,1.3345,477
1786974300000,1.3332,1.3335,1.3326,1.3326,317
1786975200000,1.3327,1.3334,1.3309,1.3318,1324
1786976100000,1.3319,1.3325,1.329,1.3291,4222
1786977000000,1.3286,1.3301,1.3273,1.3283,705
1786977900000,1.3282,1.3301,1.3278,1.3289,473
1786978800000,1.3299,1.3311,1.3289,1.3297,277
1786979700000,1.3283,1.33,1.3273,1.3295,641
1786980600000,1.3293,1.3318,1.3286,1.3303,6942
1786981500000,1.3305,1.3318,1.3301,1.3301,3174
1786982400000,1.33,1.3359,1.3291,1.334,957
1786983300000,1.3323,1.3328,1.3311,1.3312,1081
1786984200000,1.3304,1.3311,1.3295,1.3295,385
1786985100000,1.3285,1.329,1.3275,1.329,252
1786986000000,1.3285,1.3289,1.3267,1.3271,3815
1786986900000,1.3272,1.3285,1.3265,1.327,1428
1786987800000,1.3268,1.3268,1.3199,1.3263,4716
1786988700000,1.3258,1.3276,1.3255,1.3276,456
1786989600000,1.3278,1.3289,1.3274,1.3281,429
1786990500000,1.3291,1.3301,1.3282,1.3287,526
1786991400000,1.3291,1.3317,1.3287,1.3304,971
1786992300000,1.3307,1.3307,1.3278,1.3281,4557
1786993200000,1.3276,1.3282,1.3259,1.3276,683
1786994100000,1.3273,1.3303,1.327,1.3303,476
1786995000000,1.3302,1.3303,1.3289,1.3301,669
1786995900000,1.3298,1.3298,1.3281,1.3288,363
1786996800000,1.3291,1.3291,1.3278,1.3278,359
1786997700000,1.3278,1.3289,1.327,1.3281,260
1786998600000,1.3281,1.3289,1.3277,1.3287,239
1786999500000,1.3286,1.3291,1.3279,1.328,1073
1787000400000,1.3284,1.3305,1.328,1.328,341
1787001300000,1.3281,1.3283,1.3277,1.3279,1213
1787002200000,1.3279,1.3283,1.3274,1.3283,240
1787003100000,1.3281,1.3287,1.3262,1.3266,1149
1787004000000,1.3262,1.3265,1.3249,1.3253,7973
1787004900000,1.3255,1.3258,1.3246,1.3246,815
1787005800000,1.3244,1.3245,1.3233,1.324,191
1787006700000,1.3239,1.3251,1.3238,1.3248,305
1787007600000,1.325,1.3272,1.3245,1.3269,239
1787008500000,1.327,1.328,1.3268,1.3278,360
1787009400000,1.3277,1.3292,1.3273,1.3276,255
1787010300000,1.3272,1.3292,1.3268,1.3278,402
1787011200000,1.3278,1.3284,1.3247,1.3261,3567
1787012100000,1.3262,1.3283,1.326,1.3271,1817
1787013000000,1.3275,1.3278,1.3267,1.3268,883
1787013900000,1.3267,1.3268,1.3264,1.3264,2069
1787014800000,1.3262,1.3262,1.322,1.323,4053
1787015700000,1.3232,1.3236,1.323,1.3236,48168
1787016600000,1.3233,1.3235,1.323,1.323,23752
1787017500000,1.323,1.3231,1.3206,1.3207,30523
1787018400000,1.3206,1.323,1.3206,1.3209,14817
1787019300000,1.3207,1.321,1.3206,1.3207,614
1787020200000,1.3206,1.3207,1.3206,1.3206,35909
1787021100000,1.3206,1.3209,1.3116,1.312,75804
1787022000000,1.3118,1.3123,1.3107,1.3107,11029
1787022900000,1.3107,1.3141,1.3107,1.3124,9314
1787023800000,1.3123,1.314,1.3108,1.3139,1350
1787024700000,1.3135,1.3143,1.3109,1.311,744
1787025600000,1.3109,1.312,1.3107,1.3114,25766
1787026500000,1.3112,1.3115,1.3107,1.3108,2601
1787027400000,1.3114,1.312,1.3109,1.3109,674
1787028300000,1.3117,1.3166,1.3116,1.3136,8951
1787029200000,1.3144,1.3146,1.3137,1.314,638
1787030100000,1.3139,1.3142,1.3107,1.3109,4166
1787031000000,1.3107,1.3108,1.3107,1.3108,14659
1787031900000,1.3107,1.3125,1.3107,1.3111,515
1787032800000,1.3122,1.3133,1.3118,1.3129,1101
1787033700000,1.3128,1.3159,1.3128,1.3159,197
1787034600000,1.3159,1.317,1.3148,1.3149,1180
1787035500000,1.3149,1.3156,1.3122,1.3122,18648
1787036400000,1.3123,1.3128,1.3122,1.3126,402
1787037300000,1.3122,1.315,1.3122,1.314,262
1787038200000,1.3142,1.3148,1.3127,1.3146,775
1787039100000,1.3148,1.315,1.3128,1.3136,2507
1787040000000,1.3135,1.3135,1.3107,1.3113,1416
1787040900000,1.311,1.3135,1.311,1.313,659
1787041800000,1.3128,1.3143,1.3115,1.3118,3105
1787042700000,1.3121,1.3137,1.3111,1.3133,2881
1787043600000,1.3133,1.3166,1.3133,1.316,9607
1787044500000,1.3162,1.3162,1.3152,1.3152,302
1787045400000,1.3151,1.318,1.3151,1.3165,6159
1787046300000,1.3169,1.3185,1.316,1.3168,8229
1787047200000,1.3168,1.3188,1.3149,1.3174,536
1787048100000,1.3173,1.319,1.3136,1.3147,441
1787049000000,1.3147,1.3167,1.3147,1.316,11887
1787049900000,1.3157,1.3157,1.3137,1.3137,352
1787050800000,1.3132,1.3159,1.3132,1.3157,230
1787051700000,1.3152,1.3153,1.3107,1.3107,35451
1787052600000,1.3103,1.3103,1.3071,1.3084,1456
1787053500000,1.3086,1.3098,1.3036,1.3072,3223
1787054400000,1.3062,1.3092,1.3016,1.3033,37576
1787055300000,1.3024,1.3047,1.2985,1.3034,7959
1787056200000,1.3038,1.3069,1.3038,1.3061,1081
1787057100000,1.3062,1.3089,1.3062,1.3062,11303
1787058000000,1.3062,1.3072,1.3035,1.3067,6833
1787058900000,1.3064,1.3072,1.3039,1.3047,479
1787059800000,1.3054,1.3105,1.3053,1.3091,1684
1787060700000,1.3093,1.3105,1.3069,1.3089,3812
1787061600000,1.3089,1.311,1.307,1.3083,800
1787062500000,1.3084,1.3143,1.3079,1.3134,9307
1787063400000,1.3148,1.3148,1.3111,1.3118,36937
1787064300000,1.3117,1.3135,1.3109,1.3129,43026
1787065200000,1.3128,1.3142,1.3127,1.313,757
1787066100000,1.3127,1.3145,1.3126,1.3134,861
1787067000000,1.3135,1.3149,1.3132,1.3132,5576
1787067900000,1.3135,1.3135,1.3117,1.3126,1139
1787068800000,1.3121,1.3146,1.3116,1.3137,19949
1787069700000,1.3131,1.3136,1.3121,1.3128,2710
1787070600000,1.3127,1.3206,1.3127,1.3164,10344
1787071500000,1.3158,1.3161,1.3139,1.3142,2169
1787072400000,1.3142,1.3168,1.3135,1.3142,2761
1787073300000,1.3142,1.3163,1.3104,1.3134,15282
1787074200000,1.3133,1.3419,1.3127,1.3392,238759
1787075100000,1.3376,1.3491,1.3324,1.3351,345236
1787076000000,1.3352,1.3379,1.3215,1.3227,66743
1787076900000,1.3223,1.3255,1.3223,1.3249,11036
1787077800000,1.3257,1.3259,1.3231,1.3239,4513
1787078700000,1.3237,1.3276,1.3237,1.325,3502
1787079600000,1.3256,1.328,1.3256,1.3257,15726
1787080500000,1.326,1.328,1.325,1.328,5098
1787081400000,1.3294,1.332,1.3251,1.3251,3167
1787082300000,1.325,1.3258,1.3187,1.3189,11731
1787083200000,1.319,1.3225,1.3186,1.3223,5840
1787084100000,1.3216,1.3245,1.32,1.3207,2956
1787085000000,1.3211,1.3233,1.3208,1.3217,609
1787085900000,1.3217,1.3222,1.3192,1.3222,1749
1787086800000,1.3222,1.326,1.3215,1.3237,5378
1787087700000,1.3236,1.3308,1.3228,1.3303,16771
1787088600000,1.3304,1.3304,1.3217,1.3218,8284
1787089500000,1.3234,1.3241,1.319,1.3202,19003
1787090400000,1.3204,1.324,1.3204,1.3225,1709
1787091300000,1.3226,1.3227,1.3192,1.32,11723
1787092200000,1.32,1.3221,1.3199,1.321,6990
1787093100000,1.3209,1.3209,1.3157,1.3168,1435
1787094000000,1.318,1.3188,1.3157,1.3188,12289
1787094900000,1.3185,1.32,1.3184,1.3199,320
1787095800000,1.3206,1.3206,1.3179,1.3203,869
1787096700000,1.3202,1.3223,1.3183,1.3212,7696
1787097600000,1.3207,1.322,1.3171,1.3195,6810
1787098500000,1.3196,1.3214,1.3193,1.3202,1172
1787099400000,1.3213,1.322,1.3199,1.3211,1509
1787100300000,1.3209,1.3234,1.3209,1.3211,701
1787101200000,1.3193,1.3199,1.3183,1.3191,857
1787102100000,1.3192,1.3209,1.3174,1.3209,6480
1787103000000,1.3246,1.3252,1.3219,1.3219,1354
1787103900000,1.3221,1.3238,1.3216,1.3233,335
1787104800000,1.3229,1.3234,1.3183,1.3212,1185
1787105700000,1.3203,1.3208,1.3193,1.3205,440
1787106600000,1.3203,1.3206,1.3172,1.3175,2547
1787107500000,1.3164,1.3196,1.3164,1.3176,574
1787108400000,1.3175,1.3189,1.3148,1.3168,53335
1787109300000,1.3186,1.319,1.3169,1.3172,1117
1787110200000,1.3174,1.3199,1.3171,1.3181,632
1787111100000,1.3179,1.3243,1.3179,1.3221,641
1787112000000,1.3224,1.3235,1.3204,1.3206,903
1787112900000,1.3207,1.321,1.3204,1.3205,535
1787113800000,1.3207,1.3218,1.3198,1.3198,1079
1787114700000,1.3198,1.3198,1.3183,1.3193,750
1787115600000,1.3192,1.3207,1.3192,1.3205,8863
1787116500000,1.3206,1.3242,1.3193,1.3239,8516
1787117400000,1.3239,1.3244,1.3218,1.3222,3492
1787118300000,1.3224,1.3234,1.3219,1.3219,453
1787119200000,1.3219,1.3219,1.3188,1.3191,743
1787120100000,1.3191,1.3211,1.3191,1.321,542
1787121000000,1.3206,1.3217,1.3182,1.3217,1430
1787121900000,1.3216,1.3242,1.3203,1.3212,7944
1787122800000,1.3208,1.3208,1.3184,1.3189,681
1787123700000,1.3191,1.32,1.318,1.3189,409
1787124600000,1.3185,1.3189,1.3173,1.3173,454
1787125500000,1.3172,1.3199,1.3172,1.3196,420
1787126400000,1.3188,1.3219,1.3187,1.3196,1123
1787127300000,1.3194,1.3234,1.319,1.3225,11806
1787128200000,1.3225,1.3244,1.3217,1.3237,527
1787129100000,1.3238,1.324,1.3198,1.321,4410
1787130000000,1.3211,1.3212,1.3201,1.3202,5605
1787130900000,1.3202,1.3202,1.3178,1.3186,13723
1787131800000,1.3184,1.3202,1.3173,1.3185,23452
1787132700000,1.3185,1.3193,1.3181,1.3192,385
1787133600000,1.3192,1.3208,1.3178,1.3178,1355
1787134500000,1.3185,1.3189,1.3179,1.3187,523
1787135400000,1.319,1.3197,1.3181,1.3186,372
1787136300000,1.3187,1.3215,1.3185,1.3204,789
1787137200000,1.3209,1.321,1.3194,1.3208,338
1787138100000,1.3208,1.3211,1.3188,1.3211,399
1787139000000,1.3209,1.3213,1.3199,1.3209,374
1787139900000,1.321,1.3231,1.321,1.3225,608
1787140800000,1.3224,1.3237,1.3224,1.3237,344
1787141700000,1.3236,1.3236,1.3216,1.3216,1011
1787142600000,1.3219,1.3246,1.3219,1.3245,612
1787143500000,1.3256,1.3289,1.3247,1.3266,2446
1787144400000,1.3264,1.3268,1.3248,1.3248,535
1787145300000,1.3234,1.3265,1.3229,1.326,9672
1787146200000,1.3257,1.3272,1.3257,1.3271,1022
1787147100000,1.326,1.3269,1.3229,1.3236,7100
1787148000000,1.3236,1.3291,1.3235,1.3266,1065
1787148900000,1.3262,1.3281,1.3259,1.327,630
1787149800000,1.3275,1.33,1.3268,1.3294,8071
1787150700000,1.3301,1.3359,1.3301,1.3348,27299
1787151600000,1.3344,1.3458,1.3252,1.3399,180698
1787152500000,1.3401,1.3532,1.3394,1.3478,46839
1787153400000,1.3499,1.3503,1.3427,1.3433,68019
1787154300000,1.3441,1.3457,1.3379,1.3422,56499
1787155200000,1.3419,1.346,1.3393,1.3413,38906
1787156100000,1.3422,1.3459,1.3405,1.3459,6692
1787157000000,1.3444,1.3479,1.3437,1.346,49538
1787157900000,1.3458,1.3518,1.3454,1.3466,6260
1787158800000,1.3479,1.3479,1.3404,1.3405,113521
1787159700000,1.3407,1.3433,1.3407,1.3421,12637
1787160600000,1.3422,1.3426,1.3398,1.3426,4658
1787161500000,1.3427,1.3452,1.3421,1.3435,4111
1787162400000,1.3439,1.3447,1.34,1.3417,45385
1787163300000,1.3415,1.3462,1.3405,1.3461,20763
1787164200000,1.3455,1.3502,1.3447,1.3485,9072
1787165100000,1.3475,1.3481,1.3454,1.3481,2868
1787166000000,1.3476,1.3481,1.3446,1.3446,4732
1787166900000,1.3457,1.3509,1.3452,1.3472,6813
1787167800000,1.3474,1.3525,1.3474,1.351,21146
1787168700000,1.3508,1.351,1.348,1.3509,16218
1787169600000,1.351,1.3557,1.3508,1.3519,144344
1787170500000,1.3512,1.3532,1.3492,1.3523,28982
1787171400000,1.3531,1.3579,1.3511,1.3523,36722
1787172300000,1.3523,1.3696,1.3516,1.3685,35513
1787173200000,1.3688,1.3811,1.3675,1.3713,85508
1787174100000,1.371,1.3838,1.3685,1.3825,37230
1787175000000,1.3843,1.3851,1.3692,1.373,14084
1787175900000,1.3731,1.3769,1.3714,1.3714,2786
1787176800000,1.3734,1.3734,1.3604,1.3646,30173
1787177700000,1.3638,1.3644,1.3604,1.3612,14715
1787178600000,1.3613,1.366,1.36,1.3643,20966
1787179500000,1.3643,1.3643,1.36,1.3609,6443
1787180400000,1.36,1.3613,1.36,1.3603,3346
1787181300000,1.3606,1.3621,1.36,1.3615,599
1787182200000,1.3616,1.3641,1.3614,1.3637,405
1787183100000,1.3632,1.3672,1.3628,1.3672,505
1787184000000,1.3672,1.3717,1.365,1.3678,28216
1787184900000,1.3675,1.3694,1.3666,1.3677,1890
1787185800000,1.3677,1.3711,1.3662,1.3677,19945
1787186700000,1.3674,1.368,1.3577,1.3585,8882
1787187600000,1.3588,1.361,1.3572,1.3587,2224
1787188500000,1.3577,1.3588,1.355,1.3567,41158
1787189400000,1.3574,1.3601,1.3574,1.3597,6244
1787190300000,1.3601,1.3614,1.3601,1.3612,745
1787191200000,1.3613,1.3618,1.3604,1.3604,2570
1787192100000,1.3602,1.3621,1.3598,1.3598,511
1787193000000,1.3601,1.3616,1.3595,1.3613,1115
1787193900000,1.36,1.3601,1.3585,1.3593,2173
1787194800000,1.359,1.359,1.3502,1.3526,3293
1787195700000,1.3523,1.3554,1.3523,1.3531,604
1787196600000,1.3526,1.3545,1.3478,1.3494,8112
1787197500000,1.3493,1.3509,1.3493,1.3502,1433
1787198400000,1.35,1.3517,1.3494,1.3514,964
1787199300000,1.3509,1.356,1.3509,1.3546,10486
1787200200000,1.3542,1.3543,1.3508,1.3536,31274
1787201100000,1.3533,1.3549,1.3528,1.3543,4999
1787202000000,1.3538,1.3556,1.3528,1.3528,959
1787202900000,1.3525,1.3541,1.3524,1.3537,512
1787203800000,1.3535,1.3549,1.3523,1.3523,9287
1787204700000,1.3519,1.3522,1.3503,1.3507,2225
1787205600000,1.351,1.3528,1.3499,1.3517,3268
1787206500000,1.3517,1.3575,1.3514,1.3559,7789
1787207400000,1.3556,1.3587,1.3555,1.3577,4387
1787208300000,1.358,1.3599,1.3573,1.3594,7059
1787209200000,1.3591,1.3591,1.3573,1.3577,7802
1787210100000,1.3567,1.3573,1.355,1.355,2186
1787211000000,1.355,1.3577,1.355,1.3577,16026
1787211900000,1.3566,1.3594,1.3547,1.3575,25703
1787212800000,1.3576,1.3698,1.3572,1.3688,23683
1787213700000,1.3685,1.3754,1.3674,1.3752,25260
1787214600000,1.3756,1.3868,1.3708,1.3831,348423
1787215500000,1.3831,1.3871,1.3793,1.3838,154816
1787216400000,1.385,1.3858,1.3807,1.3845,69036
1787217300000,1.3848,1.3929,1.3839,1.3877,52126
1787218200000,1.3881,1.4014,1.3876,1.3943,59641
1787219100000,1.3945,1.3982,1.3886,1.3945,72425
1787220000000,1.3944,1.3949,1.3886,1.3947,78461
1787220900000,1.3946,1.396,1.3894,1.3905,41051
1787221800000,1.391,1.3912,1.3872,1.3884,36172
1787222700000,1.3892,1.3905,1.387,1.3905,41771
1787223600000,1.3911,1.3927,1.3875,1.3907,58827
1787224500000,1.3897,1.3966,1.3878,1.3966,80694
1787225400000,1.3953,1.4043,1.3949,1.4016,100381
1787226300000,1.4018,1.4034,1.3983,1.4018,73796
1787227200000,1.4019,1.4172,1.4014,1.4028,65134
1787228100000,1.4032,1.4047,1.3971,1.3985,32194
1787229000000,1.3989,1.4031,1.3904,1.3999,49924
1787229900000,1.4,1.402,1.3962,1.4014,117288
1787230800000,1.4013,1.4059,1.3999,1.4005,73754
1787231700000,1.4008,1.4011,1.3927,1.3951,146819
1787232600000,1.3959,1.3963,1.3824,1.3888,156819
1787233500000,1.3896,1.3924,1.3847,1.3889,38739
1787234400000,1.389,1.3965,1.388,1.3943,60244
1787235300000,1.3931,1.3935,1.3868,1.3868,23326
1787236200000,1.3872,1.3892,1.3853,1.3872,25060
1787237100000,1.3871,1.3945,1.385,1.3925,208859
1787238000000,1.3919,1.4047,1.3909,1.4032,89902
1787238900000,1.4037,1.4046,1.395,1.3993,100763
1787239800000,1.4006,1.4072,1.398,1.3981,54284
1787240700000,1.3973,1.4019,1.3973,1.4002,26847
1787241600000,1.3993,1.4019,1.396,1.399,5168
1787242500000,1.3988,1.3997,1.3919,1.3956,9578
1787243400000,1.3959,1.3992,1.3935,1.3992,65291
1787244300000,1.3988,1.4029,1.398,1.4017,3380
1787245200000,1.4007,1.4022,1.4005,1.4014,2222
1787246100000,1.4012,1.4025,1.3965,1.3975,96759
1787247000000,1.3975,1.3994,1.3933,1.3947,22500
1787247900000,1.395,1.3981,1.3946,1.3978,920
1787248800000,1.3957,1.3969,1.388,1.388,22435
1787249700000,1.3892,1.3897,1.3851,1.3851,5308
1787250600000,1.3854,1.3862,1.383,1.3859,19930
1787251500000,1.3863,1.387,1.38,1.38,31994
1787252400000,1.38,1.3824,1.3777,1.3813,51280
1787253300000,1.3818,1.3848,1.381,1.3836,52802
1787254200000,1.3834,1.386,1.3822,1.3852,1350
1787255100000,1.3853,1.3863,1.3837,1.3845,1138
1787256000000,1.3845,1.387,1.3843,1.3853,10525
1787256900000,1.3857,1.3865,1.3852,1.3863,5945
1787257800000,1.3864,1.3885,1.3851,1.3867,1014
1787258700000,1.3854,1.3865,1.3843,1.386,2506
1787259600000,1.3863,1.3871,1.3855,1.3855,1248
1787260500000,1.386,1.3874,1.3841,1.3861,590
1787261400000,1.386,1.3893,1.386,1.3891,538
1787262300000,1.3892,1.3908,1.3883,1.3908,1073
1787263200000,1.3907,1.3925,1.3877,1.3922,7837
1787264100000,1.391,1.3944,1.391,1.3938,1420
1787265000000,1.3935,1.3936,1.3917,1.3917,983
1787265900000,1.3919,1.3976,1.3919,1.3947,5190
1787266800000,1.3948,1.4017,1.3948,1.4013,24539
1787267700000,1.4013,1.4043,1.4003,1.4031,1645
1787268600000,1.4038,1.4038,1.4,1.4004,1266
1787269500000,1.4007,1.4017,1.4005,1.4008,557
1787270400000,1.4,1.4058,1.3983,1.4058,7760
1787271300000,1.4048,1.4059,1.3983,1.3983,1251
1787272200000,1.3961,1.399,1.3933,1.3962,36909
1787273100000,1.3964,1.3983,1.3944,1.3978,37347
1787274000000,1.3977,1.4054,1.3958,1.4054,43159
1787274900000,1.4054,1.4085,1.4033,1.407,79813
1787275800000,1.407,1.4139,1.4063,1.4093,77867
1787276700000,1.4092,1.42,1.4081,1.4198,61287
1787277600000,1.4198,1.4201,1.4141,1.4184,109701
1787278500000,1.4184,1.4224,1.4184,1.4223,33611
1787279400000,1.4223,1.4225,1.4174,1.4185,28259
1787280300000,1.4185,1.4185,1.4128,1.4149,33793
1787281200000,1.4148,1.4184,1.412,1.4184,32912
1787282100000,1.4184,1.4235,1.4117,1.415,28543
1787283000000,1.415,1.4218,1.4149,1.4191,32889
1787283900000,1.4189,1.4214,1.4157,1.4158,14453
1787284800000,1.4162,1.4191,1.4134,1.4165,2539
1787285700000,1.4172,1.419,1.4152,1.4186,14475
1787286600000,1.4181,1.4231,1.4181,1.4221,12576
1787287500000,1.4218,1.4226,1.4208,1.4222,355
1787288400000,1.4221,1.4225,1.4205,1.4218,1222
1787289300000,1.4213,1.423,1.4206,1.4206,420
1787290200000,1.4204,1.4223,1.4204,1.422,10812
1787291100000,1.422,1.4681,1.422,1.4617,208594
1787292000000,1.4619,1.4905,1.4587,1.4768,727581
1787292900000,1.4767,1.4874,1.458,1.4628,137796
1787293800000,1.4614,1.4655,1.45,1.4586,27654
1787294700000,1.4578,1.4618,1.4548,1.4589,37430
1787295600000,1.4592,1.4792,1.4574,1.4708,195123
1787296500000,1.4718,1.4886,1.4708,1.4839,49596
1787297400000,1.4832,1.4879,1.4791,1.4833,78369
1787298300000,1.4833,1.4892,1.4811,1.4854,40921
1787299200000,1.4856,1.4946,1.4841,1.4907,142309
1787300100000,1.4915,1.4974,1.4834,1.4841,99083
1787301000000,1.4843,1.4868,1.4713,1.4736,142039
1787301900000,1.4728,1.4787,1.4611,1.4702,111893
1787302800000,1.4688,1.4738,1.4295,1.4356,290737
1787303700000,1.4346,1.4349,1.4192,1.4314,293148
1787304600000,1.4319,1.4606,1.4304,1.4537,250061
1787305500000,1.4532,1.4576,1.4382,1.4485,55459
1787306400000,1.4499,1.45,1.4191,1.4248,186038
1787307300000,1.4248,1.4275,1.4199,1.4245,234739
1787308200000,1.4245,1.4254,1.4208,1.4227,136659
1787309100000,1.4222,1.428,1.4217,1.4235,247866
1787310000000,1.4244,1.4401,1.4201,1.4331,210882
1787310900000,1.4368,1.4444,1.4352,1.4421,53041
1787311800000,1.4432,1.4612,1.4277,1.4483,635093
1787312700000,1.4476,1.4556,1.4425,1.4494,217631
1787313600000,1.4492,1.4554,1.4458,1.4531,58985
1787314500000,1.4534,1.4576,1.4505,1.454,32087
1787315400000,1.4542,1.4603,1.4461,1.4576,76474
1787316300000,1.4574,1.4692,1.456,1.4666,183902
1787317200000,1.4666,1.4768,1.466,1.4682,218865
1787318100000,1.4684,1.4699,1.4572,1.4639,67817
1787319000000,1.4635,1.4669,1.4505,1.4656,43637
1787319900000,1.4653,1.473,1.4641,1.4693,43344
1787320800000,1.4699,1.4706,1.4563,1.4579,27638
1787321700000,1.4588,1.465,1.4509,1.464,95180
1787322600000,1.4647,1.4656,1.4577,1.4609,21113
1787323500000,1.4609,1.473,1.4609,1.471,58302
1787324400000,1.4707,1.4746,1.4661,1.4693,48041
1787325300000,1.4693,1.4737,1.4649,1.4736,107936
1787326200000,1.4736,1.4855,1.4728,1.4831,201906
1787327100000,1.4841,1.4861,1.4723,1.473,172055
1787328000000,1.4751,1.4812,1.4724,1.4739,90914
1787328900000,1.4739,1.4767,1.468,1.4767,8754
1787329800000,1.4766,1.4767,1.4749,1.4759,5350
1787330700000,1.4767,1.4767,1.4739,1.474,3444
1787331600000,1.4735,1.4767,1.4713,1.4757,52408
1787332500000,1.4756,1.4756,1.45,1.4612,63293
1787333400000,1.4622,1.4667,1.4605,1.4607,15641
1787334300000,1.4609,1.4669,1.4609,1.464,44290
1787335200000,1.4631,1.4717,1.4631,1.4692,16136
1787336100000,1.4692,1.4704,1.4656,1.4656,14733
1787337000000,1.4651,1.4714,1.4557,1.4558,89623
1787337900000,1.4558,1.4591,1.4479,1.4591,33773
1787338800000,1.4591,1.4591,1.4467,1.4541,21953
1787339700000,1.4544,1.4595,1.4504,1.4595,2611
1787340600000,1.4603,1.462,1.4564,1.462,27330
1787341500000,1.4621,1.4641,1.4584,1.4641,5005
1787342400000,1.4641,1.4705,1.4584,1.4705,2413
1787343300000,1.4705,1.4778,1.4688,1.4776,61042
1787344200000,1.4776,1.4776,1.473,1.475,5655
1787345100000,1.475,1.4783,1.4735,1.4783,3430
1787346000000,1.4785,1.4848,1.4773,1.4843,9238
1787346900000,1.4841,1.4895,1.48,1.4875,19437
1787347800000,1.4874,1.4893,1.4837,1.4854,17330
1787348700000,1.4856,1.4981,1.4856,1.4942,34139
1787349600000,1.4937,1.4974,1.4923,1.495,9484
1787350500000,1.4954,1.4965,1.4908,1.4954,23058
1787351400000,1.4954,1.4956,1.4881,1.4945,29340
1787352300000,1.4948,1.4948,1.4865,1.4887,97678
1787353200000,1.4892,1.4938,1.4851,1.4905,26890
1787354100000,1.4905,1.4955,1.4896,1.4921,21072
1787355000000,1.4925,1.493,1.4867,1.4911,14162
1787355900000,1.4909,1.4956,1.4888,1.4942,44962
1787356800000,1.4946,1.4956,1.483,1.4884,91944
1787357700000,1.4885,1.4943,1.486,1.488,35478
1787358600000,1.488,1.4944,1.4873,1.4876,15587
1787359500000,1.4883,1.4956,1.4843,1.495,16406
1787360400000,1.4954,1.4973,1.4889,1.489,39905
1787361300000,1.4894,1.4934,1.4894,1.49,13326
1787362200000,1.4903,1.4971,1.4898,1.4917,10423
1787363100000,1.4923,1.4946,1.4891,1.491,10438
1787364000000,1.4899,1.503,1.4885,1.5017,36608
1787364900000,1.5017,1.5134,1.5016,1.5126,30975
1787365800000,1.5134,1.5284,1.5049,1.5253,98736
1787366700000,1.5269,1.539,1.524,1.5365,26690
1787367600000,1.5364,1.545,1.5279,1.5298,127398
1787368500000,1.5284,1.547,1.5279,1.5449,35572
1787369400000,1.5448,1.5454,1.5334,1.5354,42930
1787370300000,1.5355,1.5424,1.5306,1.5387,24927
1787371200000,1.5371,1.5494,1.5322,1.5457,43681
1787372100000,1.5462,1.5556,1.5445,1.554,24081
1787373000000,1.5536,1.5615,1.5486,1.5542,14220
1787373900000,1.5534,1.5621,1.5486,1.5551,33232
1787374800000,1.5541,1.5638,1.3869,1.4792,709778
1787375700000,1.4755,1.4856,1.4496,1.4781,288097
1787376600000,1.4788,1.4882,1.4633,1.4692,128923
1787377500000,1.4699,1.4874,1.4698,1.4813,62270
1787378400000,1.4805,1.4839,1.4469,1.4617,278593
1787379300000,1.4608,1.4701,1.4606,1.4668,68482
1787380200000,1.4651,1.4737,1.4574,1.4703,46797
1787381100000,1.4702,1.4753,1.4621,1.4712,41294
1787382000000,1.4706,1.4797,1.4625,1.4693,181145
1787382900000,1.4695,1.4792,1.4645,1.4792,27898
1787383800000,1.4796,1.4839,1.4711,1.4748,21878
1787384700000,1.4745,1.4781,1.4663,1.4731,20671
1787385600000,1.4727,1.4762,1.4617,1.4718,19571
1787386500000,1.4722,1.4731,1.4466,1.4512,44403
1787387400000,1.4508,1.4572,1.4468,1.4563,49698
1787388300000,1.4562,1.4562,1.4404,1.4462,41933
1787389200000,1.4465,1.4488,1.4351,1.448,38953
1787390100000,1.4473,1.4838,1.4457,1.4565,352305
1787391000000,1.4564,1.4565,1.4421,1.4481,245402
1787391900000,1.448,1.448,1.4404,1.4455,70584
1787392800000,1.4455,1.4463,1.4293,1.4302,66102
1787393700000,1.432,1.4368,1.4208,1.4271,46989
1787394600000,1.4257,1.4394,1.4244,1.437,31592
1787395500000,1.4387,1.4387,1.4304,1.4352,70614
1787396400000,1.4353,1.4353,1.4284,1.4316,10954
1787397300000,1.4311,1.4358,1.4301,1.4333,12288
1787398200000,1.4333,1.441,1.433,1.4394,19742
1787399100000,1.4391,1.4411,1.4343,1.4369,12034
1787400000000,1.4357,1.4589,1.4356,1.4474,356598
1787400900000,1.4478,1.4528,1.4419,1.4433,176045
1787401800000,1.4433,1.4505,1.442,1.4472,129641
1787402700000,1.4475,1.4489,1.4437,1.4437,15519
1787403600000,1.4439,1.446,1.4384,1.4451,12202
1787404500000,1.4466,1.4481,1.4391,1.4439,10139
1787405400000,1.4439,1.4443,1.4392,1.4419,10187
1787406300000,1.4416,1.445,1.4414,1.442,9178
1787407200000,1.4419,1.4424,1.4328,1.435,36052
1787408100000,1.4359,1.4404,1.4329,1.44,9376
1787409000000,1.4399,1.4471,1.4387,1.4395,10783
1787409900000,1.4396,1.4396,1.4298,1.4363,17227
1787410800000,1.4362,1.4362,1.427,1.427,9605
1787411700000,1.4276,1.4342,1.4268,1.4342,9112
1787412600000,1.4346,1.4377,1.4315,1.433,10760
1787413500000,1.4338,1.4378,1.4331,1.434,9297
1787414400000,1.4337,1.4402,1.4327,1.4376,12658
1787415300000,1.4379,1.4471,1.4378,1.4451,11479
1787416200000,1.4452,1.4498,1.4436,1.4482,9290
1787417100000,1.4483,1.4505,1.4447,1.4461,9459
1787418000000,1.448,1.4508,1.4301,1.438,27439
1787418900000,1.4388,1.4423,1.4358,1.4373,12839
1787419800000,1.4383,1.4566,1.4375,1.4497,44135
1787420700000,1.4503,1.4532,1.4472,1.4526,13712
1787421600000,1.4523,1.4556,1.4512,1.4534,11561
1787422500000,1.4539,1.4609,1.4534,1.4562,11584
1787423400000,1.4573,1.4588,1.4536,1.455,16331
1787424300000,1.4547,1.4547,1.4442,1.4486,11545
1787425200000,1.4477,1.4498,1.4423,1.4463,40203
1787426100000,1.4471,1.4504,1.4428,1.4486,9879
1787427000000,1.4482,1.4536,1.4473,1.453,9392
1787427900000,1.4534,1.4588,1.4526,1.4565,12676
1787428800000,1.4563,1.4626,1.456,1.4596,31480
1787429700000,1.4597,1.4597,1.4554,1.4585,47354
1787430600000,1.4587,1.4644,1.4583,1.464,45721
1787431500000,1.4636,1.464,1.4537,1.4562,68596
1787432400000,1.4562,1.4563,1.4394,1.4394,149273
1787433300000,1.4392,1.4418,1.4374,1.4418,91729
1787434200000,1.4418,1.442,1.422,1.4227,47260
1787435100000,1.4228,1.4273,1.4202,1.4273,13576
1787436000000,1.4267,1.4344,1.4245,1.4339,5049
1787436900000,1.4327,1.4365,1.43,1.4355,4260
1787437800000,1.435,1.4384,1.433,1.4378,16713
1787438700000,1.4383,1.444,1.4369,1.4407,3817
1787439600000,1.44,1.4462,1.4378,1.4386,6042
1787440500000,1.4386,1.4386,1.4375,1.4385,9066
1787441400000,1.4386,1.4399,1.4347,1.4394,24770
1787442300000,1.4386,1.4461,1.4386,1.4456,3679
1787443200000,1.445,1.4533,1.4405,1.4439,19547
1787444100000,1.4439,1.4489,1.4435,1.4476,5229
1787445000000,1.448,1.4496,1.4458,1.4474,4932
1787445900000,1.4472,1.4501,1.4463,1.4493,1690
1787446800000,1.4491,1.4504,1.4447,1.4492,6559
1787447700000,1.4497,1.4497,1.4452,1.4461,1360
1787448600000,1.4519,1.4576,1.4464,1.4565,24308
1787449500000,1.4564,1.4593,1.4486,1.4504,5468
1787450400000,1.4507,1.451,1.4312,1.4322,8840
1787451300000,1.4317,1.4565,1.4317,1.4565,294603
1787452200000,1.4573,1.4715,1.4563,1.4601,295109
1787453100000,1.4595,1.4752,1.4556,1.4646,370355
1787454000000,1.4643,1.4654,1.4549,1.4574,104557
1787454900000,1.4579,1.462,1.4521,1.4564,55281
1787455800000,1.4565,1.4601,1.4394,1.4441,330757
1787456700000,1.4444,1.4532,1.443,1.447,131177
1787457600000,1.4446,1.4513,1.439,1.4513,11552
1787458500000,1.4513,1.455,1.4428,1.4503,14822
1787459400000,1.4485,1.4485,1.4416,1.4416,6224
1787460300000,1.4408,1.4408,1.4311,1.4341,9305
1787461200000,1.4346,1.4418,1.4297,1.4304,12576
1787462100000,1.4285,1.4457,1.4228,1.4422,25195
1787463000000,1.4422,1.4437,1.4381,1.4403,16308
1787463900000,1.4402,1.4455,1.4394,1.44,7189
1787464800000,1.44,1.4418,1.4261,1.4398,207162
1787465700000,1.4391,1.445,1.4379,1.4443,21022
1787466600000,1.4453,1.4593,1.4453,1.4593,155107
1787467500000,1.4599,1.4602,1.4545,1.4565,5262
1787468400000,1.4566,1.4632,1.4546,1.4608,25776
1787469300000,1.4615,1.4615,1.4552,1.4601,11323
1787470200000,1.4601,1.4719,1.46,1.4713,150565
1787471100000,1.4713,1.4761,1.4713,1.4758,107602
1787472000000,1.4758,1.4807,1.4713,1.4774,69257
1787472900000,1.476,1.4819,1.4725,1.4799,47097
1787473800000,1.4798,1.4855,1.477,1.4848,46529
1787474700000,1.4848,1.4934,1.4827,1.4925,62280
1787475600000,1.4922,1.4935,1.4846,1.4925,56535
1787476500000,1.4917,1.4917,1.4721,1.4782,63225
1787477400000,1.478,1.482,1.4756,1.482,5014
1787478300000,1.4826,1.4913,1.4805,1.4807,15426
1787479200000,1.4806,1.4933,1.4806,1.4917,9622
1787480100000,1.49,1.4926,1.483,1.4905,93584
1787481000000,1.4895,1.4914,1.4856,1.4903,7861
1787481900000,1.4894,1.494,1.4887,1.493,15759
1787482800000,1.4936,1.503,1.4933,1.4967,5462
1787483700000,1.4968,1.549,1.4968,1.5445,215572
1787484600000,1.5445,1.5445,1.5282,1.5305,90164
1787485500000,1.5273,1.5276,1.5177,1.523,39558
1787486400000,1.5227,1.5244,1.5121,1.5169,6792
1787487300000,1.5175,1.5211,1.5093,1.5101,35816
1787488200000,1.5101,1.5173,1.5067,1.5171,44993
1787489100000,1.5171,1.5215,1.5047,1.5047,27080
1787490000000,1.5053,1.5115,1.5027,1.5105,12104
1787490900000,1.5111,1.5226,1.5111,1.5223,31332
1787491800000,1.5234,1.5315,1.5155,1.5261,26303
1787492700000,1.5274,1.5319,1.5246,1.5285,23929
1787493600000,1.5289,1.5394,1.5288,1.536,48944
1787494500000,1.5345,1.5345,1.5257,1.5264,8912
1787495400000,1.5239,1.5243,1.4957,1.5033,17957
1787496300000,1.5054,1.5208,1.5054,1.5207,6388
1787497200000,1.5215,1.5241,1.5152,1.5182,31584
1787498100000,1.5163,1.5186,1.5094,1.5158,1058
1787499000000,1.5187,1.5199,1.5157,1.5188,1240
1787499900000,1.5172,1.5208,1.5132,1.5141,1501
1787500800000,1.5159,1.5243,1.5141,1.516,1574
1787501700000,1.5153,1.5181,1.5127,1.5132,7475
1787502600000,1.5128,1.5189,1.5128,1.5164,25708
1787503500000,1.5162,1.518,1.5137,1.5178,8269
1787504400000,1.5182,1.5218,1.5139,1.5174,10908
1787505300000,1.5155,1.523,1.5148,1.5188,3491
1787506200000,1.5188,1.5324,1.5172,1.5243,108353
1787507100000,1.5232,1.5262,1.521,1.523,21451
1787508000000,1.523,1.5272,1.5212,1.5272,10044
1787508900000,1.5269,1.533,1.5269,1.5327,11383
1787509800000,1.5329,1.5329,1.5291,1.5293,8764
1787510700000,1.5293,1.5303,1.5252,1.5273,31852
1787511600000,1.5273,1.5309,1.511,1.5132,41539
1787512500000,1.5133,1.5161,1.5095,1.5095,38136
1787513400000,1.5095,1.5178,1.5074,1.5132,37361
1787514300000,1.5133,1.5165,1.513,1.5147,25515
1787515200000,1.5144,1.5144,1.5055,1.5055,15140
1787516100000,1.5035,1.5096,1.5035,1.5096,6046
1787517000000,1.5096,1.5096,1.5058,1.5075,1020
1787517900000,1.5092,1.5092,1.5047,1.5061,468
1787518800000,1.5063,1.5138,1.5063,1.5127,3233
1787519700000,1.5126,1.5219,1.5126,1.5216,3747
1787520600000,1.5204,1.522,1.5064,1.5071,7840
1787521500000,1.5081,1.5124,1.5022,1.5042,6550
1787522400000,1.5043,1.5062,1.4992,1.5014,39657
1787523300000,1.4995,1.5029,1.4982,1.5016,10860
1787524200000,1.5016,1.5016,1.4963,1.4967,19343
1787525100000,1.4969,1.5036,1.4945,1.4984,67799
1787526000000,1.4978,1.4978,1.4906,1.4942,16901
1787526900000,1.4938,1.4965,1.4894,1.4944,5337
1787527800000,1.4977,1.5009,1.493,1.493,717
1787528700000,1.4928,1.4972,1.4928,1.4952,392
1787529600000,1.4958,1.4979,1.4834,1.4948,16948
1787530500000,1.4947,1.4962,1.4886,1.4909,35002
1787531400000,1.4912,1.4994,1.484,1.484,6622
1787532300000,1.4837,1.4945,1.4828,1.4945,11085
1787533200000,1.494,1.494,1.4835,1.4843,2408
1787534100000,1.4834,1.4855,1.4782,1.4793,18253
1787535000000,1.478,1.4786,1.4672,1.4696,3626
1787535900000,1.4677,1.4703,1.4597,1.4604,5871
1787536800000,1.4624,1.4731,1.4598,1.4731,2952
1787537700000,1.4737,1.4807,1.4737,1.4742,993
1787538600000,1.4744,1.4849,1.4744,1.4814,1058
1787539500000,1.4856,1.4871,1.472,1.4747,4280
1787540400000,1.4758,1.4758,1.4612,1.4629,22775
1787541300000,1.4625,1.4702,1.4614,1.47,81924
1787542200000,1.47,1.47,1.4637,1.4681,16704
1787543100000,1.4682,1.4771,1.4682,1.4698,167899
1787544000000,1.4697,1.4728,1.4697,1.4722,4743
1787544900000,1.4742,1.4769,1.4732,1.4753,2986
1787545800000,1.4757,1.4768,1.4733,1.4759,1694
1787546700000,1.4768,1.477,1.4691,1.4726,1399
1787547600000,1.4729,1.4774,1.4697,1.4774,683
1787548500000,1.478,1.4784,1.474,1.474,740
1787549400000,1.4737,1.4791,1.4703,1.4788,4798
1787550300000,1.4778,1.4778,1.4747,1.4759,651
1787551200000,1.476,1.4836,1.4753,1.4836,3698
1787552100000,1.4796,1.4836,1.4782,1.481,2276
1787553000000,1.4805,1.4838,1.4738,1.4738,19476
1787553900000,1.4716,1.4765,1.4713,1.4726,2269
1787554800000,1.4726,1.4797,1.4726,1.4786,8777
1787555700000,1.478,1.478,1.4724,1.4727,11715
1787556600000,1.4721,1.4735,1.4697,1.4698,7833
1787557500000,1.4692,1.4728,1.4687,1.4698,5940
1787558400000,1.4697,1.4701,1.4624,1.4624,5498
1787559300000,1.4609,1.4664,1.4581,1.4595,9674
1787560200000,1.4592,1.4677,1.4592,1.4677,3366
1787561100000,1.468,1.4686,1.4634,1.4634,2781
1787562000000,1.4627,1.4669,1.4627,1.4656,9032
1787562900000,1.4658,1.4658,1.4613,1.4618,2222
1787563800000,1.4618,1.4655,1.4605,1.4627,30517
1787564700000,1.4627,1.4688,1.4626,1.4667,9614
1787565600000,1.4667,1.4747,1.4667,1.4747,3861
1787566500000,1.4722,1.4765,1.4712,1.4756,2513
1787567400000,1.4755,1.4843,1.4738,1.4738,89386
1787568300000,1.4739,1.4765,1.4727,1.4742,16522
1787569200000,1.4742,1.4742,1.4684,1.4725,23581
1787570100000,1.473,1.4741,1.4712,1.4733,7330
1787571000000,1.4734,1.4882,1.4734,1.4861,30527
1787571900000,1.4861,1.4861,1.4798,1.4856,16151
1787572800000,1.4825,1.4826,1.4807,1.4811,6326
1787573700000,1.4811,1.4813,1.4718,1.4801,200051
1787574600000,1.48,1.4843,1.4761,1.4824,175652
1787575500000,1.4826,1.4921,1.4826,1.4921,34211
1787576400000,1.4909,1.4911,1.4872,1.4899,2219
1787577300000,1.4875,1.4891,1.4854,1.4882,42285
1787578200000,1.4882,1.4889,1.474,1.4766,137265
1787579100000,1.4753,1.4812,1.4703,1.4793,54710
1787580000000,1.479,1.4854,1.4779,1.485,4319
1787580900000,1.4841,1.4886,1.4779,1.4829,6116
1787581800000,1.4825,1.493,1.4825,1.4904,15291
1787582700000,1.4933,1.4933,1.4869,1.491,16553
1787583600000,1.4919,1.4957,1.4893,1.4908,18345
1787584500000,1.4907,1.495,1.4868,1.4921,14384
1787585400000,1.4929,1.495,1.4776,1.4777,55372
1787586300000,1.4785,1.4835,1.4776,1.4776,26468
1787587200000,1.4801,1.4864,1.4801,1.4857,1778
1787588100000,1.4876,1.4938,1.4875,1.4883,7806
1787589000000,1.4881,1.4927,1.4866,1.4881,33383
1787589900000,1.4883,1.4932,1.4832,1.4838,25828
1787590800000,1.484,1.484,1.4776,1.4808,9072
1787591700000,1.4806,1.4809,1.4672,1.4675,46199
1787592600000,1.469,1.4717,1.4661,1.4696,11609
1787593500000,1.4679,1.4719,1.4673,1.4705,2262
1787594400000,1.4714,1.475,1.4712,1.4746,7902
1787595300000,1.4755,1.4763,1.474,1.4757,1860
1787596200000,1.4758,1.4767,1.47,1.473,15428
1787597100000,1.4734,1.4746,1.4708,1.4716,3232
1787598000000,1.4722,1.4739,1.4696,1.4708,1858
1787598900000,1.4711,1.4734,1.4676,1.4734,3173
1787599800000,1.4725,1.4741,1.47,1.4702,8155
1787600700000,1.4693,1.4719,1.4684,1.4697,3377
1787601600000,1.4687,1.4707,1.4629,1.4648,13825
1787602500000,1.4624,1.4643,1.4609,1.4623,3130
1787603400000,1.4618,1.4684,1.4618,1.4684,17092
1787604300000,1.4675,1.468,1.4646,1.468,1110
1787605200000,1.4685,1.4725,1.4685,1.4725,4437
1787606100000,1.4724,1.4736,1.4668,1.4701,13663
1787607000000,1.4704,1.4732,1.4688,1.4706,34429
1787607900000,1.4703,1.4732,1.4653,1.473,75211
1787608800000,1.4729,1.4761,1.4645,1.4649,111042
1787609700000,1.4648,1.465,1.4623,1.4632,6050
1787610600000,1.4631,1.468,1.4631,1.4664,14249
1787611500000,1.4663,1.4671,1.4663,1.4663,1668
1787612400000,1.4664,1.4682,1.4621,1.4682,99842
1787613300000,1.4683,1.4689,1.4667,1.4685,8932
1787614200000,1.4685,1.4702,1.4658,1.4674,6133
1787615100000,1.4672,1.4675,1.4633,1.465,7339
1787616000000,1.4654,1.4654,1.4593,1.461,30115
1787616900000,1.4611,1.4611,1.4533,1.4567,34344
1787617800000,1.4565,1.4672,1.4545,1.4672,27575
1787618700000,1.4694,1.4735,1.4668,1.4706,20177
1787619600000,1.4705,1.4723,1.4665,1.4671,13363
1787620500000,1.4641,1.4804,1.4641,1.4733,35574
1787621400000,1.4724,1.4788,1.471,1.4735,9434
1787622300000,1.4735,1.4761,1.4712,1.4745,9180
1787623200000,1.4764,1.4808,1.4754,1.478,5563
1787624100000,1.4775,1.4946,1.4774,1.4943,12088
1787625000000,1.4933,1.4933,1.487,1.487,7472
1787625900000,1.4865,1.4865,1.4825,1.4825,1305
1787626800000,1.4814,1.4884,1.4814,1.4884,1328
1787627700000,1.4872,1.4877,1.4834,1.4839,3693
1787628600000,1.4838,1.4882,1.4819,1.4819,2283
1787629500000,1.4809,1.4823,1.4767,1.478,2769
1787630400000,1.4795,1.4822,1.4774,1.481,1148
1787631300000,1.4822,1.4829,1.4798,1.4806,1286
1787632200000,1.4805,1.483,1.4783,1.4796,4289
1787633100000,1.4796,1.4848,1.4796,1.4827,2091
1787634000000,1.4837,1.4869,1.4837,1.485,10001
1787634900000,1.4832,1.4854,1.4771,1.4822,10357
1787635800000,1.4817,1.4886,1.477,1.4828,9091
1787636700000,1.482,1.482,1.4768,1.4815,3214
1787637600000,1.481,1.4818,1.478,1.4812,18944
1787638500000,1.4819,1.4848,1.4784,1.4848,8658
1787639400000,1.4849,1.4947,1.48,1.4852,562082
1787640300000,1.4852,1.4852,1.4797,1.4818,23452
1787641200000,1.4821,1.4881,1.4811,1.4866,47319
1787642100000,1.4867,1.4867,1.4783,1.4809,67691
1787643000000,1.4806,1.4806,1.4742,1.4778,20530
1787643900000,1.4766,1.4766,1.4625,1.4765,70702
1787644800000,1.4764,1.5054,1.4728,1.5054,147058
1787645700000,1.503,1.503,1.4925,1.4944,42942
1787646600000,1.4952,1.5016,1.4886,1.495,17654
1787647500000,1.4944,1.5057,1.4924,1.5,32963
1787648400000,1.501,1.5071,1.4969,1.5017,56249
1787649300000,1.5015,1.5037,1.4925,1.4937,15972
1787650200000,1.4936,1.4941,1.4877,1.492,15886
1787651100000,1.4915,1.4946,1.4844,1.4889,91282
1787652000000,1.4879,1.4929,1.4825,1.4901,46003
1787652900000,1.491,1.4924,1.4818,1.4818,16540
1787653800000,1.483,1.4842,1.4713,1.4751,12821
1787654700000,1.478,1.4823,1.478,1.4795,6495
1787655600000,1.4789,1.4813,1.4765,1.4768,2476
1787656500000,1.4764,1.4807,1.4753,1.4789,16987
1787657400000,1.4797,1.4843,1.4797,1.4809,25559
1787658300000,1.4809,1.4809,1.4752,1.4766,40299
1787659200000,1.4751,1.4771,1.465,1.4725,16237
1787660100000,1.4725,1.4725,1.4645,1.471,16458
1787661000000,1.4695,1.4725,1.4675,1.4701,52966
1787661900000,1.4701,1.4725,1.4701,1.4722,56104
1787662800000,1.4714,1.4723,1.4617,1.4639,16944
1787663700000,1.4639,1.4639,1.4364,1.4425,67249
1787664600000,1.442,1.454,1.442,1.4484,18671
1787665500000,1.4449,1.4506,1.4426,1.4476,7328
1787666400000,1.4467,1.4535,1.4464,1.453,3744
1787667300000,1.4523,1.453,1.4493,1.4527,32728
1787668200000,1.4504,1.4582,1.4504,1.4519,4585
1787669100000,1.4515,1.4515,1.4388,1.4479,5006
1787670000000,1.4479,1.4479,1.4395,1.4444,6657
1787670900000,1.4432,1.4548,1.4432,1.4469,5716
1787671800000,1.4513,1.4518,1.4478,1.4507,9658
1787672700000,1.4512,1.4575,1.4488,1.4575,7077
1787673600000,1.4575,1.4576,1.4553,1.456,9065
1787674500000,1.456,1.46,1.4557,1.4585,75259
1787675400000,1.458,1.4609,1.4557,1.4603,31554
1787676300000,1.4603,1.4639,1.4601,1.4607,47901
1787677200000,1.4585,1.4603,1.4497,1.4572,13484
1787678100000,1.4568,1.4576,1.4509,1.4513,15669
1787679000000,1.4525,1.4549,1.4495,1.4498,1598
1787679900000,1.4511,1.4604,1.4511,1.4604,1802
1787680800000,1.4609,1.4724,1.4603,1.4724,41480
1787681700000,1.4723,1.4858,1.4715,1.485,271506
1787682600000,1.4856,1.4883,1.4779,1.4782,110889
1787683500000,1.4788,1.4803,1.4774,1.4774,56216
1787684400000,1.4774,1.4844,1.4772,1.4835,56382
1787685300000,1.4835,1.4842,1.4791,1.4791,40047
1787686200000,1.4792,1.4809,1.4771,1.4773,75276
1787687100000,1.4779,1.4796,1.4768,1.4785,38533
1787688000000,1.478,1.4887,1.4706,1.4844,61155
1787688900000,1.4848,1.4864,1.4773,1.4774,16581
1787689800000,1.4774,1.4817,1.4747,1.4747,93538
1787690700000,1.4748,1.4851,1.4739,1.4739,178497
1787691600000,1.4739,1.4772,1.4506,1.4581,494166
1787692500000,1.4578,1.4579,1.4461,1.456,27288
1787693400000,1.4559,1.46,1.4507,1.458,6727
1787694300000,1.4583,1.4632,1.4569,1.4576,10693
1787695200000,1.4554,1.4605,1.4538,1.4576,6420
1787696100000,1.4586,1.4596,1.4518,1.4528,9143
1787697000000,1.451,1.4585,1.4505,1.4578,5104
1787697900000,1.4573,1.459,1.4564,1.4571,1777
1787698800000,1.4566,1.4599,1.4559,1.4587,24928
1787699700000,1.4587,1.4588,1.4549,1.4555,84291
1787700600000,1.4544,1.4544,1.4395,1.4396,15019
1787701500000,1.4394,1.4431,1.4372,1.4401,22554
1787702400000,1.4406,1.4411,1.4305,1.4319,69646
1787703300000,1.4328,1.4355,1.4305,1.4355,11542
1787704200000,1.4351,1.4397,1.4313,1.4391,155705
1787705100000,1.4392,1.4459,1.4392,1.4458,29689
1787706000000,1.4458,1.4617,1.4458,1.4561,356919
1787706900000,1.4563,1.4567,1.4473,1.4477,32274
1787707800000,1.4478,1.4516,1.4442,1.4449,45630
1787708700000,1.4449,1.4451,1.4423,1.4423,15793
1787709600000,1.4423,1.4426,1.4348,1.4356,10140
1787710500000,1.4358,1.4408,1.4345,1.4404,6336
1787711400000,1.4405,1.442,1.4373,1.4384,10014
1787712300000,1.438,1.4382,1.4356,1.4356,2097
1787713200000,1.4346,1.4379,1.4077,1.4244,2164611
1787714100000,1.4252,1.4387,1.4252,1.4361,306453
1787715000000,1.4356,1.4432,1.4339,1.4359,128702
1787715900000,1.4359,1.4392,1.4308,1.4374,42486
1787716800000,1.4363,1.4367,1.4303,1.4316,27873
1787717700000,1.4326,1.4367,1.4314,1.4331,12313
1787718600000,1.4328,1.44,1.4328,1.4374,44739
1787719500000,1.437,1.4371,1.4322,1.433,9488
1787720400000,1.433,1.4391,1.4317,1.4377,24384
1787721300000,1.4375,1.44,1.4354,1.4392,4169
1787722200000,1.4394,1.4425,1.4381,1.4425,3239
1787723100000,1.4427,1.4427,1.4365,1.4369,3049
1787724000000,1.4372,1.4399,1.4359,1.4359,3598
1787724900000,1.4358,1.4363,1.421,1.4295,29143
1787725800000,1.4283,1.4296,1.4264,1.4271,12350
1787726700000,1.4276,1.4285,1.4276,1.428,10541
1787727600000,1.428,1.4312,1.4273,1.4276,24495
1787728500000,1.4279,1.4296,1.4273,1.4294,9301
1787729400000,1.4289,1.4291,1.4273,1.4273,4450
1787730300000,1.4273,1.4288,1.427,1.4276,21338
1787731200000,1.4276,1.4319,1.4274,1.4301,43575
1787732100000,1.4299,1.4305,1.4274,1.4276,28956
1787733000000,1.4276,1.4277,1.427,1.4276,19619
1787733900000,1.4276,1.4277,1.427,1.4276,16164
1787734800000,1.4277,1.4277,1.4268,1.4268,142103
1787735700000,1.4268,1.4269,1.4145,1.4203,97949
1787736600000,1.4199,1.4237,1.4178,1.4189,4539
1787737500000,1.4183,1.427,1.4176,1.4241,37004
1787738400000,1.4242,1.4246,1.421,1.423,1662
1787739300000,1.4247,1.4268,1.4247,1.4255,1885
1787740200000,1.4265,1.4277,1.4251,1.4266,4067
1787741100000,1.4268,1.4277,1.4259,1.4275,2356
1787742000000,1.4277,1.4277,1.4265,1.4273,43192
1787742900000,1.4274,1.4277,1.4241,1.4247,18554
1787743800000,1.4245,1.4258,1.4227,1.4251,3379
1787744700000,1.4251,1.4255,1.4229,1.4237,9307
1787745600000,1.424,1.424,1.4144,1.4144,4538
1787746500000,1.4124,1.4198,1.4097,1.4198,14968
1787747400000,1.4189,1.4196,1.4076,1.4129,21964
1787748300000,1.413,1.415,1.4101,1.4135,5353
1787749200000,1.4126,1.4142,1.4088,1.4089,5360
1787750100000,1.4082,1.4134,1.4,1.4,108543
1787751000000,1.4,1.4,1.3879,1.397,295087
1787751900000,1.397,1.397,1.3916,1.397,157221
1787752800000,1.397,1.3992,1.3947,1.3992,99970
1787753700000,1.3995,1.4052,1.3971,1.3976,6807
1787754600000,1.3977,1.4004,1.3414,1.3857,365223
1787755500000,1.386,1.3894,1.3682,1.3708,571125
1787756400000,1.371,1.3764,1.3679,1.3727,509663
1787757300000,1.3726,1.3867,1.3639,1.3867,81272
1787758200000,1.3867,1.39,1.3795,1.3829,43488
1787759100000,1.3832,1.3854,1.3792,1.3825,35007
1787760000000,1.3832,1.3832,1.3674,1.3727,24643
1787760900000,1.3722,1.3758,1.3672,1.3758,12270
1787761800000,1.3756,1.379,1.3709,1.372,10205
1787762700000,1.3749,1.3776,1.3703,1.3732,11712
1787763600000,1.3747,1.3781,1.3718,1.3774,10110
1787764500000,1.3785,1.3819,1.3759,1.381,23321
1787765400000,1.3816,1.3831,1.3762,1.3762,4223
1787766300000,1.3775,1.3787,1.3756,1.378,5626
1787767200000,1.3777,1.3885,1.3772,1.3869,7738
1787768100000,1.3871,1.3905,1.3828,1.3846,2127
1787769000000,1.3851,1.3883,1.3816,1.3857,5792
1787769900000,1.3858,1.3896,1.3858,1.3861,13055
1787770800000,1.3862,1.391,1.3858,1.3858,10053
1787771700000,1.3864,1.3928,1.386,1.3921,2143
1787772600000,1.3922,1.393,1.3876,1.3892,5805
1787773500000,1.3893,1.395,1.3893,1.392,46028
1787774400000,1.3911,1.3911,1.3887,1.3888,518
1787775300000,1.3881,1.3881,1.3801,1.3851,49069
1787776200000,1.3858,1.3872,1.3831,1.3862,2979
1787777100000,1.386,1.3898,1.3859,1.3898,2073
1787778000000,1.3905,1.4001,1.3887,1.3991,9108
1787778900000,1.3999,1.4036,1.3994,1.4019,19854
1787779800000,1.4011,1.4041,1.3983,1.3992,22411
1787780700000,1.3992,1.403,1.3989,1.403,19135
1787781600000,1.403,1.4035,1.398,1.3984,4218
1787782500000,1.3987,1.4043,1.3987,1.4021,4115
1787783400000,1.4021,1.4021,1.399,1.4014,2089
1787784300000,1.401,1.401,1.3968,1.3986,9211
1787785200000,1.3982,1.3983,1.3943,1.395,9637
1787786100000,1.3941,1.3997,1.3941,1.399,12957
1787787000000,1.399,1.4006,1.3973,1.4004,802
1787787900000,1.4013,1.4098,1.4011,1.4098,49502
1787788800000,1.4097,1.4126,1.3997,1.4041,41422
1787789700000,1.4022,1.4023,1.3977,1.4001,25613
1787790600000,1.3993,1.3994,1.3868,1.3947,10317
1787791500000,1.3934,1.3936,1.3905,1.3913,879
1787792400000,1.3927,1.394,1.3915,1.3918,1493
1787793300000,1.3917,1.3961,1.3914,1.3961,23838
1787794200000,1.3963,1.4059,1.3963,1.3999,126783
1787795100000,1.3991,1.4013,1.3978,1.3985,3138
1787796000000,1.3983,1.4007,1.3958,1.396,2204
1787796900000,1.3964,1.3969,1.3934,1.3937,1413
1787797800000,1.3933,1.3942,1.3891,1.3891,1981
1787798700000,1.3898,1.396,1.3898,1.3923,98532
1787799600000,1.3921,1.3921,1.3896,1.3897,9194
1787800500000,1.3897,1.396,1.3862,1.396,9699
1787801400000,1.3959,1.3959,1.3939,1.3941,2851
1787802300000,1.3939,1.395,1.3908,1.393,5746
1787803200000,1.3938,1.403,1.3938,1.3963,103361
1787804100000,1.3965,1.3998,1.3953,1.3954,12648
1787805000000,1.3958,1.3958,1.3893,1.3933,11495
1787805900000,1.3919,1.3919,1.3883,1.3893,12315
1787806800000,1.3894,1.3894,1.3863,1.3877,1632
1787807700000,1.3874,1.3875,1.3753,1.3761,139024
1787808600000,1.3757,1.3785,1.3725,1.3775,26549
1787809500000,1.3781,1.387,1.3779,1.3865,161379
1787810400000,1.3859,1.3859,1.3819,1.3835,4726
1787811300000,1.3841,1.3844,1.3824,1.3824,4140
1787812200000,1.3828,1.3843,1.3812,1.3812,9827
1787813100000,1.3822,1.3848,1.3822,1.3842,2094
1787814000000,1.3837,1.3974,1.3831,1.3914,8282
1787814900000,1.3911,1.3922,1.3893,1.3915,2828
1787815800000,1.3926,1.3958,1.3926,1.3954,702
1787816700000,1.3955,1.4,1.3952,1.3983,1069
1787817600000,1.398,1.4113,1.3961,1.4075,29297
1787818500000,1.4074,1.4167,1.4062,1.4165,6286
1787819400000,1.4165,1.4347,1.4162,1.4299,25597
1787820300000,1.4289,1.4364,1.4277,1.4341,11494
1787821200000,1.432,1.444,1.4298,1.4377,11736
1787822100000,1.4379,1.4418,1.4359,1.4408,5364
1787823000000,1.4413,1.4413,1.4251,1.4251,11971
1787823900000,1.423,1.4295,1.419,1.4223,82712
1787824800000,1.4219,1.4283,1.4218,1.4231,23385
1787825700000,1.423,1.4243,1.4115,1.4167,8013
1787826600000,1.4124,1.4153,1.4092,1.4112,3080
1787827500000,1.4115,1.4135,1.4077,1.4118,7652
1787828400000,1.4114,1.4179,1.41,1.4159,62760
1787829300000,1.4159,1.4163,1.4139,1.4139,88511
1787830200000,1.4139,1.414,1.405,1.4097,80481
1787831100000,1.4096,1.4097,1.3971,1.3997,14068
1787832000000,1.4009,1.4029,1.4002,1.4022,8627
1787832900000,1.4022,1.4025,1.3959,1.3971,6521
1787833800000,1.3979,1.4,1.3895,1.3905,8341
1787834700000,1.39,1.3974,1.3893,1.3961,9408
1787835600000,1.3964,1.3998,1.3952,1.3981,19556
1787836500000,1.3981,1.3992,1.3951,1.3968,3755
1787837400000,1.3966,1.3966,1.3899,1.3939,8631
1787838300000,1.3933,1.3981,1.3881,1.398,16232
1787839200000,1.3979,1.4014,1.3966,1.3985,23100
1787840100000,1.3984,1.41,1.3975,1.4095,15469
1787841000000,1.4088,1.4198,1.4087,1.419,8451
1787841900000,1.418,1.4218,1.4123,1.4141,23267
1787842800000,1.4138,1.4306,1.413,1.4274,26521
1787843700000,1.4275,1.4528,1.4201,1.4401,188757
1787844600000,1.4403,1.4432,1.4304,1.432,17099
1787845500000,1.4317,1.4323,1.4292,1.4304,3807
1787846400000,1.4303,1.433,1.4214,1.4296,20262
1787847300000,1.4294,1.4363,1.4294,1.4312,36409
1787848200000,1.4303,1.4564,1.4276,1.4461,71536
1787849100000,1.445,1.4455,1.4333,1.4415,14213
1787850000000,1.4426,1.4462,1.4383,1.4437,10202
1787850900000,1.4436,1.4537,1.4428,1.4505,26731
1787851800000,1.4505,1.4541,1.448,1.4483,4155
1787852700000,1.4477,1.4519,1.4463,1.4493,9040
1787853600000,1.4475,1.4498,1.4397,1.4413,7018
1787854500000,1.4426,1.4445,1.4284,1.4299,80623
1787855400000,1.4299,1.432,1.4254,1.4296,17316
1787856300000,1.4296,1.4366,1.4296,1.4363,37345
1787857200000,1.4361,1.4381,1.4343,1.4356,2078
1787858100000,1.4354,1.4368,1.4335,1.436,1385
1787859000000,1.4367,1.4386,1.4353,1.4355,1194
1787859900000,1.4355,1.4364,1.432,1.4329,3531
1787860800000,1.4327,1.4327,1.424,1.424,6085
1787861700000,1.4246,1.432,1.424,1.4299,1614
1787862600000,1.4294,1.4341,1.4286,1.4335,7051
1787863500000,1.4335,1.434,1.4297,1.4328,1289
1787864400000,1.4331,1.4334,1.4299,1.43,2011
1787865300000,1.4288,1.4349,1.4263,1.4303,3268
1787866200000,1.4303,1.4326,1.424,1.4242,1602
1787867100000,1.4249,1.4291,1.4249,1.4289,1240
1787868000000,1.4293,1.4379,1.4293,1.4336,6297
1787868900000,1.4336,1.4371,1.432,1.4323,660
1787869800000,1.432,1.4342,1.4289,1.4315,1800
1787870700000,1.4314,1.4317,1.4304,1.4317,537
1787871600000,1.4312,1.4326,1.426,1.426,2267
1787872500000,1.4255,1.4295,1.4238,1.4271,38041
1787873400000,1.4264,1.4293,1.4156,1.4161,81391
1787874300000,1.416,1.4193,1.4145,1.4161,28646
1787875200000,1.4158,1.4178,1.4111,1.4122,7988
1787876100000,1.4121,1.4173,1.4108,1.4172,16478
1787877000000,1.4172,1.4229,1.4169,1.4186,3551
1787877900000,1.4186,1.4215,1.4173,1.4187,5525
1787878800000,1.419,1.422,1.4186,1.4212,3814
1787879700000,1.4212,1.4293,1.4205,1.4257,7550
1787880600000,1.4257,1.4289,1.4194,1.4204,8129
1787881500000,1.4201,1.4203,1.4058,1.4086,7450
1787882400000,1.4083,1.4107,1.4026,1.4026,6392
1787883300000,1.4042,1.4046,1.3963,1.3965,7005
1787884200000,1.3957,1.4004,1.3909,1.3993,9690
1787885100000,1.3993,1.3995,1.3928,1.3972,3530
1787886000000,1.3966,1.3972,1.3932,1.3965,4774
1787886900000,1.3965,1.3998,1.3918,1.3937,70581
1787887800000,1.3939,1.3968,1.3924,1.3926,2752
1787888700000,1.3926,1.3932,1.3893,1.3918,5974
1787889600000,1.3912,1.3974,1.3884,1.397,9850
1787890500000,1.3971,1.3973,1.3929,1.3939,4606
1787891400000,1.3942,1.396,1.3908,1.3958,2350
1787892300000,1.3968,1.3989,1.3956,1.3987,6163
1787893200000,1.3976,1.4,1.3921,1.3961,16391
1787894100000,1.3959,1.4001,1.3959,1.3985,1688
1787895000000,1.3989,1.4064,1.3989,1.4053,2170
1787895900000,1.4058,1.4121,1.4058,1.4074,6907
1787896800000,1.408,1.415,1.4077,1.41,4571
1787897700000,1.4095,1.4106,1.4068,1.4085,4198
1787898600000,1.4083,1.4112,1.4073,1.4104,6131
1787899500000,1.4097,1.4104,1.4031,1.408,4339
1787900400000,1.4083,1.4098,1.4,1.4001,4821
1787901300000,1.4022,1.4041,1.4013,1.4041,319
1787902200000,1.4031,1.4059,1.403,1.4038,6919
1787903100000,1.4044,1.408,1.4044,1.4075,9093
1787904000000,1.4094,1.4119,1.4069,1.4115,3005
1787904900000,1.4105,1.4147,1.4077,1.408,4134
1787905800000,1.4075,1.4084,1.3975,1.4012,2304
1787906700000,1.3979,1.3991,1.3957,1.3981,861
1787907600000,1.3982,1.4005,1.3959,1.3993,2003
1787908500000,1.3998,1.4025,1.3987,1.4008,820
1787909400000,1.4011,1.4019,1.3985,1.3989,509
1787910300000,1.4002,1.4033,1.3961,1.3972,2131
1787911200000,1.3972,1.4014,1.3951,1.4014,6764
1787912100000,1.4013,1.4067,1.3996,1.4067,9852
1787913000000,1.4074,1.409,1.4046,1.4053,392
1787913900000,1.4046,1.4151,1.4046,1.4113,9179
1787914800000,1.4109,1.414,1.4102,1.413,1746
1787915700000,1.4117,1.4118,1.4073,1.409,1630
1787916600000,1.4083,1.4103,1.404,1.4063,1037
1787917500000,1.4048,1.4111,1.4048,1.4111,860
1787918400000,1.4114,1.4136,1.407,1.407,2174
1787919300000,1.4093,1.4111,1.408,1.4087,768
1787920200000,1.4083,1.4095,1.4063,1.4074,886
1787921100000,1.4082,1.4103,1.4047,1.41,8093
1787922000000,1.4098,1.4107,1.4063,1.4069,3749
1787922900000,1.4071,1.4071,1.4009,1.4013,974
1787923800000,1.4016,1.4022,1.398,1.3997,12124
1787924700000,1.399,1.4058,1.399,1.4015,22667
1787925600000,1.3999,1.4078,1.3819,1.3882,28760
1787926500000,1.387,1.3989,1.384,1.3989,10012
1787927400000,1.3979,1.42,1.3949,1.411,64199
1787928300000,1.4111,1.4111,1.4017,1.4022,7623
1787929200000,1.4056,1.4056,1.3956,1.3973,5768
1787930100000,1.3977,1.4023,1.3966,1.3994,4280
1787931000000,1.3998,1.4001,1.3931,1.3931,2399
1787931900000,1.393,1.3935,1.3784,1.3792,28645
1787932800000,1.3786,1.3835,1.327,1.3658,716112
1787933700000,1.3653,1.3709,1.3515,1.3606,76711
1787934600000,1.3609,1.3682,1.3596,1.366,22717
1787935500000,1.3668,1.3726,1.3668,1.371,15862
1787936400000,1.3708,1.3763,1.368,1.3763,19507
1787937300000,1.376,1.3781,1.3734,1.374,4173
1787938200000,1.374,1.3745,1.3605,1.3619,53902
1787939100000,1.3595,1.3668,1.3589,1.3649,14334
1787940000000,1.364,1.3662,1.3628,1.3628,1138
1787940900000,1.363,1.363,1.3526,1.3583,10301
1787941800000,1.3577,1.3577,1.3526,1.3552,17506
1787942700000,1.3556,1.3608,1.3542,1.3578,16023
1787943600000,1.3604,1.3657,1.3604,1.365,4763
1787944500000,1.3642,1.3677,1.3642,1.3672,1302
1787945400000,1.3648,1.366,1.364,1.364,1200
1787946300000,1.363,1.3632,1.3593,1.3607,27556
1787947200000,1.3607,1.364,1.3584,1.3601,24181
1787948100000,1.3596,1.3647,1.3586,1.3643,4003
1787949000000,1.36,1.3642,1.36,1.3637,1296
1787949900000,1.3635,1.3645,1.36,1.3641,1133
1787950800000,1.3642,1.368,1.3639,1.3656,2663
1787951700000,1.3659,1.368,1.361,1.368,4457
1787952600000,1.3681,1.3694,1.3631,1.3633,1801
1787953500000,1.3626,1.3628,1.3598,1.3614,2040
1787954400000,1.3615,1.3667,1.3615,1.3643,2427
1787955300000,1.3651,1.3664,1.364,1.3662,3506
1787956200000,1.3658,1.3684,1.3651,1.3678,35103
1787957100000,1.3678,1.3704,1.3669,1.3669,32717
1787958000000,1.3683,1.3707,1.3671,1.369,12419
1787958900000,1.3691,1.3691,1.3668,1.3676,486
1787959800000,1.3674,1.3703,1.3674,1.3702,1421
1787960700000,1.3702,1.3711,1.3701,1.3706,2207
1787961600000,1.3707,1.3718,1.3653,1.3656,15149
1787962500000,1.3661,1.3686,1.3643,1.3643,6995
1787963400000,1.3645,1.3676,1.3621,1.3656,1679
1787964300000,1.3655,1.3655,1.3636,1.3636,1729
1787965200000,1.3637,1.3637,1.3611,1.3611,3116
1787966100000,1.3611,1.3627,1.3611,1.3627,1313
1787967000000,1.3623,1.3626,1.3588,1.3593,5019
1787967900000,1.3595,1.3639,1.3578,1.3639,1096
1787968800000,1.3638,1.3638,1.3589,1.3589,568
1787969700000,1.3592,1.3592,1.3558,1.3564,360
1787970600000,1.3563,1.3577,1.3557,1.3574,960
1787971500000,1.3573,1.3605,1.3573,1.359,285
1787972400000,1.3591,1.3602,1.3578,1.3602,311
1787973300000,1.3602,1.3603,1.3574,1.3578,300
1787974200000,1.3579,1.3608,1.3573,1.3594,925
1787975100000,1.359,1.3597,1.3562,1.3564,366
1787976000000,1.3561,1.3577,1.3559,1.3569,1636
1787976900000,1.3569,1.3579,1.3567,1.3575,868
1787977800000,1.3578,1.3581,1.3576,1.358,293
1787978700000,1.3584,1.3594,1.3572,1.3592,642
1787979600000,1.3589,1.3621,1.3586,1.362,2370
1787980500000,1.3619,1.3619,1.358,1.3584,1199
1787981400000,1.3592,1.3616,1.3587,1.3613,410
1787982300000,1.3622,1.3622,1.3586,1.3586,1022
1787983200000,1.3586,1.3586,1.3545,1.3557,1241
1787984100000,1.3541,1.3566,1.3522,1.3525,1431
1787985000000,1.3525,1.3594,1.3524,1.359,11125
1787985900000,1.3597,1.362,1.3529,1.3597,43346
1787986800000,1.3596,1.3619,1.3595,1.3611,986
1787987700000,1.3602,1.3607,1.3571,1.3572,784
1787988600000,1.3565,1.3575,1.3546,1.3561,915
1787989500000,1.3578,1.3581,1.3549,1.3562,1091
1787990400000,1.356,1.3566,1.3539,1.3541,954
1787991300000,1.3531,1.3557,1.3523,1.354,5890
1787992200000,1.3549,1.3549,1.3524,1.3524,2512
1787993100000,1.3523,1.3552,1.3499,1.3545,10614
1787994000000,1.3546,1.3565,1.3538,1.356,4151
1787994900000,1.3561,1.3565,1.3536,1.3557,812
1787995800000,1.356,1.3565,1.3554,1.3558,840
1787996700000,1.3553,1.3571,1.3552,1.3571,10981
1787997600000,1.357,1.3585,1.356,1.3583,59880
1787998500000,1.3584,1.3594,1.356,1.3573,3236
1787999400000,1.3574,1.3574,1.3561,1.3565,1002
1788000300000,1.3568,1.3579,1.356,1.3562,3240
1788001200000,1.356,1.3588,1.356,1.3588,30434
1788002100000,1.3572,1.359,1.3564,1.3579,5361
1788003000000,1.3578,1.3599,1.356,1.3587,17646
1788003900000,1.3585,1.3588,1.3557,1.3588,402
1788004800000,1.3585,1.3607,1.3582,1.3606,2321
1788005700000,1.361,1.3616,1.3602,1.3607,16683
1788006600000,1.3608,1.3616,1.3607,1.361,836
1788007500000,1.3614,1.3646,1.3608,1.3641,3775
1788008400000,1.3633,1.3672,1.3615,1.3615,3994
1788009300000,1.3622,1.3645,1.3551,1.3553,28570
1788010200000,1.3556,1.356,1.3541,1.3554,1222
1788011100000,1.3546,1.3568,1.3546,1.3555,6078
1788012000000,1.3556,1.3579,1.3546,1.3567,16711
1788012900000,1.3571,1.3606,1.3554,1.3597,13133
1788013800000,1.3602,1.3632,1.36,1.3632,743
1788014700000,1.3624,1.3681,1.3624,1.3669,20174
1788015600000,1.3668,1.3671,1.3638,1.3655,1756
1788016500000,1.3658,1.3659,1.3606,1.3626,1611
1788017400000,1.3601,1.3647,1.3597,1.3616,1487
1788018300000,1.3631,1.3634,1.3612,1.3613,308
1788019200000,1.3613,1.3621,1.3613,1.3619,1380
1788020100000,1.362,1.3625,1.3597,1.3604,5524
1788021000000,1.3596,1.363,1.3596,1.3628,731
1788021900000,1.3628,1.363,1.3594,1.3598,2399
1788022800000,1.3596,1.3626,1.3593,1.3616,818
1788023700000,1.3625,1.3632,1.3563,1.3574,5801
1788024600000,1.3571,1.3586,1.3549,1.3549,1307
1788025500000,1.354,1.36,1.349,1.3598,367900
1788026400000,1.3611,1.3687,1.3604,1.3686,18939
1788027300000,1.3687,1.37,1.3646,1.3651,14714
1788028200000,1.3647,1.3673,1.3634,1.3657,5487
1788029100000,1.3655,1.3698,1.3646,1.3661,8185
1788030000000,1.3665,1.3676,1.366,1.3669,2759
1788030900000,1.3681,1.3713,1.3676,1.3702,6275
1788031800000,1.3707,1.3707,1.367,1.3674,2697
1788032700000,1.3665,1.3665,1.3606,1.3627,15988
1788033600000,1.3623,1.3641,1.3623,1.363,1502
1788034500000,1.3635,1.3672,1.3633,1.3656,4293
1788035400000,1.3648,1.3648,1.3625,1.3625,755
1788036300000,1.3625,1.3643,1.362,1.3625,369
1788037200000,1.3625,1.363,1.361,1.363,853
1788038100000,1.363,1.363,1.36,1.3601,3249
1788039000000,1.3601,1.3601,1.36,1.36,8103
1788039900000,1.36,1.3614,1.36,1.3606,11242
1788040800000,1.36,1.3616,1.36,1.3611,3317
1788041700000,1.3607,1.3624,1.3605,1.3624,360
1788042600000,1.3624,1.3625,1.3619,1.3623,334
1788043500000,1.362,1.363,1.362,1.3625,362
1788044400000,1.3605,1.3608,1.3595,1.3602,3487
1788045300000,1.3601,1.3605,1.3558,1.3561,2176
1788046200000,1.3563,1.3577,1.355,1.3558,772
1788047100000,1.3566,1.357,1.3556,1.3559,662
1788048000000,1.356,1.3579,1.3548,1.3576,5703
1788048900000,1.3575,1.3608,1.3558,1.3559,3209
1788049800000,1.3561,1.3569,1.3542,1.3552,353
1788050700000,1.3553,1.3555,1.3538,1.3538,442
1788051600000,1.3536,1.3546,1.3517,1.3517,972
1788052500000,1.3519,1.3531,1.3512,1.3525,1881
1788053400000,1.3518,1.353,1.351,1.3524,4121
1788054300000,1.3524,1.3533,1.3514,1.3523,1409
1788055200000,1.3527,1.3537,1.3517,1.3523,1839
1788056100000,1.3513,1.3525,1.3512,1.3515,1492
1788057000000,1.351,1.353,1.3504,1.353,2752
1788057900000,1.3534,1.3552,1.353,1.3543,407
1788058800000,1.3546,1.3546,1.352,1.3529,302
1788059700000,1.3532,1.3572,1.3532,1.357,2325
1788060600000,1.3569,1.3616,1.3566,1.3616,1941
1788061500000,1.3621,1.368,1.3591,1.3643,32987
1788062400000,1.3645,1.3646,1.3622,1.3622,596
1788063300000,1.3629,1.3633,1.3608,1.3611,977
1788064200000,1.361,1.3621,1.3595,1.3608,2390
1788065100000,1.3608,1.3611,1.3567,1.3586,17295
1788066000000,1.359,1.3648,1.359,1.3646,1284
1788066900000,1.3647,1.3657,1.3628,1.3657,304
1788067800000,1.3656,1.3677,1.3655,1.3675,5662
1788068700000,1.3661,1.3663,1.365,1.3653,810
1788069600000,1.3653,1.3661,1.3648,1.3648,1309
1788070500000,1.3653,1.3663,1.3649,1.3663,971
1788071400000,1.3663,1.3683,1.3648,1.3683,14074
1788072300000,1.3687,1.3687,1.3652,1.3666,1809
1788073200000,1.3674,1.3675,1.3661,1.3661,1119
1788074100000,1.3662,1.3663,1.3642,1.3642,1654
1788075000000,1.3643,1.3645,1.3614,1.3614,887
1788075900000,1.3602,1.3634,1.3587,1.3618,997
1788076800000,1.3618,1.3631,1.3601,1.3601,386
1788077700000,1.3601,1.3615,1.3591,1.36,563
1788078600000,1.36,1.3614,1.359,1.3595,360
1788079500000,1.3589,1.3599,1.3587,1.3592,5895
1788080400000,1.3594,1.3658,1.3589,1.3602,3929
1788081300000,1.3605,1.3629,1.3605,1.3606,1603
1788082200000,1.361,1.362,1.36,1.3609,2108
1788083100000,1.3614,1.3625,1.3614,1.3625,272
1788084000000,1.3618,1.3625,1.3614,1.3614,396
1788084900000,1.3615,1.3636,1.361,1.3632,1006
1788085800000,1.3625,1.3643,1.3611,1.3632,3061
1788086700000,1.3633,1.3646,1.3628,1.3646,3499
1788087600000,1.3634,1.3658,1.3633,1.3645,676
1788088500000,1.3644,1.3675,1.3644,1.3656,5451
1788089400000,1.3657,1.3657,1.3639,1.3639,4446
1788090300000,1.3654,1.3738,1.3645,1.3725,7091
1788091200000,1.3725,1.3725,1.3681,1.3706,1481
1788092100000,1.3696,1.3719,1.3695,1.3719,1336
1788093000000,1.3727,1.3775,1.3716,1.3757,13221
1788093900000,1.3763,1.3773,1.375,1.3773,580
1788094800000,1.3765,1.3785,1.376,1.3775,476
1788095700000,1.377,1.3774,1.3734,1.3742,6632
1788096600000,1.3737,1.3793,1.3725,1.379,2184
1788097500000,1.379,1.38,1.3756,1.3773,1909
1788098400000,1.375,1.376,1.3728,1.3752,2496
1788099300000,1.3749,1.3749,1.3706,1.3722,1289
1788100200000,1.3716,1.3731,1.3694,1.3714,617
1788101100000,1.3719,1.3731,1.3703,1.3706,483
1788102000000,1.3698,1.37,1.368,1.368,1982
1788102900000,1.3682,1.3708,1.368,1.3702,417
1788103800000,1.3697,1.3711,1.3697,1.3711,483
1788104700000,1.3711,1.3715,1.3693,1.3701,3099
1788105600000,1.3694,1.3786,1.3693,1.3786,484
1788106500000,1.3784,1.3801,1.3779,1.3788,1324
1788107400000,1.3781,1.3807,1.3747,1.3782,140149
1788108300000,1.3783,1.3802,1.3766,1.3796,1741
1788109200000,1.3795,1.3797,1.3774,1.3783,861
1788110100000,1.3785,1.3785,1.3713,1.3739,6895
1788111000000,1.3737,1.3777,1.3737,1.3764,948
1788111900000,1.3766,1.3834,1.3758,1.3834,47798
1788112800000,1.3838,1.3865,1.3739,1.3754,39751
1788113700000,1.3748,1.3787,1.3748,1.3787,1471
1788114600000,1.3803,1.3845,1.3803,1.3817,6360
1788115500000,1.3826,1.3853,1.3811,1.3853,988
1788116400000,1.3852,1.3852,1.381,1.3833,1031
1788117300000,1.3832,1.3836,1.3792,1.3792,4323
1788118200000,1.3789,1.3789,1.3736,1.374,4525
1788119100000,1.371,1.3769,1.371,1.3763,1735
1788120000000,1.3772,1.3782,1.3763,1.377,3510
1788120900000,1.3766,1.3774,1.373,1.373,736
1788121800000,1.371,1.371,1.3585,1.3585,38809
1788122700000,1.3607,1.3673,1.3607,1.3622,2895
1788123600000,1.3623,1.3623,1.3519,1.3594,29125
1788124500000,1.3594,1.3617,1.3569,1.3617,1720
1788125400000,1.3618,1.3656,1.3612,1.3613,980
1788126300000,1.3613,1.362,1.3574,1.3608,1157
1788127200000,1.3584,1.3644,1.3578,1.3595,1626
1788128100000,1.3596,1.3596,1.3521,1.354,8806
1788129000000,1.354,1.356,1.3497,1.3552,3869
1788129900000,1.3549,1.3549,1.3507,1.3515,4925
1788130800000,1.3496,1.3511,1.3496,1.3496,1374
1788131700000,1.3501,1.3543,1.3343,1.3354,95521
1788132600000,1.3354,1.3416,1.3305,1.3324,47677
1788133500000,1.3327,1.338,1.3209,1.338,90115
1788134400000,1.3329,1.3408,1.3329,1.3408,25134
1788135300000,1.3404,1.3452,1.3404,1.3428,8868
1788136200000,1.342,1.3463,1.3418,1.3437,4073
1788137100000,1.3433,1.3448,1.3421,1.3428,1633
1788138000000,1.3422,1.3429,1.3329,1.3329,3514
1788138900000,1.3355,1.3401,1.3347,1.3358,3778
1788139800000,1.3358,1.3361,1.3294,1.3306,5437
1788140700000,1.3309,1.3328,1.3263,1.3263,19764
1788141600000,1.3255,1.3325,1.3216,1.332,200015
1788142500000,1.3315,1.3404,1.3291,1.3334,189667
1788143400000,1.3336,1.3346,1.3333,1.3344,3757
1788144300000,1.3345,1.3354,1.3316,1.3354,12624
1788145200000,1.3349,1.3405,1.3346,1.3389,6485
1788146100000,1.3389,1.3428,1.3373,1.3427,9150
1788147000000,1.3422,1.3422,1.3372,1.3421,12067
1788147900000,1.3427,1.3457,1.3425,1.3443,2833
1788148800000,1.3435,1.3452,1.3415,1.342,2612
1788149700000,1.343,1.348,1.3423,1.3471,3950
1788150600000,1.3471,1.3513,1.3471,1.3506,5878
1788151500000,1.3506,1.3522,1.3485,1.3487,5837
1788152400000,1.3487,1.3528,1.3449,1.352,9043
1788153300000,1.352,1.3536,1.3508,1.3516,3071
1788154200000,1.3512,1.3515,1.348,1.3501,1109
1788155100000,1.3496,1.3509,1.3469,1.3484,701
1788156000000,1.3495,1.3495,1.3473,1.3489,719
1788156900000,1.3494,1.3526,1.3488,1.3499,6961
1788157800000,1.3501,1.3515,1.3493,1.351,1886
1788158700000,1.3498,1.3511,1.3493,1.3504,733
1788159600000,1.3504,1.3534,1.3503,1.3529,741
1788160500000,1.3526,1.354,1.3518,1.3535,918
1788161400000,1.3531,1.354,1.3509,1.351,29598
1788162300000,1.3511,1.3511,1.3467,1.3477,54948
1788163200000,1.3472,1.3496,1.3454,1.3482,18313
1788164100000,1.3467,1.3478,1.3445,1.3471,22751
1788165000000,1.347,1.35,1.347,1.349,4461
1788165900000,1.3486,1.3492,1.3462,1.3462,1588
1788166800000,1.3463,1.3472,1.3431,1.3432,1856
1788167700000,1.343,1.3465,1.3421,1.3462,5658
1788168600000,1.3464,1.3464,1.3455,1.3464,707
1788169500000,1.3464,1.3464,1.3445,1.3453,808
1788170400000,1.345,1.345,1.34,1.3447,1054
1788171300000,1.3447,1.3486,1.3437,1.3481,3494
1788172200000,1.3473,1.3473,1.343,1.3455,3235
1788173100000,1.3455,1.3471,1.3447,1.3456,2576
1788174000000,1.3449,1.3449,1.3411,1.3427,268
1788174900000,1.3424,1.344,1.34,1.3401,535
1788175800000,1.3412,1.3438,1.34,1.3404,10454
1788176700000,1.3413,1.3416,1.339,1.3395,5687
1788177600000,1.3401,1.3419,1.3398,1.3418,393
1788178500000,1.3413,1.3424,1.3358,1.3395,681
1788179400000,1.3393,1.3393,1.331,1.335,4731
1788180300000,1.3343,1.3343,1.3309,1.3326,4860
1788181200000,1.3331,1.3408,1.3331,1.3384,777
1788182100000,1.3394,1.3406,1.3325,1.3367,2560
1788183000000,1.3371,1.3387,1.3337,1.3346,11898
1788183900000,1.3334,1.3356,1.3298,1.3298,1662
1788184800000,1.3296,1.333,1.3249,1.3328,5414
1788185700000,1.3294,1.3345,1.3294,1.333,4599
1788186600000,1.335,1.3501,1.3336,1.3496,18764
1788187500000,1.3501,1.3592,1.3484,1.3504,9806
1788188400000,1.3505,1.3509,1.3441,1.3441,1498
1788189300000,1.3442,1.3459,1.3407,1.3429,6449
1788190200000,1.3435,1.3435,1.335,1.3429,2781
1788191100000,1.3449,1.3449,1.3378,1.3385,1203
1788192000000,1.338,1.3403,1.3354,1.337,2235
1788192900000,1.3371,1.341,1.3345,1.3375,35269
1788193800000,1.3374,1.4739,1.3374,1.4002,5973312
1788194700000,1.4005,1.4184,1.3883,1.3986,1458460
1788195600000,1.3981,1.4117,1.3853,1.4082,440595
1788196500000,1.4098,1.4175,1.3939,1.3999,679756
1788197400000,1.4021,1.4091,1.3848,1.3949,158292
1788198300000,1.3932,1.3951,1.3705,1.3771,162242
1788199200000,1.38,1.389,1.38,1.3858,71944
1788200100000,1.3858,1.3902,1.3766,1.3766,85597
1788201000000,1.3778,1.3894,1.3774,1.3843,68290
1788201900000,1.3866,1.3908,1.383,1.3904,3087
1788202800000,1.3907,1.3962,1.3873,1.3883,4283
1788203700000,1.3866,1.402,1.3865,1.3965,127836
1788204600000,1.3957,1.3969,1.3795,1.3811,41245
1788205500000,1.382,1.3857,1.3738,1.3774,95969
1788206400000,1.3783,1.3816,1.37,1.3816,20768
1788207300000,1.382,1.3838,1.3764,1.3812,81357
1788208200000,1.3818,1.3938,1.3818,1.3872,35989
1788209100000,1.3872,1.3927,1.3838,1.3882,22638
1788210000000,1.3874,1.3951,1.3826,1.3948,10325
1788210900000,1.3921,1.3969,1.3877,1.3936,7644
1788211800000,1.3963,1.4025,1.3932,1.3976,25874
1788212700000,1.3991,1.4086,1.3977,1.405,44592
1788213600000,1.4051,1.4126,1.4047,1.407,20677
1788214500000,1.4064,1.4064,1.4004,1.4015,10793
1788215400000,1.4,1.4047,1.3979,1.4039,1596
1788216300000,1.4032,1.4071,1.4025,1.4071,54322
1788217200000,1.4067,1.4073,1.3903,1.3938,38879
1788218100000,1.3933,1.3933,1.3885,1.3904,13188
1788219000000,1.3901,1.3939,1.3883,1.3936,39889
1788219900000,1.3922,1.3934,1.3887,1.3888,11884
1788220800000,1.3885,1.3963,1.3885,1.3908,102186
1788221700000,1.391,1.3976,1.3902,1.3944,10282
1788222600000,1.393,1.393,1.3876,1.3892,9817
1788223500000,1.3913,1.394,1.3891,1.3891,3133
1788224400000,1.391,1.3912,1.3841,1.3861,5221
1788225300000,1.3883,1.3914,1.3863,1.3901,13670
1788226200000,1.39,1.4091,1.3884,1.4091,14402
1788227100000,1.4091,1.4091,1.3979,1.3979,3104
1788228000000,1.398,1.4002,1.3886,1.3907,13396
1788228900000,1.3922,1.3922,1.3844,1.3848,7519
1788229800000,1.3848,1.3878,1.3841,1.3848,12371
1788230700000,1.3848,1.3873,1.3839,1.3839,2619
1788231600000,1.3852,1.3885,1.385,1.3868,13084
1788232500000,1.3885,1.3931,1.3864,1.3905,3964
1788233400000,1.3901,1.393,1.3901,1.3929,4830
1788234300000,1.3926,1.4014,1.3926,1.4014,11997
1788235200000,1.4008,1.4025,1.3936,1.4004,41539
1788236100000,1.4003,1.403,1.3984,1.3998,14077
1788237000000,1.3996,1.4017,1.3971,1.3997,11062
1788237900000,1.3997,1.4,1.3884,1.3929,19112
1788238800000,1.3937,1.4,1.3937,1.398,14499
1788239700000,1.3981,1.3984,1.3949,1.3962,4308
1788240600000,1.3964,1.3989,1.3951,1.3989,5468
1788241500000,1.3999,1.4007,1.3856,1.386,44885
1788242400000,1.3841,1.3846,1.3785,1.3816,112093
1788243300000,1.3805,1.3859,1.3804,1.3845,4029
1788244200000,1.3849,1.3874,1.3841,1.3866,6301
1788245100000,1.3873,1.3973,1.385,1.3918,13972
1788246000000,1.3915,1.3947,1.3911,1.3936,1528
1788246900000,1.3931,1.3979,1.3924,1.3947,30877
1788247800000,1.3947,1.3947,1.3889,1.391,18074
1788248700000,1.3907,1.3908,1.3851,1.3864,109079
1788249600000,1.3864,1.3903,1.3859,1.3866,5094
1788250500000,1.3863,1.3883,1.3743,1.3755,112635
1788251400000,1.3759,1.3805,1.3737,1.3753,72469
1788252300000,1.3753,1.3784,1.3555,1.3572,173092
1788253200000,1.3571,1.361,1.3493,1.3528,67853
1788254100000,1.3528,1.36,1.352,1.3554,17824
1788255000000,1.3555,1.3614,1.355,1.3614,14777
1788255900000,1.3602,1.3606,1.3573,1.3585,7550
1788256800000,1.3578,1.3589,1.3548,1.3552,12573
1788257700000,1.3558,1.3568,1.3516,1.3556,14475
1788258600000,1.3574,1.3595,1.3566,1.359,10081
1788259500000,1.3586,1.3613,1.3544,1.3613,33369
1788260400000,1.3593,1.3609,1.3559,1.3559,1600
1788261300000,1.3566,1.3582,1.3559,1.3565,6303
1788262200000,1.3565,1.3616,1.3544,1.3616,14634
1788263100000,1.3616,1.3622,1.35,1.3534,73629
1788264000000,1.3534,1.3539,1.3522,1.3523,8285
1788264900000,1.3523,1.354,1.351,1.353,6420
1788265800000,1.353,1.3596,1.3465,1.3564,106751
1788266700000,1.3552,1.3604,1.3551,1.3574,3945
1788267600000,1.3575,1.3594,1.354,1.359,4422
1788268500000,1.3593,1.3615,1.3563,1.3567,8862
1788269400000,1.3569,1.3572,1.3511,1.3521,21235
1788270300000,1.3526,1.3589,1.3525,1.3554,4885
1788271200000,1.3549,1.36,1.3507,1.3507,6792
1788272100000,1.3509,1.3555,1.3509,1.3516,34887
1788273000000,1.3518,1.3534,1.3508,1.3524,4637
1788273900000,1.3534,1.3537,1.3458,1.3459,24967
1788274800000,1.346,1.346,1.3329,1.3383,729022
1788275700000,1.3383,1.3419,1.3363,1.3409,21421
1788276600000,1.3408,1.3479,1.3401,1.3479,7719
1788277500000,1.348,1.3513,1.3466,1.3487,9604
1788278400000,1.3488,1.3488,1.3394,1.3394,17763
1788279300000,1.34,1.3411,1.3371,1.3399,9546
1788280200000,1.3399,1.3402,1.3138,1.3232,1250740
1788281100000,1.3232,1.3327,1.3231,1.3312,128123
1788282000000,1.3305,1.3312,1.3216,1.322,92447
1788282900000,1.3207,1.3309,1.3207,1.3297,29413
1788283800000,1.3302,1.3398,1.3302,1.3349,24586
1788284700000,1.3348,1.3365,1.3318,1.3329,4581
1788285600000,1.3339,1.334,1.3234,1.3234,13568
1788286500000,1.3232,1.3253,1.3094,1.3168,208618
1788287400000,1.3165,1.3188,1.3058,1.3058,104620
1788288300000,1.3068,1.3209,1.3033,1.3189,148758
1788289200000,1.319,1.3209,1.318,1.3183,22028
1788290100000,1.3182,1.3243,1.3177,1.3222,73972
1788291000000,1.3222,1.3228,1.3174,1.3203,16468
1788291900000,1.3205,1.3239,1.3195,1.3238,20504
1788292800000,1.3238,1.3279,1.3223,1.3257,15132
1788293700000,1.326,1.3286,1.3256,1.3257,538
1788294600000,1.3261,1.3283,1.3228,1.3228,4601
1788295500000,1.3224,1.3252,1.3212,1.324,655
1788296400000,1.3242,1.3242,1.3184,1.3197,16967
1788297300000,1.3198,1.3222,1.3173,1.3209,7439
1788298200000,1.3209,1.3252,1.3201,1.3201,11204
1788299100000,1.3201,1.3201,1.3164,1.317,7496
1788300000000,1.317,1.3194,1.3114,1.3148,8707
1788300900000,1.3147,1.3165,1.3138,1.3148,2547
1788301800000,1.3143,1.3151,1.308,1.309,7398
1788302700000,1.3104,1.3178,1.3104,1.3148,2778
1788303600000,1.3148,1.3161,1.3133,1.3133,524
1788304500000,1.3123,1.3152,1.3114,1.3139,5321
1788305400000,1.3138,1.3199,1.3138,1.3187,2641
1788306300000,1.318,1.3185,1.315,1.3167,3676
1788307200000,1.3163,1.3173,1.3101,1.3131,15276
1788308100000,1.3131,1.3142,1.3107,1.3129,9276
1788309000000,1.3117,1.3127,1.3061,1.3093,8810
1788309900000,1.3095,1.3112,1.3049,1.3049,85295
1788310800000,1.305,1.3134,1.3047,1.3107,64867
1788311700000,1.3099,1.3102,1.3082,1.3086,699
1788312600000,1.308,1.3088,1.3025,1.3041,7938
1788313500000,1.3012,1.3055,1.2922,1.2965,63562
1788314400000,1.2964,1.2996,1.2954,1.298,26168
1788315300000,1.2994,1.3054,1.2994,1.3049,15218
1788316200000,1.3062,1.3098,1.3042,1.3046,483
1788317100000,1.3038,1.3062,1.3034,1.3048,750
1788318000000,1.3048,1.3084,1.3048,1.3071,11810
1788318900000,1.307,1.3092,1.3066,1.3071,14427
1788319800000,1.3071,1.311,1.3055,1.311,1491
1788320700000,1.3115,1.3132,1.3106,1.3119,2458
1788321600000,1.3109,1.3137,1.3082,1.309,1935
1788322500000,1.308,1.3103,1.3079,1.309,1852
1788323400000,1.3094,1.3134,1.3094,1.3134,625
1788324300000,1.313,1.3175,1.3115,1.3166,2202
1788325200000,1.3175,1.3175,1.3117,1.3168,1732
1788326100000,1.3173,1.322,1.3164,1.322,4851
1788327000000,1.32,1.3224,1.32,1.3222,1172
1788327900000,1.3222,1.3252,1.3217,1.3217,1062
1788328800000,1.3216,1.3216,1.3186,1.319,4220
1788329700000,1.319,1.3238,1.3187,1.3207,6106
1788330600000,1.32,1.3239,1.3187,1.3233,6339
1788331500000,1.3233,1.3233,1.3188,1.32,12008
1788332400000,1.32,1.3241,1.32,1.3228,10438
1788333300000,1.3214,1.3233,1.3156,1.3167,56421
1788334200000,1.317,1.3222,1.3169,1.3213,6214
1788335100000,1.3218,1.3222,1.3193,1.3207,1146
1788336000000,1.3204,1.3226,1.3182,1.3213,35488
1788336900000,1.3224,1.3238,1.32,1.3213,28633
1788337800000,1.3212,1.3212,1.3148,1.3164,2057
1788338700000,1.3169,1.3186,1.3156,1.3156,4753
1788339600000,1.3159,1.3197,1.3159,1.3193,4447
1788340500000,1.319,1.3247,1.3181,1.3241,6753
1788341400000,1.3235,1.3235,1.318,1.3182,5404
1788342300000,1.3184,1.3221,1.3176,1.3221,3462
1788343200000,1.3224,1.3241,1.3204,1.3213,2440
1788344100000,1.3211,1.3221,1.3191,1.32,22137
1788345000000,1.3179,1.3234,1.3161,1.3219,7007
1788345900000,1.3212,1.3219,1.3171,1.3192,2678
1788346800000,1.3196,1.3237,1.3175,1.3208,2207
1788347700000,1.3228,1.3228,1.3183,1.3194,2383
1788348600000,1.3191,1.3249,1.3191,1.3234,13931
1788349500000,1.323,1.3278,1.323,1.3261,13037
1788350400000,1.3259,1.3259,1.3222,1.3229,9556
1788351300000,1.3232,1.3295,1.3232,1.3288,2491
1788352200000,1.3279,1.3288,1.3266,1.3288,5207
1788353100000,1.3288,1.3328,1.3245,1.3253,4161
1788354000000,1.3255,1.3307,1.3255,1.3288,602
1788354900000,1.3273,1.3296,1.3253,1.3296,450
1788355800000,1.3293,1.3344,1.3257,1.3344,10224
1788356700000,1.3337,1.3341,1.325,1.3259,7055
1788357600000,1.3264,1.3293,1.3244,1.3246,7444
1788358500000,1.3267,1.3274,1.322,1.3235,2511
1788359400000,1.3219,1.3222,1.3135,1.3158,7195
1788360300000,1.3176,1.3197,1.3147,1.3151,2568
1788361200000,1.3133,1.3184,1.3129,1.3136,2279
1788362100000,1.314,1.3186,1.3136,1.3169,17601
1788363000000,1.3174,1.3216,1.3167,1.3216,20974
1788363900000,1.3205,1.3209,1.3185,1.3209,10591
1788364800000,1.3212,1.3303,1.3212,1.3302,45733
1788365700000,1.3301,1.3306,1.3268,1.327,1990
1788366600000,1.3282,1.3313,1.3282,1.3288,1128
1788367500000,1.3291,1.3304,1.3271,1.3271,4497
1788368400000,1.3272,1.3311,1.3195,1.3205,12999
1788369300000,1.321,1.321,1.3165,1.3175,5285
1788370200000,1.3177,1.3196,1.3149,1.3186,1303
1788371100000,1.3198,1.3244,1.3198,1.3243,1067
1788372000000,1.3242,1.3307,1.3224,1.3302,158294
1788372900000,1.3305,1.3333,1.3305,1.3322,4754
1788373800000,1.3321,1.3362,1.3302,1.3348,6008
1788374700000,1.3349,1.3349,1.3284,1.3288,14041
1788375600000,1.3282,1.3311,1.3282,1.3306,944
1788376500000,1.3316,1.3316,1.3262,1.3291,12298
1788377400000,1.3291,1.3292,1.3251,1.3251,349
1788378300000,1.3247,1.3256,1.3228,1.3239,3611
1788379200000,1.3259,1.3354,1.3259,1.3316,1359
1788380100000,1.3335,1.3354,1.3302,1.3328,7465
1788381000000,1.334,1.337,1.333,1.3333,775
1788381900000,1.3329,1.3374,1.3301,1.3348,3416
1788382800000,1.335,1.335,1.3297,1.3308,5011
1788383700000,1.332,1.3347,1.3314,1.3344,10249
1788384600000,1.334,1.3358,1.3324,1.3342,3902
1788385500000,1.3326,1.3339,1.3307,1.331,2612
1788386400000,1.331,1.3326,1.3282,1.3288,12854
1788387300000,1.3291,1.3295,1.3244,1.3245,34977
1788388200000,1.3245,1.3264,1.3217,1.3262,84163
1788389100000,1.3261,1.3271,1.326,1.327,2005
1788390000000,1.3271,1.3301,1.3268,1.3297,2387
1788390900000,1.3296,1.3333,1.3288,1.3305,1455
1788391800000,1.3298,1.3299,1.3279,1.328,1536
1788392700000,1.3279,1.332,1.3279,1.3318,1504
1788393600000,1.3318,1.334,1.328,1.3282,11901
1788394500000,1.3278,1.328,1.3242,1.3246,3499
1788395400000,1.3242,1.3262,1.3234,1.3258,861
1788396300000,1.325,1.327,1.3246,1.3254,841
1788397200000,1.3247,1.3308,1.3224,1.3308,4468
1788398100000,1.3313,1.3376,1.3313,1.3372,8984
1788399000000,1.3371,1.3398,1.3364,1.3386,4828
1788399900000,1.3396,1.3396,1.3368,1.3368,483
1788400800000,1.3362,1.3394,1.3338,1.3394,1962
1788401700000,1.3389,1.3389,1.3376,1.3381,487
1788402600000,1.3385,1.3422,1.3365,1.3378,98376
1788403500000,1.3379,1.3393,1.337,1.339,2035
1788404400000,1.339,1.339,1.3368,1.3387,4312
1788405300000,1.3388,1.3388,1.3367,1.3375,2843
1788406200000,1.3375,1.3385,1.3345,1.3356,354
1788407100000,1.3354,1.3355,1.3328,1.335,6593
1788408000000,1.3354,1.3377,1.3352,1.3355,4200
1788408900000,1.3356,1.3359,1.3341,1.3351,1722
1788409800000,1.3359,1.3369,1.334,1.334,1341
1788410700000,1.3341,1.34,1.3341,1.3393,3634
1788411600000,1.34,1.3444,1.34,1.3419,28463
1788412500000,1.345,1.3452,1.3285,1.3319,2366
1788413400000,1.3337,1.3409,1.3337,1.3389,3201
1788414300000,1.3394,1.3443,1.3374,1.3443,1365
1788415200000,1.3433,1.3436,1.3402,1.3402,757
1788416100000,1.3407,1.3409,1.3391,1.3409,730
1788417000000,1.3406,1.3413,1.3387,1.3409,24001
1788417900000,1.3409,1.344,1.3407,1.3415,2523
1788418800000,1.3413,1.3449,1.3409,1.3437,14618
1788419700000,1.3409,1.3425,1.3393,1.3397,3215
1788420600000,1.3386,1.3425,1.3381,1.3401,1417
1788421500000,1.3398,1.3399,1.3359,1.3372,4756
1788422400000,1.3375,1.3465,1.3375,1.3395,11613
1788423300000,1.3394,1.3421,1.3367,1.3421,2052
1788424200000,1.3412,1.3422,1.3402,1.3402,1933
1788425100000,1.3404,1.3445,1.3395,1.3413,3482
1788426000000,1.3413,1.342,1.3395,1.3411,15204
1788426900000,1.3404,1.3409,1.3367,1.3367,11581
1788427800000,1.3369,1.3408,1.3353,1.3368,33301
1788428700000,1.3368,1.3385,1.3316,1.3319,19715
1788429600000,1.3318,1.3352,1.3311,1.3349,6078
1788430500000,1.3353,1.3402,1.3337,1.3402,9326
1788431400000,1.3424,1.3434,1.3354,1.3365,26123
1788432300000,1.3359,1.3393,1.3342,1.3393,37663
1788433200000,1.3395,1.3409,1.3376,1.3383,12769
1788434100000,1.3394,1.343,1.3389,1.3401,1723
1788435000000,1.3405,1.3501,1.3377,1.3422,366267
1788435900000,1.3423,1.3423,1.3368,1.3372,59860
1788436800000,1.3374,1.3386,1.3331,1.3369,74355
1788437700000,1.3372,1.3428,1.3338,1.3393,81623
1788438600000,1.3404,1.3454,1.3343,1.3343,11318
1788439500000,1.3344,1.338,1.3344,1.338,8754
1788440400000,1.3369,1.3393,1.3364,1.3392,11325
1788441300000,1.339,1.3395,1.3379,1.3379,7372
1788442200000,1.3379,1.3391,1.3345,1.3364,32182
1788443100000,1.3366,1.337,1.3325,1.3334,9210
1788444000000,1.3334,1.3352,1.3317,1.3328,3153
1788444900000,1.3336,1.3417,1.3336,1.3411,3230
1788445800000,1.3411,1.3449,1.3384,1.3432,2601
1788446700000,1.3429,1.3595,1.3429,1.3595,33737
1788447600000,1.3599,1.3599,1.3529,1.3565,47486
1788448500000,1.3571,1.3582,1.3545,1.356,2415
1788449400000,1.3557,1.3614,1.3557,1.3578,10435
1788450300000,1.3587,1.3794,1.3534,1.3712,506842
1788451200000,1.3712,1.3717,1.3568,1.358,272662
1788452100000,1.358,1.3584,1.355,1.3569,17684
1788453000000,1.3571,1.3688,1.3571,1.3677,21217
1788453900000,1.3673,1.3732,1.3669,1.3682,24622
1788454800000,1.3679,1.3758,1.3625,1.3752,10922
1788455700000,1.3736,1.3737,1.3698,1.3718,45465
1788456600000,1.3719,1.3739,1.3701,1.3739,5286
1788457500000,1.3717,1.3755,1.3705,1.3755,82681
1788458400000,1.3731,1.3779,1.3728,1.3763,18579
1788459300000,1.376,1.3765,1.3752,1.3755,67069
1788460200000,1.3758,1.3807,1.3729,1.375,11612
1788461100000,1.375,1.3794,1.375,1.3769,31039
1788462000000,1.3765,1.3799,1.3744,1.3744,8191
1788462900000,1.3751,1.3815,1.3746,1.3789,81253
1788463800000,1.3782,1.3788,1.3734,1.374,16271
1788464700000,1.3744,1.3744,1.3705,1.3733,14363
1788465600000,1.3725,1.374,1.3695,1.371,14042
1788466500000,1.3703,1.3712,1.3671,1.3684,4440
1788467400000,1.3687,1.3701,1.3671,1.3701,951
1788468300000,1.3698,1.3707,1.3669,1.3683,3483
1788469200000,1.3676,1.3761,1.3676,1.3761,9172
1788470100000,1.3756,1.3767,1.3734,1.376,2935
1788471000000,1.3779,1.379,1.3743,1.3749,38507
1788471900000,1.3756,1.382,1.3755,1.3813,8269
1788472800000,1.379,1.3794,1.3736,1.3739,10346
1788473700000,1.3745,1.3769,1.3714,1.3714,5531
1788474600000,1.3714,1.372,1.3681,1.3707,14810
1788475500000,1.3707,1.3752,1.3707,1.3743,1554
1788476400000,1.3743,1.3743,1.3714,1.3723,693
1788477300000,1.3721,1.3724,1.3707,1.3723,2197
1788478200000,1.3727,1.3746,1.3718,1.3746,1618
1788479100000,1.375,1.3766,1.3705,1.3717,5216
1788480000000,1.371,1.3733,1.37,1.3716,7252
1788480900000,1.3717,1.3745,1.3712,1.3716,6560
1788481800000,1.3716,1.3754,1.3703,1.3706,5586
1788482700000,1.3703,1.3707,1.3666,1.3666,3926
1788483600000,1.3681,1.3684,1.3659,1.3671,47805
1788484500000,1.3667,1.3699,1.3667,1.3682,4135
1788485400000,1.3681,1.3681,1.3652,1.3653,1419
1788486300000,1.3655,1.3693,1.3651,1.3693,2884
1788487200000,1.3689,1.3689,1.3616,1.362,69817
1788488100000,1.3619,1.3685,1.3617,1.3664,17782
1788489000000,1.3668,1.3693,1.3668,1.3686,412
1788489900000,1.3685,1.3816,1.3678,1.3815,7296
1788490800000,1.3804,1.3804,1.3778,1.3778,1644
1788491700000,1.3782,1.3785,1.3781,1.3781,388
1788492600000,1.3783,1.3785,1.3778,1.3782,1049
1788493500000,1.3784,1.3792,1.3767,1.3771,1087
1788494400000,1.3769,1.377,1.3752,1.3763,4613
1788495300000,1.3763,1.3781,1.3762,1.3778,5773
1788496200000,1.377,1.3811,1.3765,1.3772,185927
1788497100000,1.3773,1.3775,1.3766,1.3775,4324
1788498000000,1.3772,1.3785,1.3755,1.3756,8502
1788498900000,1.3755,1.3805,1.3755,1.378,29285
1788499800000,1.3773,1.3776,1.3621,1.3642,355253
1788500700000,1.3642,1.3649,1.357,1.3601,44581
1788501600000,1.3606,1.3637,1.3573,1.3636,15686
1788502500000,1.3635,1.3638,1.3598,1.3607,8668
1788503400000,1.3606,1.3606,1.3585,1.3602,17776
1788504300000,1.3602,1.3626,1.3592,1.3626,9782
1788505200000,1.363,1.3686,1.3605,1.3674,51109
1788506100000,1.3675,1.368,1.365,1.3652,4851
1788507000000,1.3659,1.366,1.3646,1.3659,1768
1788507900000,1.3656,1.368,1.3647,1.3668,2417
1788508800000,1.3681,1.37,1.3665,1.3687,13092
1788509700000,1.3694,1.3713,1.3694,1.37,734
1788510600000,1.37,1.373,1.3674,1.3701,4581
1788511500000,1.3701,1.374,1.3701,1.374,5545
1788512400000,1.3738,1.3748,1.3735,1.3736,2850
1788513300000,1.3733,1.3842,1.3733,1.3768,22277
1788514200000,1.3768,1.3794,1.3764,1.3793,886
1788515100000,1.3796,1.3796,1.3774,1.378,11646
1788516000000,1.3784,1.3791,1.3762,1.3762,1202
1788516900000,1.376,1.3781,1.3751,1.3781,3678
1788517800000,1.378,1.3799,1.3766,1.3783,2781
1788518700000,1.3791,1.3827,1.3779,1.3824,8175
1788519600000,1.3825,1.3964,1.3811,1.3939,79867
1788520500000,1.3941,1.3945,1.389,1.3906,25340
1788521400000,1.389,1.3918,1.3887,1.3899,5104
1788522300000,1.3896,1.4012,1.389,1.395,14257
1788523200000,1.3953,1.3978,1.3939,1.3951,8888
1788524100000,1.3971,1.3977,1.3942,1.3961,1173
1788525000000,1.3937,1.3937,1.3597,1.3665,157374
1788525900000,1.365,1.3659,1.3512,1.3597,496292
1788526800000,1.3596,1.3632,1.3572,1.3582,56282
1788527700000,1.3582,1.3613,1.3575,1.3594,34967
1788528600000,1.3595,1.3659,1.3561,1.365,63962
1788529500000,1.3653,1.3712,1.3648,1.3674,25217
1788530400000,1.3677,1.3696,1.3633,1.3652,10452
1788531300000,1.3644,1.3648,1.3594,1.3644,13159
1788532200000,1.3641,1.3654,1.3576,1.3595,78455
1788533100000,1.3592,1.3626,1.3517,1.3626,63746
1788534000000,1.3599,1.3666,1.3589,1.363,7014
1788534900000,1.3639,1.365,1.3631,1.365,42720
1788535800000,1.3649,1.3649,1.3619,1.364,42603
1788536700000,1.364,1.364,1.3611,1.3614,23552
1788537600000,1.3611,1.363,1.3576,1.362,21062
1788538500000,1.3614,1.3683,1.3614,1.3679,7443
1788539400000,1.3685,1.3742,1.3685,1.3709,51877
1788540300000,1.3716,1.3736,1.3682,1.3682,38615
1788541200000,1.3668,1.3694,1.3648,1.3687,9769
1788542100000,1.3679,1.3687,1.3668,1.3673,543
1788543000000,1.3674,1.3782,1.3673,1.3782,2164
1788543900000,1.3753,1.3759,1.3714,1.3741,9753
1788544800000,1.3749,1.3759,1.3692,1.3692,6223
1788545700000,1.3692,1.3729,1.3691,1.3721,26214
1788546600000,1.3741,1.3787,1.3736,1.3782,1309
1788547500000,1.3782,1.3789,1.3739,1.3749,2434
1788548400000,1.3749,1.3773,1.3709,1.3716,14484
1788549300000,1.3716,1.3893,1.3716,1.3868,12827
1788550200000,1.3867,1.3916,1.3855,1.3903,12350
1788551100000,1.391,1.3928,1.3885,1.3894,74657
1788552000000,1.3895,1.3904,1.3815,1.3845,2563
1788552900000,1.3844,1.3858,1.3825,1.383,6990
1788553800000,1.3829,1.3911,1.3829,1.3888,30484
1788554700000,1.3899,1.3934,1.388,1.3912,3232
1788555600000,1.3908,1.3923,1.3862,1.3884,1195
1788556500000,1.3882,1.3962,1.3882,1.395,5067
1788557400000,1.3954,1.3969,1.395,1.3966,2285
1788558300000,1.3966,1.3966,1.3936,1.3944,13378
1788559200000,1.3947,1.408,1.3935,1.4078,43677
1788560100000,1.4071,1.4328,1.3991,1.4295,1699135
1788561000000,1.4294,1.4326,1.397,1.3987,1185497
1788561900000,1.3979,1.4002,1.3893,1.3913,757995
1788562800000,1.3908,1.3909,1.3801,1.3885,984193
1788563700000,1.3885,1.3958,1.3875,1.3915,120070
1788564600000,1.3914,1.3943,1.3907,1.3921,27061
1788565500000,1.3918,1.3948,1.3908,1.3942,20754
1788566400000,1.3945,1.3976,1.3924,1.3933,8346
1788567300000,1.3939,1.3942,1.3877,1.3909,4620
1788568200000,1.3909,1.3987,1.3909,1.3987,3791
1788569100000,1.3985,1.402,1.3976,1.4015,3235
1788570000000,1.4015,1.4057,1.4003,1.4017,4342
1788570900000,1.403,1.4048,1.4024,1.4035,2554
1788571800000,1.4041,1.4065,1.4034,1.4065,860
1788572700000,1.4067,1.4067,1.4025,1.4052,1709
1788573600000,1.4057,1.4057,1.3989,1.3989,4271
1788574500000,1.3998,1.4045,1.3995,1.4032,369
1788575400000,1.4032,1.4058,1.4016,1.4056,12530
1788576300000,1.4056,1.4056,1.3986,1.4015,5554
1788577200000,1.4012,1.4054,1.4007,1.4019,2334
1788578100000,1.4018,1.4048,1.4018,1.4035,340
1788579000000,1.4029,1.4035,1.4012,1.4031,1973
1788579900000,1.4032,1.4059,1.403,1.4032,658
1788580800000,1.4032,1.4032,1.3953,1.3957,4334
1788581700000,1.3957,1.3989,1.3957,1.3986,316
1788582600000,1.3986,1.401,1.3981,1.3998,2619
1788583500000,1.4002,1.4014,1.3977,1.4012,3009
1788584400000,1.4006,1.4034,1.3993,1.4021,8429
1788585300000,1.403,1.4039,1.4003,1.4015,1063
1788586200000,1.4019,1.4019,1.3999,1.4007,2677
1788587100000,1.3999,1.4046,1.3995,1.4041,1055
1788588000000,1.4041,1.4121,1.4041,1.4117,3738
1788588900000,1.412,1.4139,1.4102,1.4102,3358
1788589800000,1.4112,1.4117,1.4078,1.4109,4403
1788590700000,1.4109,1.4174,1.41,1.4155,1512
1788591600000,1.418,1.4182,1.415,1.4181,1813
1788592500000,1.4185,1.423,1.4174,1.4217,20092
1788593400000,1.4222,1.4244,1.4188,1.4225,23633
1788594300000,1.423,1.424,1.418,1.421,3852
1788595200000,1.4201,1.4342,1.4191,1.4234,20058
1788596100000,1.4231,1.4263,1.4219,1.4248,31704
1788597000000,1.4246,1.4265,1.4218,1.4261,4699
1788597900000,1.4274,1.4305,1.4227,1.4245,4707
1788598800000,1.4243,1.4308,1.4243,1.4273,2477
1788599700000,1.427,1.427,1.4238,1.4257,14282
1788600600000,1.4252,1.4261,1.4216,1.4261,48040
1788601500000,1.4242,1.4254,1.4222,1.4228,1030
1788602400000,1.4226,1.4267,1.4221,1.4256,375
1788603300000,1.4251,1.4251,1.4163,1.4191,45828
1788604200000,1.4192,1.4228,1.4192,1.4228,33425
1788605100000,1.425,1.4279,1.4209,1.4273,37398
1788606000000,1.4263,1.4268,1.4227,1.4246,17782
1788606900000,1.4241,1.427,1.4229,1.427,24659
1788607800000,1.4265,1.4265,1.4241,1.4255,4605
1788608700000,1.425,1.4251,1.4222,1.4238,7319
1788609600000,1.4238,1.4281,1.4233,1.4265,364
1788610500000,1.4266,1.4287,1.4255,1.4279,2490
1788611400000,1.4283,1.4295,1.4274,1.4278,1081
1788612300000,1.4299,1.4341,1.4295,1.43,4274
1788613200000,1.4307,1.4348,1.4253,1.427,4237
1788614100000,1.4269,1.4282,1.4239,1.4241,3052
1788615000000,1.424,1.4281,1.423,1.4244,1684
1788615900000,1.4245,1.4284,1.4245,1.4261,3401
1788616800000,1.4276,1.4276,1.4225,1.4237,934
1788617700000,1.4244,1.4275,1.4236,1.4268,324
1788618600000,1.4268,1.4306,1.4267,1.4285,2751
1788619500000,1.4283,1.4294,1.4267,1.4294,1945
1788620400000,1.4278,1.4295,1.4249,1.4257,5622
1788621300000,1.4253,1.4253,1.4206,1.4224,746
1788622200000,1.4237,1.4265,1.4222,1.4255,22688
1788623100000,1.4251,1.426,1.4239,1.4256,1342
1788624000000,1.4247,1.4274,1.4247,1.4257,2793
1788624900000,1.4255,1.4267,1.4238,1.4238,3483
1788625800000,1.425,1.4264,1.4239,1.4246,2715
1788626700000,1.4246,1.4268,1.4234,1.4236,3482
1788627600000,1.4238,1.426,1.4238,1.4253,5556
1788628500000,1.4249,1.4253,1.4227,1.4236,2834
1788629400000,1.4236,1.4238,1.4182,1.4199,2773
1788630300000,1.4197,1.429,1.4187,1.4281,3592
1788631200000,1.4284,1.4297,1.4268,1.4284,4589
1788632100000,1.4281,1.431,1.4281,1.4287,10668
1788633000000,1.429,1.4313,1.429,1.4293,6396
1788633900000,1.4294,1.4309,1.4273,1.4309,3715
1788634800000,1.4309,1.4309,1.4271,1.4304,8781
1788635700000,1.4306,1.4363,1.4304,1.4363,8464
1788636600000,1.435,1.435,1.4271,1.4275,8323
1788637500000,1.4272,1.4272,1.4228,1.4258,1178
1788638400000,1.4252,1.4286,1.4242,1.4279,8872
1788639300000,1.4263,1.4286,1.4256,1.4257,406
1788640200000,1.4257,1.4288,1.4257,1.4288,1867
1788641100000,1.4282,1.4302,1.4276,1.4285,2117
1788642000000,1.4277,1.4307,1.4259,1.4307,3502
1788642900000,1.4302,1.4333,1.4302,1.4316,645
1788643800000,1.4316,1.4355,1.4316,1.4337,18695
1788644700000,1.4339,1.4339,1.4307,1.4324,1367
1788645600000,1.4332,1.4553,1.4332,1.4392,1096666
1788646500000,1.4398,1.4436,1.4342,1.4347,487675
1788647400000,1.4348,1.438,1.4348,1.4359,23824
1788648300000,1.4365,1.4384,1.4351,1.4363,13596
1788649200000,1.4364,1.4366,1.4333,1.4333,15891
1788650100000,1.4327,1.435,1.4321,1.4344,29260
1788651000000,1.4345,1.436,1.4309,1.4315,14724
1788651900000,1.4313,1.4359,1.4307,1.4337,16358
1788652800000,1.4334,1.4348,1.4309,1.4321,17589
1788653700000,1.4321,1.4328,1.4296,1.4328,11355
1788654600000,1.4327,1.4334,1.4312,1.4316,7808
1788655500000,1.4313,1.4331,1.4266,1.4289,5615
1788656400000,1.4288,1.4341,1.4281,1.4331,4433
1788657300000,1.4327,1.4345,1.4323,1.4328,5634
1788658200000,1.4328,1.4379,1.4327,1.4359,5891
1788659100000,1.4359,1.4359,1.4324,1.4324,14681
1788660000000,1.4325,1.4332,1.4288,1.4312,24330
1788660900000,1.4318,1.4319,1.4237,1.4251,11577
1788661800000,1.4253,1.4287,1.4253,1.4269,9700
1788662700000,1.4267,1.4269,1.4258,1.4266,5640
1788663600000,1.4266,1.4283,1.4263,1.4271,2160
1788664500000,1.4271,1.4294,1.4266,1.4272,4323
1788665400000,1.4287,1.4339,1.4284,1.4337,9096
1788666300000,1.4339,1.4339,1.4302,1.4303,422
1788667200000,1.43,1.4303,1.4253,1.4255,51789
1788668100000,1.4263,1.4263,1.4219,1.4232,12824
1788669000000,1.4233,1.4256,1.4223,1.4251,3052
1788669900000,1.4256,1.429,1.424,1.4286,2067
1788670800000,1.4281,1.4286,1.4244,1.4244,2068
1788671700000,1.4249,1.4295,1.4241,1.4286,12186
1788672600000,1.4285,1.4308,1.4279,1.4285,6524
1788673500000,1.4292,1.4292,1.4252,1.4258,5352
1788674400000,1.4253,1.4263,1.4235,1.4255,9532
1788675300000,1.4256,1.4256,1.4201,1.4203,5001
1788676200000,1.4204,1.4214,1.4184,1.4207,2727
1788677100000,1.4205,1.4209,1.419,1.4196,3382
1788678000000,1.4194,1.4208,1.4075,1.4128,20971
1788678900000,1.4132,1.4174,1.4132,1.4148,5507
1788679800000,1.4142,1.4199,1.4142,1.4188,8436
1788680700000,1.4197,1.421,1.4186,1.4209,6155
1788681600000,1.4214,1.4214,1.4174,1.4182,26317
1788682500000,1.4185,1.4185,1.4117,1.4117,4960
1788683400000,1.4115,1.4119,1.4074,1.4106,71990
1788684300000,1.4103,1.4121,1.4094,1.4101,2174
1788685200000,1.4101,1.4186,1.4101,1.4184,2122
1788686100000,1.4189,1.4215,1.4189,1.4215,8039
1788687000000,1.4202,1.4213,1.4189,1.4189,6109
1788687900000,1.4191,1.4207,1.4187,1.4207,469
1788688800000,1.4197,1.4199,1.4165,1.4165,582
1788689700000,1.4171,1.4197,1.4171,1.4173,2626
1788690600000,1.4172,1.4198,1.4169,1.4198,3470
1788691500000,1.4198,1.4204,1.4173,1.4199,1915
1788692400000,1.42,1.4221,1.4193,1.4221,12869
1788693300000,1.4221,1.4239,1.4203,1.4224,12983
1788694200000,1.4224,1.4248,1.4222,1.4243,5204
1788695100000,1.4244,1.4267,1.4234,1.4253,16533
1788696000000,1.4247,1.4258,1.4241,1.4244,4636
1788696900000,1.4243,1.4285,1.4242,1.4256,3933
1788697800000,1.4266,1.4266,1.4234,1.4235,6813
1788698700000,1.424,1.4262,1.4236,1.4255,1561
1788699600000,1.4255,1.4275,1.4249,1.4265,2095
1788700500000,1.4266,1.4266,1.4207,1.4207,2930
1788701400000,1.4207,1.4298,1.4194,1.4237,25653
1788702300000,1.4236,1.4259,1.4236,1.4258,11348
1788703200000,1.4258,1.4258,1.4232,1.4236,8762
1788704100000,1.4237,1.4246,1.4158,1.4158,6054
1788705000000,1.4153,1.4172,1.4077,1.4168,13546
1788705900000,1.4167,1.4188,1.4135,1.4154,10814
1788706800000,1.4161,1.4162,1.413,1.4138,3211
1788707700000,1.4138,1.4155,1.4125,1.4146,1273
1788708600000,1.4146,1.4184,1.4124,1.4152,46797
1788709500000,1.4145,1.4198,1.4133,1.4196,32661
1788710400000,1.4188,1.4194,1.4155,1.4189,2317
1788711300000,1.4189,1.4216,1.4187,1.4214,2412
1788712200000,1.4208,1.4241,1.4203,1.4241,11485
1788713100000,1.4217,1.4219,1.4204,1.4213,2630
1788714000000,1.422,1.422,1.4192,1.4202,521
1788714900000,1.4202,1.4231,1.4171,1.4175,12196
1788715800000,1.4177,1.422,1.4167,1.422,438
1788716700000,1.422,1.4225,1.4206,1.421,4474
1788717600000,1.4221,1.4233,1.421,1.4228,2465
1788718500000,1.4227,1.4248,1.4212,1.4243,2021
1788719400000,1.4241,1.4267,1.4239,1.4248,1942
1788720300000,1.4248,1.4248,1.4223,1.4234,1574
1788721200000,1.4232,1.4233,1.4212,1.4213,853
1788722100000,1.4213,1.4235,1.4213,1.4218,748
1788723000000,1.421,1.4218,1.421,1.4218,476
1788723900000,1.4211,1.4241,1.4209,1.4232,446
1788724800000,1.4234,1.4244,1.4213,1.423,3974
1788725700000,1.423,1.4274,1.423,1.4274,394
1788726600000,1.427,1.4289,1.427,1.4283,1309
1788727500000,1.4282,1.4308,1.4282,1.4307,6477
1788728400000,1.4299,1.433,1.4296,1.4329,30262
1788729300000,1.433,1.436,1.4325,1.4352,12026
1788730200000,1.4352,1.4402,1.4348,1.4385,11912
1788731100000,1.4385,1.4393,1.4353,1.4357,1210
1788732000000,1.4346,1.4346,1.426,1.4269,2020
1788732900000,1.4273,1.4299,1.4251,1.4293,640
1788733800000,1.4295,1.4318,1.4295,1.4301,466
1788734700000,1.4308,1.4316,1.4294,1.4309,668
1788735600000,1.4316,1.4339,1.4309,1.4339,611
1788736500000,1.4331,1.435,1.4323,1.4348,286
1788737400000,1.4345,1.4362,1.4339,1.4358,3926
1788738300000,1.4358,1.4371,1.435,1.436,8105
1788739200000,1.4356,1.4371,1.4336,1.4371,2217
1788740100000,1.437,1.4373,1.4331,1.4339,4908
1788741000000,1.4352,1.4378,1.434,1.437,7593
1788741900000,1.4368,1.4369,1.4327,1.4334,832
1788742800000,1.4324,1.4339,1.4271,1.428,5753
1788743700000,1.4267,1.4267,1.424,1.4251,3721
1788744600000,1.425,1.4263,1.419,1.4207,9245
1788745500000,1.4211,1.4263,1.4208,1.4244,592
1788746400000,1.4241,1.4241,1.42,1.4217,663
1788747300000,1.4233,1.4292,1.4233,1.4292,483
1788748200000,1.4284,1.4362,1.4284,1.4351,890
1788749100000,1.4346,1.4356,1.4296,1.4296,3575
1788750000000,1.4299,1.4307,1.4257,1.4264,348
1788750900000,1.4262,1.4262,1.4236,1.4236,1525
1788751800000,1.4243,1.4245,1.4226,1.4228,1171
1788752700000,1.4227,1.4261,1.4222,1.4234,11845
1788753600000,1.4227,1.4238,1.4211,1.4225,39896
1788754500000,1.4235,1.4253,1.4227,1.4228,4232
1788755400000,1.4228,1.4242,1.421,1.4236,1753
1788756300000,1.4236,1.4247,1.4227,1.4247,915
1788757200000,1.424,1.4284,1.423,1.4252,4843
1788758100000,1.4252,1.4299,1.4252,1.4285,2123
1788759000000,1.4281,1.4286,1.4258,1.4264,12987
1788759900000,1.4258,1.4265,1.4186,1.4205,12411
1788760800000,1.4202,1.4233,1.4201,1.423,7717
1788761700000,1.4236,1.4236,1.4134,1.4146,98371
1788762600000,1.4149,1.4166,1.4134,1.4146,57814
1788763500000,1.4148,1.4212,1.4144,1.421,57865
1788764400000,1.421,1.4212,1.4201,1.4212,825
1788765300000,1.422,1.4224,1.4165,1.4165,4544
1788766200000,1.4186,1.4198,1.4141,1.4159,536