timestamp,open,high,low,close,volume
1784252700000,60.352,60.466,59.575,60.014,375339.5
1784253600000,60.015,60.414,59.985,60.32,110880.62
1784254500000,60.32,60.51,60.217,60.412,38280.67
1784255400000,60.403,60.511,60.293,60.51,33946.16
1784256300000,60.51,60.556,60.073,60.301,76290.84
1784257200000,60.302,60.496,60.143,60.394,31038.19
1784258100000,60.395,60.646,60.373,60.636,33693.57
1784259000000,60.636,60.636,60.202,60.261,48372.01
1784259900000,60.266,60.277,59.92,59.936,51104.28
1784260800000,59.943,60.164,59.758,60.022,63890.25
1784261700000,60.022,60.041,59.762,59.826,47350.75
1784262600000,59.828,60.03,59.753,59.955,42362.72
1784263500000,59.956,60.118,59.953,59.984,21188.17
1784264400000,59.989,59.989,59.555,59.629,294175.44
1784265300000,59.63,59.64,58.859,58.919,335320.61
1784266200000,58.924,59.74,58.781,59.607,313184.43
1784267100000,59.693,59.693,59.071,59.112,93158.06
1784268000000,59.121,59.544,59.12,59.341,79107.52
1784268900000,59.341,59.341,59.112,59.138,52849.88
1784269800000,59.141,59.353,59.118,59.178,45480.1
1784270700000,59.181,59.2,58.758,59.198,69395.67
1784271600000,59.199,59.336,59.027,59.141,52370.12
1784272500000,59.141,59.151,58.703,58.836,191061.96
1784273400000,58.832,58.902,58.45,58.761,239624.88
1784274300000,58.762,58.902,58.54,58.614,126014.27
1784275200000,58.615,59.378,58.568,59.31,95012.12
1784276100000,59.31,59.527,59.102,59.405,70315.32
1784277000000,59.414,59.477,59.231,59.413,78210.34
1784277900000,59.413,59.78,59.402,59.533,96764.52
1784278800000,59.543,59.825,59.441,59.757,74616.88
1784279700000,59.757,60.343,59.704,60.284,99579.29
1784280600000,60.284,61.07,60,60.819,175876.09
1784281500000,60.815,60.818,60.42,60.443,56081.82
1784282400000,60.445,60.684,60.38,60.51,60421.69
1784283300000,60.508,60.751,60.128,60.192,60421.44
1784284200000,60.188,60.567,60.101,60.406,40180.99
1784285100000,60.407,60.446,60.137,60.196,38465.22
1784286000000,60.197,60.432,60.183,60.306,50021.86
1784286900000,60.306,60.367,60.12,60.339,26883.99
1784287800000,60.34,60.411,60.168,60.277,28236.75
1784288700000,60.277,60.493,60.261,60.307,26290.88
1784289600000,60.308,60.318,59.739,59.779,80576.53
1784290500000,59.781,60.19,59.711,60.029,80886.39
1784291400000,60.028,60.086,59.842,59.994,24682.3
1784292300000,59.995,59.995,59.62,59.651,52708.38
1784293200000,59.65,59.721,59.381,59.692,111436.84
1784294100000,59.692,60.01,59.658,59.868,57904.59
1784295000000,59.863,59.961,59.001,59.045,157345.43
1784295900000,59.045,60.603,58.934,60.561,231510.5
1784296800000,60.572,60.961,60.509,60.546,184456.44
1784297700000,60.547,60.669,60.272,60.354,84231.07
1784298600000,60.354,60.599,60.06,60.085,60239.04
1784299500000,60.091,60.281,59.909,60.091,72548.5
1784300400000,60.091,60.149,59.776,60.026,89893.91
1784301300000,60.027,60.397,59.922,60.344,42374.26
1784302200000,60.341,60.836,60.184,60.519,178548.23
1784303100000,60.52,60.809,60.415,60.778,78100.48
1784304000000,60.779,60.823,60.45,60.558,71813.52
1784304900000,60.557,60.595,60.299,60.385,31875.74
1784305800000,60.385,60.454,60.238,60.38,19834.4
1784306700000,60.38,60.489,60.163,60.239,48010.14
1784307600000,60.239,60.756,60.218,60.441,66410.98
1784308500000,60.441,60.705,60.354,60.584,53084.77
1784309400000,60.584,60.613,60.242,60.397,87141.94
1784310300000,60.392,60.508,60.25,60.39,32026.25
1784311200000,60.385,60.459,60.02,60.096,43874.76
1784312100000,60.097,60.22,59.821,60.197,80876.2
1784313000000,60.198,60.309,59.969,60.111,94573.01
1784313900000,60.109,60.478,60.089,60.297,61254.08
1784314800000,60.299,60.301,59.878,59.878,39729.76
1784315700000,59.878,59.987,59.7,59.797,87919.57
1784316600000,59.795,60.219,59.69,60.201,131092.99
1784317500000,60.194,60.366,60.045,60.266,66029.81
1784318400000,60.27,60.27,59.978,60.158,28364.34
1784319300000,60.154,60.295,60.103,60.126,11450.56
1784320200000,60.123,60.17,59.705,59.872,39029.36
1784321100000,59.873,59.88,59.423,59.699,140069.92
1784322000000,59.702,59.961,59.702,59.831,34141.84
1784322900000,59.832,59.917,59.704,59.879,12343.9
1784323800000,59.88,59.946,59.723,59.768,18662.5
1784324700000,59.769,59.98,59.722,59.934,20042.6
1784325600000,59.94,60.132,59.891,60.11,30925.03
1784326500000,60.11,60.192,59.664,59.68,60801.5
1784327400000,59.68,59.815,59.648,59.738,23943.81
1784328300000,59.738,59.878,59.71,59.77,17867.49
1784329200000,59.771,59.781,59.494,59.567,34348.58
1784330100000,59.568,59.833,59.549,59.786,24113.3
1784331000000,59.787,59.958,59.671,59.742,15583.45
1784331900000,59.73,59.849,59.577,59.725,52025.59
1784332800000,59.729,60.053,59.684,59.991,23488.82
1784333700000,59.992,60.088,59.864,59.949,20068.95
1784334600000,59.944,59.944,59.645,59.737,12693.65
1784335500000,59.75,59.866,59.63,59.712,9064.39
1784336400000,59.717,59.869,59.651,59.772,5226.4
1784337300000,59.775,59.837,59.694,59.82,4328.28
1784338200000,59.819,59.82,59.575,59.651,16885.85
1784339100000,59.657,59.806,59.657,59.692,5481.22
1784340000000,59.693,59.807,59.595,59.66,7122.99
1784340900000,59.661,59.943,59.652,59.83,13922.82
1784341800000,59.831,59.974,59.647,59.651,24027.44
1784342700000,59.656,59.665,59.467,59.475,21344.27
1784343600000,59.475,59.673,59.342,59.643,38860.53
1784344500000,59.65,59.728,59.584,59.615,9138.41
1784345400000,59.622,59.651,59.513,59.521,3068.68
1784346300000,59.523,59.628,59.409,59.619,11274.55
1784347200000,59.624,59.634,59.45,59.467,9703.63
1784348100000,59.462,59.462,59.252,59.353,25470.07
1784349000000,59.349,59.467,59.174,59.238,41092.05
1784349900000,59.237,59.307,59.197,59.236,26812.15
1784350800000,59.247,59.262,59.099,59.132,35213.08
1784351700000,59.137,59.422,59.126,59.288,32260.53
1784352600000,59.287,59.379,59.141,59.149,30755.63
1784353500000,59.138,59.162,58.705,58.86,121876.66
1784354400000,58.86,58.861,58.557,58.625,86595.13
1784355300000,58.625,58.933,58.622,58.915,54722.81
1784356200000,58.916,59.13,58.73,59.059,36625.21
1784357100000,59.06,59.221,58.88,58.899,35849.8
1784358000000,58.89,59.003,58.75,58.841,27212.78
1784358900000,58.839,59.191,58.812,59.19,24431.89
1784359800000,59.19,59.24,59.115,59.24,27148.73
1784360700000,59.24,59.376,59.169,59.344,26862.63
1784361600000,59.354,59.394,59.165,59.282,21181.92
1784362500000,59.284,59.48,59.283,59.328,23540.2
1784363400000,59.328,59.45,58.877,59,19793.47
1784364300000,59,59.135,58.727,58.773,32705.88
1784365200000,58.773,58.955,58.712,58.903,17776.72
1784366100000,58.902,58.924,58.76,58.846,12117.9
1784367000000,58.847,58.92,58.818,58.857,4927.24
1784367900000,58.854,58.859,58.745,58.76,3990.05
1784368800000,58.754,58.95,58.754,58.95,12125.47
1784369700000,58.946,59.078,58.838,59.058,7000.12
1784370600000,59.049,59.075,58.96,59.004,6257.31
1784371500000,59.005,59.14,58.994,59.114,13586.17
1784372400000,59.114,59.153,58.97,58.987,16049.85
1784373300000,58.983,59.087,58.9,58.9,21903.62
1784374200000,58.9,58.91,58.531,58.544,45802.98
1784375100000,58.542,58.8,58.54,58.79,27883.75
1784376000000,58.785,59.216,58.781,59.019,83646.82
1784376900000,59.014,59.037,58.501,58.551,87750.58
1784377800000,58.552,58.786,58.551,58.712,13556.99
1784378700000,58.711,58.976,58.703,58.835,12911.22
1784379600000,58.839,58.842,58.559,58.605,20645.81
1784380500000,58.609,58.634,58.227,58.631,139700.71
1784381400000,58.627,58.86,58.625,58.678,38500.03
1784382300000,58.675,58.742,58.61,58.658,13222.43
1784383200000,58.662,58.852,58.619,58.846,14045.28
1784384100000,58.825,59.398,58.777,59.336,97505.71
1784385000000,59.329,59.636,59.267,59.612,60000.8
1784385900000,59.612,59.682,59.367,59.42,58333.42
1784386800000,59.423,59.447,59.221,59.251,17249.87
1784387700000,59.252,59.272,59.082,59.118,18739.76
1784388600000,59.121,59.383,59.086,59.336,13567.06
1784389500000,59.324,59.432,59.171,59.191,18449.21
1784390400000,59.19,59.407,59.129,59.405,19616.22
1784391300000,59.405,59.425,59.179,59.179,11497.29
1784392200000,59.176,59.311,59.167,59.243,23793.91
1784393100000,59.244,59.597,59.244,59.503,20003.85
1784394000000,59.513,59.603,59.45,59.523,12607.59
1784394900000,59.524,59.813,59.371,59.418,65332.12
1784395800000,59.418,59.901,59.41,59.769,116361.32
1784396700000,59.773,59.875,59.697,59.83,31208.39
1784397600000,59.831,59.958,59.793,59.933,25074.8
1784398500000,59.933,60.151,59.835,59.942,42487.83
1784399400000,59.949,59.95,59.5,59.587,68510.64
1784400300000,59.598,59.981,59.598,59.91,107257.99
1784401200000,59.91,60.008,59.826,59.843,23268.47
1784402100000,59.851,60.001,59.753,59.821,32296
1784403000000,59.821,59.914,59.739,59.855,12185.47
1784403900000,59.868,59.939,59.772,59.847,8265.58
1784404800000,59.847,60.106,59.776,60.071,46795
1784405700000,60.07,60.2,59.957,59.961,43329.51
1784406600000,59.962,60.011,59.89,59.962,11134.52
1784407500000,59.972,60.037,59.799,59.985,15336.53
1784408400000,59.982,60.116,59.929,60.108,17548.27
1784409300000,60.116,60.174,59.972,60.047,18504.18
1784410200000,60.047,60.153,59.967,60.119,15453.83
1784411100000,60.12,60.12,59.961,60.022,14802.12
1784412000000,60.022,60.34,59.924,60.286,29089.28
1784412900000,60.287,60.408,60.2,60.212,17247.8
1784413800000,60.21,60.364,60.146,60.344,35791.48
1784414700000,60.323,60.625,60.302,60.5,88581.3
1784415600000,60.482,60.517,60.264,60.278,35613.65
1784416500000,60.276,60.512,60.276,60.456,32131.38
1784417400000,60.435,60.442,60.239,60.239,37714.58
1784418300000,60.24,60.326,60.121,60.189,35630.95
1784419200000,60.189,60.372,60.184,60.341,12365.57
1784420100000,60.342,60.455,60.267,60.294,23650.3
1784421000000,60.295,60.417,60.252,60.35,8659.78
1784421900000,60.359,60.545,60.325,60.401,8453.67
1784422800000,60.391,60.505,60.363,60.474,9343.42
1784423700000,60.476,60.6,60.45,60.55,12645.05
1784424600000,60.536,60.541,60.408,60.53,17089.46
1784425500000,60.528,60.927,60.459,60.902,76947.42
1784426400000,60.902,61.129,60.863,60.995,99243.92
1784427300000,60.995,61.049,60.755,60.803,23216.14
1784428200000,60.803,60.977,60.752,60.752,27805.62
1784429100000,60.765,60.842,60.647,60.837,46290.46
1784430000000,60.837,60.853,60.58,60.699,17411.08
1784430900000,60.699,60.732,60.579,60.704,30928.33
1784431800000,60.704,60.867,60.674,60.833,13229.19
1784432700000,60.834,60.849,60.655,60.689,7527.38
1784433600000,60.689,60.78,60.629,60.78,8400.73
1784434500000,60.776,60.88,60.667,60.777,7549.34
1784435400000,60.768,60.938,60.764,60.82,33332.98
1784436300000,60.825,60.986,60.771,60.84,41263.13
1784437200000,60.841,60.978,60.817,60.926,11454.31
1784438100000,60.933,61.047,60.802,60.802,31154.78
1784439000000,60.802,60.842,60.64,60.739,8870.51
1784439900000,60.74,60.85,60.721,60.752,8384.98
1784440800000,60.752,60.81,60.565,60.616,14782.56
1784441700000,60.603,60.819,60.601,60.784,13790.97
1784442600000,60.784,60.89,60.777,60.844,5920.63
1784443500000,60.833,60.895,60.757,60.822,21744.3
1784444400000,60.822,60.847,60.754,60.837,5667.09
1784445300000,60.838,60.906,60.748,60.892,5659.1
1784446200000,60.886,60.897,60.789,60.846,5837.39
1784447100000,60.84,60.84,60.663,60.734,8663.6
1784448000000,60.733,61.191,60.681,61.002,62187.86
1784448900000,61.005,61.065,60.885,60.956,18377.09
1784449800000,60.955,61.272,60.86,61.219,54506.34
1784450700000,61.22,61.356,61.213,61.282,31325.54
1784451600000,61.285,61.361,61.24,61.301,60004.5
1784452500000,61.301,61.304,61.028,61.286,34578.11
1784453400000,61.287,61.3,61.134,61.223,15998.89
1784454300000,61.211,61.294,61.142,61.279,22899.62
1784455200000,61.276,61.293,61.009,61.036,36888.68
1784456100000,61.044,61.059,60.887,61.021,27010.76
1784457000000,61.021,61.044,60.843,61.036,27914.54
1784457900000,61.032,61.08,60.875,60.972,9301.43
1784458800000,60.969,61.173,60.898,61.159,20324.65
1784459700000,61.154,61.33,61.113,61.214,17247.84
1784460600000,61.207,61.288,61.041,61.106,19024.16
1784461500000,61.104,61.108,60.953,61.027,19758.98
1784462400000,61.033,61.078,60.569,60.685,99412.68
1784463300000,60.684,60.88,60.609,60.771,16302.12
1784464200000,60.772,61.032,60.772,60.913,26588.94
1784465100000,60.898,60.985,60.839,60.971,7660.64
1784466000000,60.969,60.97,60.672,60.723,17014.52
1784466900000,60.733,60.902,60.596,60.879,21368.78
1784467800000,60.896,61.086,60.887,61.021,20270.47
1784468700000,61.019,61.187,61,61.096,13533.19
1784469600000,61.097,61.289,60.928,60.966,78753.34
1784470500000,60.963,60.967,60.794,60.841,25860.58
1784471400000,60.842,60.991,60.84,60.917,21736.77
1784472300000,60.917,61.086,60.916,60.948,14991.14
1784473200000,60.948,61.002,60.85,60.936,8542.86
1784474100000,60.946,61.031,60.854,60.854,15810.54
1784475000000,60.854,60.942,60.788,60.876,9324.22
1784475900000,60.87,60.957,60.82,60.855,4073.32
1784476800000,60.873,60.898,60.61,60.724,19241.64
1784477700000,60.724,60.87,60.674,60.764,9338.76
1784478600000,60.77,60.77,60.65,60.704,6338.82
1784479500000,60.704,60.739,60.601,60.681,17058.7
1784480400000,60.681,60.809,60.23,60.805,81846.38
1784481300000,60.807,60.986,60.8,60.982,53578.81
1784482200000,60.981,61.168,60.958,60.968,39518.16
1784483100000,60.968,60.968,60.738,60.762,22827.23
1784484000000,60.762,60.822,60.427,60.551,48405.16
1784484900000,60.55,60.618,60.446,60.464,16815.55
1784485800000,60.463,60.623,60.425,60.514,18348.63
1784486700000,60.514,60.625,60.5,60.604,6917.38
1784487600000,60.604,60.767,60.549,60.755,24574.75
1784488500000,60.755,60.854,60.704,60.804,9422.99
1784489400000,60.815,60.995,60.793,60.875,22783.02
1784490300000,60.87,61.112,60.87,61.078,21999.84
1784491200000,61.066,61.166,60.971,61.008,24148.2
1784492100000,61.004,61.073,60.92,61.04,17549.6
1784493000000,61.038,61.301,61.017,61.295,31511.83
1784493900000,61.294,61.459,61.253,61.291,55908.76
1784494800000,61.301,61.323,61.034,61.108,21302.62
1784495700000,61.108,61.177,60.988,61.151,19273.3
1784496600000,61.149,61.173,60.94,60.984,18604.55
1784497500000,60.983,61.03,60.905,60.924,21968.04
1784498400000,60.924,61.115,60.885,60.998,89146.36
1784499300000,61.005,61.349,60.97,60.983,58614.4
1784500200000,60.983,61.085,60.924,61.024,9131.52
1784501100000,61.023,61.049,60.951,60.986,9507.5
1784502000000,60.986,61.008,60.801,61.001,31543.89
1784502900000,61.002,61.152,60.95,61.107,15502.19
1784503800000,61.108,61.216,60.99,61.162,17643.79
1784504700000,61.163,61.172,61.039,61.11,8446.99
1784505600000,61.112,61.616,60.9,61.531,84889.29
1784506500000,61.532,61.613,61.238,61.31,36512.85
1784507400000,61.322,61.358,61.052,61.258,63989.2
1784508300000,61.241,61.247,60.308,60.661,296070.53
1784509200000,60.654,60.95,60.517,60.719,30715.32
1784510100000,60.719,60.85,60.545,60.723,30941.08
1784511000000,60.722,60.759,60.3,60.424,61255.77
1784511900000,60.426,60.473,60.074,60.192,66013.95
1784512800000,60.192,60.525,60.148,60.382,74019.64
1784513700000,60.384,60.418,60.13,60.185,29576.08
1784514600000,60.185,60.527,60.151,60.336,29197.38
1784515500000,60.346,60.559,60.338,60.502,14553.03
1784516400000,60.502,60.561,60.394,60.493,8594.13
1784517300000,60.493,60.581,60.084,60.126,40206.73
1784518200000,60.128,60.276,60.031,60.274,41135.23
1784519100000,60.274,60.406,60.206,60.286,20073.99
1784520000000,60.287,60.455,60.059,60.076,59972.86
1784520900000,60.081,60.163,59.78,60.116,128183.84
1784521800000,60.116,60.318,60.041,60.274,21330.23
1784522700000,60.28,60.298,60.038,60.061,14812.08
1784523600000,60.07,60.109,59.786,60.107,41845.62
1784524500000,60.106,60.233,60.004,60.168,27350.42
1784525400000,60.18,60.267,60.084,60.177,8852.96
1784526300000,60.185,60.312,60.024,60.283,15889.91
1784527200000,60.287,60.383,60.247,60.339,15992.26
1784528100000,60.336,60.391,60.161,60.202,13524.38
1784529000000,60.2,60.248,59.983,60.141,26927.83
1784529900000,60.142,60.25,60.012,60.169,14898.3
1784530800000,60.17,60.412,60.168,60.283,16432.04
1784531700000,60.279,60.727,60.217,60.725,51511.63
1784532600000,60.724,60.804,60.635,60.797,21032.26
1784533500000,60.797,60.818,60.636,60.676,28153.67
1784534400000,60.676,60.882,60.658,60.739,25889.28
1784535300000,60.738,60.76,60.58,60.582,19629.47
1784536200000,60.582,60.608,60.395,60.426,20453.4
1784537100000,60.429,60.755,60.427,60.589,11051.65
1784538000000,60.589,60.589,60.368,60.444,29307.22
1784538900000,60.448,60.767,60.448,60.745,14429.38
1784539800000,60.743,60.777,60.633,60.739,12258.52
1784540700000,60.74,60.818,60.675,60.702,30525.58
1784541600000,60.702,60.791,60.637,60.727,9783.39
1784542500000,60.725,60.863,60.674,60.813,8218.18
1784543400000,60.814,60.839,60.683,60.712,17649.52
1784544300000,60.711,60.763,60.672,60.683,3646.27
1784545200000,60.684,60.846,60.678,60.725,22637.05
1784546100000,60.727,60.746,60.571,60.592,13584.54
1784547000000,60.592,61.245,60.592,61.114,85582.94
1784547900000,61.131,61.343,61.056,61.32,47533.08
1784548800000,61.319,61.34,60.869,60.946,28306.65
1784549700000,60.944,61.076,60.91,61.013,15124.13
1784550600000,61.012,61.202,60.938,61.088,16237.21
1784551500000,61.089,61.309,61.088,61.272,48440.75
1784552400000,61.267,61.571,61.134,61.317,113757.78
1784553300000,61.316,61.454,60.91,60.974,67056.23
1784554200000,60.984,61.223,60.902,61.036,82802.45
1784555100000,61.035,61.169,60.661,60.804,63616.96
1784556000000,60.803,60.832,60.414,60.516,48422.52
1784556900000,60.513,60.872,60.439,60.872,55438.38
1784557800000,60.871,61,60.795,60.899,26022.86
1784558700000,60.897,61.159,60.795,60.87,24923.64
1784559600000,60.871,61.272,60.855,61.228,49700.46
1784560500000,61.24,61.298,61.097,61.206,20940.92
1784561400000,61.201,61.59,61.102,61.545,86942.03
1784562300000,61.545,62.322,61.504,62.182,415978.33
1784563200000,62.182,62.413,62.093,62.381,147107.1
1784564100000,62.371,62.465,62.1,62.174,123189.47
1784565000000,62.183,62.333,62.027,62.134,102547.06
1784565900000,62.135,62.3,62.128,62.292,45985.81
1784566800000,62.293,62.3,62.058,62.063,22851.99
1784567700000,62.063,62.107,61.819,61.884,94345.24
1784568600000,61.884,61.999,61.795,61.803,47056.09
1784569500000,61.811,62.146,61.81,61.955,33170.22
1784570400000,61.949,62.303,61.949,62.261,50836.99
1784571300000,62.26,62.401,62.151,62.163,61594.49
1784572200000,62.163,62.439,62.116,62.182,27435.61
1784573100000,62.186,62.273,62.034,62.22,34239.45
1784574000000,62.219,62.28,62.012,62.016,21087.45
1784574900000,62.017,62.15,61.976,62.079,33690.35
1784575800000,62.092,62.142,61.935,62.103,20704.39
1784576700000,62.107,62.15,61.973,61.993,14973.6
1784577600000,61.998,62.111,61.944,62.098,18771.29
1784578500000,62.097,62.122,62,62.122,10054.46
1784579400000,62.119,62.373,62.108,62.241,44587.96
1784580300000,62.24,62.733,62.24,62.673,81423.86
1784581200000,62.674,62.786,62.59,62.761,68880.58
1784582100000,62.754,62.9,62.621,62.636,60203.31
1784583000000,62.635,62.736,62.524,62.534,37847.86
1784583900000,62.535,62.6,62.437,62.472,21736.6
1784584800000,62.473,62.746,62.42,62.482,39187.17
1784585700000,62.472,62.49,62.339,62.398,12024.94
1784586600000,62.403,62.448,62.272,62.274,27303.43
1784587500000,62.28,62.327,62.215,62.242,10690.51
1784588400000,62.24,62.645,62.227,62.58,18200.26
1784589300000,62.574,62.702,62.548,62.559,10941.42
1784590200000,62.559,62.694,62.559,62.682,14235.13
1784591100000,62.682,62.682,62.433,62.447,14543.26
1784592000000,62.439,62.483,62.283,62.3,21951.9
1784592900000,62.306,62.567,62.274,62.439,13662.05
1784593800000,62.439,62.813,62.439,62.663,44622.89
1784594700000,62.664,62.712,62.394,62.468,49038.99
1784595600000,62.464,62.624,62.379,62.588,50537.25
1784596500000,62.572,62.587,62.433,62.489,12728.45
1784597400000,62.489,62.566,62.34,62.366,12249.78
1784598300000,62.364,62.388,62.265,62.305,15655.53
1784599200000,62.306,62.514,62.256,62.311,13319.85
1784600100000,62.316,62.48,62.251,62.405,9014.66
1784601000000,62.401,62.479,62.373,62.438,5594.47
1784601900000,62.437,62.528,62.347,62.471,9892.04
1784602800000,62.472,62.806,62.461,62.628,38188.64
1784603700000,62.629,62.727,62.595,62.727,21988.26
1784604600000,62.723,62.781,62.576,62.6,15163.08
1784605500000,62.597,62.662,62.52,62.629,17234.41
1784606400000,62.641,62.79,62.641,62.774,21935.71
1784607300000,62.773,62.79,62.649,62.652,7178.17
1784608200000,62.653,62.677,62.566,62.677,9190.86
1784609100000,62.665,62.97,62.661,62.851,69090.01
1784610000000,62.85,62.97,62.826,62.873,28458.94
1784610900000,62.863,63.09,62.837,63.028,82192.44
1784611800000,63.037,63.15,62.956,63.009,35091.46
1784612700000,63.009,63.13,63.001,63.027,15655.31
1784613600000,63.017,63.106,62.905,62.934,33385.22
1784614500000,62.934,63.13,62.88,63.094,33755.69
1784615400000,63.102,63.215,63.09,63.199,49434.91
1784616300000,63.199,63.223,63.088,63.108,19404.11
1784617200000,63.094,63.314,63.075,63.211,34855.75
1784618100000,63.21,63.355,63.044,63.075,43252.32
1784619000000,63.074,63.111,62.99,63.002,16617.76
1784619900000,63.003,63.091,62.909,62.936,25493.51
1784620800000,62.935,62.971,62.729,62.841,84717.92
1784621700000,62.84,62.986,62.763,62.916,15932.38
1784622600000,62.913,62.999,62.889,62.999,22448.39
1784623500000,62.999,63.004,62.949,62.954,20554.11
1784624400000,62.954,62.973,62.8,62.87,17642.72
1784625300000,62.868,63.163,62.85,63.123,38035.5
1784626200000,63.122,63.24,63.111,63.196,21623.47
1784627100000,63.196,63.245,63.013,63.092,19714.49
1784628000000,63.091,63.147,63.039,63.11,17839.53
1784628900000,63.099,63.156,63.084,63.146,12134.95
1784629800000,63.146,63.171,62.87,62.883,39541.15
1784630700000,62.882,62.883,62.521,62.696,66875.73
1784631600000,62.697,62.709,62.502,62.698,21978.35
1784632500000,62.698,62.766,62.655,62.764,13965.35
1784633400000,62.763,62.84,62.733,62.795,18077.63
1784634300000,62.795,62.908,62.76,62.823,10877.6
1784635200000,62.823,62.863,62.563,62.697,46506.15
1784636100000,62.696,62.833,62.591,62.641,22509.75
1784637000000,62.65,62.673,62.461,62.533,23354.87
1784637900000,62.533,62.741,62.532,62.736,54486.81
1784638800000,62.739,62.787,62.481,62.782,60471.34
1784639700000,62.782,62.838,62.568,62.588,66586.17
1784640600000,62.601,62.634,62.15,62.2,95611.15
1784641500000,62.201,62.637,62.1,62.543,63868.41
1784642400000,62.548,62.64,62.397,62.567,39744.98
1784643300000,62.572,62.591,62,62.061,98780.74
1784644200000,62.061,62.19,61.9,62.16,87178.53
1784645100000,62.144,62.179,61.834,61.881,53825.56
1784646000000,61.882,62.048,61.715,61.943,105015.22
1784646900000,61.94,62.062,61.6,61.678,81862.8
1784647800000,61.677,61.793,61.522,61.559,83357.95
1784648700000,61.562,61.857,61.521,61.749,50375.72
1784649600000,61.748,61.907,61.65,61.772,35796.24
1784650500000,61.773,61.815,61.422,61.464,50048.46
1784651400000,61.465,61.808,61.438,61.764,50703.01
1784652300000,61.771,61.897,61.681,61.877,36120.65
1784653200000,61.876,61.91,61.558,61.655,26615.34
1784654100000,61.658,61.66,60.607,60.727,356643.37
1784655000000,60.727,60.747,60.311,60.337,319221.7
1784655900000,60.333,60.538,60.145,60.469,148167.23
1784656800000,60.47,60.658,60.325,60.601,68886.96
1784657700000,60.603,60.639,60.337,60.458,45495.68
1784658600000,60.458,60.533,60.325,60.483,36255.51
1784659500000,60.482,60.482,60.268,60.455,59570.13
1784660400000,60.454,60.522,60.001,60.051,103136.78
1784661300000,60.05,60.272,59.862,59.919,110965.86
1784662200000,59.918,60.747,59.911,60.63,175889.15
1784663100000,60.623,60.623,60.179,60.235,137167.17
1784664000000,60.244,60.356,59.804,60.005,147489.95
1784664900000,60.005,60.348,59.94,60.306,68747.4
1784665800000,60.306,60.455,60.276,60.366,28163.52
1784666700000,60.366,60.411,60.324,60.402,25698.91
1784667600000,60.402,60.842,60.29,60.77,110350.56
1784668500000,60.763,60.844,60.511,60.797,98232.92
1784669400000,60.796,60.948,60.675,60.707,76495.44
1784670300000,60.707,60.849,60.549,60.723,70201.63
1784671200000,60.707,60.846,60.638,60.832,31470.21
1784672100000,60.832,60.849,60.743,60.79,32768.06
1784673000000,60.79,60.849,60.78,60.848,37352.92
1784673900000,60.847,60.848,60.613,60.756,43944.8
1784674800000,60.756,60.761,60.578,60.613,23543.31
1784675700000,60.613,60.683,60.537,60.683,27005.06
1784676600000,60.679,60.777,60.569,60.752,38989.31
1784677500000,60.747,60.836,60.66,60.836,22650.16
1784678400000,60.833,60.928,60.743,60.92,27127.94
1784679300000,60.919,61.048,60.819,61.042,38179.41
1784680200000,61.044,61.143,60.908,61.119,38400.63
1784681100000,61.119,61.148,60.979,61.12,29541.31
1784682000000,61.119,61.155,60.858,60.858,41881.3
1784682900000,60.857,60.973,60.745,60.843,76379.6
1784683800000,60.84,60.985,60.741,60.85,41595.74
1784684700000,60.849,60.956,60.761,60.78,13356.71
1784685600000,60.781,60.825,60.658,60.825,15233.2
1784686500000,60.824,60.892,60.775,60.871,11104.55
1784687400000,60.861,60.863,60.691,60.763,7617.16
1784688300000,60.765,60.814,60.649,60.675,8982.35
1784689200000,60.675,60.813,60.31,60.346,41643.99
1784690100000,60.354,60.39,60.202,60.236,85783.99
1784691000000,60.236,60.285,60.073,60.247,78509.59
1784691900000,60.247,60.358,60.035,60.097,23819.67
1784692800000,60.096,60.54,59.961,60.461,72821.41
1784693700000,60.469,60.546,60.429,60.519,9592.81
1784694600000,60.519,60.545,60.315,60.48,17373
1784695500000,60.479,60.492,60.143,60.257,22022.68
1784696400000,60.256,60.262,59.436,59.725,155970.82
1784697300000,59.725,59.747,59.078,59.18,157900.93
1784698200000,59.174,59.329,59,59.328,66995.92
1784699100000,59.328,59.328,58.686,59.02,127074.26
1784700000000,59.021,59.05,58.601,58.748,153944.96
1784700900000,58.753,58.84,58.121,58.264,303444.76
1784701800000,58.266,58.482,58.226,58.282,81695.38
1784702700000,58.282,58.79,58.099,58.709,229373.47
1784703600000,58.7,58.7,58.366,58.533,47043.31
1784704500000,58.534,58.671,58.476,58.478,30369.81
1784705400000,58.477,58.477,58.15,58.334,169068.18
1784706300000,58.332,58.53,58.29,58.512,34099.38
1784707200000,58.512,58.67,58.485,58.563,50136.02
1784708100000,58.561,58.888,58.473,58.888,44132.69
1784709000000,58.888,58.9,58.647,58.67,27098.95
1784709900000,58.678,58.858,58.665,58.781,20268.19
1784710800000,58.78,58.95,58.772,58.819,56725.78
1784711700000,58.822,58.878,58.753,58.753,22358.91
1784712600000,58.753,58.818,58.58,58.807,17340.98
1784713500000,58.806,58.944,58.676,58.935,21668.92
1784714400000,58.93,59.022,58.913,58.944,17672.98
1784715300000,58.944,59.154,58.866,59.099,21040.62
1784716200000,59.094,59.117,58.965,59.081,14343.91
1784717100000,59.081,59.14,59.021,59.037,34368.46
1784718000000,59.026,59.197,58.764,58.932,194368.43
1784718900000,58.937,58.957,58.696,58.722,83469.29
1784719800000,58.722,58.848,58.437,58.514,54017.22
1784720700000,58.515,58.724,58.488,58.633,28203.56
1784721600000,58.63,58.631,58.302,58.405,43208.79
1784722500000,58.408,58.433,58.197,58.243,31317.55
1784723400000,58.244,58.611,58.231,58.587,92840.88
1784724300000,58.577,58.648,58.26,58.41,37955.96
1784725200000,58.418,58.666,58.336,58.516,44408.31
1784726100000,58.517,58.577,58.1,58.23,103464.27
1784727000000,58.23,58.662,58.217,58.658,81965.49
1784727900000,58.658,58.928,58.545,58.649,66908.57
1784728800000,58.646,59.122,58.516,59.042,142438.42
1784729700000,59.023,59.023,58.201,58.251,86113.39
1784730600000,58.26,58.62,58.243,58.395,42458.93
1784731500000,58.391,58.505,58.283,58.468,37879.87
1784732400000,58.468,58.643,58.421,58.643,25542.87
1784733300000,58.633,58.761,58.527,58.717,37083.76
1784734200000,58.726,58.804,58.327,58.606,49794.34
1784735100000,58.608,58.706,58.01,58.028,235977.06
1784736000000,58.031,58.043,57.369,57.909,392969.84
1784736900000,57.91,57.919,57.46,57.547,132161.12
1784737800000,57.55,58.288,57.519,58.001,178523.27
1784738700000,58,58.234,57.737,58.215,71820.5
1784739600000,58.215,58.419,58.052,58.056,67501.34
1784740500000,58.06,58.158,57.787,57.793,39219.35
1784741400000,57.793,59.556,57.732,59.292,407768.01
1784742300000,59.286,59.6,58.806,59.014,447013.9
1784743200000,59.014,59.112,58.788,58.966,92922.36
1784744100000,58.966,59.336,58.797,59.124,66424.59
1784745000000,59.124,59.199,58.644,59.051,85286.19
1784745900000,59.05,59.702,58.992,59.538,213737.08
1784746800000,59.539,59.79,59.361,59.569,166968.76
1784747700000,59.567,59.927,59.492,59.646,123595.63
1784748600000,59.651,59.707,59.317,59.381,117089.18
1784749500000,59.381,59.434,59.089,59.167,58228.93
1784750400000,59.174,59.85,59.115,59.8,57282.71
1784751300000,59.8,60.06,59.611,59.617,110577.74
1784752200000,59.616,59.633,59.321,59.358,25624.46
1784753100000,59.358,59.491,59.25,59.28,22365.51
1784754000000,59.28,59.481,59.274,59.345,21011.54
1784754900000,59.346,59.38,59.13,59.143,27293.96
1784755800000,59.143,59.261,58.986,59.188,40386.36
1784756700000,59.188,59.216,59.006,59.154,11636.58
1784757600000,59.155,59.298,59.051,59.247,46156.86
1784758500000,59.247,59.263,58.996,59.001,24768.42
1784759400000,59.001,59.025,58.723,58.894,104275.25
1784760300000,58.885,59.229,58.816,59.179,20149.91
1784761200000,59.177,59.272,58.913,59.004,31523.22
1784762100000,59.008,59.194,58.817,59.051,24440.76
1784763000000,59.052,59.316,59.051,59.316,5907.36
1784763900000,59.316,59.4,59.259,59.336,18701.86
1784764800000,59.338,59.725,59.284,59.487,23663.14
1784765700000,59.486,59.744,59.37,59.541,17486.78
1784766600000,59.542,59.623,59.345,59.393,14124.61
1784767500000,59.398,59.488,59.329,59.363,8293.38
1784768400000,59.363,59.394,59.022,59.097,77683.43
1784769300000,59.097,59.138,58.883,59.095,26362.04
1784770200000,59.107,59.13,58.865,58.982,20212.59
1784771100000,58.969,59.037,58.89,58.937,11332.51
1784772000000,58.938,58.944,58.559,58.595,51256.89
1784772900000,58.594,58.735,58.43,58.701,69519.62
1784773800000,58.7,58.909,58.608,58.844,65449.31
1784774700000,58.843,58.989,58.818,58.928,13193.79
1784775600000,58.942,59.01,58.73,58.86,17638.53
1784776500000,58.86,58.926,58.725,58.858,9905.29
1784777400000,58.858,59.111,58.827,59.084,34619.28
1784778300000,59.08,59.14,58.979,59.053,18041.69
1784779200000,59.044,59.217,58.976,59.193,13912.03
1784780100000,59.188,59.511,59.13,59.392,35358.72
1784781000000,59.38,59.387,59.022,59.072,27481.73
1784781900000,59.066,59.167,58.995,59.09,10004.94
1784782800000,59.088,59.282,59.033,59.139,7049.83
1784783700000,59.138,59.283,59.032,59.283,10404.23
1784784600000,59.283,59.334,59.055,59.098,15705.72
1784785500000,59.097,59.112,58.802,58.843,15582.13
1784786400000,58.842,58.915,58.765,58.862,12358.11
1784787300000,58.861,59.1,58.657,59.051,55832.02
1784788200000,59.055,59.173,58.898,59.043,46491.82
1784789100000,59.034,59.092,58.957,59.059,13052.12
1784790000000,59.059,59.066,58.56,58.721,44344.32
1784790900000,58.716,58.822,58.568,58.603,29214.84
1784791800000,58.601,58.601,58.269,58.307,65590.44
1784792700000,58.305,58.622,58.305,58.604,18915.82
1784793600000,58.605,58.813,58.599,58.801,17351.07
1784794500000,58.794,58.89,58.705,58.888,17555.02
1784795400000,58.891,58.974,58.867,58.946,8129.29
1784796300000,58.946,59.036,58.847,59.025,8906.27
1784797200000,59.025,59.126,58.933,59.063,18909.25
1784798100000,59.064,59.205,59.064,59.184,9722.98
1784799000000,59.173,59.224,59.101,59.187,10661.41
1784799900000,59.196,59.199,59.082,59.13,8975.88
1784800800000,59.131,59.271,59.023,59.206,14141.49
1784801700000,59.207,59.275,59.061,59.193,8454.16
1784802600000,59.192,59.211,59.034,59.048,8982.17
1784803500000,59.048,59.136,59.029,59.092,11871.3
1784804400000,59.094,59.199,58.929,59.194,19024.78
1784805300000,59.185,59.497,59.093,59.387,67931.2
1784806200000,59.388,59.394,59.181,59.26,16208.57
1784807100000,59.26,59.375,59.218,59.246,23243.74
1784808000000,59.245,59.428,59.142,59.397,20204.11
1784808900000,59.396,59.559,59.261,59.4,29950.61
1784809800000,59.379,59.4,58.87,58.913,72468.78
1784810700000,58.912,59.388,58.783,59.302,49206.56
1784811600000,59.29,59.7,59.222,59.49,128203.61
1784812500000,59.49,59.651,59.354,59.619,62237.4
1784813400000,59.615,60.001,59.512,59.622,166941.3
1784814300000,59.613,59.636,59.087,59.088,118754.87
1784815200000,59.088,59.64,58.901,59.61,105107.14
1784816100000,59.609,59.947,59.578,59.8,121650.86
1784817000000,59.785,59.992,59.524,59.709,101234.02
1784817900000,59.708,59.875,59.53,59.862,32474.13
1784818800000,59.865,59.901,59.564,59.654,42429.21
1784819700000,59.648,59.756,59.47,59.47,30199.73
1784820600000,59.478,59.725,59.436,59.548,20257.21
1784821500000,59.545,59.706,59.348,59.488,38435.2
1784822400000,59.487,59.493,59.079,59.145,85930.43
1784823300000,59.144,59.144,58.693,58.976,127478.45
1784824200000,58.976,58.976,58.44,58.535,157888.38
1784825100000,58.543,58.74,58.541,58.703,100578.29
1784826000000,58.703,58.776,58.571,58.686,47564.75
1784826900000,58.685,58.749,58.567,58.59,20549.94
1784827800000,58.584,58.657,58.23,58.255,120404.44
1784828700000,58.254,58.425,58.104,58.226,123081.29
1784829600000,58.226,58.523,58.2,58.436,47103.84
1784830500000,58.44,58.738,58.299,58.699,34721.41
1784831400000,58.696,58.759,57.678,58.05,178490.5
1784832300000,58.05,58.448,58.002,58.349,79307.45
1784833200000,58.35,58.414,58.209,58.243,18085.42
1784834100000,58.242,58.505,58.234,58.505,45039.2
1784835000000,58.504,58.631,57.922,57.971,62574.86
1784835900000,57.971,57.99,57.568,57.935,149400.62
1784836800000,57.932,58.394,57.897,58.323,58341.44
1784837700000,58.319,58.388,58.245,58.345,31366.13
1784838600000,58.344,58.345,58.02,58.133,35675.15
1784839500000,58.133,58.169,57.943,58.047,24763.82
1784840400000,58.044,58.446,57.815,57.843,120808.86
1784841300000,57.844,57.956,57.603,57.851,69819.49
1784842200000,57.852,57.959,57.622,57.676,44600.09
1784843100000,57.676,57.751,57.413,57.616,87717.08
1784844000000,57.617,57.634,57.217,57.354,130489.58
1784844900000,57.354,57.639,57.1,57.414,90642.03
1784845800000,57.414,57.536,57.388,57.528,29789.11
1784846700000,57.528,57.555,57.283,57.529,40076.95
1784847600000,57.529,57.909,57.528,57.82,93428.03
1784848500000,57.822,57.993,57.763,57.898,34261.55
1784849400000,57.898,57.967,57.782,57.88,22727.44
1784850300000,57.877,57.95,57.419,57.429,64355.84
1784851200000,57.431,57.51,57.279,57.444,68581.62
1784852100000,57.438,57.543,57.308,57.399,34542.05
1784853000000,57.398,57.399,57.137,57.342,49488.27
1784853900000,57.334,57.463,57.235,57.418,35752.17
1784854800000,57.407,57.664,57.39,57.663,46359.25
1784855700000,57.663,57.844,57.588,57.737,24004.52
1784856600000,57.737,58.137,57.724,58.136,42456.96
1784857500000,58.136,58.158,57.952,57.972,22550.05
1784858400000,57.98,58.1,57.9,58.068,10385.96
1784859300000,58.082,58.1,57.888,57.952,21052.95
1784860200000,57.953,57.953,57.61,57.847,39905.12
1784861100000,57.847,57.847,57.543,57.733,36856.86
1784862000000,57.729,58.027,57.53,58.02,64092.99
1784862900000,58.02,58.23,58.014,58.123,29673.51
1784863800000,58.12,58.311,58.099,58.211,28451
1784864700000,58.211,58.29,58.103,58.146,16477.26
1784865600000,58.151,58.343,58.137,58.164,35570.21
1784866500000,58.169,58.469,58.128,58.344,36753.93
1784867400000,58.345,58.443,58.337,58.367,54061.91
1784868300000,58.363,58.368,58.283,58.352,25221.8
1784869200000,58.356,58.488,58.319,58.457,16643.18
1784870100000,58.453,58.473,58.284,58.35,10308.04
1784871000000,58.347,58.449,58.3,58.415,8233.18
1784871900000,58.405,58.405,58.285,58.374,5826.26
1784872800000,58.378,58.719,58.377,58.698,79815.8
1784873700000,58.699,58.708,58.583,58.59,25952.42
1784874600000,58.593,58.74,58.533,58.74,48429.53
1784875500000,58.74,58.768,58.638,58.719,22321.36
1784876400000,58.706,58.97,58.706,58.956,48955.05
1784877300000,58.956,58.956,58.68,58.859,18858.45
1784878200000,58.859,58.86,58.5,58.597,16356.71
1784879100000,58.595,58.656,58.542,58.635,15283.24
1784880000000,58.635,58.855,58.635,58.855,24633.53
1784880900000,58.858,58.924,58.787,58.853,13393.07
1784881800000,58.861,59.017,58.849,58.911,15334.22
1784882700000,58.911,58.911,58.755,58.755,7128.45
1784883600000,58.754,58.863,58.539,58.561,23480.12
1784884500000,58.561,58.812,58.463,58.501,29493.86
1784885400000,58.495,58.742,58.477,58.67,8999.56
1784886300000,58.67,58.804,58.648,58.797,10267.85
1784887200000,58.797,58.799,58.454,58.464,21126.61
1784888100000,58.462,58.473,58.234,58.377,22113.82
1784889000000,58.381,58.429,58.213,58.231,9066.22
1784889900000,58.231,58.449,58.231,58.409,9358.7
1784890800000,58.402,58.488,58.279,58.414,15680.21
1784891700000,58.43,58.501,58.319,58.335,9235.97
1784892600000,58.347,58.488,58.2,58.37,14148.78
1784893500000,58.372,58.578,58.26,58.495,13022.94
1784894400000,58.495,58.495,58.259,58.396,24693.3
1784895300000,58.403,58.545,58.351,58.397,12596.22
1784896200000,58.397,58.433,58.201,58.256,20541.85
1784897100000,58.255,58.355,58.173,58.306,36642.34
1784898000000,58.307,58.368,57.909,57.973,67057.06
1784898900000,57.973,58.522,57.935,58.289,66539.51
1784899800000,58.299,58.48,58.095,58.48,71869.06
1784900700000,58.471,58.487,58.013,58.341,56048.33
1784901600000,58.343,58.457,58.159,58.276,41633.67
1784902500000,58.275,58.329,57.85,58.327,62618.4
1784903400000,58.326,58.348,58.128,58.146,42472.98
1784904300000,58.139,58.947,58.011,58.878,80356.42
1784905200000,58.877,58.877,58.54,58.857,41129.6
1784906100000,58.85,59.194,58.795,58.889,51860.9
1784907000000,58.901,59.045,58.677,58.805,34359.94
1784907900000,58.82,58.867,58.672,58.751,16875.46
1784908800000,58.751,59.123,58.653,58.95,42944.5
1784909700000,58.944,58.949,58.737,58.835,15881.24
1784910600000,58.83,58.83,58.677,58.741,7017.43
1784911500000,58.741,58.796,58.605,58.692,18068.18
1784912400000,58.69,58.781,58.577,58.657,9653.81
1784913300000,58.657,59.033,58.609,58.983,34229.69
1784914200000,59,59.006,58.86,58.915,14202.32
1784915100000,58.909,59.026,58.87,58.949,6354.44
1784916000000,58.948,58.948,58.757,58.77,16002.25
1784916900000,58.77,58.782,58.187,58.244,64438.17
1784917800000,58.24,58.47,58.191,58.459,36949.51
1784918700000,58.459,58.732,58.441,58.58,34081.17
1784919600000,58.58,58.647,58.371,58.402,16635.78
1784920500000,58.402,58.577,58.398,58.531,5783.99
1784921400000,58.52,58.628,58.248,58.301,27697.05
1784922300000,58.309,58.341,58.027,58.112,53584.73
1784923200000,58.113,58.23,58.04,58.148,18063.87
1784924100000,58.141,58.244,58.13,58.131,9120.82
1784925000000,58.131,58.131,57.947,58.107,29057.74
1784925900000,58.12,58.162,57.868,57.966,23004.48
1784926800000,57.974,57.98,57.316,57.514,123835.53
1784927700000,57.511,57.551,57.228,57.549,58005.74
1784928600000,57.548,57.548,56.892,57,241621.17
1784929500000,57,57.151,56.566,56.661,157029.02
1784930400000,56.665,57.06,56.5,56.948,233199.92
1784931300000,56.954,57.121,56.747,57.112,118307.71
1784932200000,57.112,57.357,57.111,57.237,58085.06
1784933100000,57.237,57.281,57.131,57.158,33609.01
1784934000000,57.157,57.408,57.149,57.306,25633.48
1784934900000,57.307,57.419,57.262,57.417,17635.91
1784935800000,57.42,57.511,57.355,57.492,21129.55
1784936700000,57.492,57.523,57.351,57.398,55790.49
1784937600000,57.398,57.529,57.351,57.439,12474.68
1784938500000,57.439,57.441,57.291,57.403,14303.83
1784939400000,57.403,57.517,57.267,57.282,10618.45
1784940300000,57.283,57.38,57.227,57.333,13430.91
1784941200000,57.333,57.538,57.311,57.331,14553.49
1784942100000,57.331,57.347,57.011,57.12,37224.37
1784943000000,57.117,57.523,57.1,57.414,22564.71
1784943900000,57.415,57.652,57.371,57.38,111630.19
1784944800000,57.394,57.493,57.283,57.288,22420.55
1784945700000,57.296,57.46,57.269,57.434,5123.33
1784946600000,57.434,57.458,57.313,57.374,7723.9
1784947500000,57.373,57.373,57.121,57.195,13939.6
1784948400000,57.202,57.481,57.202,57.352,7396.46
1784949300000,57.352,57.473,57.348,57.417,3963.86
1784950200000,57.417,57.47,57.353,57.408,5008.4
1784951100000,57.414,57.427,57.32,57.39,4484.41
1784952000000,57.383,57.409,57.335,57.4,7410.58
1784952900000,57.4,57.43,57.318,57.33,11155.97
1784953800000,57.337,57.442,57.287,57.35,7155.46
1784954700000,57.345,57.442,57.312,57.396,15759.99
1784955600000,57.395,57.471,57.302,57.303,6551.5
1784956500000,57.303,57.41,57.274,57.354,6375.52
1784957400000,57.359,57.363,57.195,57.228,11526.81
1784958300000,57.226,57.26,57.147,57.206,1783.66
1784959200000,57.205,57.205,57.071,57.167,10031.56
1784960100000,57.169,57.243,57.087,57.188,5987.03
1784961000000,57.188,57.188,57.08,57.085,6615.12
1784961900000,57.081,57.246,57.033,57.246,8660.59
1784962800000,57.245,57.246,57.137,57.203,3323.68
1784963700000,57.202,57.259,57.155,57.218,4224.63
1784964600000,57.219,57.359,57.201,57.217,9810.74
1784965500000,57.218,57.226,57.051,57.109,18268.5
1784966400000,57.109,57.133,56.914,57.071,23150.69
1784967300000,57.07,57.245,57.07,57.221,13503.19
1784968200000,57.22,57.229,56.983,57.072,5853.84
1784969100000,57.071,57.08,56.912,57.022,14443.59
1784970000000,57.025,57.177,56.912,57.164,31342.77
1784970900000,57.164,57.169,57.067,57.169,3812.58
1784971800000,57.169,57.216,57.091,57.21,14739.61
1784972700000,57.209,57.916,57.209,57.704,102585.22
1784973600000,57.719,57.76,57.569,57.632,11661.47
1784974500000,57.644,57.656,57.525,57.548,3814.65
1784975400000,57.548,57.552,57.438,57.445,5297.33
1784976300000,57.444,57.561,57.444,57.532,2799.07
1784977200000,57.535,57.597,57.496,57.574,3725.04
1784978100000,57.574,57.62,57.428,57.436,8644.38
1784979000000,57.435,57.553,57.354,57.43,28167.14
1784979900000,57.431,57.7,57.43,57.683,13468.93
1784980800000,57.682,57.691,57.375,57.456,42025.72
1784981700000,57.455,57.474,57.392,57.469,6330.26
1784982600000,57.469,57.494,57.411,57.457,2125.27
1784983500000,57.457,57.532,57.454,57.514,2135.79
1784984400000,57.516,57.571,57.475,57.489,10041.78
1784985300000,57.489,57.625,57.42,57.619,7606.75
1784986200000,57.618,57.741,57.5,57.613,15495.48
1784987100000,57.614,57.642,57.274,57.32,16055.14
1784988000000,57.32,57.325,57.18,57.233,15922.59
1784988900000,57.23,57.267,57.18,57.248,4858.78
1784989800000,57.249,57.392,57.249,57.378,19848.24
1784990700000,57.383,57.523,57.317,57.46,22866.66
1784991600000,57.458,57.792,57.445,57.792,40499.53
1784992500000,57.792,57.961,57.704,57.789,65205.33
1784993400000,57.79,57.872,57.698,57.723,18081.58
1784994300000,57.724,57.816,57.68,57.719,15908.41
1784995200000,57.721,57.811,57.626,57.746,14686.3
1784996100000,57.743,57.748,57.608,57.679,8360.2
1784997000000,57.679,57.853,57.655,57.839,11071.07
1784997900000,57.839,57.93,57.793,57.877,25073.03
1784998800000,57.877,57.912,57.787,57.817,9799.99
1784999700000,57.817,58.409,57.817,58.029,134214.77
1785000600000,58.029,58.532,58.026,58.33,95083.53
1785001500000,58.328,58.368,58.183,58.227,21200.21
1785002400000,58.228,58.436,58.228,58.322,18373.55
1785003300000,58.323,58.441,58.299,58.437,13254.05
1785004200000,58.434,58.452,58.317,58.325,26882.95
1785005100000,58.326,58.481,58.325,58.332,4644.85
1785006000000,58.335,58.401,58.263,58.343,15511.15
1785006900000,58.343,58.373,58.262,58.288,18333.81
1785007800000,58.282,58.287,58.068,58.111,25992.47
1785008700000,58.112,58.121,57.878,58.024,47850.88
1785009600000,58.025,58.123,57.85,57.855,18614.31
1785010500000,57.855,58.123,57.83,58.014,57909.94
1785011400000,58.018,58.137,57.932,57.993,33293.32
1785012300000,57.994,58.129,57.994,58.073,8008.3
1785013200000,58.074,58.104,57.86,57.959,19918.42
1785014100000,57.959,58.002,57.879,58.002,8680.47
1785015000000,58.003,58.024,57.895,57.895,3087.17
1785015900000,57.896,58.048,57.798,58.047,64096.81
1785016800000,58.048,58.117,57.994,58.046,10670.32
1785017700000,58.047,58.1,58.032,58.073,3505.94
1785018600000,58.073,58.113,57.956,58.078,5400.58
1785019500000,58.079,58.137,58.061,58.115,11352.5
1785020400000,58.12,58.137,58.111,58.117,3346.47
1785021300000,58.118,58.191,58.111,58.191,11967.5
1785022200000,58.191,58.224,58,58.07,17429.91
1785023100000,58.065,58.152,58.037,58.096,3110.77
1785024000000,58.093,58.321,58.027,58.316,15072.13
1785024900000,58.316,58.356,58.255,58.349,11699.14
1785025800000,58.351,58.351,58.135,58.208,4953.84
1785026700000,58.209,58.273,58.17,58.242,6255.11
1785027600000,58.245,58.266,58.142,58.227,11016.54
1785028500000,58.228,58.341,58.199,58.322,12631.23
1785029400000,58.322,58.375,58.275,58.35,17903.9
1785030300000,58.348,58.379,58.293,58.355,14234.83
1785031200000,58.362,58.453,58.253,58.453,14505.58
1785032100000,58.452,58.58,58.398,58.398,48899.91
1785033000000,58.398,58.483,58.285,58.285,11681.03
1785033900000,58.285,58.545,58.254,58.519,12052.14
1785034800000,58.52,58.58,58.427,58.58,19600.07
1785035700000,58.58,58.58,58.394,58.413,32154.29
1785036600000,58.414,58.488,58.389,58.446,3563.86
1785037500000,58.447,58.57,58.414,58.529,11811.55
1785038400000,58.533,58.55,58.454,58.465,13512.25
1785039300000,58.466,58.64,58.415,58.497,79282.3
1785040200000,58.483,58.564,58.387,58.563,38381.23
1785041100000,58.563,58.645,58.472,58.496,6968.57
1785042000000,58.497,58.632,58.34,58.62,19130.47
1785042900000,58.62,58.653,58.579,58.586,4942.35
1785043800000,58.586,58.629,58.511,58.591,10002.75
1785044700000,58.591,58.634,58.494,58.619,7641.92
1785045600000,58.628,58.721,58.508,58.526,26740.99
1785046500000,58.525,58.565,58.28,58.388,20829.06
1785047400000,58.394,58.677,58.367,58.639,16909.58
1785048300000,58.628,58.715,58.496,58.578,22651.89
1785049200000,58.568,58.648,58.519,58.633,4079.25
1785050100000,58.632,58.715,58.631,58.698,3674.19
1785051000000,58.698,58.73,58.569,58.57,7013.48
1785051900000,58.57,58.612,58.542,58.545,6073.96
1785052800000,58.541,58.541,58.458,58.481,3731.37
1785053700000,58.481,58.517,58.366,58.42,9008.44
1785054600000,58.419,58.42,58.327,58.392,3489.08
1785055500000,58.388,58.51,58.356,58.475,9304.98
1785056400000,58.475,58.657,58.475,58.634,7922.39
1785057300000,58.634,58.699,58.593,58.699,3858.6
1785058200000,58.698,58.703,58.615,58.684,5170.41
1785059100000,58.67,58.68,58.563,58.642,6562.83
1785060000000,58.643,58.823,58.609,58.805,14860.37
1785060900000,58.802,58.864,58.694,58.741,10697.85
1785061800000,58.741,58.799,58.725,58.773,4681.54
1785062700000,58.773,58.779,58.66,58.725,4017.45
1785063600000,58.727,58.766,58.671,58.689,2658.8
1785064500000,58.696,58.788,58.696,58.746,3117.09
1785065400000,58.746,58.828,58.526,58.555,10078.27
1785066300000,58.55,58.585,58.541,58.56,9691.55
1785067200000,58.559,58.697,58.515,58.697,5389.48
1785068100000,58.696,58.747,58.643,58.744,6198.6
1785069000000,58.744,58.748,58.596,58.63,8316.82
1785069900000,58.637,58.728,58.602,58.618,8196.37
1785070800000,58.622,58.623,58.42,58.476,15046.63
1785071700000,58.47,58.671,58.469,58.581,8196.53
1785072600000,58.581,58.616,58.51,58.616,5422.66
1785073500000,58.619,58.679,58.54,58.55,8307.98
1785074400000,58.55,58.922,58.545,58.84,31918.08
1785075300000,58.831,58.831,58.658,58.665,25660.39
1785076200000,58.672,58.73,58.484,58.605,25059.25
1785077100000,58.609,58.742,58.53,58.694,18393.95
1785078000000,58.694,59.017,58.65,59.004,36123.14
1785078900000,59.003,59.099,58.915,59.005,66960.7
1785079800000,59.002,59.09,58.785,58.865,64190.06
1785080700000,58.857,58.992,58.801,58.953,15522.36
1785081600000,58.958,59.1,58.831,59.049,43933.52
1785082500000,59.05,59.533,59.049,59.382,124662.68
1785083400000,59.382,59.537,59.293,59.369,33563.57
1785084300000,59.37,59.442,59.302,59.388,29865.15
1785085200000,59.384,59.5,59.278,59.354,25833.31
1785086100000,59.353,59.389,59.006,59.143,35739.34
1785087000000,59.143,59.2,59.025,59.146,17928.05
1785087900000,59.15,59.264,59.113,59.142,17060.94
1785088800000,59.144,59.152,59.016,59.052,15939.86
1785089700000,59.052,59.155,59.032,59.048,12056.82
1785090600000,59.047,59.133,58.903,59.018,14839.97
1785091500000,59.018,59.172,58.952,58.981,26527.49
1785092400000,58.982,59.001,58.864,58.885,36641.59
1785093300000,58.884,58.892,58.712,58.77,55477.98
1785094200000,58.77,58.918,58.77,58.893,11643.52
1785095100000,58.892,58.998,58.871,58.95,11992.49
1785096000000,58.958,58.977,58.738,58.803,22717.01
1785096900000,58.802,58.897,58.757,58.872,9644.9
1785097800000,58.874,58.9,58.776,58.839,4852.22
1785098700000,58.838,58.883,58.784,58.846,10266.19
1785099600000,58.845,58.928,58.815,58.815,15239.64
1785100500000,58.815,59.08,58.815,58.95,51839.88
1785101400000,58.946,59.076,58.894,59.004,28327.26
1785102300000,58.995,59.199,58.99,59.074,20798.34
1785103200000,59.081,59.505,59.081,59.332,69943.84
1785104100000,59.338,59.548,59.248,59.457,34308.72
1785105000000,59.457,59.675,59.432,59.658,52694.02
1785105900000,59.658,59.75,59.616,59.721,40219.02
1785106800000,59.722,59.806,59.576,59.649,52551.11
1785107700000,59.647,59.726,59.511,59.643,20585.91
1785108600000,59.643,59.834,59.601,59.825,24987.87
1785109500000,59.825,59.847,59.58,59.594,22898.46
1785110400000,59.594,59.632,59.51,59.517,17646.89
1785111300000,59.516,59.593,59.316,59.347,38564.75
1785112200000,59.347,59.44,59.245,59.428,40665.32
1785113100000,59.428,59.455,59.21,59.32,7569.94
1785114000000,59.316,59.562,59.281,59.444,17645.17
1785114900000,59.444,59.623,59.333,59.423,40826.7
1785115800000,59.424,59.432,59.1,59.28,31150.65
1785116700000,59.28,59.507,59.257,59.479,65956.97
1785117600000,59.48,59.589,59.405,59.481,12764.38
1785118500000,59.481,59.567,59.44,59.482,14355.76
1785119400000,59.489,59.715,59.379,59.643,22875.57
1785120300000,59.643,59.707,59.491,59.552,14964.97
1785121200000,59.553,59.663,59.491,59.663,9968.71
1785122100000,59.663,59.752,59.521,59.539,19096.93
1785123000000,59.54,59.662,59.449,59.643,17551.93
1785123900000,59.643,59.888,59.643,59.888,57026.49
1785124800000,59.888,60.146,59.833,59.92,75737.32
1785125700000,59.92,60.325,59.818,60.146,59398.78
1785126600000,60.141,60.412,60.051,60.393,33619.09
1785127500000,60.392,60.428,60.158,60.19,11499.22
1785128400000,60.184,60.428,60.179,60.408,27332.42
1785129300000,60.409,60.411,60.199,60.287,17034.35
1785130200000,60.287,60.292,60.067,60.119,30479.98
1785131100000,60.118,60.199,60.057,60.106,15380.09
1785132000000,60.106,60.328,60.07,60.179,35121.32
1785132900000,60.182,60.274,59.993,60.061,18772.35
1785133800000,60.054,60.288,60.013,60.186,10974.56
1785134700000,60.187,60.254,60.058,60.076,22913.61
1785135600000,60.067,60.125,59.893,59.961,17157.57
1785136500000,59.962,59.999,59.895,59.948,9096.69
1785137400000,59.94,60.032,59.816,59.943,26362.35
1785138300000,59.943,60.026,59.935,59.935,7858.36
1785139200000,59.944,59.951,59.684,59.9,28588.02
1785140100000,59.905,60.274,59.9,60.235,36658.59
1785141000000,60.235,60.264,60.141,60.232,11456.22
1785141900000,60.241,60.285,60.13,60.141,16664.3
1785142800000,60.142,60.175,60.031,60.032,25730.08
1785143700000,60.032,60.137,59.95,60.092,21846.4
1785144600000,60.092,60.245,60.055,60.181,10811.9
1785145500000,60.181,60.181,60.033,60.034,5410.11
1785146400000,60.034,60.07,59.961,60.021,8087.35
1785147300000,60.02,60.177,60.002,60.105,8193.4
1785148200000,60.108,60.321,60.05,60.253,18143.53
1785149100000,60.249,60.361,60.21,60.35,12459.3
1785150000000,60.35,60.37,60.252,60.335,8348.75
1785150900000,60.311,60.365,59.826,59.826,32843.73
1785151800000,59.827,59.996,59.815,59.941,21204.37
1785152700000,59.94,59.982,59.753,59.79,21279.58
1785153600000,59.789,60.035,59.789,59.804,13923.88
1785154500000,59.805,59.914,59.5,59.505,64444.59
1785155400000,59.506,59.73,59.4,59.66,29072.53
1785156300000,59.659,59.833,59.631,59.762,17093.96
1785157200000,59.764,59.795,59.478,59.497,25418.69
1785158100000,59.495,59.572,59.275,59.352,36449.53
1785159000000,59.352,59.953,59.222,59.914,113078.06
1785159900000,59.914,59.933,59.364,59.469,88690.15
1785160800000,59.47,59.51,59.072,59.237,77565.22
1785161700000,59.237,59.285,57.937,57.982,289389.59
1785162600000,57.983,58.069,57.538,57.752,223163.77
1785163500000,57.753,58.322,57.753,58.175,127405.25
1785164400000,58.175,58.372,57.993,58.106,111214.05
1785165300000,58.106,58.167,57.677,57.822,89868
1785166200000,57.822,57.972,57.504,57.661,122307.11
1785167100000,57.661,57.709,57.315,57.411,182723.59
1785168000000,57.412,57.499,57.237,57.348,104612.15
1785168900000,57.348,57.84,57.211,57.703,92871.32
1785169800000,57.709,57.922,57.653,57.675,61078.76
1785170700000,57.665,57.684,57.508,57.578,19037.34
1785171600000,57.579,57.756,57.434,57.724,36074.65
1785172500000,57.734,57.853,57.49,57.502,47428.14
1785173400000,57.502,57.593,57.467,57.526,39641.69
1785174300000,57.522,57.538,57.1,57.213,166771.07
1785175200000,57.211,57.222,56.766,56.766,152981.59
1785176100000,56.767,56.779,56.611,56.716,177838.83
1785177000000,56.727,56.775,56.26,56.411,259563.44
1785177900000,56.411,56.726,56.395,56.681,105355.61
1785178800000,56.681,56.82,56.562,56.816,64780.26
1785179700000,56.817,57.011,56.733,57.011,85438.28
1785180600000,57.011,57.176,56.943,57.016,52550.02
1785181500000,57.016,57.274,56.855,57.257,92407.72
1785182400000,57.241,57.25,56.866,57.013,63407.3
1785183300000,57.013,57.18,56.987,57.164,25591.84
1785184200000,57.164,57.238,56.971,57.012,33979.07
1785185100000,57.012,57.217,56.98,57.195,13283.73
1785186000000,57.191,57.218,57.041,57.083,16346.51
1785186900000,57.083,57.11,56.815,56.855,29873.24
1785187800000,56.85,56.924,56.743,56.748,43622.84
1785188700000,56.748,56.75,56.662,56.682,20403.09
1785189600000,56.683,56.683,56.43,56.5,68568.17
1785190500000,56.499,56.571,56.324,56.382,62851.87
1785191400000,56.388,56.679,56.316,56.392,85391.1
1785192300000,56.392,56.392,55.97,56.161,211449.66
1785193200000,56.159,56.227,55.761,56.029,195217.12
1785194100000,56.029,56.486,55.994,56.433,76350.14
1785195000000,56.433,56.473,55.735,55.798,102707.96
1785195900000,55.802,56.077,55.689,56.057,140343.09
1785196800000,56.057,56.114,55.859,56.056,59164.38
1785197700000,56.056,56.251,55.893,56.06,78776.25
1785198600000,56.059,56.231,56.003,56.176,29631.73
1785199500000,56.175,56.247,56.01,56.163,22966.38
1785200400000,56.162,56.203,55.648,55.801,86076.32
1785201300000,55.8,56.149,55.748,56.129,33118.2
1785202200000,56.12,56.398,56.089,56.213,66853.69
1785203100000,56.214,56.366,56.183,56.255,25355.92
1785204000000,56.248,56.4,56.158,56.371,25475.86
1785204900000,56.363,56.393,56.207,56.253,17558.91
1785205800000,56.244,56.286,55.803,55.845,44846.51
1785206700000,55.845,55.885,55.542,55.779,109237.86
1785207600000,55.784,55.926,55.74,55.926,44391.44
1785208500000,55.924,56.07,55.875,55.985,27332.58
1785209400000,55.985,56.117,55.884,56.117,17355.69
1785210300000,56.115,56.181,56.028,56.149,13865.75
1785211200000,56.145,56.204,56.111,56.168,5988.08
1785212100000,56.167,56.231,56.09,56.103,10828.88
1785213000000,56.089,56.241,55.988,56.194,34127.83
1785213900000,56.193,56.302,56.169,56.189,7803.44
1785214800000,56.191,56.38,56.184,56.312,15571.11
1785215700000,56.312,56.328,56.153,56.199,16652.28
1785216600000,56.209,56.214,55.411,55.635,115795.6
1785217500000,55.637,55.676,55.15,55.157,166080.91
1785218400000,55.157,55.248,54.652,54.811,392518.64
1785219300000,54.82,55.226,54.811,55.184,67923.67
1785220200000,55.184,55.428,55.184,55.391,48723.15
1785221100000,55.388,55.59,55.37,55.459,34999.04
1785222000000,55.459,55.487,55.163,55.257,42850.22
1785222900000,55.258,55.334,55.219,55.268,12841.92
1785223800000,55.267,55.291,55,55.001,22517.47
1785224700000,55.002,55.334,54.989,55.302,27185.7
1785225600000,55.301,55.367,55.143,55.173,32518.03
1785226500000,55.173,55.266,55.1,55.186,23008.33
1785227400000,55.186,55.243,55.1,55.187,12411.02
1785228300000,55.182,55.211,55.064,55.208,16317.91
1785229200000,55.208,55.27,55.044,55.127,11248.95
1785230100000,55.122,55.297,55.093,55.177,15600.41
1785231000000,55.176,55.236,55.115,55.17,16042.51
1785231900000,55.17,55.172,54.912,55.022,25545.8
1785232800000,55.022,55.1,54.915,54.961,25263.51
1785233700000,54.96,55.1,54.911,54.979,27929.51
1785234600000,54.979,55.044,54.8,54.834,45630.77
1785235500000,54.816,54.835,54.606,54.63,102657.87
1785236400000,54.629,54.652,54.323,54.444,164884.58
1785237300000,54.444,54.731,54.318,54.368,79285.19
1785238200000,54.363,54.479,54.282,54.41,75908.95
1785239100000,54.404,54.499,54.329,54.336,42057.24
1785240000000,54.335,54.54,54.313,54.445,44671.65
1785240900000,54.445,54.468,54.34,54.42,41933.54
1785241800000,54.427,54.527,54.3,54.334,70692.59
1785242700000,54.333,54.485,54.257,54.28,46433.27
1785243600000,54.279,54.296,54.146,54.281,83435.27
1785244500000,54.284,54.331,54.039,54.068,122418.28
1785245400000,54.068,54.27,54.001,54.035,127171.24
1785246300000,54.035,54.35,54,54.235,174781.64
1785247200000,54.235,54.467,54.142,54.215,88807.76
1785248100000,54.213,54.319,54.092,54.163,54314.18
1785249000000,54.168,54.708,54.142,54.59,114462.54
1785249900000,54.595,55.244,54.57,54.834,195914.52
1785250800000,54.835,55.142,54.627,55.025,110984.1
1785251700000,55.019,55.54,54.914,55.331,108515.76
1785252600000,55.331,55.58,55.304,55.477,86816.44
1785253500000,55.471,55.555,55.125,55.285,55892.91
1785254400000,55.285,55.392,55.184,55.268,41074.2
1785255300000,55.268,55.53,55.268,55.381,47023.71
1785256200000,55.373,55.717,55.2,55.663,23963.06
1785257100000,55.664,55.802,55.505,55.638,118014.99
1785258000000,55.649,55.759,55.389,55.424,41945.33
1785258900000,55.424,55.491,55.232,55.373,78238.69
1785259800000,55.374,55.381,55.095,55.234,68597.38
1785260700000,55.234,55.327,54.602,54.807,189681.77
1785261600000,54.809,54.988,54.637,54.747,123337.81
1785262500000,54.748,54.783,54.643,54.765,28059.75
1785263400000,54.781,55.049,54.713,55.049,58354.16
1785264300000,55.05,55.095,54.826,55.071,25167.07
1785265200000,55.072,55.409,55.069,55.387,127741.55
1785266100000,55.387,55.387,55.114,55.172,43721.42
1785267000000,55.169,55.357,54.959,55.056,31547.6
1785267900000,55.057,55.53,54.968,55.369,72922.11
1785268800000,55.369,55.452,55.233,55.355,29889.03
1785269700000,55.355,55.55,55.277,55.466,55838.37
1785270600000,55.466,55.546,55.266,55.462,42129.81
1785271500000,55.462,55.503,55.368,55.417,19624.22
1785272400000,55.421,55.611,55.28,55.314,39807.54
1785273300000,55.315,55.433,55.152,55.292,28587.63
1785274200000,55.292,55.616,55.285,55.576,69461.43
1785275100000,55.576,55.725,55.571,55.659,19416.99
1785276000000,55.66,55.723,55.586,55.633,37829.91
1785276900000,55.636,55.667,55.361,55.458,23439.67
1785277800000,55.452,55.496,55.343,55.402,12485.79
1785278700000,55.398,55.398,54.782,54.831,51516.57
1785279600000,54.832,54.927,54.681,54.737,81574.34
1785280500000,54.733,54.778,54.458,54.579,97993.63
1785281400000,54.595,55.046,54.584,55.037,69253.67
1785282300000,55.037,55.17,55.02,55.144,41457.14
1785283200000,55.144,55.348,55.109,55.262,34445.25
1785284100000,55.252,55.328,55.119,55.174,48733
1785285000000,55.172,55.25,54.935,55.193,35942.4
1785285900000,55.209,55.3,54.923,54.965,20148.23
1785286800000,54.961,55.089,54.723,54.775,25353.99
1785287700000,54.767,54.947,54.658,54.854,16103.74
1785288600000,54.856,54.857,54.612,54.664,11708.6
1785289500000,54.652,54.68,54.305,54.358,49187.75
1785290400000,54.355,54.538,54.3,54.522,28725.07
1785291300000,54.522,54.735,54.314,54.71,27965.47
1785292200000,54.707,54.838,54.643,54.748,17170.4
1785293100000,54.748,54.748,54.508,54.568,26539.31
1785294000000,54.574,54.665,54.448,54.566,21154.54
1785294900000,54.565,54.572,54.284,54.284,17375.13
1785295800000,54.285,54.344,54.173,54.272,53682.72
1785296700000,54.273,54.328,54.172,54.29,25977.85
1785297600000,54.29,54.392,54.171,54.297,23467.97
1785298500000,54.284,54.29,54.003,54.134,97844.18
1785299400000,54.126,54.375,54.051,54.051,47143.81
1785300300000,54.051,54.406,54.031,54.347,30134.14
1785301200000,54.34,54.537,54.327,54.526,32486.1
1785302100000,54.526,54.695,54.345,54.692,37790.34
1785303000000,54.693,54.829,54.606,54.781,30572.62
1785303900000,54.782,55.043,54.758,54.975,52916.02
1785304800000,54.975,54.986,54.773,54.9,33828.5
1785305700000,54.901,55.2,54.813,55.186,41847.59
1785306600000,55.183,55.542,55.179,55.527,45387.06
1785307500000,55.516,55.517,55.302,55.373,29422.09
1785308400000,55.373,55.445,55.243,55.283,19974.24
1785309300000,55.283,55.305,55.186,55.247,16345.81
1785310200000,55.247,55.329,55.163,55.214,18948.8
1785311100000,55.214,55.416,55.173,55.374,16613.42
1785312000000,55.382,55.389,54.934,54.934,34138.9
1785312900000,54.933,54.933,54.599,54.645,65155.27
1785313800000,54.649,54.882,54.616,54.869,19312.06
1785314700000,54.869,54.996,54.713,54.764,24594.07
1785315600000,54.761,54.9,54.723,54.812,30362.2
1785316500000,54.812,54.899,54.736,54.803,15147.05
1785317400000,54.818,54.994,54.818,54.928,15202.03
1785318300000,54.928,55.201,54.91,55.159,43526.58
1785319200000,55.163,55.187,54.931,54.94,48696.99
1785320100000,54.94,54.975,54.832,54.847,16084.57
1785321000000,54.848,54.895,54.781,54.827,13071.98
1785321900000,54.822,54.938,54.653,54.725,25756.99
1785322800000,54.73,54.833,54.675,54.77,10863.06
1785323700000,54.785,54.915,54.767,54.823,20734
1785324600000,54.815,54.829,54.513,54.544,30564.94
1785325500000,54.544,54.919,54.515,54.889,57331.33
1785326400000,54.899,54.922,54.779,54.779,36804.46
1785327300000,54.778,54.778,54.599,54.634,110821.49
1785328200000,54.634,54.84,54.545,54.821,23223.55
1785329100000,54.823,55.032,54.795,55.012,37079.16
1785330000000,55.014,55.185,54.93,55.076,53546.53
1785330900000,55.081,55.092,54.824,55.031,40536.78
1785331800000,55.023,55.384,54.889,55.354,73524.82
1785332700000,55.357,55.439,55.005,55.297,52555.97
1785333600000,55.308,55.475,55.054,55.066,59013.18
1785334500000,55.083,55.233,54.848,54.966,32729.52
1785335400000,54.966,55.127,54.721,54.875,44097
1785336300000,54.871,55.1,54.809,54.924,27093.94
1785337200000,54.924,55.146,54.845,55.019,28350.49
1785338100000,55.02,55.05,54.579,54.66,43865.36
1785339000000,54.662,54.766,54.571,54.703,38936.01
1785339900000,54.697,54.819,54.565,54.735,39196.65
1785340800000,54.722,54.744,54.507,54.57,25037.33
1785341700000,54.563,54.768,54.4,54.713,74517.27
1785342600000,54.713,54.797,54.255,54.373,60362.69
1785343500000,54.37,54.789,54.37,54.765,72129.86
1785344400000,54.776,54.945,54.756,54.931,45480.37
1785345300000,54.937,54.97,54.639,54.647,34327.43
1785346200000,54.648,54.744,54.565,54.695,23054.76
1785347100000,54.704,54.963,54.613,54.949,39102.3
1785348000000,54.949,55.371,54.847,54.885,174826.56
1785348900000,54.888,54.965,54.64,54.699,56292.27
1785349800000,54.699,55.261,54.505,55.249,79885.05
1785350700000,55.223,55.474,55.154,55.213,91146.47
1785351600000,55.216,55.4,54.516,54.577,153447.82
1785352500000,54.577,54.635,53.6,53.791,339864.03
1785353400000,53.811,53.937,53.2,53.208,381537.15
1785354300000,53.208,53.493,53.089,53.111,168115.14
1785355200000,53.112,53.701,53.061,53.66,276366.83
1785356100000,53.66,53.801,53.306,53.6,120635.08
1785357000000,53.601,53.768,53.565,53.628,62249.55
1785357900000,53.632,53.713,53.51,53.533,58631.33
1785358800000,53.541,53.586,53.076,53.218,170218.19
1785359700000,53.216,53.34,53.104,53.316,44861.92
1785360600000,53.317,53.35,53.268,53.271,59870.11
1785361500000,53.272,53.544,53.272,53.516,52381.74
1785362400000,53.518,53.671,53.472,53.603,67051.37
1785363300000,53.595,53.691,53.5,53.673,35838.02
1785364200000,53.672,53.726,53.525,53.651,38475.36
1785365100000,53.651,53.787,53.592,53.779,40702.86
1785366000000,53.78,53.868,53.717,53.761,38865.42
1785366900000,53.763,53.964,53.754,53.848,103842.38
1785367800000,53.848,53.985,53.837,53.985,30827.8
1785368700000,53.984,54.075,53.809,53.863,50271.96
1785369600000,53.858,54.222,53.839,54.092,46275.52
1785370500000,54.092,54.144,53.964,54.045,12511.62
1785371400000,54.046,54.046,53.712,53.747,24362.39
1785372300000,53.754,53.934,53.754,53.934,10075.64
1785373200000,53.935,54.222,53.925,53.931,41065.03
1785374100000,53.942,54.047,53.803,54.038,9400.67
1785375000000,54.038,54.282,54.028,54.208,20836.66
1785375900000,54.215,54.3,54.107,54.115,36427.09
1785376800000,54.116,54.207,54.037,54.111,19145.13
1785377700000,54.118,54.159,53.925,53.959,16022.03
1785378600000,53.96,54.033,53.897,54.017,10677.81
1785379500000,54.019,54.08,53.794,53.809,8662.77
1785380400000,53.812,53.978,53.764,53.845,13857.47
1785381300000,53.846,53.978,53.817,53.942,16311.44
1785382200000,53.939,53.996,53.79,53.992,11200.36
1785383100000,53.992,54.113,53.992,54.027,6450.97
1785384000000,54.032,54.077,53.847,53.866,8655.94
1785384900000,53.867,53.867,53.372,53.649,124352.77
1785385800000,53.649,53.794,53.583,53.651,16112.37
1785386700000,53.654,53.749,53.555,53.58,29426.52
1785387600000,53.58,53.636,53.51,53.55,22730.78
1785388500000,53.55,53.698,53.55,53.644,18324.65
1785389400000,53.644,53.763,53.573,53.615,22195.21
1785390300000,53.615,53.79,53.539,53.779,28739
1785391200000,53.778,53.876,53.693,53.74,17638.94
1785392100000,53.735,53.839,53.65,53.793,14008.21
1785393000000,53.793,53.795,53.679,53.761,6024.17
1785393900000,53.744,53.818,53.661,53.68,5619.12
1785394800000,53.681,53.888,53.643,53.855,9486.6
1785395700000,53.862,53.864,53.683,53.734,12969.01
1785396600000,53.74,53.792,53.56,53.754,17092.64
1785397500000,53.752,53.77,53.613,53.637,9579.91
1785398400000,53.645,53.839,53.559,53.756,18302.63
1785399300000,53.748,54.005,53.746,53.943,21267.34
1785400200000,53.933,53.996,53.893,53.949,14596.55
1785401100000,53.949,54.038,53.86,53.911,16881.31
1785402000000,53.912,53.999,53.824,53.991,6382.59
1785402900000,53.964,54.077,53.917,54.077,15075.19
1785403800000,54.079,54.092,54.012,54.033,7782.19
1785404700000,54.033,54.034,53.901,53.969,13162.01
1785405600000,53.976,54.057,53.941,54.032,6805.17
1785406500000,54.033,54.113,53.91,53.928,16301.28
1785407400000,53.921,53.976,53.714,53.804,21991.22
1785408300000,53.804,53.835,53.423,53.423,69464.28
1785409200000,53.424,53.479,53.251,53.313,79806.39
1785410100000,53.31,53.35,53.213,53.285,24285.6
1785411000000,53.289,53.29,52.876,52.993,277862.52
1785411900000,52.999,53.235,52.979,53.124,45810.63
1785412800000,53.113,53.482,53.06,53.456,77033.41
1785413700000,53.469,53.512,53.321,53.427,23529.81
1785414600000,53.421,53.512,52.884,52.918,168677.18
1785415500000,52.918,53.199,52.89,53.199,78601.42
1785416400000,53.187,53.303,52.987,53.051,78066.81
1785417300000,53.054,53.275,52.761,53.159,111025.94
1785418200000,53.162,53.46,53.033,53.393,71969.03
1785419100000,53.389,53.695,53.3,53.641,69786.32
1785420000000,53.628,53.786,53.427,53.623,121988.16
1785420900000,53.616,53.846,53.395,53.776,72016.72
1785421800000,53.771,53.99,53.724,53.948,63968.89
1785422700000,53.948,54.028,53.584,53.702,70180.93
1785423600000,53.703,54.186,53.633,53.943,94458.12
1785424500000,53.936,54.124,53.86,53.893,46445.36
1785425400000,53.893,54.343,53.854,54.195,102147.04
1785426300000,54.196,54.563,54.043,54.425,106583.43
1785427200000,54.423,54.787,54.376,54.669,146776.19
1785428100000,54.669,54.799,54.366,54.755,93944.07
1785429000000,54.755,54.784,54.372,54.406,94076.19
1785429900000,54.406,54.863,54.357,54.82,61592.4
1785430800000,54.82,54.93,54.569,54.639,64686.4
1785431700000,54.635,55.143,54.632,54.972,76000.22
1785432600000,54.972,55.1,54.842,54.945,28927.32
1785433500000,54.941,54.942,54.776,54.789,34712.16
1785434400000,54.788,54.953,54.716,54.744,33974.82
1785435300000,54.743,54.875,54.606,54.817,42158.31
1785436200000,54.821,55.023,54.796,54.928,22874.91
1785437100000,54.928,54.988,54.805,54.919,11793.71
1785438000000,54.919,55.267,54.919,55.175,56646.22
1785438900000,55.175,55.305,55.091,55.204,56797.74
1785439800000,55.221,55.357,55.105,55.349,33859.15
1785440700000,55.348,55.409,55.239,55.361,41423.51
1785441600000,55.367,55.45,55.16,55.222,39320.52
1785442500000,55.221,55.293,54.997,55,47179.96
1785443400000,54.999,55.128,54.919,54.959,75540.99
1785444300000,54.953,55.048,54.875,54.992,20410.88
1785445200000,54.989,55.24,54.988,55.151,25432.89
1785446100000,55.151,55.499,55.135,55.443,59444.32
1785447000000,55.442,55.719,55.388,55.44,111355.71
1785447900000,55.44,55.657,55.425,55.628,46955.22
1785448800000,55.628,55.696,55.54,55.633,42291.29
1785449700000,55.633,55.946,55.549,55.906,66809.18
1785450600000,55.907,55.976,55.832,55.957,48291.04
1785451500000,55.96,56.09,55.927,55.967,57867.16
1785452400000,55.967,55.985,55.714,55.918,46518.31
1785453300000,55.917,55.941,55.667,55.726,33543.83
1785454200000,55.725,55.948,55.677,55.697,24082.32
1785455100000,55.697,55.881,55.584,55.82,60866.75
1785456000000,55.819,55.992,55.662,55.77,55592.91
1785456900000,55.77,55.986,55.715,55.985,49882.8
1785457800000,55.982,56.029,55.837,55.982,55844.5
1785458700000,55.981,55.997,55.593,55.6,30778.54
1785459600000,55.6,55.964,55.6,55.883,35792.85
1785460500000,55.881,56.094,55.769,56.04,80263.85
1785461400000,56.04,56.056,55.856,55.9,29377.69
1785462300000,55.9,55.929,55.581,55.581,167992.26
1785463200000,55.581,55.737,55.434,55.439,43995.03
1785464100000,55.44,55.448,55.16,55.211,52560.86
1785465000000,55.211,55.218,55.025,55.12,23877.62
1785465900000,55.123,55.185,54.921,55.073,52343.94
1785466800000,55.073,55.076,54.8,54.864,30435.72
1785467700000,54.864,55.196,54.832,55.19,18858.86
1785468600000,55.189,55.204,54.941,55.1,13634.39
1785469500000,55.09,55.199,54.979,55.038,8987.59
1785470400000,55.038,55.053,54.808,54.836,12994.44
1785471300000,54.837,55.048,54.796,55.035,17347.39
1785472200000,55.027,55.115,54.883,55.059,12385.48
1785473100000,55.059,55.16,54.927,55.078,19585.31
1785474000000,55.078,55.437,55.078,55.437,32119.1
1785474900000,55.437,55.539,55.378,55.42,19072.81
1785475800000,55.421,55.52,55.1,55.1,22952.02
1785476700000,55.098,55.205,54.937,55.189,37609.51
1785477600000,55.189,55.504,55.159,55.496,23022.76
1785478500000,55.496,55.614,55.458,55.599,27080.36
1785479400000,55.591,55.594,55.325,55.39,16766.31
1785480300000,55.376,55.614,55.243,55.568,20301.54
1785481200000,55.564,55.564,55.24,55.346,14932.06
1785482100000,55.35,55.491,55.259,55.445,8186.49
1785483000000,55.443,55.45,54.864,54.924,74982.94
1785483900000,54.924,55.044,54.431,54.5,91870.78
1785484800000,54.502,54.811,54.477,54.765,64904.93
1785485700000,54.761,54.884,54.731,54.858,30262.84
1785486600000,54.859,54.904,54.503,54.675,48543.91
1785487500000,54.672,54.853,54.663,54.82,11927.23
1785488400000,54.826,54.929,54.76,54.813,11896.49
1785489300000,54.813,54.815,54.275,54.37,59490.94
1785490200000,54.371,54.459,54.29,54.35,26553.9
1785491100000,54.35,54.44,54.112,54.227,30473.77
1785492000000,54.226,54.615,54.086,54.573,59628.69
1785492900000,54.572,54.762,54.45,54.649,29488.02
1785493800000,54.648,54.749,54.593,54.746,6348.76
1785494700000,54.744,54.776,54.658,54.729,10971.92
1785495600000,54.729,54.853,54.618,54.631,19381.24
1785496500000,54.631,54.802,54.544,54.709,14500.72
1785497400000,54.709,54.808,54.62,54.756,17271.83
1785498300000,54.756,54.919,54.671,54.916,16551.69
1785499200000,54.916,54.916,54.75,54.828,8950.74
1785500100000,54.826,55.14,54.825,55.056,21122.05
1785501000000,55.056,55.29,54.919,55.171,41656.77
1785501900000,55.177,55.394,55.165,55.291,29406.28
1785502800000,55.303,55.48,55.204,55.246,32127.47
1785503700000,55.253,55.419,55.176,55.229,29661.49
1785504600000,55.23,55.315,54.818,54.886,93936.02
1785505500000,54.886,55.082,54.57,54.889,224744.47
1785506400000,54.889,55.37,54.602,55.123,132785.33
1785507300000,55.144,55.283,54.911,55.041,87472.55
1785508200000,55.045,55.156,54.574,54.686,108684.59
1785509100000,54.685,54.829,54.253,54.478,96933.9
1785510000000,54.478,54.58,54.26,54.261,62032.75
1785510900000,54.26,54.41,53.991,54.25,152108.64
1785511800000,54.25,54.428,54.076,54.225,56356.8
1785512700000,54.226,54.371,54.062,54.244,53563.84
1785513600000,54.243,54.379,54.159,54.252,49973.03
1785514500000,54.249,54.496,54.09,54.431,60718.51
1785515400000,54.432,54.478,53.534,53.65,280396.5
1785516300000,53.648,53.808,53,53.346,289532.34
1785517200000,53.346,53.485,53.265,53.485,91321.05
1785518100000,53.484,53.513,53.381,53.448,65718.62
1785519000000,53.456,53.515,53.4,53.499,43065.42
1785519900000,53.51,53.616,53.468,53.59,81064.41
1785520800000,53.591,53.616,53.443,53.542,36217.65
1785521700000,53.546,53.595,53.33,53.42,45296.54
1785522600000,53.431,53.471,52.866,53.005,250518.08
1785523500000,53.004,53.26,52.94,53.025,118029.15
1785524400000,53.022,53.091,52.611,52.875,190456.23
1785525300000,52.876,52.93,52.715,52.805,85583.57
1785526200000,52.803,52.823,52.217,52.223,278815.27
1785527100000,52.255,52.5,52.114,52.282,201412.97
1785528000000,52.288,52.381,51.814,52.076,332827.56
1785528900000,52.074,52.731,52.045,52.634,160077.22
1785529800000,52.64,52.953,52.64,52.85,105202.23
1785530700000,52.851,52.881,52.588,52.69,97719.9
1785531600000,52.689,52.85,52.596,52.631,61962.91
1785532500000,52.628,52.66,52.472,52.583,41316.78
1785533400000,52.583,52.607,52.119,52.229,42447.48
1785534300000,52.228,52.303,52.01,52.203,48420.26
1785535200000,52.202,52.545,52.181,52.517,67156.23
1785536100000,52.517,52.668,52.516,52.592,23806.6
1785537000000,52.592,52.668,52.548,52.592,18450.63
1785537900000,52.592,52.659,52.429,52.44,35674.39
1785538800000,52.44,52.633,52.383,52.578,16485.61
1785539700000,52.578,52.635,52.519,52.618,17738.97
1785540600000,52.619,52.668,52.544,52.567,23295.55
1785541500000,52.567,52.612,52.463,52.501,7768.49
1785542400000,52.507,52.646,52.491,52.512,13621.57
1785543300000,52.511,52.511,52.325,52.389,26246.51
1785544200000,52.397,52.545,52.291,52.545,13541.61
1785545100000,52.548,52.603,52.373,52.451,14494.67
1785546000000,52.449,52.66,52.448,52.61,40765.19
1785546900000,52.615,52.618,52.468,52.541,9762.12
1785547800000,52.549,52.604,52.466,52.483,16691.65
1785548700000,52.483,52.558,52.453,52.531,7358.75
1785549600000,52.537,52.589,52.468,52.486,17656.43
1785550500000,52.487,52.558,52.46,52.514,3392.4
1785551400000,52.515,52.541,52.388,52.445,10178.17
1785552300000,52.445,52.446,52.221,52.229,46891.35
1785553200000,52.23,52.303,52.154,52.171,12540.35
1785554100000,52.172,52.238,52.097,52.128,23211.2
1785555000000,52.129,52.194,52.064,52.13,27257.8
1785555900000,52.13,52.3,52.084,52.274,27581.41
1785556800000,52.275,52.374,52.252,52.272,34704.87
1785557700000,52.273,52.371,52.2,52.281,22144.35
1785558600000,52.287,52.389,52.227,52.363,7184.52
1785559500000,52.357,52.378,52.211,52.258,13603.32
1785560400000,52.259,52.329,52.177,52.304,9880.74
1785561300000,52.295,52.295,52.107,52.13,27105.94
1785562200000,52.13,52.168,51.579,51.614,213584.16
1785563100000,51.617,51.657,51.488,51.657,97049.82
1785564000000,51.656,51.935,51.578,51.856,80051.57
1785564900000,51.863,52.014,51.775,51.927,23641.2
1785565800000,51.926,51.967,51.859,51.927,8550.86
1785566700000,51.931,51.957,51.824,51.836,15847.59
1785567600000,51.837,51.902,51.764,51.848,26341.32
1785568500000,51.848,51.848,51.658,51.784,36997.52
1785569400000,51.777,51.82,51.599,51.695,31964.1
1785570300000,51.696,52.02,51.655,51.851,53389.24
1785571200000,51.852,51.998,51.826,51.968,39943.8
1785572100000,51.969,52.312,51.969,52.3,60727.27
1785573000000,52.301,52.398,52.185,52.296,58352.19
1785573900000,52.297,52.457,52.171,52.176,24817.44
1785574800000,52.179,52.239,52.134,52.187,19252.76
1785575700000,52.188,52.28,52.134,52.26,29454.45
1785576600000,52.261,52.328,52.17,52.206,24658.15
1785577500000,52.22,52.267,52.031,52.063,17651.82
1785578400000,52.066,52.163,51.995,52.144,16640.15
1785579300000,52.145,52.185,51.996,52.039,14568.59
1785580200000,52.04,52.239,51.996,52.227,11341.21
1785581100000,52.228,52.237,52.056,52.06,7138.65
1785582000000,52.064,52.085,51.838,52.075,24482.08
1785582900000,52.074,52.125,51.979,52.018,17908.97
1785583800000,52.017,52.06,51.928,51.943,3985.46
1785584700000,51.942,52.142,51.9,52.138,21713.56
1785585600000,52.137,52.38,52.079,52.339,28137.25
1785586500000,52.346,52.363,52.218,52.278,40107.2
1785587400000,52.275,52.275,52.108,52.108,17319
1785588300000,52.109,52.317,52.046,52.104,35846.52
1785589200000,52.119,52.345,52.081,52.319,24346.03
1785590100000,52.317,52.327,52.268,52.317,8199.92
1785591000000,52.317,52.611,52.2,52.245,92450.3
1785591900000,52.236,52.263,52.091,52.212,23994.66
1785592800000,52.222,52.25,52.139,52.213,12257.03
1785593700000,52.213,52.32,52.191,52.281,8520.09
1785594600000,52.28,52.469,52.18,52.435,41378.96
1785595500000,52.435,52.435,52.252,52.318,14035.18
1785596400000,52.317,52.533,52.258,52.449,19803.38
1785597300000,52.449,52.463,52.226,52.263,25744.44
1785598200000,52.263,52.404,52.201,52.37,12160.41
1785599100000,52.37,52.596,52.311,52.399,54884.78
1785600000000,52.4,52.465,52.325,52.325,14243.78
1785600900000,52.326,52.476,52.295,52.384,36290.67
1785601800000,52.384,52.557,52.384,52.512,26075.44
1785602700000,52.52,52.598,52.419,52.486,34197.12
1785603600000,52.489,52.582,52.36,52.36,18876.42
1785604500000,52.363,52.376,52.209,52.247,49228.11
1785605400000,52.243,52.264,52.024,52.067,42958.79
1785606300000,52.068,52.225,52.02,52.119,26258.01
1785607200000,52.119,52.128,51.824,51.88,61330.87
1785608100000,51.884,52.019,51.702,51.909,96769.19
1785609000000,51.913,52.048,51.723,51.805,64090.52
1785609900000,51.815,52.142,51.6,52.119,94333.77
1785610800000,52.118,52.167,51.941,52.042,69252.92
1785611700000,52.04,52.142,51.822,52.058,36162.4
1785612600000,52.052,52.168,51.828,51.884,12670.08
1785613500000,51.88,52.169,51.85,52.031,31343.13
1785614400000,52.031,52.071,51.876,52.004,49225.02
1785615300000,52.005,52.143,51.885,51.953,34342.39
1785616200000,51.954,52.01,51.856,51.954,11936.07
1785617100000,51.948,52.025,51.926,52,10084.11
1785618000000,52.001,52.231,52,52.17,37724.13
1785618900000,52.169,52.172,52.038,52.062,29235.88
1785619800000,52.062,52.182,52.04,52.182,7685.9
1785620700000,52.185,52.257,52.067,52.139,15653.11
1785621600000,52.14,52.221,52.071,52.149,9867.11
1785622500000,52.149,52.166,52.047,52.129,11470.51
1785623400000,52.134,52.175,52.066,52.124,3633.73
1785624300000,52.123,52.145,52.054,52.056,3215.16
1785625200000,52.056,52.141,52.056,52.086,5093.09
1785626100000,52.086,52.116,52.017,52.022,6954.8
1785627000000,52.022,52.105,52.022,52.093,3244.64
1785627900000,52.097,52.15,52.076,52.15,11477.83
1785628800000,52.149,52.457,52.142,52.357,42466.22
1785629700000,52.358,52.38,52.267,52.277,20929.33
1785630600000,52.278,52.385,52.278,52.353,4375.03
1785631500000,52.35,52.419,52.315,52.358,6743.03
1785632400000,52.358,52.57,52.358,52.569,20302.5
1785633300000,52.57,52.608,52.399,52.431,27018.16
1785634200000,52.432,52.487,52.404,52.421,7210.95
1785635100000,52.422,52.473,52.314,52.386,26743.79
1785636000000,52.378,52.812,52.262,52.762,99134.03
1785636900000,52.768,52.877,52.669,52.772,58417.68
1785637800000,52.78,52.875,52.68,52.817,26134.78
1785638700000,52.817,52.97,52.797,52.899,38066.23
1785639600000,52.899,53.025,52.81,52.851,40800.33
1785640500000,52.852,52.96,52.756,52.763,21167.04
1785641400000,52.763,52.839,52.724,52.814,21635.2
1785642300000,52.813,52.869,52.684,52.745,18073.2
1785643200000,52.742,52.839,52.676,52.74,16377.82
1785644100000,52.735,52.789,52.64,52.648,19223.02
1785645000000,52.649,52.774,52.57,52.591,17054.54
1785645900000,52.591,52.638,52.504,52.548,40642.89
1785646800000,52.551,52.65,52.479,52.604,16007.07
1785647700000,52.605,52.605,52.483,52.534,10386.21
1785648600000,52.535,52.582,52.434,52.45,12822.05
1785649500000,52.451,52.472,52.401,52.43,17412.74
1785650400000,52.431,52.433,52.26,52.28,40445.36
1785651300000,52.281,52.308,52.103,52.261,30909.31
1785652200000,52.262,52.262,52.123,52.162,19787.33
1785653100000,52.164,52.261,52.115,52.176,21821.12
1785654000000,52.171,52.253,52.106,52.18,15333.72
1785654900000,52.18,52.221,52.034,52.08,16283.15
1785655800000,52.081,52.166,52.002,52.078,12667.75
1785656700000,52.078,52.078,51.805,51.858,38248.88
1785657600000,51.859,51.954,51.725,51.922,41197.41
1785658500000,51.92,52.08,51.91,52.027,37958.75
1785659400000,52.023,52.128,51.95,52.075,23027.58
1785660300000,52.075,52.086,51.969,52.001,19130.74
1785661200000,52.002,52.034,51.886,51.976,35141.06
1785662100000,51.977,52.027,51.905,51.919,10659.79
1785663000000,51.919,51.987,51.863,51.872,18734.96
1785663900000,51.87,51.902,51.775,51.781,11169.6
1785664800000,51.79,51.84,51.719,51.74,25769.21
1785665700000,51.74,51.832,51.081,51.268,367696.1
1785666600000,51.268,51.54,51.263,51.539,90630.1
1785667500000,51.538,51.541,51.419,51.452,46018.54
1785668400000,51.453,51.564,51.426,51.455,34315.7
1785669300000,51.462,51.492,51.353,51.358,34682.27
1785670200000,51.358,51.45,51.267,51.319,25869.47
1785671100000,51.319,51.424,51.196,51.246,30318.08
1785672000000,51.247,51.35,51.207,51.282,25700.44
1785672900000,51.275,51.311,51.111,51.254,40489.75
1785673800000,51.255,51.524,51.252,51.467,35854.21
1785674700000,51.468,51.636,51.364,51.46,53710.31
1785675600000,51.443,51.574,51.423,51.488,18356.71
1785676500000,51.489,51.674,51.453,51.513,28570.6
1785677400000,51.513,51.606,51.45,51.606,32951.79
1785678300000,51.607,51.64,51.528,51.589,14966.79
1785679200000,51.582,51.583,51.414,51.495,16320.76
1785680100000,51.516,51.52,51.418,51.46,10922.61
1785681000000,51.471,51.531,51.431,51.46,15739.5
1785681900000,51.45,51.497,51.294,51.387,18721
1785682800000,51.386,51.498,51.342,51.486,29359.21
1785683700000,51.485,51.598,51.445,51.588,18783.54
1785684600000,51.576,51.577,51.45,51.491,8875.47
1785685500000,51.49,51.49,51.271,51.34,19452.74
1785686400000,51.339,51.378,51.252,51.309,32005.14
1785687300000,51.308,51.489,51.297,51.474,33976.04
1785688200000,51.475,52.401,51.474,52.269,172377.09
1785689100000,52.278,52.371,52.126,52.138,54776.97
1785690000000,52.132,52.166,52.055,52.085,30071.38
1785690900000,52.085,52.204,51.921,52.044,61654.71
1785691800000,52.043,52.25,52.043,52.152,34448.51
1785692700000,52.162,52.307,52.161,52.203,27398.76
1785693600000,52.203,52.463,52.202,52.392,36493.25
1785694500000,52.392,52.459,52.327,52.33,31863.2
1785695400000,52.343,52.748,52.324,52.568,47778.1
1785696300000,52.573,52.651,52.475,52.519,26125.75
1785697200000,52.519,52.622,52.386,52.414,39975.09
1785698100000,52.414,52.602,52.323,52.522,30888.31
1785699000000,52.521,52.713,52.505,52.652,20150.25
1785699900000,52.652,52.809,52.616,52.691,46248.41
1785700800000,52.69,52.742,52.574,52.599,18633.62
1785701700000,52.595,52.692,52.405,52.419,37453.33
1785702600000,52.42,52.549,52.346,52.505,19246.26
1785703500000,52.506,52.652,52.486,52.556,41872.26
1785704400000,52.556,52.582,52.415,52.526,53529.95
1785705300000,52.526,52.891,52.487,52.765,51738.85
1785706200000,52.769,53,52.725,52.998,80914.46
1785707100000,52.998,53,52.772,52.8,76254.94
1785708000000,52.811,52.968,52.728,52.848,35797.29
1785708900000,52.849,52.968,52.746,52.886,22054.49
1785709800000,52.885,52.909,52.533,52.65,66744.74
1785710700000,52.651,52.715,52.495,52.55,41223.74
1785711600000,52.55,52.678,52.52,52.651,8384.88
1785712500000,52.652,52.659,52.493,52.652,13189.53
1785713400000,52.652,52.688,52.511,52.582,16414.33
1785714300000,52.577,52.629,52.451,52.534,12453.01
1785715200000,52.541,52.582,52.295,52.474,34214.79
1785716100000,52.474,52.672,52.415,52.506,35873.35
1785717000000,52.506,52.669,52.418,52.519,28473.16
1785717900000,52.52,52.692,52.49,52.64,10026.5
1785718800000,52.637,52.644,52.29,52.328,34638.56
1785719700000,52.327,52.442,52.25,52.441,15028.74
1785720600000,52.438,52.533,52.375,52.505,14075.71
1785721500000,52.505,52.558,52.451,52.504,7050.32
1785722400000,52.505,52.579,52.19,52.272,50107.93
1785723300000,52.273,52.487,52.251,52.339,13238.86
1785724200000,52.34,52.375,52.203,52.238,16249.75
1785725100000,52.229,52.338,52.177,52.322,26137.25
1785726000000,52.308,52.41,52.206,52.209,20746.82
1785726900000,52.21,52.254,52.104,52.181,13784.72
1785727800000,52.173,52.24,52.109,52.224,16352.87
1785728700000,52.225,52.332,52.02,52.191,26679.96
1785729600000,52.182,52.276,52.065,52.135,12030.99
1785730500000,52.136,52.685,52.069,52.633,42312.48
1785731400000,52.632,52.693,52.471,52.51,38257.47
1785732300000,52.522,52.534,52.221,52.241,43619.01
1785733200000,52.241,52.32,52.177,52.247,7411.84
1785734100000,52.247,52.365,52.241,52.342,18808.92
1785735000000,52.331,52.478,52.266,52.435,7847.21
1785735900000,52.44,52.786,52.422,52.786,29589.99
1785736800000,52.781,52.813,52.533,52.563,20505.14
1785737700000,52.562,52.574,52.412,52.453,9290.76
1785738600000,52.453,52.472,51.885,51.978,83278.02
1785739500000,51.974,52.404,51.974,52.188,53130.52
1785740400000,52.193,52.36,52.172,52.306,20395.73
1785741300000,52.314,52.489,52.282,52.393,31988.74
1785742200000,52.398,52.5,52.31,52.311,11807.36
1785743100000,52.311,52.415,52.267,52.333,7618.02
1785744000000,52.337,52.475,52.268,52.425,24054.66
1785744900000,52.425,52.449,51.9,52.008,94259.84
1785745800000,52.007,52.283,51.954,52.219,23501.78
1785746700000,52.22,52.459,52.22,52.436,63285.09
1785747600000,52.436,52.65,52.379,52.574,27996.55
1785748500000,52.573,52.707,52.573,52.702,24023.97
1785749400000,52.701,52.843,52.69,52.797,84128.06
1785750300000,52.797,52.822,52.675,52.755,47970.9
1785751200000,52.753,52.813,52.666,52.731,36104.4
1785752100000,52.731,52.792,52.565,52.679,38575.88
1785753000000,52.681,52.687,52.579,52.617,18451.07
1785753900000,52.615,52.783,52.567,52.769,8426.92
1785754800000,52.753,52.78,52.583,52.645,22982.57
1785755700000,52.646,53.043,52.641,52.722,68148.95
1785756600000,52.717,53.169,52.703,53.126,58700.44
1785757500000,53.131,53.135,52.639,52.692,84651.86
1785758400000,52.692,52.793,52.565,52.771,36362.51
1785759300000,52.769,52.943,52.769,52.839,16308.27
1785760200000,52.839,52.857,52.744,52.844,9392.79
1785761100000,52.847,52.878,52.772,52.794,8538.21
1785762000000,52.787,52.936,52.787,52.862,33298.04
1785762900000,52.866,53.261,52.763,53.036,124766.6
1785763800000,53.043,53.377,52.733,53.236,104960.17
1785764700000,53.227,53.652,53.136,53.648,117186.75
1785765600000,53.649,53.674,53.286,53.457,146811.44
1785766500000,53.456,53.741,53.339,53.728,99889.87
1785767400000,53.728,54.061,53.64,53.958,250245.64
1785768300000,53.959,54.25,53.732,54.149,222150.2
1785769200000,54.155,54.207,54,54.058,96307.37
1785770100000,54.059,54.138,53.862,53.943,44454.88
1785771000000,53.944,54.334,53.944,54.166,72220.81
1785771900000,54.165,54.414,54.165,54.29,63678.8
1785772800000,54.297,54.539,54.296,54.476,66177.38
1785773700000,54.482,54.736,54.463,54.713,60413.73
1785774600000,54.712,54.762,54.317,54.582,108453.62
1785775500000,54.591,54.8,54.43,54.565,66900.26
1785776400000,54.564,54.57,54.353,54.534,63084.03
1785777300000,54.54,54.646,54.323,54.494,30338.38
1785778200000,54.495,54.636,54.47,54.635,27658.31
1785779100000,54.635,54.78,54.564,54.592,27290.38
1785780000000,54.593,54.785,54.487,54.731,27168.21
1785780900000,54.733,54.778,54.489,54.543,33881.03
1785781800000,54.551,54.612,54.392,54.415,30934.56
1785782700000,54.415,54.461,54.18,54.18,52573.36
1785783600000,54.181,54.369,54.181,54.276,33806.7
1785784500000,54.276,54.31,54.087,54.196,62005.22
1785785400000,54.196,54.316,54.1,54.142,23892.81
1785786300000,54.135,54.565,54.028,54.453,41069.97
1785787200000,54.466,54.6,54.297,54.529,19078.21
1785788100000,54.529,54.717,54.529,54.579,34712.78
1785789000000,54.579,54.716,54.579,54.665,12915.44
1785789900000,54.665,54.665,54.201,54.209,39479.34
1785790800000,54.203,54.337,54.169,54.237,18902.13
1785791700000,54.236,54.327,54.155,54.179,20630.68
1785792600000,54.184,54.2,53.815,53.887,82822.86
1785793500000,53.887,53.947,53.765,53.88,61199.76
1785794400000,53.891,53.964,53.731,53.935,20646.75
1785795300000,53.935,53.978,53.824,53.906,11520.99
1785796200000,53.9,53.927,53.844,53.844,8146.26
1785797100000,53.842,54.021,53.771,54.003,15663.79
1785798000000,54.003,54.004,53.822,53.891,16358.68
1785798900000,53.891,54.013,53.821,53.957,26852.36
1785799800000,53.959,54.016,53.891,53.955,8521.95
1785800700000,53.955,53.999,53.862,53.961,6327.79
1785801600000,53.955,53.955,53.787,53.849,16556.86
1785802500000,53.849,53.849,53.673,53.77,23064.89
1785803400000,53.769,53.769,53.56,53.637,16379.3
1785804300000,53.638,53.739,53.531,53.548,13376.88
1785805200000,53.552,53.739,53.526,53.676,20370.29
1785806100000,53.673,53.876,53.673,53.809,12406.42
1785807000000,53.809,54.126,53.791,54.094,29103.32
1785807900000,54.094,54.3,54.022,54.275,45058.46
1785808800000,54.273,54.387,54.18,54.361,22279.34
1785809700000,54.36,54.442,54.25,54.25,19167.05
1785810600000,54.25,54.476,54.212,54.348,26035.35
1785811500000,54.348,54.426,54.176,54.267,18342.47
1785812400000,54.267,54.267,54.077,54.093,16050.5
1785813300000,54.094,54.278,54.036,54.276,9115.17
1785814200000,54.275,54.339,54.166,54.207,8288.37
1785815100000,54.207,54.239,54.117,54.132,6802.15
1785816000000,54.142,54.28,54.139,54.257,15632.81
1785816900000,54.257,54.464,54.257,54.426,31850.05
1785817800000,54.427,54.488,54.387,54.439,22926.28
1785818700000,54.439,54.585,54.38,54.506,41551.03
1785819600000,54.506,54.55,54.373,54.378,14703.28
1785820500000,54.377,54.485,54.337,54.45,13489.28
1785821400000,54.45,54.548,54.411,54.481,25553.78
1785822300000,54.482,54.486,54.371,54.41,13933.62
1785823200000,54.411,54.475,54.337,54.374,13079.71
1785824100000,54.374,54.397,54.25,54.25,18228.67
1785825000000,54.251,54.285,54.085,54.136,35508.44
1785825900000,54.145,54.259,54.139,54.258,7717.2
1785826800000,54.26,54.408,54.245,54.296,32862.67
1785827700000,54.292,54.665,54.291,54.649,38309.38
1785828600000,54.655,54.889,54.617,54.874,115422.15
1785829500000,54.872,54.924,54.731,54.746,40679.62
1785830400000,54.746,55,54.712,54.732,47700.67
1785831300000,54.732,54.733,54.633,54.656,32031.27
1785832200000,54.654,54.719,54.51,54.653,26424.54
1785833100000,54.66,54.767,54.55,54.743,9776.55
1785834000000,54.739,54.772,54.476,54.488,36321.69
1785834900000,54.504,54.715,54.486,54.614,8635.46
1785835800000,54.617,54.649,54.514,54.615,9119.52
1785836700000,54.615,54.761,54.548,54.756,15881.71
1785837600000,54.757,54.908,54.668,54.9,50363.45
1785838500000,54.9,55.146,54.883,54.986,80819.03
1785839400000,54.981,55.038,54.825,54.971,60002.21
1785840300000,54.962,55.252,54.954,55.202,96762.65
1785841200000,55.203,55.455,55.131,55.433,62152.15
1785842100000,55.434,55.451,55.277,55.325,39126.89
1785843000000,55.325,55.439,55.177,55.409,43883.88
1785843900000,55.411,55.522,55.36,55.503,78735.46
1785844800000,55.503,55.737,55.36,55.703,87296.21
1785845700000,55.703,55.723,55.413,55.429,117554.19
1785846600000,55.425,55.598,55.402,55.484,66926.89
1785847500000,55.492,55.677,55.44,55.626,36961.07
1785848400000,55.626,55.627,55.413,55.493,29123.92
1785849300000,55.494,55.667,55.461,55.5,55469.24
1785850200000,55.501,55.792,55.464,55.621,140189.36
1785851100000,55.614,55.62,55.138,55.217,165634.25
1785852000000,55.217,55.475,55.106,55.36,70989.34
1785852900000,55.36,55.428,55.002,55.205,71473.53
1785853800000,55.192,55.403,55.123,55.348,52773.63
1785854700000,55.348,55.439,55.283,55.381,40980.26
1785855600000,55.387,55.528,55.275,55.284,57656.44
1785856500000,55.276,55.358,55.031,55.199,61551.81
1785857400000,55.199,55.349,55,55.349,61036.2
1785858300000,55.35,55.56,55.309,55.386,65677.97
1785859200000,55.387,55.469,55.208,55.255,26760.18
1785860100000,55.255,55.402,55.21,55.27,25979.91
1785861000000,55.267,55.376,55.195,55.319,64349.24
1785861900000,55.319,55.384,55.167,55.251,35220
1785862800000,55.252,55.488,55.23,55.445,37262.14
1785863700000,55.44,55.499,55.406,55.487,21762.97
1785864600000,55.485,55.721,55.434,55.707,63016.01
1785865500000,55.712,55.735,55.451,55.564,48211.96
1785866400000,55.564,55.78,55.561,55.643,47113.97
1785867300000,55.64,55.671,55.434,55.548,48566.74
1785868200000,55.549,55.612,55.392,55.42,24743.08
1785869100000,55.421,55.564,55.263,55.305,36805.8
1785870000000,55.306,55.571,55.306,55.547,24886.53
1785870900000,55.548,55.606,55.375,55.455,47972.48
1785871800000,55.456,55.487,55.319,55.384,33064.64
1785872700000,55.375,55.579,55.21,55.536,51146.91
1785873600000,55.536,55.744,55.484,55.65,54731.45
1785874500000,55.647,55.647,55.303,55.466,51968.37
1785875400000,55.467,55.676,55.467,55.57,20762.93
1785876300000,55.571,55.578,55.348,55.419,47764.57
1785877200000,55.42,55.456,55.244,55.271,32652.33
1785878100000,55.271,55.331,55.204,55.223,51056.47
1785879000000,55.224,55.253,55.091,55.126,61892.25
1785879900000,55.126,55.211,55.047,55.203,26751.12
1785880800000,55.204,55.261,55.127,55.256,22170.69
1785881700000,55.256,55.278,55.027,55.173,47724.99
1785882600000,55.173,55.173,55.023,55.087,11862.99
1785883500000,55.088,55.173,55.066,55.129,4176.2
1785884400000,55.136,55.346,55.077,55.29,18355.79
1785885300000,55.29,55.338,55.01,55.017,14131.03
1785886200000,55.018,55.106,55,55.059,15372.91
1785887100000,55.056,55.06,55.002,55.006,11177.6
1785888000000,55.007,55.084,54.887,55.024,29815.65
1785888900000,55.025,55.025,54.8,54.946,65986.51
1785889800000,54.946,54.983,54.758,54.796,18028.34
1785890700000,54.796,54.807,54.679,54.725,16788.24
1785891600000,54.725,54.959,54.61,54.865,54318.77
1785892500000,54.864,55.004,54.791,54.941,21123.48
1785893400000,54.942,55.045,54.87,54.961,17378.99
1785894300000,54.962,55.392,54.96,55.279,36620.79
1785895200000,55.28,55.763,55.256,55.718,74551.86
1785896100000,55.719,55.94,55.6,55.823,105008.51
1785897000000,55.827,55.928,55.761,55.875,24987.24
1785897900000,55.88,56.391,55.854,56.345,149678.51
1785898800000,56.355,56.515,55.985,55.994,71489.2
1785899700000,55.995,56.028,55.707,55.72,33832.91
1785900600000,55.72,55.926,55.696,55.862,24445.29
1785901500000,55.863,55.99,55.847,55.968,17846.49
1785902400000,55.969,56.125,55.935,56.043,15379.51
1785903300000,56.044,56.175,55.921,56.165,24025.79
1785904200000,56.166,56.305,56.124,56.253,32391.26
1785905100000,56.256,56.286,56.187,56.205,8361.93
1785906000000,56.207,56.772,56.197,56.709,109748.14
1785906900000,56.71,56.889,56.676,56.785,75519.47
1785907800000,56.785,56.785,56.528,56.641,78319.38
1785908700000,56.645,56.943,56.631,56.895,54818.8
1785909600000,56.895,56.928,56.695,56.864,39593.72
1785910500000,56.861,57.047,56.837,56.944,51815.46
1785911400000,56.943,57.074,56.865,56.982,29455.33
1785912300000,56.972,57.246,56.953,57.015,108115.46
1785913200000,57.015,57.232,56.807,56.851,34402.38
1785914100000,56.851,56.913,56.525,56.673,100112.74
1785915000000,56.673,56.749,56.567,56.614,39730.19
1785915900000,56.614,57.04,56.587,57.04,44598.17
1785916800000,57.04,57.539,57.004,57.484,144811.89
1785917700000,57.483,57.858,57.458,57.839,114369.34
1785918600000,57.844,57.862,57.325,57.42,109551.97
1785919500000,57.42,57.625,57.362,57.547,43414.14
1785920400000,57.546,57.579,57.361,57.53,34544.8
1785921300000,57.531,57.631,57.355,57.378,24173.84
1785922200000,57.379,57.47,57.233,57.285,40582.14
1785923100000,57.285,57.412,57.201,57.227,25010.7
1785924000000,57.227,57.296,56.96,57.095,49647.15
1785924900000,57.094,57.24,56.77,57.169,54761.4
1785925800000,57.169,57.354,57.111,57.33,11970.64
1785926700000,57.33,57.353,57.063,57.346,44835.81
1785927600000,57.347,57.353,57.138,57.274,23369.83
1785928500000,57.274,57.422,56.62,57.001,182466.07
1785929400000,57.001,57.141,56.985,57.053,24714.42
1785930300000,57.054,57.058,56.857,56.997,32925.97
1785931200000,56.997,57.091,56.826,57.065,43758.94
1785932100000,57.056,57.269,57.012,57.205,32651.58
1785933000000,57.219,57.339,57.116,57.282,20809.99
1785933900000,57.287,57.324,56.943,57.062,32752.11
1785934800000,57.071,57.1,56.769,56.854,53469.5
1785935700000,56.859,57.007,56.82,56.872,34505.79
1785936600000,56.872,57.115,56.517,57.07,110370.71
1785937500000,57.07,57.269,56.888,57.141,59797.39
1785938400000,57.131,57.249,56.876,57.187,93923.61
1785939300000,57.202,57.489,57.075,57.182,80789.11
1785940200000,57.181,57.286,56.993,57.277,45584.69
1785941100000,57.286,57.421,57.19,57.269,62669.81
1785942000000,57.272,57.481,57.175,57.344,67259.83
1785942900000,57.338,57.597,57.181,57.535,42094.04
1785943800000,57.532,57.703,57.383,57.392,58779.81
1785944700000,57.391,57.392,56.999,57.047,74107.67
1785945600000,57.054,57.587,57.054,57.571,60197.91
1785946500000,57.577,57.8,57.469,57.593,199879.44
1785947400000,57.589,57.642,57.486,57.515,24692.16
1785948300000,57.515,57.526,57.418,57.49,41935.75
1785949200000,57.491,57.585,57.343,57.381,33652.64
1785950100000,57.381,57.805,57.326,57.774,84854.7
1785951000000,57.774,57.961,57.764,57.83,90415.61
1785951900000,57.83,57.924,57.717,57.725,63715.85
1785952800000,57.725,57.849,57.694,57.821,53522.75
1785953700000,57.82,57.888,57.517,57.536,51677.04
1785954600000,57.523,57.534,57.242,57.254,44454.2
1785955500000,57.254,57.305,57.098,57.218,29285.61
1785956400000,57.218,57.41,57.147,57.329,29383.5
1785957300000,57.329,57.487,57.318,57.438,35385.55
1785958200000,57.437,57.47,57.261,57.273,31110.96
1785959100000,57.274,57.35,57.176,57.178,37804.58
1785960000000,57.177,57.258,56.855,56.944,128040.71
1785960900000,56.944,57.062,56.738,57.052,61660.33
1785961800000,57.052,57.258,56.935,57.257,73789.82
1785962700000,57.248,57.258,57.07,57.11,41116.93
1785963600000,57.116,57.144,56.765,56.807,74294.94
1785964500000,56.807,56.851,56.706,56.851,34133.32
1785965400000,56.85,56.892,56.682,56.731,22163.03
1785966300000,56.73,56.872,56.676,56.76,39832.79
1785967200000,56.76,56.81,56.656,56.66,27156.94
1785968100000,56.66,56.795,56.621,56.771,23425.89
1785969000000,56.772,56.821,56.665,56.69,23148.14
1785969900000,56.689,56.748,56.629,56.7,12217.39
1785970800000,56.698,56.883,56.645,56.828,22426.74
1785971700000,56.829,56.986,56.805,56.938,28575.43
1785972600000,56.937,56.995,56.91,56.976,14778.04
1785973500000,56.975,56.989,56.836,56.914,18914.17
1785974400000,56.917,57.097,56.886,57.088,27143.85
1785975300000,57.088,57.183,57.001,57.002,16777.9
1785976200000,57.001,57.031,56.789,56.798,19773.93
1785977100000,56.792,56.937,56.782,56.91,15113.37
1785978000000,56.91,56.936,56.742,56.763,10514.59
1785978900000,56.759,56.778,56.361,56.41,71355.88
1785979800000,56.415,56.597,56.374,56.554,18144.1
1785980700000,56.553,56.648,56.449,56.472,11741.74
1785981600000,56.471,56.502,56.333,56.348,28372.91
1785982500000,56.345,56.372,56.088,56.156,69916.76
1785983400000,56.157,56.218,56.035,56.207,49194.54
1785984300000,56.207,56.238,56.021,56.127,32534.25
1785985200000,56.126,56.192,56.015,56.174,19948.27
1785986100000,56.173,56.356,56.111,56.33,36014.37
1785987000000,56.332,56.385,56.217,56.233,15017.63
1785987900000,56.234,56.312,56.111,56.299,11346.61
1785988800000,56.299,56.413,56.223,56.363,13313.45
1785989700000,56.362,56.53,56.356,56.476,27580.01
1785990600000,56.475,56.633,56.418,56.422,13430.42
1785991500000,56.421,56.422,56.268,56.331,13291.48
1785992400000,56.342,56.62,56.342,56.522,28001.77
1785993300000,56.521,56.602,56.343,56.374,27376.25
1785994200000,56.375,56.487,56.32,56.48,12180.4
1785995100000,56.48,56.525,56.366,56.444,13088
1785996000000,56.454,56.456,56.139,56.139,28695.67
1785996900000,56.139,56.228,56.097,56.152,47067.4
1785997800000,56.145,56.15,56.035,56.125,26253.59
1785998700000,56.113,56.16,56.093,56.116,6569.9
1785999600000,56.118,56.118,55.721,55.801,115506.85
1786000500000,55.796,56.046,55.749,55.942,34675.42
1786001400000,55.94,56.011,55.842,55.859,20519.46
1786002300000,55.86,56.001,55.839,55.991,10830.61
1786003200000,55.991,56.011,55.821,55.823,11756.35
1786004100000,55.826,55.952,55.755,55.946,34590.83
1786005000000,55.946,56.083,55.946,56.043,30426.68
1786005900000,56.042,56.162,56.038,56.09,10372.95
1786006800000,56.09,56.09,55.867,55.913,28238.19
1786007700000,55.905,55.975,55.774,55.811,22868.13
1786008600000,55.812,55.881,55.699,55.699,18649.04
1786009500000,55.7,55.7,55.522,55.552,49064.91
1786010400000,55.553,55.647,55.492,55.492,23907.7
1786011300000,55.491,55.635,55.437,55.616,21373.39
1786012200000,55.609,55.655,55.334,55.343,27580.66
1786013100000,55.344,55.536,55.333,55.536,22217.24
1786014000000,55.536,55.536,55.362,55.372,31819.27
1786014900000,55.373,55.547,55.373,55.453,38408.78
1786015800000,55.453,55.515,55.36,55.411,20379.89
1786016700000,55.411,55.421,55.28,55.326,20250.03
1786017600000,55.331,55.373,55.2,55.296,40007.43
1786018500000,55.3,55.389,55.109,55.224,69743.66
1786019400000,55.221,55.245,55,55.001,54202.63
1786020300000,55.007,55.017,54.851,54.939,72356.78
1786021200000,54.94,55.002,54.614,54.767,106008.27
1786022100000,54.766,54.924,54.615,54.759,87789
1786023000000,54.76,55.3,54.703,55.291,118795.38
1786023900000,55.29,55.345,55.069,55.113,86513.13
1786024800000,55.108,55.541,55.055,55.492,262320.02
1786025700000,55.492,55.937,55.421,55.747,167784.02
1786026600000,55.739,56.096,55.547,55.866,146014.04
1786027500000,55.866,55.943,55.649,55.872,86619.84
1786028400000,55.86,56.092,55.772,55.827,55904.88
1786029300000,55.822,55.865,55.635,55.821,69892.37
1786030200000,55.828,55.86,55.528,55.581,68005.99
1786031100000,55.589,55.865,55.538,55.554,58791.56
1786032000000,55.553,55.593,55.283,55.466,78818.99
1786032900000,55.462,55.873,55.443,55.733,169909.1
1786033800000,55.729,55.982,55.729,55.973,62356.24
1786034700000,55.956,56.245,55.938,56.233,104220.81
1786035600000,56.241,56.533,56.134,56.17,135948.35
1786036500000,56.169,56.354,56.117,56.248,26071.91
1786037400000,56.247,56.322,56.08,56.151,29323.05
1786038300000,56.152,56.324,56.06,56.185,47380.15
1786039200000,56.184,56.209,55.94,56.11,52649.25
1786040100000,56.119,56.232,55.991,56.091,33974.16
1786041000000,56.092,56.1,55.911,55.98,14935.88
1786041900000,55.987,56.075,55.944,56.038,11568.11
1786042800000,56.036,56.3,56.017,56.23,17792.64
1786043700000,56.245,56.274,56.082,56.119,36608.69
1786044600000,56.124,56.136,55.992,56.123,27543.02
1786045500000,56.125,56.15,55.968,56.017,28142.59
1786046400000,56.028,56.201,56.02,56.124,13347.76
1786047300000,56.125,56.225,56.091,56.166,7450.47
1786048200000,56.165,56.251,56.084,56.178,6410.85
1786049100000,56.178,56.178,55.767,55.833,42486.66
1786050000000,55.834,55.928,55.802,55.877,12862.83
1786050900000,55.877,55.943,55.765,55.923,30176.52
1786051800000,55.923,56.021,55.923,56,11503.29
1786052700000,55.994,56.07,55.932,55.981,6468.97
1786053600000,55.981,56.13,55.914,56.128,11702.35
1786054500000,56.129,56.149,56.06,56.115,6894.81
1786055400000,56.119,56.308,56.06,56.2,15901.78
1786056300000,56.209,56.246,56.162,56.179,4236.32
1786057200000,56.169,56.26,56.117,56.163,8529.03
1786058100000,56.161,56.173,55.786,55.808,82645.34
1786059000000,55.808,55.982,55.788,55.981,20428.82
1786059900000,55.981,56.16,55.937,56.159,12401.88
1786060800000,56.16,56.167,55.9,55.914,20685.17
1786061700000,55.915,55.915,55.71,55.728,25728.73
1786062600000,55.722,55.848,55.57,55.776,38886.11
1786063500000,55.774,55.858,55.72,55.768,5434.41
1786064400000,55.777,55.919,55.646,55.66,25360.11
1786065300000,55.666,55.716,55.571,55.706,4723.16
1786066200000,55.715,55.891,55.57,55.66,23738.47
1786067100000,55.669,55.817,55.645,55.782,13218.45
1786068000000,55.774,55.858,55.628,55.767,8172.8
1786068900000,55.768,55.911,55.588,55.61,7826.16
1786069800000,55.608,55.714,55.493,55.647,36297.47
1786070700000,55.64,55.744,55.619,55.671,8637.4
1786071600000,55.674,55.692,55.549,55.623,7271.27
1786072500000,55.627,55.737,55.573,55.604,3721.13
1786073400000,55.605,55.671,55.559,55.561,4518.06
1786074300000,55.558,55.606,55.442,55.596,29286.34
1786075200000,55.592,55.73,55.511,55.527,21099.11
1786076100000,55.529,55.691,55.494,55.549,13797.08
1786077000000,55.55,55.587,55.426,55.486,29524.45
1786077900000,55.49,55.579,55.009,55.247,108158.07
1786078800000,55.246,55.368,55.158,55.34,11606.78
1786079700000,55.34,55.389,55.175,55.207,14297.98
1786080600000,55.201,55.217,55.01,55.089,37607.49
1786081500000,55.089,55.384,55,55.359,65918.46
1786082400000,55.36,55.584,55.261,55.583,16709.99
1786083300000,55.584,55.723,55.534,55.589,43341.71
1786084200000,55.593,55.662,55.478,55.653,5389.64
1786085100000,55.658,55.691,55.53,55.558,7940.76
1786086000000,55.558,55.692,55.5,55.689,17728.28
1786086900000,55.689,55.689,55.513,55.64,12747.86
1786087800000,55.641,55.675,55.538,55.628,9498.36
1786088700000,55.628,55.65,55.513,55.575,10070.19
1786089600000,55.575,55.735,55.542,55.713,10072
1786090500000,55.712,55.815,55.602,55.812,13155.31
1786091400000,55.811,56.413,55.809,56.29,81825.69
1786092300000,56.289,56.3,56.177,56.274,65063.68
1786093200000,56.274,56.407,56.269,56.333,30026.23
1786094100000,56.332,56.351,56.2,56.236,23840.61
1786095000000,56.236,56.544,56.222,56.449,115400.25
1786095900000,56.449,56.556,56.414,56.541,42111.46
1786096800000,56.541,56.63,56.467,56.582,38963.56
1786097700000,56.582,56.63,56.542,56.604,17767.97
1786098600000,56.604,56.731,56.573,56.654,52565.41
1786099500000,56.655,56.803,56.655,56.803,39484.1
1786100400000,56.803,56.831,56.751,56.82,22823.3
1786101300000,56.82,56.888,56.682,56.706,50909.29
1786102200000,56.709,56.816,56.644,56.722,23931
1786103100000,56.723,57.002,56.628,56.943,100581.32
1786104000000,56.943,56.974,56.744,56.759,78490.88
1786104900000,56.767,56.85,56.643,56.689,23095.39
1786105800000,56.697,56.894,56.539,56.656,61066.52
1786106700000,56.659,56.78,56.478,56.563,80824.93
1786107600000,56.562,56.659,56.445,56.489,43257.89
1786108500000,56.489,56.842,56.48,56.659,109368.4
1786109400000,56.654,56.742,56.544,56.732,100477.73
1786110300000,56.732,56.732,56.22,56.237,58681.1
1786111200000,56.237,56.26,55.616,55.675,216040.7
1786112100000,55.682,56.209,55.67,56.18,128490.76
1786113000000,56.18,56.193,56.011,56.041,50759.28
1786113900000,56.049,56.091,55.814,55.874,94911.07
1786114800000,55.873,55.882,55.526,55.729,69898.62
1786115700000,55.726,55.77,55.625,55.749,21528.41
1786116600000,55.749,55.847,55.455,55.627,95165.22
1786117500000,55.623,55.864,55.549,55.742,57209.4
1786118400000,55.752,55.791,55.533,55.735,71359.74
1786119300000,55.728,55.745,55.131,55.196,132231.97
1786120200000,55.196,55.246,54.898,55.158,164006.52
1786121100000,55.157,55.267,55.081,55.096,73511.49
1786122000000,55.099,55.163,54.448,54.554,267441.91
1786122900000,54.554,54.668,53.974,54.012,250349.54
1786123800000,54.021,54.168,53.459,54.073,459195.8
1786124700000,54.067,54.153,53.743,54.151,91192.95
1786125600000,54.148,54.39,54.13,54.226,110901.98
1786126500000,54.231,54.577,54.175,54.183,100150.94
1786127400000,54.19,54.19,53.717,53.869,171625.24
1786128300000,53.869,54.017,53.869,54.016,54193.66
1786129200000,54.004,54.161,53.992,54.108,88633.8
1786130100000,54.108,54.577,54.107,54.45,117447.36
1786131000000,54.449,54.574,54.369,54.519,17643.4
1786131900000,54.52,54.583,54.422,54.583,32118.36
1786132800000,54.583,54.591,54.259,54.515,31778.8
1786133700000,54.515,54.566,54.415,54.449,24788.36
1786134600000,54.45,54.489,54.264,54.301,99337.02
1786135500000,54.3,54.376,54.271,54.308,21204.19
1786136400000,54.314,54.373,54.222,54.284,40084.43
1786137300000,54.296,54.317,54.17,54.236,32626.95
1786138200000,54.227,54.271,54.1,54.113,38557.52
1786139100000,54.114,54.2,53.971,54.008,72659.67
1786140000000,54.008,54.176,53.932,54.122,41771.34
1786140900000,54.13,54.345,54.125,54.224,54599.3
1786141800000,54.222,54.222,54.042,54.079,24431.29
1786142700000,54.079,54.189,54.048,54.168,20536.55
1786143600000,54.168,54.186,54.071,54.102,10729.18
1786144500000,54.102,54.132,53.892,53.903,47906.2
1786145400000,53.902,54.136,53.801,54.136,27827.72
1786146300000,54.135,54.161,54.028,54.064,9951.98
1786147200000,54.063,54.141,54,54.124,21991.27
1786148100000,54.127,54.162,54.047,54.082,11491.73
1786149000000,54.081,54.111,53.838,53.865,37626.53
1786149900000,53.866,54.03,53.866,53.962,9665.79
1786150800000,53.963,54.146,53.935,54.115,15122.67
1786151700000,54.114,54.194,54.06,54.121,17925.1
1786152600000,54.121,54.247,54.121,54.22,13205.87
1786153500000,54.219,54.22,54.107,54.162,16206.23
1786154400000,54.162,54.231,54.133,54.149,12335.49
1786155300000,54.149,54.152,53.956,54.025,11141.62
1786156200000,54.025,54.12,54.004,54.05,12485.53
1786157100000,54.05,54.152,54.022,54.108,8313.73
1786158000000,54.107,54.216,54.101,54.169,6050.8
1786158900000,54.171,54.36,54.17,54.338,32482.24
1786159800000,54.336,54.381,54.298,54.316,17390.1
1786160700000,54.315,54.373,54.275,54.319,3923.86
1786161600000,54.33,54.382,54.18,54.227,19647.74
1786162500000,54.226,54.279,54.158,54.264,9686.36
1786163400000,54.263,54.407,54.254,54.362,28556.36
1786164300000,54.363,54.372,54.199,54.212,8659.64
1786165200000,54.212,54.27,54.121,54.244,21699.32
1786166100000,54.243,54.319,54.243,54.268,2996.71
1786167000000,54.267,54.389,54.246,54.374,18442.88
1786167900000,54.375,54.411,54.341,54.396,6473.74
1786168800000,54.396,54.411,54.385,54.408,8519.73
1786169700000,54.409,54.411,54.34,54.411,6771.25
1786170600000,54.41,54.411,54.32,54.395,3973.67
1786171500000,54.392,54.399,54.317,54.34,7088.67
1786172400000,54.34,54.342,54.255,54.256,8641.57
1786173300000,54.256,54.363,54.251,54.317,10986.22
1786174200000,54.314,54.363,54.305,54.331,5866.44
1786175100000,54.33,54.389,54.329,54.373,3858.37
1786176000000,54.374,54.39,54.333,54.372,1691.3
1786176900000,54.372,54.4,54.358,54.367,13255.8
1786177800000,54.365,54.416,54.349,54.407,18153.69
1786178700000,54.404,54.639,54.404,54.619,124198.54
1786179600000,54.619,54.7,54.568,54.619,32072.19
1786180500000,54.619,54.766,54.599,54.729,19394.67
1786181400000,54.727,54.736,54.649,54.689,8338.76
1786182300000,54.688,54.692,54.552,54.595,22964.48
1786183200000,54.595,54.77,54.595,54.748,20913.16
1786184100000,54.749,54.775,54.692,54.739,15840.5
1786185000000,54.738,54.771,54.701,54.757,9255.13
1786185900000,54.756,54.81,54.641,54.79,13687.85
1786186800000,54.791,54.82,54.705,54.785,9174.49
1786187700000,54.785,54.785,54.538,54.586,15528.86
1786188600000,54.587,54.615,54.495,54.501,20463.77
1786189500000,54.502,54.587,54.473,54.512,20625.09
1786190400000,54.513,54.522,54.338,54.461,44043.31
1786191300000,54.461,54.517,54.394,54.51,3232.79
1786192200000,54.511,54.57,54.497,54.57,5180.92
1786193100000,54.564,54.61,54.5,54.61,15197.84
1786194000000,54.609,54.708,54.594,54.699,16460.92
1786194900000,54.698,54.719,54.361,54.409,18276.17
1786195800000,54.409,54.475,54.361,54.46,16529.95
1786196700000,54.46,54.461,54.334,54.349,5982.45
1786197600000,54.344,54.424,54.315,54.418,8922.84
1786198500000,54.417,54.612,54.397,54.569,22766.08
1786199400000,54.567,54.593,54.437,54.468,12567.89
1786200300000,54.467,54.701,54.467,54.615,23624.4
1786201200000,54.614,54.952,54.614,54.707,66065.93
1786202100000,54.706,54.759,54.66,54.708,16300.75
1786203000000,54.707,54.785,54.631,54.785,14358.53
1786203900000,54.784,54.795,54.694,54.727,5834.82
1786204800000,54.726,54.882,54.722,54.792,16078.2
1786205700000,54.795,54.851,54.729,54.75,14875.27
1786206600000,54.749,54.889,54.697,54.822,15402.58
1786207500000,54.821,55.005,54.821,55.005,28368.29
1786208400000,55.004,55.148,54.923,55.135,45267.15
1786209300000,55.134,55.155,54.853,54.901,52522.5
1786210200000,54.892,55.114,54.821,55.114,19959.46
1786211100000,55.113,55.114,54.939,54.979,24040.96
1786212000000,54.978,55.009,54.814,54.89,20787.57
1786212900000,54.883,54.895,54.787,54.824,9824.82
1786213800000,54.823,54.842,54.676,54.775,16998.34
1786214700000,54.774,54.808,54.662,54.784,11288.25
1786215600000,54.783,54.832,54.722,54.758,9729.49
1786216500000,54.759,54.84,54.721,54.819,6382.87
1786217400000,54.818,54.902,54.809,54.902,8902.75
1786218300000,54.901,54.972,54.889,54.921,11176.32
1786219200000,54.92,55.075,54.91,55.064,13990.49
1786220100000,55.063,55.16,55.027,55.097,23180.36
1786221000000,55.096,55.225,55.096,55.191,16202.76
1786221900000,55.191,55.22,55.059,55.121,14754.64
1786222800000,55.12,55.148,54.991,55.026,12048.44
1786223700000,55.025,55.114,55.005,55.062,6110.45
1786224600000,55.062,55.2,55.062,55.179,8467.14
1786225500000,55.178,55.183,55.05,55.128,13488.99
1786226400000,55.131,55.135,54.952,54.952,11711.55
1786227300000,54.951,55.007,54.921,54.953,21645.88
1786228200000,54.962,55.029,54.95,54.97,2545.64
1786229100000,54.967,55.019,54.875,54.989,12172.46
1786230000000,54.99,55.031,54.954,54.983,6468.78
1786230900000,54.983,55.017,54.925,55.01,16284.75
1786231800000,55.01,55.123,55.005,55.08,7842.29
1786232700000,55.081,55.104,55.056,55.074,8068.53
1786233600000,55.073,55.097,55.041,55.057,7796.92
1786234500000,55.057,55.098,55.044,55.087,4755.59
1786235400000,55.087,55.107,55.058,55.105,7834.24
1786236300000,55.105,55.182,55.093,55.134,21782.31
1786237200000,55.135,55.282,55.134,55.236,14929.96
1786238100000,55.235,55.27,55.05,55.05,7231.82
1786239000000,55.051,55.1,54.985,55.044,10568.74
1786239900000,55.045,55.202,55.044,55.125,6209.42
1786240800000,55.128,55.2,55.104,55.189,6084.64
1786241700000,55.19,55.19,54.955,54.96,24118.26
1786242600000,54.955,55.017,54.85,54.86,21764.78
1786243500000,54.861,54.945,54.776,54.841,14924.7
1786244400000,54.841,54.888,54.726,54.726,6762.9
1786245300000,54.725,54.867,54.72,54.845,9266.02
1786246200000,54.845,54.859,54.718,54.723,3781.71
1786247100000,54.723,54.735,54.607,54.71,11428.68
1786248000000,54.709,54.735,54.515,54.688,30969.04
1786248900000,54.687,54.989,54.687,54.956,25647.41
1786249800000,54.959,54.972,54.796,54.825,14840.35
1786250700000,54.825,54.862,54.759,54.773,4275.68
1786251600000,54.784,54.839,54.759,54.781,5109.2
1786252500000,54.784,54.826,54.719,54.72,7443.67
1786253400000,54.72,54.745,54.594,54.62,9170.07
1786254300000,54.62,54.702,54.54,54.668,8958.43
1786255200000,54.667,54.724,54.619,54.657,8121.27
1786256100000,54.655,54.708,54.563,54.624,4967.17
1786257000000,54.615,54.7,54.601,54.638,3385.68
1786257900000,54.626,54.771,54.577,54.716,9348.83
1786258800000,54.714,54.744,54.623,54.743,8132.65
1786259700000,54.743,54.773,54.713,54.766,4303.61
1786260600000,54.766,54.787,54.712,54.773,3185.63
1786261500000,54.773,54.777,54.645,54.754,4474.43
1786262400000,54.747,54.898,54.709,54.749,9602.13
1786263300000,54.749,54.749,54.6,54.601,9045.45
1786264200000,54.601,54.637,54.405,54.447,18258.76
1786265100000,54.444,54.598,54.444,54.591,3007.55
1786266000000,54.591,54.679,54.567,54.662,3850.98
1786266900000,54.655,54.68,54.424,54.425,4222.82
1786267800000,54.425,54.568,54.425,54.514,3560.94
1786268700000,54.514,54.604,54.465,54.555,27004.52
1786269600000,54.555,54.595,54.451,54.595,10974.58
1786270500000,54.59,54.612,54.538,54.563,6963.7
1786271400000,54.563,54.607,54.533,54.544,11369.95
1786272300000,54.539,54.565,54.464,54.483,6772.42
1786273200000,54.487,54.522,54.414,54.45,8531.35
1786274100000,54.449,54.505,54.402,54.483,5865.54
1786275000000,54.484,54.51,54.196,54.241,67153.48
1786275900000,54.24,54.263,54.057,54.227,41599.17
1786276800000,54.217,54.278,54.09,54.278,12516
1786277700000,54.271,54.271,54.181,54.242,3093.11
1786278600000,54.239,54.268,54.179,54.179,7068.12
1786279500000,54.179,54.2,54.126,54.126,7690.24
1786280400000,54.127,54.402,54.126,54.363,15825.51
1786281300000,54.363,54.513,54.363,54.506,22060.29
1786282200000,54.503,54.535,54.422,54.446,16126.14
1786283100000,54.441,54.544,54.421,54.464,13955.13
1786284000000,54.475,54.716,54.4,54.688,31805.68
1786284900000,54.688,54.688,54.448,54.483,29042.72
1786285800000,54.483,54.584,54.429,54.558,8064.01
1786286700000,54.558,54.639,54.528,54.628,5202.72
1786287600000,54.626,54.692,54.578,54.656,28822.19
1786288500000,54.654,54.68,54.488,54.547,7981.62
1786289400000,54.547,54.72,54.547,54.698,17671.65
1786290300000,54.697,54.917,54.672,54.815,45051.23
1786291200000,54.821,54.997,54.789,54.867,25075.96
1786292100000,54.867,54.933,54.74,54.812,10533.61
1786293000000,54.824,54.866,54.773,54.817,10426.56
1786293900000,54.817,54.978,54.812,54.857,14338.67
1786294800000,54.841,54.959,54.823,54.931,11460.91
1786295700000,54.916,54.936,54.849,54.862,6956.21
1786296600000,54.862,54.887,54.756,54.788,13394.28
1786297500000,54.78,54.789,54.656,54.685,13509.23
1786298400000,54.696,54.758,54.689,54.711,4253.93
1786299300000,54.711,54.779,54.654,54.774,3626.45
1786300200000,54.774,54.774,54.677,54.75,4224.64
1786301100000,54.75,54.759,54.537,54.615,9990.99
1786302000000,54.599,54.631,54.536,54.537,5626.2
1786302900000,54.536,54.645,54.52,54.641,10199.9
1786303800000,54.64,54.684,54.587,54.656,4224.18
1786304700000,54.657,54.708,54.63,54.657,5082.86
1786305600000,54.657,54.733,54.593,54.602,10659.86
1786306500000,54.603,54.726,54.576,54.724,9177.09
1786307400000,54.722,54.746,54.714,54.743,5497.56
1786308300000,54.739,54.813,54.66,54.665,8404.61
1786309200000,54.665,54.678,54.425,54.43,33649.05
1786310100000,54.442,54.498,54.42,54.427,12592.9
1786311000000,54.422,54.469,54.378,54.392,14440.44
1786311900000,54.393,54.421,54.308,54.355,17225.92
1786312800000,54.363,54.573,54.303,54.56,94782.21
1786313700000,54.56,54.595,54.376,54.376,29935.4
1786314600000,54.376,54.388,53.826,53.876,126082.81
1786315500000,53.879,54.099,53.79,54.043,55695.25
1786316400000,54.02,54.137,53.884,53.884,18828.92
1786317300000,53.895,53.974,53.712,53.786,39583.86
1786318200000,53.787,53.972,53.721,53.873,23074.07
1786319100000,53.874,53.936,53.706,53.83,42076.58
1786320000000,53.822,54.215,53.774,54.128,45185.6
1786320900000,54.129,54.165,53.856,53.927,33407.09
1786321800000,53.912,53.978,53.799,53.841,15724.77
1786322700000,53.847,54.1,53.837,54.003,25011.08
1786323600000,53.987,54.073,53.887,54.03,12126.51
1786324500000,54.034,54.085,53.9,53.9,9579.09
1786325400000,53.9,53.993,53.863,53.942,7068.03
1786326300000,53.945,54.43,53.88,54.38,25481.38
1786327200000,54.38,54.406,54.196,54.265,15003.81
1786328100000,54.251,54.251,54.08,54.137,7498.04
1786329000000,54.145,54.495,54.114,54.491,27467.47
1786329900000,54.494,54.494,54.324,54.325,11506.37
1786330800000,54.325,54.395,54.149,54.149,14967.13
1786331700000,54.149,54.354,54.12,54.215,8338.87
1786332600000,54.212,54.329,54.202,54.203,20120.85
1786333500000,54.204,54.229,53.987,54.061,19501.74
1786334400000,54.068,54.183,54.036,54.183,6944.9
1786335300000,54.188,54.203,54.045,54.048,28294.96
1786336200000,54.048,54.118,53.916,54.034,14157.79
1786337100000,54.035,54.129,53.897,53.935,7896.62
1786338000000,53.936,54.1,53.93,54.043,6777.54
1786338900000,54.051,54.128,54.031,54.072,5912.6
1786339800000,54.072,54.167,54.043,54.14,5822.46
1786340700000,54.143,54.288,54.119,54.263,20798.23
1786341600000,54.259,54.281,54.142,54.189,14986.56
1786342500000,54.19,54.239,54.055,54.075,28212.23
1786343400000,54.088,54.454,54.088,54.454,36084.24
1786344300000,54.446,54.677,54.441,54.671,71633.78
1786345200000,54.671,54.732,54.617,54.62,52961.56
1786346100000,54.62,54.699,54.605,54.677,18616.95
1786347000000,54.677,54.73,54.616,54.696,11064.32
1786347900000,54.697,54.802,54.662,54.735,37967.49
1786348800000,54.74,54.837,54.665,54.716,18932.42
1786349700000,54.717,54.853,54.694,54.759,15320.94
1786350600000,54.759,54.829,54.64,54.72,27351.92
1786351500000,54.72,54.75,54.649,54.721,18258.9
1786352400000,54.721,54.732,54.616,54.632,12004.8
1786353300000,54.631,54.673,54.604,54.651,8467.81
1786354200000,54.651,54.651,54.545,54.551,49338.41
1786355100000,54.557,54.56,54.462,54.463,27245.12
1786356000000,54.462,54.471,54.343,54.394,19261
1786356900000,54.392,54.537,54.379,54.431,5076.15
1786357800000,54.434,54.512,54.414,54.465,5696.19
1786358700000,54.465,54.528,54.448,54.459,5266.35
1786359600000,54.46,54.466,54.228,54.359,43942.19
1786360500000,54.36,54.713,54.359,54.656,26622.09
1786361400000,54.657,54.713,54.606,54.626,7990.57
1786362300000,54.626,54.765,54.564,54.762,20793.22
1786363200000,54.765,55.19,54.736,55.097,65617.25
1786364100000,55.097,55.244,54.961,54.961,43689.78
1786365000000,54.969,55.01,54.872,54.992,10562.04
1786365900000,54.992,54.992,54.642,54.705,28693.11
1786366800000,54.717,54.743,54.617,54.674,11138.07
1786367700000,54.683,54.726,54.556,54.675,16134.34
1786368600000,54.677,54.915,54.426,54.542,46633.58
1786369500000,54.536,54.709,54.303,54.606,83806.91
1786370400000,54.601,54.85,54.586,54.825,44398.32
1786371300000,54.821,54.889,54.557,54.654,50619.03
1786372200000,54.651,54.729,54.5,54.58,32858.57
1786373100000,54.58,54.649,54.282,54.327,40856
1786374000000,54.328,54.523,54.19,54.229,80303.32
1786374900000,54.227,54.392,54.09,54.198,71272.52
1786375800000,54.197,54.272,53.992,54.225,73281.49
1786376700000,54.222,54.367,54.153,54.305,32825.12
1786377600000,54.305,54.425,54.272,54.329,24436.86
1786378500000,54.33,54.352,54.177,54.18,17388.75
1786379400000,54.179,54.252,54.049,54.073,15638.71
1786380300000,54.071,54.242,53.947,54.224,53647.07
1786381200000,54.227,55.074,54.182,54.951,117540.01
1786382100000,54.952,54.971,54.718,54.813,28574.66
1786383000000,54.812,55.173,54.786,54.999,76536.67
1786383900000,55,55.047,54.879,54.972,65578.45
1786384800000,54.973,55.103,54.89,55.086,32812
1786385700000,55.079,55.465,55.014,55.32,56682.69
1786386600000,55.321,55.401,55.001,55.161,61169.37
1786387500000,55.161,55.192,54.777,54.921,59088.73
1786388400000,54.917,55.218,54.891,55.194,26277.51
1786389300000,55.194,55.682,55.194,55.635,98621.83
1786390200000,55.635,55.754,55.516,55.696,78692.32
1786391100000,55.687,55.855,55.641,55.855,56785.94
1786392000000,55.828,56.079,55.69,55.757,102725.07
1786392900000,55.756,55.766,55.511,55.559,38464.89
1786393800000,55.558,55.6,55.398,55.499,32486.61
1786394700000,55.5,55.579,55.405,55.441,13351.95
1786395600000,55.44,55.544,55.3,55.304,17400.73
1786396500000,55.312,55.373,55.203,55.303,31390.21
1786397400000,55.303,55.413,55.25,55.317,8879.89
1786398300000,55.314,55.349,55.149,55.218,16117.75
1786399200000,55.221,55.389,55.151,55.353,10044.63
1786400100000,55.356,55.358,55.116,55.188,7193.78
1786401000000,55.187,55.187,55.036,55.128,16383.59
1786401900000,55.119,55.211,55.087,55.179,5891.22
1786402800000,55.179,55.191,55.048,55.112,7936.99
1786403700000,55.111,55.148,55.012,55.121,7351.07
1786404600000,55.121,55.121,54.981,55.075,13722.24
1786405500000,55.074,55.1,55.007,55.049,7702.43
1786406400000,55.049,55.061,54.915,55.006,27261.01
1786407300000,55.012,55.012,54.89,54.944,9453.57
1786408200000,54.95,54.962,54.86,54.884,11722.77
1786409100000,54.887,54.917,54.83,54.872,6613.86
1786410000000,54.871,54.915,54.765,54.893,14975.7
1786410900000,54.893,55.429,54.863,55.168,71294.4
1786411800000,55.167,55.388,55.018,55.388,79247.49
1786412700000,55.387,55.487,55.259,55.371,69928.91
1786413600000,55.36,55.392,55.183,55.207,11594.79
1786414500000,55.207,55.31,55.191,55.239,3827.6
1786415400000,55.239,55.24,55.154,55.193,4415.27
1786416300000,55.192,55.232,55.153,55.221,4263.91
1786417200000,55.225,55.307,55.217,55.26,3086.39
1786418100000,55.26,55.374,55.243,55.253,10313.83
1786419000000,55.253,55.395,55.23,55.376,15157.29
1786419900000,55.384,55.45,55.281,55.395,9315.81
1786420800000,55.393,55.477,55.356,55.426,32845.04
1786421700000,55.426,55.52,55.405,55.5,8539.81
1786422600000,55.504,55.615,55.438,55.472,25991.53
1786423500000,55.471,55.587,55.471,55.559,11453.64
1786424400000,55.551,55.562,55.362,55.438,4307.42
1786425300000,55.441,55.443,55.241,55.324,8968.7
1786426200000,55.331,55.385,55.281,55.345,4157.03
1786427100000,55.345,55.355,55.258,55.323,5264.61
1786428000000,55.324,55.489,55.291,55.456,6830.95
1786428900000,55.456,55.474,55.328,55.365,11665.25
1786429800000,55.366,55.366,55.219,55.22,7603.43
1786430700000,55.221,55.269,55,55.091,17363.4
1786431600000,55.095,55.15,55.018,55.048,7992.16
1786432500000,55.049,55.049,54.8,54.819,32175.8
1786433400000,54.818,55.053,54.81,54.96,15248.88
1786434300000,54.96,55.049,54.9,55.043,10458.84
1786435200000,55.05,55.082,54.985,55.018,5930.85
1786436100000,55.017,55.034,54.882,55.001,9304.18
1786437000000,55.005,55.013,54.928,54.94,9120.95
1786437900000,54.941,55.204,54.884,55.176,15102.75
1786438800000,55.181,55.231,55.085,55.209,7997.85
1786439700000,55.205,55.27,55.176,55.21,19407.13
1786440600000,55.207,55.307,55.176,55.299,8604.76
1786441500000,55.301,55.317,55.197,55.244,7539.4
1786442400000,55.252,55.272,55.124,55.132,11408.73
1786443300000,55.132,55.21,55.058,55.188,10700.81
1786444200000,55.188,55.196,55.067,55.07,14740.7
1786445100000,55.069,55.167,55.053,55.141,8191.59
1786446000000,55.14,55.385,55.14,55.261,21635.8
1786446900000,55.26,55.329,55.146,55.283,14886.1
1786447800000,55.282,55.32,55.234,55.248,11653.11
1786448700000,55.249,55.349,55.227,55.304,4896.84
1786449600000,55.304,55.344,55.197,55.234,9912.59
1786450500000,55.234,55.259,54.897,54.923,54069.56
1786451400000,54.923,55.011,54.877,54.993,16051.01
1786452300000,54.994,55.038,54.903,54.943,7372.02
1786453200000,54.944,55.074,54.894,54.895,10990.22
1786454100000,54.895,54.926,54.764,54.926,42287.92
1786455000000,54.926,55.047,54.85,54.933,14970.26
1786455900000,54.933,54.949,54.556,54.707,59394.39
1786456800000,54.707,54.707,54.292,54.351,70660.95
1786457700000,54.351,54.553,54.349,54.483,51559.22
1786458600000,54.482,54.483,54.204,54.269,52166.85
1786459500000,54.272,54.419,54.254,54.325,31994.26
1786460400000,54.325,54.465,54.311,54.334,27414.59
1786461300000,54.33,54.349,54.214,54.271,33889.07
1786462200000,54.271,54.274,53.794,54.043,151540.2
1786463100000,54.043,54.172,53.737,53.879,150314.4
1786464000000,53.878,54.041,53.79,54.005,70180.72
1786464900000,54.009,54.062,53.959,53.997,27064.05
1786465800000,53.997,54.027,53.81,53.834,28440.95
1786466700000,53.834,53.976,53.78,53.911,44116.03
1786467600000,53.92,53.964,53.769,53.838,31459.43
1786468500000,53.842,53.957,53.783,53.932,31536.98
1786469400000,53.932,53.946,53.85,53.915,9633.18
1786470300000,53.913,54.039,53.896,53.946,23262.52
1786471200000,53.946,54.281,53.925,54.198,58897.03
1786472100000,54.196,54.2,54.027,54.049,12769.15
1786473000000,54.048,54.167,54.023,54.127,15002.43
1786473900000,54.128,54.14,54.047,54.07,12865.56
1786474800000,54.065,54.065,53.758,53.869,60529.89
1786475700000,53.869,54.151,53.869,54.145,24436.6
1786476600000,54.147,54.395,54.129,54.395,33122.76
1786477500000,54.395,54.584,54.299,54.519,49703.35
1786478400000,54.521,54.7,54.443,54.484,53815.99
1786479300000,54.484,54.546,54.443,54.517,21711.91
1786480200000,54.523,54.61,54.483,54.496,21317.61
1786481100000,54.496,54.715,54.412,54.621,35956.15
1786482000000,54.622,54.665,54.518,54.527,17745.71
1786482900000,54.524,54.574,54.412,54.412,15984.62
1786483800000,54.424,54.638,54.424,54.638,16397.51
1786484700000,54.638,54.727,54.597,54.608,14332.35
1786485600000,54.608,54.733,54.608,54.617,11743.66
1786486500000,54.618,54.636,54.457,54.499,13062.84
1786487400000,54.499,54.528,54.385,54.386,10479.46
1786488300000,54.386,54.394,54.302,54.333,12637.95
1786489200000,54.333,54.367,54.233,54.326,16612.25
1786490100000,54.329,54.516,54.292,54.471,12205.14
1786491000000,54.47,54.544,54.456,54.521,9907.97
1786491900000,54.52,54.521,54.47,54.47,9703.24
1786492800000,54.47,54.47,54.335,54.38,12371.02
1786493700000,54.383,54.512,54.336,54.471,14369.66
1786494600000,54.472,54.527,54.416,54.503,7603.79
1786495500000,54.503,54.589,54.316,54.36,37755.33
1786496400000,54.36,54.516,54.349,54.395,32529.98
1786497300000,54.397,54.423,54.3,54.317,6520.19
1786498200000,54.311,54.584,54.264,54.548,104694.37
1786499100000,54.551,54.7,54.507,54.521,22507.56
1786500000000,54.521,54.646,54.521,54.545,12201.24
1786500900000,54.546,54.58,54.435,54.576,19687.05
1786501800000,54.576,54.638,54.528,54.57,9538.65
1786502700000,54.57,54.593,54.501,54.515,10257.97
1786503600000,54.516,54.575,54.479,54.538,3415.94
1786504500000,54.521,54.629,54.494,54.619,14919.21
1786505400000,54.615,54.752,54.581,54.708,9739.21
1786506300000,54.708,54.708,54.614,54.619,6767.39
1786507200000,54.621,54.8,54.614,54.752,6626.98
1786508100000,54.751,54.757,54.462,54.467,30346.19
1786509000000,54.467,54.5,54.398,54.479,17075.67
1786509900000,54.48,54.563,54.471,54.474,5570.41
1786510800000,54.475,54.596,54.43,54.584,12204.73
1786511700000,54.583,54.603,54.508,54.53,3777.66
1786512600000,54.53,54.571,54.501,54.504,6079.48
1786513500000,54.502,54.633,54.47,54.621,3906.41
1786514400000,54.613,54.789,54.594,54.747,14787.48
1786515300000,54.747,54.893,54.705,54.858,21258.13
1786516200000,54.858,54.859,54.679,54.73,15362.86
1786517100000,54.73,54.816,54.686,54.788,6884.47
1786518000000,54.787,55.195,54.787,55.105,70492.81
1786518900000,55.105,55.181,55.068,55.08,9318.65
1786519800000,55.08,55.137,55.016,55.021,14420.91
1786520700000,55.02,55.134,54.942,55.122,13159.21
1786521600000,55.123,55.168,55.033,55.049,16139.04
1786522500000,55.05,55.052,54.906,54.948,16430.77
1786523400000,54.949,54.949,54.858,54.86,4042.99
1786524300000,54.861,55.023,54.86,55,9364.08
1786525200000,54.998,54.999,54.865,54.949,4442.32
1786526100000,54.952,55.167,54.889,55.164,8928.82
1786527000000,55.165,55.327,55.13,55.327,42878.64
1786527900000,55.327,55.355,55.268,55.295,15128.76
1786528800000,55.295,55.386,55.213,55.247,12471.74
1786529700000,55.247,55.349,55.158,55.259,12425.43
1786530600000,55.257,55.492,55.244,55.492,27409.48
1786531500000,55.492,55.51,55.421,55.496,30403.92
1786532400000,55.496,55.598,55.487,55.555,32716.95
1786533300000,55.561,55.764,55.553,55.743,46385.66
1786534200000,55.751,55.751,55.575,55.627,21602.77
1786535100000,55.626,55.762,55.626,55.742,13145.29
1786536000000,55.742,55.868,55.73,55.82,25506.42
1786536900000,55.819,55.966,55.79,55.869,49468.32
1786537800000,55.867,55.94,55.494,55.622,92781.14
1786538700000,55.629,55.78,55.472,55.78,39042.97
1786539600000,55.779,56.353,55.724,56.139,149070.37
1786540500000,56.138,56.392,56.112,56.392,44282.72
1786541400000,56.392,56.4,55.809,55.923,108123.33
1786542300000,55.923,56.203,55.85,55.972,36342.64
1786543200000,55.964,56.006,55.669,55.866,100312.49
1786544100000,55.855,55.896,55.393,55.561,129927.02
1786545000000,55.553,55.96,55.444,55.93,143365.62
1786545900000,55.931,56.014,55.811,55.826,67363.59
1786546800000,55.821,55.912,55.791,55.892,32031.51
1786547700000,55.892,56.085,55.835,55.92,53896.53
1786548600000,55.925,56.376,55.912,56.343,70810.14
1786549500000,56.343,56.564,56.273,56.52,118985.46
1786550400000,56.52,56.612,56.284,56.343,55051.25
1786551300000,56.349,56.398,56.252,56.378,29416.1
1786552200000,56.379,56.475,56.28,56.38,22534.52
1786553100000,56.379,56.587,56.331,56.587,27757.69
1786554000000,56.587,56.648,56.461,56.473,17986.62
1786554900000,56.472,56.629,56.409,56.587,15266
1786555800000,56.588,56.881,56.549,56.717,64133.24
1786556700000,56.725,56.913,56.65,56.849,21167.78
1786557600000,56.839,56.907,56.678,56.679,31860.96
1786558500000,56.681,56.696,56.306,56.492,130980.94
1786559400000,56.504,56.801,56.436,56.586,82194.14
1786560300000,56.577,56.6,56.489,56.567,16895.62
1786561200000,56.567,56.651,56.377,56.421,18141.64
1786562100000,56.421,56.52,56.296,56.402,16618.66
1786563000000,56.404,56.45,56.162,56.205,42027.89
1786563900000,56.204,56.271,56.131,56.201,20179.38
1786564800000,56.201,56.381,56.185,56.291,16676.19
1786565700000,56.291,56.292,56.125,56.206,10623.43
1786566600000,56.206,56.306,56.206,56.221,7456.44
1786567500000,56.221,56.25,56.108,56.192,12317.9
1786568400000,56.191,56.241,56.1,56.17,15147.08
1786569300000,56.167,56.193,56.024,56.069,15248.6
1786570200000,56.065,56.198,56,56.173,12108.32
1786571100000,56.177,56.231,56.034,56.035,13669.59
1786572000000,56.034,56.322,56.032,56.314,17199.27
1786572900000,56.314,56.444,56.071,56.075,50092.12
1786573800000,56.075,56.078,55.901,55.97,68070.26
1786574700000,55.97,56.08,55.969,56.08,13227.5
1786575600000,56.079,56.079,55.955,56.056,12653.84
1786576500000,56.056,56.08,55.896,56.038,9714.47
1786577400000,56.038,56.115,55.904,56.061,11431.43
1786578300000,56.057,56.073,55.996,56.03,8366.47
1786579200000,56.031,56.351,55.991,56.309,16683.5
1786580100000,56.309,56.45,56.278,56.431,26412.32
1786581000000,56.44,56.451,56.273,56.273,6892.3
1786581900000,56.273,56.481,56.255,56.397,9005.34
1786582800000,56.397,56.407,56.304,56.347,7511.47
1786583700000,56.347,56.347,56.157,56.24,20997.2
1786584600000,56.258,56.501,56.226,56.282,176061.26
1786585500000,56.282,56.362,56.221,56.301,7427.2
1786586400000,56.301,56.499,56.295,56.421,15104.14
1786587300000,56.42,56.579,56.37,56.508,22593.47
1786588200000,56.506,56.561,56.265,56.556,26229.89
1786589100000,56.556,56.624,56.466,56.487,16641.09
1786590000000,56.487,56.58,56.45,56.536,14725.99
1786590900000,56.535,56.633,56.509,56.618,38018.3
1786591800000,56.62,56.642,56.497,56.508,11919.96
1786592700000,56.511,56.593,56.384,56.437,8845.36
1786593600000,56.438,56.751,56.365,56.711,41212.25
1786594500000,56.708,56.756,56.591,56.648,10629.68
1786595400000,56.648,56.895,56.6,56.747,17115.76
1786596300000,56.749,56.897,56.604,56.769,42305.66
1786597200000,56.767,57,56.761,56.821,42776.52
1786598100000,56.821,57.383,56.801,57.353,107202.74
1786599000000,57.354,57.357,56.974,57.013,36576.62
1786599900000,57.004,57.335,57.004,57.194,22098.88
1786600800000,57.194,57.282,57.145,57.216,11796.37
1786601700000,57.217,57.27,57.148,57.202,12411.52
1786602600000,57.203,57.316,57.168,57.31,13124.76
1786603500000,57.311,57.383,57.159,57.365,18172.73
1786604400000,57.366,57.476,57.302,57.403,52156.19
1786605300000,57.4,57.43,57.29,57.399,10270.68
1786606200000,57.4,57.44,57.252,57.307,31543.16
1786607100000,57.309,57.424,57.253,57.304,7562.01
1786608000000,57.305,57.381,57.028,57.048,34635.13
1786608900000,57.049,57.229,56.805,56.827,71264.45
1786609800000,56.827,56.99,56.827,56.954,12881.26
1786610700000,56.959,57.087,56.886,57.087,14489.83
1786611600000,57.088,57.098,56.88,56.892,11351.69
1786612500000,56.892,57.08,56.891,57.016,8215.68
1786613400000,57.03,57.568,56.972,57.544,170853.97
1786614300000,57.543,57.755,57.515,57.734,105866
1786615200000,57.735,57.751,57.541,57.55,39495.96
1786616100000,57.551,57.629,57.515,57.551,43264.6
1786617000000,57.551,57.554,57.444,57.512,28285.56
1786617900000,57.512,57.545,57.422,57.435,21206
1786618800000,57.437,57.466,57.35,57.447,40042.55
1786619700000,57.447,57.471,57.182,57.182,77196.05
1786620600000,57.183,57.221,56.951,57.045,83617.74
1786621500000,57.045,57.12,56.99,57.037,18173.46
1786622400000,57.037,57.24,56.99,57.168,26390.13
1786623300000,57.167,57.439,57.139,57.351,30334.92
1786624200000,57.347,57.648,57.154,57.562,43010.33
1786625100000,57.562,57.686,57.466,57.662,25732.57
1786626000000,57.662,57.685,57.578,57.659,18823.07
1786626900000,57.659,57.712,57.392,57.434,36741.81
1786627800000,57.43,58.029,57.409,58.023,128550.76
1786628700000,58.024,58.048,57.509,57.638,88204.95
1786629600000,57.638,57.965,57.492,57.816,56698.49
1786630500000,57.816,58.175,57.804,58.119,73476.17
1786631400000,58.115,58.345,58.034,58.199,82617.88
1786632300000,58.199,58.275,58.112,58.163,54810.42
1786633200000,58.163,58.307,58.048,58.11,53180.16
1786634100000,58.11,58.5,57.944,57.947,130789.67
1786635000000,57.951,58.259,57.786,58.177,85696.11
1786635900000,58.177,58.18,57.774,57.786,81652.87
1786636800000,57.789,58.025,57.674,57.732,40057.2
1786637700000,57.732,57.955,57.591,57.646,67663.97
1786638600000,57.646,57.77,57.304,57.545,134594.64
1786639500000,57.545,57.843,57.395,57.512,91462.08
1786640400000,57.518,57.671,57.475,57.641,14106.88
1786641300000,57.641,57.739,57.522,57.635,17429.32
1786642200000,57.636,57.779,57.558,57.753,20972.7
1786643100000,57.753,57.784,57.369,57.385,61303.07
1786644000000,57.385,57.634,57.385,57.576,15427.12
1786644900000,57.58,57.709,57.571,57.599,24754.51
1786645800000,57.597,57.68,57.381,57.662,17960.33
1786646700000,57.657,57.809,57.65,57.757,22729.86
1786647600000,57.757,57.921,57.722,57.736,20703.08
1786648500000,57.736,57.738,57.588,57.619,21454.83
1786649400000,57.624,57.631,57.471,57.521,20327.82
1786650300000,57.521,57.549,57.409,57.438,14662.93
1786651200000,57.443,57.45,57,57.155,94703.05
1786652100000,57.155,57.545,57.121,57.545,49158.38
1786653000000,57.545,57.545,57.392,57.416,7678.47
1786653900000,57.416,57.466,57.295,57.424,14807.45
1786654800000,57.424,57.572,57.395,57.512,19069.96
1786655700000,57.504,57.569,57.42,57.569,17349.08
1786656600000,57.57,57.595,57.289,57.3,28640.23
1786657500000,57.3,57.303,57.02,57.152,65808.45
1786658400000,57.152,57.384,57.144,57.369,17515.98
1786659300000,57.369,57.6,57.369,57.545,40480.18
1786660200000,57.545,57.601,57.527,57.528,6453
1786661100000,57.528,57.529,57.371,57.39,11841.17
1786662000000,57.39,57.433,57.371,57.42,5690.65
1786662900000,57.417,57.427,57.33,57.337,5461.5
1786663800000,57.337,57.394,57.242,57.386,30114.79
1786664700000,57.375,57.489,57.363,57.464,30651.66
1786665600000,57.464,57.572,57.425,57.459,27566.16
1786666500000,57.459,57.573,57.427,57.433,38996.53
1786667400000,57.433,57.595,57.355,57.564,16664.42
1786668300000,57.564,57.569,57.462,57.566,7441.84
1786669200000,57.568,57.601,57.431,57.437,27570.84
1786670100000,57.437,57.469,57.39,57.392,6925.34
1786671000000,57.392,57.403,57.218,57.325,15152.26
1786671900000,57.325,57.365,57.159,57.203,43368.73
1786672800000,57.203,57.325,57.201,57.223,5686.55
1786673700000,57.229,57.299,57.112,57.143,14305.37
1786674600000,57.143,57.261,57.099,57.138,13229.06
1786675500000,57.138,57.178,57.019,57.025,10913.04
1786676400000,57.025,57.072,56.808,56.887,57747.7
1786677300000,56.886,57.05,56.822,56.948,41066.55
1786678200000,56.942,56.942,56.653,56.711,52642.18
1786679100000,56.71,56.715,56.521,56.523,35916.52
1786680000000,56.523,56.77,56.506,56.747,36577.27
1786680900000,56.746,56.852,56.74,56.815,24173.86
1786681800000,56.815,56.815,56.688,56.724,12178.27
1786682700000,56.724,56.796,56.652,56.78,7821.73
1786683600000,56.779,56.82,56.636,56.645,6319.36
1786684500000,56.645,56.889,56.603,56.887,18455.22
1786685400000,56.886,56.912,56.778,56.809,9209.64
1786686300000,56.809,56.853,56.774,56.786,3484.08
1786687200000,56.785,56.786,56.658,56.681,11397.62
1786688100000,56.684,56.691,56.505,56.56,14435.73
1786689000000,56.56,56.684,56.559,56.562,4522.91
1786689900000,56.562,56.64,56.274,56.299,58530.64
1786690800000,56.299,56.483,56.292,56.43,23105.1
1786691700000,56.424,56.496,56.406,56.436,6208.17
1786692600000,56.431,56.462,56.369,56.372,15123.04
1786693500000,56.372,56.445,56.369,56.406,17998.15
1786694400000,56.406,56.644,56.369,56.601,19806.49
1786695300000,56.607,56.769,56.587,56.744,27649.09
1786696200000,56.744,56.768,56.628,56.631,6789.23
1786697100000,56.631,56.699,56.598,56.668,6714.39
1786698000000,56.666,56.732,56.556,56.711,15867.93
1786698900000,56.705,56.705,56.55,56.552,5527.73
1786699800000,56.552,56.576,56.373,56.378,17326.59
1786700700000,56.38,56.472,56.371,56.384,4363.14
1786701600000,56.371,56.596,56.35,56.57,12106.24
1786702500000,56.571,56.605,56.379,56.494,11851.51
1786703400000,56.494,56.571,56.478,56.559,8312.34
1786704300000,56.565,56.576,56.474,56.505,10348.3
1786705200000,56.504,56.634,56.376,56.428,14443.94
1786706100000,56.428,56.502,56.412,56.497,7887.55
1786707000000,56.495,56.495,56.34,56.419,21305.59
1786707900000,56.419,56.438,56.1,56.18,44669.79
1786708800000,56.171,56.197,56,56.058,37998.49
1786709700000,56.058,56.226,56.056,56.225,73249.81
1786710600000,56.225,56.241,56.04,56.046,42687.75
1786711500000,56.045,56.11,56.032,56.101,29497.32
1786712400000,56.099,56.116,55.979,56.042,44954.91
1786713300000,56.042,56.197,55.938,56.073,42871.61
1786714200000,56.074,56.196,55.939,56.152,36935.17
1786715100000,56.152,56.206,55.969,56.099,53669.56
1786716000000,56.096,56.104,55.751,55.753,127015.31
1786716900000,55.754,55.839,55.629,55.776,69785.1
1786717800000,55.781,55.782,55.521,55.549,66972.67
1786718700000,55.55,55.6,55.466,55.479,41416.73
1786719600000,55.476,55.702,55.466,55.663,31387.94
1786720500000,55.657,55.838,55.561,55.838,21214.75
1786721400000,55.838,55.934,55.632,55.695,65316.39
1786722300000,55.694,55.73,55.475,55.603,31484.78
1786723200000,55.595,55.76,55.584,55.704,24576.56
1786724100000,55.696,55.936,55.695,55.889,21979.63
1786725000000,55.889,56.009,55.836,55.958,28079.6
1786725900000,55.957,56.061,55.786,55.887,40589.58
1786726800000,55.892,55.926,55.688,55.764,15653.22
1786727700000,55.765,56.009,55.744,55.897,17173.24
1786728600000,55.897,55.99,55.842,55.872,12006.09
1786729500000,55.872,55.901,55.682,55.724,12810.45
1786730400000,55.724,55.769,55.575,55.649,17597.14
1786731300000,55.656,55.766,55.656,55.729,11802.55
1786732200000,55.729,55.729,55.532,55.654,21804.41
1786733100000,55.654,55.654,55.523,55.637,21189.89
1786734000000,55.637,55.637,55.302,55.345,38366.73
1786734900000,55.353,55.645,55.352,55.59,25376.72
1786735800000,55.59,55.684,55.583,55.637,16051.75
1786736700000,55.637,55.724,55.592,55.697,7888.51
1786737600000,55.697,55.737,55.62,55.634,10678.57
1786738500000,55.631,55.679,55.606,55.663,2523.88
1786739400000,55.663,55.695,55.586,55.587,6834.05
1786740300000,55.595,55.602,55.388,55.503,10293.48
1786741200000,55.503,55.653,55.5,55.599,7336.89
1786742100000,55.6,55.724,55.595,55.717,2806.39
1786743000000,55.713,55.745,55.682,55.684,5719.24
1786743900000,55.684,56.013,55.677,55.943,76331.66
1786744800000,55.944,56.457,55.928,56.255,111272.58
1786745700000,56.254,56.256,56.061,56.095,48377.11
1786746600000,56.096,56.326,56.095,56.318,12338.52
1786747500000,56.326,56.409,56.295,56.381,14660.85
1786748400000,56.382,56.468,56.284,56.292,22603.83
1786749300000,56.294,56.312,56.183,56.274,11120.05
1786750200000,56.274,56.433,56.189,56.404,10978.98
1786751100000,56.404,56.513,56.404,56.48,19723.57
1786752000000,56.486,56.515,56.405,56.44,16998.19
1786752900000,56.441,56.453,56.371,56.376,8272.15
1786753800000,56.375,56.388,56.317,56.342,5754.07
1786754700000,56.341,56.36,56.306,56.31,4307.49
1786755600000,56.312,56.326,56.225,56.298,7343.63
1786756500000,56.297,56.499,56.253,56.499,18033.99
1786757400000,56.497,56.521,56.462,56.474,11533.39
1786758300000,56.474,56.481,56.336,56.403,3986.27
1786759200000,56.407,56.482,56.35,56.41,6381.43
1786760100000,56.418,56.491,56.388,56.424,5084.14
1786761000000,56.426,56.521,56.358,56.519,6338.68
1786761900000,56.519,56.652,56.486,56.615,20921.25
1786762800000,56.616,56.729,56.496,56.528,62750.63
1786763700000,56.531,56.711,56.478,56.652,31276.05
1786764600000,56.66,56.678,56.544,56.558,11053.25
1786765500000,56.557,56.629,56.522,56.556,5391.42
1786766400000,56.556,56.631,56.471,56.472,7731.03
1786767300000,56.48,56.495,56.346,56.347,12073.1
1786768200000,56.347,56.377,56.25,56.367,24650.34
1786769100000,56.367,56.409,56.2,56.235,18637.66
1786770000000,56.235,56.297,56.168,56.249,14160.09
1786770900000,56.246,56.252,56.05,56.081,14387.32
1786771800000,56.074,56.085,55.81,56.029,49096.71
1786772700000,56.029,56.249,56.02,56.244,20036.42
1786773600000,56.236,56.245,56.1,56.143,17701.35
1786774500000,56.143,56.244,56.115,56.169,2267.75
1786775400000,56.174,56.313,56.172,56.28,7199.69
1786776300000,56.269,56.314,56.23,56.242,3064.96
1786777200000,56.242,56.293,56.124,56.292,7625.07
1786778100000,56.292,56.296,56.216,56.259,1834.73
1786779000000,56.259,56.323,56.23,56.303,10671.38
1786779900000,56.303,56.449,56.28,56.443,9314.88
1786780800000,56.444,56.48,56.299,56.301,15534.52
1786781700000,56.301,56.322,56.241,56.252,7040.97
1786782600000,56.252,56.306,56.159,56.182,10212.21
1786783500000,56.182,56.215,55.984,56.033,31682.29
1786784400000,56.044,56.056,55.956,56.028,10050.91
1786785300000,56.027,56.149,56.013,56.113,7414.71
1786786200000,56.112,56.152,55.994,56.061,9883.04
1786787100000,56.06,56.073,55.96,55.991,6849.09
1786788000000,55.998,56.015,55.944,56.006,6671.32
1786788900000,56.006,56.022,55.946,55.97,3517.54
1786789800000,55.97,55.977,55.851,55.894,7842.85
1786790700000,55.894,55.991,55.877,55.963,7392.69
1786791600000,55.958,55.962,55.822,55.866,16266.66
1786792500000,55.866,55.916,55.85,55.881,3722.62
1786793400000,55.882,55.987,55.841,55.984,4335.18
1786794300000,55.984,56.03,55.923,56.012,3019.05
1786795200000,56.011,56.022,55.904,55.919,3252.6
1786796100000,55.922,55.96,55.867,55.953,5399.42
1786797000000,55.952,56.043,55.952,56.029,8208.58
1786797900000,56.028,56.249,56.023,56.248,33854.92
1786798800000,56.248,56.486,56.211,56.481,30062.52
1786799700000,56.48,56.56,56.326,56.451,13562.52
1786800600000,56.451,56.59,56.423,56.455,12927.2
1786801500000,56.455,56.49,56.336,56.347,16271.44
1786802400000,56.346,56.385,56.283,56.33,11048.19
1786803300000,56.328,56.473,56.305,56.426,14546.98
1786804200000,56.427,56.476,56.286,56.339,33743.37
1786805100000,56.34,56.344,56.222,56.273,10728.72
1786806000000,56.273,56.416,56.252,56.393,8864.48
1786806900000,56.389,56.642,56.387,56.625,17396.71
1786807800000,56.624,56.76,56.579,56.643,25698.13
1786808700000,56.643,56.808,56.629,56.769,18040.66
1786809600000,56.772,56.872,56.673,56.803,41440.74
1786810500000,56.802,57,56.774,56.887,57247.41
1786811400000,56.886,56.938,56.598,56.823,30608.99
1786812300000,56.82,57.18,56.815,57.176,54283.45
1786813200000,57.178,57.2,56.988,57.083,38052.45
1786814100000,57.083,57.127,56.9,56.977,34819.71
1786815000000,56.978,57.035,56.893,57.029,15672.16
1786815900000,57.016,57.113,56.976,57.03,8986.91
1786816800000,57.024,57.155,57.023,57.112,11157.45
1786817700000,57.115,57.119,56.865,56.893,22175.18
1786818600000,56.893,56.989,56.855,56.974,10086.72
1786819500000,56.973,57.03,56.889,57.016,16153.13
1786820400000,57.016,57.039,56.933,56.941,5163.8
1786821300000,56.94,57.098,56.928,57.041,9994.16
1786822200000,57.041,57.3,57.04,57.276,27472.8
1786823100000,57.275,57.35,57.265,57.288,49244.77
1786824000000,57.289,57.289,57.148,57.222,15695.59
1786824900000,57.222,57.222,57.125,57.148,11446.4
1786825800000,57.149,57.15,56.973,57.057,43148.68
1786826700000,57.052,57.126,57.018,57.027,5461.75
1786827600000,57.027,57.027,56.972,57.005,7317.18
1786828500000,57.005,57.085,57.005,57.044,3528.56
1786829400000,57.047,57.121,56.992,57.048,7901.34
1786830300000,57.048,57.06,56.982,56.991,7584.58
1786831200000,56.991,57.088,56.991,57.078,4810.08
1786832100000,57.077,57.078,56.966,56.986,5034.15
1786833000000,56.994,57,56.867,56.99,18078.83
1786833900000,56.99,57.015,56.905,56.921,4199.94
1786834800000,56.921,56.921,56.741,56.808,21552.75
1786835700000,56.807,56.955,56.756,56.944,15912.85
1786836600000,56.943,56.992,56.847,56.87,9756.27
1786837500000,56.87,56.91,56.817,56.875,6590.76
1786838400000,56.875,56.951,56.857,56.858,2986.7
1786839300000,56.867,56.867,56.725,56.739,17897.73
1786840200000,56.74,56.798,56.714,56.763,10806.75
1786841100000,56.762,56.872,56.749,56.792,3741.19
1786842000000,56.792,56.94,56.776,56.92,15043.62
1786842900000,56.919,57.048,56.899,57.031,8533.81
1786843800000,57.03,57.057,56.931,57.045,11020.93
1786844700000,57.046,57.103,56.981,57.068,16377.19
1786845600000,57.075,57.075,56.917,56.925,5224.21
1786846500000,56.925,57.25,56.854,57.232,36280.17
1786847400000,57.232,57.283,57.112,57.161,14278.15
1786848300000,57.16,57.19,56.923,57.175,13633.3
1786849200000,57.175,57.189,57.095,57.107,12479.83
1786850100000,57.107,57.127,57.001,57.002,3823.59
1786851000000,57.002,57.054,56.998,57.023,1783.77
1786851900000,57.023,57.057,56.908,56.931,7722.49
1786852800000,56.931,56.977,56.893,56.95,1889.45
1786853700000,56.95,56.99,56.926,56.981,2071.92
1786854600000,56.984,57.066,56.943,57.066,4088.84
1786855500000,57.065,57.18,57.051,57.073,11338.32
1786856400000,57.07,57.187,57.07,57.17,13411.83
1786857300000,57.17,57.178,56.948,57.006,14126.83
1786858200000,57.007,57.019,56.955,56.967,5415.7
1786859100000,56.975,56.975,56.825,56.859,12588.23
1786860000000,56.859,57.074,56.849,57.012,6194.66
1786860900000,57.018,57.028,56.747,56.846,29012.14
1786861800000,56.847,57.048,56.847,57.032,6314.79
1786862700000,57.033,57.135,56.991,57.035,17799.25
1786863600000,57.038,57.139,57.035,57.104,9933.79
1786864500000,57.104,57.25,57.058,57.223,21271.33
1786865400000,57.224,57.398,57.219,57.392,35073.1
1786866300000,57.392,57.45,57.328,57.449,18947.03
1786867200000,57.449,57.452,57.304,57.341,11760.98
1786868100000,57.341,57.48,57.34,57.401,9723.38
1786869000000,57.401,57.495,57.365,57.415,10037.78
1786869900000,57.415,57.499,57.37,57.499,20304.84
1786870800000,57.498,57.547,57.413,57.428,35330.31
1786871700000,57.427,57.466,57.385,57.404,9548.32
1786872600000,57.404,57.418,57.284,57.327,9149.01
1786873500000,57.327,57.447,57.309,57.429,8518.27
1786874400000,57.428,57.445,57.325,57.335,4360.23
1786875300000,57.338,57.45,57.328,57.45,5916.57
1786876200000,57.45,57.464,57.253,57.328,6188.19
1786877100000,57.328,57.401,57.295,57.326,6093.27
1786878000000,57.326,57.464,57.325,57.442,5254.19
1786878900000,57.442,57.444,57.373,57.393,2114.07
1786879800000,57.393,57.412,57.297,57.309,16369.12
1786880700000,57.309,57.38,57.291,57.366,2838.43
1786881600000,57.359,57.368,57.212,57.216,15231.76
1786882500000,57.223,57.275,57.2,57.207,15090.33
1786883400000,57.206,57.274,57.191,57.204,2844.16
1786884300000,57.205,57.255,57.168,57.186,3545.97
1786885200000,57.186,57.235,57.167,57.168,2710.92
1786886100000,57.168,57.221,57.082,57.093,16912.38
1786887000000,57.092,57.188,57.057,57.09,12993.49
1786887900000,57.1,57.216,57.099,57.172,8155.81
1786888800000,57.171,57.245,57.021,57.106,21631.36
1786889700000,57.106,57.184,57.099,57.14,3848.37
1786890600000,57.14,57.25,57.136,57.239,7355.15
1786891500000,57.238,57.241,57.158,57.208,6419.89
1786892400000,57.203,57.268,57.12,57.205,9075.64
1786893300000,57.205,57.362,57.167,57.317,11553.85
1786894200000,57.316,57.327,57.216,57.224,14336.12
1786895100000,57.224,57.495,57.221,57.418,41338.26
1786896000000,57.417,57.909,57.411,57.861,77459.78
1786896900000,57.861,57.871,57.59,57.602,33612.28
1786897800000,57.602,57.806,57.602,57.788,30236.92
1786898700000,57.791,57.93,57.764,57.78,39342.01
1786899600000,57.779,58,57.754,57.971,49645.09
1786900500000,57.97,58,57.832,57.908,25054.13
1786901400000,57.908,57.994,57.734,57.745,31270.17
1786902300000,57.744,57.78,57.627,57.705,27649.58
1786903200000,57.709,57.713,57.474,57.537,39294.16
1786904100000,57.536,57.644,57.395,57.615,19223.08
1786905000000,57.614,57.687,57.511,57.636,16392.68
1786905900000,57.645,57.683,57.554,57.605,12092.09
1786906800000,57.604,57.686,57.604,57.678,8437.17
1786907700000,57.677,57.931,57.663,57.801,58172.89
1786908600000,57.8,57.845,57.734,57.735,8851.97
1786909500000,57.734,57.783,57.651,57.674,12323.61
1786910400000,57.673,57.764,57.648,57.671,8175.26
1786911300000,57.671,57.687,57.613,57.635,10703.29
1786912200000,57.63,57.63,57.557,57.621,9491.5
1786913100000,57.622,57.662,57.502,57.566,9481.09
1786914000000,57.565,57.587,57.442,57.544,17423.15
1786914900000,57.543,57.543,57.408,57.439,17660.77
1786915800000,57.438,57.497,57.193,57.211,66320.98
1786916700000,57.212,57.4,57.167,57.309,44922.43
1786917600000,57.308,57.316,57.141,57.184,49288.81
1786918500000,57.184,57.256,57.111,57.193,32158.42
1786919400000,57.192,57.271,57.152,57.237,10500.56
1786920300000,57.238,57.243,57.111,57.211,10126.34
1786921200000,57.211,57.284,57.101,57.137,31700.72
1786922100000,57.137,57.159,57.032,57.088,18780.38
1786923000000,57.092,57.123,57.025,57.055,10993.98
1786923900000,57.055,57.211,57.042,57.099,15149.16
1786924800000,57.099,57.277,57.093,57.276,16659.17
1786925700000,57.276,57.277,57.021,57.19,32334.06
1786926600000,57.19,57.324,57.156,57.31,21790.81
1786927500000,57.311,57.331,57.18,57.328,21535.82
1786928400000,57.327,57.765,57.307,57.681,90189.65
1786929300000,57.677,58.139,57.655,58.13,129434.45
1786930200000,58.13,58.421,58.122,58.368,236223.13
1786931100000,58.365,58.387,58.26,58.346,19779.8
1786932000000,58.346,58.417,58.182,58.331,64348.18
1786932900000,58.328,58.576,58.278,58.468,48280.14
1786933800000,58.471,58.572,58.388,58.483,28010.36
1786934700000,58.484,58.964,58.483,58.905,111225.42
1786935600000,58.907,59.114,58.827,59.049,86267.19
1786936500000,59.05,59.108,58.742,58.784,44911.44
1786937400000,58.784,59.008,58.731,58.913,60256.24
1786938300000,58.913,59.176,58.904,59.115,65868
1786939200000,59.119,59.161,59,59.013,46276.06
1786940100000,59.013,59.053,58.965,58.977,40422.31
1786941000000,58.977,58.981,58.855,58.872,36951.29
1786941900000,58.873,58.897,58.835,58.846,29024.28
1786942800000,58.846,58.861,58.759,58.845,27676.4
1786943700000,58.845,59.04,58.78,58.937,11361.69
1786944600000,58.937,58.949,58.758,58.835,36971.08
1786945500000,58.835,58.835,58.668,58.67,27278.04
1786946400000,58.67,58.997,58.669,58.991,22817.96
1786947300000,58.991,59.001,58.817,58.846,31792.27
1786948200000,58.846,59.093,58.84,59.079,49257.53
1786949100000,59.079,59.378,59.066,59.269,107084.09
1786950000000,59.274,59.4,59.162,59.334,55276.91
1786950900000,59.334,59.538,59.284,59.418,91764.38
1786951800000,59.418,59.498,59.323,59.469,37055.01
1786952700000,59.463,59.647,59.395,59.529,34511.64
1786953600000,59.532,59.565,59.187,59.2,62259.66
1786954500000,59.2,59.277,59.128,59.264,44347.95
1786955400000,59.264,59.313,59.143,59.25,20676.94
1786956300000,59.25,59.25,59.07,59.078,18952.73
1786957200000,59.078,59.264,59.078,59.218,12462.63
1786958100000,59.217,59.218,59.088,59.168,7500.49
1786959000000,59.168,59.288,59.124,59.288,28419.71
1786959900000,59.288,59.316,59.207,59.296,7510.91
1786960800000,59.296,59.3,59.15,59.178,15880.16
1786961700000,59.178,59.532,59.149,59.519,82788.35
1786962600000,59.519,59.777,59.499,59.777,71604.74
1786963500000,59.776,59.826,59.761,59.804,95212.5
1786964400000,59.793,59.874,59.789,59.792,102652.95
1786965300000,59.791,59.806,59.626,59.635,210315.35
1786966200000,59.633,59.659,59.503,59.568,72269.35
1786967100000,59.568,59.64,59.421,59.479,35889.8
1786968000000,59.48,59.49,59.372,59.387,32274.84
1786968900000,59.382,59.413,59.235,59.241,33308.56
1786969800000,59.242,59.304,59.033,59.044,70149.49
1786970700000,59.045,59.234,59.01,59.14,55809.98
1786971600000,59.14,59.169,58.958,59.106,30287.91
1786972500000,59.106,59.106,58.777,58.98,76515.52
1786973400000,58.98,59.393,58.947,59.14,105017.26
1786974300000,59.14,59.296,59.07,59.262,52156.27
1786975200000,59.262,59.262,59.035,59.105,33634.49
1786976100000,59.108,59.184,58.914,58.932,51381
1786977000000,58.928,59.187,58.832,59.038,67749.51
1786977900000,59.038,59.502,59.035,59.499,76447.9
1786978800000,59.499,59.57,59.248,59.265,77868.22
1786979700000,59.266,59.367,59.209,59.263,49903.61
1786980600000,59.262,59.281,59.092,59.142,42495.97
1786981500000,59.142,59.291,59.132,59.275,37367.58
1786982400000,59.276,59.294,59.027,59.054,41953.45
1786983300000,59.054,59.217,59.053,59.204,8803.14
1786984200000,59.204,59.282,59.145,59.219,10838.5
1786985100000,59.22,59.24,59.122,59.163,4694.14
1786986000000,59.163,59.192,58.9,58.901,19573.64
1786986900000,58.901,59.06,58.806,58.882,56628.17
1786987800000,58.879,58.961,58.69,58.815,55121.96
1786988700000,58.805,59.005,58.804,58.956,21369.53
1786989600000,58.955,59.118,58.925,59.042,28558.33
1786990500000,59.041,59.139,59.036,59.037,23335.71
1786991400000,59.038,59.264,59.033,59.169,34307.84
1786992300000,59.166,59.183,58.958,59.026,16803.69
1786993200000,59.026,59.071,58.784,58.84,32360.01
1786994100000,58.84,58.977,58.823,58.877,13558.06
1786995000000,58.891,58.946,58.855,58.876,4421.56
1786995900000,58.876,58.942,58.805,58.941,10058.57
1786996800000,58.936,58.941,58.5,58.636,70303.37
1786997700000,58.636,58.738,58.36,58.721,80025.29
1786998600000,58.721,58.914,58.715,58.842,29181.69
1786999500000,58.843,58.868,58.691,58.709,23249.17
1787000400000,58.708,58.801,58.693,58.732,13943.4
1787001300000,58.733,58.79,58.647,58.786,16033.17
1787002200000,58.788,58.973,58.787,58.957,29011.4
1787003100000,58.957,58.995,58.876,58.936,17406.87
1787004000000,58.936,58.975,58.835,58.859,24616.69
1787004900000,58.859,59.066,58.844,59.026,32783.22
1787005800000,59.021,59.123,58.983,59.091,18713.85
1787006700000,59.091,59.157,59.037,59.039,13974.69
1787007600000,59.04,59.241,59.034,59.239,14929.03
1787008500000,59.239,59.388,59.222,59.359,21560.23
1787009400000,59.359,59.424,59.292,59.397,48231.39
1787010300000,59.398,59.448,59.366,59.416,26609.86
1787011200000,59.416,59.49,59.386,59.49,25636.9
1787012100000,59.49,59.537,59.466,59.521,19526.18
1787013000000,59.521,59.615,59.459,59.601,39296.84
1787013900000,59.602,59.62,59.517,59.57,22639.59
1787014800000,59.57,59.599,59.335,59.48,67471.05
1787015700000,59.48,59.609,59.368,59.489,86372.66
1787016600000,59.489,59.517,59.291,59.311,16682.74
1787017500000,59.311,59.34,59.055,59.115,27826.93
1787018400000,59.115,59.169,59.054,59.066,10235.12
1787019300000,59.066,59.336,59.048,59.163,12012.47
1787020200000,59.163,59.263,59.026,59.124,20067.44
1787021100000,59.124,59.265,59.026,59.175,23255.08
1787022000000,59.175,59.357,59.146,59.19,31760.81
1787022900000,59.19,59.358,59.113,59.114,23381.09
1787023800000,59.114,59.292,58.958,59.292,26957.63
1787024700000,59.292,59.394,59.25,59.351,8947.7
1787025600000,59.351,59.357,59.188,59.248,6303.65
1787026500000,59.248,59.266,59.071,59.182,14670.5
1787027400000,59.179,59.284,59.093,59.103,4106.66
1787028300000,59.103,59.355,59.06,59.244,12060.59
1787029200000,59.246,59.567,59.169,59.495,42040.47
1787030100000,59.494,59.494,59.058,59.134,22857.43
1787031000000,59.133,59.186,58.837,59.186,64701.12
1787031900000,59.185,59.22,59.083,59.091,13765.34
1787032800000,59.091,59.298,58.963,59.279,37562.35
1787033700000,59.279,59.677,59.278,59.676,99500.09
1787034600000,59.677,60.239,59.645,60.239,239845.38
1787035500000,60.239,60.25,59.827,59.942,60587.18
1787036400000,59.942,60.15,59.861,60.1,72929.96
1787037300000,60.102,60.478,59.919,59.926,161820.98
1787038200000,59.926,60.06,59.663,59.704,64535.27
1787039100000,59.704,59.748,59.574,59.619,24795.7
1787040000000,59.623,59.635,59.167,59.197,80704.76
1787040900000,59.194,59.536,59.177,59.354,52475
1787041800000,59.36,59.669,59.359,59.635,62061.76
1787042700000,59.634,59.65,59.543,59.581,9775.3
1787043600000,59.58,59.7,59.531,59.562,23976.73
1787044500000,59.561,59.564,59.31,59.409,70378.23
1787045400000,59.409,59.504,59.305,59.365,28915.48
1787046300000,59.359,59.609,59.359,59.605,36766.14
1787047200000,59.605,59.649,59.586,59.588,19494.45
1787048100000,59.588,59.64,59.586,59.633,8920.94
1787049000000,59.632,59.798,59.601,59.778,52606.78
1787049900000,59.779,59.904,59.717,59.79,39509.85
1787050800000,59.79,59.897,59.722,59.759,14878.02
1787051700000,59.759,59.886,59.738,59.885,13208.07
1787052600000,59.885,59.952,59.758,59.84,49184.86
1787053500000,59.839,59.903,59.779,59.827,16500.78
1787054400000,59.826,59.897,59.626,59.776,23210.97
1787055300000,59.773,59.798,59.459,59.475,61614.29
1787056200000,59.476,59.488,59.19,59.352,63474.4
1787057100000,59.352,59.45,59.255,59.285,18339.24
1787058000000,59.284,59.345,59.091,59.211,93697.97
1787058900000,59.212,59.397,59.166,59.175,35651.8
1787059800000,59.175,59.543,59.166,59.293,48746.41
1787060700000,59.298,59.415,59.145,59.184,66588.23
1787061600000,59.182,59.412,58.975,59.066,58369.53
1787062500000,59.066,59.758,59.022,59.714,90047.45
1787063400000,59.711,59.811,59.365,59.365,68287.25
1787064300000,59.366,59.425,59.11,59.112,40610.37
1787065200000,59.113,59.317,59.067,59.217,29745.49
1787066100000,59.217,59.548,59.206,59.521,53938.65
1787067000000,59.52,59.532,59.365,59.37,23766.44
1787067900000,59.371,59.431,59.284,59.342,22556.01
1787068800000,59.348,59.379,59.17,59.193,10216.06
1787069700000,59.193,59.214,58.24,58.381,364499.47
1787070600000,58.368,58.764,58.25,58.725,84340.46
1787071500000,58.724,58.833,58.685,58.776,37204.47
1787072400000,58.775,58.795,58.232,58.442,87669.06
1787073300000,58.438,58.561,58.354,58.479,37080.07
1787074200000,58.479,58.672,58.454,58.662,36326.38
1787075100000,58.662,58.687,58.552,58.632,6434.04
1787076000000,58.632,58.674,58.524,58.666,17462.48
1787076900000,58.675,58.702,58.502,58.666,31623.75
1787077800000,58.666,58.69,58.529,58.624,20707.28
1787078700000,58.624,58.749,58.605,58.691,21176.78
1787079600000,58.691,58.8,58.659,58.728,21920.51
1787080500000,58.728,58.947,58.683,58.882,32498.1
1787081400000,58.882,59.043,58.763,58.859,71934.24
1787082300000,58.859,58.928,58.782,58.889,13152.02
1787083200000,58.91,58.959,58.775,58.928,13532.71
1787084100000,58.924,59.083,58.873,59.022,41723.65
1787085000000,59.021,59.098,58.764,58.772,22368.01
1787085900000,58.782,58.804,58.493,58.539,63486.85
1787086800000,58.539,58.675,58.524,58.589,13777.12
1787087700000,58.589,58.631,58.482,58.631,14243.91
1787088600000,58.631,58.641,58.479,58.628,11873.25
1787089500000,58.619,58.691,58.599,58.691,19870.6
1787090400000,58.69,58.813,58.642,58.682,41529.76
1787091300000,58.674,58.695,58.513,58.64,29099.55
1787092200000,58.64,58.671,58.411,58.434,26297.2
1787093100000,58.434,58.439,58.312,58.371,24721.36
1787094000000,58.38,58.465,58.246,58.408,40665.55
1787094900000,58.41,58.482,58.383,58.43,6845.8
1787095800000,58.431,58.643,58.43,58.562,52408.32
1787096700000,58.562,58.585,58.452,58.477,10520.56
1787097600000,58.483,58.495,58.15,58.291,108077.87
1787098500000,58.282,58.524,58.235,58.519,22094.22
1787099400000,58.519,58.673,58.509,58.672,21206.83
1787100300000,58.672,58.672,58.504,58.504,21567.52
1787101200000,58.514,58.788,58.514,58.742,31355.13
1787102100000,58.742,58.818,58.577,58.73,50129.92
1787103000000,58.73,58.761,58.577,58.609,20592.99
1787103900000,58.607,58.607,58.502,58.502,13566.04
1787104800000,58.502,58.503,58.307,58.404,21863.1
1787105700000,58.404,58.404,58.277,58.278,14724.99
1787106600000,58.278,58.345,58.191,58.341,19400.56
1787107500000,58.342,58.391,58.267,58.371,10692.83
1787108400000,58.377,58.422,58.271,58.413,7383.87
1787109300000,58.412,58.467,58.276,58.315,14710.68
1787110200000,58.316,58.409,58.202,58.383,41934.44
1787111100000,58.383,58.411,58.36,58.37,3796.04
1787112000000,58.37,58.441,58.321,58.408,15121.12
1787112900000,58.409,58.54,58.409,58.53,11869.55
1787113800000,58.53,58.53,58.429,58.482,3431.11
1787114700000,58.482,58.544,58.447,58.523,5269.92
1787115600000,58.522,58.664,58.48,58.581,10733.62
1787116500000,58.58,58.587,58.39,58.532,5496.73
1787117400000,58.531,58.6,58.431,58.461,15400.58
1787118300000,58.465,58.465,58.183,58.21,37515.43
1787119200000,58.209,58.24,58,58.079,48779.89
1787120100000,58.08,58.315,58.079,58.119,12016.34
1787121000000,58.121,58.421,58.078,58.414,29221.4
1787121900000,58.415,58.558,58.366,58.433,26341.14
1787122800000,58.434,58.472,58.32,58.337,17736.14
1787123700000,58.34,58.357,58.179,58.292,34526.81
1787124600000,58.292,58.331,58.201,58.227,12382.25
1787125500000,58.228,58.246,58.112,58.128,12954.62
1787126400000,58.128,58.212,58.076,58.178,13317.07
1787127300000,58.177,58.348,58.153,58.294,18771.83
1787128200000,58.294,58.489,58.262,58.459,25244.25
1787129100000,58.458,58.469,58.255,58.272,13401.56
1787130000000,58.267,58.396,58.25,58.31,13048.13
1787130900000,58.309,58.439,58.301,58.403,11536.74
1787131800000,58.402,58.425,58.25,58.293,15426.06
1787132700000,58.29,58.29,58.192,58.221,23606.42
1787133600000,58.228,58.275,58.123,58.22,26307.57
1787134500000,58.207,58.279,58.178,58.267,9928.53
1787135400000,58.267,58.377,58.216,58.34,4814.28
1787136300000,58.335,58.49,58.334,58.488,11620.12
1787137200000,58.488,58.725,58.456,58.704,54575.87
1787138100000,58.7,58.733,58.625,58.667,15610.12
1787139000000,58.667,58.939,58.666,58.87,78170.28
1787139900000,58.858,58.899,58.702,58.706,11641.97
1787140800000,58.705,58.747,58.65,58.689,12904.82
1787141700000,58.69,58.82,58.671,58.799,8751.07
1787142600000,58.8,59.298,58.732,59.257,138886.55
1787143500000,59.26,59.333,59.132,59.252,56449.42
1787144400000,59.251,59.251,59.001,59.223,42538.57
1787145300000,59.223,59.412,59.132,59.315,105568.67
1787146200000,59.32,59.393,58.817,58.938,102043.1
1787147100000,58.939,58.987,58.573,58.623,80200.1
1787148000000,58.621,58.961,58.589,58.793,85892.16
1787148900000,58.794,58.944,58.752,58.896,34824.9
1787149800000,58.897,59.382,58.829,59.276,112234.67
1787150700000,59.276,59.927,59.093,59.853,156935.48
1787151600000,59.866,60.216,59.617,60.009,325502.4
1787152500000,60.009,60.489,59.638,60.224,580071.45
1787153400000,60.238,61.55,59.751,61.291,696421.04
1787154300000,61.288,61.844,61.008,61.83,495434.33
1787155200000,61.83,62.544,61.517,61.622,614783.39
1787156100000,61.622,62.535,61.55,62.319,304895.97
1787157000000,62.32,62.639,61.996,62.271,261849.65
1787157900000,62.254,62.485,61.936,61.944,125254.45
1787158800000,61.957,62.245,61.65,61.922,205132.4
1787159700000,61.923,62.033,61.632,61.971,141752.44
1787160600000,61.985,61.996,61.563,61.926,127525.12
1787161500000,61.927,62.401,61.907,62.185,145670.18
1787162400000,62.185,62.223,61.747,62.018,76324.63
1787163300000,62.018,62.477,62.004,62.46,83816.49
1787164200000,62.461,62.461,62.225,62.442,40357.47
1787165100000,62.443,62.457,62.201,62.226,41027.17
1787166000000,62.233,68,62.026,67.784,1811903.97
1787166900000,67.784,73.368,67.129,69.063,3720079.9
1787167800000,69.076,70.816,68.66,69.883,1310497.94
1787168700000,69.919,70.69,69.203,70.27,862380.58
1787169600000,70.265,70.692,68.666,68.957,750625.3
1787170500000,68.952,69.44,68.407,69.327,399764.61
1787171400000,69.315,69.881,69.093,69.601,372610.21
1787172300000,69.611,71.2,69.505,71.149,523362.9
1787173200000,71.149,71.318,70,70.107,552600.45
1787174100000,70.108,71.9,69.9,71.897,660829.11
1787175000000,71.898,72.69,71.461,72.69,723619.8
1787175900000,72.69,72.69,71.361,71.365,243199.49
1787176800000,71.375,71.939,70.652,71.6,550642.33
1787177700000,71.595,71.927,70.967,71.119,276145.15
1787178600000,71.111,71.717,71.044,71.394,130694.89
1787179500000,71.4,71.4,70.27,70.877,249684.21
1787180400000,70.878,71.279,70.767,70.905,128747.96
1787181300000,70.902,70.969,69.97,70.455,294683.54
1787182200000,70.456,70.872,69.85,70.493,361595.6
1787183100000,70.493,70.523,69,69.748,765770.02
1787184000000,69.726,69.922,69,69.481,314173.36
1787184900000,69.489,70.779,69.391,70.72,299363.01
1787185800000,70.728,70.996,70.532,70.948,153547.8
1787186700000,70.948,71.056,69.541,69.734,163664.26
1787187600000,69.734,69.889,68.723,68.757,335962.2
1787188500000,68.758,69.179,68.39,69.099,541618.69
1787189400000,69.1,69.399,69.091,69.371,108021.78
1787190300000,69.371,69.579,69.299,69.445,88866.14
1787191200000,69.443,69.464,69.182,69.442,96151.81
1787192100000,69.443,69.992,69.417,69.927,134853.51
1787193000000,69.935,69.936,69.475,69.571,56681.51
1787193900000,69.571,69.997,69.447,69.667,108242.47
1787194800000,69.678,69.697,69.07,69.2,227824.08
1787195700000,69.202,69.446,68.907,68.984,48086.79
1787196600000,68.991,69.579,68.959,69.437,41112.59
1787197500000,69.438,69.648,69.396,69.471,69983.05
1787198400000,69.476,70.283,69.42,69.957,100918.05
1787199300000,69.957,70.271,69.783,70.258,72456.28
1787200200000,70.259,70.467,69.784,70.448,95345.64
1787201100000,70.448,70.841,70.402,70.828,115290.98
1787202000000,70.829,71.125,70.78,70.815,87921.34
1787202900000,70.821,71.04,70.737,70.891,53600.36
1787203800000,70.89,71.46,70.715,71.078,85578.74
1787204700000,71.078,71.362,71.002,71.177,63022.09
1787205600000,71.195,71.48,71.051,71.454,65560.02
1787206500000,71.438,72.101,71.384,72.084,184750.71
1787207400000,72.084,72.56,71.858,71.991,221147.61
1787208300000,71.992,72.07,71.898,71.952,180946.5
1787209200000,71.951,72.063,71.86,72.051,62458.62
1787210100000,72.051,72.056,71.662,71.914,135266.19
1787211000000,71.914,72,71.381,71.476,128344.32
1787211900000,71.476,72.022,71.389,72.021,174260.51
1787212800000,72.022,72.625,71.717,72.341,367895.17
1787213700000,72.342,72.372,70.478,71.109,804937.49
1787214600000,71.109,72,70.85,71.922,173915.34
1787215500000,71.922,73.122,71.817,73.107,293557.18
1787216400000,73.108,74.623,72.897,74.062,703415.98
1787217300000,74.066,74.293,73.53,73.632,292409.62
1787218200000,73.631,73.875,72.94,73.136,181013.55
1787219100000,73.137,73.4,72.708,73.15,156260.93
1787220000000,73.146,73.654,72.963,73.514,131780.75
1787220900000,73.514,73.757,72.598,72.604,156283.65
1787221800000,72.604,72.63,72.12,72.121,160689.52
1787222700000,72.121,72.687,72.118,72.14,128397.66
1787223600000,72.14,72.15,71.438,71.895,458343.83
1787224500000,71.881,72.544,71.722,72.364,150924.93
1787225400000,72.35,72.944,72.181,72.939,190192.16
1787226300000,72.939,72.96,71.553,71.892,165073.54
1787227200000,71.903,71.999,71.35,71.387,109562.19
1787228100000,71.388,71.593,71.147,71.313,116285.39
1787229000000,71.328,71.476,71.047,71.12,80440.25
1787229900000,71.121,71.76,71,71.617,68395.11
1787230800000,71.623,72.273,71.53,72.046,102897.18
1787231700000,72.022,72.093,71.592,71.706,77448.12
1787232600000,71.707,72.071,71.155,71.995,144927.7
1787233500000,71.983,72.198,71.333,71.804,107152.77
1787234400000,71.807,72.662,71.679,72.193,161682.44
1787235300000,72.194,72.5,72.018,72.187,101306.77
1787236200000,72.188,72.356,71.51,71.718,143536.16
1787237100000,71.714,72.076,71.568,72.025,77267.6
1787238000000,72.025,72.527,71.928,72.412,111171.32
1787238900000,72.411,73.2,72.355,73.095,387676.61
1787239800000,73.103,73.469,72.636,73.264,298327.8
1787240700000,73.282,73.449,72.909,73.203,121204.07
1787241600000,73.203,73.415,72.759,72.885,109151.89
1787242500000,72.898,74.008,72.75,74,309682.95
1787243400000,73.999,74.124,73.83,74.055,196876.62
1787244300000,74.057,74.2,73.581,73.737,166320.61
1787245200000,73.736,74.353,73.633,73.787,225333.42
1787246100000,73.786,73.903,73.067,73.605,213211.62
1787247000000,73.6,74.333,73.373,74.155,134009.93
1787247900000,74.158,74.215,73.67,73.671,119124.5
1787248800000,73.67,73.797,71.949,72.026,370202.39
1787249700000,72.027,72.559,71.695,71.751,347604.59
1787250600000,71.75,72.126,71.631,72.016,104960.94
1787251500000,72.024,72.518,71.988,72.098,118807.7
1787252400000,72.097,72.727,72.097,72.569,85917.82
1787253300000,72.57,73,72.38,72.844,51456.33
1787254200000,72.847,72.968,72.51,72.77,43829.87
1787255100000,72.775,72.775,72.3,72.559,69854.78
1787256000000,72.559,73.192,72.559,73.19,51640.28
1787256900000,73.191,73.341,73.035,73.108,42609.78
1787257800000,73.108,73.417,73.078,73.325,21262.5
1787258700000,73.325,73.954,73.191,73.912,117517.09
1787259600000,73.913,74.564,73.779,74.126,215940.52
1787260500000,74.123,74.562,74.031,74.483,105985.36
1787261400000,74.482,74.75,74.222,74.621,199859.74
1787262300000,74.62,74.957,74.346,74.896,152173.72
1787263200000,74.896,75,73.658,73.836,219622.51
1787264100000,73.822,74.25,73.706,73.79,120632.67
1787265000000,73.791,74.103,73.537,73.613,115672.79
1787265900000,73.601,73.96,73.513,73.601,103095.08
1787266800000,73.601,74.3,73.552,73.954,169643.45
1787267700000,73.956,74.28,73.562,74.184,121359.77
1787268600000,74.185,74.36,73.832,74.219,97143.18
1787269500000,74.219,74.219,73.654,73.773,90614.33
1787270400000,73.775,74.097,73.654,73.973,93582.72
1787271300000,73.973,74.539,73.705,73.72,300912.02
1787272200000,73.732,73.928,73.4,73.438,242582.55
1787273100000,73.447,73.75,73.362,73.443,153132.71
1787274000000,73.44,74.074,73.331,74.067,96945.37
1787274900000,74.069,74.546,73.957,74.537,144485.1
1787275800000,74.536,74.641,74.07,74.548,141021.33
1787276700000,74.544,75.101,74.455,74.619,173281.17
1787277600000,74.619,74.93,73.745,73.826,171757.96
1787278500000,73.828,74.36,73.756,74.344,59534.69
1787279400000,74.355,74.73,74.235,74.696,75214.4
1787280300000,74.699,74.739,73.691,73.691,197176.05
1787281200000,73.692,73.883,71.429,71.64,898754.26
1787282100000,71.637,72.342,71.15,72.325,342207.33
1787283000000,72.324,72.512,72.018,72.217,78277.95
1787283900000,72.216,72.754,72.216,72.24,106536.6
1787284800000,72.25,72.485,72.036,72.452,51705.51
1787285700000,72.452,72.777,72.357,72.751,69306.07
1787286600000,72.75,72.863,72.65,72.808,43385.79
1787287500000,72.8,72.953,72.566,72.62,32574.81
1787288400000,72.619,72.966,72.323,72.908,68660.81
1787289300000,72.906,73.225,72.675,72.83,61760.22
1787290200000,72.83,73.258,72.827,73.19,48218.35
1787291100000,73.197,73.231,72.893,73.068,54726.41
1787292000000,73.072,73.339,72.916,73.315,80301.65
1787292900000,73.315,73.454,72.8,73.011,82972.02
1787293800000,73.013,73.226,72.675,72.81,50127.53
1787294700000,72.81,73.051,72.45,72.9,72592.8
1787295600000,72.899,73.208,72.747,73.163,43968.75
1787296500000,73.162,73.696,73.107,73.69,182485.12
1787297400000,73.69,73.964,73.425,73.926,116116.71
1787298300000,73.925,74,73.654,73.8,63554.89
1787299200000,73.801,73.994,73.529,73.736,62137.95
1787300100000,73.738,74.5,73.7,74.447,199202.68
1787301000000,74.468,76.1,74.377,75.462,413861.27
1787301900000,75.468,76,74.736,75.779,492120.54
1787302800000,75.787,75.86,73.068,74.128,815477.37
1787303700000,74.107,74.15,73.603,74.051,156658.09
1787304600000,74.041,74.839,73.82,74.306,196417.49
1787305500000,74.303,74.5,73.612,74.188,318347.01
1787306400000,74.186,75.596,73.92,75.136,533850.68
1787307300000,75.133,75.583,74.611,74.886,213562.07
1787308200000,74.887,74.933,74.201,74.634,277919.43
1787309100000,74.631,75.06,74.601,75.055,77083.91
1787310000000,75.047,75.446,74.613,75.056,113839.95
1787310900000,75.057,75.058,74.4,74.948,150238.49
1787311800000,74.95,75.05,74.137,74.455,203046.73
1787312700000,74.455,74.455,73.601,74.276,177319.63
1787313600000,74.277,74.448,73.715,74.226,345232.93
1787314500000,74.226,74.331,73.75,73.924,183072.19
1787315400000,73.919,74.568,73.737,74.557,115766.42
1787316300000,74.557,74.657,74.161,74.222,71376.07
1787317200000,74.225,76.491,74.2,76.491,646953.2
1787318100000,76.49,77.63,75.96,77.095,609934.9
1787319000000,77.104,77.891,75.775,77.55,754503.35
1787319900000,77.589,77.724,76.531,76.863,490299.14
1787320800000,76.896,77.049,75.7,75.854,458339
1787321700000,75.853,76.489,75.15,76.389,337219.76
1787322600000,76.369,77.293,76.061,77.168,306847.3
1787323500000,77.167,77.752,76.861,77.65,256315.06
1787324400000,77.649,77.692,76.692,76.95,301736.6
1787325300000,76.949,77.235,76.47,76.588,275003.69
1787326200000,76.59,77.3,76.579,76.78,171659.71
1787327100000,76.782,77.06,76.495,76.697,122552.88
1787328000000,76.698,76.809,75.9,75.9,187669.69
1787328900000,75.901,76.842,75.894,76.831,115290.31
1787329800000,76.842,76.842,76.313,76.429,76828.87
1787330700000,76.452,76.642,76.122,76.499,98281.31
1787331600000,76.503,76.717,75.616,75.673,120964.19
1787332500000,75.674,75.689,74.417,75.532,444693.73
1787333400000,75.53,75.582,75.219,75.292,198000.63
1787334300000,75.29,75.57,75.1,75.135,126523.62
1787335200000,75.137,75.322,74.613,75.26,294562.41
1787336100000,75.259,75.545,75.001,75.15,85812.67
1787337000000,75.15,75.319,74.566,74.655,125261.94
1787337900000,74.653,74.654,74.07,74.566,281549.66
1787338800000,74.565,74.835,73.95,74.728,179493.03
1787339700000,74.727,75.105,74.491,74.903,194235.56
1787340600000,74.903,74.987,74.22,74.327,99330.15
1787341500000,74.328,75.16,74.311,74.944,125041.64
1787342400000,74.945,75.495,74.84,75.404,88893.98
1787343300000,75.411,75.777,75.216,75.337,124018.6
1787344200000,75.348,75.604,75.312,75.372,65205.78
1787345100000,75.374,75.823,75.254,75.704,77697.85
1787346000000,75.705,76.109,75.608,75.953,101256.94
1787346900000,75.947,76.762,75.917,76.679,237571.74
1787347800000,76.679,77.036,76.133,76.245,225152.31
1787348700000,76.253,77.08,75.994,77.078,249283.17
1787349600000,77.078,77.139,76.836,77.012,130939.47
1787350500000,77.007,77.153,76.513,77.121,143590.88
1787351400000,77.121,77.193,74.994,76.01,845371
1787352300000,76.01,76.398,75.893,76.181,142396.66
1787353200000,76.185,76.371,75.721,75.766,130475.79
1787354100000,75.766,76.391,75.691,76.212,224035.64
1787355000000,76.212,76.472,75.429,75.776,234193.35
1787355900000,75.765,75.791,75.021,75.555,135931.5
1787356800000,75.563,75.738,74.615,75.124,161761.07
1787357700000,75.126,75.5,75.126,75.159,58697.42
1787358600000,75.159,75.818,75.158,75.462,84858.03
1787359500000,75.462,76.215,75.28,75.991,124876.02
1787360400000,76.002,76.121,75.621,75.897,99590.61
1787361300000,75.902,76.298,75.727,76.206,41538.66
1787362200000,76.214,76.486,76.195,76.299,65654.51
1787363100000,76.313,76.76,76.177,76.597,86914.3
1787364000000,76.597,78.958,76.543,78.851,460308.05
1787364900000,78.848,79.6,78.831,79.492,393134.76
1787365800000,79.494,80.838,78.86,80.087,789910.46
1787366700000,80.091,81,79.867,80.718,374559.95
1787367600000,80.736,81.338,80.271,80.334,363704.13
1787368500000,80.334,82.151,80.329,82.11,371664.67
1787369400000,82.125,82.373,81.384,81.657,315933.4
1787370300000,81.673,82.535,81.549,82.147,220181.43
1787371200000,82.142,82.464,80.9,81.538,363524.6
1787372100000,81.538,82.17,80.698,81.62,284524.64
1787373000000,81.624,81.973,81.294,81.438,185847.47
1787373900000,81.448,81.52,80.82,81.2,133095.8
1787374800000,81.194,81.77,72.521,78.597,1700249.8
1787375700000,78.597,79.5,76.7,79.08,715569.29
1787376600000,79.081,80.158,77.854,78.543,514838.66
1787377500000,78.543,79.984,78.258,79.282,206552.61
1787378400000,79.319,79.729,78.375,78.509,170457.57
1787379300000,78.518,79.5,78.447,79.124,126737.72
1787380200000,79.118,80.041,78.351,79.969,148185.12
1787381100000,79.969,80.75,79.841,80.401,159937.06
1787382000000,80.413,80.79,79.382,79.803,247294.95
1787382900000,79.798,79.933,79.226,79.782,100199.86
1787383800000,79.791,79.935,79.132,79.592,66361.49
1787384700000,79.592,79.62,78.798,78.826,68969.99
1787385600000,78.825,79.239,78.483,78.791,98099.34
1787386500000,78.78,78.822,77.301,77.468,236766.85
1787387400000,77.483,77.733,76.813,77.287,226994.03
1787388300000,77.276,77.459,76.919,77.165,86093.19
1787389200000,77.165,77.923,76.035,77.81,244178.49
1787390100000,77.811,78.326,77.502,78.216,187684.64
1787391000000,78.219,78.393,77.906,78.219,96122.91
1787391900000,78.235,78.242,77.626,78.086,109950.26
1787392800000,78.088,78.187,76.4,76.729,197809.19
1787393700000,76.722,77.201,75.111,76.382,392113.71
1787394600000,76.38,77.168,76.225,77.133,90501.11
1787395500000,77.139,77.188,76.555,76.982,84398.3
1787396400000,76.982,77.081,76.169,76.533,74896.76
1787397300000,76.534,77.02,76.521,76.866,43059.76
1787398200000,76.874,77.773,76.793,77.764,88746.92
1787399100000,77.752,78.035,77.548,77.939,59124.97
1787400000000,77.948,78.429,77.832,78.205,115830.27
1787400900000,78.208,78.71,78.184,78.4,124538.79
1787401800000,78.4,78.42,77.775,77.949,66041.42
1787402700000,77.949,77.989,77.485,77.579,75081.9
1787403600000,77.583,77.968,77.377,77.931,57523.2
1787404500000,77.931,78.145,77.214,77.397,150576.87
1787405400000,77.397,77.62,77.14,77.33,50180.27
1787406300000,77.335,78.008,77.236,77.933,54939.46
1787407200000,77.932,78.047,77.091,77.677,72588.53
1787408100000,77.689,78.014,77.385,77.595,75515.22
1787409000000,77.595,77.9,77.339,77.351,60734.79
1787409900000,77.357,77.549,77.122,77.503,91989.62
1787410800000,77.51,77.724,77.15,77.206,42146.3
1787411700000,77.192,77.964,77.141,77.701,49746.19
1787412600000,77.705,78.22,77.61,77.794,52840.41
1787413500000,77.796,77.894,77.412,77.465,38030.9
1787414400000,77.467,77.679,77.272,77.649,23354.85
1787415300000,77.654,78.089,77.644,77.794,158699.35
1787416200000,77.794,78.385,77.31,78.289,90966.83
1787417100000,78.29,78.29,78,78.164,75467.4
1787418000000,78.165,78.496,78.144,78.191,56698.55
1787418900000,78.187,78.379,77.804,77.839,37861.01
1787419800000,77.839,79.302,77.827,79.031,166339.71
1787420700000,79.032,79.689,78.954,79.17,134218.27
1787421600000,79.17,79.233,78.758,78.914,40315.84
1787422500000,78.915,79.489,78.906,79.276,38757.75
1787423400000,79.277,79.65,78.907,78.908,51876.85
1787424300000,78.908,79.061,78.5,79.044,30345.28
1787425200000,79.044,79.354,78.867,79.313,36401.59
1787426100000,79.313,79.539,78.797,78.959,35954.22
1787427000000,78.958,79.325,78.842,79.212,17548.64
1787427900000,79.219,79.421,79.041,79.253,40659.8
1787428800000,79.253,79.88,79.063,79.864,99637.28
1787429700000,79.874,79.947,79.5,79.5,72026.86
1787430600000,79.5,79.8,79.25,79.78,53420.47
1787431500000,79.78,79.781,78.988,79.274,65396.65
1787432400000,79.25,79.25,78.267,78.447,160728.03
1787433300000,78.459,79.1,78.459,78.985,57247.74
1787434200000,78.986,79.085,78.043,78.516,76102.7
1787435100000,78.516,78.527,78.042,78.217,51732.79
1787436000000,78.218,79.272,77.927,79.247,134675.08
1787436900000,79.245,79.838,79.244,79.615,142448.06
1787437800000,79.616,79.761,79.106,79.139,83135.05
1787438700000,79.149,79.496,78.671,79.002,78388.18
1787439600000,78.969,79.556,78.808,78.918,77665.28
1787440500000,78.923,79.214,78.831,78.886,40585.65
1787441400000,78.886,79.367,78.482,79.108,58869.4
1787442300000,79.106,80,78.998,79.408,134473.57
1787443200000,79.411,79.771,79.01,79.409,80664.03
1787444100000,79.406,80.806,79.399,80.235,218634.05
1787445000000,80.213,80.706,80.113,80.208,129032.64
1787445900000,80.211,81.099,80.2,80.592,87316.8
1787446800000,80.592,80.791,80.152,80.745,59328.64
1787447700000,80.724,81.087,80.579,80.85,139707.95
1787448600000,80.839,81.164,80.27,80.462,168409.71
1787449500000,80.459,80.709,79.646,80.157,135537.34
1787450400000,80.157,80.249,79.409,79.461,109015.58
1787451300000,79.462,79.793,78.687,78.989,134814.53
1787452200000,78.99,79.305,78.621,78.687,64605.99
1787453100000,78.683,79.047,78.613,78.88,45784.01
1787454000000,78.885,78.977,78.404,78.797,38280.38
1787454900000,78.798,78.875,77.821,77.958,151863.59
1787455800000,77.959,77.988,77.49,77.583,109565.64
1787456700000,77.591,78.042,77.59,77.98,33319.06
1787457600000,77.981,78.584,77.61,78.584,110708.01
1787458500000,78.577,78.577,77.799,78.251,69073.05
1787459400000,78.263,78.263,77.367,77.385,76361.83
1787460300000,77.395,77.78,77.007,77.474,198521.63
1787461200000,77.46,77.942,77.342,77.455,68595.97
1787462100000,77.453,78.864,77.373,78.418,103978.34
1787463000000,78.418,78.621,78.123,78.284,40134.09
1787463900000,78.284,78.477,77.8,77.806,42242.02
1787464800000,77.802,77.978,77.3,77.897,76886.86
1787465700000,77.88,78.209,77.713,77.945,71226.75
1787466600000,77.945,78.805,77.945,78.772,171116.68
1787467500000,78.773,78.892,78.131,78.282,84109.33
1787468400000,78.282,78.907,78.168,78.901,39214
1787469300000,78.902,79.1,78.683,78.83,98148.56
1787470200000,78.831,78.833,78.435,78.502,63067.18
1787471100000,78.501,79.05,78.4,78.786,38640.46
1787472000000,78.787,79.315,78.651,79.078,132805.24
1787472900000,79.095,79.195,78.95,78.982,34501.31
1787473800000,78.982,79.385,78.982,79.366,76330.91
1787474700000,79.366,79.394,79.15,79.228,37924.36
1787475600000,79.228,79.397,79.14,79.195,30807.64
1787476500000,79.194,79.329,78.824,78.98,42189.21
1787477400000,78.974,79.175,78.751,79.058,30499.35
1787478300000,79.057,79.286,78.948,78.949,36968.4
1787479200000,78.948,79.286,78.888,79.148,16777.4
1787480100000,79.131,79.4,78.907,79.113,60902.46
1787481000000,79.112,79.368,79.035,79.267,21887.87
1787481900000,79.262,79.455,79.166,79.437,65615.23
1787482800000,79.437,79.619,79.372,79.551,54289.82
1787483700000,79.552,80.184,79.471,80.12,123164.3
1787484600000,80.121,81.204,80.031,81.157,211513.52
1787485500000,81.157,81.21,80.419,80.575,177517.55
1787486400000,80.571,80.608,80.029,80.243,104314.45
1787487300000,80.245,80.67,79.876,80.388,92577.62
1787488200000,80.388,80.8,80.338,80.796,42069.42
1787489100000,80.791,80.885,80.508,80.684,41562.76
1787490000000,80.671,81.288,80.635,81.253,120497
1787490900000,81.269,81.611,79.395,80.044,381639.87
1787491800000,80.038,80.319,79.641,80.235,123486.53
1787492700000,80.23,80.724,80.034,80.594,106521.88
1787493600000,80.582,80.8,79.944,80.355,97498.83
1787494500000,80.356,80.685,80.18,80.188,51551.36
1787495400000,80.186,80.428,78.371,79.378,224933.45
1787496300000,79.379,79.837,79.377,79.565,164872.06
1787497200000,79.562,79.754,79.2,79.502,120524.24
1787498100000,79.503,79.55,79.087,79.499,92169.39
1787499000000,79.5,79.824,79.413,79.792,80816.46
1787499900000,79.793,79.844,79.581,79.704,60322.69
1787500800000,79.704,79.96,79.61,79.96,123232.72
1787501700000,79.96,80.457,79.36,80.356,106871.28
1787502600000,80.357,80.747,80.151,80.603,73190.26
1787503500000,80.614,80.614,80.05,80.225,83096.22
1787504400000,80.226,80.5,79.804,80.404,74890.26
1787505300000,80.399,80.592,79.918,79.993,39044.46
1787506200000,79.982,80.281,79.71,80.141,27690.72
1787507100000,80.141,80.263,79.938,79.949,30226.57
1787508000000,79.949,80.712,79.89,80.707,56551.5
1787508900000,80.708,81,80.708,80.987,152586.88
1787509800000,80.999,81,80.846,80.908,86149.93
1787510700000,80.908,81.279,80.877,81.129,125282.5
1787511600000,81.129,81.306,80.636,80.864,90963.13
1787512500000,80.864,80.989,80.715,80.902,37913.93
1787513400000,80.903,81.161,80.675,81.092,69703.72
1787514300000,81.092,81.188,80.91,81.016,56187.8
1787515200000,81.017,81.098,80.756,81.031,101779.31
1787516100000,81.031,81.11,80.878,80.95,40812.55
1787517000000,80.95,81.05,80.56,80.867,95971.47
1787517900000,80.868,80.982,80.778,80.899,23444.83
1787518800000,80.9,81.188,80.899,81.143,48668.7
1787519700000,81.144,81.99,81.134,81.949,240372.79
1787520600000,81.949,82.062,81.414,81.646,168648.37
1787521500000,81.647,82.479,81.646,82.1,129212.21
1787522400000,82.1,82.398,81.641,82.054,96994.12
1787523300000,82.055,82.345,81.726,82.222,60360.34
1787524200000,82.223,83.257,82.135,82.834,289316.41
1787525100000,82.901,83,82.481,82.543,91775.16
1787526000000,82.543,82.867,82.217,82.421,93010.25
1787526900000,82.422,83.069,82.371,82.999,71761.31
1787527800000,83,83.464,81.795,82,287712.2
1787528700000,81.987,82.426,81.986,82.369,59121.26
1787529600000,82.37,82.376,81.501,81.583,164115.95
1787530500000,81.589,81.744,80.8,80.958,141730.71
1787531400000,80.97,81.307,80.777,80.871,71192.75
1787532300000,80.882,81.709,80.772,81.697,62373.95
1787533200000,81.699,81.923,80.992,81,56694.07
1787534100000,80.993,81.058,80.08,80.476,137655.3
1787535000000,80.497,80.815,80.339,80.529,42741.95
1787535900000,80.521,80.588,80.042,80.13,59422.43
1787536800000,80.142,80.689,79.8,80.659,130726.48
1787537700000,80.64,81.253,80.58,81.2,63445.03
1787538600000,81.2,81.271,80.992,81.114,50090.19
1787539500000,81.095,81.095,80.689,80.945,32097.8
1787540400000,80.952,81,80.082,80.226,59554.75
1787541300000,80.227,80.289,79.296,79.371,139770.77
1787542200000,79.369,79.859,79.205,79.696,114779.47
1787543100000,79.696,80.022,79.385,79.507,55235.56
1787544000000,79.496,80.174,79.495,79.983,95799.81
1787544900000,79.983,80.367,79.976,80.307,46982.21
1787545800000,80.307,80.518,80.098,80.436,66120.69
1787546700000,80.437,80.501,79.746,79.927,60869.5
1787547600000,79.927,80.427,79.7,80.421,59592.43
1787548500000,80.421,80.425,79.976,79.99,23191.39
1787549400000,79.99,80.483,79.363,80.102,193558.77
1787550300000,80.098,80.154,79.263,79.63,137802.38
1787551200000,79.63,79.875,78.989,79.833,113972.99
1787552100000,79.843,79.908,79.528,79.613,22736.21
1787553000000,79.614,79.664,79.2,79.324,43742.39
1787553900000,79.324,79.817,79.285,79.741,25771.01
1787554800000,79.757,80.376,79.653,80.321,48345.91
1787555700000,80.332,80.332,79.867,79.893,29730.68
1787556600000,79.888,79.902,79.404,79.415,40573.74
1787557500000,79.416,79.81,79.411,79.528,23796.82
1787558400000,79.522,79.529,78.032,78.154,434248.96
1787559300000,78.157,78.168,76.98,77.332,547652.39
1787560200000,77.332,78,77.313,77.985,134377.78
1787561100000,77.985,78.007,77.8,77.878,42302.99
1787562000000,77.879,78.477,77.841,78.47,60317.34
1787562900000,78.47,78.564,78.213,78.495,63070.93
1787563800000,78.495,78.527,78.346,78.371,36629.63
1787564700000,78.379,78.592,78.378,78.541,24034.98
1787565600000,78.541,79.061,78.416,79.028,94487.91
1787566500000,79.004,79.014,78.647,78.841,35826.55
1787567400000,78.841,78.985,78.609,78.637,35832.68
1787568300000,78.637,78.874,78.37,78.415,36480.03
1787569200000,78.409,79.06,78.035,79.042,69175.61
1787570100000,79.043,79.207,78.826,79.112,50953.7
1787571000000,79.113,80.39,79.062,80.132,260108.23
1787571900000,80.134,80.279,79.8,80.205,154468.7
1787572800000,80.205,80.209,79.731,79.781,209826.87
1787573700000,79.791,80.408,79.491,80.294,80369.12
1787574600000,80.297,80.692,80.122,80.42,94293.42
1787575500000,80.421,80.979,80.4,80.496,98241.63
1787576400000,80.496,80.99,80.173,80.931,125278.82
1787577300000,80.932,80.999,80.121,80.272,201336.29
1787578200000,80.272,80.281,78.727,78.935,475600.2
1787579100000,78.935,79.01,78.202,78.852,248971.03
1787580000000,78.853,79.823,78.782,79.79,248663.29
1787580900000,79.79,79.97,79.404,79.78,177158.18
1787581800000,79.78,80.53,79.741,80.118,276448.56
1787582700000,80.125,80.147,79.203,79.383,120196.88
1787583600000,79.383,79.685,79.1,79.426,83958.13
1787584500000,79.399,80.128,79.353,79.916,83439.84
1787585400000,79.916,80.055,78.456,78.626,201652.47
1787586300000,78.627,79.235,78.108,78.489,221255.58
1787587200000,78.489,79.222,78.489,78.93,64374.04
1787588100000,78.932,79.391,78.9,79.195,60047.45
1787589000000,79.19,79.314,78.733,78.965,41209.56
1787589900000,78.967,78.977,78.305,78.345,57566.99
1787590800000,78.346,78.939,77.895,78.797,179572.94
1787591700000,78.798,78.819,76.837,77.481,439664.02
1787592600000,77.482,77.641,76.594,76.808,235721.38
1787593500000,76.808,77.642,76.642,77.54,203658.77
1787594400000,77.54,77.888,77.518,77.751,58322.51
1787595300000,77.752,77.79,77.097,77.335,83794.03
1787596200000,77.335,77.478,76.925,77.286,86534.67
1787597100000,77.288,77.749,77.24,77.661,78257.02
1787598000000,77.661,77.869,77.304,77.741,74126.79
1787598900000,77.746,77.819,77.295,77.366,71296.23
1787599800000,77.366,77.85,77.301,77.593,34934.08
1787600700000,77.594,77.861,77.456,77.757,51777.11
1787601600000,77.751,78.021,77.637,77.754,63217.61
1787602500000,77.727,77.794,77.45,77.63,75324.46
1787603400000,77.631,78.188,77.507,77.875,30438.72
1787604300000,77.875,78.184,77.85,78.148,37161.43
1787605200000,78.148,78.436,77.968,78.037,67036.24
1787606100000,78.037,78.16,77.7,78.135,45599.87
1787607000000,78.133,78.37,77.823,78,81528.59
1787607900000,78.001,78.257,77.902,77.957,71555.89
1787608800000,77.96,78.1,77.782,78.034,14930.48
1787609700000,78.034,78.182,77.979,78.011,17772.24
1787610600000,78.012,78.352,77.975,78.011,24997.68
1787611500000,78.011,78.075,77.734,77.755,28054.88
1787612400000,77.761,77.968,77.658,77.878,17839.77
1787613300000,77.881,78.215,77.819,78.06,17935.26
1787614200000,78.055,78.919,78.02,78.827,151116.63
1787615100000,78.828,79.019,78.441,79.013,86823.9
1787616000000,79.009,79.009,78.538,78.555,50450.54
1787616900000,78.556,79.139,78.17,79.04,157496.05
1787617800000,79.041,79.433,78.85,79.409,86808.17
1787618700000,79.405,79.784,79.301,79.756,81523.18
1787619600000,79.759,79.917,79.041,79.372,188055.49
1787620500000,79.382,79.644,79.153,79.461,58430.26
1787621400000,79.461,79.666,79.251,79.493,65791.06
1787622300000,79.481,80.048,79.474,79.934,92412.87
1787623200000,79.966,80.061,79.631,79.844,100782.92
1787624100000,79.848,80.563,79.623,80.524,212705.11
1787625000000,80.525,80.885,79.911,80.607,238385.37
1787625900000,80.607,80.9,80.353,80.656,245354.67
1787626800000,80.657,81,80.562,80.801,228939.49
1787627700000,80.792,81.305,80.573,81.186,158043.24
1787628600000,81.196,81.337,80.054,80.568,424553.45
1787629500000,80.567,80.905,80.319,80.736,180450.68
1787630400000,80.735,81.076,80.6,81.076,130852.03
1787631300000,81.075,81.273,80.676,80.987,149006.98
1787632200000,80.988,81.097,80.735,80.917,54282.96
1787633100000,80.917,81.192,80.813,81.034,34665.05
1787634000000,81.021,81.348,80.94,81.226,48482.25
1787634900000,81.226,81.272,81.016,81.195,33396.57
1787635800000,81.195,81.317,80.622,80.646,69261.63
1787636700000,80.652,80.88,80.622,80.682,33250.48
1787637600000,80.683,81.117,80.65,81.105,29624.35
1787638500000,81.103,81.239,80.92,81.182,65800.91
1787639400000,81.177,81.177,80.68,80.982,40078
1787640300000,80.982,80.992,80.596,80.822,34500.88
1787641200000,80.823,81.271,80.782,81.26,83667.54
1787642100000,81.26,81.845,81.249,81.44,71854.68
1787643000000,81.44,81.611,81.218,81.333,45601.4
1787643900000,81.344,81.468,80.2,81.075,164321.14
1787644800000,81.08,81.299,80.7,81.285,78743.8
1787645700000,81.285,81.968,81.235,81.76,171773.44
1787646600000,81.76,81.95,81.471,81.703,81813.57
1787647500000,81.694,81.74,80.748,81.248,138014.22
1787648400000,81.249,81.493,80.888,81.389,67564.09
1787649300000,81.388,81.881,81.351,81.727,56004.5
1787650200000,81.73,82,81.73,81.959,85646.93
1787651100000,81.959,82,80.68,80.95,260237.46
1787652000000,80.949,81.076,80.609,80.835,120882.36
1787652900000,80.835,80.954,80.666,80.715,72267.21
1787653800000,80.716,80.939,80.471,80.828,66655.22
1787654700000,80.83,81.324,80.829,80.859,50757.61
1787655600000,80.859,81.1,79.809,80.114,194092.66
1787656500000,80.11,80.362,79.872,80.181,74235.25
1787657400000,80.181,80.686,80.135,80.185,79034.16
1787658300000,80.183,80.3,79.623,79.845,82681.64
1787659200000,79.845,80.326,79.736,80.164,76469.21
1787660100000,80.164,80.236,79.432,79.654,156162.54
1787661000000,79.655,79.732,79.318,79.654,64956.54
1787661900000,79.655,80.215,79.602,79.911,45912.09
1787662800000,79.91,80.175,79.174,79.413,88847.98
1787663700000,79.412,79.445,78.828,78.917,103070.88
1787664600000,78.906,79.92,78.893,79.328,134629.29
1787665500000,79.361,80.327,79.04,80.161,172865.76
1787666400000,80.149,80.999,79.889,80.981,206046.39
1787667300000,80.98,81.467,80.631,81.305,160438.78
1787668200000,81.304,81.536,80.882,80.963,175311.03
1787669100000,80.97,81.19,80.768,80.883,83128.11
1787670000000,80.882,81.3,80.536,80.93,176264.31
1787670900000,80.936,81.221,80.382,80.753,107096.93
1787671800000,80.754,81.203,80.697,81.015,49175.59
1787672700000,81.015,81.665,81.01,81.597,76644.39
1787673600000,81.606,81.9,81.32,81.357,172491.5
1787674500000,81.337,81.7,80.973,81.286,113954.9
1787675400000,81.286,81.674,81.224,81.531,47769.51
1787676300000,81.528,81.84,81.4,81.582,93090.49
1787677200000,81.582,81.75,81.131,81.375,85068.89
1787678100000,81.381,81.551,81.051,81.224,72437.06
1787679000000,81.219,81.52,81.188,81.396,54870.07
1787679900000,81.397,81.6,81.367,81.599,68395.14
1787680800000,81.599,82.5,81.57,82.496,352270.7
1787681700000,82.499,82.869,81.999,82.16,229522.82
1787682600000,82.16,82.46,81.839,82.378,174507.67
1787683500000,82.386,82.556,82.208,82.324,56690.61
1787684400000,82.324,82.5,81.958,82.464,81266.18
1787685300000,82.456,83.253,82,82.052,235194
1787686200000,82.053,82.14,80.768,81.16,435897.08
1787687100000,81.162,81.767,81.128,81.743,149404.9
1787688000000,81.744,81.77,80.788,81.194,84967.59
1787688900000,81.194,81.485,80.672,80.775,63369.05
1787689800000,80.763,80.878,79.866,79.932,185810.02
1787690700000,79.932,80,78.451,78.472,376506.13
1787691600000,78.461,79.317,78.293,79.151,274502.78
1787692500000,79.152,79.27,78.334,78.861,164248.61
1787693400000,78.861,79.604,78.674,79.292,167327.24
1787694300000,79.307,79.75,79.264,79.607,100256.72
1787695200000,79.607,80.212,79.6,79.999,112602.88
1787696100000,80.012,80.117,79.5,79.659,89685.47
1787697000000,79.659,80.366,79.472,80.046,70128.61
1787697900000,80.046,80.311,79.98,80.167,17853.39
1787698800000,80.165,80.392,79.962,80.119,36512.72
1787699700000,80.119,80.265,79.719,80.066,56089.35
1787700600000,80.067,80.077,79.6,79.628,46656.51
1787701500000,79.628,79.761,78.927,79.652,151982.03
1787702400000,79.653,80.264,79.433,79.985,175543.87
1787703300000,79.986,80.767,79.96,80.64,104405.28
1787704200000,80.64,80.696,80.167,80.248,61888.57
1787705100000,80.249,80.767,80.229,80.552,42213.73
1787706000000,80.553,81.06,80.486,80.661,56974.39
1787706900000,80.662,81.297,80.604,80.861,62731.28
1787707800000,80.862,81.538,80.862,81.286,99654.51
1787708700000,81.287,81.387,81.096,81.387,29631.48
1787709600000,81.38,81.413,81.057,81.292,26205.98
1787710500000,81.293,81.888,81.25,81.761,101143.87
1787711400000,81.762,81.913,81.641,81.879,34657.49
1787712300000,81.902,82,81.652,81.842,68080.99
1787713200000,81.843,81.994,81.652,81.776,37932.47
1787714100000,81.77,81.888,81.584,81.786,13620.89
1787715000000,81.775,81.956,81.456,81.873,71289.13
1787715900000,81.874,81.874,81.386,81.652,46726.42
1787716800000,81.653,81.967,81.578,81.77,38049.67
1787717700000,81.769,81.921,81.69,81.829,47258.06
1787718600000,81.83,82.25,81.658,82.02,100681.36
1787719500000,82.021,82.25,81.709,82.074,50340.74
1787720400000,82.07,82.156,81.512,81.611,110477.17
1787721300000,81.612,81.958,81.495,81.918,42189.77
1787722200000,81.919,83.055,81.823,82.868,188648.93
1787723100000,82.869,82.883,82.361,82.458,104679.07
1787724000000,82.463,82.633,82.071,82.12,67568.39
1787724900000,82.113,82.21,81.812,81.928,48644.94
1787725800000,81.925,82.124,81.706,81.848,38060.23
1787726700000,81.848,82.134,81.796,81.977,29761.43
1787727600000,81.978,82.455,81.664,82.168,47112.85
1787728500000,82.169,82.442,82.169,82.252,45043.5
1787729400000,82.251,82.251,81.881,82.071,56037.86
1787730300000,82.072,82.149,81.833,81.93,14061.27
1787731200000,81.93,82.28,81.567,82.142,54989.12
1787732100000,82.142,82.295,81.764,82.22,26520.3
1787733000000,82.221,82.3,81.965,82.272,27990.78
1787733900000,82.275,82.63,81.795,81.961,64869.31
1787734800000,81.962,82.158,81.767,81.885,27759.91
1787735700000,81.884,81.927,81.242,81.569,60469.24
1787736600000,81.57,81.783,81.417,81.417,32291.63
1787737500000,81.418,81.933,81.418,81.919,25377.38
1787738400000,81.92,82.268,81.746,82.214,30476.23
1787739300000,82.215,83.344,82.214,83.143,188138.76
1787740200000,83.143,83.734,82.818,83.329,222653.06
1787741100000,83.33,83.439,82.99,83.148,108985.35
1787742000000,83.149,83.568,83,83.091,127191
1787742900000,83.091,83.091,82.501,82.679,141849.3
1787743800000,82.676,82.699,81.42,81.872,265776.95
1787744700000,81.877,82.13,81.648,81.827,109726.16
1787745600000,81.828,81.919,81.111,81.628,210749.97
1787746500000,81.628,82.748,81.581,82.604,220192.45
1787747400000,82.606,82.625,81.438,81.814,231252.57
1787748300000,81.817,82.178,81.754,81.881,74898.04
1787749200000,81.892,82.114,80.775,80.837,258547.82
1787750100000,80.85,81.137,80.561,80.902,149142.75
1787751000000,80.902,81.868,80.902,81.845,140909.53
1787751900000,81.843,82.02,81.049,81.644,167084.64
1787752800000,81.64,82.457,81.256,81.893,344179.2
1787753700000,81.915,82.273,81.394,81.561,106203.78
1787754600000,81.562,81.784,81.09,81.134,140010.71
1787755500000,81.133,81.555,80.853,81.141,163241.61
1787756400000,81.14,81.426,80.731,80.953,114863.19
1787757300000,80.94,81.307,80.755,81.267,67909.16
1787758200000,81.267,81.267,80.689,80.72,50761.11
1787759100000,80.72,80.956,80.357,80.452,79555.57
1787760000000,80.452,80.931,80.23,80.765,83510.09
1787760900000,80.766,80.866,80,80.314,100955.68
1787761800000,80.314,80.321,79.441,79.696,317355.92
1787762700000,79.696,80.08,79.46,79.652,140224.37
1787763600000,79.653,80.151,79.468,80.151,132210.08
1787764500000,80.151,80.999,80.148,80.85,109838.73
1787765400000,80.851,81.184,80.693,80.957,68699.33
1787766300000,80.95,80.959,80.5,80.735,58790.07
1787767200000,80.746,81.234,80.422,81.041,62437.01
1787768100000,81.041,81.24,80.806,80.828,18778.04
1787769000000,80.83,81,80.653,80.835,38755.89
1787769900000,80.835,81.14,80.82,81.026,24591.68
1787770800000,81.026,81.179,80.719,80.964,29841.34
1787771700000,80.964,81.384,80.844,81.223,55402.99
1787772600000,81.23,81.295,80.966,81.044,34173.16
1787773500000,81.044,81.148,80.86,81.096,33739.18
1787774400000,81.102,81.48,81.06,81.141,138962.96
1787775300000,81.141,81.178,80.081,80.512,171985.94
1787776200000,80.512,80.512,80.01,80.247,87164.44
1787777100000,80.251,80.486,80.129,80.409,34285.39
1787778000000,80.409,81.167,80.389,81.159,73949.15
1787778900000,81.16,81.844,81.143,81.824,300047.79
1787779800000,81.825,81.982,81.457,81.811,177954.89
1787780700000,81.812,82.279,81.779,82.138,159918.86
1787781600000,82.134,82.287,81.91,82.156,83341.05
1787782500000,82.144,82.95,82.096,82.55,251719.08
1787783400000,82.542,82.542,81.528,82.221,301680.55
1787784300000,82.219,82.316,81.158,81.353,231133.06
1787785200000,81.348,81.704,81.31,81.657,49018.17
1787786100000,81.658,82.371,81.57,82.132,94009.84
1787787000000,82.132,82.387,81.833,82.296,35917.72
1787787900000,82.297,82.543,82.19,82.282,83889.36
1787788800000,82.296,82.305,81.944,82.05,30712.22
1787789700000,82.05,82.209,81.764,81.975,31571.22
1787790600000,81.975,81.975,81.225,81.468,116699.23
1787791500000,81.468,81.7,81.158,81.17,75794.31
1787792400000,81.17,81.455,81.114,81.308,40753.45
1787793300000,81.308,82.01,81.117,81.999,68414.68
1787794200000,82,82.139,81.5,81.511,52734.51
1787795100000,81.511,82,81.425,81.793,36700.17
1787796000000,81.793,82.23,81.3,81.493,152590.02
1787796900000,81.482,81.546,80.93,81.017,130785.43
1787797800000,81.017,81.354,80.798,80.799,54787.31
1787798700000,80.803,81.121,80.798,81.062,46084.61
1787799600000,81.062,81.259,80.94,80.984,29700.66
1787800500000,80.984,81.415,80.875,81.306,60329.79
1787801400000,81.306,81.343,81.171,81.266,10515.28
1787802300000,81.266,81.405,80.627,80.756,132050.5
1787803200000,80.756,81.055,80.756,81.051,13972.33
1787804100000,81.051,81.106,80.853,80.908,14745.48
1787805000000,80.906,80.906,80.5,80.787,48846.82
1787805900000,80.797,80.842,80.5,80.707,28979.94
1787806800000,80.707,80.917,80.606,80.763,14516.36
1787807700000,80.762,81.008,80.629,80.865,18137.19
1787808600000,80.864,81.038,80.579,80.985,25709.95
1787809500000,80.984,81.8,80.961,81.592,72721.57
1787810400000,81.592,81.592,80.899,81.109,76181.53
1787811300000,81.109,81.316,80.959,81.156,20911.87
1787812200000,81.156,81.514,81.124,81.444,43844.46
1787813100000,81.444,81.662,81.44,81.621,27355.83
1787814000000,81.621,81.69,81.276,81.4,31521.53
1787814900000,81.399,81.54,81.382,81.454,19913.26
1787815800000,81.453,81.58,81.434,81.48,13536.05
1787816700000,81.475,81.833,81.475,81.733,61252.07
1787817600000,81.733,82.28,81.647,82.1,134217.16
1787818500000,82.104,82.121,81.357,82.082,131125.07
1787819400000,82.081,82.363,81.979,82.273,82298.39
1787820300000,82.272,82.49,82.166,82.488,87001.16
1787821200000,82.487,82.68,82.256,82.579,95545.26
1787822100000,82.583,82.982,82.438,82.905,73806.05
1787823000000,82.905,83.172,82.619,83.107,119378.43
1787823900000,83.101,83.86,82.832,83.056,431620.84
1787824800000,83.056,83.68,82.722,83.113,396537.82
1787825700000,83.113,83.258,81.888,82.446,295714.98
1787826600000,82.446,82.681,82.114,82.4,139116.04
1787827500000,82.4,82.479,82.01,82.252,57341.61
1787828400000,82.262,82.831,82.146,82.707,95196.8
1787829300000,82.7,82.73,82.042,82.066,84222.43
1787830200000,82.066,82.28,81.631,81.957,76855.49
1787831100000,81.957,82.147,81.597,82.042,53166.53
1787832000000,82.042,82.503,82.039,82.353,67618.71
1787832900000,82.353,82.494,82.077,82.348,27265.28
1787833800000,82.348,82.452,82.01,82.074,39565.7
1787834700000,82.078,82.439,82.018,82.271,41754.42
1787835600000,82.271,82.778,82.251,82.488,77427.71
1787836500000,82.494,82.656,82.352,82.551,41007.12
1787837400000,82.551,82.639,82.033,82.335,117629.66
1787838300000,82.335,82.987,82.01,82.915,263014.75
1787839200000,82.91,83.077,82.25,82.27,287218.76
1787840100000,82.269,83.527,82.119,83.371,386242.71
1787841000000,83.386,84.8,83.287,84.751,576111.14
1787841900000,84.746,84.752,83.821,84.191,355604.23
1787842800000,84.185,84.96,84,84.757,244471.43
1787843700000,84.757,85.499,84.283,85.273,395496.48
1787844600000,85.28,85.5,84.857,85.014,284294.2
1787845500000,84.999,85.1,84.366,84.634,237005.34
1787846400000,84.633,84.912,83.733,84.61,264552.04
1787847300000,84.592,85.128,84.566,84.829,146648.89
1787848200000,84.829,85.299,84.536,85.262,125071.59
1787849100000,85.261,85.46,84.62,84.687,138002.31
1787850000000,84.682,85.833,84.496,85.658,217856.74
1787850900000,85.632,86.211,85.4,85.454,267851.62
1787851800000,85.454,86.261,85.235,86.029,204343.01
1787852700000,86.023,86.41,85.586,85.67,168357.82
1787853600000,85.663,86.341,85.333,85.57,158760.75
1787854500000,85.57,85.922,84.7,85.2,213437.49
1787855400000,85.208,86.085,85.17,85.925,116734.14
1787856300000,85.913,86.34,85.644,86.311,76333.05
1787857200000,86.311,86.727,86.218,86.26,159508.61
1787858100000,86.267,86.727,85.939,86.47,153940.82
1787859000000,86.469,86.583,85.317,85.565,206130.09
1787859900000,85.564,85.7,84.819,84.819,194481.66
1787860800000,84.835,85.165,84.291,84.341,144305.14
1787861700000,84.358,85.469,84.358,85.27,182124.46
1787862600000,85.27,85.336,84.856,85.118,32396.61
1787863500000,85.118,85.438,85.044,85.339,50993.72
1787864400000,85.339,85.37,84.921,84.938,62261.53
1787865300000,84.938,85.157,84.614,84.701,96745.01
1787866200000,84.691,84.909,84.173,84.369,93012.9
1787867100000,84.371,84.774,84.243,84.746,87893.78
1787868000000,84.748,85.123,84.748,84.988,56080.22
1787868900000,84.988,85.34,84.494,84.747,74352.74
1787869800000,84.74,84.902,84.626,84.675,19181.16
1787870700000,84.676,84.987,84.508,84.926,24813.39
1787871600000,84.925,84.991,84.757,84.84,22010.48
1787872500000,84.84,85.256,84.807,85.06,51471.61
1787873400000,85.06,85.152,84.858,84.907,15663.26
1787874300000,84.907,84.909,84.566,84.641,19549.1
1787875200000,84.641,84.65,84.252,84.262,50801.56
1787876100000,84.263,84.533,84.201,84.505,23110.93
1787877000000,84.506,84.535,83.836,83.972,90377.45
1787877900000,83.972,84.283,83.812,84.117,63169.38
1787878800000,84.129,84.428,84.115,84.168,33948.09
1787879700000,84.168,85.035,84.1,84.953,70333.64
1787880600000,84.956,84.989,84.177,84.24,85525.01
1787881500000,84.24,84.242,83.8,83.949,92810.36
1787882400000,83.949,84.082,83.503,83.522,87156.92
1787883300000,83.522,83.819,83.429,83.444,102546.83
1787884200000,83.444,83.87,83.302,83.454,62176.19
1787885100000,83.483,83.55,83.271,83.328,43859.36
1787886000000,83.329,83.363,83.063,83.277,60526.28
1787886900000,83.278,83.779,83.262,83.555,47142.77
1787887800000,83.555,83.767,83.521,83.6,33252.6
1787888700000,83.6,83.793,83.528,83.628,18961.94
1787889600000,83.628,83.822,82.927,83.308,104855.14
1787890500000,83.308,83.515,83.033,83.042,38945.66
1787891400000,83.042,83.2,82.891,83.093,31446.46
1787892300000,83.092,83.39,83.085,83.247,32878.52
1787893200000,83.246,83.294,82.923,83.021,36909.97
1787894100000,83.02,83.266,82.857,83.266,46355.7
1787895000000,83.265,83.425,82.954,83.099,44334.99
1787895900000,83.098,83.342,82.974,83.013,21123.38
1787896800000,83.013,83.384,82.986,83.366,25502.79
1787897700000,83.366,83.37,83.045,83.132,18162.67
1787898600000,83.132,83.515,83.124,83.286,37448.61
1787899500000,83.286,83.697,83.282,83.573,46015.57
1787900400000,83.573,83.588,83.115,83.208,59321.4
1787901300000,83.207,83.684,83.207,83.619,43627.07
1787902200000,83.629,83.757,83.538,83.557,22828.82
1787903100000,83.564,84.233,83.564,84.061,69982.24
1787904000000,84.046,84.777,84.035,84.629,84825.28
1787904900000,84.629,84.637,84.169,84.19,60184.9
1787905800000,84.191,84.273,83.863,83.901,39772.82
1787906700000,83.901,83.909,83.21,83.369,78630.16
1787907600000,83.369,83.375,83.042,83.254,53872.6
1787908500000,83.247,83.293,82.9,82.957,56995.71
1787909400000,82.957,83.132,82.394,82.579,207464.31
1787910300000,82.579,83.123,82.579,82.693,59836.37
1787911200000,82.693,82.701,82.26,82.65,118800.74
1787912100000,82.65,82.941,82.556,82.894,42899.39
1787913000000,82.895,83.188,82.875,83.016,46708.16
1787913900000,83.002,83.579,82.959,83.444,65840.67
1787914800000,83.452,83.658,83.254,83.368,46991.48
1787915700000,83.369,83.629,83.367,83.514,31833.29
1787916600000,83.514,83.587,83.135,83.154,29106.66
1787917500000,83.156,83.201,82.927,82.997,33640.25
1787918400000,82.992,83.279,82.801,82.82,43556.92
1787919300000,82.82,83.225,82.82,83.053,40630.37
1787920200000,83.049,83.066,82.62,82.794,59508.12
1787921100000,82.794,83.064,82.677,83.033,37967.37
1787922000000,83.034,83.658,82.985,83.658,124397.94
1787922900000,83.658,84.2,83.5,84.043,178328.17
1787923800000,84.027,84.204,83.57,83.651,114397.81
1787924700000,83.663,84.33,83.504,84,122028.18
1787925600000,84.041,84.516,82.544,82.616,407971.96
1787926500000,82.633,83.475,82.527,83.345,216915.34
1787927400000,83.345,84.776,82.907,84.335,332795.73
1787928300000,84.336,85.188,83.75,84.729,198465.13
1787929200000,84.74,85.1,83.544,83.761,172893.43
1787930100000,83.76,84.34,83.702,83.861,126899.93
1787931000000,83.856,83.95,82.716,82.751,173820.88
1787931900000,82.739,83.067,81.208,81.737,591184.17
1787932800000,81.71,81.98,80.64,80.644,443685.88
1787933700000,80.646,81.569,80.063,81.551,526667.62
1787934600000,81.549,82.021,81.316,81.475,320835.71
1787935500000,81.49,82.11,81.49,81.535,123613.34
1787936400000,81.534,81.969,81.175,81.968,120701.9
1787937300000,81.906,82.186,81.327,81.561,180348.74
1787938200000,81.562,81.572,80.794,80.872,130815.43
1787939100000,80.872,81.425,80.576,80.759,160484.21
1787940000000,80.788,80.903,80.167,80.763,237581.45
1787940900000,80.754,80.769,79.5,79.722,593412.86
1787941800000,79.723,79.815,78.747,79.09,377656.95
1787942700000,79.089,79.272,78.348,79.265,538762.05
1787943600000,79.266,79.799,79.144,79.443,269121.52
1787944500000,79.443,79.904,79.343,79.84,110599.71
1787945400000,79.84,80.138,79.554,79.967,91774.07
1787946300000,79.966,80.09,79.511,79.621,108676.78
1787947200000,79.633,79.9,79.382,79.502,106942.97
1787948100000,79.489,79.963,79.444,79.775,74709.43
1787949000000,79.805,80.5,79.678,80.359,153463.58
1787949900000,80.36,80.36,79.686,79.808,128078.13
1787950800000,79.811,79.957,79.633,79.745,34127.34
1787951700000,79.744,79.889,79.516,79.879,21609.93
1787952600000,79.891,80.766,79.891,80.119,88595.81
1787953500000,80.118,80.135,79.768,79.825,54828.33
1787954400000,79.824,80.435,79.805,80.215,39581.44
1787955300000,80.247,80.596,80.098,80.489,36937.2
1787956200000,80.489,80.821,80.391,80.759,39911.63
1787957100000,80.758,81.222,80.666,81.094,155973.55
1787958000000,81.105,81.19,80.845,81.071,60659.92
1787958900000,81.058,81.065,80.703,80.76,39011.2
1787959800000,80.759,80.92,80.73,80.867,12732.7
1787960700000,80.866,81,80.698,80.942,14938.54
1787961600000,80.941,81.228,80.577,80.66,55859.75
1787962500000,80.663,80.796,80.468,80.571,72697.12
1787963400000,80.567,80.609,80.327,80.429,36400.19
1787964300000,80.428,80.458,80.098,80.142,54086.9
1787965200000,80.142,80.22,80.07,80.109,42426.11
1787966100000,80.109,80.353,80.065,80.325,30405.28
1787967000000,80.315,80.449,80.221,80.288,18484.41
1787967900000,80.284,80.5,80.117,80.5,19381.13
1787968800000,80.5,80.577,80.3,80.33,8366.45
1787969700000,80.33,80.36,80.135,80.219,15132.08
1787970600000,80.218,80.558,80.156,80.471,21837.07
1787971500000,80.472,80.821,80.42,80.725,13552.85
1787972400000,80.725,80.898,80.704,80.804,15042.06
1787973300000,80.804,82.2,80.771,82.151,288569.56
1787974200000,82.151,82.161,81.666,81.666,66854.74
1787975100000,81.672,81.739,81.4,81.532,29221.4
1787976000000,81.533,81.843,81.496,81.664,27507.74
1787976900000,81.664,81.722,81.462,81.518,27501.73
1787977800000,81.53,81.751,81.389,81.75,14368.13
1787978700000,81.751,82.1,81.75,81.836,129098.26
1787979600000,81.845,82.153,81.825,81.901,34979.63
1787980500000,81.903,81.996,81.823,81.877,16708.43
1787981400000,81.877,81.972,81.74,81.945,13398.81
1787982300000,81.945,82.067,81.842,81.892,13825.86
1787983200000,81.9,81.924,81.214,81.252,78497.92
1787984100000,81.252,81.5,80.801,81.376,212654.62
1787985000000,81.388,81.476,81.292,81.299,21441.55
1787985900000,81.299,81.478,81.26,81.396,16345.9
1787986800000,81.396,81.691,81.203,81.26,43368.82
1787987700000,81.26,81.402,81.138,81.162,14377.46
1787988600000,81.166,81.7,81.158,81.631,17529.33
1787989500000,81.645,81.784,81.294,81.376,27663.18
1787990400000,81.376,81.435,81.216,81.243,23704.36
1787991300000,81.232,81.24,81.071,81.169,22364.02
1787992200000,81.17,81.17,80.957,81.12,34884.61
1787993100000,81.12,81.224,81.017,81.212,33353.92
1787994000000,81.213,81.366,81.001,81.366,46738.69
1787994900000,81.366,81.39,81.101,81.109,28730.19
1787995800000,81.115,81.648,81.101,81.372,59469.99
1787996700000,81.371,81.493,81.282,81.349,27624.16
1787997600000,81.344,81.353,81.001,81.056,36995.41
1787998500000,81.061,81.453,81.042,81.305,30149.67
1787999400000,81.306,81.336,81.175,81.21,24669.89
1788000300000,81.208,81.453,81.19,81.256,23919.96
1788001200000,81.256,81.372,81.154,81.337,19299.53
1788002100000,81.335,81.439,81.189,81.241,12012.94
1788003000000,81.244,81.323,81.116,81.126,14350.83
1788003900000,81.127,81.275,80.845,80.869,31357.41
1788004800000,80.87,81.183,80.869,81.182,20666.12
1788005700000,81.184,81.333,81.115,81.205,14074.1
1788006600000,81.203,81.275,80.888,81.19,24284.59
1788007500000,81.189,81.474,81.176,81.439,20063.4
1788008400000,81.439,81.608,81.254,81.372,13936.85
1788009300000,81.371,81.572,81.353,81.474,15470.44
1788010200000,81.475,81.629,81.416,81.6,8522.83
1788011100000,81.6,81.976,81.534,81.885,67814.75
1788012000000,81.887,81.952,81.692,81.931,18937.75
1788012900000,81.938,82.221,81.922,81.998,80573.54
1788013800000,81.998,82.602,81.998,82.513,123718.64
1788014700000,82.516,82.833,82.454,82.725,101206.03
1788015600000,82.737,82.9,82.466,82.832,75837.39
1788016500000,82.837,83.032,82.629,82.992,69801.9
1788017400000,82.985,83.102,82.728,83.026,78399.6
1788018300000,83.027,83.198,82.703,82.97,59660.71
1788019200000,82.97,83.377,82.969,83.186,68740.21
1788020100000,83.187,83.5,82.88,83.169,132877.72
1788021000000,83.165,83.353,82.986,83.254,45439.72
1788021900000,83.269,83.557,82.971,82.989,82648.33
1788022800000,82.99,83.3,82.989,83.152,23027.63
1788023700000,83.152,83.349,82.774,82.842,57578.72
1788024600000,82.816,83.084,82.743,82.988,29795.92
1788025500000,82.985,83.278,82.985,83.188,31963.92
1788026400000,83.187,83.25,82.783,82.861,37562
1788027300000,82.863,82.938,82.534,82.756,55780.98
1788028200000,82.766,83.165,82.766,83.014,30728.33
1788029100000,83.013,83.29,83.008,83.147,20301.47
1788030000000,83.148,83.24,83.01,83.153,16438.28
1788030900000,83.154,83.23,82.857,82.944,42894.94
1788031800000,82.945,82.998,82.65,82.937,45557.18
1788032700000,82.938,82.975,82.76,82.84,14571.86
1788033600000,82.84,82.955,82.803,82.923,20491.72
1788034500000,82.924,82.956,82.77,82.877,28908.79
1788035400000,82.878,82.95,82.756,82.91,25145.21
1788036300000,82.911,82.95,82.747,82.782,20788.62
1788037200000,82.782,82.956,82.659,82.945,21022.62
1788038100000,82.945,82.956,82.834,82.928,16950.27
1788039000000,82.929,83.239,82.928,83.028,19437.38
1788039900000,83.032,83.461,83.031,83.154,51046.27
1788040800000,83.153,83.454,83.09,83.299,33625.32
1788041700000,83.3,83.357,83.155,83.304,24627.22
1788042600000,83.304,83.563,83.281,83.394,59955.51
1788043500000,83.386,83.472,83.295,83.47,16269.06
1788044400000,83.471,83.53,83.288,83.47,32020.38
1788045300000,83.469,83.49,83.118,83.281,26994.57
1788046200000,83.281,83.291,83.075,83.084,20131.68
1788047100000,83.083,83.458,83.083,83.382,27605.56
1788048000000,83.38,83.38,83.081,83.214,12131.1
1788048900000,83.213,83.458,83.073,83.163,22264.77
1788049800000,83.173,83.263,83.01,83.089,31197.79
1788050700000,83.084,83.235,83.013,83.185,23316.56
1788051600000,83.184,83.187,83.044,83.18,18526.41
1788052500000,83.18,83.378,83.065,83.065,17111.73
1788053400000,83.078,83.251,83.016,83.087,33221.59
1788054300000,83.087,83.462,83.083,83.312,22680.02
1788055200000,83.318,83.328,83.074,83.223,10582.17
1788056100000,83.223,83.376,83.103,83.16,17994.21
1788057000000,83.174,83.3,83.024,83.249,25232.5
1788057900000,83.248,83.251,82.891,82.959,15974.99
1788058800000,82.958,83.041,82.776,82.922,22794.97
1788059700000,82.921,83.128,82.817,83.127,13101.9
1788060600000,83.131,83.16,82.959,83.005,10826.34
1788061500000,83.004,83.005,82.781,82.818,10739.95
1788062400000,82.817,82.971,82.791,82.971,8957.47
1788063300000,82.97,83.099,82.908,83.005,14826.56
1788064200000,83.004,83.016,82.838,82.886,9816.58
1788065100000,82.886,82.886,82.482,82.869,32981.66
1788066000000,82.853,82.973,82.83,82.931,13821.44
1788066900000,82.931,82.97,82.882,82.969,4585.08
1788067800000,82.968,83.122,82.9,83.082,15109.52
1788068700000,83.083,83.279,83.057,83.14,13240.17
1788069600000,83.14,83.14,82.968,83.116,5833.17
1788070500000,83.115,83.289,83.075,83.254,12971.41
1788071400000,83.254,83.45,83.123,83.34,19994.95
1788072300000,83.34,83.4,83.205,83.385,9684.69
1788073200000,83.386,83.39,83.12,83.187,27851.69
1788074100000,83.187,83.318,83.12,83.249,5900.93
1788075000000,83.248,83.249,82.825,82.84,21176.7
1788075900000,82.851,83.001,82.654,82.875,46244.62
1788076800000,82.882,83.078,82.847,83.066,10414.7
1788077700000,83.066,83.575,83.047,83.504,35854.08
1788078600000,83.504,83.923,83.423,83.675,67697.18
1788079500000,83.661,83.661,83.348,83.391,34305.86
1788080400000,83.391,83.567,83.146,83.275,21164.92
1788081300000,83.272,83.605,83.118,83.294,23420.79
1788082200000,83.294,83.376,83.047,83.228,12724.6
1788083100000,83.228,83.278,83.047,83.263,13076.09
1788084000000,83.252,83.496,83.169,83.385,11175.89
1788084900000,83.385,83.571,83.302,83.459,10327.37
1788085800000,83.46,83.571,83.322,83.546,9112.62
1788086700000,83.547,83.591,83.44,83.512,8146.05
1788087600000,83.513,83.588,83.241,83.437,22629.24
1788088500000,83.438,83.46,83.285,83.4,6122.67
1788089400000,83.401,83.455,83.227,83.396,8704.55
1788090300000,83.396,83.6,83.313,83.596,8987.62
1788091200000,83.597,83.896,83.485,83.65,39168.73
1788092100000,83.638,83.644,83.257,83.399,30963.28
1788093000000,83.395,83.591,83.213,83.481,15410.93
1788093900000,83.481,83.84,83.418,83.79,30967.42
1788094800000,83.786,83.837,83.509,83.59,23221.15
1788095700000,83.59,83.761,83.547,83.664,9591.4
1788096600000,83.665,83.791,83.602,83.735,9901.44
1788097500000,83.736,83.994,83.714,83.908,41030.67
1788098400000,83.908,84.155,83.85,84.08,116712.92
1788099300000,84.08,84.08,83.75,83.784,29626.06
1788100200000,83.785,83.826,83.531,83.6,16723.57
1788101100000,83.6,83.652,83.326,83.543,49702.56
1788102000000,83.543,83.641,83.309,83.364,16711.27
1788102900000,83.364,83.733,83.364,83.584,13784.31
1788103800000,83.585,83.785,83.564,83.607,11737.29
1788104700000,83.609,83.628,83.053,83.184,53223.26
1788105600000,83.184,83.713,83.157,83.697,25085.45
1788106500000,83.692,83.819,83.529,83.532,35579.58
1788107400000,83.532,83.766,83.462,83.576,42206.05
1788108300000,83.577,83.93,83.576,83.928,77689.48
1788109200000,83.928,84.064,83.807,84.046,85509.34
1788110100000,84.05,84.064,82.544,82.916,337310.51
1788111000000,82.917,83.142,82.568,83.142,75365.32
1788111900000,83.142,83.36,83.078,83.323,32290.79
1788112800000,83.33,83.404,82.963,83.026,28121.39
1788113700000,83.026,83.428,83.025,83.428,37286.81
1788114600000,83.425,83.599,83.38,83.501,25927.39
1788115500000,83.502,83.511,83.28,83.356,13428.33
1788116400000,83.356,83.42,83.114,83.37,21514.5
1788117300000,83.371,83.439,83.007,83.031,18884.58
1788118200000,83.031,83.191,82.613,82.707,58071.25
1788119100000,82.708,82.813,82.542,82.693,33363.79
1788120000000,82.69,82.816,82.534,82.603,39259.14
1788120900000,82.603,82.8,82.192,82.29,92568.24
1788121800000,82.284,82.333,81.571,81.631,157671.53
1788122700000,81.628,81.948,81.627,81.694,52031.35
1788123600000,81.694,81.979,81.317,81.814,137858.02
1788124500000,81.808,82.157,81.773,82.056,66590.17
1788125400000,82.056,82.261,81.9,81.932,49097.59
1788126300000,81.932,81.966,81.81,81.87,22752.69
1788127200000,81.875,82.135,81.717,81.718,46349.15
1788128100000,81.718,81.718,80.86,81.154,271321.67
1788129000000,81.154,81.187,80.9,80.96,72480.77
1788129900000,80.96,81.04,80.62,80.824,115816.78
1788130800000,80.824,80.824,80.5,80.573,127881.44
1788131700000,80.573,80.78,79.521,79.687,311616.04
1788132600000,79.662,80.02,79.035,79.507,367716.85
1788133500000,79.508,80.265,79.017,79.992,239649.82
1788134400000,79.986,80.179,79.519,79.919,161721.86
1788135300000,79.919,80.667,79.886,80.35,89082.56
1788136200000,80.35,80.59,80.29,80.337,26002.74
1788137100000,80.336,80.45,80.109,80.178,40208.01
1788138000000,80.178,80.274,79.927,80.049,61496.9
1788138900000,80.049,80.382,79.948,80.22,34806.72
1788139800000,80.229,80.388,79.88,80.126,58377.52
1788140700000,80.126,80.26,79.94,80.001,35679.38
1788141600000,80.001,80.94,79.864,80.856,76105.11
1788142500000,80.857,80.942,80.468,80.843,47093.51
1788143400000,80.844,80.892,80.312,80.4,36559
1788144300000,80.413,80.508,79.748,80.005,71379.16
1788145200000,80.006,80.314,79.877,80.271,60641.48
1788146100000,80.272,80.487,80.245,80.382,41517.79
1788147000000,80.383,80.615,80.354,80.601,23198.27
1788147900000,80.602,80.622,80.196,80.352,31103.68
1788148800000,80.353,80.353,80.035,80.123,33399.33
1788149700000,80.124,80.179,79.941,80.07,15727.08
1788150600000,80.067,80.282,80.02,80.176,17860.62
1788151500000,80.176,80.287,80.019,80.218,12991.13
1788152400000,80.22,80.733,80.157,80.639,31917.79
1788153300000,80.639,81.168,80.575,80.903,82744.67
1788154200000,80.907,80.996,80.7,80.9,29860.72
1788155100000,80.9,81.197,80.899,81.095,50982.57
1788156000000,81.094,81.094,80.759,80.86,12149.63
1788156900000,80.861,81.075,80.86,81.075,16098.86
1788157800000,81.075,81.075,80.748,80.852,25409.96
1788158700000,80.852,80.957,80.796,80.9,8454.9
1788159600000,80.898,81.056,80.769,80.972,22608.48
1788160500000,80.973,81.196,80.954,81.06,29396.07
1788161400000,81.061,81.141,80.875,81.091,11581.64
1788162300000,81.092,81.327,81.059,81.178,26292.41
1788163200000,81.179,81.505,80.953,81.298,37602.51
1788164100000,81.298,81.439,81.112,81.296,27397.91
1788165000000,81.297,81.495,81.135,81.359,22258.66
1788165900000,81.359,81.396,81.209,81.337,16693.77
1788166800000,81.338,81.535,81.208,81.232,20676.52
1788167700000,81.238,81.492,81.13,81.309,35225.33
1788168600000,81.31,81.39,81.192,81.258,11642.28
1788169500000,81.261,81.411,81.22,81.274,27942.19
1788170400000,81.283,81.437,81.162,81.429,20519.8
1788171300000,81.429,81.885,81.191,81.776,32088.05
1788172200000,81.788,81.93,81.653,81.93,24044.28
1788173100000,81.918,82.13,81.667,81.764,76446.46
1788174000000,81.766,82.063,81.704,81.865,29328.67
1788174900000,81.865,81.976,81.742,81.793,30024.82
1788175800000,81.793,81.795,81.553,81.6,22953.07
1788176700000,81.6,81.81,81.523,81.786,24205.89
1788177600000,81.787,82.058,81.74,82.013,34878.95
1788178500000,82.028,82.06,81.485,81.522,39225.84
1788179400000,81.523,81.523,80.918,81.199,82657.92
1788180300000,81.195,81.202,80.861,81.139,42621.25
1788181200000,81.139,81.551,81.077,81.312,59833.02
1788182100000,81.314,81.465,81.086,81.379,41197.38
1788183000000,81.387,81.565,80.88,81.001,86866.24
1788183900000,81.001,81.084,80.476,80.578,105579.57
1788184800000,80.58,80.983,80.58,80.785,43179.78
1788185700000,80.782,81.064,80.71,80.925,30558.61
1788186600000,80.938,81.806,80.886,81.699,85689.98
1788187500000,81.7,81.781,81.241,81.572,50932.8
1788188400000,81.572,81.707,81.334,81.346,40275.98
1788189300000,81.346,82.353,81.225,82.282,106912.89
1788190200000,82.282,82.529,81.891,82.502,156194.82
1788191100000,82.502,82.531,82.06,82.118,66897.09
1788192000000,82.119,82.598,82,82.114,76042.55
1788192900000,82.114,82.174,81.619,81.859,117521.02
1788193800000,81.867,84.238,81.735,83.889,330739.98
1788194700000,83.917,85.001,83.322,83.829,1033335.62
1788195600000,83.803,84.234,83.533,84.19,212329.21
1788196500000,84.177,84.505,83.835,84.152,184173.93
1788197400000,84.154,84.458,83.898,84.232,87902.55
1788198300000,84.233,84.35,83.959,84.049,37053.27
1788199200000,84.058,84.455,83.761,84.43,97934.17
1788200100000,84.422,84.8,84,84.014,155488.55
1788201000000,84.015,84.488,83.956,84.412,62600.37
1788201900000,84.413,84.413,83.861,83.873,47361.15
1788202800000,83.874,84.107,83.488,83.728,172796.88
1788203700000,83.727,84.069,83.43,84.019,127450.28
1788204600000,84.018,84.035,83.497,83.799,65166.05
1788205500000,83.798,83.988,83.625,83.632,28668.37
1788206400000,83.64,84.781,83.617,84.642,116530.92
1788207300000,84.639,84.707,84.344,84.357,71749.54
1788208200000,84.352,84.456,83.93,84.379,88482.67
1788209100000,84.381,84.782,84.322,84.68,64137.65
1788210000000,84.682,84.842,84.399,84.49,63179.98
1788210900000,84.491,84.683,84.3,84.669,27624.1
1788211800000,84.669,85.082,84.669,85.045,171106.78
1788212700000,85.054,85.401,84.8,84.864,159296.3
1788213600000,84.865,85.28,84.816,85.2,34785.86
1788214500000,85.206,85.23,84.51,84.754,81858.01
1788215400000,84.754,84.896,84.457,84.617,41092.36
1788216300000,84.613,84.707,84.385,84.41,34748.91
1788217200000,84.409,84.436,84.115,84.143,48132.58
1788218100000,84.142,84.396,84.115,84.299,25261.6
1788219000000,84.299,84.371,84.118,84.167,16515.08
1788219900000,84.158,84.189,83.906,84.171,51795.55
1788220800000,84.171,84.599,84.069,84.37,42669.94
1788221700000,84.393,84.515,84.19,84.276,31909.09
1788222600000,84.267,84.425,84.06,84.178,21211.59
1788223500000,84.178,84.35,83.924,84.097,26767.23
1788224400000,84.098,84.283,83.645,83.667,49248.09
1788225300000,83.67,84.119,83.654,83.725,42674.49
1788226200000,83.725,84.04,83.6,84.015,34254.55
1788227100000,84.01,84.266,83.78,84.243,16951.27
1788228000000,84.242,84.283,83.637,83.807,47518.72
1788228900000,83.827,84.17,83.793,83.94,40329.39
1788229800000,83.941,84.103,83.832,84.093,15382.94
1788230700000,84.093,84.194,83.9,83.961,10730.1
1788231600000,83.961,84.01,83.743,83.896,14831.07
1788232500000,83.89,83.979,83.7,83.795,13871.4
1788233400000,83.799,84.52,83.784,84.355,54136.46
1788234300000,84.356,84.4,84.25,84.315,9656.06
1788235200000,84.315,84.499,84.186,84.201,17702.29
1788236100000,84.201,84.319,83.962,84.043,22186.51
1788237000000,84.042,84.111,83.915,83.934,14008.27
1788237900000,83.933,84.083,83.832,83.948,14813.41
1788238800000,83.949,84.217,83.913,84.027,11956.15
1788239700000,84.027,84.223,84,84.075,9810.2
1788240600000,84.076,84.2,83.969,84.165,22134.01
1788241500000,84.164,84.464,84.081,84.425,39918.9
1788242400000,84.411,84.411,84.111,84.28,17186.06
1788243300000,84.28,84.328,84.1,84.228,23569.72
1788244200000,84.228,84.409,84.168,84.407,14687.17
1788245100000,84.409,84.473,84.041,84.054,40227.05
1788246000000,84.066,84.066,83.828,84.018,28584.85
1788246900000,84.018,84.195,83.988,84.014,14176.49
1788247800000,84.01,84.01,83.273,83.459,175755.68
1788248700000,83.46,83.49,83.306,83.474,15260.65
1788249600000,83.474,83.576,83,83.02,91829.15
1788250500000,83.02,83.391,82.756,82.77,56905.71
1788251400000,82.776,82.945,82.645,82.814,92268.72
1788252300000,82.814,83.428,82.788,83.015,83736.2
1788253200000,83.015,83.221,82.9,83.08,37271.3
1788254100000,83.08,83.538,83.08,83.396,55592.75
1788255000000,83.396,83.447,83.233,83.324,14131.71
1788255900000,83.324,83.376,83.02,83.024,42023.25
1788256800000,83.024,83.075,82.789,82.921,54897.65
1788257700000,82.921,83.398,82.7,83.34,55120.17
1788258600000,83.341,83.8,83.34,83.58,63083.14
1788259500000,83.58,83.6,83.367,83.482,18879.43
1788260400000,83.487,83.498,83.292,83.403,30218.31
1788261300000,83.41,84.014,83.41,83.815,52221.29
1788262200000,83.815,83.963,83.511,83.801,54107.92
1788263100000,83.801,83.98,83.75,83.882,11859.6
1788264000000,83.882,83.882,83.541,83.617,18012.55
1788264900000,83.612,83.88,83.576,83.613,23118.17
1788265800000,83.604,83.618,82.655,83.046,97308.62
1788266700000,83.05,83.585,83.026,83.158,55331.04
1788267600000,83.159,83.633,82.969,83.563,88153.02
1788268500000,83.556,83.759,83.421,83.571,35437.42
1788269400000,83.568,83.59,82.95,83.421,102113.69
1788270300000,83.421,83.894,83.349,83.64,66503.38
1788271200000,83.64,84.467,83.496,83.937,148015.23
1788272100000,83.937,84.2,83.899,83.926,56233.68
1788273000000,83.913,84.217,83.894,84.109,49660.83
1788273900000,84.108,84.264,83.794,83.831,75002.89
1788274800000,83.838,83.855,83.11,83.181,106754.25
1788275700000,83.18,83.466,83.125,83.382,42784.67
1788276600000,83.366,83.537,83.24,83.361,40138.34
1788277500000,83.367,83.519,83.224,83.236,34664.09
1788278400000,83.233,83.316,82.465,82.578,156314.48
1788279300000,82.569,82.865,82.05,82.528,223023.77
1788280200000,82.516,82.516,81.924,81.942,142344.5
1788281100000,81.923,82.367,81.922,82.326,109783.54
1788282000000,82.325,82.36,81.787,82.071,106215.48
1788282900000,82.067,82.286,81.927,82.245,65756.01
1788283800000,82.24,82.449,82.209,82.33,35683.3
1788284700000,82.331,82.387,81.512,81.706,228221.12
1788285600000,81.71,81.896,81.567,81.73,108820.81
1788286500000,81.731,81.735,81,81.352,213193.95
1788287400000,81.352,81.446,80.746,80.816,236382.39
1788288300000,80.815,81.652,80.56,81.552,231903.77
1788289200000,81.552,81.769,81.438,81.566,119204.78
1788290100000,81.566,82.075,81.365,81.932,113486.53
1788291000000,81.931,82.092,81.765,82.08,27005.85
1788291900000,82.079,82.759,81.974,82.681,118190.97
1788292800000,82.682,82.806,82.26,82.758,81560.57
1788293700000,82.758,82.965,82.438,82.725,55802.11
1788294600000,82.725,82.902,82.452,82.621,49786.3
1788295500000,82.62,82.67,82.29,82.537,24029.22
1788296400000,82.536,82.792,82.08,82.095,78760.85
1788297300000,82.091,82.284,81.739,82.155,44102.81
1788298200000,82.161,82.164,81.917,82.04,23900.78
1788299100000,82.039,82.5,82.039,82.34,30171.6
1788300000000,82.352,82.579,82.226,82.517,32783.02
1788300900000,82.517,82.536,81.995,82.023,43249.99
1788301800000,82.017,82.332,81.959,82.155,22579.12
1788302700000,82.179,82.568,82.157,82.432,30770.71
1788303600000,82.423,82.57,82.363,82.458,7621.5
1788304500000,82.458,82.745,82.451,82.743,17133.25
1788305400000,82.743,82.83,82.587,82.689,22634.92
1788306300000,82.689,82.787,82.55,82.737,16458.1
1788307200000,82.752,83,82.739,82.917,46387.83
1788308100000,82.917,83.192,82.81,82.834,98575.49
1788309000000,82.834,83.033,82.608,82.745,68859.41
1788309900000,82.764,82.84,82.485,82.499,65207.08
1788310800000,82.512,82.81,82.46,82.751,55647.15
1788311700000,82.736,82.799,82.5,82.506,28989.9
1788312600000,82.506,82.736,82.225,82.29,36366.99
1788313500000,82.305,82.351,81.915,81.95,61587.74
1788314400000,81.951,82.303,81.725,82.27,97647.33
1788315300000,82.27,82.992,82.252,82.973,66685.36
1788316200000,82.973,83.15,82.883,83.046,72314.85
1788317100000,83.047,83.1,82.888,82.929,41476.77
1788318000000,82.929,83.146,82.924,83.07,31951.65
1788318900000,83.07,83.388,83.044,83.337,58556.41
1788319800000,83.337,83.384,82.898,82.947,40533.04
1788320700000,82.939,83.092,82.858,82.915,16143.77
1788321600000,82.914,82.927,82.569,82.735,40377.02
1788322500000,82.734,83.062,82.68,82.903,16455.43
1788323400000,82.902,83.115,82.891,83.042,10442.6
1788324300000,83.042,83.113,82.958,83.081,6278.89
1788325200000,83.08,83.298,82.883,83.289,21160.38
1788326100000,83.259,83.456,83.243,83.454,33039.14
1788327000000,83.451,83.48,83.4,83.471,17078.58
1788327900000,83.47,83.678,83.427,83.678,33133.72
1788328800000,83.677,83.696,83,83.043,127236.28
1788329700000,83.043,83.273,82.837,83.05,31517.33
1788330600000,83.049,83.302,82.874,83.245,10035.07
1788331500000,83.244,83.244,83.011,83.163,3599.87
1788332400000,83.166,83.399,83.081,83.117,31838.43
1788333300000,83.116,83.116,82.865,82.892,20271.57
1788334200000,82.89,82.934,82.593,82.651,24439.23
1788335100000,82.651,82.683,82.246,82.289,58599.17
1788336000000,82.288,82.458,82.13,82.438,32739.16
1788336900000,82.448,82.459,82.162,82.277,28408.31
1788337800000,82.276,82.276,81.7,81.723,68608.14
1788338700000,81.722,81.881,81.251,81.476,99930.1
1788339600000,81.468,81.74,81.413,81.413,20779.18
1788340500000,81.433,81.572,81.267,81.433,26941.17
1788341400000,81.442,81.443,81.021,81.191,44110.87
1788342300000,81.191,81.473,81.105,81.253,37729
1788343200000,81.252,81.254,80.778,81.082,48558.81
1788344100000,81.083,81.381,81.081,81.247,55540.66
1788345000000,81.246,81.246,80.979,81.122,21151.71
1788345900000,81.121,81.33,80.736,81.31,74248.74
1788346800000,81.304,81.304,80.671,81.02,49670.13
1788347700000,81.021,81.073,80.159,80.5,163930.78
1788348600000,80.5,81.06,80.42,80.778,70985.22
1788349500000,80.772,81.233,80.684,81.204,71483.68
1788350400000,81.205,81.229,81.035,81.16,29229.46
1788351300000,81.159,81.631,81.047,81.578,92696.47
1788352200000,81.561,81.561,81.28,81.427,39106.83
1788353100000,81.427,81.476,80.92,80.98,35006.6
1788354000000,80.982,81.373,80.959,80.97,30658.94
1788354900000,80.983,81.502,80.969,81.487,31721.65
1788355800000,81.486,81.489,80.715,81.334,186706.59
1788356700000,81.334,81.663,81.059,81.384,149145.81
1788357600000,81.389,81.723,81.141,81.715,80687.63
1788358500000,81.712,81.88,81.435,81.528,72565.24
1788359400000,81.527,81.527,81.142,81.443,58911.08
1788360300000,81.443,81.459,80.927,80.946,52070.12
1788361200000,80.946,81.187,80.424,80.647,166425.48
1788362100000,80.648,81.192,80.647,81.175,68905.39
1788363000000,81.174,81.696,80.985,81.467,109504.76
1788363900000,81.467,81.776,81.3,81.649,37819.93
1788364800000,81.646,81.826,81.428,81.658,53524.64
1788365700000,81.665,81.978,81.529,81.87,52557.5
1788366600000,81.872,81.966,81.407,81.418,44283.75
1788367500000,81.417,81.557,81.335,81.409,25271.34
1788368400000,81.41,81.576,81.148,81.256,24042.56
1788369300000,81.245,81.356,80.981,81.21,49636.07
1788370200000,81.21,81.636,81.21,81.636,19577.44
1788371100000,81.617,81.845,81.615,81.737,16007.32
1788372000000,81.737,81.758,81.496,81.648,16801.09
1788372900000,81.654,81.885,81.649,81.71,28535.07
1788373800000,81.71,81.8,81.156,81.322,36481.18
1788374700000,81.329,81.673,81.329,81.647,11252.67
1788375600000,81.648,81.648,81.418,81.609,18383.19
1788376500000,81.599,81.752,81.288,81.323,28740.91
1788377400000,81.323,81.389,80.835,81.022,51752.52
1788378300000,81.021,81.145,80.76,81.056,56956.87
1788379200000,81.052,81.464,80.994,81.156,44284.32
1788380100000,81.138,81.402,80.92,81.197,25710.46
1788381000000,81.196,81.456,81.134,81.287,19729.36
1788381900000,81.286,81.597,81.228,81.464,13153.82
1788382800000,81.464,81.626,81.366,81.541,13972.58
1788383700000,81.546,81.67,81.43,81.589,8713.7
1788384600000,81.589,81.879,81.444,81.847,17694.41
1788385500000,81.847,81.848,81.543,81.626,19460.37
1788386400000,81.626,81.671,81.236,81.356,24136.26
1788387300000,81.356,81.458,81.006,81.133,44130.8
1788388200000,81.133,81.588,81.132,81.506,18911.16
1788389100000,81.506,81.507,81.176,81.235,6510.76
1788390000000,81.235,81.643,81.132,81.58,15708.49
1788390900000,81.58,81.58,81.345,81.513,14946.58
1788391800000,81.513,81.773,81.481,81.587,56672.08
1788392700000,81.587,81.962,81.576,81.9,28481.62
1788393600000,81.9,82.058,81.82,81.821,55353.21
1788394500000,81.82,81.871,81.531,81.575,14879.74
1788395400000,81.575,81.689,81.473,81.541,12169.13
1788396300000,81.547,81.702,81.225,81.288,14736.2
1788397200000,81.288,81.818,81.06,81.802,26891.92
1788398100000,81.801,81.801,81.56,81.74,16809.81
1788399000000,81.739,81.945,81.576,81.577,25468.59
1788399900000,81.577,81.715,81.463,81.628,12936.19
1788400800000,81.628,81.816,81.478,81.815,11976.14
1788401700000,81.817,81.996,81.701,81.99,19343.78
1788402600000,81.99,82.432,81.921,82.355,108762.68
1788403500000,82.355,82.443,82.223,82.294,20025.2
1788404400000,82.297,82.416,82.1,82.398,17373.67
1788405300000,82.395,82.432,82.112,82.148,15218.88
1788406200000,82.148,82.287,81.951,82.015,13315.95
1788407100000,82.015,82.327,82,82.292,5741.81
1788408000000,82.291,82.436,82.285,82.327,6977.67
1788408900000,82.32,82.326,82.156,82.17,6755.29
1788409800000,82.171,82.276,82.062,82.103,3527.08
1788410700000,82.103,82.49,82.101,82.468,31829.51
1788411600000,82.472,82.618,82.158,82.234,31147.27
1788412500000,82.234,82.273,81.5,81.633,54271.77
1788413400000,81.635,82.021,81.593,81.939,15235.71
1788414300000,81.942,82.192,81.836,82.137,14281.25
1788415200000,82.133,82.173,81.935,82.079,9036.47
1788416100000,82.079,82.212,82.044,82.148,18675.48
1788417000000,82.148,82.234,82.061,82.124,25076.94
1788417900000,82.124,82.164,82.04,82.075,4521.99
1788418800000,82.063,82.395,82.019,82.254,15440.57
1788419700000,82.25,82.272,82.064,82.137,11400.19
1788420600000,82.125,82.375,82.002,82.158,11504.67
1788421500000,82.155,82.226,81.819,81.958,24442.86
1788422400000,81.969,82.319,81.969,82.126,17696.65
1788423300000,82.125,82.152,81.936,82.081,11351.15
1788424200000,82.093,82.14,81.911,81.924,15671.24
1788425100000,81.923,82.018,81.815,81.972,5136.55
1788426000000,81.973,82.15,81.806,82.118,14948.56
1788426900000,82.122,82.15,81.732,81.766,15049.06
1788427800000,81.767,81.964,81.726,81.956,23477.47
1788428700000,81.957,82.057,81.663,81.702,9737.92
1788429600000,81.702,81.854,81.639,81.676,15944.86
1788430500000,81.683,81.851,81.45,81.479,23733.31
1788431400000,81.479,81.583,81.132,81.209,39244.18
1788432300000,81.219,81.509,81.163,81.509,21064.03
1788433200000,81.511,81.905,81.48,81.861,40413.07
1788434100000,81.861,82.001,81.688,81.987,21056.58
1788435000000,81.988,82.106,81.833,82.02,13627.98
1788435900000,82.021,82.15,81.996,82.11,26469.98
1788436800000,82.11,82.11,81.931,82.028,17906.93
1788437700000,82.027,82.148,81.891,81.935,21733.19
1788438600000,81.936,82.491,81.901,82.366,72171.99
1788439500000,82.353,82.825,82.255,82.743,83210.94
1788440400000,82.744,82.84,82.551,82.753,57417.03
1788441300000,82.753,82.811,82.451,82.48,33350.03
1788442200000,82.479,83.251,82.419,83.075,193725.61
1788443100000,83.075,83.169,82.7,82.941,76160.32
1788444000000,82.941,83.15,82.701,83.149,62650.14
1788444900000,83.15,83.607,83.144,83.607,162875.28
1788445800000,83.607,83.744,83.433,83.468,127486.59
1788446700000,83.471,83.957,83.47,83.908,194542.38
1788447600000,83.915,84.158,83.45,83.657,247732.37
1788448500000,83.657,83.991,83.433,83.647,262556.98
1788449400000,83.648,84.5,83.39,84.419,721401.08
1788450300000,84.419,84.646,83.914,84.464,251212.79
1788451200000,84.479,84.573,82.974,83.509,787155.41
1788452100000,83.509,83.987,83.419,83.597,121107.89
1788453000000,83.597,83.922,83.418,83.901,106374.6
1788453900000,83.914,84.148,83.877,84.034,65964.6
1788454800000,84.035,84.33,83.799,84.307,53889.02
1788455700000,84.302,84.35,83.82,83.981,56770.05
1788456600000,83.966,84.282,83.952,84.025,42902.96
1788457500000,84.033,84.182,83.933,83.983,30567.96
1788458400000,83.983,84.328,83.823,84.167,59788.57
1788459300000,84.154,84.179,83.817,83.818,55586.9
1788460200000,83.818,84.149,83.701,84.106,42883.54
1788461100000,84.106,84.5,84.032,84.456,48311.65
1788462000000,84.456,84.789,84.212,84.243,102022.28
1788462900000,84.243,84.899,84.218,84.893,88159.3
1788463800000,84.888,86.142,84.874,85.919,588072.57
1788464700000,85.929,86,85.231,85.78,204919.25
1788465600000,85.789,86.4,85.395,85.891,233688.72
1788466500000,85.89,86.028,85.165,85.764,208749.5
1788467400000,85.77,85.846,85.384,85.422,73099.98
1788468300000,85.413,85.542,85.23,85.333,48553.12
1788469200000,85.303,85.567,85.2,85.499,29430.07
1788470100000,85.508,85.607,85.197,85.514,53354.92
1788471000000,85.514,85.7,85.213,85.259,60420.02
1788471900000,85.247,85.552,85.01,85.4,51332.05
1788472800000,85.405,85.675,85.242,85.346,29568.66
1788473700000,85.346,85.62,85.267,85.508,58563.92
1788474600000,85.491,85.892,85.289,85.793,59490.76
1788475500000,85.8,86.064,85.641,85.851,39847.39
1788476400000,85.851,86.273,85.77,86.211,61724.66
1788477300000,86.21,87.32,86.203,87.066,322952.6
1788478200000,87.073,88.177,86.784,87.804,291178.07
1788479100000,87.804,88.199,87.112,87.486,256342.82
1788480000000,87.478,87.883,87.301,87.878,106383.39
1788480900000,87.852,87.857,86.814,86.939,167896.11
1788481800000,86.929,87.388,86.929,87.09,76068.22
1788482700000,87.088,87.097,86.463,86.496,124241.8
1788483600000,86.496,87,86.495,86.825,46328.02
1788484500000,86.824,87.062,86.751,86.864,24146.8
1788485400000,86.857,86.929,86.388,86.798,40356.94
1788486300000,86.798,87.499,86.748,87.227,65480.29
1788487200000,87.24,87.271,86.872,87.213,22316
1788488100000,87.207,87.591,87.148,87.254,46139.29
1788489000000,87.254,87.416,86.81,86.826,33979.02
1788489900000,86.826,87.1,86.7,87.06,19904.83
1788490800000,87.063,87.265,87.014,87.112,18677.86
1788491700000,87.109,87.149,86.878,87.149,12903.11
1788492600000,87.15,87.513,87.15,87.279,27272.85
1788493500000,87.287,87.42,87.075,87.241,10798.48
1788494400000,87.241,87.241,86.952,87.009,26503.13
1788495300000,87.009,87.274,86.95,87.221,22434.07
1788496200000,87.221,87.326,86.818,86.818,30824.99
1788497100000,86.818,86.826,86.437,86.482,27924.47
1788498000000,86.482,86.648,86.318,86.41,22186.7
1788498900000,86.41,86.694,86.269,86.269,18641.03
1788499800000,86.269,86.27,86.021,86.127,42590.72
1788500700000,86.127,86.283,85.538,86.241,117777.16
1788501600000,86.203,86.244,85.821,85.943,49038.59
1788502500000,85.943,85.949,85.684,85.722,15252.95
1788503400000,85.723,86.183,85.678,86.157,34630.26
1788504300000,86.158,86.158,85.872,86.043,32062.34
1788505200000,86.042,86.325,86.025,86.2,26203.25
1788506100000,86.199,86.297,85.849,86.296,38997.44
1788507000000,86.282,86.552,86.2,86.543,29915.48
1788507900000,86.543,86.706,86.269,86.284,67976.78
1788508800000,86.298,86.359,85.718,86.12,34692.96
1788509700000,86.12,86.199,85.968,86.089,20448.87
1788510600000,86.089,86.274,85.915,86.121,27562.15
1788511500000,86.121,86.975,86.003,86.919,82646.26
1788512400000,86.932,87.051,86.732,86.84,39450.24
1788513300000,86.838,87.15,86.486,86.559,42890.48
1788514200000,86.557,87,86.511,86.895,36244.32
1788515100000,86.895,87.016,86.534,86.96,35315.39
1788516000000,86.959,87.3,86.584,86.653,100549.1
1788516900000,86.653,86.967,86.525,86.95,17296.77
1788517800000,86.949,86.961,86.712,86.805,22096.79
1788518700000,86.801,87.1,86.772,87.059,43997.57
1788519600000,87.058,87.1,86.906,86.933,13815.86
1788520500000,86.932,87.2,86.92,87.129,26542.33
1788521400000,87.121,87.178,86.942,87.089,21247.36
1788522300000,87.088,87.25,86.994,87.25,35460.66
1788523200000,87.25,87.442,86.863,87.14,60433.39
1788524100000,87.14,87.417,86.99,87.196,32745.89
1788525000000,87.191,87.191,85.14,85.437,537130.11
1788525900000,85.43,85.733,84.523,85.557,343452.78
1788526800000,85.553,85.862,85.004,85.101,191746.47
1788527700000,85.072,85.754,85.033,85.477,67914.67
1788528600000,85.47,85.952,84.654,85.397,212457.6
1788529500000,85.397,85.893,85.041,85.08,147752.54
1788530400000,85.073,85.4,84.834,85.039,164283.7
1788531300000,85.038,85.08,84.064,84.752,185606.8
1788532200000,84.751,84.787,83.785,83.928,144674.71
1788533100000,83.939,84.121,83.502,83.734,262339.11
1788534000000,83.734,84.406,83.5,84.392,171566.1
1788534900000,84.392,84.7,84.292,84.606,58821.28
1788535800000,84.619,84.681,84.201,84.6,65602.99
1788536700000,84.599,84.873,84.418,84.727,87234.91
1788537600000,84.72,84.878,84.574,84.636,53438.4
1788538500000,84.636,84.975,84.593,84.917,32074.39
1788539400000,84.911,85.527,84.849,85.193,167831.5
1788540300000,85.195,85.479,85.044,85.114,87644.87
1788541200000,85.113,85.539,84.883,85.285,46606.86
1788542100000,85.283,85.321,85.024,85.15,37617.32
1788543000000,85.152,85.371,85.058,85.086,21238.31
1788543900000,85.07,85.129,84.9,84.97,24474.09
1788544800000,84.965,85.133,84.745,84.757,59288.07
1788545700000,84.761,85.359,84.756,85.057,39536.6
1788546600000,85.069,85.391,85.031,85.365,24335.46
1788547500000,85.365,85.365,85.115,85.12,11805.52
1788548400000,85.159,85.442,85.118,85.178,39277.9
1788549300000,85.177,85.237,85.018,85.057,13837.32
1788550200000,85.057,85.143,84.832,84.943,51175.7
1788551100000,84.933,85.04,84.821,84.861,39731.58
1788552000000,84.86,85.109,84.822,84.834,31333.63
1788552900000,84.833,84.901,84.506,84.674,90560.24
1788553800000,84.674,85.114,84.673,84.831,45646.62
1788554700000,84.831,84.844,84.238,84.328,57313.12
1788555600000,84.328,84.33,84.028,84.094,44974.77
1788556500000,84.095,84.325,84.089,84.291,13176.12
1788557400000,84.292,84.351,84.122,84.341,38171.19
1788558300000,84.341,84.405,83.385,83.919,200122.14
1788559200000,83.919,84.103,83.9,83.95,18735.62
1788560100000,83.95,84.193,83.699,84.184,61652.76
1788561000000,84.183,84.233,83.943,84.101,17666.69
1788561900000,84.101,84.129,83.773,83.848,12577.36
1788562800000,83.848,84.237,83.836,84.217,50875.43
1788563700000,84.217,84.542,84.197,84.481,40744.51
1788564600000,84.481,84.558,84.434,84.549,5701.19
1788565500000,84.549,84.549,84.409,84.452,6476.85
1788566400000,84.451,84.48,84.311,84.387,5272.83
1788567300000,84.388,84.642,84.388,84.587,10538.71
1788568200000,84.587,84.596,84.376,84.462,11174.43
1788569100000,84.461,84.598,84.303,84.363,10472.36
1788570000000,84.367,84.402,84.099,84.208,21866.97
1788570900000,84.198,84.313,83.99,84.28,24123.24
1788571800000,84.28,84.414,84.172,84.261,7831.36
1788572700000,84.261,84.262,84.025,84.062,13408.8
1788573600000,84.049,84.224,83.959,84.163,24490.44
1788574500000,84.163,84.216,84.004,84.036,10596.99
1788575400000,84.059,84.236,84.058,84.201,1892.98
1788576300000,84.193,84.193,84.056,84.11,4332.7
1788577200000,84.11,84.188,83.845,83.873,16200.14
1788578100000,83.884,84.032,83.777,83.946,24771.8
1788579000000,83.974,84.153,83.911,84.153,3335.46
1788579900000,84.152,84.171,83.928,83.954,4308.96
1788580800000,83.953,83.96,83.761,83.778,23045.86
1788581700000,83.778,83.922,83.725,83.914,15971.6
1788582600000,83.915,84,83.863,83.942,15257.27
1788583500000,83.941,84.072,83.74,83.962,10710.63
1788584400000,83.975,84.001,83.667,83.906,20805.04
1788585300000,83.918,83.962,83.772,83.962,8433.04
1788586200000,83.962,84.213,83.962,84.06,48182.24
1788587100000,84.06,84.323,83.933,84.161,19326.73
1788588000000,84.161,84.161,83.961,84.061,39237.8
1788588900000,84.061,84.065,83.939,83.961,11924.88
1788589800000,83.961,84.238,83.96,84.137,8729.36
1788590700000,84.137,84.425,84.059,84.3,16431.65
1788591600000,84.3,84.438,84.256,84.417,13099.38
1788592500000,84.417,84.619,84.417,84.522,34653.86
1788593400000,84.522,84.695,84.49,84.695,16132.54
1788594300000,84.692,84.719,84.51,84.575,15678.7
1788595200000,84.575,84.731,84.505,84.64,13450.34
1788596100000,84.637,84.745,84.405,84.586,14250.89
1788597000000,84.586,84.622,84.428,84.519,22696.38
1788597900000,84.508,84.794,84.468,84.756,23878.02
1788598800000,84.756,84.87,84.7,84.716,24450.18
1788599700000,84.716,84.893,84.661,84.851,8133.47
1788600600000,84.845,84.846,84.66,84.778,5251.55
1788601500000,84.777,84.894,84.751,84.873,2530.58
1788602400000,84.88,84.894,84.717,84.729,9033.63
1788603300000,84.728,84.768,84.597,84.712,9819.36
1788604200000,84.712,84.867,84.68,84.777,30520.97
1788605100000,84.778,84.791,84.623,84.623,6635.83
1788606000000,84.624,84.84,84.624,84.754,24532.06
1788606900000,84.772,84.963,84.67,84.927,16951.01
1788607800000,84.93,85.005,84.828,84.998,17542.54
1788608700000,84.998,85.037,84.831,84.857,14876.28
1788609600000,84.857,84.94,84.75,84.777,7959.47
1788610500000,84.777,85.169,84.768,85.112,34978.84
1788611400000,85.113,85.128,84.87,84.903,19003.21
1788612300000,84.903,85.268,84.869,85.23,41666.12
1788613200000,85.23,85.343,85.026,85.227,51105.43
1788614100000,85.226,85.695,85.188,85.504,114942.23
1788615000000,85.503,85.717,85.339,85.439,28922.24
1788615900000,85.439,85.638,85.136,85.153,28325.85
1788616800000,85.139,85.441,85.113,85.343,19653.27
1788617700000,85.344,85.399,85.072,85.128,17562.94
1788618600000,85.129,85.329,85.086,85.154,12179.41
1788619500000,85.154,85.333,85.113,85.191,6784.29
1788620400000,85.191,85.403,85.149,85.257,10773.29
1788621300000,85.258,85.287,85.027,85.115,17696.32
1788622200000,85.116,85.672,85.057,85.431,63694.66
1788623100000,85.431,85.595,85.341,85.433,37741.11
1788624000000,85.433,85.652,85.364,85.641,18473.92
1788624900000,85.649,85.736,85.5,85.58,29177.55
1788625800000,85.582,85.975,85.573,85.869,63993.47
1788626700000,85.885,86.174,85.756,86.05,43588.26
1788627600000,86.051,86.151,85.901,85.915,29124.4
1788628500000,85.912,85.912,85.535,85.622,33708.62
1788629400000,85.622,85.78,85.408,85.547,22217.14
1788630300000,85.548,85.732,85.43,85.722,16878.23
1788631200000,85.722,85.814,85.575,85.697,17130.99
1788632100000,85.697,85.784,85.566,85.591,12777.92
1788633000000,85.582,85.711,85.509,85.537,12882.53
1788633900000,85.537,85.871,85.536,85.835,12255.96
1788634800000,85.835,86.165,85.791,86.047,26066.26
1788635700000,86.048,86.11,85.824,85.868,14797.22
1788636600000,85.875,85.935,85.481,85.605,62557.21
1788637500000,85.606,85.651,85.306,85.392,23546.34
1788638400000,85.392,85.704,85.175,85.464,41837.3
1788639300000,85.464,85.506,85.258,85.334,39363.35
1788640200000,85.334,85.542,85.257,85.542,21423.4
1788641100000,85.542,85.567,85.213,85.268,8110.97
1788642000000,85.268,85.444,85.212,85.328,11054.98
1788642900000,85.334,85.728,85.328,85.719,12234.56
1788643800000,85.719,85.989,85.718,85.812,27162.68
1788644700000,85.812,85.844,85.524,85.564,20132.55
1788645600000,85.564,85.699,85.484,85.601,9665.99
1788646500000,85.602,85.741,85.404,85.488,11361.62
1788647400000,85.48,85.566,85.362,85.393,10935.88
1788648300000,85.393,85.428,85.296,85.388,5104.34
1788649200000,85.387,85.429,85.26,85.261,6322.07
1788650100000,85.261,85.336,85.197,85.255,13814.21
1788651000000,85.255,85.429,85.128,85.231,8421.51
1788651900000,85.232,85.495,85.221,85.428,12342.55
1788652800000,85.427,85.548,85.318,85.524,10241.87
1788653700000,85.524,85.571,85.394,85.544,11989.13
1788654600000,85.544,85.648,85.373,85.464,20909.33
1788655500000,85.465,85.573,85.342,85.416,7582.65
1788656400000,85.413,86.354,85.393,86.266,48779.5
1788657300000,86.268,86.393,85.967,86.041,28738.16
1788658200000,86.042,86.259,85.95,86.053,28997.4
1788659100000,86.052,86.063,84.497,85.368,305082.53
1788660000000,85.381,85.565,85.048,85.475,51240.84
1788660900000,85.475,85.5,85.327,85.434,15655.92
1788661800000,85.441,85.658,85.427,85.623,27253.65
1788662700000,85.626,85.642,85.4,85.549,12062.14
1788663600000,85.549,85.757,85.549,85.743,20409.62
1788664500000,85.743,85.792,85.631,85.767,7651.19
1788665400000,85.766,86.133,85.76,86.068,22034.24
1788666300000,86.067,86.069,85.877,85.887,14128.87
1788667200000,85.886,86.322,85.789,86.286,16793.14
1788668100000,86.285,86.421,85.985,86.151,17693.69
1788669000000,86.15,86.38,86.01,86.38,15113.17
1788669900000,86.379,86.7,86.362,86.634,72801.06
1788670800000,86.634,86.88,86.462,86.765,63100.4
1788671700000,86.759,87,86.683,86.957,47969.72
1788672600000,86.964,87.32,86.9,87.146,88605.86
1788673500000,87.146,87.164,86.661,86.77,94017.46
1788674400000,86.77,86.793,86.278,86.393,48557.61
1788675300000,86.393,86.6,86.387,86.585,18401.83
1788676200000,86.584,86.7,86.124,86.293,24325.04
1788677100000,86.297,86.462,86.187,86.302,16055.29
1788678000000,86.302,86.517,86.024,86.132,41537.2
1788678900000,86.117,86.406,85.89,85.891,44795
1788679800000,85.89,86.321,85.87,86.302,25253.28
1788680700000,86.302,86.701,86.181,86.559,58931.34
1788681600000,86.559,87.004,86.47,86.969,30754.45
1788682500000,86.97,87.137,86.561,86.59,81499.08
1788683400000,86.608,86.683,86.42,86.57,68482.62
1788684300000,86.567,86.672,86.376,86.656,7879.28
1788685200000,86.656,86.943,86.656,86.868,25617.4
1788686100000,86.868,87.379,86.804,87.295,92703.33
1788687000000,87.291,87.6,87.27,87.508,61752.14
1788687900000,87.508,87.873,87.346,87.811,77566.78
1788688800000,87.812,87.982,87.543,87.543,35393.33
1788689700000,87.567,87.858,87.514,87.744,19977.88
1788690600000,87.744,87.767,87.571,87.745,30309.76
1788691500000,87.745,87.987,87.643,87.898,47468.07
1788692400000,87.894,87.915,87.597,87.772,18481.04
1788693300000,87.772,88.727,87.693,88.4,139569.07
1788694200000,88.41,88.621,88,88.2,69747.23
1788695100000,88.183,88.542,88.153,88.525,23488.62
1788696000000,88.524,88.809,88.115,88.799,68368.01
1788696900000,88.799,89.595,88.663,89.544,238151.75
1788697800000,89.544,89.604,88.914,88.97,129937.76
1788698700000,88.964,89.33,88.96,89.175,47238.22
1788699600000,89.174,89.372,89,89.136,57919.49
1788700500000,89.141,89.285,88.751,88.808,45681.74
1788701400000,88.809,89.277,88.5,89.207,100098.96
1788702300000,89.206,89.433,89.119,89.427,90099.67
1788703200000,89.425,89.45,89.01,89.107,95232.81
1788704100000,89.112,89.253,88.383,88.678,126209.98
1788705000000,88.682,89.019,88.1,88.936,151882.66
1788705900000,88.936,89.276,88.567,88.96,86602.42
1788706800000,88.96,89.1,88.328,89.1,61134.12
1788707700000,89.099,89.45,88.883,88.94,103206.16
1788708600000,88.928,89.053,88.555,88.793,32011.91
1788709500000,88.794,88.823,88.289,88.41,83071.31
1788710400000,88.411,88.463,88.022,88.268,117417.7
1788711300000,88.268,88.363,88.013,88.156,41535.82
1788712200000,88.156,88.515,87.473,87.969,109032.55
1788713100000,87.972,88.388,87.685,87.992,72583.7
1788714000000,87.992,88.025,87.596,87.711,43705.64
1788714900000,87.7,88.059,87.603,87.702,46662.04
1788715800000,87.697,88.112,87.546,87.841,31758.03
1788716700000,87.837,88.306,87.744,88.151,39849.97
1788717600000,88.152,88.255,87.753,87.753,17920.79
1788718500000,87.766,88,87.704,87.928,24433.91
1788719400000,87.928,88.12,87.798,88.029,16447.8
1788720300000,88.033,88.042,87.416,87.651,48272.89
1788721200000,87.663,87.754,87.23,87.462,33877.91
1788722100000,87.469,87.522,87.096,87.428,50134.79
1788723000000,87.428,87.506,87.132,87.334,34013.44
1788723900000,87.335,87.492,87.251,87.28,9029
1788724800000,87.283,87.348,87.132,87.199,9363.17
1788725700000,87.199,87.607,87.069,87.534,22150.45
1788726600000,87.534,87.833,87.507,87.83,32490.01
1788727500000,87.833,88.306,87.594,88.182,80937.34
1788728400000,88.179,88.465,87.959,88.095,54674.41
1788729300000,88.094,88.25,87.699,87.7,53777.08
1788730200000,87.699,87.985,87.699,87.953,34529.1
1788731100000,87.962,88.114,87.464,87.731,54054.23
1788732000000,87.742,87.827,86.521,86.776,223774.02
1788732900000,86.777,86.967,86.611,86.923,40104.5
1788733800000,86.923,87.254,86.848,87.215,21259.87
1788734700000,87.215,87.391,87.148,87.367,19488.03
1788735600000,87.367,87.988,87.267,87.888,52740.73
1788736500000,87.904,87.976,87.713,87.735,27371.18
1788737400000,87.751,88.035,87.604,87.732,24934.42
1788738300000,87.732,87.989,87.621,87.943,24478.7
1788739200000,87.956,88.067,87.778,87.965,18791.53
1788740100000,87.964,87.965,87.601,87.69,13433.22
1788741000000,87.69,87.875,87.625,87.761,12377.59
1788741900000,87.759,87.856,87.452,87.643,10765.39
1788742800000,87.635,87.725,87.02,87.048,35079.44
1788743700000,87.057,87.264,86.918,87.225,24198.23
1788744600000,87.225,87.278,86.5,86.56,47333.34
1788745500000,86.561,86.871,86.493,86.799,92304.69
1788746400000,86.8,86.821,86.476,86.815,18664.03
1788747300000,86.815,87.133,86.815,87.09,12586.72
1788748200000,87.096,87.711,86.999,87.52,50012.14
1788749100000,87.521,87.561,86.909,86.964,28008.48
1788750000000,86.959,86.975,86.117,86.352,76630.27
1788750900000,86.353,86.544,86.27,86.3,29204.84
1788751800000,86.3,86.446,86.139,86.208,50128.39
1788752700000,86.208,86.419,86.208,86.293,17147.61
1788753600000,86.292,86.322,86,86.194,35301.21
1788754500000,86.194,86.374,86.144,86.201,14767.3
1788755400000,86.201,86.277,86.144,86.267,13979
1788756300000,86.266,86.349,86.111,86.267,15964.95
1788757200000,86.267,86.6,86.175,86.509,51871.39
1788758100000,86.508,86.817,86.488,86.672,22379.68
1788759000000,86.666,86.775,86.628,86.752,8233.97
1788759900000,86.751,86.795,86.563,86.613,14365.54
1788760800000,86.603,86.899,86.551,86.877,26141.61
1788761700000,86.876,86.956,86.645,86.791,19627.86
1788762600000,86.791,86.931,86.74,86.784,13073.37
1788763500000,86.783,86.957,86.763,86.911,21912.98
1788764400000,86.912,86.995,86.783,86.79,15483.66
1788765300000,86.789,86.995,86.606,86.623,14100.2
1788766200000,86.637,86.818,86.317,86.535,10647.83