timestamp,open,high,low,close,volume
1784261700000,8.2688,8.2749,8.2421,8.2563,5434.1
1784262600000,8.2555,8.2894,8.2537,8.2894,1750.4
1784263500000,8.288,8.3035,8.2834,8.2853,3015.5
1784264400000,8.282,8.293,8.2687,8.293,1765.6
1784265300000,8.294,8.294,8.2463,8.249,5397.4
1784266200000,8.2429,8.2548,8.2195,8.2302,8154.4
1784267100000,8.2246,8.2251,8.1723,8.1773,10778.9
1784268000000,8.1777,8.1959,8.1509,8.1818,6114.5
1784268900000,8.1821,8.2109,8.1766,8.2109,3187.3
1784269800000,8.21,8.21,8.1861,8.1927,2009.6
1784270700000,8.187,8.1887,8.1733,8.1789,1756.1
1784271600000,8.1754,8.1863,8.172,8.182,1179.5
1784272500000,8.1859,8.1869,8.1687,8.1857,1413.4
1784273400000,8.1823,8.1918,8.1622,8.1793,5176.8
1784274300000,8.1755,8.1857,8.1664,8.1678,1302
1784275200000,8.1679,8.1839,8.1639,8.1839,2970.3
1784276100000,8.1824,8.1834,8.1451,8.1664,1509.1
1784277000000,8.1586,8.1672,8.129,8.1672,6652
1784277900000,8.1672,8.184,8.1672,8.1744,1154.7
1784278800000,8.1722,8.1856,8.1714,8.1856,820.7
1784279700000,8.1853,8.2101,8.181,8.2101,6979.7
1784280600000,8.2101,8.2133,8.1856,8.1945,17586.6
1784281500000,8.1946,8.1991,8.1858,8.1938,11946.5
1784282400000,8.1999,8.221,8.1944,8.2057,7983.6
1784283300000,8.2079,8.21,8.2004,8.2066,785.1
1784284200000,8.2055,8.2087,8.1991,8.2052,726.1
1784285100000,8.2053,8.2087,8.1869,8.1871,3402.9
1784286000000,8.1885,8.1971,8.175,8.175,4527.1
1784286900000,8.175,8.1902,8.1663,8.1902,1381.6
1784287800000,8.1866,8.207,8.1826,8.2017,2198.5
1784288700000,8.2044,8.2077,8.1978,8.2026,931.7
1784289600000,8.2011,8.2021,8.1881,8.1885,7425.5
1784290500000,8.188,8.1903,8.1765,8.1783,1304.2
1784291400000,8.1811,8.1824,8.1563,8.1677,1126.8
1784292300000,8.1677,8.1702,8.1522,8.1522,353.8
1784293200000,8.1517,8.1529,8.0401,8.0653,24505.6
1784294100000,8.0631,8.073,8.0286,8.0404,53866.9
1784295000000,8.0458,8.0647,8.0046,8.0182,10402.7
1784295900000,8.0245,8.1153,8.0238,8.1132,6035.4
1784296800000,8.1154,8.1716,8.1125,8.1537,6558.9
1784297700000,8.1535,8.161,8.1175,8.1247,5598.1
1784298600000,8.1229,8.1428,8.101,8.1276,8626
1784299500000,8.1276,8.1279,8.09,8.1088,39564.3
1784300400000,8.107,8.107,8.0675,8.0755,2123.5
1784301300000,8.0717,8.1249,8.0695,8.1246,3583
1784302200000,8.1275,8.1489,8.0971,8.132,8360.2
1784303100000,8.1308,8.168,8.1198,8.168,3131.9
1784304000000,8.1681,8.1883,8.1449,8.1819,3153.2
1784304900000,8.1803,8.2058,8.1773,8.2056,6440.2
1784305800000,8.2073,8.2281,8.1981,8.2242,6735.3
1784306700000,8.2281,8.239,8.2191,8.23,24384.4
1784307600000,8.2301,8.285,8.2301,8.2546,8909.4
1784308500000,8.2465,8.2678,8.2366,8.2599,2795.4
1784309400000,8.2595,8.2605,8.23,8.2415,1364.8
1784310300000,8.2395,8.2495,8.23,8.2351,9438.9
1784311200000,8.2373,8.243,8.227,8.243,11869.1
1784312100000,8.2411,8.2411,8.2119,8.2251,1127.6
1784313000000,8.2241,8.2304,8.21,8.225,1344.5
1784313900000,8.2261,8.2639,8.2261,8.251,576.6
1784314800000,8.2467,8.252,8.2159,8.2159,471.2
1784315700000,8.2161,8.221,8.2014,8.2177,1230
1784316600000,8.2217,8.2557,8.2174,8.2557,57840
1784317500000,8.2546,8.2577,8.2447,8.251,711.5
1784318400000,8.2469,8.2469,8.2204,8.2284,5824.4
1784319300000,8.2278,8.2341,8.2245,8.2304,1030.9
1784320200000,8.2294,8.2364,8.2226,8.2341,2424.4
1784321100000,8.2425,8.2553,8.2292,8.2493,663.4
1784322000000,8.2531,8.271,8.2531,8.2671,74092.2
1784322900000,8.2672,8.2797,8.2628,8.2689,4869.2
1784323800000,8.2648,8.2648,8.2523,8.2539,1460.9
1784324700000,8.2536,8.2536,8.2363,8.2363,468.8
1784325600000,8.2472,8.2472,8.2277,8.2362,14419.5
1784326500000,8.2336,8.2506,8.2241,8.2401,4646.9
1784327400000,8.2411,8.2418,8.2261,8.228,441.2
1784328300000,8.2294,8.2443,8.2292,8.2418,351.2
1784329200000,8.241,8.241,8.2168,8.2234,6089.1
1784330100000,8.2258,8.248,8.2258,8.2466,1366.8
1784331000000,8.2483,8.2655,8.2483,8.2649,2159.3
1784331900000,8.263,8.2701,8.2511,8.2511,491.9
1784332800000,8.2528,8.271,8.2503,8.2706,3720.4
1784333700000,8.2704,8.2735,8.2659,8.272,1164.7
1784334600000,8.272,8.272,8.2555,8.2596,928
1784335500000,8.2626,8.2711,8.2526,8.2526,1927.9
1784336400000,8.2528,8.2543,8.244,8.2489,2300.8
1784337300000,8.2474,8.2525,8.2396,8.2489,510.3
1784338200000,8.2488,8.2562,8.2354,8.2561,545.4
1784339100000,8.2563,8.2615,8.2563,8.2615,5042.5
1784340000000,8.257,8.2689,8.257,8.2659,1733.4
1784340900000,8.2699,8.2836,8.2699,8.2813,255.6
1784341800000,8.2807,8.2992,8.2716,8.2716,598.7
1784342700000,8.2711,8.2767,8.268,8.268,208.8
1784343600000,8.2674,8.291,8.2674,8.2759,804.1
1784344500000,8.2793,8.2803,8.261,8.261,143.5
1784345400000,8.2634,8.2665,8.2587,8.2587,400.1
1784346300000,8.2588,8.2785,8.2522,8.278,12238.2
1784347200000,8.282,8.282,8.2689,8.2689,1699.2
1784348100000,8.27,8.27,8.255,8.2647,205.3
1784349000000,8.266,8.266,8.253,8.2602,133.2
1784349900000,8.2602,8.2621,8.2557,8.2569,141.6
1784350800000,8.2557,8.257,8.241,8.241,893.1
1784351700000,8.2409,8.2579,8.2398,8.2488,160.5
1784352600000,8.25,8.2555,8.2458,8.2532,158.3
1784353500000,8.253,8.2627,8.2357,8.2411,498.7
1784354400000,8.2469,8.2474,8.2404,8.2406,1486.2
1784355300000,8.2406,8.26,8.2405,8.2512,1017.7
1784356200000,8.2529,8.2529,8.2411,8.2468,710.4
1784357100000,8.246,8.2502,8.2459,8.2459,398.1
1784358000000,8.2479,8.2495,8.235,8.2436,1228.2
1784358900000,8.2446,8.2488,8.2407,8.2457,527.8
1784359800000,8.2438,8.2507,8.2438,8.2507,78.8
1784360700000,8.2539,8.2539,8.2413,8.2473,560.4
1784361600000,8.2485,8.2485,8.2385,8.2443,615.5
1784362500000,8.2475,8.2552,8.2462,8.2533,97.3
1784363400000,8.2569,8.2637,8.2548,8.2555,103.2
1784364300000,8.2562,8.2615,8.2546,8.2557,84.9
1784365200000,8.2567,8.259,8.2338,8.2339,937.6
1784366100000,8.2364,8.2364,8.2108,8.2108,1329.3
1784367000000,8.2115,8.219,8.2108,8.2144,7296.8
1784367900000,8.2151,8.2284,8.2151,8.2284,586.6
1784368800000,8.2288,8.2495,8.2285,8.2419,466.8
1784369700000,8.2445,8.2647,8.2445,8.2647,445.8
1784370600000,8.2668,8.2698,8.2489,8.2523,706.5
1784371500000,8.2537,8.2646,8.2537,8.2637,777.3
1784372400000,8.2649,8.2775,8.264,8.2772,479.7
1784373300000,8.2772,8.2799,8.2626,8.2713,922.5
1784374200000,8.2707,8.2707,8.2542,8.2612,445.4
1784375100000,8.2612,8.2932,8.2599,8.2844,1241.9
1784376000000,8.2845,8.3246,8.2824,8.3063,4496.6
1784376900000,8.3064,8.3084,8.2781,8.2873,1997.7
1784377800000,8.2886,8.3218,8.283,8.3162,1275
1784378700000,8.3225,8.3268,8.3063,8.3102,168.8
1784379600000,8.3086,8.3102,8.2699,8.2739,1254
1784380500000,8.274,8.2826,8.2525,8.2654,1818.5
1784381400000,8.2673,8.2721,8.2588,8.2612,415
1784382300000,8.2633,8.2663,8.259,8.2611,312.9
1784383200000,8.2614,8.283,8.2564,8.283,842
1784384100000,8.2844,8.2922,8.2773,8.2922,144.6
1784385000000,8.2934,8.3161,8.2934,8.3161,1775.2
1784385900000,8.3181,8.3367,8.3146,8.3166,952.3
1784386800000,8.3172,8.3173,8.2886,8.2934,905.1
1784387700000,8.2932,8.3006,8.282,8.2866,13431.4
1784388600000,8.2739,8.2754,8.2672,8.2754,687.5
1784389500000,8.2754,8.2883,8.2704,8.2739,458.4
1784390400000,8.2741,8.2776,8.2621,8.2758,1295.1
1784391300000,8.2763,8.2763,8.2638,8.2674,1378.6
1784392200000,8.2693,8.2753,8.2615,8.2615,333.9
1784393100000,8.2606,8.2948,8.2606,8.2865,1009.5
1784394000000,8.2861,8.2907,8.2831,8.2864,769
1784394900000,8.2826,8.2917,8.272,8.272,1509.4
1784395800000,8.2754,8.3019,8.2754,8.3007,458.1
1784396700000,8.2973,8.3045,8.2943,8.2993,3346.5
1784397600000,8.3,8.3039,8.2952,8.2996,4746.3
1784398500000,8.3016,8.3571,8.2936,8.3332,6593.8
1784399400000,8.3329,8.3329,8.3111,8.3111,1043.3
1784400300000,8.3128,8.3206,8.3115,8.3173,5106
1784401200000,8.3185,8.3251,8.3157,8.3251,4488.4
1784402100000,8.3248,8.3401,8.3113,8.3148,11737.3
1784403000000,8.3149,8.3304,8.3137,8.3279,529.3
1784403900000,8.3285,8.3377,8.3262,8.3343,848.2
1784404800000,8.3363,8.3472,8.325,8.3445,1890
1784405700000,8.3447,8.3636,8.3441,8.35,1092
1784406600000,8.3504,8.3571,8.3445,8.3529,504.7
1784407500000,8.3552,8.3553,8.3433,8.3508,4663.4
1784408400000,8.3541,8.3717,8.3526,8.3697,7514.5
1784409300000,8.373,8.3763,8.3486,8.3486,2540
1784410200000,8.3473,8.3497,8.3389,8.3391,2471.7
1784411100000,8.3402,8.3533,8.3368,8.341,6764.4
1784412000000,8.3422,8.357,8.3408,8.3435,2648.3
1784412900000,8.3435,8.357,8.3435,8.3456,2641.1
1784413800000,8.3454,8.36,8.3429,8.3549,2383.7
1784414700000,8.3547,8.3672,8.349,8.3665,498.1
1784415600000,8.3662,8.3729,8.3402,8.3414,612.4
1784416500000,8.3424,8.3567,8.3397,8.3513,1479.2
1784417400000,8.3499,8.3532,8.3438,8.3505,566.7
1784418300000,8.3522,8.3523,8.344,8.3457,807.5
1784419200000,8.3458,8.3511,8.343,8.3467,1114.7
1784420100000,8.3469,8.3557,8.3368,8.3384,1174.7
1784421000000,8.3396,8.3404,8.3322,8.3344,4663.8
1784421900000,8.335,8.3517,8.335,8.3473,4893.8
1784422800000,8.3502,8.3519,8.3382,8.3386,1187.6
1784423700000,8.3387,8.3444,8.3377,8.339,780.4
1784424600000,8.3361,8.3374,8.3319,8.3319,512
1784425500000,8.3325,8.3351,8.3268,8.3294,2975.4
1784426400000,8.3294,8.3895,8.3294,8.3712,2170.5
1784427300000,8.3714,8.3792,8.3569,8.3616,526.5
1784428200000,8.3594,8.39,8.3594,8.3711,1431.9
1784429100000,8.3712,8.3781,8.3671,8.3689,421.1
1784430000000,8.3747,8.3747,8.3489,8.3496,1260.9
1784430900000,8.3462,8.3462,8.3328,8.3351,406.6
1784431800000,8.334,8.346,8.334,8.3382,632.5
1784432700000,8.3381,8.3454,8.3349,8.3454,571.9
1784433600000,8.3467,8.3533,8.3283,8.3333,683.1
1784434500000,8.3339,8.3441,8.3339,8.3441,458.2
1784435400000,8.3441,8.3661,8.343,8.3566,538
1784436300000,8.3561,8.364,8.3461,8.3483,347.9
1784437200000,8.3505,8.359,8.3505,8.354,648.1
1784438100000,8.3532,8.354,8.3441,8.3441,232.8
1784439000000,8.3442,8.3446,8.3361,8.3413,360.2
1784439900000,8.3412,8.3506,8.3412,8.3427,304.9
1784440800000,8.3361,8.348,8.3361,8.348,901.4
1784441700000,8.3471,8.3549,8.347,8.354,960.7
1784442600000,8.3523,8.3589,8.3487,8.3487,328.3
1784443500000,8.349,8.3528,8.3443,8.3528,508.5
1784444400000,8.3527,8.3559,8.3491,8.3503,2141.3
1784445300000,8.3504,8.366,8.3503,8.3654,303.2
1784446200000,8.3654,8.3783,8.3654,8.376,330.5
1784447100000,8.377,8.377,8.3631,8.3633,1453.3
1784448000000,8.3684,8.3791,8.3566,8.3757,20928.4
1784448900000,8.3757,8.3757,8.3492,8.3567,2204.7
1784449800000,8.357,8.3686,8.3509,8.3679,616.2
1784450700000,8.369,8.3784,8.3663,8.3703,407
1784451600000,8.373,8.3772,8.3596,8.3596,1672.5
1784452500000,8.3587,8.3593,8.336,8.3434,1211.8
1784453400000,8.3435,8.3469,8.3356,8.3397,573
1784454300000,8.3356,8.3381,8.331,8.335,596.3
1784455200000,8.3317,8.3442,8.3207,8.3328,975.6
1784456100000,8.3328,8.3389,8.3328,8.3389,469.8
1784457000000,8.3389,8.3537,8.3355,8.3537,365.6
1784457900000,8.3558,8.3784,8.3558,8.3673,668
1784458800000,8.3675,8.3798,8.3578,8.37,1581.8
1784459700000,8.371,8.3821,8.3658,8.3696,607.1
1784460600000,8.372,8.3777,8.3672,8.3703,235.7
1784461500000,8.3674,8.3691,8.3594,8.3594,434.7
1784462400000,8.3566,8.3568,8.3209,8.3221,1470
1784463300000,8.3217,8.3621,8.3217,8.3384,5999.6
1784464200000,8.3396,8.3653,8.3391,8.3562,786.9
1784465100000,8.355,8.3561,8.3495,8.3495,94.6
1784466000000,8.348,8.3486,8.3262,8.3262,3057.4
1784466900000,8.3276,8.3371,8.3248,8.3327,2183.9
1784467800000,8.3304,8.3452,8.3304,8.3411,853
1784468700000,8.3409,8.3522,8.3399,8.3473,832.5
1784469600000,8.3452,8.356,8.3428,8.3537,479.7
1784470500000,8.3542,8.3543,8.3309,8.3435,1450
1784471400000,8.3437,8.3655,8.3437,8.3621,819.7
1784472300000,8.3606,8.3908,8.3606,8.3704,1880.7
1784473200000,8.3735,8.3789,8.3637,8.3701,3477.4
1784474100000,8.3701,8.3701,8.3446,8.3446,1771.2
1784475000000,8.3441,8.3647,8.3441,8.361,637.3
1784475900000,8.3596,8.3618,8.3498,8.3577,135.5
1784476800000,8.3579,8.3772,8.347,8.3643,1067.6
1784477700000,8.3635,8.3648,8.3538,8.3564,1596.6
1784478600000,8.3565,8.3575,8.3478,8.349,212.7
1784479500000,8.3508,8.3508,8.3351,8.3351,1106.4
1784480400000,8.3357,8.3617,8.305,8.3617,6740.7
1784481300000,8.363,8.3682,8.3443,8.3461,2387.1
1784482200000,8.3447,8.3548,8.3383,8.3383,545.2
1784483100000,8.3395,8.3395,8.3297,8.3305,944.3
1784484000000,8.3313,8.3325,8.2893,8.3114,3693.4
1784484900000,8.3115,8.3136,8.2967,8.2976,1982.8
1784485800000,8.2946,8.3177,8.288,8.3153,8008.4
1784486700000,8.3155,8.3155,8.3047,8.3151,800.7
1784487600000,8.315,8.3153,8.3023,8.3149,1690
1784488500000,8.3154,8.3227,8.3114,8.3136,14438.9
1784489400000,8.311,8.3211,8.3075,8.3172,5318.3
1784490300000,8.3173,8.3305,8.3154,8.3305,578.2
1784491200000,8.3342,8.3509,8.3342,8.3424,1242.9
1784492100000,8.3417,8.3453,8.3326,8.3435,338.1
1784493000000,8.3449,8.3604,8.3434,8.3564,2044.9
1784493900000,8.3562,8.3609,8.3523,8.3609,297.3
1784494800000,8.3645,8.3913,8.3645,8.3755,26396.4
1784495700000,8.3724,8.3737,8.3551,8.3668,2333.1
1784496600000,8.3638,8.3638,8.3423,8.3461,679.5
1784497500000,8.3453,8.3478,8.3259,8.3294,609.6
1784498400000,8.3287,8.3691,8.3229,8.3635,3176.9
1784499300000,8.3679,8.4061,8.3679,8.3826,4142.2
1784500200000,8.3797,8.387,8.363,8.387,1792.2
1784501100000,8.3857,8.3857,8.3689,8.3733,1968.9
1784502000000,8.3761,8.3761,8.3442,8.358,1731.7
1784502900000,8.3599,8.3749,8.3543,8.3657,695.3
1784503800000,8.3688,8.3847,8.3635,8.3802,1207.7
1784504700000,8.3835,8.3882,8.372,8.3882,1194.5
1784505600000,8.3852,8.4717,8.3676,8.4707,7550.6
1784506500000,8.4676,8.4798,8.4279,8.4398,2101.9
1784507400000,8.4355,8.465,8.4233,8.4516,965.2
1784508300000,8.4485,8.4531,8.377,8.4101,1555.9
1784509200000,8.4124,8.5357,8.4022,8.4679,4441.5
1784510100000,8.4677,8.4743,8.4131,8.4585,8373.5
1784511000000,8.4571,8.4571,8.4174,8.4333,1898.2
1784511900000,8.4391,8.4512,8.406,8.4254,1464.1
1784512800000,8.4219,8.4814,8.4219,8.4614,2890
1784513700000,8.458,8.458,8.4262,8.4402,792.5
1784514600000,8.4379,8.479,8.4379,8.4635,1677.1
1784515500000,8.4642,8.4916,8.4642,8.4727,769.7
1784516400000,8.4734,8.4859,8.4595,8.472,1005.9
1784517300000,8.4674,8.4739,8.4348,8.4363,412.8
1784518200000,8.4324,8.4535,8.4316,8.4535,672.3
1784519100000,8.4546,8.4619,8.4424,8.4528,951.4
1784520000000,8.4589,8.4616,8.4294,8.4314,2287.4
1784520900000,8.4346,8.4507,8.4197,8.445,2279.2
1784521800000,8.4448,8.4694,8.4407,8.4583,470.7
1784522700000,8.4567,8.4583,8.4228,8.4236,9041.8
1784523600000,8.4222,8.4222,8.3263,8.3595,5774.5
1784524500000,8.3611,8.3838,8.337,8.3508,2971.6
1784525400000,8.3508,8.3508,8.3299,8.3423,364.3
1784526300000,8.336,8.3392,8.324,8.3353,448.8
1784527200000,8.3351,8.3493,8.3262,8.3459,1089.7
1784528100000,8.3466,8.3608,8.339,8.3527,1260.8
1784529000000,8.3544,8.3591,8.2879,8.3161,4735.8
1784529900000,8.3152,8.321,8.2992,8.3045,5725
1784530800000,8.3119,8.3206,8.3077,8.313,3632.3
1784531700000,8.3154,8.342,8.2947,8.342,3408
1784532600000,8.3476,8.353,8.3383,8.3527,1413.8
1784533500000,8.3526,8.3618,8.3452,8.3583,286.3
1784534400000,8.3577,8.3729,8.3481,8.3718,1906.6
1784535300000,8.3682,8.3755,8.3476,8.3547,867.5
1784536200000,8.3539,8.3574,8.3029,8.312,3702.5
1784537100000,8.3156,8.3368,8.3156,8.3301,310.4
1784538000000,8.3321,8.3402,8.3238,8.3304,4375.9
1784538900000,8.3307,8.3564,8.3307,8.3563,149.4
1784539800000,8.3564,8.3943,8.3564,8.3935,10188.7
1784540700000,8.3965,8.4169,8.3965,8.4033,1702.5
1784541600000,8.4032,8.4052,8.3893,8.3942,677.1
1784542500000,8.3942,8.4157,8.3896,8.4092,2165.1
1784543400000,8.4092,8.4092,8.3945,8.4089,930.1
1784544300000,8.4094,8.4094,8.3963,8.3966,278
1784545200000,8.3982,8.4154,8.389,8.4072,890.3
1784546100000,8.4157,8.4209,8.4081,8.4086,263.6
1784547000000,8.4093,8.4917,8.4093,8.4783,5849
1784547900000,8.4865,8.5223,8.4865,8.5172,9407.6
1784548800000,8.5105,8.5105,8.4581,8.4652,20537
1784549700000,8.4761,8.4787,8.4632,8.4659,862.3
1784550600000,8.4664,8.4719,8.4451,8.4451,3017.8
1784551500000,8.4407,8.4613,8.4406,8.4509,604.5
1784552400000,8.4512,8.4658,8.451,8.4555,1892.9
1784553300000,8.4551,8.4622,8.4422,8.4433,788.2
1784554200000,8.4422,8.4704,8.4285,8.4538,2936.7
1784555100000,8.45,8.45,8.3439,8.3645,8739.9
1784556000000,8.3653,8.383,8.346,8.3494,1622.8
1784556900000,8.3485,8.3808,8.3057,8.3808,5586
1784557800000,8.3759,8.3803,8.3528,8.3642,1021.9
1784558700000,8.3637,8.3845,8.3491,8.3567,1472.8
1784559600000,8.3647,8.5005,8.3647,8.4912,8789.6
1784560500000,8.4968,8.5015,8.4753,8.4863,7397.3
1784561400000,8.4882,8.5202,8.4656,8.5104,6561.7
1784562300000,8.5101,8.5655,8.5101,8.5468,5922.4
1784563200000,8.5544,8.582,8.5332,8.58,3621.3
1784564100000,8.576,8.576,8.5306,8.5424,4023.6
1784565000000,8.5458,8.5458,8.5109,8.5303,2522
1784565900000,8.53,8.5472,8.5275,8.5343,1434.5
1784566800000,8.5338,8.5459,8.523,8.5354,4109.3
1784567700000,8.5297,8.5371,8.5256,8.5365,490.3
1784568600000,8.54,8.5401,8.5229,8.5229,2458.3
1784569500000,8.5351,8.5859,8.5344,8.5762,2819
1784570400000,8.5767,8.6506,8.5712,8.6301,16899.4
1784571300000,8.6322,8.6442,8.6055,8.6087,6868.8
1784572200000,8.607,8.607,8.575,8.5779,3500.5
1784573100000,8.5756,8.5756,8.5505,8.5523,4146.8
1784574000000,8.5528,8.558,8.5296,8.5296,607.5
1784574900000,8.5284,8.568,8.5254,8.5606,950.2
1784575800000,8.5612,8.5612,8.5133,8.5452,5509.3
1784576700000,8.5482,8.5589,8.5393,8.5567,851.8
1784577600000,8.5629,8.5629,8.5374,8.5618,527
1784578500000,8.5601,8.563,8.5514,8.5595,479.6
1784579400000,8.5627,8.5855,8.5559,8.5596,528.1
1784580300000,8.5639,8.5704,8.5528,8.5699,411.3
1784581200000,8.5647,8.5849,8.5643,8.5801,5951.8
1784582100000,8.5811,8.609,8.5811,8.5912,1544
1784583000000,8.5918,8.6142,8.5892,8.5954,3774.7
1784583900000,8.5943,8.5962,8.5681,8.5746,335.9
1784584800000,8.5677,8.5677,8.5404,8.5405,2781.1
1784585700000,8.5404,8.5505,8.5295,8.5404,7153.9
1784586600000,8.5429,8.5446,8.5276,8.5304,897.7
1784587500000,8.5276,8.5334,8.5197,8.5328,3802.7
1784588400000,8.5334,8.5699,8.5326,8.5641,11727.5
1784589300000,8.5641,8.5992,8.5641,8.5992,2735.6
1784590200000,8.5978,8.5979,8.5871,8.5905,2685.8
1784591100000,8.593,8.5979,8.575,8.5907,3867.8
1784592000000,8.5814,8.5923,8.569,8.5754,6544
1784592900000,8.5754,8.6177,8.5692,8.6001,6396.5
1784593800000,8.6019,8.6418,8.6019,8.6313,6741.8
1784594700000,8.6311,8.6326,8.613,8.6132,1244.2
1784595600000,8.6117,8.6386,8.607,8.6271,1151.5
1784596500000,8.6256,8.6259,8.6057,8.6125,1518.5
1784597400000,8.6128,8.6237,8.6047,8.611,575.1
1784598300000,8.6117,8.6184,8.5928,8.5928,1371.2
1784599200000,8.5919,8.6226,8.5864,8.587,232
1784600100000,8.5838,8.5917,8.5721,8.5837,246
1784601000000,8.5827,8.5977,8.5827,8.5922,425.7
1784601900000,8.5903,8.6242,8.5832,8.6034,945.3
1784602800000,8.6035,8.657,8.6035,8.6335,7344.8
1784603700000,8.6343,8.6343,8.6116,8.6142,3480.3
1784604600000,8.6114,8.6248,8.6075,8.6165,1625.7
1784605500000,8.6206,8.6548,8.6163,8.642,2887.9
1784606400000,8.6401,8.6759,8.6399,8.6469,6768.2
1784607300000,8.6469,8.6584,8.6268,8.6345,4710.4
1784608200000,8.6334,8.6687,8.6327,8.6687,609.8
1784609100000,8.6631,8.7518,8.6631,8.7197,32101.3
1784610000000,8.7172,8.7365,8.709,8.7255,6866.1
1784610900000,8.7223,8.7434,8.6998,8.7127,17416
1784611800000,8.7138,8.718,8.7018,8.7105,1435.1
1784612700000,8.7153,8.756,8.7153,8.7286,6430.2
1784613600000,8.7293,8.7519,8.711,8.7262,34988.7
1784614500000,8.7173,8.7216,8.6971,8.7216,2180.1
1784615400000,8.7215,8.7383,8.7152,8.7152,618.1
1784616300000,8.717,8.717,8.7019,8.7072,2192.5
1784617200000,8.705,8.7128,8.6944,8.7035,1833.8
1784618100000,8.7047,8.7103,8.6881,8.7103,1290.2
1784619000000,8.7012,8.7399,8.698,8.7239,3113.5
1784619900000,8.7258,8.7445,8.7258,8.7444,4830.8
1784620800000,8.7393,8.7606,8.7255,8.7434,6053.3
1784621700000,8.7461,8.7565,8.712,8.7129,3349.1
1784622600000,8.7149,8.7265,8.7114,8.726,1016.4
1784623500000,8.7271,8.7289,8.7067,8.7067,5443.8
1784624400000,8.703,8.703,8.6884,8.6964,2797.5
1784625300000,8.6961,8.7055,8.6888,8.6906,1617.9
1784626200000,8.694,8.7301,8.694,8.7301,914.4
1784627100000,8.7334,8.7384,8.7219,8.7269,716.8
1784628000000,8.7263,8.7334,8.7103,8.7139,848.8
1784628900000,8.7128,8.7343,8.7088,8.7216,816.9
1784629800000,8.7202,8.7319,8.7126,8.7225,720.8
1784630700000,8.7201,8.7295,8.7006,8.7119,3201
1784631600000,8.7111,8.7111,8.6901,8.6998,3318.4
1784632500000,8.6951,8.7039,8.6907,8.696,571.2
1784633400000,8.6955,8.7117,8.6955,8.7113,298.5
1784634300000,8.7148,8.7229,8.7032,8.7032,398.2
1784635200000,8.7054,8.7093,8.6948,8.7059,1119.8
1784636100000,8.7027,8.7219,8.6941,8.7109,673.5
1784637000000,8.7121,8.7213,8.6986,8.7019,10057.1
1784637900000,8.7059,8.7132,8.699,8.7107,5282
1784638800000,8.7111,8.7333,8.705,8.7333,10864.7
1784639700000,8.732,8.7331,8.7096,8.7179,13383.8
1784640600000,8.7208,8.7212,8.6802,8.6804,9512.9
1784641500000,8.6833,8.734,8.6801,8.7297,8942.4
1784642400000,8.7269,8.7409,8.7141,8.7235,9462.8
1784643300000,8.7211,8.7211,8.6817,8.6862,3053.2
1784644200000,8.6849,8.7046,8.6814,8.6961,4890.7
1784645100000,8.701,8.7151,8.6829,8.6842,3185.9
1784646000000,8.6812,8.6828,8.6641,8.6695,1634.2
1784646900000,8.6715,8.6969,8.6689,8.6739,684.5
1784647800000,8.6685,8.6853,8.6484,8.6695,16810.1
1784648700000,8.6704,8.6973,8.6675,8.6947,1818.6
1784649600000,8.6912,8.7035,8.6798,8.6879,2865.8
1784650500000,8.6864,8.6864,8.6687,8.6699,402.4
1784651400000,8.6689,8.684,8.6632,8.6704,1826.3
1784652300000,8.6695,8.6833,8.6656,8.6748,5102
1784653200000,8.675,8.6802,8.6626,8.6645,3039.5
1784654100000,8.6634,8.666,8.6433,8.6444,1962.4
1784655000000,8.6443,8.6489,8.6414,8.6429,635.2
1784655900000,8.6462,8.6489,8.5974,8.6224,48484.7
1784656800000,8.6223,8.6403,8.6072,8.6226,2175.6
1784657700000,8.6197,8.64,8.6157,8.6203,1420.2
1784658600000,8.6192,8.6248,8.6002,8.6248,884.9
1784659500000,8.6237,8.6304,8.6128,8.6202,7831.9
1784660400000,8.6205,8.6274,8.6082,8.6116,6204.7
1784661300000,8.6084,8.6257,8.6084,8.6195,22179.5
1784662200000,8.6225,8.6261,8.6126,8.6185,1825.2
1784663100000,8.6178,8.6254,8.6112,8.6206,1873.2
1784664000000,8.6256,8.6293,8.6177,8.6225,2040
1784664900000,8.6204,8.6233,8.6127,8.6127,1210.7
1784665800000,8.6157,8.6367,8.6157,8.6335,3594.8
1784666700000,8.6335,8.6357,8.6258,8.629,1298.4
1784667600000,8.6249,8.6427,8.6223,8.6389,1685.7
1784668500000,8.6392,8.6402,8.6294,8.6312,2749.4
1784669400000,8.6309,8.6413,8.6221,8.6367,1042.8
1784670300000,8.6372,8.6382,8.6241,8.6317,1281
1784671200000,8.6242,8.6249,8.6111,8.6162,2314.8
1784672100000,8.6144,8.6194,8.6002,8.6129,6151.4
1784673000000,8.6098,8.6314,8.6084,8.6254,1774.9
1784673900000,8.6255,8.6281,8.6176,8.6237,1985.3
1784674800000,8.6248,8.6248,8.6126,8.6223,553.3
1784675700000,8.6249,8.6409,8.6249,8.6408,710.1
1784676600000,8.6379,8.65,8.6371,8.65,1724.8
1784677500000,8.65,8.6597,8.6427,8.6584,8527.2
1784678400000,8.6579,8.6949,8.6525,8.6949,4470.4
1784679300000,8.6944,8.7177,8.6935,8.7012,8648
1784680200000,8.7018,8.7191,8.6938,8.7178,9121.6
1784681100000,8.7133,8.7196,8.6986,8.7129,2553.5
1784682000000,8.7102,8.7148,8.6954,8.696,1065.6
1784682900000,8.6968,8.7043,8.6821,8.6955,4535.4
1784683800000,8.6955,8.7098,8.6934,8.7002,1484.9
1784684700000,8.7001,8.723,8.7001,8.7043,1773.9
1784685600000,8.708,8.7112,8.6939,8.7112,638.5
1784686500000,8.7131,8.7242,8.7126,8.7191,203.3
1784687400000,8.7107,8.7164,8.6912,8.6969,2761.2
1784688300000,8.7054,8.7127,8.6839,8.6917,663.6
1784689200000,8.6923,8.7065,8.6756,8.6756,1223.7
1784690100000,8.6767,8.7128,8.6759,8.7128,5978.8
1784691000000,8.7094,8.7112,8.6896,8.7016,449.6
1784691900000,8.7019,8.7139,8.6803,8.6841,298.1
1784692800000,8.6842,8.7189,8.6842,8.7183,432.6
1784693700000,8.7196,8.7432,8.7196,8.7322,941.3
1784694600000,8.73,8.7483,8.7222,8.7483,2773.5
1784695500000,8.7454,8.7461,8.7255,8.7302,275.9
1784696400000,8.7287,8.7287,8.6932,8.6932,1218.9
1784697300000,8.6912,8.6915,8.6434,8.6464,6801.3
1784698200000,8.6525,8.6625,8.6332,8.6438,11419.1
1784699100000,8.644,8.6539,8.6323,8.6323,2839.3
1784700000000,8.6312,8.6417,8.6286,8.6385,2851.5
1784700900000,8.634,8.634,8.6058,8.6066,2223.8
1784701800000,8.6084,8.6301,8.6058,8.6284,366
1784702700000,8.6249,8.6249,8.6081,8.6157,337.9
1784703600000,8.6145,8.6165,8.606,8.6093,549.3
1784704500000,8.6154,8.6229,8.6078,8.6212,17123.4
1784705400000,8.6217,8.6217,8.58,8.5887,6164.7
1784706300000,8.5907,8.5907,8.5748,8.5799,1581.8
1784707200000,8.5834,8.6195,8.5826,8.6071,7090.1
1784708100000,8.607,8.6208,8.6023,8.6059,684
1784709000000,8.6089,8.6188,8.603,8.603,3711.9
1784709900000,8.6032,8.6195,8.6032,8.6151,8544.7
1784710800000,8.6151,8.6347,8.6151,8.6235,3084.9
1784711700000,8.6211,8.6284,8.6144,8.615,1512.7
1784712600000,8.6163,8.6205,8.6054,8.6054,4319.5
1784713500000,8.6019,8.6174,8.5961,8.6171,897.8
1784714400000,8.6208,8.6255,8.6108,8.6153,674
1784715300000,8.615,8.643,8.6092,8.643,290.3
1784716200000,8.6413,8.6775,8.6413,8.6775,4766.3
1784717100000,8.6753,8.6828,8.6607,8.6644,2570.2
1784718000000,8.6613,8.6719,8.6468,8.6472,2704
1784718900000,8.6472,8.6601,8.6344,8.638,1784.4
1784719800000,8.6381,8.6383,8.6172,8.6172,8770.7
1784720700000,8.6186,8.6419,8.6186,8.6398,1958.3
1784721600000,8.6391,8.6437,8.6186,8.6225,660.5
1784722500000,8.6247,8.6247,8.6084,8.6116,2844.6
1784723400000,8.6152,8.6162,8.6015,8.6036,529.4
1784724300000,8.601,8.6103,8.5785,8.6051,5898.6
1784725200000,8.6068,8.6161,8.6024,8.6055,934.2
1784726100000,8.6014,8.6098,8.6014,8.609,928.9
1784727000000,8.6098,8.665,8.6098,8.66,2744.6
1784727900000,8.6637,8.6903,8.658,8.6903,23523.1
1784728800000,8.6865,8.7609,8.6826,8.699,22707.7
1784729700000,8.699,8.699,8.6333,8.6376,5124.1
1784730600000,8.6406,8.6668,8.6331,8.6458,489
1784731500000,8.64,8.6519,8.6301,8.6513,6083.7
1784732400000,8.6528,8.6918,8.6528,8.6918,223
1784733300000,8.6933,8.732,8.6857,8.7178,2214.6
1784734200000,8.7138,8.7217,8.68,8.6984,1926.3
1784735100000,8.7046,8.7154,8.68,8.6828,1191.6
1784736000000,8.6893,8.703,8.6735,8.6893,7049.6
1784736900000,8.689,8.6914,8.657,8.6708,3867.2
1784737800000,8.673,8.7369,8.673,8.7237,3061.4
1784738700000,8.7253,8.7297,8.7045,8.7091,6052.1
1784739600000,8.7053,8.7201,8.6958,8.6958,3463.6
1784740500000,8.6956,8.6956,8.6583,8.6668,3016.1
1784741400000,8.6613,8.6737,8.6613,8.6737,1758.7
1784742300000,8.6737,8.6813,8.6402,8.6432,3346.1
1784743200000,8.6426,8.6535,8.6219,8.6395,32058.1
1784744100000,8.6377,8.652,8.617,8.6183,6514.3
1784745000000,8.6227,8.6227,8.592,8.6065,8722.1
1784745900000,8.6046,8.6353,8.6045,8.6241,945.2
1784746800000,8.6248,8.6293,8.5846,8.5974,5006.4
1784747700000,8.5984,8.6209,8.5984,8.6142,1068.1
1784748600000,8.617,8.6214,8.6077,8.6084,406.6
1784749500000,8.6103,8.651,8.6061,8.6318,22670.6
1784750400000,8.6272,8.6521,8.6206,8.6521,4117.9
1784751300000,8.653,8.6605,8.6453,8.6517,8217.8
1784752200000,8.6491,8.6565,8.6429,8.647,2762.6
1784753100000,8.6471,8.6471,8.6375,8.6375,4793.7
1784754000000,8.6414,8.6461,8.6263,8.633,1466
1784754900000,8.6313,8.6346,8.6176,8.618,3222
1784755800000,8.6166,8.65,8.6166,8.645,728.4
1784756700000,8.6457,8.652,8.6407,8.6459,4703.2
1784757600000,8.6507,8.6508,8.6304,8.6395,2849.1
1784758500000,8.636,8.6365,8.6261,8.635,828.1
1784759400000,8.6336,8.6336,8.6132,8.6202,770.4
1784760300000,8.6165,8.6391,8.6165,8.6357,1741.2
1784761200000,8.635,8.635,8.5892,8.5913,3078.1
1784762100000,8.597,8.6085,8.5817,8.6045,3706.9
1784763000000,8.6022,8.609,8.6016,8.6072,123
1784763900000,8.609,8.6291,8.609,8.6246,2710.9
1784764800000,8.6295,8.6399,8.619,8.6356,5450
1784765700000,8.6357,8.6819,8.6276,8.6645,2590.5
1784766600000,8.6617,8.664,8.6487,8.6489,1802.6
1784767500000,8.6492,8.6589,8.6387,8.6387,865
1784768400000,8.6385,8.6571,8.6377,8.6406,518.1
1784769300000,8.6405,8.6405,8.6212,8.6346,609.7
1784770200000,8.6355,8.636,8.6062,8.6093,363.4
1784771100000,8.6059,8.615,8.6055,8.6135,259.3
1784772000000,8.6114,8.6134,8.5985,8.6059,1093
1784772900000,8.6057,8.6112,8.5894,8.5979,5122.9
1784773800000,8.5985,8.6133,8.5976,8.6058,324.8
1784774700000,8.6058,8.6278,8.6058,8.6265,1551.5
1784775600000,8.6292,8.6295,8.5969,8.5999,354.3
1784776500000,8.5988,8.6048,8.5877,8.5957,9123.4
1784777400000,8.6007,8.6051,8.5937,8.5966,569.2
1784778300000,8.5967,8.6025,8.5826,8.5826,619.9
1784779200000,8.583,8.6033,8.5825,8.6033,538.6
1784780100000,8.6062,8.6182,8.598,8.6098,148.8
1784781000000,8.6065,8.6072,8.5871,8.5931,1448.9
1784781900000,8.5918,8.5983,8.575,8.5763,982.4
1784782800000,8.5792,8.5792,8.5507,8.5547,7371.6
1784783700000,8.5531,8.5782,8.5469,8.5782,5131.4
1784784600000,8.5861,8.5942,8.5777,8.5781,1076.2
1784785500000,8.5789,8.579,8.5604,8.5728,2842.4
1784786400000,8.5726,8.582,8.5661,8.5729,691.3
1784787300000,8.5756,8.5854,8.5692,8.5827,1048.8
1784788200000,8.5831,8.5891,8.5788,8.5851,5857.4
1784789100000,8.5838,8.5842,8.5705,8.5782,3015.1
1784790000000,8.58,8.58,8.5227,8.5281,8699.5
1784790900000,8.5417,8.5426,8.5279,8.5359,1004.1
1784791800000,8.5388,8.5467,8.5268,8.5268,2092.4
1784792700000,8.5269,8.5391,8.5268,8.5316,4732.5
1784793600000,8.5276,8.5472,8.5209,8.5463,3665.2
1784794500000,8.544,8.558,8.5369,8.558,2123
1784795400000,8.5599,8.5704,8.5591,8.5688,1084.4
1784796300000,8.5685,8.5944,8.5649,8.5944,903
1784797200000,8.591,8.6448,8.5877,8.6233,6365.2
1784798100000,8.6242,8.6373,8.6198,8.6245,370.6
1784799000000,8.6243,8.6292,8.6195,8.628,657.5
1784799900000,8.627,8.6283,8.6117,8.6145,20723.3
1784800800000,8.615,8.6303,8.6104,8.6299,4651.7
1784801700000,8.6285,8.6447,8.6274,8.6446,798.4
1784802600000,8.6448,8.6606,8.6397,8.6403,4123.8
1784803500000,8.6373,8.6373,8.6252,8.6262,1722.5
1784804400000,8.6266,8.6333,8.6113,8.6333,2798
1784805300000,8.632,8.6391,8.625,8.6296,782.4
1784806200000,8.633,8.6389,8.6264,8.633,474.2
1784807100000,8.6355,8.6386,8.6264,8.634,820.1
1784808000000,8.635,8.635,8.6201,8.6314,1639.4
1784808900000,8.631,8.6382,8.6006,8.6052,3070.3
1784809800000,8.6083,8.6083,8.549,8.5551,2636.1
1784810700000,8.55,8.562,8.5076,8.5388,7865.7
1784811600000,8.5367,8.5463,8.5083,8.5083,15054.2
1784812500000,8.5079,8.5166,8.4851,8.4892,3382.2
1784813400000,8.4912,8.529,8.4823,8.5287,3791.2
1784814300000,8.5274,8.54,8.4814,8.4814,7077.9
1784815200000,8.4812,8.5254,8.4775,8.5093,14295.3
1784816100000,8.5093,8.5258,8.5047,8.5047,532.7
1784817000000,8.5095,8.5222,8.5008,8.5013,2433.4
1784817900000,8.4983,8.503,8.467,8.4749,19073.6
1784818800000,8.4725,8.4725,8.4174,8.4197,17781.3
1784819700000,8.4214,8.4821,8.4162,8.4741,5844.9
1784820600000,8.4661,8.48,8.459,8.4733,3535
1784821500000,8.4707,8.5038,8.4672,8.4977,3093.8
1784822400000,8.4963,8.4975,8.457,8.4846,5056.8
1784823300000,8.4853,8.4879,8.4622,8.4875,1023.9
1784824200000,8.4859,8.4939,8.4693,8.4925,812.9
1784825100000,8.4911,8.4998,8.4845,8.4964,851.8
1784826000000,8.482,8.4925,8.4735,8.4906,406.6
1784826900000,8.4892,8.5058,8.4892,8.5058,1076.1
1784827800000,8.5029,8.5089,8.4917,8.4944,172.6
1784828700000,8.4927,8.4982,8.4492,8.4551,1326.6
1784829600000,8.4552,8.4662,8.4496,8.4599,1222.9
1784830500000,8.4606,8.4735,8.45,8.4732,624.6
1784831400000,8.4742,8.4864,8.458,8.4644,362.8
1784832300000,8.4668,8.4801,8.4668,8.4763,691
1784833200000,8.4806,8.4837,8.4563,8.4583,1651.8
1784834100000,8.4581,8.4798,8.4581,8.4797,290.5
1784835000000,8.4799,8.4895,8.454,8.454,417.9
1784835900000,8.4544,8.4562,8.4309,8.4562,1290.3
1784836800000,8.4544,8.4988,8.4544,8.4988,1441.9
1784837700000,8.4978,8.5204,8.4954,8.5191,855.7
1784838600000,8.5194,8.5194,8.4984,8.5003,279.3
1784839500000,8.5001,8.5113,8.4981,8.5074,212
1784840400000,8.5075,8.5224,8.492,8.4926,1951
1784841300000,8.4922,8.5001,8.482,8.4892,6111.1
1784842200000,8.4934,8.5024,8.488,8.488,440.8
1784843100000,8.4889,8.4933,8.4727,8.4759,1068.1
1784844000000,8.476,8.4828,8.4589,8.4599,12466.3
1784844900000,8.4617,8.4793,8.4472,8.4725,741.2
1784845800000,8.4725,8.4871,8.4725,8.4806,214
1784846700000,8.4813,8.4827,8.4709,8.4759,122.6
1784847600000,8.4753,8.483,8.4721,8.4721,138.2
1784848500000,8.4721,8.486,8.4721,8.4776,278.4
1784849400000,8.4788,8.4815,8.4713,8.4747,372.4
1784850300000,8.4713,8.4771,8.4592,8.4681,524.1
1784851200000,8.467,8.467,8.441,8.4509,4174.6
1784852100000,8.4518,8.4568,8.4399,8.4399,1141.6
1784853000000,8.4398,8.4435,8.4026,8.4214,9094.9
1784853900000,8.4217,8.4368,8.4182,8.436,2564.3
1784854800000,8.4379,8.4521,8.4333,8.4395,553.8
1784855700000,8.4362,8.4497,8.4302,8.4393,317.8
1784856600000,8.4302,8.4588,8.4267,8.455,580
1784857500000,8.4553,8.4581,8.4349,8.4381,1357.7
1784858400000,8.4353,8.4452,8.4277,8.4451,1339.2
1784859300000,8.4429,8.4429,8.4226,8.432,1023
1784860200000,8.4306,8.4313,8.4001,8.4143,782.2
1784861100000,8.4114,8.4144,8.3948,8.4139,2301.7
1784862000000,8.4114,8.4572,8.4107,8.4572,1046.5
1784862900000,8.4571,8.4728,8.4571,8.4652,8523.2
1784863800000,8.4672,8.4678,8.4537,8.4591,3568.2
1784864700000,8.4591,8.4635,8.4525,8.4526,1805.4
1784865600000,8.4527,8.4538,8.439,8.439,1254.7
1784866500000,8.4397,8.451,8.4328,8.4509,1108.8
1784867400000,8.4488,8.4505,8.4304,8.4345,69.4
1784868300000,8.4341,8.4348,8.4178,8.42,543.1
1784869200000,8.4265,8.451,8.4217,8.4446,8020.7
1784870100000,8.4452,8.4555,8.4447,8.4449,1553.8
1784871000000,8.4441,8.4456,8.4342,8.4456,3046.5
1784871900000,8.4456,8.4536,8.4356,8.436,1527.9
1784872800000,8.4387,8.4526,8.4357,8.4502,489.1
1784873700000,8.4536,8.4799,8.4501,8.4598,889.9
1784874600000,8.4618,8.4781,8.4563,8.4674,392.7
1784875500000,8.4644,8.4723,8.4599,8.4708,50.6
1784876400000,8.474,8.5626,8.4726,8.5534,10419.2
1784877300000,8.5557,8.5766,8.5419,8.5492,5212
1784878200000,8.5476,8.5612,8.5051,8.5153,1344
1784879100000,8.5167,8.5562,8.5164,8.5562,324.6
1784880000000,8.5569,8.5577,8.5299,8.5344,1309.8
1784880900000,8.5348,8.5433,8.512,8.5192,402.5
1784881800000,8.5195,8.5439,8.5195,8.5434,1761.8
1784882700000,8.5428,8.5428,8.5233,8.524,493.5
1784883600000,8.524,8.5305,8.497,8.497,762.7
1784884500000,8.4971,8.5085,8.486,8.5038,488.9
1784885400000,8.5051,8.5254,8.4978,8.5233,863.1
1784886300000,8.5218,8.5317,8.5116,8.5181,617.2
1784887200000,8.5195,8.521,8.478,8.478,527.5
1784888100000,8.478,8.4809,8.4684,8.476,1485.5
1784889000000,8.4762,8.4842,8.4695,8.4705,973.1
1784889900000,8.4701,8.4705,8.455,8.4691,574.4
1784890800000,8.4708,8.4723,8.4567,8.464,647.2
1784891700000,8.4591,8.4709,8.4584,8.4602,176.2
1784892600000,8.4613,8.4625,8.4425,8.4478,592.9
1784893500000,8.4457,8.4645,8.428,8.4626,4660
1784894400000,8.4612,8.4627,8.4424,8.4577,927.8
1784895300000,8.4575,8.4855,8.4558,8.4699,1004
1784896200000,8.471,8.4731,8.4489,8.4489,547.1
1784897100000,8.4497,8.4545,8.4178,8.4178,4540.5
1784898000000,8.4201,8.4241,8.3409,8.3532,32044.2
1784898900000,8.3524,8.3831,8.348,8.3622,1600.5
1784899800000,8.3619,8.375,8.3283,8.3602,18780.5
1784900700000,8.361,8.3642,8.2823,8.323,14089.7
1784901600000,8.3256,8.3388,8.3036,8.3214,10323.7
1784902500000,8.3207,8.3252,8.2925,8.3252,10460.8
1784903400000,8.3268,8.3307,8.3062,8.3062,2535.6
1784904300000,8.3098,8.3518,8.2963,8.3518,28255.9
1784905200000,8.3518,8.3708,8.3178,8.3708,3767
1784906100000,8.3699,8.3819,8.3522,8.3723,45768.7
1784907000000,8.3715,8.3988,8.3661,8.381,6776.2
1784907900000,8.3784,8.384,8.3631,8.3637,2504.3
1784908800000,8.3657,8.3696,8.3447,8.3457,3724
1784909700000,8.3458,8.3502,8.3324,8.3385,1886.1
1784910600000,8.3386,8.3391,8.3184,8.3184,1680
1784911500000,8.3182,8.3329,8.3074,8.3251,1265.8
1784912400000,8.3253,8.3342,8.3154,8.3234,8880.6
1784913300000,8.3234,8.3618,8.3214,8.3555,4210.8
1784914200000,8.3556,8.364,8.3444,8.3477,317.8
1784915100000,8.3475,8.3602,8.345,8.3561,700.3
1784916000000,8.3571,8.359,8.3498,8.3558,739.6
1784916900000,8.354,8.3543,8.333,8.3332,244.6
1784917800000,8.3355,8.3448,8.3342,8.3427,468.6
1784918700000,8.3463,8.3598,8.3463,8.351,254.2
1784919600000,8.3519,8.358,8.34,8.3409,10333.8
1784920500000,8.3413,8.3528,8.3413,8.3505,493.1
1784921400000,8.3511,8.3607,8.35,8.3537,313
1784922300000,8.3552,8.359,8.3404,8.357,14283.2
1784923200000,8.3571,8.3642,8.3485,8.3554,3362
1784924100000,8.3554,8.3648,8.3538,8.3566,469.9
1784925000000,8.3564,8.3564,8.3353,8.3372,5059.4
1784925900000,8.3373,8.3373,8.3202,8.3326,5350.5
1784926800000,8.3327,8.3371,8.3033,8.3112,41489
1784927700000,8.3113,8.3276,8.3112,8.3258,1834
1784928600000,8.3265,8.3345,8.3128,8.3128,1214.3
1784929500000,8.3119,8.317,8.2917,8.3,5445.4
1784930400000,8.301,8.321,8.301,8.3141,2466.5
1784931300000,8.3167,8.3191,8.3145,8.3191,736.5
1784932200000,8.3192,8.3364,8.3192,8.3334,3344.8
1784933100000,8.3299,8.3308,8.323,8.3277,771.1
1784934000000,8.3281,8.3401,8.3253,8.3317,807.9
1784934900000,8.3251,8.3337,8.3251,8.3319,130.3
1784935800000,8.3322,8.3381,8.3249,8.3358,1025.4
1784936700000,8.3317,8.3361,8.3307,8.336,228.3
1784937600000,8.3369,8.3369,8.319,8.331,2732.9
1784938500000,8.3333,8.3527,8.3277,8.3499,1894.8
1784939400000,8.3497,8.3583,8.3284,8.3284,1671.2
1784940300000,8.3277,8.3367,8.3197,8.3367,1486.4
1784941200000,8.3369,8.3446,8.3301,8.331,699.7
1784942100000,8.3309,8.3311,8.3218,8.3261,347
1784943000000,8.3261,8.3345,8.3212,8.3279,258.3
1784943900000,8.3316,8.3317,8.3216,8.3248,5151.6
1784944800000,8.3241,8.3268,8.3197,8.3197,539
1784945700000,8.318,8.3316,8.3123,8.3315,2119
1784946600000,8.3327,8.337,8.3243,8.3357,351.8
1784947500000,8.3329,8.3334,8.3243,8.333,657.5
1784948400000,8.3351,8.3433,8.3289,8.3433,4920.4
1784949300000,8.3367,8.3415,8.3351,8.3392,170
1784950200000,8.3386,8.3419,8.3348,8.3415,177.8
1784951100000,8.3431,8.3431,8.3317,8.3373,231.9
1784952000000,8.3382,8.3496,8.3382,8.3485,348.4
1784952900000,8.3496,8.3523,8.341,8.341,168
1784953800000,8.3408,8.3575,8.3341,8.3473,21002.6
1784954700000,8.3458,8.348,8.3354,8.336,20650.7
1784955600000,8.3368,8.3421,8.3323,8.3323,824.5
1784956500000,8.3305,8.3309,8.3276,8.3276,315.2
1784957400000,8.3275,8.3275,8.315,8.3171,211.1
1784958300000,8.315,8.3212,8.312,8.3187,2622.7
1784959200000,8.3172,8.3257,8.3172,8.3251,13409
1784960100000,8.3258,8.3258,8.3018,8.3018,1222.9
1784961000000,8.3,8.3,8.291,8.2911,9313.2
1784961900000,8.2911,8.316,8.2875,8.316,1587.3
1784962800000,8.3112,8.3117,8.2986,8.2986,102.1
1784963700000,8.2981,8.3014,8.2931,8.3013,971.6
1784964600000,8.2952,8.2974,8.2949,8.2949,331
1784965500000,8.2949,8.2996,8.2944,8.2973,320.3
1784966400000,8.2935,8.2935,8.2691,8.2875,43509.8
1784967300000,8.2886,8.2998,8.2886,8.2998,2950.2
1784968200000,8.2937,8.2937,8.2805,8.2805,678.6
1784969100000,8.28,8.2805,8.2651,8.2721,17275.2
1784970000000,8.2743,8.2776,8.2694,8.2746,590.8
1784970900000,8.2755,8.2801,8.2676,8.2801,2719.5
1784971800000,8.2806,8.2893,8.2802,8.2835,3731.7
1784972700000,8.2832,8.2957,8.2832,8.2906,506
1784973600000,8.2907,8.3022,8.2898,8.3016,40405.2
1784974500000,8.3023,8.31,8.3023,8.3051,5950.2
1784975400000,8.3053,8.3057,8.3001,8.3024,401.8
1784976300000,8.3027,8.31,8.3006,8.31,152.5
1784977200000,8.3107,8.3133,8.3093,8.3116,1828.8
1784978100000,8.313,8.3133,8.3055,8.3068,65.2
1784979000000,8.3129,8.3129,8.2987,8.3076,912.4
1784979900000,8.307,8.3148,8.3056,8.3117,671.5
1784980800000,8.3129,8.3135,8.3095,8.31,439.4
1784981700000,8.3135,8.3171,8.3103,8.3171,494.1
1784982600000,8.3173,8.3274,8.3144,8.3274,10836.6
1784983500000,8.3253,8.3709,8.3252,8.3675,8720.1
1784984400000,8.3685,8.3727,8.3613,8.3615,868.8
1784985300000,8.3597,8.37,8.3585,8.3639,3070.4
1784986200000,8.365,8.3861,8.3549,8.3846,4263.8
1784987100000,8.3848,8.3943,8.3511,8.3557,51436.3
1784988000000,8.3566,8.3597,8.3395,8.3525,5747.3
1784988900000,8.3529,8.3548,8.3408,8.345,113.8
1784989800000,8.3443,8.3552,8.3443,8.352,443.5
1784990700000,8.3523,8.3551,8.3487,8.3532,117.4
1784991600000,8.352,8.3681,8.3496,8.3626,387.5
1784992500000,8.3628,8.3908,8.3614,8.3789,2434.9
1784993400000,8.3794,8.3867,8.3713,8.3859,6930.2
1784994300000,8.3867,8.3872,8.3752,8.3798,128.1
1784995200000,8.3833,8.392,8.3739,8.3855,2168.9
1784996100000,8.387,8.3878,8.3735,8.3743,917.1
1784997000000,8.3743,8.4077,8.3741,8.4038,3013.3
1784997900000,8.4028,8.4135,8.3906,8.4007,1171.6
1784998800000,8.4014,8.4107,8.3953,8.397,3005
1784999700000,8.3981,8.4016,8.393,8.3962,1896.5
1785000600000,8.3956,8.4133,8.3939,8.4107,531.9
1785001500000,8.4125,8.415,8.4008,8.4062,1551.4
1785002400000,8.4093,8.4331,8.4087,8.4122,3421.6
1785003300000,8.4112,8.4201,8.4094,8.4175,434.1
1785004200000,8.4165,8.4276,8.4133,8.419,7813.8
1785005100000,8.4174,8.4222,8.4149,8.416,552.4
1785006000000,8.418,8.4223,8.4064,8.414,645.2
1785006900000,8.4127,8.413,8.3989,8.4054,548.9
1785007800000,8.4025,8.4025,8.3929,8.3964,884.6
1785008700000,8.3964,8.4074,8.3927,8.3996,667.3
1785009600000,8.4,8.4003,8.3899,8.3954,1862.5
1785010500000,8.3954,8.3989,8.3897,8.393,16412.9
1785011400000,8.393,8.3933,8.3794,8.3826,3945.8
1785012300000,8.3826,8.383,8.3772,8.3809,1128.6
1785013200000,8.381,8.3825,8.3603,8.3679,2546.6
1785014100000,8.368,8.3688,8.3585,8.3641,2575.2
1785015000000,8.3641,8.3738,8.3623,8.3691,959.5
1785015900000,8.3691,8.3813,8.3663,8.3707,4753.4
1785016800000,8.3707,8.3759,8.3707,8.3759,1092
1785017700000,8.3759,8.3811,8.3737,8.3803,976.5
1785018600000,8.3808,8.3813,8.373,8.38,1918.9
1785019500000,8.3808,8.3843,8.3754,8.3803,719.5
1785020400000,8.3806,8.3818,8.3732,8.3732,330.9
1785021300000,8.3725,8.3738,8.3665,8.3695,447.9
1785022200000,8.3703,8.3793,8.37,8.3745,786.5
1785023100000,8.3736,8.3806,8.3725,8.3793,532.4
1785024000000,8.3791,8.3882,8.3743,8.382,1631.9
1785024900000,8.3816,8.4007,8.3813,8.3976,4219.5
1785025800000,8.3966,8.3966,8.3784,8.3813,1248.6
1785026700000,8.3813,8.3973,8.3793,8.3972,1194.6
1785027600000,8.3973,8.3991,8.3855,8.3991,1273.8
1785028500000,8.3991,8.402,8.3917,8.3923,10086.3
1785029400000,8.3963,8.399,8.39,8.3929,342.3
1785030300000,8.3911,8.3945,8.3889,8.391,531.8
1785031200000,8.3909,8.3974,8.3817,8.3974,322.8
1785032100000,8.3974,8.3987,8.3895,8.3982,835.6
1785033000000,8.3986,8.3996,8.3909,8.3952,451.9
1785033900000,8.3929,8.4166,8.3929,8.4159,928.5
1785034800000,8.417,8.4217,8.4033,8.4217,1169.6
1785035700000,8.4216,8.4217,8.4106,8.4125,616.7
1785036600000,8.4098,8.4257,8.4098,8.418,964.5
1785037500000,8.4202,8.424,8.4192,8.4213,357.4
1785038400000,8.4234,8.4252,8.4136,8.4136,439.7
1785039300000,8.4133,8.4313,8.4107,8.43,1006.9
1785040200000,8.4299,8.4666,8.4268,8.4643,5546.5
1785041100000,8.466,8.4714,8.4487,8.4488,2065.2
1785042000000,8.453,8.4545,8.4391,8.4545,837.3
1785042900000,8.4526,8.4545,8.4341,8.4344,906.8
1785043800000,8.4339,8.45,8.4274,8.4485,7298.8
1785044700000,8.4481,8.4481,8.4364,8.4381,1609.9
1785045600000,8.4366,8.4413,8.4185,8.4185,1422.8
1785046500000,8.419,8.4217,8.3984,8.402,1104.3
1785047400000,8.4046,8.422,8.403,8.4185,838.2
1785048300000,8.4182,8.4436,8.4182,8.4433,912.6
1785049200000,8.4424,8.4442,8.4316,8.441,1194.7
1785050100000,8.4404,8.4433,8.4229,8.4229,589.7
1785051000000,8.4229,8.4229,8.4087,8.4114,942.1
1785051900000,8.4113,8.4193,8.4105,8.4192,2166
1785052800000,8.417,8.4188,8.4103,8.4149,571.4
1785053700000,8.4146,8.417,8.409,8.4139,655
1785054600000,8.4138,8.4138,8.4028,8.4053,1133.3
1785055500000,8.4052,8.412,8.4049,8.4075,381.3
1785056400000,8.4082,8.4161,8.4048,8.4119,610.9
1785057300000,8.414,8.4307,8.4138,8.4295,22060.6
1785058200000,8.4246,8.4393,8.4211,8.4342,2408.1
1785059100000,8.4363,8.4363,8.4111,8.4111,284.6
1785060000000,8.4111,8.4235,8.4041,8.4213,1468.7
1785060900000,8.4219,8.4265,8.4129,8.4224,802.3
1785061800000,8.4221,8.4266,8.42,8.4257,4710.3
1785062700000,8.4257,8.4326,8.4191,8.4246,1064.9
1785063600000,8.4252,8.4298,8.4191,8.4239,634.8
1785064500000,8.4237,8.432,8.4194,8.432,374.2
1785065400000,8.4339,8.4348,8.4272,8.4286,426.7
1785066300000,8.4275,8.4384,8.4217,8.4324,1011.4
1785067200000,8.4301,8.4645,8.4301,8.4645,7700.2
1785068100000,8.464,8.4917,8.4577,8.48,20592.1
1785069000000,8.48,8.48,8.4493,8.4531,2269.9
1785069900000,8.4505,8.4513,8.4364,8.4371,1025.1
1785070800000,8.4382,8.4432,8.4193,8.4227,1041.4
1785071700000,8.4202,8.4577,8.4202,8.4413,1733
1785072600000,8.4423,8.4576,8.4342,8.4568,1728.5
1785073500000,8.4569,8.4633,8.4452,8.4536,1576.1
1785074400000,8.453,8.4919,8.4513,8.4822,1370
1785075300000,8.4818,8.4841,8.4542,8.4542,6028
1785076200000,8.4573,8.4753,8.4522,8.4724,650.5
1785077100000,8.4696,8.4898,8.4696,8.4878,2304.4
1785078000000,8.4887,8.5001,8.4825,8.4825,2409.2
1785078900000,8.4852,8.5283,8.4852,8.5171,11877
1785079800000,8.5172,8.5527,8.51,8.5446,6825.3
1785080700000,8.544,8.6004,8.5314,8.5945,9454.6
1785081600000,8.5926,8.6237,8.5672,8.5782,17890
1785082500000,8.5759,8.66,8.5759,8.6471,8305.9
1785083400000,8.6462,8.6584,8.6139,8.6153,4884.2
1785084300000,8.616,8.653,8.6089,8.6446,8427.5
1785085200000,8.645,8.645,8.588,8.5936,6780.5
1785086100000,8.5944,8.6016,8.5668,8.5801,2010.5
1785087000000,8.5792,8.607,8.5763,8.5941,1573.8
1785087900000,8.5949,8.6098,8.582,8.582,685.3
1785088800000,8.5832,8.5954,8.5553,8.5553,4502.3
1785089700000,8.5553,8.577,8.5553,8.5701,1648.9
1785090600000,8.5699,8.5784,8.567,8.5738,3142.3
1785091500000,8.5738,8.601,8.5733,8.601,788.2
1785092400000,8.6029,8.6107,8.5848,8.5875,3984.3
1785093300000,8.5852,8.605,8.5852,8.5964,1137.8
1785094200000,8.5963,8.6107,8.5921,8.5921,1877.6
1785095100000,8.5882,8.5901,8.5792,8.5799,3188.4
1785096000000,8.5797,8.5883,8.575,8.5795,4971.2
1785096900000,8.5794,8.5797,8.5632,8.5761,12064.8
1785097800000,8.5731,8.5785,8.5691,8.5754,1286.6
1785098700000,8.5754,8.5756,8.5678,8.5756,743.6
1785099600000,8.5755,8.5843,8.572,8.573,4310.8
1785100500000,8.5724,8.6122,8.5676,8.6029,3291.9
1785101400000,8.6028,8.6246,8.5995,8.6182,1418.7
1785102300000,8.6149,8.6341,8.6149,8.6179,3465.1
1785103200000,8.6178,8.7521,8.6178,8.7049,48053.7
1785104100000,8.7081,8.726,8.7066,8.726,5488.8
1785105000000,8.7306,8.7761,8.7295,8.7689,38596.8
1785105900000,8.7659,8.8,8.7595,8.7894,15017.7
1785106800000,8.7876,8.8343,8.7771,8.7809,27415.6
1785107700000,8.7809,8.8041,8.7809,8.7979,5782.2
1785108600000,8.798,8.8155,8.7784,8.8076,1871
1785109500000,8.8075,8.8387,8.807,8.8237,20776.3
1785110400000,8.8236,8.8311,8.7881,8.7922,11182.5
1785111300000,8.7922,8.7923,8.7527,8.7766,8949.6
1785112200000,8.7751,8.7762,8.7527,8.7685,5311.7
1785113100000,8.7704,8.7862,8.7533,8.7629,2320
1785114000000,8.7657,8.7904,8.7582,8.7582,1236.1
1785114900000,8.7593,8.7863,8.7474,8.771,1507.4
1785115800000,8.7738,8.7975,8.75,8.7675,1631.8
1785116700000,8.7669,8.7927,8.7565,8.7856,1407.5
1785117600000,8.7855,8.7896,8.7547,8.7593,1743.1
1785118500000,8.7574,8.7669,8.7474,8.7581,1883.2
1785119400000,8.7558,8.7604,8.7372,8.7552,2219.1
1785120300000,8.7538,8.7558,8.7271,8.7358,2176.5
1785121200000,8.7351,8.7496,8.7215,8.7418,1797.1
1785122100000,8.7419,8.7504,8.7366,8.7411,634.5
1785123000000,8.741,8.7687,8.7309,8.7665,2009.6
1785123900000,8.7666,8.783,8.7632,8.7735,2490.7
1785124800000,8.7746,8.7964,8.7608,8.7772,1759.1
1785125700000,8.7777,8.8091,8.7678,8.7772,2499.7
1785126600000,8.7739,8.7939,8.7605,8.7914,2707.9
1785127500000,8.7901,8.7902,8.77,8.77,219.8
1785128400000,8.77,8.7839,8.7674,8.7805,630.5
1785129300000,8.7754,8.7992,8.7714,8.7979,4439.6
1785130200000,8.7999,8.8091,8.7941,8.8062,2228.1
1785131100000,8.8079,8.8749,8.8029,8.851,16820.3
1785132000000,8.8523,8.9148,8.8275,8.8502,21044.6
1785132900000,8.8563,8.8697,8.83,8.834,9620.1
1785133800000,8.8336,8.8614,8.8278,8.8483,3331.1
1785134700000,8.8492,8.8539,8.8278,8.8514,1348.5
1785135600000,8.8502,8.8533,8.8175,8.8391,3036.6
1785136500000,8.8396,8.8571,8.8286,8.8315,6549.2
1785137400000,8.8285,8.8356,8.8033,8.8153,881.6
1785138300000,8.8156,8.8271,8.8129,8.8129,6543.4
1785139200000,8.8122,8.8178,8.7937,8.8063,1681.5
1785140100000,8.8066,8.8163,8.7946,8.8163,4047.4
1785141000000,8.8163,8.82,8.8087,8.8087,12648.9
1785141900000,8.8089,8.8242,8.7918,8.7997,4488.9
1785142800000,8.7938,8.7938,8.7608,8.7627,4268.8
1785143700000,8.7675,8.7794,8.7659,8.7782,691.5
1785144600000,8.7746,8.8001,8.7732,8.797,1858.5
1785145500000,8.7979,8.8142,8.7916,8.7929,2693
1785146400000,8.7927,8.8021,8.7841,8.7857,1306.6
1785147300000,8.7842,8.8055,8.7759,8.7907,11675.3
1785148200000,8.7909,8.8157,8.7886,8.8147,4243.4
1785149100000,8.8156,8.8192,8.7937,8.7937,834.9
1785150000000,8.7937,8.7937,8.7708,8.7833,5314.3
1785150900000,8.7812,8.7847,8.7563,8.7563,4208.1
1785151800000,8.7519,8.7676,8.7415,8.7638,7351.7
1785152700000,8.7628,8.7631,8.7495,8.7519,967
1785153600000,8.7519,8.7799,8.7386,8.7467,2136.4
1785154500000,8.7451,8.7567,8.7318,8.7368,7111.2
1785155400000,8.7372,8.7552,8.7078,8.7516,6453.3
1785156300000,8.7515,8.7641,8.7408,8.7489,766
1785157200000,8.7493,8.7563,8.73,8.73,4054.4
1785158100000,8.7269,8.7429,8.7184,8.7209,2037.8
1785159000000,8.7227,8.8204,8.7045,8.8056,18277.4
1785159900000,8.8032,8.8142,8.7527,8.7673,11602.9
1785160800000,8.7683,8.7759,8.7393,8.7684,4793.3
1785161700000,8.769,8.7749,8.664,8.6673,8174.3
1785162600000,8.6623,8.6634,8.5392,8.5408,21341.4
1785163500000,8.5409,8.6083,8.536,8.5965,4928.6
1785164400000,8.5901,8.615,8.5762,8.6083,6954.4
1785165300000,8.608,8.6191,8.5787,8.5899,2267.9
1785166200000,8.5891,8.6054,8.5558,8.5854,3446.6
1785167100000,8.5913,8.5933,8.5703,8.5703,1810.7
1785168000000,8.5706,8.5883,8.5581,8.5664,2923.5
1785168900000,8.5635,8.6223,8.5525,8.6177,6806.9
1785169800000,8.6174,8.6409,8.6167,8.6409,2420.3
1785170700000,8.6409,8.65,8.623,8.6385,3599.9
1785171600000,8.6384,8.6421,8.6112,8.6249,663.6
1785172500000,8.623,8.65,8.6213,8.6274,2105
1785173400000,8.6311,8.6425,8.6245,8.6274,1119.4
1785174300000,8.6267,8.6267,8.6086,8.6224,697.1
1785175200000,8.6259,8.6282,8.6104,8.6136,672.1
1785176100000,8.6103,8.6103,8.5885,8.5943,619.1
1785177000000,8.593,8.5958,8.5584,8.5745,3534
1785177900000,8.5747,8.5922,8.5587,8.5919,4302.8
1785178800000,8.5949,8.6401,8.5831,8.6263,3542.1
1785179700000,8.6231,8.6445,8.6221,8.631,5558.8
1785180600000,8.6328,8.6582,8.6291,8.6366,7150.8
1785181500000,8.6367,8.6443,8.627,8.6314,1816
1785182400000,8.6328,8.6434,8.6169,8.6203,1330
1785183300000,8.6183,8.6401,8.6142,8.637,2646
1785184200000,8.6351,8.6352,8.6074,8.6075,1479.3
1785185100000,8.6063,8.6206,8.6021,8.62,1073.1
1785186000000,8.6196,8.6204,8.6059,8.6123,1018
1785186900000,8.6123,8.6147,8.5882,8.5882,486.1
1785187800000,8.5883,8.5951,8.5833,8.5912,1164.9
1785188700000,8.5913,8.5913,8.5825,8.5825,2218.2
1785189600000,8.5826,8.5826,8.5501,8.5749,1792
1785190500000,8.575,8.5787,8.5495,8.5575,1266.5
1785191400000,8.5579,8.5702,8.5084,8.5135,3546.2
1785192300000,8.5139,8.5139,8.4133,8.4284,34611.8
1785193200000,8.4277,8.4292,8.3745,8.3994,12353.1
1785194100000,8.3974,8.4216,8.3836,8.3874,2235.3
1785195000000,8.3876,8.3967,8.3446,8.3455,3317.1
1785195900000,8.3456,8.3758,8.3425,8.3758,2522.5
1785196800000,8.3755,8.3758,8.3344,8.3545,26545.3
1785197700000,8.3582,8.3783,8.3259,8.3507,4613.1
1785198600000,8.3507,8.3679,8.3307,8.3517,8380.1
1785199500000,8.3513,8.359,8.3378,8.3419,2680.8
1785200400000,8.3438,8.3486,8.2743,8.3218,20830.1
1785201300000,8.3222,8.3402,8.2883,8.3358,3182.7
1785202200000,8.3299,8.3558,8.3201,8.3269,4294.6
1785203100000,8.3267,8.3322,8.3086,8.3212,870.4
1785204000000,8.3182,8.3319,8.3099,8.3318,1039.5
1785204900000,8.3287,8.345,8.3241,8.3329,836.6
1785205800000,8.3324,8.3353,8.3146,8.3163,915.6
1785206700000,8.3164,8.3311,8.3082,8.3172,1721
1785207600000,8.3188,8.3261,8.3079,8.3178,386.8
1785208500000,8.3092,8.3365,8.3092,8.326,206.5
1785209400000,8.3261,8.3384,8.316,8.3384,359.5
1785210300000,8.3391,8.3417,8.3238,8.3289,328.9
1785211200000,8.327,8.3459,8.327,8.3431,931.4
1785212100000,8.3457,8.3538,8.3417,8.3455,3576.9
1785213000000,8.3418,8.3447,8.3263,8.3353,343.2
1785213900000,8.3355,8.3563,8.3355,8.3435,816.1
1785214800000,8.344,8.3609,8.3413,8.3605,5916.3
1785215700000,8.3579,8.3742,8.3508,8.3553,651.2
1785216600000,8.3559,8.3559,8.3268,8.3542,723.1
1785217500000,8.3559,8.3567,8.335,8.3356,1607.2
1785218400000,8.3371,8.3371,8.3158,8.3181,1019
1785219300000,8.3188,8.3485,8.3188,8.3423,1042.1
1785220200000,8.3429,8.3495,8.3413,8.3464,2337.5
1785221100000,8.3464,8.3482,8.3353,8.3482,1202.7
1785222000000,8.344,8.345,8.3305,8.3331,2095.9
1785222900000,8.3334,8.3389,8.3264,8.3266,3009
1785223800000,8.3257,8.3308,8.3138,8.3144,3219.8
1785224700000,8.31,8.3182,8.3001,8.3133,7270.8
1785225600000,8.3134,8.3224,8.3059,8.3079,1353.8
1785226500000,8.3096,8.3245,8.3072,8.3206,1572.8
1785227400000,8.318,8.3273,8.3079,8.3255,4322.7
1785228300000,8.3256,8.3257,8.3123,8.3158,4755.7
1785229200000,8.3159,8.3193,8.3072,8.3079,1126.5
1785230100000,8.3079,8.3127,8.3036,8.3126,1506.8
1785231000000,8.3126,8.3216,8.3078,8.3183,1260.6
1785231900000,8.3191,8.3202,8.2891,8.2998,3458.4
1785232800000,8.2998,8.3062,8.2936,8.3004,7712
1785233700000,8.3004,8.3143,8.2882,8.2977,5947.2
1785234600000,8.2978,8.3111,8.2958,8.3006,5029
1785235500000,8.3012,8.3085,8.2992,8.3011,1140.1
1785236400000,8.3025,8.3055,8.2693,8.2719,5290.2
1785237300000,8.2713,8.3132,8.2713,8.2886,2731.1
1785238200000,8.2882,8.3082,8.2738,8.2808,2369.8
1785239100000,8.279,8.2918,8.2777,8.2845,584.2
1785240000000,8.2846,8.2959,8.2777,8.2947,1565.4
1785240900000,8.2966,8.3058,8.2904,8.3036,766.2
1785241800000,8.3048,8.3143,8.2964,8.3143,1078.3
1785242700000,8.3098,8.3356,8.3076,8.3345,1105.7
1785243600000,8.3364,8.3413,8.3205,8.3244,9170.4
1785244500000,8.3244,8.326,8.2976,8.2976,2248.8
1785245400000,8.2967,8.3066,8.1968,8.2205,92619.2
1785246300000,8.2207,8.2394,8.1904,8.2331,20164.7
1785247200000,8.233,8.2776,8.2326,8.2455,9223.5
1785248100000,8.2489,8.2725,8.2232,8.2691,10375
1785249000000,8.2741,8.302,8.2699,8.2946,5311.6
1785249900000,8.2966,8.328,8.286,8.286,5998.4
1785250800000,8.2874,8.3091,8.2811,8.298,13424.7
1785251700000,8.2965,8.3977,8.286,8.3547,45186.8
1785252600000,8.357,8.3815,8.355,8.3711,2536.8
1785253500000,8.3705,8.388,8.3514,8.3772,10649.9
1785254400000,8.3772,8.3809,8.3657,8.3701,2703.3
1785255300000,8.3703,8.4099,8.3703,8.3855,7486
1785256200000,8.3819,8.3995,8.3695,8.3924,1877.1
1785257100000,8.3924,8.4125,8.3767,8.405,2063.7
1785258000000,8.405,8.405,8.3465,8.3559,2220.2
1785258900000,8.3559,8.3587,8.3367,8.3442,4201.8
1785259800000,8.3372,8.3404,8.3054,8.3124,5069.9
1785260700000,8.3129,8.3317,8.3076,8.3268,2479.4
1785261600000,8.3289,8.3543,8.326,8.3276,1378.3
1785262500000,8.33,8.335,8.3236,8.3265,1442.9
1785263400000,8.3308,8.3377,8.324,8.336,1146.3
1785264300000,8.3339,8.341,8.3276,8.3342,846.7
1785265200000,8.3346,8.3533,8.3346,8.3433,1138.2
1785266100000,8.3432,8.3534,8.3365,8.3495,1582.9
1785267000000,8.3559,8.3684,8.3474,8.348,1126.4
1785267900000,8.3521,8.3845,8.352,8.3801,4187.8
1785268800000,8.3805,8.3908,8.3655,8.3815,7451.7
1785269700000,8.3781,8.3883,8.3755,8.3756,1942.3
1785270600000,8.3765,8.3802,8.3656,8.3779,1497.6
1785271500000,8.3782,8.3864,8.3738,8.3848,1411
1785272400000,8.3889,8.4056,8.3819,8.3819,4492
1785273300000,8.3819,8.3844,8.3657,8.378,854.6
1785274200000,8.3781,8.4045,8.3779,8.403,1144.1
1785275100000,8.4031,8.4408,8.4005,8.4334,8781.4
1785276000000,8.4376,8.4511,8.4252,8.4281,4656.2
1785276900000,8.4293,8.4433,8.4161,8.4164,4090
1785277800000,8.416,8.416,8.3934,8.4011,1014.3
1785278700000,8.3973,8.403,8.3723,8.3725,1206.3
1785279600000,8.3731,8.3742,8.3539,8.3731,1653
1785280500000,8.3721,8.3832,8.3661,8.3807,485.9
1785281400000,8.3807,8.426,8.3807,8.426,1018.2
1785282300000,8.426,8.4441,8.4211,8.4426,880.4
1785283200000,8.443,8.5079,8.443,8.4732,11777.6
1785284100000,8.4747,8.4927,8.4693,8.4776,4682.5
1785285000000,8.4751,8.4912,8.4629,8.485,1630.9
1785285900000,8.4915,8.5053,8.4698,8.4717,2631
1785286800000,8.4699,8.4794,8.4467,8.4474,1675.4
1785287700000,8.4467,8.4623,8.4382,8.452,1647.9
1785288600000,8.4502,8.4543,8.4074,8.408,2337.5
1785289500000,8.4057,8.4145,8.3825,8.3871,2190.4
1785290400000,8.3878,8.4081,8.3646,8.4004,3327.6
1785291300000,8.3989,8.4345,8.3721,8.4337,876.6
1785292200000,8.4422,8.4574,8.4273,8.4404,1159
1785293100000,8.4389,8.4404,8.4151,8.4221,594.7
1785294000000,8.4239,8.4346,8.4032,8.4182,742.4
1785294900000,8.4179,8.4257,8.3819,8.3819,722.5
1785295800000,8.3819,8.3819,8.3424,8.3448,63932.9
1785296700000,8.3469,8.3511,8.3267,8.3287,4025.8
1785297600000,8.331,8.3399,8.2885,8.3234,46444.8
1785298500000,8.3232,8.3364,8.2852,8.3303,2417.5
1785299400000,8.3275,8.3705,8.3263,8.3441,2831.8
1785300300000,8.3441,8.36,8.3389,8.3564,373.3
1785301200000,8.3571,8.386,8.3552,8.3846,4949.6
1785302100000,8.3841,8.3841,8.3513,8.3747,2075.2
1785303000000,8.3715,8.396,8.367,8.3887,846.1
1785303900000,8.3888,8.4035,8.3878,8.3944,6512.7
1785304800000,8.3943,8.3996,8.3743,8.3947,1449.3
1785305700000,8.3955,8.4236,8.3872,8.4232,749.4
1785306600000,8.4272,8.4375,8.4176,8.4256,636.4
1785307500000,8.4253,8.4275,8.4152,8.4213,1400.3
1785308400000,8.4281,8.4281,8.4141,8.4179,254.2
1785309300000,8.4186,8.4238,8.4099,8.4236,1815.7
1785310200000,8.4231,8.4231,8.3996,8.4012,4587.2
1785311100000,8.4006,8.437,8.3971,8.4325,2083.6
1785312000000,8.4335,8.4407,8.4,8.4,1613.4
1785312900000,8.4001,8.4042,8.3817,8.3836,4270.5
1785313800000,8.3815,8.4265,8.3801,8.4263,1961.1
1785314700000,8.4253,8.4499,8.4204,8.4245,4592.2
1785315600000,8.4248,8.45,8.4245,8.4498,1182.2
1785316500000,8.4494,8.4513,8.4389,8.4468,362.9
1785317400000,8.4469,8.4761,8.4469,8.4599,1120.4
1785318300000,8.4599,8.4663,8.4488,8.4651,391.6
1785319200000,8.4627,8.4655,8.447,8.4488,1202.2
1785320100000,8.4511,8.4511,8.4376,8.4377,447.7
1785321000000,8.4377,8.4437,8.4299,8.4404,451
1785321900000,8.4403,8.4403,8.3862,8.3966,1560.1
1785322800000,8.3968,8.4088,8.3851,8.4063,4465.7
1785323700000,8.4054,8.4101,8.3956,8.3956,912.8
1785324600000,8.3917,8.393,8.3727,8.3764,4303.2
1785325500000,8.3741,8.4042,8.3734,8.4015,392.3
1785326400000,8.4026,8.4026,8.3747,8.3825,1970.6
1785327300000,8.3804,8.3804,8.341,8.3523,6649.2
1785328200000,8.3486,8.3578,8.3366,8.3426,9105.9
1785329100000,8.3481,8.3489,8.3311,8.3319,693.3
1785330000000,8.3353,8.3441,8.3282,8.3389,721
1785330900000,8.3372,8.3378,8.3153,8.3331,22217.8
1785331800000,8.3303,8.3559,8.3183,8.3419,7704.3
1785332700000,8.3412,8.3422,8.297,8.3408,2643
1785333600000,8.3428,8.3497,8.2906,8.2944,4567.1
1785334500000,8.299,8.3139,8.269,8.2875,6990.3
1785335400000,8.2855,8.302,8.2606,8.2682,5835.1
1785336300000,8.2677,8.2831,8.2593,8.2646,2741.1
1785337200000,8.263,8.2791,8.2534,8.2752,6374.4
1785338100000,8.2701,8.282,8.2442,8.2761,4659
1785339000000,8.2702,8.2943,8.26,8.2633,1833
1785339900000,8.2586,8.2736,8.2454,8.2736,4362.9
1785340800000,8.2702,8.2776,8.2512,8.277,11939.7
1785341700000,8.2714,8.2863,8.2512,8.274,2701.2
1785342600000,8.273,8.2768,8.2392,8.2444,3321.5
1785343500000,8.2484,8.2843,8.2463,8.2786,1651.5
1785344400000,8.2796,8.2943,8.2761,8.2904,6117.1
1785345300000,8.2923,8.2923,8.2739,8.2773,3379.8
1785346200000,8.2766,8.2969,8.2733,8.2939,2091.6
1785347100000,8.2959,8.3413,8.2871,8.3372,2328.3
1785348000000,8.3378,8.4119,8.335,8.3799,31078.4
1785348900000,8.3806,8.3895,8.3394,8.3541,3653.8
1785349800000,8.3581,8.4025,8.3036,8.4025,3364.7
1785350700000,8.3975,8.437,8.3907,8.3944,4312.6
1785351600000,8.3995,8.4116,8.3432,8.3577,1539.9
1785352500000,8.3526,8.3604,8.2808,8.295,3743.7
1785353400000,8.2996,8.3077,8.267,8.267,4845.7
1785354300000,8.2738,8.2763,8.2232,8.2315,7955.2
1785355200000,8.2296,8.2352,8.1956,8.2206,12267.3
1785356100000,8.2234,8.243,8.1778,8.2064,6831.7
1785357000000,8.2028,8.2446,8.194,8.2262,800.3
1785357900000,8.2243,8.2279,8.1891,8.1912,3846.5
1785358800000,8.1891,8.2069,8.1604,8.1995,4063.6
1785359700000,8.2042,8.2272,8.189,8.227,785.8
1785360600000,8.2271,8.2331,8.2175,8.2306,4193.6
1785361500000,8.2306,8.2494,8.2217,8.2444,10088.2
1785362400000,8.2461,8.3058,8.2461,8.2913,4547.4
1785363300000,8.288,8.3131,8.2867,8.3052,1966.1
1785364200000,8.3055,8.3055,8.2857,8.3034,312.4
1785365100000,8.2998,8.301,8.2868,8.2981,905.3
1785366000000,8.298,8.2984,8.2824,8.2828,375.7
1785366900000,8.2849,8.3112,8.2839,8.3012,374.5
1785367800000,8.3005,8.3233,8.3005,8.3233,23706.4
1785368700000,8.3246,8.3354,8.3231,8.3289,329.5
1785369600000,8.3315,8.3459,8.3231,8.3406,6010
1785370500000,8.3357,8.3439,8.3343,8.341,667.4
1785371400000,8.3418,8.3419,8.2949,8.2949,5814.2
1785372300000,8.2939,8.3055,8.2755,8.2896,1370.1
1785373200000,8.2991,8.3557,8.2934,8.3128,2725.4
1785374100000,8.3118,8.3412,8.3094,8.3399,878.7
1785375000000,8.3374,8.3847,8.3374,8.3676,2652.5
1785375900000,8.3696,8.391,8.3626,8.3777,588.2
1785376800000,8.3827,8.3944,8.3756,8.3826,2652
1785377700000,8.3816,8.3919,8.3723,8.3736,608.6
1785378600000,8.3758,8.3758,8.3523,8.3738,700.1
1785379500000,8.3754,8.3754,8.3448,8.3448,269.2
1785380400000,8.3449,8.3627,8.3266,8.3365,561.6
1785381300000,8.3373,8.3609,8.3371,8.3552,726.2
1785382200000,8.3537,8.3537,8.3307,8.3357,169.4
1785383100000,8.3397,8.3463,8.336,8.336,218.9
1785384000000,8.3382,8.3382,8.3136,8.3141,662.3
1785384900000,8.3148,8.3249,8.3014,8.3183,815.1
1785385800000,8.3163,8.3274,8.3,8.3014,430.2
1785386700000,8.3047,8.3147,8.2897,8.2909,3623.5
1785387600000,8.2938,8.296,8.2831,8.2951,299.8
1785388500000,8.2943,8.2994,8.2772,8.2795,183.9
1785389400000,8.2807,8.3063,8.2807,8.2898,605.9
1785390300000,8.2909,8.3003,8.2772,8.2867,1490.2
1785391200000,8.2866,8.2944,8.2795,8.2838,546.4
1785392100000,8.2805,8.2902,8.2754,8.2833,283.6
1785393000000,8.2856,8.2856,8.276,8.276,201.3
1785393900000,8.275,8.2766,8.26,8.2624,155.7
1785394800000,8.2662,8.3,8.2658,8.2776,560.1
1785395700000,8.2805,8.2999,8.2748,8.29,195.8
1785396600000,8.2882,8.2981,8.2741,8.2932,334.2
1785397500000,8.2938,8.2979,8.2838,8.2838,2215.6
1785398400000,8.2871,8.2948,8.2745,8.2947,1186.7
1785399300000,8.2869,8.343,8.2869,8.3302,3277.9
1785400200000,8.3311,8.3445,8.3297,8.3405,3268.4
1785401100000,8.3404,8.3434,8.3274,8.3274,2165.4
1785402000000,8.3295,8.3342,8.3169,8.3342,4005.6
1785402900000,8.3299,8.3753,8.3283,8.3681,3528.9
1785403800000,8.3734,8.3827,8.363,8.3766,2520.4
1785404700000,8.3763,8.3774,8.3559,8.3559,1071.7
1785405600000,8.3569,8.374,8.3532,8.3608,535.9
1785406500000,8.3609,8.3722,8.3609,8.3694,8106.4
1785407400000,8.369,8.3732,8.3595,8.3723,6132.7
1785408300000,8.3724,8.377,8.3622,8.3757,2039.1
1785409200000,8.376,8.4032,8.3743,8.4006,1523.3
1785410100000,8.4007,8.4175,8.4004,8.4099,991
1785411000000,8.411,8.4378,8.4061,8.4302,2398.9
1785411900000,8.4312,8.4643,8.4193,8.4546,8887.6
1785412800000,8.4645,8.4983,8.4484,8.4786,17769.7
1785413700000,8.476,8.48,8.4501,8.4608,6007
1785414600000,8.4661,8.4795,8.437,8.4388,10821
1785415500000,8.4388,8.4597,8.4388,8.4527,1929.4
1785416400000,8.4488,8.4617,8.4417,8.4491,1937.9
1785417300000,8.4487,8.4518,8.4354,8.442,1668.7
1785418200000,8.4403,8.4692,8.4193,8.4692,7250.6
1785419100000,8.4668,8.528,8.464,8.5177,14817.9
1785420000000,8.5159,8.5195,8.4731,8.4736,6420.5
1785420900000,8.4746,8.4926,8.4384,8.4795,2459.1
1785421800000,8.475,8.4954,8.4694,8.4835,1210.4
1785422700000,8.4885,8.4978,8.4743,8.4915,505.5
1785423600000,8.4917,8.5072,8.4677,8.4783,2968.2
1785424500000,8.4714,8.5016,8.4539,8.4552,1705.1
1785425400000,8.4537,8.4871,8.45,8.4871,1111.7
1785426300000,8.4834,8.4921,8.4597,8.4774,871.7
1785427200000,8.4803,8.5093,8.4803,8.4956,3621.6
1785428100000,8.4984,8.5032,8.4803,8.49,903.8
1785429000000,8.4881,8.4898,8.4694,8.4721,2494.7
1785429900000,8.4717,8.5053,8.4717,8.4935,35944.7
1785430800000,8.493,8.495,8.4501,8.4547,1429.1
1785431700000,8.4568,8.4845,8.4546,8.4741,1780.6
1785432600000,8.4754,8.496,8.4613,8.4905,1861.6
1785433500000,8.4907,8.5002,8.4839,8.4842,709.9
1785434400000,8.4835,8.5153,8.4835,8.4961,1873.2
1785435300000,8.494,8.5097,8.4883,8.5001,5373.8
1785436200000,8.4989,8.508,8.4861,8.4945,2168.8
1785437100000,8.4955,8.5081,8.481,8.4868,1745
1785438000000,8.4854,8.5127,8.4852,8.5042,2670.4
1785438900000,8.5044,8.515,8.4899,8.5,3100.7
1785439800000,8.4968,8.4991,8.4794,8.4838,1103.8
1785440700000,8.4845,8.4955,8.4732,8.4877,1246.1
1785441600000,8.4864,8.5143,8.4652,8.471,7281.4
1785442500000,8.4708,8.474,8.4575,8.4575,1428.8
1785443400000,8.4615,8.4724,8.45,8.4635,1663.1
1785444300000,8.4656,8.4669,8.4487,8.4487,1983.1
1785445200000,8.4499,8.4625,8.4494,8.455,733
1785446100000,8.458,8.4689,8.458,8.4672,762.6
1785447000000,8.4663,8.4844,8.4663,8.4771,1013.9
1785447900000,8.4761,8.4761,8.4586,8.4703,1152.4
1785448800000,8.4685,8.4881,8.453,8.4768,1427.1
1785449700000,8.4793,8.5052,8.4761,8.4969,6612.1
1785450600000,8.4997,8.5033,8.4839,8.4892,1038.6
1785451500000,8.4886,8.489,8.4652,8.4705,1490.2
1785452400000,8.469,8.4984,8.4671,8.4984,1503.4
1785453300000,8.4966,8.4979,8.4873,8.4925,1952.5
1785454200000,8.494,8.5202,8.4738,8.4738,3648.9
1785455100000,8.4752,8.4801,8.4525,8.4534,1999
1785456000000,8.4512,8.4687,8.4334,8.444,9172.1
1785456900000,8.4444,8.445,8.4292,8.4375,2808.2
1785457800000,8.4365,8.4442,8.4233,8.4329,23064.5
1785458700000,8.4348,8.4394,8.4236,8.4306,3347.1
1785459600000,8.4319,8.5099,8.4319,8.4916,2885.5
1785460500000,8.4878,8.4901,8.4658,8.4777,1501
1785461400000,8.4764,8.4771,8.4317,8.4322,631.4
1785462300000,8.4333,8.4349,8.3914,8.3996,1658.3
1785463200000,8.3986,8.4201,8.3846,8.4022,1762.1
1785464100000,8.3971,8.3971,8.3815,8.3907,536
1785465000000,8.3815,8.3875,8.3594,8.3632,1270
1785465900000,8.3635,8.3699,8.3471,8.3555,3132
1785466800000,8.3575,8.358,8.3216,8.3333,1905.2
1785467700000,8.3349,8.3644,8.3313,8.3593,1730.5
1785468600000,8.3613,8.3736,8.3562,8.3693,1196.8
1785469500000,8.3691,8.3812,8.3633,8.3633,3008.3
1785470400000,8.3628,8.3716,8.3461,8.3461,1205.6
1785471300000,8.3491,8.3548,8.3371,8.35,2900.4
1785472200000,8.3532,8.3557,8.3451,8.3536,818.1
1785473100000,8.355,8.3573,8.3424,8.3443,299.9
1785474000000,8.3437,8.3721,8.3437,8.3634,4212
1785474900000,8.3642,8.3698,8.3493,8.3493,2307.9
1785475800000,8.3493,8.3525,8.3415,8.3447,3871.2
1785476700000,8.3436,8.3668,8.3436,8.3667,480
1785477600000,8.3667,8.3714,8.3545,8.3696,2536.3
1785478500000,8.3696,8.3812,8.3613,8.3812,1017.7
1785479400000,8.3811,8.3812,8.3416,8.3451,1871.4
1785480300000,8.3401,8.3627,8.335,8.3548,155.3
1785481200000,8.3465,8.3465,8.2748,8.2788,6027.4
1785482100000,8.2766,8.2766,8.2485,8.2511,11656.7
1785483000000,8.2472,8.2832,8.2472,8.274,1603.1
1785483900000,8.2781,8.3025,8.2781,8.2945,4863
1785484800000,8.293,8.3208,8.2908,8.3208,1435.8
1785485700000,8.3209,8.3254,8.3064,8.3205,1218.8
1785486600000,8.3156,8.3178,8.302,8.3108,4088.4
1785487500000,8.3122,8.3259,8.3112,8.3205,657.1
1785488400000,8.3211,8.3235,8.3078,8.3102,411.7
1785489300000,8.3097,8.3108,8.2605,8.2705,3906.4
1785490200000,8.2715,8.2769,8.258,8.2586,562.2
1785491100000,8.2593,8.2612,8.2447,8.2472,848.9
1785492000000,8.2448,8.2514,8.2119,8.2358,3204.1
1785492900000,8.2315,8.2568,8.2259,8.2504,11782.6
1785493800000,8.2518,8.269,8.2518,8.2669,3667.5
1785494700000,8.2659,8.2708,8.2492,8.2598,631.8
1785495600000,8.2581,8.2752,8.2557,8.2584,1181.9
1785496500000,8.25,8.2761,8.246,8.2656,636.6
1785497400000,8.2613,8.2613,8.2461,8.2595,259.2
1785498300000,8.2588,8.2673,8.2549,8.2575,137
1785499200000,8.2606,8.2606,8.2205,8.2417,5184.9
1785500100000,8.2346,8.2531,8.2346,8.2531,1347.1
1785501000000,8.2491,8.2491,8.23,8.2453,429.7
1785501900000,8.2438,8.2597,8.2405,8.2568,679.6
1785502800000,8.2591,8.2707,8.2545,8.2623,970.2
1785503700000,8.2638,8.2689,8.2581,8.2685,799.8
1785504600000,8.2707,8.2726,8.1952,8.1989,5915.8
1785505500000,8.1933,8.1933,8.1212,8.1297,28531
1785506400000,8.1318,8.1386,8.0182,8.0925,90066.4
1785507300000,8.0794,8.117,8.0751,8.0883,18764.4
1785508200000,8.0978,8.1427,8.0978,8.1084,7769.4
1785509100000,8.1089,8.1352,8.0839,8.1209,7322.4
1785510000000,8.1218,8.1248,8.096,8.1043,6054.8
1785510900000,8.1031,8.1173,8.0856,8.0971,7525.8
1785511800000,8.0971,8.1307,8.0932,8.097,3343.3
1785512700000,8.1008,8.116,8.0861,8.1089,2667.9
1785513600000,8.1088,8.1218,8.1062,8.1146,2903.3
1785514500000,8.11,8.1279,8.0964,8.1256,243
1785515400000,8.1235,8.1277,8.115,8.1226,721
1785516300000,8.129,8.1455,8.1258,8.1455,693.2
1785517200000,8.1443,8.1561,8.1364,8.1489,963
1785518100000,8.1513,8.1818,8.1407,8.1818,1739.1
1785519000000,8.1807,8.199,8.176,8.1911,4493.6
1785519900000,8.1877,8.2006,8.1819,8.1836,3904.3
1785520800000,8.1839,8.1917,8.1662,8.1672,5121.3
1785521700000,8.1666,8.1787,8.1635,8.1635,591.5
1785522600000,8.1661,8.1771,8.1619,8.1694,85358.9
1785523500000,8.1711,8.1914,8.1711,8.177,1837.2
1785524400000,8.1771,8.1844,8.1655,8.176,3414.8
1785525300000,8.1762,8.1788,8.1662,8.1756,22758.8
1785526200000,8.1734,8.1734,8.1563,8.1714,2509.6
1785527100000,8.1717,8.1817,8.1678,8.1678,1025.4
1785528000000,8.1685,8.1696,8.1574,8.1686,971.2
1785528900000,8.1698,8.1792,8.1675,8.1749,1131.3
1785529800000,8.1773,8.1773,8.1517,8.1609,504.7
1785530700000,8.1613,8.1652,8.1405,8.1468,1756.3
1785531600000,8.1491,8.1583,8.1236,8.1539,3273
1785532500000,8.1546,8.1639,8.1527,8.159,2751
1785533400000,8.1596,8.1619,8.1482,8.1592,692.9
1785534300000,8.1591,8.1647,8.1327,8.1401,968.5
1785535200000,8.1397,8.1647,8.135,8.1646,604.5
1785536100000,8.1647,8.1705,8.1626,8.1663,1073.1
1785537000000,8.1656,8.1705,8.159,8.1644,590.3
1785537900000,8.1623,8.1638,8.1499,8.1556,2088.6
1785538800000,8.1543,8.1676,8.154,8.157,1241.3
1785539700000,8.1569,8.1641,8.1555,8.1635,233.7
1785540600000,8.1636,8.168,8.1581,8.1608,225.7
1785541500000,8.1602,8.1675,8.158,8.1664,243.2
1785542400000,8.1687,8.1855,8.1684,8.1826,5658.7
1785543300000,8.1819,8.1844,8.1751,8.1782,5548
1785544200000,8.1749,8.1871,8.1705,8.1871,2698.3
1785545100000,8.1887,8.1926,8.1678,8.1767,729.9
1785546000000,8.1774,8.1889,8.1774,8.1847,776.1
1785546900000,8.186,8.1907,8.1834,8.1866,722.7
1785547800000,8.186,8.194,8.1851,8.194,444.1
1785548700000,8.1943,8.2114,8.1868,8.2063,1773.1
1785549600000,8.2082,8.2296,8.2074,8.2257,5065.7
1785550500000,8.2287,8.2417,8.2286,8.2393,812.6
1785551400000,8.2405,8.2405,8.2164,8.2164,468.4
1785552300000,8.2174,8.2253,8.2123,8.2146,1445.6
1785553200000,8.2174,8.2321,8.2174,8.2188,2143.1
1785554100000,8.2182,8.2182,8.2074,8.2078,138.6
1785555000000,8.2073,8.2073,8.1912,8.2008,206.6
1785555900000,8.2033,8.2056,8.1964,8.2056,170
1785556800000,8.2057,8.2145,8.2017,8.2098,1402.6
1785557700000,8.2098,8.2144,8.2046,8.2064,1699.8
1785558600000,8.209,8.2121,8.2055,8.2099,886.9
1785559500000,8.2099,8.2295,8.2068,8.2292,21199.2
1785560400000,8.2289,8.24,8.2289,8.237,321.8
1785561300000,8.2376,8.2376,8.222,8.222,213
1785562200000,8.2232,8.2286,8.2004,8.2009,196.1
1785563100000,8.2004,8.2039,8.1852,8.2021,1079.1
1785564000000,8.2019,8.2019,8.1673,8.1727,734.9
1785564900000,8.1748,8.1756,8.1641,8.1693,500.6
1785565800000,8.1691,8.1714,8.1662,8.168,543.6
1785566700000,8.1686,8.1903,8.1668,8.1902,597.5
1785567600000,8.19,8.1946,8.1869,8.1894,4884.6
1785568500000,8.186,8.19,8.16,8.16,267.3
1785569400000,8.1585,8.1585,8.1415,8.1438,1652.4
1785570300000,8.1392,8.1428,8.1323,8.1364,436
1785571200000,8.1366,8.1378,8.13,8.133,1660.8
1785572100000,8.1327,8.1418,8.1215,8.1215,4801.9
1785573000000,8.1216,8.1304,8.12,8.1235,2982.4
1785573900000,8.1236,8.1236,8.1183,8.122,7430.4
1785574800000,8.1208,8.1224,8.1105,8.1106,1287.8
1785575700000,8.1142,8.1166,8.1044,8.1044,2565
1785576600000,8.1045,8.1078,8.0979,8.1029,829
1785577500000,8.1005,8.1037,8.0961,8.0965,1653.9
1785578400000,8.0962,8.1013,8.0829,8.0946,5291.5
1785579300000,8.0953,8.1063,8.0886,8.0908,573
1785580200000,8.0919,8.1019,8.09,8.0985,340.2
1785581100000,8.0946,8.0962,8.0902,8.093,265.9
1785582000000,8.0937,8.0947,8.0873,8.091,1307.8
1785582900000,8.0927,8.0954,8.0861,8.0868,130.7
1785583800000,8.0873,8.0964,8.0809,8.09,583.9
1785584700000,8.0906,8.0906,8.0827,8.0862,326.1
1785585600000,8.0898,8.0912,8.082,8.0877,5130.1
1785586500000,8.087,8.1052,8.085,8.0975,1175
1785587400000,8.0973,8.1003,8.0873,8.0892,302.9
1785588300000,8.0892,8.1083,8.0892,8.1048,356.8
1785589200000,8.1049,8.1082,8.096,8.1016,1744.6
1785590100000,8.1017,8.1017,8.09,8.0908,841.9
1785591000000,8.0931,8.1023,8.092,8.1003,1184.9
1785591900000,8.1003,8.1004,8.0916,8.0943,1330.7
1785592800000,8.0943,8.112,8.0936,8.0962,1886.7
1785593700000,8.0949,8.1037,8.0949,8.1002,1128.6
1785594600000,8.0993,8.1076,8.0993,8.1027,173
1785595500000,8.104,8.1068,8.1015,8.1047,352.9
1785596400000,8.1027,8.1107,8.0978,8.1035,135.3
1785597300000,8.1036,8.1056,8.087,8.0917,177.8
1785598200000,8.0919,8.1017,8.0875,8.1011,196.5
1785599100000,8.1012,8.1052,8.0978,8.0978,299.8
1785600000000,8.0964,8.103,8.076,8.0793,3891.9
1785600900000,8.0803,8.0966,8.0803,8.0924,4093.7
1785601800000,8.0942,8.1088,8.0915,8.092,1083.7
1785602700000,8.0914,8.0915,8.0782,8.0838,4214.3
1785603600000,8.0839,8.0956,8.0753,8.0799,4176.6
1785604500000,8.075,8.0825,8.0618,8.0669,10895.8
1785605400000,8.0661,8.0661,8.0443,8.0585,908.3
1785606300000,8.0584,8.0593,8.0287,8.0432,1500.6
1785607200000,8.039,8.0427,8.0318,8.0379,1564
1785608100000,8.0323,8.0368,8.0059,8.0189,11701.1
1785609000000,8.0177,8.0177,7.9232,7.93,35925
1785609900000,7.9299,7.9607,7.8859,7.9607,11378
1785610800000,7.9573,8.0231,7.9573,8.0028,16886.9
1785611700000,7.9989,8.0076,7.9915,7.998,2430.6
1785612600000,8,8.0045,7.9906,7.9964,4876.1
1785613500000,7.9963,8.012,7.9963,7.998,479.5
1785614400000,7.9964,8.0096,7.9912,8.0077,5261
1785615300000,8.0077,8.0222,8.0026,8.0049,2740
1785616200000,8.0024,8.0199,8.0001,8.0099,1956.7
1785617100000,8.0078,8.0271,8.0069,8.0256,802.3
1785618000000,8.0231,8.0486,8.0228,8.0386,2165
1785618900000,8.0387,8.0537,8.0336,8.0365,742.8
1785619800000,8.0418,8.0573,8.0417,8.0563,715.9
1785620700000,8.0573,8.0591,8.0528,8.059,2001.9
1785621600000,8.0591,8.0711,8.0552,8.0689,688.4
1785622500000,8.0682,8.0774,8.0655,8.0774,539.3
1785623400000,8.0767,8.0782,8.0685,8.0734,568.6
1785624300000,8.0739,8.0739,8.0649,8.067,3563.5
1785625200000,8.0645,8.0808,8.0645,8.0746,440.5
1785626100000,8.0738,8.0748,8.0513,8.0513,7036.8
1785627000000,8.0519,8.0575,8.0497,8.0575,2189.6
1785627900000,8.0585,8.0609,8.0569,8.0609,756
1785628800000,8.063,8.0759,8.0607,8.0612,1634.4
1785629700000,8.0627,8.0643,8.0545,8.0565,699.8
1785630600000,8.0566,8.0657,8.0514,8.0626,1691
1785631500000,8.0631,8.0678,8.053,8.0665,692.4
1785632400000,8.0705,8.1265,8.0701,8.1251,5401.2
1785633300000,8.127,8.1511,8.1153,8.1498,8669.3
1785634200000,8.1497,8.1632,8.1496,8.1585,5005.8
1785635100000,8.1586,8.1608,8.1516,8.1516,555.8
1785636000000,8.1516,8.2538,8.1472,8.2308,13645.1
1785636900000,8.2331,8.2843,8.2328,8.2601,14039
1785637800000,8.2592,8.261,8.22,8.231,3786.6
1785638700000,8.2358,8.2745,8.2289,8.2661,7332.6
1785639600000,8.2691,8.2849,8.261,8.2619,10053.7
1785640500000,8.2613,8.2788,8.2545,8.2667,4890.6
1785641400000,8.266,8.3,8.2656,8.2867,975.5
1785642300000,8.2866,8.2886,8.2745,8.2857,2167.9
1785643200000,8.2899,8.2989,8.2769,8.2907,1451.1
1785644100000,8.2882,8.3166,8.287,8.3133,2909.5
1785645000000,8.3139,8.3792,8.3129,8.3588,5865.8
1785645900000,8.3535,8.3753,8.3535,8.3743,1422.7
1785646800000,8.3777,8.4099,8.3777,8.3865,3537.3
1785647700000,8.3865,8.3952,8.3599,8.3599,1760.9
1785648600000,8.3599,8.3719,8.3511,8.3707,21402.7
1785649500000,8.3662,8.3924,8.3656,8.3773,4438.4
1785650400000,8.3772,8.3851,8.3564,8.3564,899.9
1785651300000,8.3564,8.3755,8.3537,8.3698,535.1
1785652200000,8.3649,8.3666,8.3571,8.3626,445.5
1785653100000,8.3612,8.3714,8.3591,8.3694,323.4
1785654000000,8.3682,8.3772,8.3562,8.3615,3450.8
1785654900000,8.3599,8.3953,8.3599,8.3869,4648
1785655800000,8.3868,8.3936,8.3787,8.3924,14025.9
1785656700000,8.3925,8.3925,8.371,8.3729,1802.7
1785657600000,8.3729,8.3856,8.3659,8.3659,3155.6
1785658500000,8.366,8.3675,8.3443,8.3443,454.7
1785659400000,8.3452,8.3581,8.3182,8.3357,18374.3
1785660300000,8.3369,8.3421,8.3268,8.3284,2290.7
1785661200000,8.3275,8.3482,8.3112,8.3444,2558.5
1785662100000,8.3454,8.3752,8.3454,8.3648,953.4
1785663000000,8.3634,8.3872,8.3535,8.3542,1048.9
1785663900000,8.3537,8.3537,8.3406,8.3414,2002.6
1785664800000,8.3414,8.3437,8.3219,8.3219,876.9
1785665700000,8.3214,8.3303,8.3047,8.3121,801.4
1785666600000,8.3126,8.3211,8.3108,8.315,1757.8
1785667500000,8.315,8.3166,8.3043,8.3043,129.3
1785668400000,8.3068,8.3126,8.2928,8.3052,1931.1
1785669300000,8.3052,8.3135,8.2956,8.2956,257.7
1785670200000,8.2925,8.2941,8.2648,8.2706,1335.7
1785671100000,8.2714,8.2873,8.2655,8.2745,3470.9
1785672000000,8.2789,8.2886,8.2744,8.283,3306.2
1785672900000,8.2869,8.2912,8.279,8.284,3112.7
1785673800000,8.2836,8.2955,8.2737,8.2826,1691.5
1785674700000,8.284,8.2956,8.2776,8.2917,257.4
1785675600000,8.2894,8.305,8.2885,8.3011,621.6
1785676500000,8.2953,8.303,8.2941,8.2948,146.5
1785677400000,8.2957,8.3037,8.285,8.2936,333.5
1785678300000,8.2954,8.3054,8.2804,8.2804,186.1
1785679200000,8.2801,8.2819,8.2638,8.2685,722.1
1785680100000,8.2696,8.2822,8.2659,8.2821,1533.3
1785681000000,8.2823,8.3086,8.2749,8.3069,4409.7
1785681900000,8.3048,8.3053,8.2866,8.2866,409.8
1785682800000,8.2877,8.2988,8.2834,8.2953,767.5
1785683700000,8.2953,8.2953,8.2828,8.284,901.3
1785684600000,8.2835,8.2963,8.2781,8.2781,9727.4
1785685500000,8.2784,8.2803,8.2701,8.2744,2204.8
1785686400000,8.2725,8.2736,8.25,8.2541,3555.1
1785687300000,8.2541,8.2586,8.248,8.2539,847.9
1785688200000,8.2541,8.2853,8.254,8.2794,1178.3
1785689100000,8.284,8.2848,8.2721,8.2771,119.6
1785690000000,8.2745,8.2965,8.2745,8.2965,566
1785690900000,8.2921,8.3192,8.2921,8.3087,7620.9
1785691800000,8.308,8.3262,8.3079,8.3234,391.5
1785692700000,8.3263,8.3435,8.3263,8.3316,22352.1
1785693600000,8.33,8.3392,8.3193,8.3203,1217.2
1785694500000,8.3197,8.3279,8.3194,8.3202,787.5
1785695400000,8.3207,8.3643,8.3164,8.3457,19242.8
1785696300000,8.3496,8.3496,8.3148,8.3148,981.7
1785697200000,8.3148,8.3215,8.3107,8.3175,1413.9
1785698100000,8.317,8.3241,8.3107,8.3107,2473.8
1785699000000,8.311,8.3258,8.3107,8.3195,1949.1
1785699900000,8.3231,8.3421,8.3231,8.3295,4193
1785700800000,8.3308,8.3345,8.3176,8.3345,760.4
1785701700000,8.3397,8.349,8.3292,8.3292,799.6
1785702600000,8.3311,8.3452,8.3311,8.3406,219.2
1785703500000,8.3396,8.3511,8.3373,8.3373,479
1785704400000,8.3402,8.3585,8.3394,8.3577,510.7
1785705300000,8.3586,8.3708,8.3538,8.3655,629.6
1785706200000,8.363,8.384,8.3561,8.3782,606.4
1785707100000,8.3797,8.3926,8.3547,8.3728,2461.7
1785708000000,8.3752,8.4155,8.3744,8.4018,13794.5
1785708900000,8.3998,8.451,8.3738,8.391,10441.3
1785709800000,8.3915,8.3919,8.3583,8.3919,8362.5
1785710700000,8.3924,8.4016,8.3895,8.392,351.2
1785711600000,8.3915,8.3976,8.3516,8.3522,9718.4
1785712500000,8.3522,8.3747,8.3517,8.372,1377.7
1785713400000,8.369,8.3761,8.3662,8.3728,1611.9
1785714300000,8.3717,8.378,8.367,8.3772,1222
1785715200000,8.3791,8.3877,8.3516,8.3677,3640.3
1785716100000,8.3695,8.3711,8.3392,8.3477,5828.5
1785717000000,8.3456,8.3617,8.3335,8.3491,6929.3
1785717900000,8.3488,8.3565,8.3352,8.3524,2075.6
1785718800000,8.3485,8.3684,8.3391,8.3534,1176.8
1785719700000,8.3535,8.363,8.3419,8.3456,4303.2
1785720600000,8.3557,8.3668,8.3347,8.3441,893
1785721500000,8.345,8.3469,8.3225,8.3304,4088.1
1785722400000,8.3289,8.3293,8.2902,8.3045,19558.8
1785723300000,8.3044,8.3346,8.296,8.3058,17031.1
1785724200000,8.3055,8.3175,8.299,8.3169,8041.6
1785725100000,8.315,8.3176,8.2943,8.2991,143.7
1785726000000,8.2982,8.3062,8.2864,8.2922,532.4
1785726900000,8.2915,8.3013,8.2905,8.2905,315.9
1785727800000,8.2903,8.2938,8.285,8.2927,2040.6
1785728700000,8.2887,8.2887,8.2303,8.2489,18414.6
1785729600000,8.2483,8.2739,8.2454,8.2595,2778.3
1785730500000,8.2608,8.2765,8.2608,8.2743,224.4
1785731400000,8.2733,8.2806,8.269,8.2718,1240.5
1785732300000,8.2736,8.2736,8.2315,8.2328,4558.5
1785733200000,8.2341,8.2581,8.2325,8.2573,4638.5
1785734100000,8.2556,8.2557,8.2424,8.2475,356
1785735000000,8.2486,8.2613,8.2389,8.2543,2284.2
1785735900000,8.2539,8.2673,8.2533,8.2588,573.3
1785736800000,8.261,8.2677,8.2596,8.2632,2867.4
1785737700000,8.2633,8.2671,8.2537,8.2545,4283.7
1785738600000,8.2574,8.2654,8.2199,8.2199,866.8
1785739500000,8.2223,8.2405,8.2201,8.2201,1089.7
1785740400000,8.225,8.2391,8.2154,8.2278,1040.4
1785741300000,8.2267,8.2438,8.2107,8.2431,1336.6
1785742200000,8.2426,8.2478,8.2157,8.2157,1523.8
1785743100000,8.2159,8.2202,8.2106,8.2158,465.8
1785744000000,8.215,8.2177,8.2039,8.2089,752.7
1785744900000,8.2078,8.2084,8.1574,8.1677,3542
1785745800000,8.1664,8.1963,8.1593,8.1938,4480
1785746700000,8.1902,8.222,8.1902,8.219,2630.5
1785747600000,8.2204,8.2225,8.2162,8.2165,558.5
1785748500000,8.2151,8.2277,8.2144,8.2212,889.9
1785749400000,8.2225,8.232,8.2188,8.2298,4189
1785750300000,8.2314,8.2634,8.2313,8.2541,5708.6
1785751200000,8.2512,8.2554,8.2263,8.2312,3471.4
1785752100000,8.2276,8.2344,8.2246,8.2246,1284.8
1785753000000,8.2236,8.2236,8.214,8.2162,1938.8
1785753900000,8.2144,8.2144,8.1943,8.2058,312.8
1785754800000,8.2057,8.209,8.181,8.1866,115.4
1785755700000,8.1855,8.2118,8.1855,8.1965,796.7
1785756600000,8.2002,8.2176,8.1997,8.21,361.8
1785757500000,8.2098,8.2098,8.1825,8.1834,288.3
1785758400000,8.1843,8.1872,8.1611,8.1768,1802.4
1785759300000,8.1769,8.1972,8.1727,8.1782,1799.3
1785760200000,8.1765,8.1864,8.1703,8.1864,395.2
1785761100000,8.1891,8.1918,8.1785,8.1785,1022.4
1785762000000,8.1782,8.1855,8.1757,8.184,908.2
1785762900000,8.1891,8.2481,8.1891,8.2156,2709.3
1785763800000,8.2148,8.2471,8.1834,8.2386,9085
1785764700000,8.2421,8.2856,8.2225,8.2816,15425.9
1785765600000,8.2853,8.2941,8.2555,8.2755,3470.7
1785766500000,8.2783,8.3072,8.2506,8.2999,7210
1785767400000,8.3025,8.3158,8.2854,8.2931,13334.1
1785768300000,8.2906,8.3053,8.2768,8.2963,2226.4
1785769200000,8.3023,8.3066,8.2554,8.2674,3200.4
1785770100000,8.2696,8.2743,8.2457,8.2504,1608
1785771000000,8.2523,8.2715,8.2436,8.2514,4652.3
1785771900000,8.2533,8.2626,8.2376,8.2425,648.4
1785772800000,8.2469,8.2716,8.2368,8.2526,2447.4
1785773700000,8.2527,8.28,8.2525,8.2702,1976.6
1785774600000,8.2659,8.2659,8.2269,8.244,2004.5
1785775500000,8.2503,8.26,8.2375,8.2396,5309.2
1785776400000,8.2412,8.2656,8.2348,8.2503,4795.4
1785777300000,8.2533,8.2706,8.2412,8.2414,2638
1785778200000,8.2397,8.2523,8.2372,8.2453,1333.7
1785779100000,8.2483,8.2558,8.2379,8.2459,628.3
1785780000000,8.2459,8.2573,8.2436,8.2573,219.3
1785780900000,8.2581,8.2619,8.2217,8.2289,14408.8
1785781800000,8.2294,8.2398,8.2254,8.2275,783.9
1785782700000,8.2313,8.2378,8.2254,8.2341,846.5
1785783600000,8.2334,8.243,8.2284,8.2383,714.2
1785784500000,8.2382,8.2619,8.2382,8.2589,934.3
1785785400000,8.262,8.2715,8.2391,8.2475,7241.2
1785786300000,8.2434,8.2444,8.2288,8.23,239.3
1785787200000,8.2292,8.2451,8.2232,8.239,1366.8
1785788100000,8.2416,8.2603,8.2402,8.2429,2780.8
1785789000000,8.2454,8.2454,8.235,8.2356,174.1
1785789900000,8.2346,8.2346,8.213,8.2198,1460.7
1785790800000,8.2201,8.2201,8.2063,8.2158,1672.3
1785791700000,8.2143,8.2223,8.2101,8.2197,1123.6
1785792600000,8.2202,8.2276,8.2135,8.2261,711.3
1785793500000,8.2247,8.2247,8.2056,8.2061,222.3
1785794400000,8.2093,8.2122,8.1787,8.1997,2862
1785795300000,8.2005,8.2158,8.1928,8.196,2107.3
1785796200000,8.1934,8.1937,8.1832,8.1838,1920.4
1785797100000,8.1833,8.197,8.1833,8.1905,2167.9
1785798000000,8.191,8.191,8.1698,8.1714,1013.5
1785798900000,8.1771,8.1815,8.1721,8.1776,3286.8
1785799800000,8.1757,8.1757,8.1661,8.1713,955
1785800700000,8.1713,8.1856,8.1713,8.1856,468.3
1785801600000,8.1849,8.1896,8.164,8.166,10150.8
1785802500000,8.1635,8.1696,8.1321,8.1432,6494.5
1785803400000,8.1417,8.1432,8.113,8.1225,5490.4
1785804300000,8.1201,8.1387,8.112,8.1142,2674.7
1785805200000,8.1207,8.1273,8.1122,8.1258,1185
1785806100000,8.1263,8.1558,8.125,8.1441,2584.4
1785807000000,8.1465,8.2134,8.1463,8.2033,7736.8
1785807900000,8.2091,8.2253,8.2059,8.2121,1764.8
1785808800000,8.2147,8.2172,8.1939,8.1959,2380.9
1785809700000,8.1923,8.1952,8.1835,8.1897,781.4
1785810600000,8.1888,8.228,8.1888,8.2068,900.7
1785811500000,8.2077,8.2097,8.1915,8.1961,283.2
1785812400000,8.1962,8.2027,8.1767,8.1767,350.7
1785813300000,8.1751,8.1771,8.1621,8.1766,1316.4
1785814200000,8.1769,8.1944,8.1769,8.1923,906.3
1785815100000,8.1922,8.1996,8.1906,8.1908,207.5
1785816000000,8.1907,8.1909,8.1713,8.1747,1507.5
1785816900000,8.1776,8.196,8.1763,8.1885,1073.7
1785817800000,8.1875,8.2318,8.1875,8.2285,4754.5
1785818700000,8.2315,8.2569,8.2223,8.2223,1847.5
1785819600000,8.2211,8.2269,8.1962,8.1962,1183.1
1785820500000,8.193,8.1936,8.1876,8.1876,148.2
1785821400000,8.1885,8.1935,8.1873,8.1882,50.6
1785822300000,8.1871,8.1871,8.1741,8.1816,1269.2
1785823200000,8.1829,8.1844,8.1739,8.176,142.8
1785824100000,8.1768,8.1969,8.1711,8.1731,1962.3
1785825000000,8.1719,8.1739,8.1301,8.1375,2042.8
1785825900000,8.129,8.1397,8.1259,8.1397,565.6
1785826800000,8.1407,8.1547,8.1257,8.1286,3021.4
1785827700000,8.1291,8.1395,8.12,8.1385,977.6
1785828600000,8.141,8.1604,8.14,8.1522,2570.2
1785829500000,8.1552,8.1721,8.1552,8.1701,396
1785830400000,8.1699,8.1845,8.1625,8.1625,1183.6
1785831300000,8.1622,8.1688,8.1527,8.1588,433.3
1785832200000,8.1591,8.1591,8.1341,8.1501,2516.3
1785833100000,8.1475,8.1476,8.1398,8.1456,4406.1
1785834000000,8.1455,8.1456,8.1341,8.1393,1873.3
1785834900000,8.136,8.1383,8.1212,8.1381,946
1785835800000,8.1386,8.145,8.1302,8.1444,338.6
1785836700000,8.1439,8.1549,8.1436,8.1547,4052.4
1785837600000,8.1558,8.1757,8.1504,8.1617,9320.9
1785838500000,8.1617,8.1767,8.1482,8.1482,3034.9
1785839400000,8.1491,8.1784,8.1271,8.1784,7860.5
1785840300000,8.1703,8.2133,8.1703,8.195,4451.1
1785841200000,8.1996,8.1996,8.1902,8.1958,350.6
1785842100000,8.1932,8.1978,8.1817,8.1847,272.3
1785843000000,8.1868,8.2039,8.1712,8.2039,11044.1
1785843900000,8.2004,8.2179,8.2001,8.2127,2405.8
1785844800000,8.2098,8.2111,8.1871,8.1871,1752.3
1785845700000,8.187,8.195,8.1829,8.1949,153.8
1785846600000,8.195,8.2329,8.1914,8.2211,7949.2
1785847500000,8.218,8.218,8.2041,8.205,260.6
1785848400000,8.2036,8.2138,8.1971,8.2067,1382.8
1785849300000,8.2048,8.2109,8.1705,8.1722,3836.2
1785850200000,8.165,8.2372,8.161,8.195,3952.5
1785851100000,8.195,8.1987,8.164,8.1775,3660
1785852000000,8.1786,8.2154,8.1559,8.2037,8893.2
1785852900000,8.2004,8.2011,8.166,8.1956,8022.9
1785853800000,8.1956,8.26,8.1871,8.2529,7660.9
1785854700000,8.2515,8.2558,8.2,8.2383,5433.2
1785855600000,8.2321,8.2463,8.2011,8.2069,6542.1
1785856500000,8.2031,8.2072,8.158,8.1697,17713.5
1785857400000,8.1707,8.1915,8.1383,8.1915,3595.1
1785858300000,8.1941,8.2211,8.1854,8.1916,11729.6
1785859200000,8.1919,8.1936,8.1745,8.1819,3350
1785860100000,8.1786,8.1935,8.1731,8.1731,4156.3
1785861000000,8.1684,8.1816,8.167,8.1816,993.2
1785861900000,8.1808,8.1821,8.1627,8.18,8808.1
1785862800000,8.181,8.212,8.1794,8.1902,22941.9
1785863700000,8.1928,8.2023,8.1799,8.2023,1852.9
1785864600000,8.1947,8.1963,8.1863,8.1925,1275.3
1785865500000,8.1898,8.1931,8.1572,8.1707,1596
1785866400000,8.1685,8.2285,8.168,8.2285,4486.3
1785867300000,8.2283,8.2462,8.2203,8.2336,2615.7
1785868200000,8.2362,8.2362,8.2113,8.22,1000.4
1785869100000,8.2236,8.2264,8.216,8.2213,1636.1
1785870000000,8.221,8.2399,8.2195,8.2399,1279.1
1785870900000,8.24,8.2417,8.2182,8.2195,2145.2
1785871800000,8.2202,8.2404,8.2148,8.2214,11153.3
1785872700000,8.2223,8.2223,8.2069,8.2083,8705.5
1785873600000,8.2108,8.214,8.1801,8.1804,18765.8
1785874500000,8.1804,8.1826,8.146,8.1813,9151.1
1785875400000,8.1849,8.219,8.1797,8.2109,12394.6
1785876300000,8.2061,8.2125,8.1923,8.2038,1203.2
1785877200000,8.2038,8.2055,8.189,8.189,1069.9
1785878100000,8.1884,8.206,8.187,8.1971,217.2
1785879000000,8.1959,8.1992,8.1912,8.1973,1322.8
1785879900000,8.1969,8.1977,8.1822,8.1833,4747
1785880800000,8.1838,8.1924,8.1589,8.1761,3595.9
1785881700000,8.1761,8.186,8.1711,8.1794,1066.6
1785882600000,8.1792,8.1801,8.1648,8.1663,352.5
1785883500000,8.168,8.174,8.1643,8.174,1190.3
1785884400000,8.1734,8.1947,8.1621,8.1935,4742.9
1785885300000,8.1894,8.198,8.1498,8.1498,5493.1
1785886200000,8.1482,8.1668,8.1453,8.1558,4065.4
1785887100000,8.1556,8.1579,8.1419,8.1472,636.5
1785888000000,8.1468,8.1472,8.1218,8.1324,4429
1785888900000,8.1282,8.141,8.1278,8.1367,1389.9
1785889800000,8.1398,8.162,8.1213,8.1216,2591.9
1785890700000,8.1238,8.1242,8.115,8.1191,2903.3
1785891600000,8.1203,8.1234,8.1024,8.1163,3392
1785892500000,8.1163,8.1312,8.1117,8.131,721.5
1785893400000,8.1312,8.1786,8.1312,8.1597,5311.4
1785894300000,8.1558,8.1772,8.1551,8.1729,477.5
1785895200000,8.1739,8.1933,8.164,8.1764,3779.6
1785896100000,8.1747,8.1751,8.1554,8.1659,2357.3
1785897000000,8.1649,8.186,8.1649,8.186,2150.5
1785897900000,8.188,8.188,8.1681,8.1693,353.4
1785898800000,8.1692,8.1758,8.1444,8.1445,3729.3
1785899700000,8.1437,8.1437,8.1038,8.1041,3038.6
1785900600000,8.103,8.118,8.0906,8.113,1999.8
1785901500000,8.1119,8.1235,8.1119,8.1217,859.1
1785902400000,8.1213,8.1404,8.1199,8.1336,2218.4
1785903300000,8.128,8.14,8.1238,8.1312,802.1
1785904200000,8.1341,8.1348,8.1267,8.1281,1157.4
1785905100000,8.127,8.1297,8.1231,8.1294,277.1
1785906000000,8.1276,8.158,8.123,8.1528,698.2
1785906900000,8.1527,8.1869,8.1481,8.1712,7789.5
1785907800000,8.169,8.1708,8.1558,8.1668,11452.8
1785908700000,8.1719,8.1834,8.1719,8.1834,1528.7
1785909600000,8.1742,8.1796,8.1616,8.1724,1276.3
1785910500000,8.1727,8.1765,8.1627,8.1705,652.7
1785911400000,8.1705,8.1965,8.1696,8.1718,2002.5
1785912300000,8.1709,8.176,8.1636,8.1726,198.7
1785913200000,8.1746,8.1793,8.1555,8.1555,1295.6
1785914100000,8.1584,8.1584,8.1349,8.1415,790.4
1785915000000,8.1441,8.1595,8.1416,8.1526,939.9
1785915900000,8.1536,8.1844,8.1521,8.1844,1876.8
1785916800000,8.186,8.2,8.184,8.184,1595.4
1785917700000,8.1812,8.2,8.1716,8.2,926.3
1785918600000,8.1989,8.2,8.184,8.1864,1302.2
1785919500000,8.1871,8.1885,8.1761,8.1763,1176.1
1785920400000,8.1768,8.1853,8.175,8.1853,1004.6
1785921300000,8.1852,8.1974,8.1851,8.1883,993
1785922200000,8.1906,8.1976,8.1906,8.1943,509.5
1785923100000,8.1935,8.1994,8.1836,8.1849,569.4
1785924000000,8.1852,8.1852,8.1625,8.1669,4682.8
1785924900000,8.1641,8.1789,8.1559,8.1712,1555.9
1785925800000,8.1707,8.1841,8.1602,8.1735,1377.8
1785926700000,8.1752,8.1759,8.1418,8.1501,6163.9
1785927600000,8.1491,8.1743,8.1459,8.1689,1305.4
1785928500000,8.1685,8.1737,8.1528,8.1528,514.3
1785929400000,8.1505,8.1638,8.1505,8.1548,312.4
1785930300000,8.1474,8.1495,8.1423,8.1495,957
1785931200000,8.1477,8.1746,8.1433,8.1605,1631.8
1785932100000,8.1595,8.2229,8.1587,8.2104,8310.4
1785933000000,8.2084,8.2084,8.1862,8.1898,18501.5
1785933900000,8.189,8.1895,8.1579,8.1678,1649
1785934800000,8.1676,8.1715,8.1341,8.1407,1875.2
1785935700000,8.1467,8.1497,8.1324,8.1357,2694.4
1785936600000,8.1348,8.1348,8.0631,8.1142,23011.4
1785937500000,8.1181,8.1564,8.1029,8.1443,6225.8
1785938400000,8.1453,8.174,8.1332,8.1676,12568.4
1785939300000,8.1712,8.1712,8.129,8.129,537.3
1785940200000,8.1273,8.1439,8.1142,8.1299,3607.8
1785941100000,8.138,8.1553,8.1162,8.151,5698.2
1785942000000,8.1524,8.2001,8.1482,8.1743,3520.1
1785942900000,8.1734,8.1749,8.1462,8.1517,2265.8
1785943800000,8.1479,8.1663,8.1374,8.1374,1740.7
1785944700000,8.1349,8.1422,8.1056,8.1084,1940
1785945600000,8.1063,8.158,8.1047,8.158,25661.8
1785946500000,8.1596,8.2166,8.1525,8.2088,8041
1785947400000,8.219,8.2209,8.1891,8.1968,9568.1
1785948300000,8.1828,8.1993,8.1766,8.1959,819.5
1785949200000,8.2016,8.2075,8.1833,8.1906,1950.3
1785950100000,8.1884,8.1893,8.1745,8.1798,645.1
1785951000000,8.1797,8.2295,8.179,8.2234,3058
1785951900000,8.2231,8.2464,8.2217,8.2375,2601.7
1785952800000,8.2389,8.2489,8.2292,8.2456,3713.2
1785953700000,8.2463,8.251,8.2204,8.2204,5123.6
1785954600000,8.2191,8.2366,8.2098,8.2366,6154
1785955500000,8.2386,8.2386,8.2067,8.2172,2983.6
1785956400000,8.2161,8.2265,8.2111,8.2167,1858.9
1785957300000,8.2168,8.2168,8.2074,8.211,927.9
1785958200000,8.2146,8.2146,8.1985,8.2082,995.7
1785959100000,8.2052,8.2079,8.1843,8.1854,1387.1
1785960000000,8.1877,8.2084,8.1773,8.2084,1533.5
1785960900000,8.2055,8.2228,8.1973,8.2057,2571.3
1785961800000,8.2066,8.2163,8.2001,8.2117,1275.1
1785962700000,8.2088,8.2088,8.1875,8.189,16715.4
1785963600000,8.1888,8.1888,8.17,8.1801,20660.4
1785964500000,8.1803,8.1803,8.1497,8.1523,4383.6
1785965400000,8.1483,8.158,8.1281,8.1499,3470.1
1785966300000,8.15,8.1613,8.1469,8.1538,2345.9
1785967200000,8.1561,8.1658,8.148,8.1524,7994.8
1785968100000,8.1509,8.1618,8.1506,8.1583,757.2
1785969000000,8.1606,8.1628,8.1549,8.1574,137.1
1785969900000,8.1581,8.1595,8.1429,8.1429,6103.1
1785970800000,8.1387,8.1458,8.1262,8.1441,1803.2
1785971700000,8.1411,8.157,8.1411,8.1504,5906.1
1785972600000,8.1528,8.164,8.1519,8.1562,531.7
1785973500000,8.1521,8.1573,8.1451,8.1554,404.1
1785974400000,8.1559,8.1749,8.1543,8.1731,3743.4
1785975300000,8.1688,8.1922,8.1674,8.1773,2406
1785976200000,8.1774,8.1774,8.1571,8.1571,834.7
1785977100000,8.157,8.1783,8.1512,8.1708,2676.1
1785978000000,8.1683,8.177,8.165,8.1704,827
1785978900000,8.1697,8.1733,8.146,8.146,1438.3
1785979800000,8.1465,8.1485,8.1295,8.1338,1934.5
1785980700000,8.1328,8.1527,8.126,8.1269,758.5
1785981600000,8.1277,8.1473,8.121,8.128,2568.6
1785982500000,8.1267,8.1267,8.0942,8.0975,17444.4
1785983400000,8.1004,8.1122,8.0968,8.1121,1632
1785984300000,8.115,8.1229,8.1078,8.1113,1350.3
1785985200000,8.1077,8.1217,8.0996,8.1217,4210.7
1785986100000,8.1219,8.1219,8.1112,8.1206,1469.8
1785987000000,8.1203,8.1243,8.1129,8.1129,220.7
1785987900000,8.108,8.1156,8.1019,8.1101,1453.2
1785988800000,8.1062,8.1311,8.1002,8.1311,3047.1
1785989700000,8.1299,8.1748,8.1299,8.1701,9125.3
1785990600000,8.1723,8.1855,8.1678,8.1753,832.9
1785991500000,8.1743,8.1862,8.1606,8.181,1597.3
1785992400000,8.1877,8.2143,8.1871,8.2124,1294.7
1785993300000,8.2091,8.2238,8.1959,8.1959,1008.1
1785994200000,8.1939,8.1967,8.1766,8.1897,641.7
1785995100000,8.1897,8.1931,8.1786,8.1931,224.9
1785996000000,8.194,8.194,8.1782,8.1782,5023.7
1785996900000,8.18,8.1957,8.1685,8.1896,2363.6
1785997800000,8.1893,8.1976,8.1822,8.1976,422.5
1785998700000,8.1979,8.1984,8.1909,8.194,378.5
1785999600000,8.1918,8.1972,8.1851,8.1972,328.2
1786000500000,8.1979,8.1979,8.1864,8.1864,624.7
1786001400000,8.1853,8.1934,8.1833,8.1834,635.3
1786002300000,8.1841,8.1912,8.183,8.1845,444.3
1786003200000,8.1849,8.1894,8.1763,8.1763,1325
1786004100000,8.1762,8.1886,8.1725,8.1886,1796.9
1786005000000,8.1886,8.1946,8.1787,8.1895,559.6
1786005900000,8.1902,8.2033,8.1849,8.1871,13285.6
1786006800000,8.1871,8.1871,8.1008,8.1092,8261.4
1786007700000,8.1034,8.1178,8.0679,8.1158,8502.7
1786008600000,8.1101,8.1101,8.0663,8.0675,28909
1786009500000,8.0677,8.1006,8.0662,8.0989,3591
1786010400000,8.0909,8.0983,8.0782,8.081,14753.3
1786011300000,8.0804,8.1024,8.0782,8.1004,592.4
1786012200000,8.1004,8.1015,8.0848,8.0848,378.8
1786013100000,8.0854,8.0894,8.0798,8.089,260.8
1786014000000,8.0894,8.1208,8.0891,8.1208,2668.8
1786014900000,8.1244,8.1422,8.1244,8.1395,1942.3
1786015800000,8.1383,8.182,8.1381,8.1782,4883.3
1786016700000,8.1756,8.1756,8.1482,8.1562,3966.8
1786017600000,8.1561,8.1565,8.1339,8.1389,5935.9
1786018500000,8.1407,8.1553,8.1336,8.1553,401
1786019400000,8.1547,8.1577,8.1419,8.1419,697.6
1786020300000,8.1435,8.1442,8.1197,8.1246,696.6
1786021200000,8.134,8.136,8.0982,8.1118,5565.8
1786022100000,8.1141,8.1208,8.0991,8.1125,2248.1
1786023000000,8.1153,8.1443,8.1049,8.133,14209.1
1786023900000,8.1347,8.1434,8.1279,8.1397,5864.2
1786024800000,8.1397,8.1679,8.1369,8.1584,2087.8
1786025700000,8.1556,8.1723,8.1471,8.1556,1517.4
1786026600000,8.153,8.2426,8.1478,8.221,8341.6
1786027500000,8.2231,8.2251,8.1926,8.2107,6302.1
1786028400000,8.2133,8.2364,8.2132,8.2193,8034.4
1786029300000,8.2241,8.2376,8.2162,8.2368,1668.3
1786030200000,8.2376,8.2646,8.2277,8.2286,12789.3
1786031100000,8.2326,8.2697,8.2204,8.2204,2884.8
1786032000000,8.2208,8.2457,8.21,8.21,9245.5
1786032900000,8.2136,8.2478,8.2136,8.2417,2587.4
1786033800000,8.2383,8.2564,8.2383,8.2563,3275.4
1786034700000,8.2543,8.2642,8.2286,8.2415,1860.2
1786035600000,8.2439,8.2873,8.2424,8.2744,2900.7
1786036500000,8.2727,8.2996,8.2634,8.2955,3681.6
1786037400000,8.2925,8.3391,8.2808,8.2935,8101.3
1786038300000,8.2948,8.3321,8.2948,8.3316,10409.9
1786039200000,8.3337,8.3348,8.2813,8.3066,2655.8
1786040100000,8.3082,8.3157,8.2811,8.2811,1740.4
1786041000000,8.2798,8.2798,8.2465,8.2546,1227.9
1786041900000,8.2525,8.2646,8.2306,8.2461,1998.9
1786042800000,8.2483,8.2591,8.2338,8.2451,1782.4
1786043700000,8.2377,8.2451,8.2209,8.2219,1226.2
1786044600000,8.2218,8.2263,8.1917,8.2112,3829.2
1786045500000,8.2134,8.2134,8.1895,8.1983,21084.4
1786046400000,8.1934,8.223,8.193,8.2047,1699.4
1786047300000,8.2081,8.2112,8.1914,8.192,1507.4
1786048200000,8.193,8.2208,8.1895,8.2141,1055.6
1786049100000,8.2097,8.2146,8.1999,8.1999,625.8
1786050000000,8.2047,8.2212,8.2003,8.2074,428.9
1786050900000,8.2102,8.2202,8.2039,8.2161,564
1786051800000,8.2135,8.231,8.2122,8.231,368.5
1786052700000,8.2262,8.233,8.2195,8.22,136.5
1786053600000,8.2247,8.2338,8.2126,8.2271,948.2
1786054500000,8.2226,8.2226,8.1999,8.2045,174.9
1786055400000,8.1996,8.1999,8.1799,8.1816,1188.3
1786056300000,8.1791,8.1942,8.1791,8.1922,2571.4
1786057200000,8.1905,8.1987,8.186,8.1945,165
1786058100000,8.1947,8.1947,8.1568,8.1645,1272.7
1786059000000,8.1616,8.1737,8.1611,8.1711,3450.9
1786059900000,8.1716,8.1914,8.1592,8.1914,506.5
1786060800000,8.19,8.2186,8.1876,8.2042,4376.2
1786061700000,8.1986,8.1989,8.1843,8.1937,2466.4
1786062600000,8.1944,8.2085,8.1801,8.1961,1904.2
1786063500000,8.1963,8.2098,8.1899,8.1984,717.8
1786064400000,8.2043,8.2222,8.2043,8.2079,3401
1786065300000,8.212,8.2248,8.207,8.2248,1056
1786066200000,8.228,8.2436,8.2078,8.2145,2270.3
1786067100000,8.2259,8.2325,8.2145,8.221,361.5
1786068000000,8.2201,8.2229,8.1728,8.2154,2086.4
1786068900000,8.2129,8.2427,8.1941,8.1973,2581.6
1786069800000,8.1933,8.1967,8.1854,8.1945,253
1786070700000,8.1918,8.1995,8.1898,8.1907,4766.3
1786071600000,8.1877,8.197,8.1764,8.1805,1499.5
1786072500000,8.179,8.2007,8.1754,8.1932,5908.7
1786073400000,8.1893,8.2028,8.1837,8.1837,1049.7
1786074300000,8.1808,8.1808,8.1346,8.1346,2268.6
1786075200000,8.1325,8.1413,8.1028,8.1358,5295
1786076100000,8.138,8.1597,8.1366,8.1452,1498.1
1786077000000,8.1412,8.1522,8.1354,8.1457,831.6
1786077900000,8.1419,8.1449,8.1206,8.1407,681.7
1786078800000,8.1375,8.1524,8.1375,8.1505,581.3
1786079700000,8.1523,8.1523,8.1281,8.1281,2401.6
1786080600000,8.1307,8.1307,8.1193,8.1274,1605.6
1786081500000,8.1293,8.1554,8.127,8.1547,167.7
1786082400000,8.1501,8.1741,8.1501,8.1726,1110.6
1786083300000,8.1753,8.2039,8.1753,8.1892,853.5
1786084200000,8.1893,8.1939,8.1794,8.1889,651.3
1786085100000,8.1874,8.1874,8.1688,8.181,571.2
1786086000000,8.1807,8.2017,8.1709,8.1975,1444.9
1786086900000,8.1992,8.2041,8.1898,8.1906,859.9
1786087800000,8.1916,8.1992,8.1826,8.1833,706.9
1786088700000,8.1833,8.1927,8.1826,8.1837,460.3
1786089600000,8.1829,8.1977,8.1828,8.1968,1039.8
1786090500000,8.1955,8.1991,8.1874,8.1963,1105.6
1786091400000,8.1988,8.239,8.1988,8.2361,1402.9
1786092300000,8.2347,8.2347,8.207,8.2089,1205
1786093200000,8.2163,8.2418,8.2145,8.2279,1131.9
1786094100000,8.227,8.2422,8.2226,8.2226,1778
1786095000000,8.2224,8.2368,8.2183,8.2253,563.1
1786095900000,8.2268,8.2268,8.2098,8.2157,282.4
1786096800000,8.2161,8.2292,8.2134,8.2239,3544.7
1786097700000,8.2238,8.2277,8.2177,8.2244,339.8
1786098600000,8.2231,8.2264,8.218,8.2232,663.1
1786099500000,8.2245,8.2245,8.1955,8.198,1223.9
1786100400000,8.2014,8.2143,8.2013,8.2107,1462.1
1786101300000,8.2118,8.239,8.2096,8.2249,2224.7
1786102200000,8.2231,8.2287,8.215,8.22,845.3
1786103100000,8.2164,8.2169,8.2055,8.2132,182
1786104000000,8.214,8.2763,8.214,8.2623,4744
1786104900000,8.263,8.2701,8.2493,8.2664,28847.2
1786105800000,8.2677,8.3009,8.2164,8.2484,10061.3
1786106700000,8.257,8.2811,8.256,8.2785,2811.2
1786107600000,8.2813,8.2999,8.2471,8.2479,3186.6
1786108500000,8.2472,8.2757,8.2373,8.2757,3660.4
1786109400000,8.2723,8.3072,8.2706,8.3005,2373.2
1786110300000,8.3056,8.3056,8.27,8.2772,4184.5
1786111200000,8.2711,8.2862,8.2187,8.2329,3768.8
1786112100000,8.2291,8.2909,8.2259,8.2883,10273.1
1786113000000,8.2895,8.2914,8.2587,8.2626,1717.1
1786113900000,8.2599,8.2656,8.2154,8.2278,4014.8
1786114800000,8.2275,8.2754,8.2246,8.2617,4797.9
1786115700000,8.2582,8.2696,8.2506,8.2591,300.1
1786116600000,8.2604,8.2845,8.2578,8.2844,1157.8
1786117500000,8.2868,8.2909,8.2671,8.274,1916.6
1786118400000,8.276,8.3143,8.276,8.3064,3736.4
1786119300000,8.3102,8.3133,8.2659,8.2725,1015.2
1786120200000,8.268,8.2739,8.257,8.2629,589.5
1786121100000,8.2581,8.2639,8.2337,8.2351,2563.3
1786122000000,8.2304,8.2477,8.2099,8.2159,2245.6
1786122900000,8.2143,8.2265,8.1919,8.1931,10027.2
1786123800000,8.1946,8.2044,8.164,8.1976,4207
1786124700000,8.197,8.197,8.175,8.1967,1231.7
1786125600000,8.1979,8.2123,8.1969,8.2072,1056.8
1786126500000,8.2076,8.2076,8.1951,8.1958,426.3
1786127400000,8.1967,8.2065,8.1744,8.1744,4337.9
1786128300000,8.1708,8.1758,8.1614,8.1755,1615.4
1786129200000,8.1753,8.2029,8.1748,8.2026,5934.6
1786130100000,8.2047,8.2391,8.2047,8.216,2474.7
1786131000000,8.22,8.2229,8.2099,8.2127,454
1786131900000,8.214,8.2183,8.2083,8.2124,693.5
1786132800000,8.2128,8.217,8.2097,8.214,2349.3
1786133700000,8.2114,8.2141,8.2025,8.2037,1296.5
1786134600000,8.2009,8.2011,8.188,8.1976,1527.9
1786135500000,8.1967,8.2031,8.1948,8.1962,154
1786136400000,8.1975,8.216,8.1967,8.2073,2681.5
1786137300000,8.2116,8.2118,8.1933,8.1963,2989.6
1786138200000,8.1975,8.2109,8.1939,8.204,820.7
1786139100000,8.2029,8.2029,8.1826,8.185,231.4
1786140000000,8.181,8.1869,8.1761,8.1847,309.3
1786140900000,8.187,8.1889,8.1701,8.1701,335.1
1786141800000,8.1714,8.1714,8.1515,8.1619,7868.2
1786142700000,8.1621,8.175,8.1621,8.1735,1150.4
1786143600000,8.1739,8.187,8.1739,8.187,855.2
1786144500000,8.187,8.1931,8.1681,8.1701,2352.7
1786145400000,8.1716,8.1796,8.1706,8.1794,332.4
1786146300000,8.1796,8.185,8.1773,8.1841,1340.8
1786147200000,8.1819,8.1853,8.1651,8.1709,2955.6
1786148100000,8.1709,8.1719,8.1643,8.1704,2624.4
1786149000000,8.1704,8.1714,8.1645,8.1672,511.2
1786149900000,8.1673,8.1737,8.1641,8.1734,1097
1786150800000,8.1717,8.1839,8.1702,8.174,288.1
1786151700000,8.1737,8.1852,8.1695,8.1799,440.2
1786152600000,8.1796,8.1929,8.1769,8.1922,326.5
1786153500000,8.1904,8.193,8.1839,8.1872,542
1786154400000,8.1873,8.1916,8.1872,8.1904,671.7
1786155300000,8.1899,8.1901,8.1774,8.1806,1604.2
1786156200000,8.1869,8.187,8.1809,8.1835,336.2
1786157100000,8.1825,8.1834,8.175,8.1759,168.7
1786158000000,8.1764,8.2,8.1764,8.2,1150.2
1786158900000,8.2011,8.2232,8.2005,8.2213,1479
1786159800000,8.2245,8.2525,8.2245,8.24,4367.8
1786160700000,8.2355,8.269,8.2355,8.259,2003.1
1786161600000,8.2586,8.269,8.2445,8.2531,1089.7
1786162500000,8.2526,8.2673,8.238,8.253,1421.5
1786163400000,8.2485,8.2687,8.2479,8.2672,2627
1786164300000,8.2689,8.2778,8.253,8.2585,15815.3
1786165200000,8.2608,8.274,8.2533,8.2594,2586.3
1786166100000,8.2614,8.2695,8.2585,8.2695,323.8
1786167000000,8.2698,8.307,8.2698,8.2803,13132.9
1786167900000,8.277,8.277,8.2567,8.2616,3345.1
1786168800000,8.265,8.2673,8.2548,8.2614,945.9
1786169700000,8.2608,8.2643,8.2579,8.2606,321
1786170600000,8.2595,8.2595,8.2521,8.2543,168.9
1786171500000,8.259,8.2644,8.253,8.253,416.7
1786172400000,8.253,8.2584,8.2464,8.2486,638.9
1786173300000,8.2482,8.2529,8.2468,8.2473,539.3
1786174200000,8.2463,8.2484,8.2363,8.2482,3081.5
1786175100000,8.2489,8.2554,8.2487,8.2554,1375.9
1786176000000,8.2554,8.2628,8.2546,8.2581,986.8
1786176900000,8.259,8.2635,8.2531,8.2625,1658.4
1786177800000,8.2624,8.2719,8.2624,8.2718,1524.4
1786178700000,8.2718,8.2718,8.2616,8.2634,4459.5
1786179600000,8.2673,8.2769,8.2653,8.2703,628.7
1786180500000,8.2749,8.287,8.274,8.28,3680
1786181400000,8.282,8.3059,8.282,8.2947,951.2
1786182300000,8.2948,8.2985,8.2898,8.293,3761.5
1786183200000,8.292,8.3155,8.2916,8.3011,3497.7
1786184100000,8.301,8.3253,8.301,8.3185,3160.3
1786185000000,8.3173,8.3536,8.3167,8.3407,4164.6
1786185900000,8.3409,8.3505,8.3374,8.3438,2646.3
1786186800000,8.3408,8.3489,8.3322,8.3469,8022.4
1786187700000,8.3477,8.3544,8.3376,8.3391,1307.6
1786188600000,8.3382,8.3382,8.3154,8.3171,1494.6
1786189500000,8.3173,8.3337,8.3135,8.3276,2035.6
1786190400000,8.3297,8.3393,8.3158,8.3376,2591.6
1786191300000,8.3376,8.3383,8.3189,8.3226,268.8
1786192200000,8.3212,8.3268,8.3159,8.3185,224.6
1786193100000,8.3191,8.3226,8.3077,8.3084,1020
1786194000000,8.3097,8.315,8.3033,8.3033,389.6
1786194900000,8.3039,8.3273,8.3039,8.3238,224
1786195800000,8.3219,8.3286,8.319,8.3286,743.8
1786196700000,8.3284,8.3325,8.3231,8.3264,1244.8
1786197600000,8.3248,8.34,8.3248,8.3327,4463.2
1786198500000,8.328,8.3492,8.3277,8.3482,2246.4
1786199400000,8.3447,8.3752,8.3441,8.3489,6861.2
1786200300000,8.3489,8.3703,8.3489,8.3598,1264.6
1786201200000,8.361,8.3942,8.3591,8.3821,4965.5
1786202100000,8.382,8.3844,8.339,8.3402,6040.5
1786203000000,8.3391,8.3404,8.3315,8.3355,885.7
1786203900000,8.3354,8.3463,8.3306,8.3411,682.1
1786204800000,8.3421,8.3622,8.3421,8.3599,3419.2
1786205700000,8.3582,8.3616,8.3355,8.3355,516.1
1786206600000,8.334,8.3362,8.3319,8.3352,585.3
1786207500000,8.336,8.339,8.333,8.3371,4541.8
1786208400000,8.339,8.3422,8.3315,8.3411,200.7
1786209300000,8.3401,8.3429,8.3312,8.3408,11875.7
1786210200000,8.3403,8.3481,8.3378,8.3419,352.4
1786211100000,8.3411,8.345,8.3323,8.3323,1390.8
1786212000000,8.3323,8.3354,8.3301,8.3354,366.4
1786212900000,8.3347,8.3347,8.3216,8.3239,266.8
1786213800000,8.3238,8.33,8.3201,8.33,134.4
1786214700000,8.33,8.33,8.3237,8.3248,74
1786215600000,8.3249,8.3282,8.3223,8.3232,1212.9
1786216500000,8.32,8.3249,8.3193,8.3225,1032.2
1786217400000,8.3204,8.3282,8.3199,8.3273,2485.6
1786218300000,8.327,8.3349,8.327,8.33,429.7
1786219200000,8.3296,8.335,8.3282,8.335,6719.3
1786220100000,8.3355,8.3426,8.3326,8.333,209
1786221000000,8.3335,8.341,8.3335,8.3402,112.6
1786221900000,8.3393,8.3403,8.3355,8.3391,3575
1786222800000,8.3392,8.3435,8.3386,8.3391,332.3
1786223700000,8.3382,8.3437,8.3371,8.3397,1289.2
1786224600000,8.3375,8.343,8.336,8.3417,989
1786225500000,8.3417,8.3417,8.3329,8.341,727.2
1786226400000,8.341,8.3439,8.3316,8.3322,478.9
1786227300000,8.3331,8.3367,8.3329,8.3365,715.7
1786228200000,8.3342,8.3354,8.316,8.3241,6987
1786229100000,8.3209,8.3209,8.2969,8.2984,3758.4
1786230000000,8.2972,8.301,8.2932,8.295,7434.6
1786230900000,8.2946,8.2987,8.2896,8.2966,632.9
1786231800000,8.2975,8.3077,8.2938,8.3077,861.4
1786232700000,8.3079,8.3088,8.3014,8.3035,475.3
1786233600000,8.3022,8.3166,8.3016,8.3041,3944.9
1786234500000,8.3041,8.3144,8.3028,8.3118,2051
1786235400000,8.3112,8.3176,8.3103,8.3154,1205.5
1786236300000,8.3152,8.3256,8.309,8.3231,7617.6
1786237200000,8.32,8.3321,8.32,8.3228,1171.5
1786238100000,8.3233,8.3233,8.2994,8.3,769.8
1786239000000,8.3,8.307,8.2975,8.3062,562.8
1786239900000,8.307,8.307,8.2978,8.3049,381.1
1786240800000,8.3007,8.3026,8.293,8.3013,343
1786241700000,8.3014,8.3089,8.2964,8.3075,169.4
1786242600000,8.3059,8.3059,8.293,8.2961,117.9
1786243500000,8.2927,8.2966,8.2824,8.2924,975.8
1786244400000,8.2909,8.2923,8.2647,8.2668,1609.4
1786245300000,8.2678,8.2903,8.2678,8.2903,867.7
1786246200000,8.2896,8.2941,8.2832,8.2868,196
1786247100000,8.2869,8.288,8.283,8.2835,1125.7
1786248000000,8.2834,8.3064,8.2827,8.3062,363
1786248900000,8.3063,8.3091,8.3026,8.3091,150.6
1786249800000,8.3084,8.3084,8.2946,8.2959,150.2
1786250700000,8.2943,8.2943,8.2855,8.2858,1775.6
1786251600000,8.2872,8.3003,8.2869,8.2924,2911.2
1786252500000,8.2883,8.2914,8.2736,8.2736,1910.6
1786253400000,8.2732,8.274,8.2674,8.2676,1340.9
1786254300000,8.2674,8.2769,8.2606,8.2764,490.8
1786255200000,8.2775,8.2816,8.2734,8.2816,235.8
1786256100000,8.2844,8.3,8.2844,8.3,273.7
1786257000000,8.2997,8.3256,8.2996,8.3247,2967.6
1786257900000,8.3256,8.3488,8.3214,8.3463,7191.1
1786258800000,8.3407,8.349,8.3336,8.3464,3130.8
1786259700000,8.3451,8.3481,8.3365,8.3481,236.3
1786260600000,8.3438,8.3459,8.3302,8.3345,122.5
1786261500000,8.3324,8.3374,8.328,8.3374,97.7
1786262400000,8.3386,8.355,8.3276,8.3283,2420.6
1786263300000,8.3284,8.3324,8.3185,8.3189,664.6
1786264200000,8.3201,8.3214,8.3026,8.3026,6625.5
1786265100000,8.3,8.3166,8.3,8.3166,950.1
1786266000000,8.314,8.3207,8.3083,8.3144,175.9
1786266900000,8.3113,8.3141,8.2953,8.2953,121.1
1786267800000,8.2955,8.3087,8.2955,8.3084,211.2
1786268700000,8.3084,8.3138,8.3003,8.3082,224.4
1786269600000,8.3164,8.3241,8.3113,8.3241,168.5
1786270500000,8.3225,8.3323,8.3117,8.3117,309.1
1786271400000,8.312,8.3124,8.3016,8.3038,518.4
1786272300000,8.3044,8.3044,8.2984,8.2996,291.2
1786273200000,8.3007,8.3007,8.2944,8.2957,1293.1
1786274100000,8.2957,8.3037,8.2923,8.3037,2417.2
1786275000000,8.3037,8.3043,8.2946,8.2964,217.2
1786275900000,8.2977,8.305,8.295,8.2977,1402.8
1786276800000,8.2967,8.2977,8.2845,8.2882,1499.5
1786277700000,8.2879,8.2898,8.2838,8.289,279
1786278600000,8.2882,8.2887,8.2789,8.2859,2474.2
1786279500000,8.2844,8.2879,8.2818,8.2879,470.3
1786280400000,8.2842,8.2997,8.2842,8.2996,129.6
1786281300000,8.2995,8.3206,8.2995,8.3206,844.1
1786282200000,8.3185,8.3189,8.3015,8.31,139.7
1786283100000,8.3082,8.3082,8.298,8.2992,503.6
1786284000000,8.3024,8.323,8.2992,8.323,1255.9
1786284900000,8.3239,8.3422,8.3148,8.3148,3016.6
1786285800000,8.3162,8.3261,8.3045,8.3075,2558.4
1786286700000,8.3026,8.3063,8.2948,8.3061,1432.6
1786287600000,8.3041,8.3174,8.3007,8.3174,4816.7
1786288500000,8.3169,8.3361,8.314,8.3258,1702.9
1786289400000,8.3248,8.3656,8.3243,8.3525,1229
1786290300000,8.3545,8.3545,8.3361,8.3492,1114.6
1786291200000,8.3524,8.3566,8.3351,8.3359,1249.7
1786292100000,8.3368,8.3477,8.3239,8.3304,4788.6
1786293000000,8.3308,8.3436,8.3308,8.3398,269.4
1786293900000,8.3412,8.3497,8.3385,8.3385,751.9
1786294800000,8.3422,8.3491,8.3347,8.341,1315.9
1786295700000,8.3382,8.3458,8.3314,8.332,758.6
1786296600000,8.3315,8.3342,8.3234,8.3264,308.2
1786297500000,8.3232,8.3233,8.3106,8.314,540.9
1786298400000,8.3113,8.3318,8.3113,8.3286,1353.8
1786299300000,8.3217,8.3358,8.319,8.3358,1002.1
1786300200000,8.3353,8.3357,8.3226,8.3236,140.7
1786301100000,8.3237,8.3296,8.3218,8.3252,430.1
1786302000000,8.324,8.327,8.3083,8.3097,301.6
1786302900000,8.3074,8.3158,8.3074,8.313,282.5
1786303800000,8.3122,8.3186,8.312,8.3179,629.7
1786304700000,8.3156,8.3189,8.3116,8.3169,3003.8
1786305600000,8.3173,8.3199,8.3151,8.3167,162.8
1786306500000,8.3146,8.3349,8.3137,8.3302,390.8
1786307400000,8.3293,8.3363,8.3293,8.3322,2047.3
1786308300000,8.3318,8.3335,8.3285,8.3297,378.5
1786309200000,8.3311,8.3403,8.3224,8.3336,1360.9
1786310100000,8.3276,8.3401,8.3276,8.3401,361.6
1786311000000,8.3424,8.3495,8.3388,8.3411,8659.9
1786311900000,8.3437,8.3446,8.3349,8.3395,87.4
1786312800000,8.3417,8.3752,8.3412,8.3677,1597.1
1786313700000,8.3752,8.3887,8.3408,8.3408,1399.1
1786314600000,8.3361,8.3361,8.2849,8.2905,2441.3
1786315500000,8.2908,8.2908,8.225,8.2589,17135.1
1786316400000,8.2586,8.2586,8.2385,8.248,3275.1
1786317300000,8.2403,8.242,8.202,8.209,1951.3
1786318200000,8.2036,8.2057,8.184,8.1949,6366.1
1786319100000,8.1918,8.1991,8.1714,8.1845,7155.9
1786320000000,8.1814,8.2502,8.1695,8.2279,14860
1786320900000,8.2287,8.2298,8.1931,8.1968,4808.7
1786321800000,8.1917,8.2015,8.1617,8.167,9518.4
1786322700000,8.1674,8.2057,8.1671,8.185,1266.3
1786323600000,8.183,8.2055,8.1818,8.1956,615.9
1786324500000,8.201,8.2075,8.1932,8.1932,595.8
1786325400000,8.1852,8.1903,8.1682,8.1846,1178.4
1786326300000,8.1847,8.2569,8.1847,8.2334,2248.9
1786327200000,8.2378,8.24,8.2081,8.2161,773
1786328100000,8.2125,8.2125,8.1746,8.1804,1439.2
1786329000000,8.1835,8.2322,8.1835,8.232,2835.1
1786329900000,8.225,8.2258,8.2128,8.22,205.9
1786330800000,8.2196,8.2256,8.1755,8.1761,1332.7
1786331700000,8.1776,8.211,8.1699,8.1832,1854.3
1786332600000,8.1868,8.2009,8.182,8.1916,263.3
1786333500000,8.1901,8.1916,8.1751,8.1828,1088.6
1786334400000,8.1817,8.1966,8.1793,8.1938,570.7
1786335300000,8.1971,8.2098,8.1946,8.1946,1007.5
1786336200000,8.1945,8.1976,8.1767,8.1965,2512.9
1786337100000,8.1971,8.2041,8.1816,8.1876,585.1
1786338000000,8.1896,8.1998,8.1882,8.19,182.9
1786338900000,8.1917,8.2143,8.1917,8.2143,1016.6
1786339800000,8.2106,8.2168,8.2065,8.2168,3071.1
1786340700000,8.2167,8.2336,8.2127,8.222,1151.4
1786341600000,8.2223,8.2432,8.2223,8.2298,2737.5
1786342500000,8.2306,8.2404,8.223,8.223,508.7
1786343400000,8.2274,8.2398,8.2228,8.2398,208.3
1786344300000,8.2347,8.236,8.2234,8.2336,1374.5
1786345200000,8.2301,8.2313,8.2265,8.2282,174.7
1786346100000,8.2272,8.2364,8.2246,8.2349,488.2
1786347000000,8.2368,8.2395,8.2288,8.2291,739.6
1786347900000,8.2302,8.2302,8.2163,8.219,203.1
1786348800000,8.2192,8.2388,8.2192,8.2213,1245.1
1786349700000,8.2166,8.23,8.2166,8.224,5570.5
1786350600000,8.2227,8.2242,8.2007,8.2035,4555.7
1786351500000,8.1992,8.2168,8.197,8.213,12219.1
1786352400000,8.2129,8.2312,8.2081,8.2286,5304.8
1786353300000,8.2317,8.2499,8.2126,8.2126,7771.9
1786354200000,8.2096,8.2411,8.1978,8.2363,24903.7
1786355100000,8.2307,8.2464,8.2283,8.2382,11394
1786356000000,8.2384,8.27,8.2363,8.2562,3765.7
1786356900000,8.2504,8.3003,8.2504,8.2693,6583.5
1786357800000,8.2784,8.304,8.268,8.2736,8829.2
1786358700000,8.2742,8.2933,8.2669,8.2764,60387.9
1786359600000,8.2789,8.2914,8.2648,8.2914,3434.6
1786360500000,8.2915,8.3171,8.2915,8.313,10292.7
1786361400000,8.3111,8.3256,8.3047,8.3137,5808.9
1786362300000,8.3141,8.3148,8.2957,8.3062,17001.6
1786363200000,8.3082,8.3696,8.3073,8.3411,20497.2
1786364100000,8.3353,8.3419,8.3258,8.3296,3303.6
1786365000000,8.3283,8.3283,8.2984,8.3212,50381.3
1786365900000,8.3211,8.3212,8.2732,8.2823,6189
1786366800000,8.2824,8.3062,8.2714,8.3047,2134.8
1786367700000,8.3005,8.3112,8.2945,8.3041,1118.9
1786368600000,8.2969,8.3013,8.2505,8.2681,2685.6
1786369500000,8.2691,8.283,8.2506,8.2781,4913.3
1786370400000,8.2802,8.3127,8.2802,8.3127,24496.7
1786371300000,8.3155,8.325,8.304,8.3153,1441.5
1786372200000,8.3098,8.338,8.3062,8.3297,1526.5
1786373100000,8.3358,8.338,8.2936,8.2936,23959.9
1786374000000,8.2999,8.3256,8.2588,8.2677,46656.4
1786374900000,8.2692,8.2919,8.2514,8.29,36320.3
1786375800000,8.2881,8.3045,8.2641,8.3045,5814.6
1786376700000,8.2908,8.3064,8.2767,8.3014,2770.8
1786377600000,8.2938,8.3103,8.2862,8.2933,4367.5
1786378500000,8.2867,8.2921,8.2468,8.2707,8957.4
1786379400000,8.2679,8.2884,8.2514,8.2517,7483.9
1786380300000,8.2478,8.2507,8.2195,8.2304,10277.5
1786381200000,8.2301,8.2565,8.21,8.2542,17384.5
1786382100000,8.2519,8.2748,8.2492,8.2588,8153.8
1786383000000,8.2572,8.2862,8.2572,8.2695,474.5
1786383900000,8.2645,8.2645,8.2435,8.2469,846.4
1786384800000,8.2537,8.2537,8.2358,8.2358,1932.8
1786385700000,8.2322,8.2337,8.2231,8.2264,793.7
1786386600000,8.2223,8.2344,8.2075,8.2344,1524.4
1786387500000,8.228,8.2395,8.2092,8.2359,316.4
1786388400000,8.2409,8.249,8.2371,8.2459,733.9
1786389300000,8.249,8.2835,8.249,8.2835,2714
1786390200000,8.2841,8.3127,8.2817,8.2968,10020.9
1786391100000,8.2974,8.2974,8.2683,8.2716,5597.9
1786392000000,8.2732,8.2852,8.2701,8.2762,634.2
1786392900000,8.2774,8.2965,8.2771,8.2965,681.8
1786393800000,8.2935,8.2988,8.2849,8.2988,2651.1
1786394700000,8.2946,8.2986,8.2878,8.2897,3122
1786395600000,8.291,8.3081,8.2861,8.2967,3701.1
1786396500000,8.2959,8.3119,8.2911,8.3119,7155.1
1786397400000,8.3124,8.3195,8.3061,8.307,3053.7
1786398300000,8.3077,8.3077,8.2755,8.2755,2950.7
1786399200000,8.2752,8.2951,8.2559,8.2951,2060
1786400100000,8.2956,8.2976,8.2804,8.286,1005.3
1786401000000,8.2935,8.2942,8.2762,8.283,1750.6
1786401900000,8.2871,8.3171,8.2871,8.3165,1067
1786402800000,8.311,8.3137,8.2993,8.3101,1095.1
1786403700000,8.3113,8.3154,8.2898,8.2898,634.9
1786404600000,8.2968,8.3,8.2844,8.3,6728.9
1786405500000,8.299,8.301,8.2881,8.2957,1312.4
1786406400000,8.2975,8.3228,8.2898,8.319,8302.3
1786407300000,8.3214,8.3391,8.3086,8.3368,2960
1786408200000,8.338,8.3387,8.3193,8.3317,3107.4
1786409100000,8.3345,8.3369,8.3237,8.3369,715.3
1786410000000,8.3346,8.3771,8.3254,8.3548,7647.5
1786410900000,8.3555,8.4395,8.3482,8.4285,16555.7
1786411800000,8.429,8.4444,8.3999,8.4265,8871.6
1786412700000,8.4308,8.4581,8.422,8.4272,16385.3
1786413600000,8.427,8.4574,8.4251,8.438,14357.2
1786414500000,8.4393,8.4426,8.4054,8.4194,3525.1
1786415400000,8.417,8.4342,8.4067,8.409,2965.4
1786416300000,8.4125,8.413,8.4003,8.4094,1148.8
1786417200000,8.4125,8.4312,8.4076,8.4312,1325.4
1786418100000,8.4266,8.4341,8.4056,8.4167,1314.5
1786419000000,8.4162,8.4162,8.3997,8.3997,836.6
1786419900000,8.3997,8.4026,8.3916,8.3916,3215.3
1786420800000,8.3913,8.4089,8.3909,8.4085,866.5
1786421700000,8.4081,8.4081,8.3892,8.3892,413
1786422600000,8.3906,8.3916,8.3711,8.3756,2484.4
1786423500000,8.3727,8.3799,8.3683,8.3799,2562.8
1786424400000,8.3782,8.3916,8.3749,8.3916,450.9
1786425300000,8.3916,8.4126,8.3814,8.3895,41454
1786426200000,8.3912,8.42,8.3912,8.4087,10929.9
1786427100000,8.409,8.4267,8.4081,8.4114,5601.6
1786428000000,8.4111,8.4355,8.4022,8.4307,2528.6
1786428900000,8.4314,8.4417,8.4134,8.42,1012
1786429800000,8.4153,8.4415,8.4119,8.4233,1677.9
1786430700000,8.4224,8.4322,8.4074,8.4322,2454.8
1786431600000,8.434,8.4464,8.426,8.426,1405.4
1786432500000,8.422,8.4287,8.4134,8.4228,5701.4
1786433400000,8.4311,8.4534,8.4242,8.4456,1440.2
1786434300000,8.4497,8.4749,8.4497,8.4742,2344.8
1786435200000,8.475,8.5199,8.465,8.4694,21928.3
1786436100000,8.4639,8.4779,8.445,8.4734,4368
1786437000000,8.4733,8.5087,8.4676,8.5079,7535.6
1786437900000,8.5063,8.5212,8.4992,8.5172,2028.5
1786438800000,8.5224,8.5629,8.4966,8.5489,10756.6
1786439700000,8.5468,8.7117,8.538,8.6546,35306.5
1786440600000,8.6546,8.6752,8.6111,8.6744,23120.3
1786441500000,8.675,8.6896,8.6598,8.6773,25043.7
1786442400000,8.678,8.6823,8.6415,8.6479,63351.4
1786443300000,8.6473,8.6799,8.6383,8.6659,3939.6
1786444200000,8.6663,8.6702,8.628,8.6338,9310.4
1786445100000,8.6339,8.7071,8.6312,8.673,8144.5
1786446000000,8.6684,8.6959,8.6599,8.6884,3388.6
1786446900000,8.6906,8.7027,8.6625,8.6932,4088
1786447800000,8.6932,8.7049,8.6582,8.6582,8871.6
1786448700000,8.659,8.6918,8.658,8.6806,1945
1786449600000,8.6821,8.6888,8.666,8.6862,26657.4
1786450500000,8.6841,8.6877,8.6373,8.6412,16688.4
1786451400000,8.642,8.6824,8.634,8.6824,2101.4
1786452300000,8.6809,8.6852,8.6481,8.6595,2603.3
1786453200000,8.6586,8.7053,8.6446,8.6842,17546.5
1786454100000,8.6825,8.6825,8.644,8.6507,10614.6
1786455000000,8.6444,8.6578,8.6202,8.6455,22233.1
1786455900000,8.6467,8.6664,8.6351,8.6562,7906.7
1786456800000,8.6545,8.6829,8.6445,8.6739,4318.5
1786457700000,8.6699,8.6858,8.6288,8.6288,3247.1
1786458600000,8.6288,8.6288,8.5682,8.5812,28748
1786459500000,8.5811,8.5811,8.5315,8.5511,38120.7
1786460400000,8.5493,8.5571,8.5286,8.538,15039.5
1786461300000,8.5342,8.6168,8.5267,8.6147,20196.2
1786462200000,8.6145,8.6152,8.4995,8.546,17566.1
1786463100000,8.5461,8.5793,8.5271,8.5675,21577.6
1786464000000,8.5684,8.6027,8.5463,8.5889,15046.3
1786464900000,8.596,8.6128,8.5695,8.5695,2854.7
1786465800000,8.5691,8.5891,8.5563,8.5605,2042.5
1786466700000,8.564,8.5676,8.5543,8.5571,927.7
1786467600000,8.5641,8.5761,8.5473,8.5603,8402
1786468500000,8.5637,8.5916,8.5633,8.5883,2407.6
1786469400000,8.5872,8.5975,8.571,8.5944,5183
1786470300000,8.5887,8.6039,8.58,8.589,8019
1786471200000,8.5891,8.6052,8.5778,8.5808,2034.1
1786472100000,8.5825,8.5988,8.5521,8.5543,1554
1786473000000,8.5607,8.5739,8.5373,8.5622,11384.2
1786473900000,8.5631,8.5704,8.5545,8.5683,2070.6
1786474800000,8.5656,8.5676,8.5433,8.5438,705.5
1786475700000,8.5416,8.5719,8.5404,8.565,1536
1786476600000,8.5651,8.5828,8.5588,8.5739,13617.9
1786477500000,8.5759,8.6157,8.5703,8.6151,7632.3
1786478400000,8.6144,8.6914,8.6144,8.6795,25701.4
1786479300000,8.6819,8.6887,8.6637,8.687,6278.2
1786480200000,8.689,8.6999,8.6697,8.6915,1039.9
1786481100000,8.6904,8.726,8.6813,8.6958,7277.6
1786482000000,8.6968,8.7828,8.696,8.772,17263.4
1786482900000,8.7718,8.7772,8.75,8.75,10883.9
1786483800000,8.7517,8.809,8.7514,8.7696,39794.4
1786484700000,8.7697,8.7783,8.7592,8.7669,47716.3
1786485600000,8.7668,8.7792,8.7555,8.7634,59132.3
1786486500000,8.7638,8.7697,8.7555,8.7608,1791.9
1786487400000,8.7644,8.7861,8.7617,8.77,5836.2
1786488300000,8.77,8.785,8.7555,8.7819,8922.2
1786489200000,8.7821,8.7821,8.7555,8.7555,4867.5
1786490100000,8.7557,8.7681,8.7556,8.7582,7211.4
1786491000000,8.7582,8.7863,8.7554,8.7802,15768
1786491900000,8.7778,8.7869,8.7718,8.777,1380.5
1786492800000,8.7779,8.7856,8.7536,8.7626,17500.5
1786493700000,8.7601,8.7736,8.7496,8.7639,8279.3
1786494600000,8.764,8.7913,8.7638,8.7649,4035.2
1786495500000,8.7635,8.777,8.7395,8.7609,1634
1786496400000,8.7647,8.809,8.7633,8.8006,6376
1786497300000,8.8007,8.807,8.7612,8.7646,4314.3
1786498200000,8.7637,8.7999,8.756,8.797,1475.8
1786499100000,8.7977,8.8224,8.778,8.7887,5484.5
1786500000000,8.7911,8.7984,8.7677,8.772,8375.4
1786500900000,8.7693,8.7784,8.7527,8.7679,413.9
1786501800000,8.769,8.7808,8.762,8.7666,7720.4
1786502700000,8.765,8.7763,8.7414,8.7414,2078.2
1786503600000,8.7423,8.7503,8.7251,8.726,2690.8
1786504500000,8.7251,8.7454,8.723,8.7409,2558.4
1786505400000,8.7387,8.7441,8.728,8.7317,2962.7
1786506300000,8.7309,8.7309,8.7136,8.7235,1664.7
1786507200000,8.7224,8.7262,8.7126,8.7262,2865.2
1786508100000,8.7304,8.7468,8.7244,8.7244,1603.5
1786509000000,8.7232,8.7232,8.7141,8.7194,510.8
1786509900000,8.7181,8.7277,8.7174,8.7187,902.7
1786510800000,8.7199,8.7208,8.703,8.7178,1735.7
1786511700000,8.7191,8.7279,8.7126,8.7198,916.5
1786512600000,8.7224,8.7283,8.7146,8.7146,7812.8
1786513500000,8.715,8.715,8.7099,8.7112,24484.1
1786514400000,8.711,8.7133,8.6879,8.6904,4143
1786515300000,8.6868,8.698,8.6807,8.6891,1533.2
1786516200000,8.6875,8.715,8.6623,8.7057,58819
1786517100000,8.7065,8.7292,8.7065,8.7277,17528.1
1786518000000,8.7277,8.7584,8.7257,8.7411,13715.1
1786518900000,8.7415,8.7605,8.7394,8.7435,14445.1
1786519800000,8.7453,8.7616,8.7345,8.7348,2204.6
1786520700000,8.7348,8.7498,8.7197,8.7498,2734.1
1786521600000,8.7494,8.7658,8.7448,8.7631,4960.5
1786522500000,8.7621,8.7735,8.7589,8.7664,8153.9
1786523400000,8.7663,8.7667,8.7526,8.7545,2785.8
1786524300000,8.7544,8.7548,8.7407,8.7445,11221
1786525200000,8.7445,8.7535,8.7357,8.7357,1591.9
1786526100000,8.7391,8.7812,8.7391,8.7692,29665.2
1786527000000,8.7719,8.7935,8.7665,8.7914,3779.6
1786527900000,8.7937,8.7973,8.7889,8.7973,1182.9
1786528800000,8.7993,8.8139,8.79,8.7937,3222.5
1786529700000,8.7952,8.8059,8.7901,8.798,2507.4
1786530600000,8.7971,8.87,8.7951,8.8501,14110.3
1786531500000,8.8508,8.87,8.8007,8.8017,12549.6
1786532400000,8.8044,8.8198,8.7952,8.8189,3300.2
1786533300000,8.8211,8.8421,8.8211,8.842,73731.4
1786534200000,8.8421,8.87,8.842,8.8693,64237.4
1786535100000,8.8699,8.87,8.8518,8.87,12440.6
1786536000000,8.87,8.87,8.8583,8.8583,37337.4
1786536900000,8.8609,8.8811,8.8372,8.8752,62260.5
1786537800000,8.8778,8.8874,8.806,8.8149,21845.3
1786538700000,8.8135,8.8525,8.8076,8.8436,3523.5
1786539600000,8.8423,8.8455,8.8091,8.8199,7215.4
1786540500000,8.8228,8.8257,8.8056,8.8176,2036.5
1786541400000,8.8203,8.8203,8.7853,8.8016,5447.7
1786542300000,8.8036,8.8329,8.7853,8.8232,2209
1786543200000,8.8204,8.8207,8.7539,8.7665,23592.1
1786544100000,8.764,8.778,8.718,8.7199,11030.4
1786545000000,8.7235,8.7337,8.6913,8.7282,7463
1786545900000,8.7269,8.752,8.7194,8.7231,3695.1
1786546800000,8.7209,8.7681,8.7174,8.761,11095.9
1786547700000,8.7654,8.7754,8.7506,8.7632,1093.5
1786548600000,8.7684,8.7875,8.7571,8.7745,1892.8
1786549500000,8.779,8.7814,8.7564,8.7777,12611.8
1786550400000,8.774,8.7785,8.7522,8.765,1708
1786551300000,8.7684,8.7762,8.7587,8.7684,3736.8
1786552200000,8.7628,8.766,8.7355,8.7355,1864
1786553100000,8.736,8.7531,8.7276,8.7528,1717.4
1786554000000,8.7519,8.7764,8.7513,8.7639,1800.5
1786554900000,8.764,8.7667,8.7451,8.758,2460.5
1786555800000,8.7583,8.7736,8.7491,8.7689,2624.3
1786556700000,8.7688,8.7737,8.763,8.7669,1515.7
1786557600000,8.7707,8.7868,8.7646,8.7753,1650.3
1786558500000,8.7756,8.7801,8.756,8.7786,2164.6
1786559400000,8.7812,8.7841,8.7672,8.7742,1877.2
1786560300000,8.7744,8.7746,8.749,8.7593,818.9
1786561200000,8.7621,8.7651,8.737,8.737,251.3
1786562100000,8.7324,8.7517,8.7225,8.7374,8634.2
1786563000000,8.7374,8.7374,8.7163,8.719,1811.1
1786563900000,8.7196,8.7415,8.714,8.7392,1649.3
1786564800000,8.7399,8.7561,8.7309,8.7327,1055.9
1786565700000,8.7314,8.7486,8.7243,8.7464,923.2
1786566600000,8.7473,8.766,8.7466,8.7624,698
1786567500000,8.7614,8.7772,8.7559,8.7625,2557.1
1786568400000,8.762,8.77,8.7424,8.7438,3467.3
1786569300000,8.7447,8.7461,8.6315,8.6805,29845.3
1786570200000,8.6756,8.6771,8.6271,8.6695,18916.9
1786571100000,8.6713,8.6767,8.6344,8.6443,2955.2
1786572000000,8.6443,8.69,8.6292,8.6717,6528.3
1786572900000,8.6758,8.6758,8.6644,8.6644,886.2
1786573800000,8.6627,8.6646,8.6536,8.6629,4185
1786574700000,8.6629,8.6737,8.6577,8.6631,10175.7
1786575600000,8.6624,8.6673,8.6453,8.664,25723.3
1786576500000,8.6639,8.6693,8.6592,8.6664,574.9
1786577400000,8.6681,8.6865,8.6677,8.6781,2042.3
1786578300000,8.6779,8.6808,8.6639,8.6689,1505.5
1786579200000,8.6669,8.7043,8.6616,8.6994,9406.5
1786580100000,8.6984,8.7078,8.6805,8.6826,3414.2
1786581000000,8.6827,8.6848,8.6455,8.6475,2036.1
1786581900000,8.6482,8.6616,8.6434,8.6486,1675.4
1786582800000,8.6472,8.6673,8.6472,8.6666,1415
1786583700000,8.6639,8.6641,8.6328,8.637,938.4
1786584600000,8.6369,8.6479,8.6213,8.6226,31927.8
1786585500000,8.6221,8.6418,8.6158,8.6293,2682.6
1786586400000,8.6291,8.6442,8.6291,8.6367,1889.2
1786587300000,8.6351,8.6403,8.6232,8.6232,4652.7
1786588200000,8.6232,8.6369,8.6142,8.6369,3370.1
1786589100000,8.637,8.6829,8.6319,8.6826,3647.5
1786590000000,8.6824,8.7254,8.6824,8.7212,1890.9
1786590900000,8.7216,8.7267,8.6989,8.6989,3026
1786591800000,8.7021,8.7101,8.6984,8.7065,1593.7
1786592700000,8.7086,8.7317,8.7065,8.7209,5329
1786593600000,8.7216,8.7432,8.7213,8.7348,1515.5
1786594500000,8.7339,8.7389,8.7264,8.7329,3574.5
1786595400000,8.733,8.768,8.7312,8.754,3706.5
1786596300000,8.7542,8.7636,8.7427,8.7503,868.7
1786597200000,8.7529,8.7846,8.7463,8.7815,3827.6
1786598100000,8.7868,8.8095,8.7788,8.7902,8508.2
1786599000000,8.7927,8.8017,8.7873,8.7957,15001.8
1786599900000,8.7958,8.8051,8.7863,8.7944,1072.3
1786600800000,8.7932,8.7954,8.7609,8.7649,4914.9
1786601700000,8.7649,8.7662,8.7531,8.7607,484.5
1786602600000,8.7602,8.7605,8.7404,8.7424,283.8
1786603500000,8.7425,8.7679,8.7419,8.7679,2564.6
1786604400000,8.768,8.7688,8.756,8.7644,2752.1
1786605300000,8.7684,8.7685,8.7559,8.7595,951
1786606200000,8.7598,8.7598,8.752,8.7561,2585.7
1786607100000,8.7563,8.7715,8.7531,8.7531,631.7
1786608000000,8.7532,8.7537,8.7249,8.726,1641
1786608900000,8.726,8.7527,8.725,8.7462,2846
1786609800000,8.7449,8.7605,8.7416,8.7564,1492
1786610700000,8.7564,8.7584,8.7415,8.7422,1689.3
1786611600000,8.7402,8.7402,8.6962,8.699,948.2
1786612500000,8.7004,8.7065,8.6968,8.7008,895.2
1786613400000,8.7,8.7132,8.7,8.703,747.7
1786614300000,8.703,8.7127,8.6975,8.7059,484.7
1786615200000,8.706,8.7194,8.6878,8.7162,1268.3
1786616100000,8.7169,8.7293,8.7167,8.723,514.6
1786617000000,8.7222,8.728,8.7166,8.7239,431.4
1786617900000,8.7232,8.7351,8.7159,8.7351,1119.7
1786618800000,8.735,8.7491,8.7064,8.7064,6718.3
1786619700000,8.7016,8.7016,8.6711,8.6839,948.3
1786620600000,8.682,8.6932,8.6719,8.677,1987.6
1786621500000,8.6764,8.6868,8.6744,8.6868,765.1
1786622400000,8.6853,8.7209,8.679,8.7148,9843.3
1786623300000,8.7171,8.7396,8.7045,8.7378,894.7
1786624200000,8.7377,8.7861,8.7318,8.7653,14590.7
1786625100000,8.7658,8.7802,8.7552,8.7767,3510
1786626000000,8.7792,8.8071,8.7792,8.7921,4909
1786626900000,8.7895,8.7977,8.7658,8.7701,9508
1786627800000,8.77,8.8368,8.7554,8.8062,22379.3
1786628700000,8.8072,8.823,8.7952,8.7984,5452.5
1786629600000,8.7978,8.8261,8.7893,8.819,3654.2
1786630500000,8.8167,8.8217,8.8041,8.8129,5602.3
1786631400000,8.805,8.8438,8.7954,8.8351,3901.1
1786632300000,8.8342,8.8511,8.8281,8.847,14743.9
1786633200000,8.8495,8.862,8.8195,8.8195,10026.4
1786634100000,8.8184,8.8369,8.7783,8.7869,4474
1786635000000,8.7848,8.7989,8.7737,8.7989,13525.4
1786635900000,8.7954,8.7954,8.7388,8.7389,7092
1786636800000,8.739,8.7447,8.71,8.7164,5477.7
1786637700000,8.7216,8.7356,8.7057,8.7084,3404.6
1786638600000,8.7173,8.7222,8.6749,8.7098,12463.4
1786639500000,8.7052,8.7422,8.6941,8.7159,3284.4
1786640400000,8.72,8.7512,8.7193,8.7453,993.9
1786641300000,8.7515,8.7712,8.7435,8.7635,4588.9
1786642200000,8.7629,8.7778,8.756,8.7697,1124.2
1786643100000,8.7703,8.7775,8.7599,8.7635,191.5
1786644000000,8.7591,8.7861,8.7591,8.7703,7674
1786644900000,8.7778,8.7855,8.7701,8.7701,3206.1
1786645800000,8.7711,8.79,8.7706,8.7885,717.1
1786646700000,8.7865,8.8159,8.7865,8.8065,3739
1786647600000,8.8079,8.8261,8.8079,8.8198,2224.3
1786648500000,8.8176,8.8288,8.7801,8.7976,11535.8
1786649400000,8.7987,8.8202,8.7979,8.8111,3524.2
1786650300000,8.8154,8.8239,8.8085,8.8162,241.8
1786651200000,8.8224,8.8488,8.8138,8.8435,11536
1786652100000,8.8444,8.8493,8.828,8.8343,15483.8
1786653000000,8.8334,8.8411,8.8263,8.8278,2949.6
1786653900000,8.8287,8.8386,8.8214,8.8349,3755
1786654800000,8.8346,8.8579,8.8346,8.8449,3404.7
1786655700000,8.8448,8.8551,8.8348,8.8518,7876.3
1786656600000,8.8531,8.8776,8.8531,8.8682,8120.7
1786657500000,8.8653,8.8707,8.8558,8.8666,1134.8
1786658400000,8.8672,8.9023,8.8671,8.877,12616.1
1786659300000,8.8788,8.8824,8.8566,8.8632,7223.1
1786660200000,8.8615,8.8722,8.8544,8.8558,2624.8
1786661100000,8.8542,8.8544,8.8344,8.8385,2504.2
1786662000000,8.8388,8.8587,8.8363,8.8431,624.3
1786662900000,8.8372,8.8501,8.8321,8.85,527.3
1786663800000,8.8496,8.8614,8.8496,8.8589,456.8
1786664700000,8.8588,8.8983,8.858,8.8875,49181.3
1786665600000,8.8853,8.8896,8.8608,8.8685,9995.5
1786666500000,8.8684,8.8782,8.8545,8.8592,3870.8
1786667400000,8.8575,8.8772,8.8528,8.8744,1267.8
1786668300000,8.8761,8.8762,8.8593,8.8698,1607.6
1786669200000,8.8695,8.8767,8.8562,8.8582,1614
1786670100000,8.8581,8.8699,8.8427,8.8689,47859.6
1786671000000,8.8688,8.8688,8.8476,8.8532,1238.7
1786671900000,8.8533,8.8533,8.8283,8.8498,1694.5
1786672800000,8.8515,8.8653,8.8443,8.8477,1862.8
1786673700000,8.8533,8.8556,8.8201,8.8247,1034.7
1786674600000,8.8266,8.8382,8.8262,8.8278,2954
1786675500000,8.8308,8.8344,8.8246,8.8318,773.9
1786676400000,8.8288,8.829,8.8107,8.8221,2485.4
1786677300000,8.8221,8.8445,8.8197,8.8384,716.3
1786678200000,8.837,8.837,8.8204,8.8299,1988.2
1786679100000,8.8299,8.8299,8.8126,8.8142,438.5
1786680000000,8.8141,8.8328,8.8121,8.8193,3593.8
1786680900000,8.8192,8.8346,8.8065,8.8072,5309.4
1786681800000,8.8059,8.8099,8.803,8.8031,853.1
1786682700000,8.8028,8.8085,8.7896,8.7896,1988.3
1786683600000,8.7918,8.7934,8.7793,8.7814,3054.2
1786684500000,8.778,8.792,8.7738,8.7899,3860.9
1786685400000,8.7876,8.8036,8.7876,8.7961,2788.9
1786686300000,8.7973,8.7973,8.7875,8.7894,2426.9
1786687200000,8.7923,8.7923,8.7714,8.7768,1139.1
1786688100000,8.7785,8.7785,8.7642,8.7652,2808
1786689000000,8.7656,8.777,8.757,8.7573,1098.3
1786689900000,8.7584,8.7652,8.7472,8.761,1808.7
1786690800000,8.7583,8.7728,8.7533,8.7624,1349.6
1786691700000,8.7618,8.7703,8.7618,8.7657,1406.1
1786692600000,8.7656,8.7723,8.7571,8.7628,5306.1
1786693500000,8.7626,8.7693,8.761,8.766,846.8
1786694400000,8.7658,8.7677,8.7543,8.7569,2685.7
1786695300000,8.7561,8.7619,8.7273,8.7317,2963.1
1786696200000,8.7316,8.7574,8.7196,8.748,7893.8
1786697100000,8.748,8.809,8.748,8.809,7942.9
1786698000000,8.8106,8.8175,8.7925,8.8002,7140.1
1786698900000,8.799,8.8009,8.785,8.785,1519.9
1786699800000,8.7809,8.7881,8.7742,8.7846,13596.4
1786700700000,8.7855,8.8283,8.7855,8.8155,2123.3
1786701600000,8.817,8.8781,8.817,8.8321,7526
1786702500000,8.8357,8.8385,8.7865,8.8077,5353.8
1786703400000,8.8088,8.8096,8.7936,8.7938,884.1
1786704300000,8.7991,8.8105,8.7838,8.786,1073.7
1786705200000,8.7897,8.8093,8.7885,8.7885,1412.5
1786706100000,8.7883,8.8727,8.7861,8.8349,12673
1786707000000,8.8345,8.8345,8.8145,8.8325,3763
1786707900000,8.8321,8.8366,8.821,8.8242,1383.2
1786708800000,8.8284,8.8488,8.809,8.8142,3095.1
1786709700000,8.8127,8.855,8.8036,8.8547,2418.2
1786710600000,8.8549,8.8804,8.8441,8.8624,5827.1
1786711500000,8.8624,8.8708,8.8249,8.8308,2530
1786712400000,8.8327,8.8372,8.794,8.8118,5527.1
1786713300000,8.8099,8.8259,8.7935,8.8141,4567.8
1786714200000,8.8127,8.83,8.8054,8.8233,5688.1
1786715100000,8.822,8.8345,8.804,8.8345,7046.3
1786716000000,8.8344,8.8408,8.8215,8.8231,4174.8
1786716900000,8.8236,8.8364,8.79,8.8036,2035.8
1786717800000,8.8029,8.8285,8.7782,8.796,1977.6
1786718700000,8.7955,8.7973,8.7604,8.7674,11142.5
1786719600000,8.7633,8.7779,8.7581,8.7766,1301.9
1786720500000,8.778,8.8328,8.7779,8.8315,3663.8
1786721400000,8.8333,8.8757,8.8259,8.8724,32733.9
1786722300000,8.8719,8.8744,8.8508,8.8561,8766.3
1786723200000,8.8555,8.874,8.8254,8.8362,10913.2
1786724100000,8.8389,8.8605,8.8335,8.8571,5438.1
1786725000000,8.8588,8.8944,8.841,8.8489,15788.3
1786725900000,8.8488,8.8818,8.836,8.8713,4816.3
1786726800000,8.8728,8.8883,8.8679,8.8883,4283.3
1786727700000,8.8904,8.9425,8.8881,8.8897,134533.8
1786728600000,8.8918,8.943,8.8918,8.9333,53880.5
1786729500000,8.9358,8.9558,8.9011,8.9111,73548.6
1786730400000,8.9127,8.9183,8.8847,8.8856,21475.8
1786731300000,8.888,8.908,8.8826,8.8973,3213.1
1786732200000,8.895,8.9686,8.8854,8.9617,17657.2
1786733100000,8.9622,8.9772,8.9185,8.9425,19859.7
1786734000000,8.9409,8.9693,8.9295,8.9306,13373.8
1786734900000,8.9298,8.966,8.9281,8.9493,5605.9
1786735800000,8.9485,8.9937,8.9434,8.9937,17111.3
1786736700000,8.9935,8.999,8.967,8.9844,24176
1786737600000,8.9845,8.9879,8.9686,8.9731,9283.5
1786738500000,8.9756,8.977,8.9451,8.9451,20575.9
1786739400000,8.941,8.9663,8.941,8.9559,2478.7
1786740300000,8.9582,8.9802,8.9423,8.9778,1072.1
1786741200000,8.9788,8.9794,8.9523,8.9564,1632.6
1786742100000,8.9594,8.9626,8.9316,8.956,6696.4
1786743000000,8.955,8.955,8.93,8.9348,4554.2
1786743900000,8.9353,8.9467,8.924,8.9467,1202
1786744800000,8.9444,8.9642,8.9377,8.9452,8123.9
1786745700000,8.9425,8.9459,8.923,8.923,5627.8
1786746600000,8.925,8.9539,8.925,8.941,863.2
1786747500000,8.941,8.9429,8.9234,8.94,545.7
1786748400000,8.9379,8.99,8.9379,8.99,1987
1786749300000,8.99,8.999,8.9819,8.9959,50987.7
1786750200000,8.996,8.999,8.9804,8.9816,6593.9
1786751100000,8.9826,8.9845,8.9598,8.9634,21551.5
1786752000000,8.9667,8.999,8.9626,8.9982,14837.1
1786752900000,8.9987,9.0459,8.9987,9.0353,54452.2
1786753800000,9.0377,9.0642,9.015,9.0612,13745.5
1786754700000,9.0612,9.0901,9.0565,9.0841,23444.3
1786755600000,9.0835,9.1518,9.0726,9.1503,40147.6
1786756500000,9.1504,9.2446,9.1275,9.1796,49104.2
1786757400000,9.1797,9.2172,9.1549,9.2142,7749.8
1786758300000,9.2042,9.3289,9.2002,9.3164,58539.2
1786759200000,9.3152,9.4949,9.3152,9.4728,104359
1786760100000,9.4777,9.6295,9.4777,9.5558,91443.7
1786761000000,9.5556,9.7194,9.5537,9.644,80567.4
1786761900000,9.6447,9.7267,9.6447,9.7231,28705.6
1786762800000,9.7242,9.7456,9.6649,9.6698,58090.1
1786763700000,9.6743,9.7205,9.5753,9.5794,52178.2
1786764600000,9.5906,9.6387,9.5665,9.6188,230380.7
1786765500000,9.6192,9.631,9.5603,9.5815,16412.1
1786766400000,9.5808,9.6063,9.4853,9.4903,57139
1786767300000,9.4907,9.5353,9.4696,9.5,16208.8
1786768200000,9.4989,9.4989,9.4582,9.4612,13247.3
1786769100000,9.4635,9.4778,9.4431,9.4551,13328.3
1786770000000,9.4551,9.535,9.454,9.4904,33259.9
1786770900000,9.493,9.501,9.4555,9.4725,8703
1786771800000,9.4738,9.5109,9.4554,9.4925,8400.2
1786772700000,9.4939,9.5025,9.4515,9.4817,12143.8
1786773600000,9.483,9.483,9.4216,9.436,46352.1
1786774500000,9.4415,9.4714,9.438,9.4462,17141.7
1786775400000,9.4476,9.4517,9.3861,9.4,16318.2
1786776300000,9.4007,9.4323,9.397,9.4172,5938.3
1786777200000,9.4174,9.4174,9.3612,9.3984,10981
1786778100000,9.3995,9.4025,9.367,9.3839,8010
1786779000000,9.3818,9.3995,9.3592,9.3618,25079.5
1786779900000,9.3614,9.3643,9.3166,9.3387,23519.2
1786780800000,9.3358,9.3419,9.3085,9.3256,14599
1786781700000,9.327,9.3476,9.3161,9.3276,5772.5
1786782600000,9.3276,9.3387,9.2651,9.2891,16668.6
1786783500000,9.2903,9.3013,9.2701,9.2844,11218.2
1786784400000,9.2844,9.2949,9.2639,9.2679,8738.5
1786785300000,9.2703,9.2703,9.2441,9.2508,17035.7
1786786200000,9.2509,9.2626,9.2243,9.2299,20030.3
1786787100000,9.23,9.3131,9.2251,9.3131,17160.6
1786788000000,9.3166,9.3632,9.3079,9.3392,21791.9
1786788900000,9.3451,9.3586,9.3272,9.3496,5946.1
1786789800000,9.3507,9.3567,9.3282,9.3451,4674.2
1786790700000,9.346,9.351,9.3218,9.3499,4794.9
1786791600000,9.3401,9.3817,9.326,9.3501,10225.5
1786792500000,9.3527,9.3628,9.3197,9.3209,8585.7
1786793400000,9.321,9.3274,9.2749,9.2789,8365.5
1786794300000,9.2794,9.3107,9.2787,9.3081,5572.9
1786795200000,9.3102,9.3574,9.303,9.3408,7235.2
1786796100000,9.3379,9.4346,9.3314,9.404,19778.9
1786797000000,9.4017,9.4494,9.3873,9.4367,36306.1
1786797900000,9.4359,9.4709,9.4316,9.4572,20060.7
1786798800000,9.4622,9.4892,9.4387,9.476,13243.1
1786799700000,9.4776,9.4864,9.4398,9.458,19659.4
1786800600000,9.4602,9.4729,9.4289,9.4729,7523.4
1786801500000,9.4745,9.4862,9.4591,9.4717,15683.6
1786802400000,9.471,9.507,9.4492,9.4972,33567.5
1786803300000,9.4967,9.5283,9.4717,9.4941,33870.8
1786804200000,9.4952,9.5079,9.4671,9.4813,10168.6
1786805100000,9.4809,9.4978,9.461,9.4852,7497.6
1786806000000,9.4861,9.4923,9.4374,9.4378,11932.3
1786806900000,9.4379,9.4543,9.4164,9.4543,13442.6
1786807800000,9.4575,9.5118,9.4221,9.5099,33847.8
1786808700000,9.5099,9.5133,9.479,9.5092,12100.8
1786809600000,9.5132,9.5495,9.4949,9.5083,40852.4
1786810500000,9.5084,9.569,9.4882,9.5517,31030.9
1786811400000,9.5518,9.5969,9.5353,9.5817,68861.9
1786812300000,9.581,9.6128,9.5603,9.6102,15436.9
1786813200000,9.6114,9.6205,9.5831,9.6099,31145.2
1786814100000,9.6099,9.6285,9.5741,9.5741,20900.5
1786815000000,9.574,9.6199,9.574,9.5873,31634.6
1786815900000,9.5889,9.6046,9.5433,9.5552,21581.6
1786816800000,9.5552,9.5765,9.5515,9.5595,7102.5
1786817700000,9.5596,9.5683,9.5408,9.5524,14580.7
1786818600000,9.5581,9.5918,9.5082,9.5673,29342.3
1786819500000,9.568,9.5797,9.5469,9.5469,6886.9
1786820400000,9.5481,9.58,9.5329,9.5767,9420.8
1786821300000,9.5768,9.5895,9.5593,9.5746,13897.4
1786822200000,9.5757,9.5918,9.5639,9.5846,8565
1786823100000,9.586,9.5892,9.5705,9.5828,4989.6
1786824000000,9.5846,9.589,9.556,9.558,4424.9
1786824900000,9.558,9.5699,9.5509,9.5698,12167.4
1786825800000,9.5698,9.5909,9.5572,9.5909,18334.2
1786826700000,9.5909,9.5918,9.5616,9.5649,19383.7
1786827600000,9.5649,9.5734,9.5422,9.561,25283.9
1786828500000,9.5606,9.565,9.5458,9.5644,20246.9
1786829400000,9.5643,9.58,9.5569,9.5726,17707
1786830300000,9.5726,9.5843,9.5694,9.5752,15304.8
1786831200000,9.5752,9.5808,9.5607,9.5683,12585
1786832100000,9.568,9.5817,9.5495,9.5811,10509.4
1786833000000,9.5776,9.5865,9.5236,9.5236,3000.8
1786833900000,9.5248,9.5411,9.5192,9.5323,11000.7
1786834800000,9.5313,9.5399,9.5029,9.5157,5571.3
1786835700000,9.5157,9.5287,9.4748,9.4905,25202.5
1786836600000,9.4909,9.491,9.4649,9.4697,10718.9
1786837500000,9.4704,9.482,9.463,9.4694,6017
1786838400000,9.469,9.4819,9.4481,9.4511,9262
1786839300000,9.4506,9.4512,9.4216,9.4505,25739.5
1786840200000,9.4505,9.4521,9.422,9.4397,7918.2
1786841100000,9.4402,9.4517,9.4238,9.439,4412.1
1786842000000,9.4387,9.4687,9.4308,9.4584,18039.6
1786842900000,9.4627,9.4758,9.453,9.4637,22458.4
1786843800000,9.4645,9.4787,9.4558,9.4782,4748
1786844700000,9.4778,9.5029,9.4707,9.4983,11103.2
1786845600000,9.5006,9.5006,9.446,9.4529,7485
1786846500000,9.453,9.5025,9.453,9.4884,5769.2
1786847400000,9.4876,9.5119,9.4857,9.5077,6129.9
1786848300000,9.5078,9.5102,9.4788,9.4804,12115.9
1786849200000,9.4821,9.4923,9.4736,9.4779,4112.6
1786850100000,9.4779,9.4831,9.4256,9.431,19110.4
1786851000000,9.431,9.4426,9.4203,9.4339,16197.8
1786851900000,9.4359,9.4371,9.396,9.3971,7424.4
1786852800000,9.3989,9.4075,9.3931,9.3992,5863.2
1786853700000,9.3992,9.3992,9.3676,9.3691,17327.1
1786854600000,9.3673,9.371,9.3525,9.3625,12046.2
1786855500000,9.3628,9.3889,9.3623,9.3889,4714.9
1786856400000,9.3891,9.4036,9.3873,9.3964,8002.7
1786857300000,9.3964,9.3968,9.3736,9.3755,2823.2
1786858200000,9.3729,9.3928,9.3603,9.3838,3628.3
1786859100000,9.3853,9.3853,9.3587,9.3709,2459.1
1786860000000,9.3699,9.3868,9.3688,9.3796,17694.5
1786860900000,9.3807,9.3821,9.3578,9.3669,3342.3
1786861800000,9.367,9.3671,9.3311,9.3517,11799.1
1786862700000,9.35,9.3524,9.3372,9.3372,9787.7
1786863600000,9.3373,9.3605,9.3238,9.346,6009.9
1786864500000,9.3461,9.3584,9.3461,9.3584,1471
1786865400000,9.3584,9.3701,9.3543,9.3657,1092.7
1786866300000,9.3656,9.3784,9.3604,9.3784,9822.9
1786867200000,9.3784,9.3886,9.3723,9.3872,4701.2
1786868100000,9.3872,9.4139,9.3872,9.404,3197.2
1786869000000,9.404,9.4248,9.404,9.4141,5011.8
1786869900000,9.4133,9.4387,9.4062,9.4374,9030.8
1786870800000,9.4386,9.4417,9.4281,9.438,3282.8
1786871700000,9.439,9.439,9.4075,9.4167,7575.9
1786872600000,9.4186,9.4585,9.4168,9.429,2823.2
1786873500000,9.4277,9.4321,9.4029,9.4077,6403.9
1786874400000,9.4077,9.4138,9.3962,9.3998,1107.2
1786875300000,9.4004,9.4221,9.3839,9.41,1582
1786876200000,9.4096,9.4106,9.3905,9.3961,2363.4
1786877100000,9.398,9.4029,9.3945,9.399,2868.5
1786878000000,9.399,9.4349,9.399,9.43,2137.2
1786878900000,9.4275,9.4516,9.4215,9.4446,2889.3
1786879800000,9.4416,9.4491,9.4272,9.4378,1353.1
1786880700000,9.4366,9.4381,9.4105,9.4105,9222.5
1786881600000,9.4125,9.4157,9.3503,9.3533,37729.6
1786882500000,9.3558,9.3628,9.3438,9.3507,30081.9
1786883400000,9.3506,9.3513,9.3052,9.3219,46803.4
1786884300000,9.3207,9.3342,9.3118,9.3296,36496
1786885200000,9.3297,9.3481,9.3295,9.3433,39818.6
1786886100000,9.3437,9.3506,9.3331,9.3506,34651.7
1786887000000,9.3491,9.3506,9.3303,9.3303,15177.2
1786887900000,9.3304,9.3304,9.3088,9.3187,21473.8
1786888800000,9.3188,9.3221,9.2916,9.2997,9987
1786889700000,9.3015,9.3506,9.2978,9.328,45890.1
1786890600000,9.3274,9.3484,9.3258,9.346,3211.5
1786891500000,9.3444,9.3513,9.341,9.3451,20473.9
1786892400000,9.3451,9.3513,9.3445,9.3471,11350.8
1786893300000,9.3494,9.3658,9.3394,9.3658,16856.3
1786894200000,9.3659,9.3793,9.3612,9.3612,5437.1
1786895100000,9.3603,9.3949,9.3603,9.3879,4983.9
1786896000000,9.3879,9.4118,9.3746,9.4072,5627
1786896900000,9.4071,9.4118,9.3658,9.3675,3494.8
1786897800000,9.3667,9.3929,9.3653,9.3927,20850.1
1786898700000,9.3935,9.3935,9.3692,9.3855,4078.2
1786899600000,9.3865,9.437,9.3735,9.4044,16751.2
1786900500000,9.4064,9.47,9.3998,9.4179,47168.1
1786901400000,9.418,9.4232,9.3903,9.4081,26806.5
1786902300000,9.4069,9.4381,9.4048,9.4299,42719.4
1786903200000,9.4323,9.4323,9.3927,9.4181,19026.2
1786904100000,9.4171,9.4205,9.3897,9.3928,4758.2
1786905000000,9.3944,9.3976,9.3848,9.3935,4420.3
1786905900000,9.3925,9.4049,9.3855,9.3952,6950.4
1786906800000,9.3964,9.4293,9.3964,9.414,8893
1786907700000,9.4112,9.4363,9.4101,9.4343,1451.7
1786908600000,9.4343,9.4574,9.4279,9.442,24763.4
1786909500000,9.4409,9.4657,9.4326,9.4614,3105.6
1786910400000,9.4615,9.4882,9.4501,9.4714,6197.5
1786911300000,9.4704,9.4797,9.4609,9.4609,1594.1
1786912200000,9.4614,9.4719,9.4535,9.4704,20244.8
1786913100000,9.4714,9.4776,9.438,9.4392,4718.1
1786914000000,9.4394,9.4447,9.4125,9.4255,1191.8
1786914900000,9.4255,9.4298,9.402,9.4145,5366
1786915800000,9.4119,9.4322,9.346,9.3708,13462.8
1786916700000,9.3707,9.3994,9.3483,9.386,4000
1786917600000,9.3859,9.3885,9.36,9.3782,9634.7
1786918500000,9.3796,9.3829,9.359,9.3735,5595.8
1786919400000,9.3726,9.3749,9.3441,9.3574,9092
1786920300000,9.3592,9.3704,9.3492,9.3691,3747.9
1786921200000,9.3729,9.4355,9.3659,9.399,11441.2
1786922100000,9.3989,9.4133,9.377,9.3795,14804.6
1786923000000,9.3795,9.4008,9.3765,9.387,16188.4
1786923900000,9.3869,9.387,9.3836,9.3836,22492.3
1786924800000,9.3833,9.387,9.3586,9.3727,12247.1
1786925700000,9.3737,9.387,9.3564,9.387,13213.1
1786926600000,9.387,9.4149,9.369,9.4124,32762
1786927500000,9.4106,9.4143,9.3861,9.4067,6699.9
1786928400000,9.4049,9.4757,9.401,9.4386,7645.5
1786929300000,9.4377,9.5383,9.4295,9.5142,30066.2
1786930200000,9.5224,9.5591,9.5067,9.5166,39465.8
1786931100000,9.5193,9.5232,9.4856,9.4861,2057.3
1786932000000,9.4862,9.5109,9.451,9.4582,2794.5
1786932900000,9.4582,9.4855,9.4491,9.4709,6738.9
1786933800000,9.4719,9.5102,9.4623,9.4955,3758.8
1786934700000,9.4946,9.5237,9.4904,9.5231,1924.2
1786935600000,9.53,9.5636,9.5188,9.5209,24159
1786936500000,9.5217,9.5228,9.4916,9.4916,3435
1786937400000,9.4897,9.5058,9.4868,9.4991,4701.1
1786938300000,9.4992,9.5038,9.4851,9.4852,163.5
1786939200000,9.4862,9.5036,9.4862,9.4997,2155.1
1786940100000,9.4996,9.4996,9.4654,9.469,2665.8
1786941000000,9.4709,9.4798,9.4654,9.4654,10828.2
1786941900000,9.4656,9.4738,9.4518,9.4618,23313.5
1786942800000,9.4633,9.4634,9.4367,9.439,5484.8
1786943700000,9.44,9.4591,9.4363,9.4363,4353.9
1786944600000,9.4363,9.4419,9.4295,9.4327,2688.6
1786945500000,9.4335,9.4335,9.4059,9.4063,12428.1
1786946400000,9.4048,9.4554,9.4039,9.4554,22234.3
1786947300000,9.4545,9.4714,9.4286,9.4302,21552.4
1786948200000,9.4303,9.4499,9.4244,9.4491,3216.6
1786949100000,9.449,9.4741,9.4463,9.4572,13637.7
1786950000000,9.4604,9.4888,9.4604,9.4739,4734.3
1786950900000,9.4727,9.4817,9.4548,9.4678,13990.7
1786951800000,9.4688,9.4688,9.4068,9.4128,14962.6
1786952700000,9.4169,9.4205,9.4046,9.4047,9993.2
1786953600000,9.4046,9.4065,9.3731,9.3846,13756.1
1786954500000,9.3871,9.3916,9.3584,9.3916,32300.9
1786955400000,9.3908,9.4167,9.3908,9.401,8483.8
1786956300000,9.4017,9.4025,9.3849,9.3889,11210.6
1786957200000,9.3889,9.4175,9.3882,9.4067,1664.9
1786958100000,9.4054,9.4105,9.3919,9.4066,2943.4
1786959000000,9.4056,9.4076,9.396,9.4045,4338.7
1786959900000,9.4045,9.4227,9.4037,9.419,5462.9
1786960800000,9.4191,9.4312,9.4164,9.4274,2598
1786961700000,9.4271,9.4458,9.4163,9.4458,29217.4
1786962600000,9.448,9.5182,9.4362,9.5109,39429.6
1786963500000,9.5098,9.5259,9.4857,9.4995,11099.5
1786964400000,9.5007,9.5086,9.4861,9.5053,26393.7
1786965300000,9.5041,9.51,9.4883,9.4975,1887.6
1786966200000,9.4974,9.4974,9.4673,9.4862,42390.7
1786967100000,9.4863,9.5523,9.4859,9.5126,10787
1786968000000,9.5106,9.5616,9.5039,9.5435,14258.5
1786968900000,9.5435,9.5709,9.5228,9.5241,11071
1786969800000,9.5268,9.5411,9.521,9.5299,5063.8
1786970700000,9.5308,9.5639,9.5262,9.544,8704.5
1786971600000,9.5446,9.5448,9.5189,9.5308,10109.2
1786972500000,9.5299,9.5299,9.5,9.5111,7648.1
1786973400000,9.5078,9.5567,9.4996,9.5156,19939.6
1786974300000,9.5153,9.5208,9.4776,9.4801,5095.9
1786975200000,9.4844,9.501,9.4691,9.4824,9850
1786976100000,9.4835,9.4944,9.4349,9.4414,15413.2
1786977000000,9.4408,9.4984,9.4384,9.4954,12199.8
1786977900000,9.4955,9.5544,9.4943,9.5331,4102.6
1786978800000,9.5235,9.5567,9.504,9.5102,24657.8
1786979700000,9.5132,9.5244,9.4963,9.519,10110.5
1786980600000,9.5171,9.5246,9.5003,9.5117,13251
1786981500000,9.5118,9.5427,9.5049,9.5154,5474
1786982400000,9.5166,9.5207,9.4749,9.4883,4173
1786983300000,9.4884,9.5488,9.4884,9.5304,5433
1786984200000,9.5305,9.566,9.5305,9.5377,8892.7
1786985100000,9.5378,9.5657,9.5354,9.5557,1813.9
1786986000000,9.5569,9.5577,9.4871,9.4905,3153
1786986900000,9.4892,9.5264,9.4793,9.4992,10151.2
1786987800000,9.5019,9.5171,9.4984,9.5043,1457.2
1786988700000,9.5044,9.5324,9.4937,9.4948,3293.7
1786989600000,9.4955,9.5238,9.4955,9.5233,3849.3
1786990500000,9.5233,9.5548,9.5215,9.5392,10197.7
1786991400000,9.5414,9.5442,9.5136,9.5204,2546.1
1786992300000,9.5184,9.5207,9.4705,9.4732,9899.4
1786993200000,9.4711,9.4824,9.4616,9.4636,2654.8
1786994100000,9.4644,9.4797,9.4634,9.4728,1806.7
1786995000000,9.4728,9.4818,9.4616,9.4691,1260.7
1786995900000,9.4702,9.4917,9.4702,9.4863,14952.3
1786996800000,9.4895,9.5004,9.4824,9.4862,5401.1
1786997700000,9.4842,9.4842,9.4654,9.4808,2059.1
1786998600000,9.4808,9.5185,9.4729,9.5176,808.1
1786999500000,9.5191,9.5235,9.5012,9.5029,1348
1787000400000,9.5042,9.5269,9.5013,9.5178,1820.2
1787001300000,9.5176,9.526,9.5,9.5015,6597.8
1787002200000,9.5008,9.5094,9.4995,9.5069,164.4
1787003100000,9.5069,9.5071,9.4788,9.484,467.7
1787004000000,9.484,9.4955,9.4733,9.4848,5589.2
1787004900000,9.4857,9.4925,9.4718,9.481,1385.4
1787005800000,9.4809,9.4816,9.4746,9.4801,3262
1787006700000,9.4802,9.492,9.4801,9.4866,843.2
1787007600000,9.487,9.5046,9.4833,9.492,2550
1787008500000,9.4941,9.5239,9.4909,9.5207,11141.7
1787009400000,9.5207,9.5436,9.5154,9.5278,3340
1787010300000,9.5285,9.5505,9.5285,9.5377,4580.2
1787011200000,9.5377,9.5436,9.5073,9.5105,9208.7
1787012100000,9.5096,9.5393,9.5026,9.5203,5760
1787013000000,9.5155,9.5155,9.4768,9.4812,13744
1787013900000,9.4831,9.5048,9.4709,9.5048,2060.9
1787014800000,9.5067,9.509,9.4852,9.4988,4976.6
1787015700000,9.4981,9.5022,9.4876,9.491,1758.3
1787016600000,9.4918,9.493,9.466,9.4744,822.4
1787017500000,9.4717,9.4753,9.4229,9.4342,28583.8
1787018400000,9.4332,9.4606,9.425,9.444,1636.3
1787019300000,9.4445,9.4445,9.3926,9.3959,29832.2
1787020200000,9.3924,9.406,9.3717,9.3792,52163.6
1787021100000,9.3793,9.3842,9.3248,9.3582,47707.5
1787022000000,9.3576,9.3841,9.3563,9.3716,32194.5
1787022900000,9.372,9.3863,9.3617,9.3703,23018.5
1787023800000,9.3699,9.3903,9.3529,9.3822,25849.4
1787024700000,9.3825,9.4194,9.3762,9.4135,26096.9
1787025600000,9.4135,9.4154,9.3955,9.4089,9383
1787026500000,9.4092,9.4181,9.4005,9.4181,1743.8
1787027400000,9.4191,9.4436,9.419,9.4333,5465.8
1787028300000,9.4324,9.4362,9.4169,9.4169,394.2
1787029200000,9.4164,9.4468,9.4098,9.4406,1352.7
1787030100000,9.4407,9.4575,9.4392,9.4496,3121.3
1787031000000,9.4475,9.4706,9.4167,9.4662,1414.9
1787031900000,9.4649,9.4649,9.4243,9.4301,795
1787032800000,9.4288,9.4372,9.4032,9.4343,2252.5
1787033700000,9.4338,9.5006,9.4326,9.4983,11423.6
1787034600000,9.4984,9.5178,9.4974,9.5019,8096.7
1787035500000,9.5007,9.5022,9.4346,9.4406,2308.5
1787036400000,9.4371,9.4429,9.4089,9.4204,1822.2
1787037300000,9.4203,9.4242,9.3913,9.3913,4323.7
1787038200000,9.3876,9.3986,9.3864,9.3919,1539.1
1787039100000,9.394,9.4289,9.3885,9.428,1463.3
1787040000000,9.4258,9.4258,9.3776,9.402,1740.2
1787040900000,9.4021,9.4084,9.3866,9.3976,2605.8
1787041800000,9.3986,9.4395,9.3981,9.4327,993.7
1787042700000,9.4327,9.4489,9.429,9.4479,1408.1
1787043600000,9.4498,9.455,9.4438,9.4523,1531
1787044500000,9.4541,9.4603,9.4449,9.4596,802.4
1787045400000,9.4601,9.4665,9.4252,9.4385,5583.6
1787046300000,9.4402,9.461,9.4294,9.4605,4553.3
1787047200000,9.4606,9.4711,9.4517,9.4545,1396
1787048100000,9.4548,9.4751,9.4492,9.474,5961.3
1787049000000,9.475,9.4909,9.4685,9.4707,1447.3
1787049900000,9.474,9.4917,9.4521,9.4543,875.7
1787050800000,9.4543,9.4808,9.4508,9.4797,8827
1787051700000,9.4798,9.4838,9.4577,9.4577,1990.1
1787052600000,9.4572,9.4642,9.4386,9.4459,1348.7
1787053500000,9.4462,9.457,9.4376,9.4376,1285.3
1787054400000,9.4376,9.4429,9.4178,9.419,4527.8
1787055300000,9.4188,9.4331,9.4037,9.4237,6786.3
1787056200000,9.426,9.4328,9.4187,9.4276,1548.6
1787057100000,9.4276,9.4421,9.4231,9.4281,1176.1
1787058000000,9.425,9.4251,9.4043,9.4188,6886.4
1787058900000,9.4188,9.4321,9.4135,9.4226,6900.9
1787059800000,9.4216,9.44,9.4109,9.4217,5356.3
1787060700000,9.4216,9.4235,9.3985,9.4194,3239.4
1787061600000,9.4194,9.4388,9.41,9.4142,8474.6
1787062500000,9.4147,9.5054,9.4138,9.5043,13672.8
1787063400000,9.5041,9.5174,9.4599,9.4639,6787
1787064300000,9.4607,9.484,9.447,9.4533,4392.7
1787065200000,9.4598,9.5101,9.4586,9.5086,3051.8
1787066100000,9.5094,9.5316,9.4822,9.5054,9324.3
1787067000000,9.5057,9.5523,9.5027,9.5027,35675.3
1787067900000,9.5035,9.5258,9.4625,9.4725,5409.4
1787068800000,9.4732,9.5012,9.4719,9.4861,6858.8
1787069700000,9.4861,9.5056,9.4773,9.4935,12085.3
1787070600000,9.4935,9.5343,9.4724,9.5316,4935.7
1787071500000,9.5316,9.5374,9.5148,9.519,1261.3
1787072400000,9.5166,9.5178,9.4569,9.4681,5071.4
1787073300000,9.4696,9.4826,9.4537,9.4811,1804.4
1787074200000,9.4821,9.484,9.4509,9.452,8918
1787075100000,9.452,9.4672,9.4461,9.4508,462.9
1787076000000,9.4517,9.4794,9.4516,9.4744,930.1
1787076900000,9.4742,9.505,9.472,9.5015,3767.6
1787077800000,9.5016,9.5075,9.4871,9.4939,948.3
1787078700000,9.4931,9.5235,9.4901,9.5115,4448.2
1787079600000,9.5109,9.5162,9.5003,9.5046,1797.3
1787080500000,9.502,9.5207,9.4969,9.5108,5501.2
1787081400000,9.5143,9.5199,9.4952,9.5007,3226
1787082300000,9.4985,9.5023,9.4898,9.4947,1203.3
1787083200000,9.4947,9.5034,9.4859,9.4871,7166.9
1787084100000,9.4875,9.4899,9.4761,9.4892,12758.8
1787085000000,9.4894,9.49,9.4753,9.4795,5474.8
1787085900000,9.4782,9.4815,9.4616,9.4693,1642.5
1787086800000,9.4675,9.5485,9.4675,9.5163,8180
1787087700000,9.5174,9.5219,9.5031,9.5085,2172.8
1787088600000,9.5048,9.5205,9.4893,9.5109,1747.8
1787089500000,9.511,9.5217,9.4865,9.4986,3145.6
1787090400000,9.4953,9.5144,9.4887,9.4987,519
1787091300000,9.5032,9.5032,9.4772,9.4894,2376.9
1787092200000,9.491,9.5096,9.4845,9.4854,647.6
1787093100000,9.4854,9.4861,9.4727,9.4777,1216.9
1787094000000,9.4765,9.5111,9.4677,9.511,1190.3
1787094900000,9.511,9.5455,9.5058,9.5241,5049.4
1787095800000,9.5241,9.5444,9.5224,9.5383,1589.9
1787096700000,9.5377,9.5517,9.5269,9.5314,2726.5
1787097600000,9.5344,9.54,9.4879,9.5071,6269.4
1787098500000,9.5005,9.5114,9.4834,9.4884,3039.8
1787099400000,9.49,9.5132,9.49,9.5092,2121.2
1787100300000,9.5066,9.5169,9.488,9.4901,1726
1787101200000,9.4912,9.5282,9.4908,9.5232,2650.3
1787102100000,9.5206,9.5221,9.5005,9.5045,3001.5
1787103000000,9.5058,9.5137,9.4984,9.5058,1651.8
1787103900000,9.5056,9.5184,9.4978,9.5062,54712.3
1787104800000,9.5048,9.5048,9.4847,9.4995,2439.2
1787105700000,9.4971,9.5258,9.4835,9.5251,1635.9
1787106600000,9.5258,9.544,9.5177,9.5263,7283.5
1787107500000,9.5302,9.5391,9.5119,9.5358,1482.6
1787108400000,9.5347,9.58,9.5231,9.5751,97766.8
1787109300000,9.5751,9.682,9.5751,9.6561,74168.1
1787110200000,9.6569,9.6958,9.6095,9.6718,41495
1787111100000,9.6718,9.7199,9.6527,9.7,10458.2
1787112000000,9.7014,9.7066,9.6318,9.6377,16849.9
1787112900000,9.6406,9.6432,9.5945,9.6077,13676.1
1787113800000,9.6077,9.6315,9.6014,9.6166,35775.8
1787114700000,9.6166,9.6372,9.565,9.5809,44660.8
1787115600000,9.5861,9.6341,9.5792,9.6151,51574.1
1787116500000,9.6115,9.6382,9.5996,9.6238,31185.7
1787117400000,9.6228,9.6309,9.6108,9.6239,21583.1
1787118300000,9.6171,9.6304,9.6019,9.603,1622.4
1787119200000,9.6069,9.6121,9.5581,9.5722,63053.1
1787120100000,9.5693,9.6365,9.5609,9.6261,33945.4
1787121000000,9.6261,9.6368,9.5862,9.6115,21518.5
1787121900000,9.6164,9.6763,9.6145,9.6754,22246.5
1787122800000,9.6754,9.679,9.6276,9.6684,40374.9
1787123700000,9.6684,9.6749,9.6345,9.6362,33526.3
1787124600000,9.6364,9.6777,9.6333,9.6699,19134.1
1787125500000,9.6703,9.7146,9.6703,9.6913,24176.9
1787126400000,9.6908,9.7491,9.673,9.7049,40940
1787127300000,9.7049,9.7179,9.6552,9.7086,45880.2
1787128200000,9.7086,9.83,9.7002,9.7931,108355.7
1787129100000,9.7931,9.8117,9.7598,9.7811,13677
1787130000000,9.7812,9.8039,9.7555,9.76,10187.4
1787130900000,9.7598,9.8214,9.7589,9.7925,14396.4
1787131800000,9.7925,9.814,9.7577,9.7749,42720.1
1787132700000,9.775,9.7772,9.7231,9.7286,6786.8
1787133600000,9.7286,9.737,9.712,9.7218,9648.2
1787134500000,9.7219,9.7502,9.7081,9.7218,24829.4
1787135400000,9.7219,9.778,9.7134,9.7569,29445.6
1787136300000,9.757,9.7909,9.7454,9.7865,5697.6
1787137200000,9.7865,9.7946,9.7711,9.7831,6270.1
1787138100000,9.7832,9.7846,9.7472,9.7483,9371.3
1787139000000,9.7484,9.7636,9.7418,9.7451,9607.6
1787139900000,9.7452,9.7729,9.7413,9.761,13034.9
1787140800000,9.761,9.7708,9.7543,9.7556,9984.8
1787141700000,9.7556,9.7583,9.7281,9.7386,23228.3
1787142600000,9.7387,9.7935,9.7175,9.7931,24792.7
1787143500000,9.7931,9.8118,9.7435,9.7435,25286.2
1787144400000,9.7433,9.7433,9.6898,9.702,74606.1
1787145300000,9.7049,9.7635,9.7049,9.758,8991.4
1787146200000,9.7569,9.7619,9.6749,9.6955,9385.2
1787147100000,9.6941,9.7026,9.6499,9.6712,17528
1787148000000,9.6725,9.6929,9.6577,9.6872,34581.8
1787148900000,9.6877,9.6877,9.6595,9.6828,7852
1787149800000,9.6829,9.7078,9.6763,9.7055,4618.5
1787150700000,9.7058,9.8148,9.6908,9.7611,17523.6
1787151600000,9.764,9.8373,9.7445,9.806,69901.8
1787152500000,9.8068,10.084,9.7757,9.9642,234314.5
1787153400000,9.9652,9.9681,9.8553,9.9172,155754.6
1787154300000,9.9173,9.9236,9.8711,9.9137,72888.7
1787155200000,9.9138,10.004,9.9002,9.9722,62317.9
1787156100000,9.9732,10.022,9.9452,10.011,16764.9
1787157000000,10.011,10.015,9.9718,9.9738,16816.3
1787157900000,9.9736,9.983,9.918,9.926,17554.7
1787158800000,9.9269,9.9406,9.8821,9.8907,33602
1787159700000,9.8907,9.8939,9.8446,9.8781,84634.1
1787160600000,9.8784,9.9407,9.8488,9.9337,16714.5
1787161500000,9.9338,9.9779,9.917,9.9725,4018.4
1787162400000,9.9726,10.006,9.9507,9.9794,19425
1787163300000,9.9794,10.019,9.9732,10.014,14899.7
1787164200000,10.014,10.075,9.9898,10.052,55602.2
1787165100000,10.052,10.054,9.965,9.9806,23040.5
1787166000000,9.9829,10.056,9.979,10.029,39838.7
1787166900000,10.028,10.076,10.021,10.029,41028.8
1787167800000,10.029,10.135,10.022,10.132,37739.4
1787168700000,10.134,10.142,10.096,10.109,30792.2
1787169600000,10.111,10.17,10.096,10.162,53609.1
1787170500000,10.162,10.277,10.151,10.271,48958.7
1787171400000,10.266,10.419,10.242,10.409,90928.4
1787172300000,10.405,10.632,10.359,10.578,148127.5
1787173200000,10.59,10.857,10.567,10.82,191124.3
1787174100000,10.826,10.857,10.717,10.857,65691.3
1787175000000,10.854,10.893,10.757,10.784,71600.2
1787175900000,10.787,10.851,10.723,10.735,58335
1787176800000,10.737,10.771,10.639,10.702,25903.2
1787177700000,10.716,10.733,10.665,10.698,15254.3
1787178600000,10.693,10.697,10.584,10.64,56175.6
1787179500000,10.641,10.647,10.542,10.565,78044.4
1787180400000,10.571,10.591,10.522,10.522,14300.9
1787181300000,10.522,10.565,10.509,10.561,14595.6
1787182200000,10.562,10.568,10.53,10.556,5365.7
1787183100000,10.554,10.554,10.507,10.546,8401.4
1787184000000,10.549,10.591,10.529,10.552,31465.6
1787184900000,10.552,10.6,10.543,10.597,9171.6
1787185800000,10.602,10.624,10.563,10.579,15964.6
1787186700000,10.574,10.587,10.513,10.522,8492.7
1787187600000,10.528,10.59,10.471,10.495,5530.5
1787188500000,10.494,10.496,10.465,10.467,7978.9
1787189400000,10.464,10.518,10.46,10.51,5036.1
1787190300000,10.519,10.549,10.518,10.534,15564
1787191200000,10.533,10.546,10.503,10.52,4008.2
1787192100000,10.523,10.527,10.49,10.509,3372.1
1787193000000,10.502,10.529,10.501,10.516,11660.1
1787193900000,10.518,10.52,10.487,10.496,3497
1787194800000,10.501,10.501,10.36,10.379,16894.2
1787195700000,10.379,10.442,10.377,10.427,18335.7
1787196600000,10.429,10.451,10.425,10.44,28508.1
1787197500000,10.439,10.475,10.435,10.439,24782.7
1787198400000,10.438,10.477,10.432,10.456,15157.6
1787199300000,10.459,10.475,10.449,10.449,1102.3
1787200200000,10.448,10.448,10.405,10.438,5908
1787201100000,10.438,10.472,10.432,10.442,6465.8
1787202000000,10.442,10.457,10.427,10.429,24874
1787202900000,10.436,10.469,10.43,10.442,28531.9
1787203800000,10.443,10.451,10.426,10.427,29514.5
1787204700000,10.428,10.457,10.414,10.454,13444.3
1787205600000,10.456,10.481,10.452,10.478,4854.9
1787206500000,10.477,10.483,10.455,10.463,5388.5
1787207400000,10.467,10.554,10.464,10.553,41201.8
1787208300000,10.553,10.588,10.552,10.587,5826.6
1787209200000,10.588,10.588,10.541,10.55,12649.3
1787210100000,10.554,10.554,10.528,10.546,6819.4
1787211000000,10.545,10.547,10.511,10.525,4594.8
1787211900000,10.527,10.558,10.518,10.545,10012.4
1787212800000,10.546,10.668,10.541,10.667,23373.1
1787213700000,10.654,10.678,10.611,10.651,28826.4
1787214600000,10.649,10.688,10.632,10.687,12311.6
1787215500000,10.683,10.708,10.656,10.656,24883
1787216400000,10.659,10.684,10.649,10.679,11485.9
1787217300000,10.674,10.675,10.628,10.628,36707.8
1787218200000,10.627,10.654,10.617,10.649,12474.5
1787219100000,10.643,10.643,10.564,10.577,17869.8
1787220000000,10.579,10.627,10.571,10.627,7262.2
1787220900000,10.625,10.661,10.625,10.66,28831.3
1787221800000,10.659,10.7,10.649,10.695,43924.1
1787222700000,10.699,10.713,10.678,10.698,19320.4
1787223600000,10.692,10.714,10.668,10.678,57872.1
1787224500000,10.679,10.702,10.666,10.68,26279.2
1787225400000,10.68,10.764,10.675,10.736,15815.4
1787226300000,10.735,10.768,10.655,10.66,42029.7
1787227200000,10.661,10.684,10.583,10.601,20563.2
1787228100000,10.598,10.611,10.565,10.582,12597.5
1787229000000,10.581,10.594,10.54,10.562,22568.8
1787229900000,10.562,10.601,10.524,10.594,15042.5
1787230800000,10.594,10.66,10.594,10.622,34825.1
1787231700000,10.621,10.633,10.591,10.608,21414.4
1787232600000,10.605,10.616,10.523,10.612,44081.7
1787233500000,10.613,10.615,10.561,10.596,50596.9
1787234400000,10.598,10.679,10.59,10.643,40903.8
1787235300000,10.642,10.649,10.582,10.588,32225.5
1787236200000,10.59,10.62,10.56,10.56,31053.7
1787237100000,10.562,10.564,10.519,10.552,25421.1
1787238000000,10.553,10.667,10.547,10.636,45514.5
1787238900000,10.635,10.657,10.591,10.654,20647.5
1787239800000,10.654,10.722,10.643,10.663,29616.7
1787240700000,10.662,10.739,10.651,10.715,21917.2
1787241600000,10.717,10.726,10.664,10.669,29786.1
1787242500000,10.671,10.698,10.651,10.698,29196
1787243400000,10.693,10.81,10.672,10.801,53506.8
1787244300000,10.799,10.81,10.757,10.781,26556.2
1787245200000,10.778,10.82,10.758,10.808,41938.7
1787246100000,10.807,10.807,10.73,10.781,30307.6
1787247000000,10.782,10.814,10.768,10.805,16732.6
1787247900000,10.803,10.887,10.775,10.793,48173.2
1787248800000,10.794,10.815,10.644,10.68,59769.2
1787249700000,10.679,10.733,10.635,10.692,132353.2
1787250600000,10.692,10.704,10.629,10.688,131138.1
1787251500000,10.69,10.695,10.619,10.628,31157.9
1787252400000,10.628,10.655,10.618,10.636,20552.5
1787253300000,10.637,10.685,10.637,10.658,32391.9
1787254200000,10.657,10.675,10.647,10.665,14262.1
1787255100000,10.664,10.669,10.639,10.656,21707.6
1787256000000,10.657,10.689,10.636,10.642,16398.1
1787256900000,10.644,10.682,10.622,10.644,26546.5
1787257800000,10.644,10.663,10.62,10.627,25678.5
1787258700000,10.625,10.648,10.6,10.63,28935.5
1787259600000,10.63,10.64,10.598,10.625,21683.7
1787260500000,10.623,10.632,10.554,10.559,53378.4
1787261400000,10.56,10.609,10.56,10.583,49392.4
1787262300000,10.583,10.583,10.555,10.576,13631.1
1787263200000,10.578,10.58,10.51,10.537,18682.5
1787264100000,10.537,10.598,10.526,10.597,7724
1787265000000,10.599,10.633,10.593,10.605,6070.3
1787265900000,10.605,10.637,10.605,10.626,1162.5
1787266800000,10.627,10.638,10.615,10.631,3137.7
1787267700000,10.632,10.728,10.629,10.716,20714.9
1787268600000,10.716,10.726,10.679,10.681,9134.5
1787269500000,10.68,10.707,10.671,10.701,7872.8
1787270400000,10.701,10.736,10.696,10.735,17032.7
1787271300000,10.734,10.796,10.726,10.768,21795.5
1787272200000,10.768,10.8,10.755,10.783,22975.3
1787273100000,10.783,10.801,10.746,10.772,11622.6
1787274000000,10.771,10.799,10.754,10.785,7736.9
1787274900000,10.787,10.836,10.71,10.754,93187.7
1787275800000,10.755,10.813,10.755,10.787,10066.2
1787276700000,10.787,10.906,10.786,10.84,44780.4
1787277600000,10.84,10.858,10.778,10.858,19736.6
1787278500000,10.861,10.998,10.82,10.928,46874.3
1787279400000,10.929,10.999,10.861,10.957,46635
1787280300000,10.958,10.964,10.866,10.89,22190.4
1787281200000,10.89,10.971,10.886,10.954,11841.3
1787282100000,10.958,10.999,10.949,10.995,17710.9
1787283000000,10.991,11.042,10.943,10.943,63957.1
1787283900000,10.942,10.979,10.914,10.914,4805.8
1787284800000,10.916,10.983,10.911,10.913,15136.8
1787285700000,10.915,10.926,10.874,10.883,26053.1
1787286600000,10.885,10.936,10.873,10.924,4159.4
1787287500000,10.923,10.945,10.915,10.917,5819.4
1787288400000,10.916,10.939,10.882,10.939,24747.7
1787289300000,10.94,10.955,10.879,10.89,12809.8
1787290200000,10.89,10.928,10.872,10.916,30386.1
1787291100000,10.913,10.97,10.913,10.95,20449
1787292000000,10.949,11.009,10.935,11.001,24532.9
1787292900000,11.003,11.042,10.956,11.014,20808.8
1787293800000,11.013,11.082,10.981,11.016,32638.6
1787294700000,11.016,11.018,10.95,10.986,31984.2
1787295600000,10.987,11.125,10.984,11.122,109270.1
1787296500000,11.12,11.634,11.112,11.634,140191.2
1787297400000,11.631,11.846,11.58,11.615,163966.1
1787298300000,11.615,11.643,11.537,11.564,47165.2
1787299200000,11.565,11.622,11.5,11.519,57214.3
1787300100000,11.52,11.63,11.52,11.598,29000.2
1787301000000,11.593,11.686,11.528,11.628,46217.3
1787301900000,11.63,11.778,11.63,11.755,55697.2
1787302800000,11.752,11.762,11.339,11.434,221368.2
1787303700000,11.434,11.458,11.351,11.452,70177.3
1787304600000,11.45,11.55,11.422,11.54,88502.1
1787305500000,11.543,11.574,11.435,11.49,21102.3
1787306400000,11.488,11.496,11.409,11.435,31417.9
1787307300000,11.433,11.502,11.36,11.392,33430.2
1787308200000,11.391,11.431,11.351,11.431,20345.9
1787309100000,11.432,11.464,11.401,11.426,13081.2
1787310000000,11.421,11.421,11.314,11.39,16296.4
1787310900000,11.394,11.431,11.363,11.412,6764.4
1787311800000,11.418,11.431,11.241,11.271,31560.2
1787312700000,11.272,11.323,11.245,11.282,9104.8
1787313600000,11.283,11.333,11.247,11.324,5197.5
1787314500000,11.323,11.334,11.294,11.32,5003.4
1787315400000,11.318,11.411,11.291,11.406,4838.5
1787316300000,11.406,11.419,11.359,11.38,33301.4
1787317200000,11.378,11.399,11.334,11.361,10400.7
1787318100000,11.36,11.372,11.308,11.364,5300.4
1787319000000,11.363,11.454,11.284,11.453,14068.3
1787319900000,11.452,11.493,11.428,11.428,19252.6
1787320800000,11.427,11.428,11.345,11.389,15766.8
1787321700000,11.388,11.451,11.324,11.451,87824.4
1787322600000,11.452,11.482,11.411,11.464,68214
1787323500000,11.463,11.545,11.459,11.536,89135
1787324400000,11.534,11.622,11.503,11.606,88822.7
1787325300000,11.607,11.657,11.519,11.538,100868.1
1787326200000,11.538,11.563,11.499,11.53,114265.4
1787327100000,11.532,11.563,11.494,11.538,99699
1787328000000,11.538,11.586,11.425,11.434,115125.7
1787328900000,11.431,11.561,11.419,11.554,79436.2
1787329800000,11.555,11.616,11.548,11.589,68644.8
1787330700000,11.587,11.643,11.547,11.569,32214.1
1787331600000,11.563,11.6,11.542,11.564,41402.3
1787332500000,11.563,11.563,11.487,11.557,49483.5
1787333400000,11.556,11.642,11.541,11.642,12397
1787334300000,11.649,11.668,11.611,11.627,21070
1787335200000,11.627,11.657,11.566,11.616,7020.2
1787336100000,11.616,11.682,11.616,11.662,4360.6
1787337000000,11.661,11.671,11.571,11.585,15002
1787337900000,11.587,11.606,11.503,11.606,14043.3
1787338800000,11.603,11.665,11.53,11.653,9105.2
1787339700000,11.651,11.658,11.588,11.657,5869.1
1787340600000,11.657,11.697,11.62,11.637,5685.1
1787341500000,11.636,11.668,11.615,11.665,60071.5
1787342400000,11.674,11.734,11.639,11.699,40795.8
1787343300000,11.699,11.823,11.699,11.823,14039.3
1787344200000,11.824,11.842,11.719,11.786,7931.3
1787345100000,11.785,11.841,11.751,11.838,8945.3
1787346000000,11.84,11.96,11.828,11.927,37332.2
1787346900000,11.933,12.019,11.925,11.989,52069.5
1787347800000,11.993,12.117,11.991,12.072,53654.2
1787348700000,12.071,12.208,12.021,12.186,36299.8
1787349600000,12.185,12.426,12.123,12.426,123396.4
1787350500000,12.42,12.423,12.214,12.224,44305.2
1787351400000,12.224,12.292,12.154,12.264,34210.7
1787352300000,12.264,12.265,12.126,12.224,52626
1787353200000,12.225,12.247,12.158,12.162,15464.3
1787354100000,12.162,12.22,12.133,12.144,19408.8
1787355000000,12.143,12.152,12.035,12.101,20188.6
1787355900000,12.101,12.105,11.977,12.009,18661.6
1787356800000,12.009,12.037,11.874,11.977,27022.3
1787357700000,11.977,12.056,11.963,11.987,12517
1787358600000,11.986,12.055,11.977,12.055,57620.3
1787359500000,12.054,12.126,12.028,12.122,15137.3
1787360400000,12.122,12.155,12.097,12.121,17496.1
1787361300000,12.123,12.156,12.048,12.064,11506.1
1787362200000,12.064,12.113,12.051,12.051,8226.3
1787363100000,12.051,12.085,12.017,12.017,4842.1
1787364000000,12.034,12.1,12.02,12.079,12389.2
1787364900000,12.077,12.155,12.045,12.147,21294.9
1787365800000,12.148,12.19,12.087,12.186,13969
1787366700000,12.187,12.246,12.148,12.246,19745
1787367600000,12.247,12.271,12.2,12.23,36826
1787368500000,12.222,12.475,12.222,12.429,63018.8
1787369400000,12.419,12.494,12.37,12.401,122771.1
1787370300000,12.398,12.496,12.372,12.402,28343.5
1787371200000,12.405,12.468,12.334,12.429,28118.6
1787372100000,12.43,12.43,12.315,12.35,23665.2
1787373000000,12.348,12.658,12.348,12.647,137347.2
1787373900000,12.646,12.654,12.508,12.57,45999.1
1787374800000,12.569,12.628,10.925,11.742,596879.4
1787375700000,11.742,11.945,11.405,11.878,237124.3
1787376600000,11.879,11.931,11.688,11.741,82422
1787377500000,11.744,11.929,11.732,11.854,65749.8
1787378400000,11.859,11.876,11.72,11.784,62490.4
1787379300000,11.789,11.902,11.789,11.836,41740.8
1787380200000,11.836,11.947,11.723,11.902,67884.4
1787381100000,11.901,11.915,11.851,11.871,25979.4
1787382000000,11.868,11.939,11.789,11.824,15814.1
1787382900000,11.829,11.886,11.742,11.885,43472.2
1787383800000,11.885,11.885,11.747,11.775,13549.5
1787384700000,11.775,11.805,11.747,11.758,38787.9
1787385600000,11.763,11.844,11.731,11.836,11903.9
1787386500000,11.837,11.837,11.699,11.714,8798.1
1787387400000,11.713,11.724,11.542,11.621,45795.5
1787388300000,11.621,11.626,11.576,11.611,8690.9
1787389200000,11.62,11.703,11.52,11.702,11168.9
1787390100000,11.702,11.723,11.663,11.709,35823.8
1787391000000,11.71,11.714,11.617,11.687,8236.1
1787391900000,11.689,11.698,11.593,11.608,13428
1787392800000,11.61,11.626,11.446,11.455,11363.5
1787393700000,11.455,11.515,11.375,11.466,33837.9
1787394600000,11.465,11.574,11.444,11.566,4406.9
1787395500000,11.565,11.58,11.521,11.548,12370.4
1787396400000,11.549,11.594,11.513,11.564,2524.5
1787397300000,11.559,11.686,11.55,11.681,90804.7
1787398200000,11.682,11.741,11.661,11.734,25020.9
1787399100000,11.735,11.738,11.682,11.699,16641
1787400000000,11.7,11.818,11.683,11.788,5984.5
1787400900000,11.789,11.908,11.785,11.852,8328.1
1787401800000,11.852,11.906,11.81,11.906,64955.5
1787402700000,11.903,11.919,11.85,11.887,22476.4
1787403600000,11.887,11.919,11.85,11.85,12427.9
1787404500000,11.85,11.885,11.782,11.817,29661
1787405400000,11.818,11.834,11.767,11.811,38629.4
1787406300000,11.81,11.816,11.78,11.787,19629.2
1787407200000,11.791,11.804,11.706,11.773,9145.3
1787408100000,11.775,11.791,11.723,11.74,5396.5
1787409000000,11.74,11.781,11.716,11.74,2766.9
1787409900000,11.739,11.745,11.631,11.67,11667.2
1787410800000,11.67,11.696,11.545,11.564,20621.5
1787411700000,11.555,11.605,11.502,11.598,13639.9
1787412600000,11.6,11.64,11.572,11.601,11523.7
1787413500000,11.602,11.642,11.59,11.624,14293.3
1787414400000,11.624,11.643,11.537,11.591,12844.3
1787415300000,11.592,11.691,11.591,11.679,4774.5
1787416200000,11.68,11.764,11.648,11.742,86640.5
1787417100000,11.743,11.814,11.743,11.756,35938.3
1787418000000,11.756,11.773,11.698,11.721,26651.5
1787418900000,11.723,11.798,11.704,11.71,6033.9
1787419800000,11.713,11.767,11.712,11.736,8312.6
1787420700000,11.738,11.79,11.726,11.742,4051.3
1787421600000,11.731,11.764,11.717,11.728,1612.1
1787422500000,11.728,11.834,11.728,11.777,20761.5
1787423400000,11.774,11.774,11.716,11.716,24347.2
1787424300000,11.718,11.748,11.663,11.713,17220.1
1787425200000,11.713,11.776,11.705,11.773,27975.1
1787426100000,11.773,11.773,11.703,11.711,20294.6
1787427000000,11.716,11.756,11.713,11.754,2975.1
1787427900000,11.754,11.775,11.748,11.752,5673.4
1787428800000,11.759,11.822,11.745,11.795,29155.9
1787429700000,11.791,11.8,11.752,11.766,6102.4
1787430600000,11.769,11.781,11.726,11.752,44707.5
1787431500000,11.752,11.752,11.697,11.722,4377.1
1787432400000,11.718,11.718,11.574,11.579,6675.3
1787433300000,11.576,11.635,11.576,11.612,9828.7
1787434200000,11.611,11.618,11.52,11.578,22329.8
1787435100000,11.574,11.574,11.494,11.514,12710.6
1787436000000,11.512,11.601,11.469,11.579,13509.1
1787436900000,11.593,11.615,11.567,11.606,14283.4
1787437800000,11.608,11.617,11.557,11.601,12676.4
1787438700000,11.601,11.622,11.577,11.592,8503
1787439600000,11.594,11.614,11.571,11.595,2258.8
1787440500000,11.6,11.632,11.587,11.608,28612
1787441400000,11.615,11.672,11.59,11.655,4005.3
1787442300000,11.652,11.69,11.652,11.664,2972.3
1787443200000,11.664,11.7,11.643,11.662,6320.7
1787444100000,11.669,11.711,11.66,11.705,7736.5
1787445000000,11.704,11.755,11.696,11.702,6671.5
1787445900000,11.7,11.748,11.681,11.735,2546.8
1787446800000,11.734,11.734,11.654,11.707,4717
1787447700000,11.704,11.711,11.669,11.693,1770.4
1787448600000,11.696,11.732,11.626,11.662,19542.7
1787449500000,11.661,11.692,11.592,11.615,4786.5
1787450400000,11.616,11.623,11.512,11.514,5738.2
1787451300000,11.514,11.557,11.489,11.534,5960.4
1787452200000,11.537,11.595,11.525,11.557,9398.1
1787453100000,11.558,11.615,11.543,11.546,7122.8
1787454000000,11.549,11.559,11.496,11.521,5155
1787454900000,11.524,11.544,11.474,11.475,10414.8
1787455800000,11.476,11.48,11.43,11.442,9845
1787456700000,11.451,11.502,11.451,11.464,6014.3
1787457600000,11.465,11.513,11.417,11.51,16410.9
1787458500000,11.516,11.524,11.442,11.497,6040.3
1787459400000,11.5,11.5,11.414,11.421,4264
1787460300000,11.425,11.43,11.255,11.279,93113.4
1787461200000,11.279,11.305,11.183,11.196,47652.8
1787462100000,11.191,11.274,11.066,11.24,114833.8
1787463000000,11.24,11.264,11.174,11.192,118538.9
1787463900000,11.193,11.199,11.139,11.139,13289.2
1787464800000,11.139,11.199,11.106,11.191,5441.6
1787465700000,11.186,11.268,11.186,11.253,10983.7
1787466600000,11.257,11.317,11.257,11.288,39764.1
1787467500000,11.292,11.296,11.222,11.24,7580
1787468400000,11.24,11.299,11.222,11.287,4720.9
1787469300000,11.286,11.318,11.285,11.314,5303.6
1787470200000,11.31,11.318,11.279,11.294,6837.9
1787471100000,11.295,11.341,11.283,11.312,23844.6
1787472000000,11.314,11.36,11.285,11.354,15093.8
1787472900000,11.355,11.369,11.342,11.355,9740.2
1787473800000,11.35,11.417,11.35,11.377,7748.8
1787474700000,11.377,11.386,11.321,11.332,7615.2
1787475600000,11.331,11.395,11.321,11.389,1396.6
1787476500000,11.385,11.387,11.362,11.377,1507.4
1787477400000,11.375,11.377,11.336,11.374,5835
1787478300000,11.375,11.414,11.355,11.401,4906.9
1787479200000,11.4,11.434,11.399,11.41,4984.5
1787480100000,11.416,11.473,11.416,11.434,39730.8
1787481000000,11.434,11.468,11.421,11.445,13606.2
1787481900000,11.446,11.451,11.427,11.45,5315.8
1787482800000,11.446,11.465,11.294,11.321,32540.6
1787483700000,11.324,11.478,11.304,11.376,28378.5
1787484600000,11.377,11.445,11.35,11.43,39714.4
1787485500000,11.43,11.44,11.401,11.421,15580.6
1787486400000,11.421,11.423,11.349,11.383,20212.2
1787487300000,11.383,11.389,11.362,11.379,17703.7
1787488200000,11.379,11.459,11.377,11.457,21544.8
1787489100000,11.455,11.458,11.37,11.421,23867.9
1787490000000,11.417,11.474,11.413,11.451,25233.1
1787490900000,11.452,11.603,11.451,11.547,45145.3
1787491800000,11.551,11.628,11.542,11.595,23405.5
1787492700000,11.596,11.636,11.555,11.633,26028.4
1787493600000,11.626,11.667,11.584,11.632,50546.9
1787494500000,11.633,11.66,11.559,11.564,33202.9
1787495400000,11.566,11.611,11.286,11.428,39378.1
1787496300000,11.428,11.519,11.428,11.514,14419.1
1787497200000,11.521,11.567,11.452,11.484,15046.6
1787498100000,11.489,11.505,11.399,11.483,29220.7
1787499000000,11.486,11.53,11.462,11.522,16330.4
1787499900000,11.522,11.522,11.465,11.468,7882.6
1787500800000,11.476,11.526,11.47,11.502,17599.5
1787501700000,11.496,11.519,11.467,11.513,10417.8
1787502600000,11.512,11.56,11.508,11.525,9450.4
1787503500000,11.519,11.565,11.515,11.515,6171
1787504400000,11.518,11.539,11.451,11.523,4073.6
1787505300000,11.512,11.541,11.486,11.497,6585.9
1787506200000,11.507,11.534,11.462,11.509,7344.4
1787507100000,11.514,11.534,11.483,11.492,9646.9
1787508000000,11.492,11.577,11.486,11.565,7519.6
1787508900000,11.562,11.572,11.529,11.558,5178
1787509800000,11.559,11.6,11.544,11.569,11892
1787510700000,11.569,11.614,11.565,11.606,19229.2
1787511600000,11.606,11.61,11.515,11.533,12634.3
1787512500000,11.523,11.542,11.515,11.525,2113.7
1787513400000,11.524,11.528,11.478,11.522,7422.5
1787514300000,11.523,11.544,11.497,11.499,6971.6
1787515200000,11.495,11.502,11.444,11.471,27783.8
1787516100000,11.47,11.495,11.469,11.485,7522
1787517000000,11.49,11.531,11.484,11.518,27210.4
1787517900000,11.515,11.521,11.494,11.515,3210.5
1787518800000,11.516,11.674,11.516,11.636,16066.7
1787519700000,11.638,11.72,11.637,11.715,26841.8
1787520600000,11.716,11.747,11.599,11.615,33839
1787521500000,11.624,11.685,11.613,11.637,13538.3
1787522400000,11.638,11.679,11.57,11.606,16783.9
1787523300000,11.592,11.626,11.575,11.598,13404.8
1787524200000,11.596,11.614,11.564,11.582,6296.9
1787525100000,11.586,11.597,11.553,11.562,8879.8
1787526000000,11.558,11.583,11.486,11.509,24494.6
1787526900000,11.506,11.55,11.475,11.548,8467.5
1787527800000,11.546,11.582,11.49,11.506,22735.8
1787528700000,11.506,11.57,11.496,11.558,13688.6
1787529600000,11.558,11.563,11.475,11.499,14809.6
1787530500000,11.507,11.518,11.381,11.447,22257
1787531400000,11.45,11.526,11.43,11.433,3720.3
1787532300000,11.435,11.553,11.403,11.553,9315
1787533200000,11.552,11.564,11.506,11.519,9415
1787534100000,11.51,11.515,11.425,11.436,11012.5
1787535000000,11.436,11.46,11.375,11.38,13291
1787535900000,11.385,11.386,11.317,11.326,14137.7
1787536800000,11.326,11.454,11.305,11.449,5429
1787537700000,11.459,11.492,11.456,11.483,7627.2
1787538600000,11.482,11.514,11.457,11.468,1400.9
1787539500000,11.465,11.476,11.417,11.466,10104.7
1787540400000,11.465,11.48,11.396,11.416,3363.6
1787541300000,11.413,11.447,11.39,11.398,8271
1787542200000,11.397,11.411,11.355,11.363,10579.9
1787543100000,11.367,11.394,11.354,11.359,8263.4
1787544000000,11.364,11.425,11.364,11.421,19042.1
1787544900000,11.432,11.499,11.43,11.499,3030.3
1787545800000,11.497,11.508,11.463,11.508,1782.4
1787546700000,11.51,11.52,11.428,11.493,16076.6
1787547600000,11.49,11.607,11.465,11.595,14853.6
1787548500000,11.596,11.603,11.544,11.555,11717.7
1787549400000,11.545,11.577,11.497,11.536,2852.8
1787550300000,11.538,11.552,11.505,11.515,7414.1
1787551200000,11.513,11.579,11.478,11.579,21242.3
1787552100000,11.563,11.572,11.535,11.549,1919.9
1787553000000,11.548,11.558,11.481,11.493,969.8
1787553900000,11.493,11.581,11.483,11.568,8732.9
1787554800000,11.568,11.686,11.546,11.655,25550.2
1787555700000,11.655,11.655,11.552,11.564,7376.6
1787556600000,11.563,11.563,11.507,11.513,25386
1787557500000,11.512,11.553,11.512,11.52,7779.2
1787558400000,11.521,11.526,11.449,11.455,11195.2
1787559300000,11.456,11.456,11.367,11.374,11903.3
1787560200000,11.372,11.492,11.368,11.492,12193.6
1787561100000,11.491,11.519,11.466,11.499,3057.4
1787562000000,11.489,11.574,11.487,11.573,5081.3
1787562900000,11.571,11.592,11.552,11.585,5310.2
1787563800000,11.583,11.618,11.578,11.603,6230.4
1787564700000,11.608,11.62,11.563,11.58,10901.4
1787565600000,11.569,11.65,11.565,11.635,9613.5
1787566500000,11.634,11.645,11.594,11.596,4901.3
1787567400000,11.593,11.633,11.55,11.55,11297.2
1787568300000,11.551,11.588,11.533,11.564,11545.1
1787569200000,11.565,11.603,11.5,11.599,9574.9
1787570100000,11.595,11.614,11.571,11.604,4496.9
1787571000000,11.609,11.755,11.606,11.755,11844.7
1787571900000,11.756,11.756,11.677,11.727,9860.4
1787572800000,11.727,11.729,11.645,11.649,8885.3
1787573700000,11.645,11.695,11.582,11.684,18657.1
1787574600000,11.683,11.747,11.662,11.724,38017.8
1787575500000,11.725,11.793,11.725,11.746,18563.8
1787576400000,11.747,11.785,11.716,11.768,17875.6
1787577300000,11.767,11.769,11.662,11.686,172389.5
1787578200000,11.692,11.692,11.532,11.558,43265.9
1787579100000,11.538,11.617,11.504,11.605,62453
1787580000000,11.605,11.68,11.605,11.68,50888.8
1787580900000,11.68,11.757,11.636,11.716,32516
1787581800000,11.717,11.789,11.709,11.769,65655.1
1787582700000,11.771,11.774,11.683,11.73,27921.3
1787583600000,11.737,11.75,11.652,11.678,12443.4
1787584500000,11.672,11.768,11.672,11.754,22499.9
1787585400000,11.738,11.76,11.574,11.596,15463.3
1787586300000,11.596,11.645,11.524,11.573,18481.8
1787587200000,11.579,11.677,11.579,11.659,15811.7
1787588100000,11.66,11.713,11.658,11.662,8625.8
1787589000000,11.662,11.69,11.628,11.654,25810.6
1787589900000,11.65,11.653,11.52,11.553,28520.2
1787590800000,11.553,11.573,11.437,11.545,33560.8
1787591700000,11.545,11.545,11.425,11.429,33805.6
1787592600000,11.434,11.507,11.43,11.452,6322.5
1787593500000,11.457,11.513,11.443,11.509,4358.3
1787594400000,11.514,11.578,11.514,11.573,4105
1787595300000,11.577,11.616,11.57,11.601,11944.2
1787596200000,11.602,11.625,11.559,11.608,6000.4
1787597100000,11.619,11.63,11.577,11.582,5011.1
1787598000000,11.584,11.615,11.543,11.605,6292.4
1787598900000,11.604,11.606,11.549,11.599,5576.9
1787599800000,11.598,11.602,11.562,11.581,6136.2
1787600700000,11.569,11.573,11.527,11.562,1665.9
1787601600000,11.567,11.579,11.519,11.545,9704.1
1787602500000,11.531,11.559,11.507,11.523,5291.3
1787603400000,11.524,11.595,11.514,11.58,8462.4
1787604300000,11.579,11.609,11.558,11.609,10758.8
1787605200000,11.608,11.697,11.608,11.696,23111.8
1787606100000,11.696,11.698,11.604,11.646,9194.8
1787607000000,11.646,11.663,11.617,11.641,4647.1
1787607900000,11.646,11.662,11.635,11.65,13083.3
1787608800000,11.655,11.658,11.598,11.607,1489.8
1787609700000,11.6,11.616,11.574,11.578,707.6
1787610600000,11.578,11.637,11.578,11.619,511.4
1787611500000,11.633,11.649,11.617,11.618,2586.1
1787612400000,11.633,11.639,11.562,11.601,4214.2
1787613300000,11.606,11.645,11.6,11.62,1660.7
1787614200000,11.623,11.64,11.615,11.631,485.4
1787615100000,11.627,11.638,11.611,11.625,808.6
1787616000000,11.629,11.663,11.6,11.647,11559
1787616900000,11.642,11.685,11.612,11.661,6888.9
1787617800000,11.659,11.75,11.659,11.749,8240.4
1787618700000,11.75,11.789,11.738,11.745,51913
1787619600000,11.741,11.8,11.726,11.741,8360.1
1787620500000,11.735,11.782,11.712,11.762,6246.9
1787621400000,11.761,11.793,11.721,11.755,22869.3
1787622300000,11.755,11.798,11.727,11.789,51960.1
1787623200000,11.79,11.791,11.747,11.765,11148.9
1787624100000,11.765,11.982,11.765,11.932,40362.1
1787625000000,11.932,11.944,11.85,11.856,8720.2
1787625900000,11.853,11.858,11.777,11.821,11392.4
1787626800000,11.823,11.905,11.814,11.855,8024.3
1787627700000,11.854,11.873,11.791,11.828,2027.7
1787628600000,11.828,11.855,11.751,11.754,4416.8
1787629500000,11.748,11.786,11.719,11.761,6042.4
1787630400000,11.757,11.794,11.695,11.769,5220.4
1787631300000,11.764,11.768,11.719,11.736,3988.6
1787632200000,11.73,11.79,11.701,11.743,1897.5
1787633100000,11.742,11.786,11.728,11.761,1185.7
1787634000000,11.764,11.818,11.744,11.795,6346.8
1787634900000,11.794,11.851,11.78,11.808,5736
1787635800000,11.815,11.841,11.787,11.802,39511.3
1787636700000,11.792,11.829,11.792,11.819,9447.6
1787637600000,11.821,11.839,11.801,11.816,10830.8
1787638500000,11.813,11.833,11.8,11.826,4158.2
1787639400000,11.82,11.82,11.777,11.778,2728.3
1787640300000,11.777,11.777,11.71,11.738,3728
1787641200000,11.736,11.8,11.729,11.777,1278.1
1787642100000,11.772,11.78,11.752,11.764,5565.1
1787643000000,11.765,11.765,11.731,11.736,1334.2
1787643900000,11.738,11.738,11.495,11.601,73807.1
1787644800000,11.601,11.627,11.587,11.627,6137
1787645700000,11.626,11.683,11.626,11.662,2052.8
1787646600000,11.659,11.663,11.616,11.642,1369.3
1787647500000,11.639,11.644,11.59,11.609,3155.4
1787648400000,11.615,11.666,11.576,11.66,1867.6
1787649300000,11.655,11.704,11.654,11.675,972.1
1787650200000,11.691,11.704,11.686,11.691,1717.1
1787651100000,11.687,11.69,11.529,11.587,9890.7
1787652000000,11.586,11.586,11.534,11.561,11100.6
1787652900000,11.574,11.591,11.544,11.554,15268.8
1787653800000,11.559,11.574,11.544,11.568,8978.6
1787654700000,11.579,11.599,11.567,11.591,2185.7
1787655600000,11.587,11.596,11.543,11.548,2788.3
1787656500000,11.543,11.582,11.543,11.558,4784
1787657400000,11.573,11.607,11.567,11.572,2643.7
1787658300000,11.572,11.585,11.558,11.563,2508.8
1787659200000,11.564,11.59,11.5,11.59,7564.3
1787660100000,11.591,11.603,11.542,11.573,8963.9
1787661000000,11.573,11.6,11.54,11.593,5693.7
1787661900000,11.593,11.652,11.584,11.635,21846.6
1787662800000,11.629,11.661,11.553,11.558,12738
1787663700000,11.551,11.551,11.451,11.468,24037.2
1787664600000,11.461,11.565,11.461,11.483,29016.7
1787665500000,11.485,11.496,11.358,11.48,32037.7
1787666400000,11.479,11.522,11.453,11.509,7017.7
1787667300000,11.505,11.576,11.5,11.558,3371.4
1787668200000,11.55,11.596,11.532,11.54,16323.2
1787669100000,11.54,11.608,11.54,11.595,3687.2
1787670000000,11.596,11.607,11.541,11.546,2340.1
1787670900000,11.545,11.6,11.536,11.55,4132.2
1787671800000,11.55,11.596,11.536,11.54,3165.3
1787672700000,11.542,11.587,11.512,11.585,19327.6
1787673600000,11.585,11.607,11.515,11.524,11781.5
1787674500000,11.516,11.549,11.492,11.519,13511.5
1787675400000,11.518,11.561,11.516,11.533,17333.7
1787676300000,11.534,11.553,11.515,11.525,23759.1
1787677200000,11.522,11.528,11.442,11.482,12824.9
1787678100000,11.49,11.52,11.454,11.456,26462.5
1787679000000,11.457,11.535,11.457,11.526,10022.5
1787679900000,11.528,11.574,11.521,11.54,14988.5
1787680800000,11.547,11.565,11.525,11.551,5078.9
1787681700000,11.552,11.576,11.53,11.572,9576.3
1787682600000,11.574,11.578,11.552,11.578,6151.4
1787683500000,11.578,11.58,11.547,11.562,4375.7
1787684400000,11.561,11.577,11.527,11.563,8092
1787685300000,11.563,11.567,11.494,11.494,12501.6
1787686200000,11.485,11.51,11.448,11.451,2883
1787687100000,11.457,11.489,11.455,11.47,9740.4
1787688000000,11.47,11.475,11.381,11.451,6772.5
1787688900000,11.447,11.484,11.432,11.432,3284.3
1787689800000,11.435,11.438,11.32,11.339,21286.6
1787690700000,11.341,11.355,11.256,11.285,29824.6
1787691600000,11.279,11.299,11.134,11.265,39348.2
1787692500000,11.263,11.296,11.233,11.285,9510.6
1787693400000,11.282,11.361,11.282,11.35,56539.4
1787694300000,11.349,11.354,11.31,11.323,8481.7
1787695200000,11.32,11.401,11.32,11.397,4021.3
1787696100000,11.396,11.404,11.339,11.356,978.3
1787697000000,11.354,11.397,11.35,11.357,870.8
1787697900000,11.36,11.397,11.36,11.383,6891.3
1787698800000,11.383,11.413,11.375,11.386,10884.5
1787699700000,11.385,11.398,11.343,11.373,2789.9
1787700600000,11.372,11.372,11.3,11.3,7088.3
1787701500000,11.3,11.303,11.227,11.288,124683.9
1787702400000,11.296,11.303,11.242,11.242,8920.7
1787703300000,11.242,11.281,11.241,11.279,1760.9
1787704200000,11.283,11.295,11.241,11.255,1595.3
1787705100000,11.255,11.341,11.25,11.314,7826.3
1787706000000,11.311,11.405,11.311,11.363,4444.8
1787706900000,11.364,11.388,11.357,11.36,2643.4
1787707800000,11.368,11.446,11.365,11.407,52450.5
1787708700000,11.404,11.406,11.384,11.388,2651.5
1787709600000,11.39,11.399,11.342,11.358,1761.1
1787710500000,11.353,11.427,11.353,11.427,1481.7
1787711400000,11.431,11.434,11.409,11.417,2294.9
1787712300000,11.419,11.439,11.419,11.432,456.7
1787713200000,11.426,11.453,11.426,11.448,715.8
1787714100000,11.443,11.448,11.414,11.416,2614
1787715000000,11.414,11.426,11.386,11.409,1581.3
1787715900000,11.416,11.422,11.377,11.401,1524.8
1787716800000,11.395,11.436,11.379,11.417,676
1787717700000,11.427,11.458,11.414,11.435,7089.7
1787718600000,11.436,11.448,11.409,11.432,4484.7
1787719500000,11.419,11.43,11.376,11.376,3189.2
1787720400000,11.375,11.395,11.311,11.33,3183.9
1787721300000,11.325,11.396,11.314,11.377,1455
1787722200000,11.371,11.411,11.371,11.4,12239.1
1787723100000,11.405,11.406,11.382,11.396,4063
1787724000000,11.396,11.416,11.377,11.379,1362.2
1787724900000,11.378,11.386,11.337,11.339,1621.4
1787725800000,11.342,11.38,11.331,11.373,838.6
1787726700000,11.37,11.386,11.348,11.376,19429
1787727600000,11.372,11.394,11.349,11.375,645.8
1787728500000,11.383,11.39,11.365,11.365,461.2
1787729400000,11.365,11.366,11.338,11.353,1188.4
1787730300000,11.354,11.382,11.335,11.337,1039.1
1787731200000,11.336,11.383,11.325,11.356,2490.1
1787732100000,11.354,11.374,11.336,11.359,3236.4
1787733000000,11.366,11.38,11.349,11.373,2413.6
1787733900000,11.369,11.369,11.291,11.304,3738.1
1787734800000,11.301,11.337,11.298,11.298,1920.3
1787735700000,11.3,11.309,11.271,11.274,13564.5
1787736600000,11.27,11.299,11.242,11.244,4293
1787737500000,11.24,11.283,11.22,11.278,6867
1787738400000,11.277,11.277,11.252,11.269,1991.9
1787739300000,11.272,11.37,11.272,11.368,12385.4
1787740200000,11.366,11.454,11.356,11.433,15259.7
1787741100000,11.434,11.468,11.425,11.449,10764.1
1787742000000,11.45,11.479,11.449,11.466,2646.9
1787742900000,11.467,11.49,11.433,11.436,1578.4
1787743800000,11.437,11.442,11.372,11.409,3019.9
1787744700000,11.41,11.41,11.381,11.389,1943.7
1787745600000,11.396,11.404,11.37,11.371,1437.4
1787746500000,11.37,11.49,11.352,11.487,15113
1787747400000,11.488,11.488,11.318,11.398,30969.8
1787748300000,11.399,11.438,11.393,11.408,7704.3
1787749200000,11.4,11.421,11.31,11.31,14684.9
1787750100000,11.32,11.325,11.257,11.269,24662.6
1787751000000,11.266,11.368,11.266,11.352,8617.6
1787751900000,11.358,11.377,11.296,11.337,6901.7
1787752800000,11.333,11.36,11.31,11.324,3317.5
1787753700000,11.321,11.351,11.3,11.302,15236.3
1787754600000,11.3,11.326,11.258,11.261,16846.8
1787755500000,11.26,11.263,11.158,11.165,37165.3
1787756400000,11.164,11.186,11.061,11.134,24612.8
1787757300000,11.133,11.252,11.102,11.247,13643.2
1787758200000,11.246,11.25,11.183,11.214,7330.4
1787759100000,11.207,11.24,11.207,11.234,6173.2
1787760000000,11.233,11.265,11.19,11.231,12954.1
1787760900000,11.235,11.237,11.158,11.186,6511.5
1787761800000,11.184,11.224,11.136,11.138,7475.8
1787762700000,11.145,11.226,11.145,11.212,20907
1787763600000,11.211,11.245,11.202,11.245,4718.6
1787764500000,11.242,11.33,11.242,11.318,14365.2
1787765400000,11.314,11.33,11.281,11.281,5833
1787766300000,11.278,11.282,11.244,11.252,14868.9
1787767200000,11.253,11.284,11.233,11.267,8851.5
1787768100000,11.266,11.299,11.251,11.262,16295.2
1787769000000,11.262,11.286,11.242,11.252,6005.2
1787769900000,11.252,11.3,11.252,11.289,6714.2
1787770800000,11.283,11.302,11.262,11.274,2672.5
1787771700000,11.273,11.344,11.273,11.34,13415.6
1787772600000,11.339,11.342,11.293,11.311,7743.9
1787773500000,11.304,11.331,11.303,11.306,4963.8
1787774400000,11.302,11.302,11.261,11.263,3784.1
1787775300000,11.261,11.274,11.21,11.271,11246
1787776200000,11.271,11.274,11.239,11.264,3881.5
1787777100000,11.262,11.304,11.262,11.304,5106.1
1787778000000,11.304,11.419,11.295,11.402,69878.1
1787778900000,11.401,11.452,11.4,11.452,18695.2
1787779800000,11.438,11.486,11.428,11.432,9463.8
1787780700000,11.433,11.478,11.411,11.465,9130.7
1787781600000,11.457,11.504,11.457,11.492,12397.5
1787782500000,11.496,11.583,11.496,11.554,15650.6
1787783400000,11.554,11.575,11.516,11.539,46582.8
1787784300000,11.54,11.545,11.504,11.525,14753.7
1787785200000,11.517,11.541,11.507,11.51,4939
1787786100000,11.512,11.575,11.511,11.565,7281
1787787000000,11.577,11.606,11.56,11.603,6786.8
1787787900000,11.607,11.629,11.6,11.627,2305.7
1787788800000,11.621,11.638,11.58,11.584,9584.3
1787789700000,11.585,11.589,11.554,11.567,6063
1787790600000,11.568,11.574,11.53,11.545,53885.7
1787791500000,11.536,11.541,11.496,11.499,25347.9
1787792400000,11.493,11.505,11.463,11.473,11092.8
1787793300000,11.474,11.582,11.456,11.576,41546.7
1787794200000,11.575,11.59,11.541,11.542,16245.1
1787795100000,11.531,11.592,11.531,11.547,5186.1
1787796000000,11.546,11.601,11.546,11.592,5167.8
1787796900000,11.589,11.595,11.534,11.539,2237.5
1787797800000,11.538,11.557,11.509,11.509,3645.6
1787798700000,11.509,11.544,11.509,11.543,8348.5
1787799600000,11.547,11.557,11.512,11.512,1288.5
1787800500000,11.51,11.576,11.493,11.564,8101
1787801400000,11.543,11.547,11.527,11.529,6401.1
1787802300000,11.525,11.535,11.495,11.518,12223.3
1787803200000,11.522,11.549,11.522,11.543,3430.6
1787804100000,11.55,11.573,11.541,11.548,2729.2
1787805000000,11.534,11.551,11.503,11.544,5154.5
1787805900000,11.545,11.546,11.501,11.533,9346.1
1787806800000,11.534,11.55,11.506,11.538,10855.1
1787807700000,11.535,11.576,11.528,11.532,8408.7
1787808600000,11.533,11.568,11.507,11.553,4453.6
1787809500000,11.549,11.654,11.548,11.632,19801.6
1787810400000,11.629,11.631,11.546,11.557,8969.3
1787811300000,11.546,11.589,11.536,11.576,44044.3
1787812200000,11.576,11.596,11.576,11.582,5380.6
1787813100000,11.587,11.63,11.587,11.617,12379.2
1787814000000,11.617,11.646,11.61,11.646,6214.1
1787814900000,11.641,11.669,11.612,11.629,5511.1
1787815800000,11.628,11.668,11.628,11.655,6871.4
1787816700000,11.649,11.683,11.649,11.676,7672.1
1787817600000,11.672,11.77,11.671,11.734,29711.9
1787818500000,11.733,11.802,11.693,11.787,23458.6
1787819400000,11.796,11.883,11.795,11.851,51092.6
1787820300000,11.862,11.891,11.843,11.859,10684.8
1787821200000,11.851,11.862,11.803,11.854,29186.8
1787822100000,11.851,11.915,11.826,11.892,27555.8
1787823000000,11.895,11.917,11.843,11.871,21775.5
1787823900000,11.866,11.906,11.836,11.86,17604.7
1787824800000,11.862,11.924,11.846,11.874,11184.8
1787825700000,11.88,11.888,11.667,11.765,25821.9
1787826600000,11.761,11.77,11.648,11.716,67291.1
1787827500000,11.714,11.746,11.69,11.728,18302.1
1787828400000,11.728,11.775,11.723,11.771,6919.3
1787829300000,11.773,11.774,11.718,11.722,6811.2
1787830200000,11.716,11.732,11.685,11.732,15646.5
1787831100000,11.738,11.755,11.681,11.744,6665.8
1787832000000,11.756,11.784,11.74,11.773,5455.1
1787832900000,11.777,11.799,11.772,11.778,6774.8
1787833800000,11.783,11.783,11.71,11.72,6742.3
1787834700000,11.727,11.759,11.725,11.736,4748.6
1787835600000,11.737,11.761,11.733,11.741,6800.8
1787836500000,11.752,11.968,11.688,11.805,145001.8
1787837400000,11.793,11.796,11.691,11.72,21154.5
1787838300000,11.74,11.807,11.706,11.798,27603.3
1787839200000,11.799,11.811,11.724,11.737,5164.2
1787840100000,11.746,11.846,11.745,11.834,13332.7
1787841000000,11.834,11.874,11.805,11.866,37376.2
1787841900000,11.855,11.856,11.804,11.836,10986
1787842800000,11.838,11.894,11.824,11.88,18681.5
1787843700000,11.876,11.879,11.823,11.871,28806.1
1787844600000,11.871,11.975,11.837,11.966,19549.1
1787845500000,11.959,11.959,11.903,11.925,7634.4
1787846400000,11.928,11.942,11.86,11.881,9945
1787847300000,11.88,11.928,11.863,11.865,7873.8
1787848200000,11.858,11.911,11.85,11.911,19834.9
1787849100000,11.911,11.911,11.873,11.873,5491.8
1787850000000,11.873,11.923,11.846,11.921,34315.8
1787850900000,11.923,11.956,11.923,11.933,44021
1787851800000,11.937,11.951,11.896,11.896,1675.3
1787852700000,11.901,11.921,11.887,11.904,36037.8
1787853600000,11.904,11.919,11.829,11.851,74516.7
1787854500000,11.854,11.871,11.767,11.781,46825.6
1787855400000,11.782,11.839,11.782,11.825,62345.2
1787856300000,11.825,11.876,11.825,11.874,6886.2
1787857200000,11.876,11.908,11.876,11.907,20499.3
1787858100000,11.906,11.92,11.887,11.918,34628.7
1787859000000,11.917,11.918,11.884,11.884,7524.9
1787859900000,11.888,11.904,11.861,11.861,6574.6
1787860800000,11.869,11.877,11.842,11.85,5195.1
1787861700000,11.847,11.904,11.847,11.887,2663.8
1787862600000,11.885,11.907,11.879,11.907,2878.9
1787863500000,11.909,11.915,11.871,11.908,3982.5
1787864400000,11.907,11.908,11.875,11.893,3929.6
1787865300000,11.888,11.894,11.863,11.872,2414
1787866200000,11.868,11.896,11.847,11.847,3126.5
1787867100000,11.853,11.887,11.851,11.87,32584.8
1787868000000,11.876,11.931,11.876,11.931,96458
1787868900000,11.932,11.953,11.897,11.908,41928.7
1787869800000,11.904,11.932,11.904,11.925,3526.2
1787870700000,11.915,11.975,11.913,11.974,80590.3
1787871600000,11.972,11.972,11.938,11.938,3600.4
1787872500000,11.93,11.978,11.93,11.964,4644.3
1787873400000,11.964,11.967,11.95,11.953,4058.1
1787874300000,11.954,11.967,11.914,11.915,3847.6
1787875200000,11.917,11.919,11.848,11.876,64112.5
1787876100000,11.88,11.95,11.88,11.95,4513.4
1787877000000,11.949,11.978,11.93,11.966,6716.3
1787877900000,11.965,11.978,11.938,11.962,23943.2
1787878800000,11.967,11.999,11.965,11.997,30550.3
1787879700000,11.991,12.047,11.982,12.001,36252.7
1787880600000,11.999,12.045,11.93,11.938,14578.2
1787881500000,11.939,11.939,11.872,11.879,14672
1787882400000,11.886,11.886,11.804,11.806,84559.5
1787883300000,11.805,11.817,11.713,11.731,61647.1
1787884200000,11.731,11.764,11.7,11.738,10831
1787885100000,11.739,11.749,11.686,11.747,17402.3
1787886000000,11.736,11.739,11.674,11.718,9739.4
1787886900000,11.714,11.748,11.714,11.733,6581.1
1787887800000,11.731,11.743,11.709,11.71,953.4
1787888700000,11.708,11.723,11.698,11.715,1716.4
1787889600000,11.71,11.739,11.659,11.736,3588.5
1787890500000,11.737,11.779,11.737,11.758,1686.7
1787891400000,11.752,11.766,11.721,11.741,1477.2
1787892300000,11.738,11.76,11.735,11.752,1253.6
1787893200000,11.738,11.76,11.704,11.718,6918
1787894100000,11.721,11.725,11.7,11.725,1312.1
1787895000000,11.727,11.785,11.727,11.785,1941.3
1787895900000,11.786,11.805,11.774,11.774,543.2
1787896800000,11.789,11.832,11.787,11.832,3225.5
1787897700000,11.834,11.847,11.803,11.803,944
1787898600000,11.802,11.813,11.794,11.795,1305.2
1787899500000,11.797,11.835,11.797,11.818,219.5
1787900400000,11.811,11.811,11.729,11.729,8299.8
1787901300000,11.743,11.752,11.722,11.731,2808.7
1787902200000,11.728,11.734,11.686,11.711,10232.3
1787903100000,11.718,11.718,11.687,11.69,841.3
1787904000000,11.697,11.725,11.696,11.698,700.5
1787904900000,11.701,11.725,11.701,11.714,3749.4
1787905800000,11.706,11.717,11.689,11.689,1579.5
1787906700000,11.689,11.689,11.635,11.654,73862.9
1787907600000,11.658,11.683,11.63,11.669,6376.4
1787908500000,11.676,11.736,11.676,11.736,5369.7
1787909400000,11.736,11.742,11.708,11.708,4137.2
1787910300000,11.716,11.719,11.686,11.696,2158.1
1787911200000,11.704,11.708,11.618,11.666,12706.5
1787912100000,11.665,11.691,11.656,11.691,2639.7
1787913000000,11.691,11.718,11.691,11.7,2189.3
1787913900000,11.694,11.766,11.694,11.761,5868.7
1787914800000,11.762,11.8,11.76,11.784,9644.8
1787915700000,11.784,11.796,11.763,11.766,3228.2
1787916600000,11.769,11.783,11.738,11.759,4038
1787917500000,11.758,11.779,11.758,11.778,3438
1787918400000,11.779,11.79,11.763,11.772,3613.3
1787919300000,11.777,11.815,11.754,11.754,4819.8
1787920200000,11.749,11.76,11.716,11.74,14933.9
1787921100000,11.741,11.746,11.7,11.7,6023.5
1787922000000,11.699,11.725,11.69,11.69,5320.2
1787922900000,11.689,11.692,11.656,11.668,3608.4
1787923800000,11.669,11.739,11.669,11.688,5496.7
1787924700000,11.691,11.794,11.683,11.764,8859.1
1787925600000,11.759,11.824,11.551,11.584,58287.1
1787926500000,11.585,11.675,11.556,11.649,15454.8
1787927400000,11.649,11.84,11.628,11.81,107929.8
1787928300000,11.808,11.856,11.757,11.837,21348.3
1787929200000,11.85,11.878,11.711,11.716,7769.8
1787930100000,11.721,11.816,11.696,11.782,13726.6
1787931000000,11.785,11.791,11.667,11.667,52783.3
1787931900000,11.678,11.702,11.552,11.565,18501.1
1787932800000,11.563,11.577,11.435,11.439,68364.8
1787933700000,11.443,11.451,11.296,11.39,50434.5
1787934600000,11.388,11.468,11.37,11.438,21531.3
1787935500000,11.441,11.48,11.438,11.453,3471
1787936400000,11.449,11.496,11.432,11.496,8763.3
1787937300000,11.498,11.514,11.456,11.481,2681.1
1787938200000,11.48,11.498,11.438,11.446,8695.7
1787939100000,11.447,11.495,11.447,11.467,2917.2
1787940000000,11.466,11.466,11.397,11.397,37619
1787940900000,11.396,11.411,11.357,11.37,17133.1
1787941800000,11.375,11.375,11.29,11.294,37869.3
1787942700000,11.296,11.337,11.256,11.337,46568.1
1787943600000,11.337,11.402,11.337,11.401,11616.8
1787944500000,11.391,11.418,11.39,11.409,3726.5
1787945400000,11.405,11.411,11.39,11.393,34986.3
1787946300000,11.39,11.402,11.375,11.392,66563.6
1787947200000,11.392,11.41,11.343,11.386,21099.1
1787948100000,11.384,11.386,11.356,11.384,1629.3
1787949000000,11.384,11.384,11.35,11.374,1435.9
1787949900000,11.369,11.385,11.351,11.355,1312.1
1787950800000,11.358,11.375,11.345,11.373,6757.1
1787951700000,11.373,11.378,11.336,11.364,3986.6
1787952600000,11.368,11.385,11.319,11.333,8172.5
1787953500000,11.33,11.334,11.3,11.306,5718.4
1787954400000,11.31,11.355,11.296,11.355,5050.1
1787955300000,11.364,11.391,11.344,11.39,2632.6
1787956200000,11.388,11.411,11.382,11.411,2620.3
1787957100000,11.41,11.44,11.409,11.432,2420.5
1787958000000,11.43,11.442,11.41,11.44,2867.7
1787958900000,11.44,11.44,11.413,11.424,4196.9
1787959800000,11.425,11.431,11.417,11.431,1507.2
1787960700000,11.424,11.438,11.404,11.431,2324
1787961600000,11.429,11.445,11.421,11.438,1966.3
1787962500000,11.438,11.471,11.438,11.466,3906.8
1787963400000,11.465,11.465,11.436,11.453,1808.5
1787964300000,11.451,11.459,11.425,11.43,569.8
1787965200000,11.429,11.433,11.391,11.391,2434
1787966100000,11.39,11.437,11.39,11.437,5303.8
1787967000000,11.437,11.438,11.408,11.408,7094.4
1787967900000,11.408,11.423,11.383,11.396,5982
1787968800000,11.399,11.418,11.385,11.387,683.9
1787969700000,11.387,11.387,11.345,11.355,1242.8
1787970600000,11.355,11.382,11.349,11.372,1863.6
1787971500000,11.375,11.405,11.368,11.38,821.7
1787972400000,11.38,11.392,11.362,11.363,351.7
1787973300000,11.36,11.376,11.351,11.371,408.5
1787974200000,11.371,11.382,11.347,11.363,557.1
1787975100000,11.361,11.361,11.333,11.333,315.9
1787976000000,11.333,11.354,11.332,11.346,676.8
1787976900000,11.345,11.357,11.343,11.351,276.8
1787977800000,11.353,11.362,11.335,11.344,1354.9
1787978700000,11.343,11.365,11.335,11.358,496.3
1787979600000,11.357,11.386,11.355,11.386,1853.2
1787980500000,11.387,11.389,11.372,11.376,376.1
1787981400000,11.374,11.393,11.36,11.393,344.8
1787982300000,11.392,11.393,11.359,11.372,187.6
1787983200000,11.373,11.373,11.315,11.318,3026.5
1787984100000,11.313,11.318,11.289,11.303,856.9
1787985000000,11.301,11.326,11.301,11.318,1162.4
1787985900000,11.319,11.34,11.319,11.326,1359.9
1787986800000,11.326,11.349,11.323,11.323,1803.1
1787987700000,11.323,11.338,11.313,11.319,11723.9
1787988600000,11.318,11.337,11.313,11.32,1275.7
1787989500000,11.32,11.332,11.313,11.32,386
1787990400000,11.315,11.316,11.295,11.308,2137.2
1787991300000,11.304,11.318,11.295,11.315,10930.2
1787992200000,11.315,11.315,11.293,11.293,9984.9
1787993100000,11.294,11.301,11.276,11.3,10431.3
1787994000000,11.3,11.31,11.294,11.304,3858.8
1787994900000,11.304,11.316,11.303,11.305,8349
1787995800000,11.306,11.325,11.304,11.315,5635.1
1787996700000,11.314,11.319,11.303,11.304,3891.9
1787997600000,11.303,11.307,11.28,11.306,1439.7
1787998500000,11.306,11.345,11.306,11.335,8002.1
1787999400000,11.335,11.345,11.323,11.327,1452
1788000300000,11.327,11.344,11.316,11.316,641.7
1788001200000,11.316,11.333,11.31,11.333,1660
1788002100000,11.336,11.336,11.322,11.325,2019.7
1788003000000,11.323,11.327,11.306,11.308,1655.9
1788003900000,11.309,11.317,11.296,11.297,329.2
1788004800000,11.298,11.316,11.298,11.316,1084.1
1788005700000,11.317,11.336,11.309,11.318,2405.3
1788006600000,11.313,11.317,11.304,11.311,1315.7
1788007500000,11.314,11.32,11.312,11.318,1121.9
1788008400000,11.317,11.318,11.306,11.316,1027.4
1788009300000,11.312,11.323,11.308,11.313,1067
1788010200000,11.314,11.326,11.309,11.313,334
1788011100000,11.314,11.324,11.312,11.321,8095.8
1788012000000,11.32,11.361,11.32,11.36,2734.1
1788012900000,11.355,11.395,11.355,11.382,14405.6
1788013800000,11.382,11.452,11.382,11.445,12926.9
1788014700000,11.445,11.486,11.445,11.458,5743.2
1788015600000,11.462,11.463,11.397,11.435,19182.5
1788016500000,11.434,11.434,11.381,11.382,1674
1788017400000,11.376,11.394,11.357,11.375,4029.6
1788018300000,11.374,11.399,11.374,11.382,6737.6
1788019200000,11.383,11.395,11.376,11.393,5466.7
1788020100000,11.392,11.414,11.371,11.401,9463.3
1788021000000,11.4,11.442,11.389,11.435,5808.3
1788021900000,11.437,11.455,11.4,11.409,5755.9
1788022800000,11.415,11.435,11.413,11.416,11683.9
1788023700000,11.424,11.43,11.384,11.388,12271.9
1788024600000,11.392,11.399,11.362,11.384,22921
1788025500000,11.382,11.386,11.352,11.384,54272.1
1788026400000,11.383,11.392,11.359,11.378,24967.8
1788027300000,11.379,11.409,11.374,11.407,3737
1788028200000,11.405,11.442,11.396,11.424,3458
1788029100000,11.427,11.443,11.426,11.435,1155.2
1788030000000,11.434,11.454,11.423,11.454,711.9
1788030900000,11.455,11.467,11.448,11.452,489.1
1788031800000,11.453,11.454,11.43,11.449,1567.1
1788032700000,11.449,11.449,11.423,11.429,1102.7
1788033600000,11.433,11.452,11.427,11.451,1697.5
1788034500000,11.45,11.474,11.447,11.453,1042.6
1788035400000,11.453,11.456,11.435,11.453,2182
1788036300000,11.452,11.459,11.447,11.449,549.8
1788037200000,11.449,11.48,11.436,11.466,2251.5
1788038100000,11.46,11.473,11.443,11.443,7319.9
1788039000000,11.444,11.467,11.444,11.466,359.3
1788039900000,11.467,11.48,11.447,11.453,1283.4
1788040800000,11.445,11.455,11.418,11.429,19398.5
1788041700000,11.429,11.435,11.408,11.411,13434.2
1788042600000,11.411,11.434,11.411,11.43,12618
1788043500000,11.43,11.441,11.43,11.434,900.2
1788044400000,11.437,11.45,11.433,11.439,1058.4
1788045300000,11.438,11.453,11.422,11.442,796.3
1788046200000,11.446,11.446,11.413,11.424,4023.7
1788047100000,11.423,11.462,11.421,11.456,667.8
1788048000000,11.449,11.45,11.399,11.418,4646.5
1788048900000,11.418,11.458,11.417,11.422,2536.7
1788049800000,11.426,11.433,11.414,11.418,1231.1
1788050700000,11.418,11.43,11.402,11.402,28625.3
1788051600000,11.405,11.412,11.386,11.388,335.6
1788052500000,11.394,11.394,11.369,11.371,950.9
1788053400000,11.372,11.396,11.366,11.377,3858.7
1788054300000,11.378,11.39,11.377,11.384,3593.8
1788055200000,11.385,11.401,11.381,11.396,226.1
1788056100000,11.397,11.399,11.378,11.385,124.6
1788057000000,11.385,11.388,11.367,11.38,7217.7
1788057900000,11.376,11.411,11.375,11.397,311.2
1788058800000,11.397,11.406,11.387,11.396,1138.2
1788059700000,11.393,11.396,11.37,11.393,301.3
1788060600000,11.393,11.4,11.382,11.384,524
1788061500000,11.383,11.384,11.367,11.384,441.6
1788062400000,11.385,11.399,11.378,11.388,661.9
1788063300000,11.39,11.396,11.382,11.396,150.2
1788064200000,11.386,11.387,11.352,11.354,832.8
1788065100000,11.354,11.366,11.333,11.366,1807.4
1788066000000,11.366,11.409,11.365,11.391,1141.6
1788066900000,11.385,11.386,11.38,11.384,1671.6
1788067800000,11.381,11.389,11.376,11.384,687.4
1788068700000,11.392,11.401,11.392,11.401,1311.8
1788069600000,11.401,11.413,11.384,11.389,2693.4
1788070500000,11.392,11.413,11.39,11.413,124.5
1788071400000,11.408,11.445,11.407,11.435,1519.2
1788072300000,11.434,11.444,11.431,11.44,725.3
1788073200000,11.445,11.445,11.428,11.432,1843.1
1788074100000,11.43,11.43,11.412,11.412,854.4
1788075000000,11.413,11.419,11.395,11.399,301.2
1788075900000,11.397,11.403,11.387,11.387,659.2
1788076800000,11.387,11.405,11.381,11.385,1199.3
1788077700000,11.385,11.395,11.384,11.39,558.6
1788078600000,11.39,11.39,11.372,11.376,1429.5
1788079500000,11.373,11.377,11.364,11.377,2373.4
1788080400000,11.377,11.384,11.372,11.373,2458.7
1788081300000,11.372,11.38,11.34,11.34,7318.4
1788082200000,11.342,11.361,11.333,11.345,1380.3
1788083100000,11.346,11.352,11.338,11.346,408.8
1788084000000,11.344,11.367,11.334,11.351,436.7
1788084900000,11.349,11.377,11.343,11.369,1269.2
1788085800000,11.371,11.38,11.369,11.376,897.2
1788086700000,11.376,11.38,11.37,11.372,287.1
1788087600000,11.377,11.392,11.376,11.392,1173.9
1788088500000,11.393,11.394,11.384,11.392,1022
1788089400000,11.378,11.408,11.36,11.4,1358.9
1788090300000,11.404,11.411,11.389,11.409,501.5
1788091200000,11.411,11.5,11.405,11.471,5676.1
1788092100000,11.469,11.469,11.435,11.45,10866.5
1788093000000,11.45,11.463,11.414,11.427,1774.8
1788093900000,11.424,11.458,11.401,11.458,2142.7
1788094800000,11.462,11.472,11.445,11.45,1843.1
1788095700000,11.448,11.489,11.442,11.487,6257.7
1788096600000,11.479,11.537,11.473,11.537,27545.7
1788097500000,11.527,11.555,11.524,11.549,24455.7
1788098400000,11.541,11.555,11.508,11.544,23008.1
1788099300000,11.543,11.544,11.513,11.529,1334.6
1788100200000,11.529,11.551,11.522,11.551,2250.8
1788101100000,11.54,11.555,11.538,11.544,456.3
1788102000000,11.554,11.617,11.541,11.541,16301.6
1788102900000,11.545,11.605,11.545,11.558,2900.2
1788103800000,11.561,11.6,11.56,11.582,1829.3
1788104700000,11.578,11.58,11.547,11.562,1410.8
1788105600000,11.565,11.623,11.526,11.623,21587.9
1788106500000,11.619,11.653,11.609,11.618,8757.2
1788107400000,11.62,11.681,11.62,11.681,5351.2
1788108300000,11.683,11.768,11.683,11.751,33750.4
1788109200000,11.754,11.783,11.715,11.758,21062.1
1788110100000,11.753,11.753,11.6,11.635,39206.3
1788111000000,11.626,11.667,11.62,11.657,3738.2
1788111900000,11.661,11.662,11.623,11.652,1051.9
1788112800000,11.66,11.667,11.603,11.622,2827.6
1788113700000,11.621,11.678,11.62,11.678,4339.9
1788114600000,11.675,11.682,11.65,11.659,7503.2
1788115500000,11.66,11.676,11.65,11.672,1482.4
1788116400000,11.664,11.669,11.629,11.668,1568.4
1788117300000,11.669,11.669,11.628,11.633,565.4
1788118200000,11.624,11.645,11.574,11.574,5531
1788119100000,11.574,11.594,11.55,11.594,12020.3
1788120000000,11.598,11.612,11.596,11.599,4532.6
1788120900000,11.597,11.607,11.573,11.573,1603.1
1788121800000,11.574,11.599,11.467,11.474,13263
1788122700000,11.486,11.546,11.48,11.511,2116.8
1788123600000,11.507,11.507,11.378,11.479,56740.3
1788124500000,11.476,11.498,11.463,11.495,4089.6
1788125400000,11.498,11.527,11.498,11.506,8717.6
1788126300000,11.503,11.521,11.473,11.52,2178
1788127200000,11.52,11.557,11.486,11.486,3603.9
1788128100000,11.481,11.481,11.427,11.44,5762.3
1788129000000,11.441,11.469,11.41,11.456,3675.3
1788129900000,11.454,11.456,11.414,11.435,812.9
1788130800000,11.434,11.434,11.387,11.406,3387.6
1788131700000,11.405,11.415,11.148,11.167,43408.1
1788132600000,11.168,11.233,10.967,11.083,330883.1
1788133500000,11.077,11.162,10.967,11.141,119452.4
1788134400000,11.134,11.163,11.079,11.138,25833.6
1788135300000,11.142,11.203,11.127,11.194,6485.1
1788136200000,11.19,11.243,11.187,11.211,6192.6
1788137100000,11.209,11.214,11.181,11.182,4291.9
1788138000000,11.181,11.197,11.087,11.125,8579.2
1788138900000,11.115,11.171,11.104,11.16,1758.3
1788139800000,11.162,11.183,11.123,11.13,3042.3
1788140700000,11.127,11.139,11.07,11.08,5926.8
1788141600000,11.078,11.197,11.058,11.191,7008.3
1788142500000,11.186,11.192,11.153,11.162,3017.3
1788143400000,11.173,11.177,11.112,11.115,1371.5
1788144300000,11.113,11.123,11.032,11.073,7061.5
1788145200000,11.073,11.127,11.06,11.127,2281.5
1788146100000,11.127,11.138,11.099,11.125,2961
1788147000000,11.118,11.158,11.109,11.158,1012.9
1788147900000,11.158,11.2,11.151,11.159,3961.3
1788148800000,11.16,11.16,11.11,11.117,12560.6
1788149700000,11.118,11.123,11.103,11.115,12395.3
1788150600000,11.112,11.121,11.093,11.116,745.1
1788151500000,11.118,11.141,11.098,11.134,507.8
1788152400000,11.121,11.214,11.117,11.206,16747.1
1788153300000,11.208,11.311,11.208,11.284,5974.5
1788154200000,11.287,11.309,11.251,11.253,12580.8
1788155100000,11.253,11.286,11.249,11.269,1099.4
1788156000000,11.253,11.278,11.231,11.263,3006
1788156900000,11.266,11.304,11.249,11.286,3818.7
1788157800000,11.285,11.293,11.251,11.277,3972.6
1788158700000,11.273,11.285,11.261,11.261,1272.3
1788159600000,11.256,11.287,11.25,11.25,1990.2
1788160500000,11.25,11.316,11.249,11.283,9105.9
1788161400000,11.283,11.286,11.259,11.276,3444.6
1788162300000,11.269,11.275,11.257,11.269,1141.4
1788163200000,11.265,11.289,11.225,11.256,4911.4
1788164100000,11.251,11.253,11.206,11.226,1857.3
1788165000000,11.227,11.301,11.224,11.26,1545.8
1788165900000,11.263,11.282,11.247,11.269,2129.3
1788166800000,11.268,11.309,11.251,11.26,3696.3
1788167700000,11.258,11.325,11.257,11.302,3071.5
1788168600000,11.301,11.326,11.292,11.321,9898.2
1788169500000,11.329,11.356,11.29,11.293,5966.3
1788170400000,11.293,11.297,11.242,11.294,1267.9
1788171300000,11.29,11.29,11.26,11.281,471.4
1788172200000,11.274,11.31,11.26,11.31,7775.1
1788173100000,11.311,11.342,11.308,11.325,4696.5
1788174000000,11.315,11.319,11.295,11.305,1284.6
1788174900000,11.301,11.316,11.282,11.282,1450.6
1788175800000,11.283,11.285,11.253,11.253,1778.6
1788176700000,11.253,11.264,11.24,11.248,4174.4
1788177600000,11.243,11.31,11.232,11.292,8752
1788178500000,11.289,11.321,11.25,11.282,8278.8
1788179400000,11.276,11.297,11.218,11.261,5922.8
1788180300000,11.26,11.27,11.235,11.269,5959.5
1788181200000,11.272,11.295,11.265,11.285,1507.9
1788182100000,11.276,11.295,11.254,11.279,2979.2
1788183000000,11.291,11.311,11.211,11.217,3589.4
1788183900000,11.217,11.226,11.162,11.187,9041.8
1788184800000,11.186,11.217,11.161,11.189,3139.7
1788185700000,11.169,11.215,11.168,11.196,3077.8
1788186600000,11.195,11.337,11.187,11.327,10213.3
1788187500000,11.326,11.335,11.277,11.33,14505.5
1788188400000,11.331,11.358,11.27,11.278,4396
1788189300000,11.278,11.371,11.263,11.36,12028.9
1788190200000,11.357,11.391,11.33,11.38,13060.3
1788191100000,11.384,11.392,11.366,11.381,5002.5
1788192000000,11.375,11.395,11.359,11.369,10397.3
1788192900000,11.37,11.377,11.285,11.313,6812.2
1788193800000,11.31,11.356,11.308,11.341,1675.4
1788194700000,11.346,11.376,11.324,11.324,5880.1
1788195600000,11.325,11.349,11.317,11.343,1239.9
1788196500000,11.342,11.35,11.293,11.308,1108.8
1788197400000,11.313,11.402,11.31,11.395,1855.7
1788198300000,11.396,11.409,11.375,11.39,6266
1788199200000,11.385,11.408,11.377,11.402,1767.8
1788200100000,11.406,11.451,11.393,11.407,5164.3
1788201000000,11.406,11.499,11.401,11.499,2663.3
1788201900000,11.487,11.487,11.415,11.44,4548.9
1788202800000,11.442,11.489,11.433,11.489,5224.1
1788203700000,11.473,11.475,11.421,11.453,1730.5
1788204600000,11.451,11.453,11.418,11.424,2540
1788205500000,11.424,11.452,11.389,11.406,5039
1788206400000,11.393,11.425,11.375,11.406,1093.6
1788207300000,11.414,11.436,11.381,11.381,1072.4
1788208200000,11.384,11.413,11.367,11.413,2917.6
1788209100000,11.409,11.409,11.372,11.382,3659.1
1788210000000,11.38,11.38,11.339,11.364,1715.5
1788210900000,11.357,11.402,11.352,11.394,6305.9
1788211800000,11.395,11.414,11.376,11.386,1285.4
1788212700000,11.385,11.391,11.368,11.37,1342
1788213600000,11.368,11.402,11.36,11.37,3747.9
1788214500000,11.359,11.359,11.342,11.345,1649.2
1788215400000,11.345,11.35,11.314,11.321,3564.3
1788216300000,11.316,11.335,11.309,11.322,3067.9
1788217200000,11.319,11.354,11.287,11.298,6028.2
1788218100000,11.299,11.304,11.28,11.303,12610.5
1788219000000,11.302,11.324,11.291,11.319,7471.2
1788219900000,11.314,11.324,11.308,11.321,4802.7
1788220800000,11.319,11.373,11.317,11.343,16903.8
1788221700000,11.338,11.367,11.327,11.357,4925.7
1788222600000,11.356,11.37,11.336,11.359,3381.5
1788223500000,11.36,11.388,11.359,11.378,5870.7
1788224400000,11.382,11.396,11.363,11.364,7496.3
1788225300000,11.361,11.391,11.353,11.363,2437.5
1788226200000,11.368,11.418,11.366,11.399,1677.6
1788227100000,11.405,11.405,11.353,11.362,3138.7
1788228000000,11.354,11.377,11.299,11.312,1881.3
1788228900000,11.314,11.359,11.294,11.331,1803.5
1788229800000,11.337,11.342,11.308,11.312,4666.2
1788230700000,11.32,11.358,11.319,11.358,556.1
1788231600000,11.36,11.364,11.342,11.36,857.6
1788232500000,11.358,11.382,11.356,11.382,982.1
1788233400000,11.379,11.487,11.379,11.466,2411.3
1788234300000,11.461,11.461,11.426,11.429,7746.9
1788235200000,11.432,11.447,11.421,11.436,1427
1788236100000,11.438,11.48,11.438,11.462,5659.1
1788237000000,11.459,11.459,11.433,11.433,1506.4
1788237900000,11.428,11.429,11.403,11.415,10876.9
1788238800000,11.415,11.472,11.414,11.439,391.2
1788239700000,11.448,11.449,11.419,11.445,379.7
1788240600000,11.443,11.514,11.443,11.514,3916.7
1788241500000,11.515,11.521,11.491,11.505,10675.8
1788242400000,11.501,11.504,11.458,11.476,2167.2
1788243300000,11.473,11.485,11.444,11.475,13497.6
1788244200000,11.478,11.496,11.478,11.493,821.5
1788245100000,11.496,11.497,11.478,11.48,1829.3
1788246000000,11.48,11.5,11.479,11.486,1937.1
1788246900000,11.488,11.502,11.479,11.489,850.9
1788247800000,11.491,11.491,11.431,11.458,6234.8
1788248700000,11.456,11.487,11.446,11.471,2055.9
1788249600000,11.471,11.478,11.376,11.388,5512.2
1788250500000,11.396,11.399,11.292,11.295,106147.1
1788251400000,11.296,11.361,11.296,11.337,11838.2
1788252300000,11.342,11.356,11.324,11.338,6862.5
1788253200000,11.348,11.348,11.303,11.328,8667.1
1788254100000,11.319,11.351,11.302,11.329,12941.4
1788255000000,11.332,11.355,11.318,11.354,6757.9
1788255900000,11.357,11.357,11.331,11.331,700.9
1788256800000,11.328,11.361,11.323,11.349,4406.2
1788257700000,11.356,11.416,11.32,11.406,2983.9
1788258600000,11.406,11.456,11.406,11.429,3954.2
1788259500000,11.427,11.444,11.404,11.436,3323.8
1788260400000,11.43,11.433,11.396,11.403,827.6
1788261300000,11.403,11.437,11.403,11.435,481.3
1788262200000,11.434,11.484,11.426,11.456,7572
1788263100000,11.457,11.492,11.452,11.463,8090.9
1788264000000,11.465,11.54,11.429,11.485,204864.8
1788264900000,11.49,11.517,11.44,11.461,16900.3
1788265800000,11.457,11.458,11.345,11.387,11157
1788266700000,11.384,11.411,11.379,11.388,4497.8
1788267600000,11.385,11.426,11.335,11.395,74924.8
1788268500000,11.395,11.41,11.375,11.396,12435.8
1788269400000,11.398,11.472,11.321,11.382,76408.5
1788270300000,11.38,11.433,11.377,11.406,8132
1788271200000,11.406,11.48,11.391,11.459,11054.3
1788272100000,11.454,11.482,11.431,11.45,9063
1788273000000,11.446,11.476,11.433,11.476,2791.2
1788273900000,11.476,11.498,11.444,11.447,12759.7
1788274800000,11.449,11.451,11.352,11.375,8510.5
1788275700000,11.367,11.399,11.36,11.399,6057.4
1788276600000,11.4,11.437,11.387,11.427,7985.2
1788277500000,11.436,11.453,11.426,11.437,7593
1788278400000,11.437,11.455,11.371,11.371,101703.7
1788279300000,11.371,11.394,11.334,11.382,10423.7
1788280200000,11.365,11.381,11.31,11.348,6340.7
1788281100000,11.348,11.387,11.348,11.37,786.7
1788282000000,11.369,11.383,11.348,11.358,4983.7
1788282900000,11.363,11.39,11.342,11.39,1344.4
1788283800000,11.383,11.418,11.379,11.379,386
1788284700000,11.374,11.377,11.302,11.31,3082.4
1788285600000,11.318,11.33,11.235,11.256,17008.9
1788286500000,11.263,11.263,11.169,11.23,21441.5
1788287400000,11.227,11.243,11.097,11.114,32264.6
1788288300000,11.106,11.215,11.061,11.214,27984.8
1788289200000,11.214,11.262,11.209,11.232,16747.4
1788290100000,11.222,11.271,11.214,11.231,1787.2
1788291000000,11.233,11.239,11.209,11.23,2802.3
1788291900000,11.232,11.232,11.198,11.218,1759.2
1788292800000,11.224,11.246,11.184,11.246,4027.4
1788293700000,11.245,11.269,11.214,11.228,1863.4
1788294600000,11.231,11.242,11.213,11.215,3816.6
1788295500000,11.216,11.252,11.191,11.252,10190.8
1788296400000,11.245,11.26,11.075,11.135,294569.8
1788297300000,11.138,11.194,11.102,11.171,14497.5
1788298200000,11.176,11.181,11.153,11.168,2822.7
1788299100000,11.169,11.194,11.168,11.171,2035.2
1788300000000,11.172,11.212,11.164,11.203,2594.1
1788300900000,11.188,11.194,11.164,11.167,339.6
1788301800000,11.166,11.181,11.149,11.163,1229.5
1788302700000,11.156,11.207,11.156,11.166,1659.8
1788303600000,11.167,11.188,11.157,11.178,2732
1788304500000,11.179,11.193,11.156,11.191,6254.1
1788305400000,11.192,11.247,11.192,11.229,3725.5
1788306300000,11.229,11.246,11.216,11.232,2779.6
1788307200000,11.232,11.249,11.215,11.227,1420.9
1788308100000,11.227,11.228,11.164,11.164,1303.7
1788309000000,11.164,11.197,11.158,11.168,1992.9
1788309900000,11.173,11.179,11.161,11.161,1008.1
1788310800000,11.153,11.183,11.122,11.176,1724
1788311700000,11.167,11.189,11.139,11.139,2550.7
1788312600000,11.135,11.162,11.097,11.116,3866.2
1788313500000,11.122,11.137,11.069,11.118,9377.1
1788314400000,11.117,11.138,11.089,11.12,5120.9
1788315300000,11.12,11.182,11.12,11.179,10367.2
1788316200000,11.175,11.202,11.161,11.178,6973.9
1788317100000,11.179,11.181,11.163,11.169,1566.5
1788318000000,11.163,11.248,11.163,11.224,8592.7
1788318900000,11.222,11.29,11.218,11.264,22988.6
1788319800000,11.264,11.264,11.216,11.229,10093.4
1788320700000,11.229,11.237,11.194,11.208,2017.6
1788321600000,11.196,11.226,11.153,11.166,5572
1788322500000,11.178,11.195,11.154,11.18,3572.9
1788323400000,11.179,11.226,11.175,11.224,2481.5
1788324300000,11.22,11.257,11.209,11.251,6248.2
1788325200000,11.25,11.264,11.221,11.264,7310
1788326100000,11.265,11.295,11.265,11.285,2348.4
1788327000000,11.293,11.296,11.256,11.26,11671.2
1788327900000,11.26,11.291,11.256,11.288,6238.9
1788328800000,11.298,11.303,11.231,11.231,8212.2
1788329700000,11.223,11.255,11.212,11.212,3185.8
1788330600000,11.212,11.282,11.182,11.271,5100.7
1788331500000,11.268,11.27,11.235,11.254,430
1788332400000,11.251,11.303,11.249,11.292,11840.9
1788333300000,11.284,11.286,11.254,11.257,9511.7
1788334200000,11.259,11.275,11.236,11.236,33445
1788335100000,11.235,11.25,11.207,11.21,25034.6
1788336000000,11.213,11.235,11.189,11.21,22078.5
1788336900000,11.208,11.227,11.184,11.184,11456.5
1788337800000,11.183,11.183,11.093,11.1,16541.4
1788338700000,11.101,11.122,11.071,11.098,5663
1788339600000,11.101,11.156,11.101,11.129,2287.4
1788340500000,11.129,11.13,11.077,11.113,1322.9
1788341400000,11.098,11.098,11.02,11.031,9967.7
1788342300000,11.033,11.073,11.015,11.068,2762.3
1788343200000,11.065,11.069,11.007,11.03,2632.5
1788344100000,11.024,11.038,11.003,11.003,2344.1
1788345000000,11.009,11.022,10.962,10.994,50896.2
1788345900000,10.993,10.993,10.91,10.977,17287.1
1788346800000,10.973,10.981,10.932,10.976,21620.4
1788347700000,10.976,10.986,10.925,10.956,19993.9
1788348600000,10.957,11.045,10.952,11.012,17584.8
1788349500000,11.017,11.027,10.992,11.025,21882.7
1788350400000,11.025,11.027,10.999,11.026,6368.9
1788351300000,11.012,11.075,11.01,11.065,7788
1788352200000,11.061,11.063,11.019,11.02,2103
1788353100000,11.018,11.018,10.956,10.956,22659.6
1788354000000,10.963,11.024,10.963,11.005,7039.8
1788354900000,11.004,11.069,11.004,11.048,7049.7
1788355800000,11.045,11.208,11.003,11.208,7988.5
1788356700000,11.21,11.211,11.119,11.149,8843.6
1788357600000,11.147,11.159,11.116,11.153,7455.9
1788358500000,11.153,11.184,11.11,11.127,2573.1
1788359400000,11.125,11.131,11.076,11.129,1578.3
1788360300000,11.135,11.135,11.061,11.062,4542.4
1788361200000,11.059,11.104,11.013,11.037,6044.5
1788362100000,11.038,11.1,11.038,11.061,5274.4
1788363000000,11.065,11.119,11.049,11.11,3585.8
1788363900000,11.109,11.109,11.054,11.081,1923.4
1788364800000,11.071,11.132,11.071,11.118,3048.4
1788365700000,11.121,11.178,11.105,11.134,14080.5
1788366600000,11.143,11.156,11.093,11.093,605.5
1788367500000,11.092,11.112,11.068,11.072,894.9
1788368400000,11.082,11.086,11.034,11.06,1802.2
1788369300000,11.063,11.065,11.028,11.048,1611.5
1788370200000,11.051,11.1,11.051,11.1,1561.9
1788371100000,11.102,11.128,11.102,11.118,3026.6
1788372000000,11.121,11.138,11.105,11.138,1477.7
1788372900000,11.141,11.16,11.128,11.141,14348.4
1788373800000,11.142,11.159,11.116,11.121,2497.1
1788374700000,11.129,11.145,11.116,11.129,1387.5
1788375600000,11.13,11.139,11.114,11.125,1377.4
1788376500000,11.131,11.133,11.087,11.087,1069.9
1788377400000,11.079,11.095,11.062,11.089,2801.6
1788378300000,11.09,11.12,11.078,11.12,5567.6
1788379200000,11.121,11.174,11.107,11.134,11587
1788380100000,11.135,11.144,11.097,11.109,2457.8
1788381000000,11.115,11.146,11.108,11.113,1814
1788381900000,11.109,11.14,11.098,11.127,6213.6
1788382800000,11.128,11.129,11.083,11.09,2642.4
1788383700000,11.087,11.109,11.078,11.097,831.4
1788384600000,11.085,11.136,11.076,11.132,8023.7
1788385500000,11.131,11.131,11.098,11.098,1732.7
1788386400000,11.096,11.096,11.049,11.057,941.5
1788387300000,11.059,11.075,11.039,11.039,10820.7
1788388200000,11.04,11.072,11.04,11.07,4878.1
1788389100000,11.064,11.068,11.034,11.036,2496.2
1788390000000,11.035,11.085,11.028,11.085,11353.4
1788390900000,11.083,11.088,11.065,11.087,1338.8
1788391800000,11.085,11.094,11.068,11.073,1224.3
1788392700000,11.079,11.126,11.079,11.119,6037.7
1788393600000,11.117,11.124,11.074,11.076,4299.7
1788394500000,11.076,11.076,11.043,11.044,7856
1788395400000,11.044,11.067,11.031,11.042,4315.5
1788396300000,11.042,11.051,11.028,11.041,1380.8
1788397200000,11.037,11.132,11.001,11.131,5359.6
1788398100000,11.112,11.15,11.104,11.15,13586.1
1788399000000,11.153,11.163,11.12,11.139,3700.9
1788399900000,11.129,11.142,11.101,11.101,2877.3
1788400800000,11.096,11.125,11.082,11.125,557.4
1788401700000,11.125,11.15,11.117,11.15,900.4
1788402600000,11.155,11.212,11.155,11.196,4700.7
1788403500000,11.192,11.227,11.192,11.214,1443.4
1788404400000,11.21,11.212,11.181,11.207,565.4
1788405300000,11.199,11.199,11.163,11.183,1585.7
1788406200000,11.18,11.19,11.162,11.169,2639.9
1788407100000,11.165,11.201,11.165,11.19,1241.3
1788408000000,11.198,11.229,11.193,11.204,226
1788408900000,11.197,11.197,11.17,11.181,205.1
1788409800000,11.184,11.199,11.177,11.178,190
1788410700000,11.191,11.248,11.191,11.248,515
1788411600000,11.248,11.265,11.218,11.224,2544.2
1788412500000,11.225,11.225,11.1,11.116,16263.9
1788413400000,11.122,11.196,11.122,11.196,1200.6
1788414300000,11.186,11.238,11.174,11.23,2254.8
1788415200000,11.215,11.232,11.196,11.199,3884.3
1788416100000,11.197,11.211,11.192,11.208,441.8
1788417000000,11.206,11.235,11.198,11.235,4191.1
1788417900000,11.229,11.232,11.214,11.214,1304.4
1788418800000,11.213,11.282,11.211,11.274,10144.6
1788419700000,11.267,11.267,11.235,11.254,1394.6
1788420600000,11.232,11.27,11.228,11.248,1180.2
1788421500000,11.241,11.242,11.153,11.18,3135.3
1788422400000,11.181,11.263,11.181,11.231,2613.9
1788423300000,11.241,11.246,11.207,11.236,728.9
1788424200000,11.24,11.247,11.212,11.22,9507.6
1788425100000,11.22,11.23,11.196,11.202,3834.1
1788426000000,11.209,11.241,11.184,11.214,2724.1
1788426900000,11.222,11.233,11.197,11.197,3074.4
1788427800000,11.191,11.195,11.171,11.185,242.8
1788428700000,11.193,11.199,11.162,11.163,979.8
1788429600000,11.162,11.186,11.149,11.157,4477.6
1788430500000,11.163,11.211,11.152,11.173,864.1
1788431400000,11.172,11.182,11.129,11.13,978.2
1788432300000,11.138,11.194,11.138,11.192,1953.1
1788433200000,11.196,11.237,11.183,11.234,3912.4
1788434100000,11.234,11.284,11.234,11.278,10380.1
1788435000000,11.279,11.325,11.266,11.3,5714.9
1788435900000,11.299,11.302,11.261,11.273,4598.6
1788436800000,11.275,11.298,11.257,11.297,4691.1
1788437700000,11.299,11.304,11.275,11.281,1597.6
1788438600000,11.285,11.408,11.285,11.348,240716.9
1788439500000,11.353,11.436,11.353,11.43,16313.9
1788440400000,11.426,11.43,11.39,11.414,13314.6
1788441300000,11.412,11.418,11.374,11.382,3546
1788442200000,11.382,11.479,11.374,11.478,13085.4
1788443100000,11.479,11.482,11.434,11.444,9538.7
1788444000000,11.436,11.465,11.403,11.463,9610.7
1788444900000,11.465,11.534,11.465,11.529,19848.7
1788445800000,11.521,11.668,11.521,11.628,59754.4
1788446700000,11.629,11.8,11.627,11.8,34639
1788447600000,11.798,11.872,11.684,11.702,53838.5
1788448500000,11.71,11.73,11.675,11.712,17473.9
1788449400000,11.696,11.732,11.671,11.72,9956
1788450300000,11.715,11.794,11.668,11.793,9380.1
1788451200000,11.794,11.802,11.68,11.715,65146.4
1788452100000,11.711,11.711,11.639,11.671,6869.4
1788453000000,11.675,11.723,11.675,11.707,11781
1788453900000,11.713,11.74,11.706,11.732,23106.9
1788454800000,11.728,11.738,11.702,11.738,28903.7
1788455700000,11.738,11.738,11.712,11.726,2853.8
1788456600000,11.733,11.738,11.721,11.733,24827.8
1788457500000,11.733,11.759,11.719,11.744,24628.1
1788458400000,11.743,11.8,11.738,11.797,4696.4
1788459300000,11.794,11.802,11.766,11.768,1415.5
1788460200000,11.763,11.777,11.751,11.754,4183.2
1788461100000,11.757,11.822,11.755,11.822,6071.8
1788462000000,11.819,11.872,11.792,11.795,10445.1
1788462900000,11.797,11.884,11.793,11.872,79923.9
1788463800000,11.874,11.88,11.839,11.869,31183.2
1788464700000,11.868,11.875,11.83,11.868,28081.9
1788465600000,11.872,11.902,11.824,11.863,33534.2
1788466500000,11.861,11.893,11.845,11.883,29200.5
1788467400000,11.89,11.916,11.87,11.875,37887.6
1788468300000,11.875,11.919,11.875,11.896,43666.8
1788469200000,11.9,11.918,11.867,11.913,30422.2
1788470100000,11.913,11.922,11.899,11.918,33119.8
1788471000000,11.923,11.971,11.903,11.911,38688.8
1788471900000,11.911,11.962,11.888,11.953,25404.1
1788472800000,11.95,11.957,11.886,11.902,27993.5
1788473700000,11.905,11.946,11.859,11.859,27051.7
1788474600000,11.857,11.865,11.787,11.817,57341.3
1788475500000,11.819,11.859,11.816,11.845,37061.1
1788476400000,11.845,11.85,11.802,11.81,31607
1788477300000,11.807,11.835,11.787,11.835,27229.6
1788478200000,11.834,11.87,11.811,11.847,23265.7
1788479100000,11.843,11.86,11.83,11.843,12375.1
1788480000000,11.84,11.856,11.8,11.842,8863.5
1788480900000,11.842,11.869,11.826,11.837,3944.3
1788481800000,11.835,11.91,11.835,11.86,3486.6
1788482700000,11.859,11.867,11.797,11.797,3462.1
1788483600000,11.801,11.854,11.766,11.83,14233.3
1788484500000,11.837,11.868,11.819,11.826,1114.6
1788485400000,11.835,11.845,11.782,11.797,1470.2
1788486300000,11.796,11.908,11.794,11.904,6003.6
1788487200000,11.901,11.906,11.832,11.837,5356.5
1788488100000,11.844,11.85,11.814,11.818,5255.1
1788489000000,11.823,11.871,11.819,11.85,4844
1788489900000,11.854,11.912,11.839,11.912,1884.5
1788490800000,11.914,11.955,11.906,11.933,5073.8
1788491700000,11.933,11.934,11.891,11.9,3094.8
1788492600000,11.91,11.913,11.875,11.888,2948.2
1788493500000,11.89,11.904,11.88,11.896,860.3
1788494400000,11.889,11.909,11.869,11.909,2567.8
1788495300000,11.905,12,11.905,12,5946.6
1788496200000,11.999,12.007,11.943,11.945,9535.4
1788497100000,11.949,11.957,11.93,11.934,2228.8
1788498000000,11.928,11.966,11.896,11.933,6104.5
1788498900000,11.932,11.957,11.902,11.903,3185.2
1788499800000,11.902,11.914,11.88,11.911,2316.6
1788500700000,11.912,11.932,11.836,11.895,9710.1
1788501600000,11.889,11.93,11.869,11.905,4647.1
1788502500000,11.916,11.92,11.838,11.839,4133.9
1788503400000,11.838,11.888,11.817,11.885,16349.4
1788504300000,11.886,11.886,11.863,11.884,2444.8
1788505200000,11.884,11.981,11.884,11.976,8683.2
1788506100000,11.952,11.98,11.941,11.959,8669.1
1788507000000,11.969,11.972,11.912,11.946,2283.6
1788507900000,11.946,11.957,11.923,11.929,6104.8
1788508800000,11.931,11.941,11.895,11.927,2271.9
1788509700000,11.936,12.002,11.93,12.002,1472.1
1788510600000,12.001,12.029,11.958,11.975,9421.9
1788511500000,11.975,12.099,11.966,12.098,27227.9
1788512400000,12.096,12.14,12.064,12.093,15421.4
1788513300000,12.093,12.172,12.019,12.027,38884.1
1788514200000,12.024,12.123,12.016,12.076,11234.8
1788515100000,12.076,12.104,12.05,12.054,5234.6
1788516000000,12.052,12.063,11.964,11.977,9866.6
1788516900000,11.981,11.981,11.941,11.978,15824.1
1788517800000,11.973,12.079,11.97,12.079,2664
1788518700000,12.07,12.092,12.046,12.085,4880.6
1788519600000,12.083,12.093,12.04,12.053,6344.9
1788520500000,12.037,12.079,12.032,12.072,1821.3
1788521400000,12.061,12.077,12.047,12.055,3461.2
1788522300000,12.058,12.062,12.035,12.045,1270.8
1788523200000,12.049,12.072,12.026,12.058,20784.6
1788524100000,12.05,12.055,11.999,12.035,3891.4
1788525000000,12.03,12.03,11.436,11.661,161027.7
1788525900000,11.651,11.699,11.585,11.659,25691.2
1788526800000,11.651,11.671,11.572,11.583,15271.6
1788527700000,11.593,11.662,11.584,11.6,2167.1
1788528600000,11.602,11.645,11.548,11.641,8342.2
1788529500000,11.636,11.744,11.617,11.65,64181.2
1788530400000,11.649,11.683,11.606,11.644,58600.7
1788531300000,11.641,11.654,11.571,11.624,4068.2
1788532200000,11.623,11.647,11.518,11.534,21960.9
1788533100000,11.536,11.554,11.465,11.524,22658
1788534000000,11.524,11.591,11.501,11.591,3724.1
1788534900000,11.591,11.665,11.577,11.653,1950.2
1788535800000,11.653,11.684,11.652,11.684,920.2
1788536700000,11.683,11.685,11.653,11.668,4996.1
1788537600000,11.657,11.682,11.644,11.663,8854.2
1788538500000,11.664,11.687,11.661,11.679,18067.2
1788539400000,11.682,11.728,11.682,11.72,27228.9
1788540300000,11.72,11.732,11.7,11.7,3501
1788541200000,11.702,11.702,11.655,11.655,6155.5
1788542100000,11.654,11.654,11.618,11.624,879.1
1788543000000,11.626,11.635,11.593,11.606,837
1788543900000,11.599,11.608,11.583,11.601,2739.1
1788544800000,11.599,11.64,11.599,11.613,841
1788545700000,11.616,11.644,11.616,11.633,315.7
1788546600000,11.641,11.669,11.638,11.669,501.4
1788547500000,11.668,11.676,11.658,11.665,3890.3
1788548400000,11.67,11.69,11.661,11.671,10786.9
1788549300000,11.665,11.725,11.662,11.725,7353.8
1788550200000,11.725,11.725,11.701,11.715,17800.6
1788551100000,11.706,11.736,11.7,11.721,5937.8
1788552000000,11.721,11.728,11.693,11.696,2456
1788552900000,11.693,11.72,11.693,11.696,1486.1
1788553800000,11.696,11.722,11.696,11.709,1766.4
1788554700000,11.698,11.706,11.68,11.68,4846.3
1788555600000,11.68,11.704,11.679,11.701,3931.4
1788556500000,11.694,11.704,11.66,11.669,2143.5
1788557400000,11.668,11.69,11.666,11.673,1124.3
1788558300000,11.676,11.681,11.61,11.617,6367.3
1788559200000,11.618,11.648,11.618,11.645,9219.6
1788560100000,11.639,11.653,11.637,11.649,1511.7
1788561000000,11.651,11.651,11.633,11.633,462.9
1788561900000,11.632,11.634,11.623,11.624,686.3
1788562800000,11.623,11.623,11.604,11.611,2248
1788563700000,11.612,11.64,11.605,11.629,3488.9
1788564600000,11.63,11.645,11.622,11.64,2624.1
1788565500000,11.644,11.656,11.637,11.64,1079.5
1788566400000,11.64,11.642,11.611,11.635,4090.6
1788567300000,11.632,11.637,11.616,11.625,6300.8
1788568200000,11.623,11.657,11.615,11.648,6149
1788569100000,11.644,11.659,11.622,11.622,5705.9
1788570000000,11.624,11.675,11.619,11.656,4696.8
1788570900000,11.657,11.676,11.641,11.662,1572.1
1788571800000,11.665,11.671,11.65,11.66,2828.5
1788572700000,11.662,11.67,11.633,11.634,1176.6
1788573600000,11.632,11.659,11.622,11.659,1943.3
1788574500000,11.662,11.695,11.657,11.66,1315
1788575400000,11.667,11.703,11.667,11.7,2000.1
1788576300000,11.698,11.698,11.665,11.691,681.8
1788577200000,11.69,11.699,11.677,11.69,928.4
1788578100000,11.692,11.706,11.678,11.691,2503.2
1788579000000,11.691,11.71,11.686,11.71,1809.4
1788579900000,11.71,11.71,11.671,11.671,89
1788580800000,11.679,11.679,11.648,11.65,1598.3
1788581700000,11.649,11.679,11.649,11.671,1072.1
1788582600000,11.675,11.679,11.663,11.676,1307.2
1788583500000,11.661,11.661,11.638,11.643,258.7
1788584400000,11.659,11.683,11.624,11.681,2827.4
1788585300000,11.67,11.677,11.632,11.653,1094.9
1788586200000,11.65,11.652,11.621,11.641,227.6
1788587100000,11.634,11.664,11.619,11.653,1190.9
1788588000000,11.654,11.676,11.645,11.66,570.1
1788588900000,11.66,11.686,11.658,11.686,4263.6
1788589800000,11.686,11.73,11.686,11.725,22807.7
1788590700000,11.725,11.736,11.707,11.717,15918.7
1788591600000,11.719,11.751,11.714,11.747,7932.1
1788592500000,11.749,11.759,11.722,11.754,2316.8
1788593400000,11.759,11.773,11.756,11.77,2892.1
1788594300000,11.769,11.783,11.736,11.748,6920.1
1788595200000,11.747,11.766,11.739,11.745,3696
1788596100000,11.749,11.787,11.735,11.769,2814.9
1788597000000,11.77,11.77,11.732,11.766,2117.5
1788597900000,11.765,11.798,11.759,11.795,7895.3
1788598800000,11.8,11.834,11.8,11.822,11021.7
1788599700000,11.813,11.879,11.796,11.856,13771.6
1788600600000,11.855,11.857,11.819,11.833,5038.8
1788601500000,11.833,11.839,11.811,11.811,678.6
1788602400000,11.813,11.816,11.797,11.798,6767.9
1788603300000,11.797,11.801,11.762,11.767,2708.6
1788604200000,11.77,11.804,11.77,11.774,4196.5
1788605100000,11.771,11.78,11.759,11.759,1675.1
1788606000000,11.76,11.767,11.744,11.766,2946.1
1788606900000,11.761,11.761,11.734,11.738,4254.1
1788607800000,11.74,11.749,11.725,11.725,2855.7
1788608700000,11.733,11.758,11.725,11.734,6548.6
1788609600000,11.736,11.757,11.736,11.757,5453.7
1788610500000,11.754,11.766,11.743,11.76,1550.7
1788611400000,11.751,11.845,11.751,11.83,5512.8
1788612300000,11.831,11.855,11.831,11.844,1215.3
1788613200000,11.851,11.873,11.843,11.872,1939.2
1788614100000,11.873,11.876,11.834,11.841,1563.2
1788615000000,11.839,11.893,11.838,11.874,15440.8
1788615900000,11.886,11.892,11.828,11.849,6473.7
1788616800000,11.857,11.89,11.857,11.871,7198.7
1788617700000,11.874,11.897,11.867,11.896,5871.3
1788618600000,11.895,11.907,11.872,11.872,3265.7
1788619500000,11.875,11.905,11.856,11.896,24738.8
1788620400000,11.896,11.932,11.892,11.93,5624.8
1788621300000,11.929,11.967,11.889,11.925,5505.6
1788622200000,11.925,11.966,11.91,11.961,2014.1
1788623100000,11.956,11.971,11.939,11.956,1336.2
1788624000000,11.957,11.96,11.928,11.94,1484.6
1788624900000,11.944,11.948,11.92,11.929,11985.6
1788625800000,11.94,11.95,11.906,11.918,793.9
1788626700000,11.927,11.995,11.927,11.981,4133
1788627600000,11.98,12.133,11.968,12.129,11202.9
1788628500000,12.127,12.252,12.085,12.162,37205.8
1788629400000,12.164,12.168,12.011,12.054,20251.1
1788630300000,12.057,12.111,12.035,12.107,13165.5
1788631200000,12.112,12.114,12.055,12.066,9894
1788632100000,12.067,12.099,12.054,12.054,3091.9
1788633000000,12.062,12.082,12.04,12.054,1612.1
1788633900000,12.054,12.062,12.039,12.05,2528
1788634800000,12.04,12.04,12.009,12.03,2558
1788635700000,12.031,12.077,12.031,12.077,11882.1
1788636600000,12.085,12.095,12.034,12.063,2584.1
1788637500000,12.061,12.061,11.987,12.012,9079.4
1788638400000,12.026,12.055,11.993,12.02,21185
1788639300000,12.016,12.033,11.986,11.994,9347.1
1788640200000,11.995,12.036,11.966,12.036,2807.5
1788641100000,12.036,12.054,12.02,12.033,1883.5
1788642000000,12.032,12.062,12.016,12.061,43184.8
1788642900000,12.052,12.091,12.045,12.089,685.8
1788643800000,12.089,12.112,12.071,12.094,8508.5
1788644700000,12.107,12.114,12.085,12.091,2843.2
1788645600000,12.098,12.11,12.074,12.078,3241.8
1788646500000,12.074,12.093,11.999,12.002,4570.5
1788647400000,12.016,12.051,12.015,12.016,923.1
1788648300000,12.014,12.027,12.006,12.015,1801.5
1788649200000,12.015,12.015,11.988,11.991,6081
1788650100000,11.986,12.038,11.986,12.036,1133.2
1788651000000,12.04,12.08,12.023,12.047,4796.3
1788651900000,12.037,12.083,12.037,12.059,1169.7
1788652800000,12.057,12.084,12.051,12.066,6239.2
1788653700000,12.066,12.105,12.065,12.096,8120.5
1788654600000,12.099,12.144,12.077,12.127,10150.9
1788655500000,12.124,12.185,12.124,12.16,6258.7
1788656400000,12.174,12.249,12.146,12.229,16832
1788657300000,12.239,12.239,12.18,12.209,7991.7
1788658200000,12.218,12.315,12.216,12.253,18427
1788659100000,12.251,12.381,12.248,12.373,14282.5
1788660000000,12.373,12.47,12.373,12.384,17651.7
1788660900000,12.39,12.396,12.279,12.283,9907
1788661800000,12.283,12.292,12.244,12.245,1953.4
1788662700000,12.252,12.277,12.229,12.246,12244.2
1788663600000,12.238,12.253,12.217,12.249,13266.3
1788664500000,12.249,12.251,12.198,12.209,6694.1
1788665400000,12.213,12.271,12.205,12.265,13211.9
1788666300000,12.265,12.278,12.217,12.229,7352.4
1788667200000,12.23,12.235,12.185,12.2,7618.9
1788668100000,12.2,12.2,12.134,12.151,7323.7
1788669000000,12.155,12.178,12.131,12.177,2946.2
1788669900000,12.178,12.202,12.16,12.16,2901.1
1788670800000,12.171,12.194,12.149,12.15,1001.8
1788671700000,12.153,12.2,12.145,12.197,2669.5
1788672600000,12.198,12.341,12.188,12.324,17216.3
1788673500000,12.33,12.343,12.29,12.297,7692.1
1788674400000,12.302,12.309,12.27,12.27,2314.6
1788675300000,12.274,12.279,12.251,12.253,1186
1788676200000,12.251,12.279,12.235,12.279,2802.3
1788677100000,12.287,12.302,12.25,12.254,8619.3
1788678000000,12.253,12.292,12.145,12.168,6304.6
1788678900000,12.174,12.241,12.174,12.228,6939.2
1788679800000,12.225,12.235,12.21,12.227,1578.8
1788680700000,12.229,12.244,12.211,12.217,3213
1788681600000,12.217,12.256,12.204,12.251,5058.3
1788682500000,12.254,12.268,12.224,12.229,8228.1
1788683400000,12.222,12.229,12.185,12.189,22468.4
1788684300000,12.188,12.23,12.178,12.208,13585.7
1788685200000,12.207,12.278,12.193,12.278,5747.7
1788686100000,12.278,12.328,12.276,12.328,11023.8
1788687000000,12.315,12.33,12.26,12.286,3070.4
1788687900000,12.289,12.315,12.277,12.292,2444.7
1788688800000,12.291,12.318,12.282,12.282,469.5
1788689700000,12.281,12.298,12.255,12.261,11877.1
1788690600000,12.254,12.293,12.245,12.29,2703.2
1788691500000,12.295,12.327,12.284,12.322,7294.9
1788692400000,12.322,12.324,12.274,12.302,10641.8
1788693300000,12.302,12.311,12.263,12.281,1956
1788694200000,12.274,12.318,12.269,12.285,6951.8
1788695100000,12.281,12.31,12.275,12.288,4553.2
1788696000000,12.287,12.309,12.265,12.309,4418.3
1788696900000,12.309,12.354,12.303,12.351,10066.8
1788697800000,12.355,12.391,12.32,12.321,14004.4
1788698700000,12.323,12.425,12.26,12.361,246800.3
1788699600000,12.361,12.408,12.325,12.344,18824.1
1788700500000,12.344,12.344,12.272,12.283,21988
1788701400000,12.284,12.319,12.262,12.297,12678.8
1788702300000,12.296,12.363,12.288,12.346,5521.1
1788703200000,12.343,12.413,12.314,12.326,14633.4
1788704100000,12.327,12.348,12.197,12.202,35314.3
1788705000000,12.198,12.229,12.082,12.229,28789.6
1788705900000,12.221,12.234,12.171,12.174,10629.8
1788706800000,12.174,12.181,12.117,12.148,7628.6
1788707700000,12.158,12.211,12.153,12.191,29805.8
1788708600000,12.191,12.224,12.162,12.224,11916.3
1788709500000,12.224,12.262,12.208,12.226,13492.2
1788710400000,12.231,12.272,12.211,12.258,13049.2
1788711300000,12.258,12.349,12.252,12.337,11230.2
1788712200000,12.335,12.391,12.324,12.365,2723.1
1788713100000,12.358,12.38,12.331,12.361,4729.1
1788714000000,12.361,12.365,12.271,12.305,3976.9
1788714900000,12.303,12.338,12.289,12.289,1988.9
1788715800000,12.286,12.337,12.273,12.314,4716.2
1788716700000,12.333,12.348,12.308,12.325,3539.7
1788717600000,12.327,12.343,12.317,12.339,18946
1788718500000,12.333,12.394,12.329,12.39,7592.4
1788719400000,12.39,12.44,12.39,12.419,11087.1
1788720300000,12.424,12.44,12.382,12.403,20109.7
1788721200000,12.397,12.403,12.357,12.372,3639
1788722100000,12.37,12.38,12.339,12.361,3133.2
1788723000000,12.362,12.362,12.324,12.351,2477
1788723900000,12.353,12.405,12.348,12.393,476.2
1788724800000,12.395,12.404,12.35,12.352,10607.8
1788725700000,12.357,12.448,12.357,12.448,15498.6
1788726600000,12.448,12.816,12.437,12.802,145051.9
1788727500000,12.8,13.154,12.75,13.109,207428.8
1788728400000,13.119,13.377,13.087,13.088,376261.9
1788729300000,13.098,13.235,12.949,12.963,112716.6
1788730200000,12.974,12.99,12.916,12.935,45923.4
1788731100000,12.94,13.009,12.868,12.888,38723.7
1788732000000,12.897,12.904,12.814,12.868,51448.7
1788732900000,12.871,12.881,12.785,12.872,17985.7
1788733800000,12.871,13.01,12.869,12.979,53076
1788734700000,12.977,13.098,12.976,13.057,21918.4
1788735600000,13.06,13.192,13.042,13.143,65169.7
1788736500000,13.14,13.235,13.133,13.187,16289.1
1788737400000,13.188,13.275,13.177,13.232,8413.5
1788738300000,13.23,13.268,13.209,13.252,6083.1
1788739200000,13.247,13.315,13.184,13.291,32585.7
1788740100000,13.29,13.325,13.261,13.277,7619.6
1788741000000,13.275,13.339,13.24,13.298,27381.2
1788741900000,13.275,13.29,13.1,13.155,79501
1788742800000,13.154,13.206,13.091,13.125,18193.5
1788743700000,13.113,13.113,13.036,13.079,12956.5
1788744600000,13.063,13.115,13.033,13.033,30097.2
1788745500000,13.047,13.076,13.004,13.018,11695.3
1788746400000,13.018,13.035,12.949,12.963,7999.2
1788747300000,12.968,13.033,12.959,13.033,4367
1788748200000,13.013,13.323,12.995,13.261,28274.5
1788749100000,13.263,13.299,13.093,13.094,10600.1
1788750000000,13.105,13.132,13.075,13.077,3700.1
1788750900000,13.074,13.085,13.018,13.018,1716
1788751800000,13.021,13.025,12.96,12.998,12354.8
1788752700000,12.998,13.06,12.996,13.043,4021.8
1788753600000,13.045,13.124,13.028,13.109,47102.8
1788754500000,13.108,13.219,13.108,13.131,45767.8
1788755400000,13.126,13.15,13.029,13.102,6572.8
1788756300000,13.104,13.11,13.035,13.094,5662.4
1788757200000,13.072,13.195,13.072,13.177,11498.7
1788758100000,13.178,13.343,13.171,13.278,22903.1
1788759000000,13.256,13.555,13.256,13.547,86548.1
1788759900000,13.543,13.597,13.403,13.456,22424.7
1788760800000,13.456,13.696,13.434,13.623,30483.3
1788761700000,13.623,13.67,13.496,13.506,19917.5
1788762600000,13.505,13.524,13.389,13.392,49274.8
1788763500000,13.399,13.403,13.346,13.356,10282.9
1788764400000,13.359,13.401,13.318,13.372,8519.8
1788765300000,13.376,13.38,13.221,13.259,21274.8
1788766200000,13.269,13.317,13.189,13.237,13778.9