timestamp,open,high,low,close,volume
1784259000000,75.374,75.399,75.218,75.272,72804.46
1784259900000,75.276,75.279,75.148,75.2,7225.41
1784260800000,75.199,75.199,75.037,75.071,3782.49
1784261700000,75.063,75.114,74.717,74.896,30112.75
1784262600000,74.905,75.16,74.858,75.119,54123.75
1784263500000,75.117,75.322,75.116,75.227,27544.86
1784264400000,75.206,75.206,75.027,75.151,9139.67
1784265300000,75.152,75.163,74.789,74.789,7424.07
1784266200000,74.798,74.892,74.603,74.686,80218.65
1784267100000,74.685,74.686,74.223,74.366,57726.75
1784268000000,74.36,74.612,74.289,74.528,33375.32
1784268900000,74.523,74.717,74.425,74.682,10158.19
1784269800000,74.681,74.706,74.58,74.596,5297.55
1784270700000,74.604,74.604,74.468,74.561,5302.82
1784271600000,74.563,74.599,74.493,74.498,14864.81
1784272500000,74.521,74.544,74.397,74.54,15544.22
1784273400000,74.534,74.671,74.418,74.633,20385.49
1784274300000,74.632,74.724,74.561,74.581,13257.98
1784275200000,74.58,74.646,74.494,74.612,5343.13
1784276100000,74.612,74.612,74.314,74.48,14472.98
1784277000000,74.47,74.47,74.16,74.449,23338.43
1784277900000,74.444,74.602,74.443,74.493,12936.88
1784278800000,74.494,74.61,74.451,74.61,6178.33
1784279700000,74.609,74.686,74.481,74.644,12848.24
1784280600000,74.645,74.775,74.616,74.759,7636.71
1784281500000,74.76,74.763,74.6,74.629,6354.99
1784282400000,74.641,74.791,74.601,74.782,35596.45
1784283300000,74.782,74.801,74.673,74.711,6372.67
1784284200000,74.694,74.8,74.688,74.791,6620.83
1784285100000,74.792,74.845,74.761,74.765,5393.18
1784286000000,74.765,74.808,74.654,74.662,12840.13
1784286900000,74.661,74.801,74.619,74.779,8015.7
1784287800000,74.787,74.981,74.728,74.899,15591.53
1784288700000,74.899,74.93,74.806,74.827,3841.69
1784289600000,74.827,74.852,74.652,74.677,7905.41
1784290500000,74.707,74.767,74.593,74.632,7540.52
1784291400000,74.632,74.641,74.342,74.415,21943.38
1784292300000,74.415,74.471,74.337,74.356,11965.37
1784293200000,74.357,74.357,73.533,73.693,86523.81
1784294100000,73.699,73.865,73.6,73.793,26712.01
1784295000000,73.808,73.934,73.355,73.473,74473.13
1784295900000,73.463,74.3,73.329,74.27,52247.7
1784296800000,74.287,74.784,74.267,74.584,59278.52
1784297700000,74.58,74.666,74.377,74.427,13269.73
1784298600000,74.428,74.556,74.067,74.39,19201.99
1784299500000,74.404,74.404,74.19,74.295,9218.34
1784300400000,74.277,74.283,73.864,73.935,36855.3
1784301300000,73.933,74.232,73.797,74.213,20898.46
1784302200000,74.229,74.483,74.06,74.402,12532.72
1784303100000,74.403,74.753,74.312,74.733,33162.02
1784304000000,74.751,74.904,74.61,74.773,22739.97
1784304900000,74.773,74.897,74.592,74.798,12231.79
1784305800000,74.786,75.061,74.724,75.022,11139.4
1784306700000,75.023,75.085,74.887,74.913,25492.81
1784307600000,74.913,75.568,74.913,75.296,49962.39
1784308500000,75.297,75.377,75.151,75.25,11625.47
1784309400000,75.24,75.304,75.12,75.171,5159.66
1784310300000,75.168,75.33,75.14,75.207,8379.06
1784311200000,75.207,75.272,75.115,75.218,6822.36
1784312100000,75.219,75.219,74.984,75.074,13604.6
1784313000000,75.074,75.149,74.939,75.064,12241.32
1784313900000,75.051,75.355,75.049,75.298,10951.05
1784314800000,75.297,75.344,75.006,75.006,17697.73
1784315700000,75,75.04,74.85,75.01,16925.1
1784316600000,75.025,75.154,74.987,75.145,3443.35
1784317500000,75.137,75.226,75.082,75.17,9118.01
1784318400000,75.165,75.175,74.916,74.985,6553.23
1784319300000,74.985,75.045,74.956,75.044,1742.41
1784320200000,75.004,75.043,74.865,75.012,6312.81
1784321100000,75.012,75.126,74.927,75.06,5367.48
1784322000000,75.06,75.204,75.06,75.108,5111.91
1784322900000,75.108,75.169,75.069,75.114,2334.08
1784323800000,75.099,75.103,74.942,74.944,5144.24
1784324700000,74.946,75.031,74.937,74.988,1743.22
1784325600000,74.988,75.078,74.906,74.913,10306.14
1784326500000,74.901,74.945,74.816,74.869,4082.53
1784327400000,74.872,74.921,74.842,74.908,2468.11
1784328300000,74.908,74.992,74.908,74.981,2201
1784329200000,74.987,74.987,74.807,74.874,10959.19
1784330100000,74.875,75,74.868,75,2868.97
1784331000000,75,75.097,74.993,75.011,2261.25
1784331900000,75.001,75.053,74.974,74.993,5817.79
1784332800000,74.996,75.179,74.972,75.172,27429.03
1784333700000,75.172,75.231,75.119,75.175,5475.72
1784334600000,75.176,75.176,75.053,75.075,4728.6
1784335500000,75.076,75.109,75.02,75.054,8678.01
1784336400000,75.055,75.105,75.026,75.04,2047.32
1784337300000,75.04,75.178,75.018,75.164,2882.22
1784338200000,75.164,75.164,75.053,75.123,1427.01
1784339100000,75.124,75.197,75.123,75.181,831.29
1784340000000,75.2,75.25,75.116,75.226,30469.98
1784340900000,75.227,75.327,75.227,75.29,5621.35
1784341800000,75.29,75.413,75.275,75.276,10535.7
1784342700000,75.277,75.289,75.171,75.181,2397.18
1784343600000,75.184,75.295,75.18,75.21,13622.92
1784344500000,75.21,75.248,75.129,75.129,6170.36
1784345400000,75.13,75.242,75.126,75.194,3980.55
1784346300000,75.198,75.347,75.189,75.343,2658.56
1784347200000,75.348,75.348,75.234,75.234,3253.84
1784348100000,75.234,75.234,75.136,75.203,2213.25
1784349000000,75.203,75.206,75.03,75.054,2252.22
1784349900000,75.054,75.109,75.054,75.077,1552.14
1784350800000,75.064,75.075,74.951,74.959,3907.78
1784351700000,74.96,75.039,74.938,74.995,1248.28
1784352600000,74.995,75.012,74.906,74.917,2120.62
1784353500000,74.917,74.957,74.835,74.895,23002.01
1784354400000,74.896,74.947,74.88,74.931,7910.16
1784355300000,74.931,75.05,74.93,75.008,4467.62
1784356200000,75.01,75.013,74.929,74.993,2560.21
1784357100000,74.993,75.042,74.942,74.943,2366.06
1784358000000,74.94,75.004,74.869,74.882,6157.56
1784358900000,74.877,74.922,74.87,74.911,1714.12
1784359800000,74.9,74.989,74.87,74.988,5602.53
1784360700000,74.988,75.005,74.876,74.924,5110.34
1784361600000,74.925,74.925,74.733,74.869,13656.47
1784362500000,74.87,74.959,74.869,74.952,2904.18
1784363400000,74.95,74.988,74.887,74.89,1728.51
1784364300000,74.89,74.961,74.889,74.91,3021.25
1784365200000,74.931,74.964,74.806,74.843,2979.28
1784366100000,74.843,74.847,74.648,74.648,8794.63
1784367000000,74.649,74.741,74.636,74.712,3032.47
1784367900000,74.713,74.808,74.709,74.805,5210.63
1784368800000,74.804,74.859,74.798,74.806,1563.45
1784369700000,74.794,74.875,74.761,74.875,769
1784370600000,74.877,74.914,74.812,74.821,3133.47
1784371500000,74.821,74.856,74.82,74.855,756.77
1784372400000,74.855,74.921,74.855,74.904,1435.77
1784373300000,74.905,74.971,74.896,74.971,1990.01
1784374200000,74.971,74.971,74.869,74.898,11495.02
1784375100000,74.898,74.968,74.874,74.917,1613.96
1784376000000,74.917,75.138,74.916,74.965,19941.75
1784376900000,74.968,74.971,74.689,74.714,20304.79
1784377800000,74.706,74.918,74.682,74.914,7546.39
1784378700000,74.914,75.043,74.913,74.977,4158.01
1784379600000,74.961,74.961,74.648,74.648,5802.53
1784380500000,74.641,74.711,74.477,74.651,12756.83
1784381400000,74.652,74.723,74.631,74.686,8339.2
1784382300000,74.687,74.703,74.634,74.697,6217.71
1784383200000,74.707,74.768,74.615,74.768,5725.89
1784384100000,74.759,74.871,74.698,74.867,10825.72
1784385000000,74.867,74.931,74.792,74.929,13767.06
1784385900000,74.928,74.96,74.883,74.959,3537.97
1784386800000,74.959,74.96,74.821,74.867,11434.67
1784387700000,74.876,74.958,74.82,74.839,1829.01
1784388600000,74.838,74.933,74.821,74.821,1823.54
1784389500000,74.821,74.999,74.784,74.934,5626.36
1784390400000,74.931,75.012,74.812,75.009,11775.2
1784391300000,75.008,75.061,74.91,74.972,17677.55
1784392200000,74.975,75.095,74.972,75.02,1370.13
1784393100000,75.02,75.263,75.017,75.126,10052.8
1784394000000,75.136,75.156,75.026,75.11,9549.3
1784394900000,75.109,75.31,75.052,75.086,11325.73
1784395800000,75.085,75.315,75.07,75.273,31202.6
1784396700000,75.272,75.353,75.228,75.319,14011.51
1784397600000,75.308,75.503,75.234,75.26,11623.92
1784398500000,75.259,75.583,75.238,75.42,10646.43
1784399400000,75.422,75.428,75.161,75.161,3984.61
1784400300000,75.16,75.284,75.16,75.249,10635.46
1784401200000,75.247,75.302,75.197,75.238,2588.11
1784402100000,75.241,75.413,75.206,75.228,16106.94
1784403000000,75.236,75.319,75.217,75.318,1675.52
1784403900000,75.319,75.403,75.306,75.402,2784.82
1784404800000,75.402,75.457,75.338,75.449,10295.19
1784405700000,75.448,75.548,75.377,75.385,4976.36
1784406600000,75.385,75.385,75.301,75.324,9100.69
1784407500000,75.326,75.434,75.3,75.426,2418.44
1784408400000,75.425,75.523,75.398,75.523,1979.05
1784409300000,75.523,75.593,75.431,75.476,13832.31
1784410200000,75.477,75.477,75.351,75.352,1909.14
1784411100000,75.351,75.48,75.322,75.452,870
1784412000000,75.454,75.581,75.409,75.492,13170.18
1784412900000,75.492,75.537,75.426,75.437,4896.93
1784413800000,75.437,75.465,75.356,75.464,18660.45
1784414700000,75.463,75.557,75.437,75.548,16492
1784415600000,75.524,75.546,75.371,75.397,13176.25
1784416500000,75.41,75.561,75.41,75.544,8650.21
1784417400000,75.544,75.549,75.457,75.463,10247.24
1784418300000,75.465,75.509,75.43,75.491,8840.51
1784419200000,75.496,75.527,75.457,75.475,12146.74
1784420100000,75.475,75.567,75.43,75.463,10951.55
1784421000000,75.462,75.517,75.455,75.512,8704.6
1784421900000,75.512,75.657,75.496,75.595,12887.3
1784422800000,75.61,75.628,75.547,75.586,13042.11
1784423700000,75.595,75.626,75.551,75.562,13053.12
1784424600000,75.55,75.559,75.502,75.559,8140.06
1784425500000,75.56,75.69,75.56,75.647,3851.16
1784426400000,75.648,76.253,75.647,76.082,115482.39
1784427300000,76.09,76.202,75.933,76.042,17060.84
1784428200000,76.06,76.543,76.06,76.249,40416.14
1784429100000,76.25,76.323,76.176,76.176,9768.15
1784430000000,76.177,76.392,75.992,75.999,13727.47
1784430900000,75.999,76,75.789,75.867,8787.42
1784431800000,75.854,75.969,75.845,75.897,19451.92
1784432700000,75.897,75.957,75.847,75.957,6612.8
1784433600000,75.942,75.943,75.723,75.768,15595.75
1784434500000,75.768,75.876,75.765,75.876,5084.49
1784435400000,75.876,76.042,75.851,75.964,9277.65
1784436300000,75.964,76.029,75.919,75.976,2514.58
1784437200000,75.993,76.08,75.978,76.076,12969.33
1784438100000,76.077,76.077,75.958,75.973,2759.47
1784439000000,75.969,75.973,75.876,75.932,3403.5
1784439900000,75.933,76.033,75.932,75.957,3941.67
1784440800000,75.958,76.027,75.923,76.001,3150.2
1784441700000,75.997,76.07,75.965,76.017,5514.4
1784442600000,75.993,76.076,75.956,76.042,4565.29
1784443500000,76.059,76.122,75.988,76.088,4632.05
1784444400000,76.089,76.107,75.975,76.023,4154.42
1784445300000,76.023,76.201,76.014,76.165,3444.44
1784446200000,76.159,76.295,76.137,76.231,10868.96
1784447100000,76.231,76.233,76.049,76.089,7168.76
1784448000000,76.108,76.276,76.046,76.248,5150.72
1784448900000,76.212,76.212,76.128,76.18,3730.57
1784449800000,76.179,76.269,76.114,76.248,4268.41
1784450700000,76.245,76.347,76.204,76.25,3003.2
1784451600000,76.25,76.287,76.115,76.115,3786.5
1784452500000,76.115,76.115,75.911,76.015,11244.96
1784453400000,76.016,76.088,75.904,75.944,7588.09
1784454300000,75.945,76.018,75.933,75.993,3319.55
1784455200000,75.97,76.044,75.894,75.985,2768.79
1784456100000,75.986,76.055,75.979,76.055,3417.18
1784457000000,76.055,76.183,76.03,76.181,11712.73
1784457900000,76.182,76.477,76.182,76.236,12235.42
1784458800000,76.24,76.358,76.145,76.226,3279.23
1784459700000,76.253,76.387,76.221,76.252,4361.05
1784460600000,76.241,76.266,76.128,76.179,5993.94
1784461500000,76.189,76.195,76.019,76.04,4913.19
1784462400000,76.038,76.038,75.737,75.737,80911.33
1784463300000,75.738,76.201,75.716,75.951,80655.9
1784464200000,75.951,76.14,75.951,76.051,2503.51
1784465100000,76.02,76.022,75.9,75.993,11908.19
1784466000000,76,76.015,75.913,75.913,3389.82
1784466900000,75.9,75.999,75.86,75.987,2041.51
1784467800000,75.999,76.077,75.96,75.973,32227.58
1784468700000,75.963,76.114,75.962,76.081,4664.41
1784469600000,76.081,76.281,76.081,76.254,25207.65
1784470500000,76.253,76.268,76.044,76.228,3474.03
1784471400000,76.229,76.463,76.217,76.371,10331.44
1784472300000,76.371,76.659,76.352,76.398,24013.95
1784473200000,76.395,76.45,76.211,76.301,8541.85
1784474100000,76.304,76.327,76.081,76.087,7362.1
1784475000000,76.096,76.264,76.082,76.19,14323.22
1784475900000,76.173,76.273,76.142,76.184,9472.52
1784476800000,76.184,76.255,76,76.089,8428.84
1784477700000,76.089,76.158,76.034,76.069,2970.32
1784478600000,76.068,76.068,75.91,75.938,12948.17
1784479500000,75.939,75.958,75.832,75.882,15499.8
1784480400000,75.882,76.145,75.544,76.145,32301.72
1784481300000,76.122,76.189,75.998,76.088,18598.41
1784482200000,76.087,76.196,75.971,75.991,7078.12
1784483100000,75.991,76.034,75.94,75.944,8402.86
1784484000000,75.944,75.955,75.334,75.644,23462.05
1784484900000,75.644,75.666,75.535,75.55,7253.94
1784485800000,75.531,75.71,75.49,75.661,4834.83
1784486700000,75.676,75.715,75.578,75.715,6660.91
1784487600000,75.715,75.828,75.591,75.803,5535.05
1784488500000,75.802,75.818,75.748,75.81,5410.39
1784489400000,75.809,75.85,75.736,75.736,1197.74
1784490300000,75.736,75.846,75.7,75.845,1919.97
1784491200000,75.846,75.972,75.846,75.917,4722.28
1784492100000,75.907,75.952,75.83,75.921,5776.82
1784493000000,75.926,76.046,75.909,76.011,2871.55
1784493900000,76.01,76.101,75.969,76.101,2973.63
1784494800000,76.102,76.212,76.079,76.17,9317.58
1784495700000,76.16,76.175,75.95,76.014,6908.88
1784496600000,76.014,76.014,75.65,75.765,81576.15
1784497500000,75.765,75.847,75.681,75.744,5203.66
1784498400000,75.738,76.135,75.618,76.085,11745.83
1784499300000,76.086,76.389,76.086,76.119,26730.16
1784500200000,76.119,76.218,76.01,76.212,14012.01
1784501100000,76.207,76.207,76.056,76.063,2203.79
1784502000000,76.068,76.133,75.864,76.116,6874.33
1784502900000,76.108,76.351,76.033,76.229,62402.79
1784503800000,76.229,76.5,76.229,76.5,67171.51
1784504700000,76.5,76.509,76.28,76.346,23805.5
1784505600000,76.346,76.872,76.118,76.84,86788.72
1784506500000,76.834,77.091,76.554,76.707,51702.5
1784507400000,76.704,77.026,76.584,76.908,34299.31
1784508300000,76.907,76.975,76.288,76.534,30458.43
1784509200000,76.548,77.358,76.537,76.96,69203.1
1784510100000,76.961,77.207,76.701,76.888,122007.48
1784511000000,76.887,76.936,76.5,76.648,30690.27
1784511900000,76.651,76.694,76.263,76.354,63980.06
1784512800000,76.354,76.938,76.354,76.772,68727.44
1784513700000,76.794,76.813,76.399,76.468,11637.08
1784514600000,76.467,76.905,76.435,76.791,7764.37
1784515500000,76.814,77.141,76.788,76.936,10805.02
1784516400000,76.94,77.043,76.815,76.91,14484.28
1784517300000,76.901,76.99,76.523,76.55,13748.61
1784518200000,76.551,76.818,76.51,76.786,24947.44
1784519100000,76.791,76.822,76.604,76.701,2926.26
1784520000000,76.706,76.739,76.35,76.413,31936.6
1784520900000,76.407,76.584,76.277,76.545,38056.86
1784521800000,76.555,76.91,76.549,76.772,5471.84
1784522700000,76.759,76.821,76.442,76.467,4614.21
1784523600000,76.442,76.455,75.771,76.057,47132.1
1784524500000,76.056,76.234,75.919,76.042,24564.78
1784525400000,76.042,76.129,75.919,75.953,10888.69
1784526300000,75.943,75.943,75.762,75.875,3379.94
1784527200000,75.885,75.995,75.828,75.957,11097.22
1784528100000,75.951,76.003,75.835,75.988,2289.05
1784529000000,75.965,75.988,75.52,75.75,16773.42
1784529900000,75.733,75.769,75.555,75.586,46910.03
1784530800000,75.619,75.729,75.608,75.706,4137.66
1784531700000,75.681,75.946,75.5,75.946,11652.08
1784532600000,75.944,76.044,75.849,76.044,13117.15
1784533500000,76.044,76.2,75.979,76.182,7435.85
1784534400000,76.165,76.309,76.089,76.253,10491.9
1784535300000,76.258,76.399,76.18,76.264,88557.49
1784536200000,76.239,76.305,75.862,75.862,8245.13
1784537100000,75.865,76.195,75.865,76.096,9427.19
1784538000000,76.097,76.2,76.038,76.177,4121.68
1784538900000,76.193,76.533,76.19,76.532,5070.6
1784539800000,76.533,76.697,76.503,76.571,6640.81
1784540700000,76.571,76.647,76.42,76.423,17419.14
1784541600000,76.423,76.445,76.332,76.43,31928
1784542500000,76.43,76.652,76.379,76.513,18381.57
1784543400000,76.509,76.509,76.38,76.471,11333.91
1784544300000,76.471,76.471,76.3,76.305,17299.13
1784545200000,76.305,76.577,76.275,76.515,6977.63
1784546100000,76.524,76.555,76.339,76.392,7352.5
1784547000000,76.39,77.139,76.363,76.949,45046.49
1784547900000,76.96,77.189,76.959,77.092,37428.95
1784548800000,77.091,77.113,76.688,76.83,27095.28
1784549700000,76.836,76.913,76.739,76.809,11374.98
1784550600000,76.818,76.884,76.635,76.636,10301.46
1784551500000,76.645,76.868,76.645,76.707,3249.43
1784552400000,76.713,76.783,76.69,76.693,14403.41
1784553300000,76.674,76.791,76.571,76.699,27093.98
1784554200000,76.699,77.09,76.676,76.896,24684.38
1784555100000,76.896,76.91,76.089,76.241,39973.53
1784556000000,76.253,76.413,75.998,76.064,22791.38
1784556900000,76.106,76.31,75.754,76.306,32665.17
1784557800000,76.313,76.349,76.13,76.24,8611.74
1784558700000,76.195,76.404,75.973,76.096,16509.53
1784559600000,76.106,77.032,76.067,76.998,26793.78
1784560500000,77.008,77.091,76.872,76.992,20419.24
1784561400000,76.992,77.3,76.821,77.251,35342.19
1784562300000,77.263,77.891,77.261,77.746,90387.73
1784563200000,77.746,77.822,77.54,77.768,40843.84
1784564100000,77.769,77.865,77.472,77.545,40013.38
1784565000000,77.545,77.712,77.439,77.547,12819.39
1784565900000,77.546,77.772,77.546,77.633,33259.94
1784566800000,77.625,77.7,77.578,77.582,15565.51
1784567700000,77.575,77.628,77.509,77.559,10322.97
1784568600000,77.56,77.565,77.333,77.375,20103.98
1784569500000,77.375,77.857,77.374,77.708,23745.92
1784570400000,77.751,78.349,77.751,78.185,50717.02
1784571300000,78.185,78.346,77.947,78.035,23181.67
1784572200000,78.026,78.026,77.702,77.717,12601.11
1784573100000,77.745,77.782,77.563,77.649,11984.2
1784574000000,77.62,77.688,77.36,77.37,18468.6
1784574900000,77.358,77.59,77.271,77.528,15014.18
1784575800000,77.495,77.541,77.323,77.509,18016.94
1784576700000,77.509,77.665,77.442,77.603,11057.46
1784577600000,77.603,77.686,77.506,77.681,6147.07
1784578500000,77.688,77.84,77.619,77.807,11123.06
1784579400000,77.798,78.02,77.78,77.855,6929.18
1784580300000,77.856,77.92,77.795,77.85,9899.2
1784581200000,77.83,77.967,77.805,77.9,12640.2
1784582100000,77.887,78.015,77.868,77.922,9958.3
1784583000000,77.925,78,77.864,77.889,19476.01
1784583900000,77.898,77.929,77.715,77.729,9051.21
1784584800000,77.716,77.802,77.579,77.716,17579.81
1784585700000,77.712,77.712,77.578,77.632,6266.26
1784586600000,77.631,77.673,77.431,77.445,5628.81
1784587500000,77.445,77.497,77.387,77.419,10885.44
1784588400000,77.418,77.6,77.391,77.513,5897.39
1784589300000,77.514,77.722,77.514,77.7,5009.85
1784590200000,77.7,77.788,77.631,77.729,4701.15
1784591100000,77.752,77.844,77.662,77.812,10637.79
1784592000000,77.805,77.911,77.716,77.799,21360.44
1784592900000,77.805,78.03,77.753,77.944,13718.52
1784593800000,77.927,78.209,77.927,78.193,27165.98
1784594700000,78.185,78.243,78.089,78.089,10678.26
1784595600000,78.084,78.182,77.97,78.098,14075.38
1784596500000,78.098,78.104,77.895,77.942,7631.64
1784597400000,77.944,78.059,77.849,77.921,18191.51
1784598300000,77.921,78.002,77.798,77.81,5136.88
1784599200000,77.818,78.015,77.753,77.791,11853.91
1784600100000,77.803,77.83,77.631,77.742,8219.18
1784601000000,77.738,77.969,77.714,77.958,5820.94
1784601900000,77.951,78.199,77.889,77.992,4276.87
1784602800000,77.992,78.5,77.987,78.267,107859.55
1784603700000,78.266,78.323,78.141,78.27,5045.04
1784604600000,78.255,78.337,78.169,78.236,2941.75
1784605500000,78.227,78.254,78.14,78.173,5687.58
1784606400000,78.173,78.384,78.105,78.106,7663.33
1784607300000,78.106,78.244,77.997,78.01,2320.44
1784608200000,78.01,78.214,77.992,78.108,3351.69
1784609100000,78.104,78.138,78.034,78.102,2055.33
1784610000000,78.102,78.254,78.089,78.237,7942.26
1784610900000,78.236,78.373,78.117,78.354,10836.29
1784611800000,78.363,78.437,78.305,78.406,11784.36
1784612700000,78.394,78.666,78.368,78.435,14056.71
1784613600000,78.433,78.581,78.281,78.375,19080.07
1784614500000,78.371,78.466,78.283,78.44,5661.07
1784615400000,78.427,78.86,78.402,78.663,30388.34
1784616300000,78.664,78.686,78.523,78.638,17592.42
1784617200000,78.637,78.72,78.564,78.618,2373.39
1784618100000,78.624,78.671,78.459,78.537,7887.33
1784619000000,78.538,78.638,78.469,78.473,3995.27
1784619900000,78.473,78.622,78.465,78.548,5787.66
1784620800000,78.547,78.573,78.363,78.556,10100.41
1784621700000,78.56,78.703,78.365,78.375,5222.08
1784622600000,78.376,78.463,78.343,78.41,3064.63
1784623500000,78.411,78.447,78.298,78.318,5296.42
1784624400000,78.317,78.317,78.13,78.235,14562.71
1784625300000,78.235,78.269,78.177,78.238,4057.21
1784626200000,78.254,78.408,78.234,78.399,7306.97
1784627100000,78.399,78.458,78.347,78.374,2645.18
1784628000000,78.399,78.437,78.349,78.375,6243.78
1784628900000,78.375,78.418,78.3,78.36,2838.93
1784629800000,78.359,78.4,78.234,78.239,17005.49
1784630700000,78.24,78.297,78.034,78.158,14843.51
1784631600000,78.158,78.197,78.063,78.123,7456.6
1784632500000,78.105,78.201,78.09,78.201,5478.05
1784633400000,78.198,78.344,78.198,78.318,9889.2
1784634300000,78.318,78.408,78.305,78.329,9303.46
1784635200000,78.336,78.459,78.258,78.366,10884.97
1784636100000,78.351,78.505,78.251,78.267,12057.17
1784637000000,78.276,78.49,78.227,78.394,18612.19
1784637900000,78.4,78.48,78.383,78.48,2516.07
1784638800000,78.48,78.583,78.397,78.504,41439.24
1784639700000,78.505,78.528,78.291,78.374,9623.07
1784640600000,78.365,78.441,78.173,78.211,7125.2
1784641500000,78.211,78.616,78.21,78.554,21982.71
1784642400000,78.555,78.613,78.35,78.442,13775.42
1784643300000,78.442,78.466,78,78.085,30612.88
1784644200000,78.085,78.23,77.9,78.106,18812.08
1784645100000,78.106,78.205,77.94,77.975,12544.86
1784646000000,77.975,78.01,77.8,77.903,46572.08
1784646900000,77.9,78.071,77.862,77.932,7229.13
1784647800000,77.932,78.107,77.831,77.929,14124.75
1784648700000,77.933,78.13,77.901,78.128,3370.04
1784649600000,78.113,78.215,77.976,78.054,13213.33
1784650500000,78.051,78.067,77.936,77.986,30932.21
1784651400000,77.985,78.148,77.958,78.046,28784.36
1784652300000,78.046,78.198,77.997,78.167,8517.7
1784653200000,78.167,78.2,77.954,77.965,6568.7
1784654100000,77.965,77.994,77.81,77.853,22834.31
1784655000000,77.853,77.928,77.816,77.885,17699.67
1784655900000,77.885,77.898,77.4,77.695,57590.91
1784656800000,77.696,77.888,77.59,77.855,35523.25
1784657700000,77.855,77.97,77.811,77.858,30078.68
1784658600000,77.857,77.968,77.715,77.92,7734.27
1784659500000,77.92,77.954,77.789,77.827,11312.85
1784660400000,77.827,77.871,77.715,77.716,10232.28
1784661300000,77.715,77.931,77.681,77.856,7098.3
1784662200000,77.865,77.953,77.865,77.867,7092.8
1784663100000,77.864,77.884,77.677,77.818,79283.33
1784664000000,77.848,77.94,77.772,77.876,7717.39
1784664900000,77.871,77.874,77.799,77.859,4060.91
1784665800000,77.859,78.075,77.859,77.962,11000.95
1784666700000,77.979,78.024,77.854,77.863,3383.88
1784667600000,77.862,78.02,77.764,77.973,8336.29
1784668500000,77.973,78.025,77.953,77.959,22860.22
1784669400000,77.962,78.11,77.924,78.066,10868.23
1784670300000,78.075,78.077,77.992,78.008,6753.32
1784671200000,78.001,78.023,77.9,77.964,5703.47
1784672100000,77.939,77.992,77.879,77.949,2725.62
1784673000000,77.947,78.027,77.9,77.929,3507.89
1784673900000,77.929,77.961,77.822,77.96,3041.32
1784674800000,77.953,77.954,77.757,77.775,16863.02
1784675700000,77.777,77.933,77.777,77.926,5267.36
1784676600000,77.925,78.046,77.892,78.012,12780.73
1784677500000,78.016,78.164,78.016,78.093,6316.58
1784678400000,78.096,78.475,78.082,78.464,21766.69
1784679300000,78.469,78.547,78.345,78.384,13530.05
1784680200000,78.385,78.532,78.307,78.5,30315.1
1784681100000,78.5,78.545,78.397,78.46,11531.13
1784682000000,78.425,78.481,78.3,78.302,8714.14
1784682900000,78.303,78.339,78.124,78.23,95135.36
1784683800000,78.227,78.345,78.171,78.266,12411.09
1784684700000,78.256,78.496,78.256,78.285,20294.78
1784685600000,78.306,78.373,78.163,78.322,9129.16
1784686500000,78.322,78.475,78.311,78.388,16960.83
1784687400000,78.386,78.386,78.147,78.217,10163.94
1784688300000,78.218,78.263,78.052,78.101,3506.23
1784689200000,78.083,78.194,77.908,77.908,12549.95
1784690100000,77.914,78.128,77.914,78.105,2199.75
1784691000000,78.085,78.13,77.917,78.014,7266.07
1784691900000,78.009,78.112,77.78,77.831,7424.45
1784692800000,77.83,78.078,77.792,78.053,4207.91
1784693700000,78.059,78.165,78.055,78.12,4496.3
1784694600000,78.121,78.186,78.039,78.185,3253.17
1784695500000,78.186,78.186,78.008,78.048,16798.29
1784696400000,78.03,78.031,77.809,77.832,6321.53
1784697300000,77.868,77.868,77.458,77.507,135237.52
1784698200000,77.491,77.654,77.459,77.488,22309.48
1784699100000,77.488,77.58,77.366,77.38,7524.16
1784700000000,77.384,77.447,77.179,77.234,33069.84
1784700900000,77.244,77.244,76.984,77.083,37442.15
1784701800000,77.083,77.259,76.97,77.205,23053.71
1784702700000,77.205,77.271,77.077,77.249,8068.53
1784703600000,77.267,77.278,77.136,77.167,4184.98
1784704500000,77.186,77.257,77.106,77.251,4986.21
1784705400000,77.251,77.265,76.972,77.096,9636.15
1784706300000,77.093,77.122,76.99,77.066,8283.14
1784707200000,77.067,77.26,77.022,77.188,8553.19
1784708100000,77.184,77.466,77.165,77.335,11223.83
1784709000000,77.34,77.388,77.274,77.274,4708.36
1784709900000,77.275,77.413,77.275,77.388,3493.81
1784710800000,77.383,77.516,77.331,77.34,4067.01
1784711700000,77.341,77.435,77.315,77.376,1841.98
1784712600000,77.377,77.41,77.251,77.361,5303.86
1784713500000,77.362,77.55,77.331,77.514,5058.43
1784714400000,77.516,77.569,77.424,77.46,6538.13
1784715300000,77.459,77.599,77.415,77.568,17594.32
1784716200000,77.567,77.6,77.523,77.588,2276.24
1784717100000,77.587,77.682,77.567,77.632,5210.27
1784718000000,77.635,77.693,77.596,77.642,5624.12
1784718900000,77.628,77.754,77.554,77.631,9680.01
1784719800000,77.632,77.702,77.458,77.494,4251.62
1784720700000,77.489,77.608,77.467,77.527,3111.01
1784721600000,77.528,77.528,77.296,77.392,6851.21
1784722500000,77.393,77.42,77.167,77.175,17346.81
1784723400000,77.168,77.243,77.122,77.171,28260.26
1784724300000,77.171,77.28,77.009,77.197,12568.51
1784725200000,77.197,77.3,77.101,77.284,16259.38
1784726100000,77.284,77.291,77.189,77.25,4117.22
1784727000000,77.252,77.781,77.197,77.767,50849.64
1784727900000,77.783,77.92,77.686,77.831,35658.22
1784728800000,77.819,78.388,77.79,78.036,50725.79
1784729700000,78.01,78.01,77.378,77.424,36777.4
1784730600000,77.445,77.867,77.376,77.689,30801.44
1784731500000,77.677,77.833,77.624,77.833,15591.74
1784732400000,77.852,78.384,77.852,78.37,17695.7
1784733300000,78.349,78.842,78.233,78.651,127803.58
1784734200000,78.694,78.739,78.395,78.482,125835.57
1784735100000,78.484,78.564,78.345,78.423,40625.91
1784736000000,78.423,78.563,78.312,78.389,35297.81
1784736900000,78.388,78.388,78.059,78.168,32299.64
1784737800000,78.167,78.78,78.137,78.64,31608.8
1784738700000,78.64,78.67,78.431,78.531,11355.85
1784739600000,78.532,78.608,78.467,78.501,15033.18
1784740500000,78.5,78.509,78.128,78.238,40710.21
1784741400000,78.234,78.47,78.221,78.413,10187.2
1784742300000,78.425,78.48,78.151,78.178,10026.59
1784743200000,78.178,78.26,77.984,78.046,13592.94
1784744100000,78.046,78.11,77.755,77.783,20905.51
1784745000000,77.783,77.783,77.422,77.486,22768.21
1784745900000,77.485,77.74,77.441,77.71,20623.94
1784746800000,77.718,77.775,77.271,77.397,17930.29
1784747700000,77.406,77.711,77.391,77.607,9614.21
1784748600000,77.588,77.699,77.495,77.502,8763.3
1784749500000,77.521,77.675,77.461,77.634,11864.91
1784750400000,77.632,77.842,77.542,77.84,8581.48
1784751300000,77.832,77.9,77.754,77.852,5772.09
1784752200000,77.86,77.916,77.761,77.87,8235.07
1784753100000,77.869,77.869,77.714,77.766,4425.99
1784754000000,77.766,77.836,77.743,77.743,8307.2
1784754900000,77.723,77.772,77.639,77.677,7670.51
1784755800000,77.676,78.012,77.669,77.97,18323.99
1784756700000,77.97,78.038,77.883,77.997,14250.49
1784757600000,78.001,78.104,77.843,78.043,31545.84
1784758500000,78.051,78.051,77.907,78.024,12877.71
1784759400000,78.024,78.024,77.672,77.736,5150.36
1784760300000,77.733,78,77.732,77.972,3139.06
1784761200000,77.981,77.986,77.529,77.529,37181.32
1784762100000,77.561,77.71,77.459,77.694,9896.66
1784763000000,77.694,77.773,77.657,77.767,2842.06
1784763900000,77.764,77.948,77.755,77.923,10821.35
1784764800000,77.939,78.349,77.939,78.262,27860.94
1784765700000,78.263,78.485,78.233,78.39,17009.42
1784766600000,78.386,78.437,78.275,78.284,11253.94
1784767500000,78.285,78.394,78.193,78.228,4821.73
1784768400000,78.222,78.374,78.128,78.203,7281.19
1784769300000,78.197,78.211,78.029,78.036,6231.1
1784770200000,78.037,78.07,77.848,77.871,4599.49
1784771100000,77.867,77.945,77.84,77.855,4579.52
1784772000000,77.852,77.852,77.616,77.616,21353.41
1784772900000,77.613,77.645,77.364,77.455,16874.94
1784773800000,77.44,77.648,77.44,77.585,15431.67
1784774700000,77.587,77.75,77.573,77.717,2464.49
1784775600000,77.724,77.744,77.449,77.515,19179.79
1784776500000,77.515,77.616,77.434,77.536,19898.95
1784777400000,77.53,77.639,77.522,77.612,1198.08
1784778300000,77.612,77.613,77.484,77.561,2023.66
1784779200000,77.561,77.649,77.491,77.649,4303.57
1784780100000,77.65,77.772,77.562,77.758,3135.45
1784781000000,77.752,77.779,77.524,77.568,4333.57
1784781900000,77.563,77.658,77.411,77.478,4054.23
1784782800000,77.491,77.523,77.37,77.434,6027.51
1784783700000,77.454,77.609,77.36,77.609,9929.28
1784784600000,77.61,77.667,77.541,77.586,3937.05
1784785500000,77.586,77.61,77.44,77.491,2630.64
1784786400000,77.493,77.529,77.359,77.444,4788.7
1784787300000,77.455,77.509,77.329,77.472,2340.94
1784788200000,77.472,77.51,77.425,77.467,1482.92
1784789100000,77.467,77.536,77.466,77.536,2061.36
1784790000000,77.528,77.528,76.973,77.185,23844.85
1784790900000,77.167,77.173,77.066,77.13,9650.34
1784791800000,77.139,77.155,77.061,77.061,12482.6
1784792700000,77.06,77.177,77.026,77.12,14478.16
1784793600000,77.119,77.295,77.074,77.288,8429.53
1784794500000,77.288,77.342,77.2,77.302,4393.41
1784795400000,77.318,77.416,77.318,77.403,11107.6
1784796300000,77.402,77.444,77.36,77.442,10408.07
1784797200000,77.438,77.535,77.363,77.508,7057.77
1784798100000,77.507,77.609,77.507,77.557,16517.11
1784799000000,77.554,77.569,77.514,77.56,6401.06
1784799900000,77.559,77.57,77.435,77.449,19504.6
1784800800000,77.45,77.54,77.408,77.534,16148.11
1784801700000,77.533,77.719,77.501,77.719,4491.07
1784802600000,77.723,77.76,77.689,77.72,5384.39
1784803500000,77.719,77.727,77.656,77.706,2544.1
1784804400000,77.706,77.823,77.672,77.823,4253.36
1784805300000,77.822,77.825,77.674,77.681,5771.13
1784806200000,77.686,77.714,77.614,77.619,7712.49
1784807100000,77.619,77.694,77.566,77.629,4065.79
1784808000000,77.629,77.672,77.555,77.627,5384.79
1784808900000,77.626,77.693,77.475,77.492,11207.93
1784809800000,77.474,77.485,76.783,76.855,59395.15
1784810700000,76.82,76.95,76.458,76.891,55988.38
1784811600000,76.872,76.98,76.682,76.72,29389.7
1784812500000,76.716,76.78,76.519,76.647,15192.47
1784813400000,76.648,76.981,76.618,76.951,31527.26
1784814300000,76.94,76.97,76.66,76.66,18820.86
1784815200000,76.661,76.835,76.58,76.796,20323.86
1784816100000,76.767,76.814,76.562,76.709,13350.79
1784817000000,76.711,76.812,76.602,76.637,9984.73
1784817900000,76.624,76.641,76.293,76.387,41131.76
1784818800000,76.387,76.388,75.821,75.899,80573.5
1784819700000,75.877,76.354,75.805,76.233,60746.25
1784820600000,76.232,76.379,76.125,76.28,23428.88
1784821500000,76.28,76.413,76.188,76.34,10725.17
1784822400000,76.341,76.341,75.953,76.055,34809.92
1784823300000,76.054,76.112,75.805,76.111,23181.42
1784824200000,76.112,76.114,75.942,76.016,13097.42
1784825100000,76.005,76.076,75.961,75.962,15074.42
1784826000000,75.961,76.023,75.835,75.955,5717.87
1784826900000,75.947,76.127,75.902,76.074,3695.52
1784827800000,76.073,76.092,75.906,75.956,4200.45
1784828700000,75.948,75.972,75.448,75.605,57310.51
1784829600000,75.615,75.725,75.538,75.702,15216.58
1784830500000,75.701,75.777,75.586,75.761,3727.78
1784831400000,75.782,75.798,75.583,75.664,12532.34
1784832300000,75.674,75.8,75.674,75.763,6088.01
1784833200000,75.767,75.811,75.493,75.549,9401.67
1784834100000,75.556,75.729,75.535,75.728,9111.44
1784835000000,75.73,75.783,75.558,75.595,5019.9
1784835900000,75.591,75.73,75.369,75.721,15183.8
1784836800000,75.709,76.036,75.677,76.019,24933.1
1784837700000,76.005,76.139,75.987,76.097,6576.12
1784838600000,76.119,76.121,76.017,76.042,18049.32
1784839500000,76.043,76.11,76.036,76.087,2197.4
1784840400000,76.088,76.21,75.932,75.965,6773.71
1784841300000,75.966,76.046,75.896,75.991,3376.8
1784842200000,75.99,76.071,75.978,76.013,5600.47
1784843100000,76.014,76.054,75.933,75.988,5643.58
1784844000000,75.989,76.08,75.893,75.928,22023.97
1784844900000,75.952,76.15,75.834,76.071,13234.19
1784845800000,76.071,76.19,76.07,76.177,5534.05
1784846700000,76.177,76.192,76.088,76.153,5151.78
1784847600000,76.157,76.196,76.112,76.137,4910.92
1784848500000,76.136,76.209,76.128,76.167,5506.77
1784849400000,76.166,76.174,76.047,76.083,1921.68
1784850300000,76.076,76.092,75.836,75.842,9022.72
1784851200000,75.849,75.855,75.607,75.691,39086.15
1784852100000,75.692,75.843,75.682,75.708,9771.68
1784853000000,75.709,75.748,75.5,75.621,13999.34
1784853900000,75.62,75.796,75.62,75.781,3736.83
1784854800000,75.781,75.969,75.735,75.838,3396.86
1784855700000,75.843,76.068,75.809,75.919,6160.85
1784856600000,75.895,75.981,75.844,75.882,4334.11
1784857500000,75.881,75.881,75.631,75.653,22309.29
1784858400000,75.648,75.854,75.647,75.847,4236.04
1784859300000,75.856,75.864,75.689,75.748,3638.32
1784860200000,75.742,75.742,75.405,75.524,52405.66
1784861100000,75.523,75.523,75.242,75.488,16829.81
1784862000000,75.499,75.783,75.429,75.759,18522.64
1784862900000,75.761,75.897,75.76,75.843,6816.16
1784863800000,75.848,75.883,75.713,75.827,4772.83
1784864700000,75.836,75.868,75.773,75.795,10065.49
1784865600000,75.796,75.812,75.657,75.657,2042.84
1784866500000,75.656,75.769,75.61,75.768,6098.44
1784867400000,75.745,75.8,75.623,75.681,3185.23
1784868300000,75.682,75.682,75.576,75.607,7781.52
1784869200000,75.616,75.79,75.559,75.74,1514.1
1784870100000,75.739,75.854,75.731,75.786,4431.51
1784871000000,75.79,75.803,75.656,75.803,11455.97
1784871900000,75.802,75.82,75.69,75.727,2653.24
1784872800000,75.76,75.834,75.699,75.834,4101.96
1784873700000,75.834,75.975,75.811,75.831,3333.51
1784874600000,75.831,75.93,75.759,75.793,8526.36
1784875500000,75.799,75.835,75.747,75.808,2849.63
1784876400000,75.824,76.417,75.823,76.362,70342.85
1784877300000,76.361,76.362,76.078,76.104,38276.73
1784878200000,76.107,76.19,75.735,75.785,59420.84
1784879100000,75.785,76.03,75.784,76.029,9009.55
1784880000000,76.029,76.03,75.914,75.969,29537.72
1784880900000,75.965,75.968,75.676,75.76,6669.34
1784881800000,75.76,75.873,75.76,75.858,3334.14
1784882700000,75.862,75.863,75.714,75.733,4273.41
1784883600000,75.733,75.789,75.426,75.441,35392.66
1784884500000,75.441,75.54,75.325,75.517,24796.31
1784885400000,75.513,75.548,75.331,75.541,94966.84
1784886300000,75.539,75.605,75.525,75.575,15261.64
1784887200000,75.575,75.603,75.416,75.425,8840.58
1784888100000,75.425,75.514,75.364,75.498,15437.21
1784889000000,75.498,75.563,75.457,75.47,3387.89
1784889900000,75.471,75.53,75.34,75.434,5761.64
1784890800000,75.435,75.441,75.294,75.325,4459.61
1784891700000,75.326,75.464,75.22,75.274,9396.83
1784892600000,75.275,75.281,75.073,75.103,30245.29
1784893500000,75.103,75.182,74.944,75.147,37307.26
1784894400000,75.147,75.186,75.039,75.147,13521.24
1784895300000,75.145,75.25,75.134,75.136,11963
1784896200000,75.137,75.215,74.931,74.944,9979.81
1784897100000,74.943,75.001,74.774,74.819,22361.78
1784898000000,74.819,74.883,74.221,74.444,212435.24
1784898900000,74.444,74.685,74.414,74.493,31964.25
1784899800000,74.492,74.535,74.265,74.441,17123.01
1784900700000,74.44,74.512,73.924,74.158,55501.26
1784901600000,74.164,74.21,73.924,73.924,32422.27
1784902500000,73.923,73.971,73.612,73.914,82955.04
1784903400000,73.908,73.928,73.649,73.683,16284.13
1784904300000,73.678,74.006,73.562,74.005,48535.61
1784905200000,74.004,74.093,73.655,74.085,18267.63
1784906100000,74.086,74.164,73.892,74.119,98849.06
1784907000000,74.119,74.251,74.074,74.096,19348.32
1784907900000,74.096,74.118,73.952,73.997,17223.63
1784908800000,73.997,74.17,73.93,74.049,15007.49
1784909700000,74.05,74.144,73.981,74.003,19852.51
1784910600000,74.002,74.002,73.789,73.789,6743.14
1784911500000,73.788,73.93,73.676,73.863,21567.66
1784912400000,73.861,73.948,73.819,73.928,9918.8
1784913300000,73.927,74.099,73.904,74.081,22214.26
1784914200000,74.077,74.11,74.011,74.046,9923.22
1784915100000,74.044,74.049,73.892,74.01,4597.78
1784916000000,74.01,74.035,73.937,74.035,3508.62
1784916900000,74.035,74.04,73.922,73.953,3920.55
1784917800000,73.955,74,73.866,73.925,4236.04
1784918700000,73.914,74.014,73.911,73.951,13330.36
1784919600000,73.95,73.962,73.739,73.8,10148.31
1784920500000,73.8,73.926,73.799,73.925,40314.46
1784921400000,73.915,73.997,73.844,73.939,2503.55
1784922300000,73.94,73.997,73.859,73.924,9011.38
1784923200000,73.924,73.978,73.82,73.897,31390.13
1784924100000,73.898,73.948,73.868,73.869,7136.04
1784925000000,73.869,73.869,73.707,73.775,10532.56
1784925900000,73.775,73.808,73.687,73.728,5262.77
1784926800000,73.728,73.788,73.468,73.523,32987.87
1784927700000,73.524,73.64,73.402,73.64,21291.36
1784928600000,73.64,73.745,73.639,73.692,18160.35
1784929500000,73.692,73.769,73.587,73.605,12860.06
1784930400000,73.604,73.784,73.598,73.769,31629.46
1784931300000,73.769,73.824,73.767,73.824,5673.51
1784932200000,73.824,73.928,73.824,73.921,9741.13
1784933100000,73.9,73.929,73.879,73.896,10045.08
1784934000000,73.896,73.975,73.846,73.869,2889.17
1784934900000,73.869,73.87,73.813,73.866,4988.5
1784935800000,73.866,73.925,73.825,73.897,2641.33
1784936700000,73.887,73.923,73.873,73.915,2878.13
1784937600000,73.922,73.978,73.903,73.969,5204.54
1784938500000,73.969,74.006,73.922,74.004,4214.73
1784939400000,74.006,74.139,73.965,74.015,57839
1784940300000,74.007,74.085,73.93,74.085,27388.12
1784941200000,74.084,74.187,74.012,74.048,9532.77
1784942100000,74.048,74.068,73.981,74.01,9279.74
1784943000000,74.01,74.203,73.992,74.186,50370.49
1784943900000,74.189,74.209,74.084,74.086,4746.33
1784944800000,74.127,74.169,74.081,74.082,2854.21
1784945700000,74.081,74.146,74.021,74.129,4986.36
1784946600000,74.129,74.15,74.069,74.084,13859.67
1784947500000,74.085,74.098,74.012,74.066,14382.96
1784948400000,74.067,74.17,74.022,74.131,3720.89
1784949300000,74.124,74.274,74.084,74.204,2661.72
1784950200000,74.203,74.216,74.129,74.164,2791.36
1784951100000,74.164,74.164,74.063,74.103,2249.76
1784952000000,74.103,74.245,74.101,74.245,2984.71
1784952900000,74.245,74.319,74.234,74.256,8814.8
1784953800000,74.256,74.285,74.202,74.263,3598.22
1784954700000,74.246,74.298,74.228,74.255,842
1784955600000,74.27,74.308,74.174,74.181,3104.98
1784956500000,74.182,74.219,74.155,74.158,3740.88
1784957400000,74.158,74.176,74.011,74.025,5216.18
1784958300000,74.024,74.024,73.802,73.926,67347.86
1784959200000,73.927,73.971,73.892,73.957,4823.1
1784960100000,73.956,73.96,73.804,73.816,8515.96
1784961000000,73.822,73.859,73.738,73.834,4683.24
1784961900000,73.835,73.981,73.805,73.98,4041.81
1784962800000,73.981,74.01,73.914,73.914,15483.99
1784963700000,73.914,73.914,73.83,73.836,1230.48
1784964600000,73.832,73.866,73.795,73.817,4570.21
1784965500000,73.817,73.855,73.75,73.751,5868.54
1784966400000,73.75,73.75,73.51,73.695,35631.55
1784967300000,73.695,73.814,73.694,73.814,4218.21
1784968200000,73.815,73.833,73.735,73.772,6305.33
1784969100000,73.762,73.772,73.697,73.737,15046.15
1784970000000,73.738,73.831,73.722,73.831,2704.9
1784970900000,73.83,73.951,73.83,73.951,3241.19
1784971800000,73.951,73.973,73.898,73.938,9057.07
1784972700000,73.938,73.998,73.938,73.95,3353.61
1784973600000,73.949,73.978,73.919,73.969,3357.42
1784974500000,73.969,73.99,73.882,73.949,1811.77
1784975400000,73.949,73.952,73.893,73.9,3446.4
1784976300000,73.899,73.943,73.877,73.943,2825.47
1784977200000,73.943,74,73.919,73.975,9234.04
1784978100000,73.975,73.979,73.864,73.894,4638.79
1784979000000,73.893,73.946,73.831,73.865,2887.11
1784979900000,73.866,73.899,73.862,73.886,4593.62
1784980800000,73.885,73.897,73.826,73.876,3156.83
1784981700000,73.875,73.939,73.855,73.894,2649.68
1784982600000,73.894,73.908,73.84,73.894,4846.99
1784983500000,73.89,73.925,73.861,73.924,2168.55
1784984400000,73.928,73.965,73.91,73.915,2674.18
1784985300000,73.914,74,73.914,73.953,3754.79
1784986200000,73.954,74.09,73.928,74.075,10220.79
1784987100000,74.075,74.145,73.94,73.945,17059.68
1784988000000,73.945,73.945,73.739,73.839,6982.92
1784988900000,73.839,73.855,73.77,73.817,3161.31
1784989800000,73.816,73.951,73.814,73.916,1501.12
1784990700000,73.921,74.038,73.892,74.023,2937.53
1784991600000,74.023,74.171,73.976,74.152,6056.63
1784992500000,74.158,74.279,74.147,74.166,11462.69
1784993400000,74.164,74.226,74.119,74.19,4674.48
1784994300000,74.189,74.207,74.139,74.139,3182.39
1784995200000,74.14,74.253,74.104,74.252,2515.49
1784996100000,74.253,74.253,74.054,74.131,7460.67
1784997000000,74.13,74.3,74.13,74.287,4275.71
1784997900000,74.286,74.39,74.226,74.278,10474.91
1784998800000,74.279,74.333,74.259,74.294,2681.7
1784999700000,74.293,74.534,74.293,74.44,14905.9
1785000600000,74.44,74.555,74.408,74.555,5605.26
1785001500000,74.555,74.614,74.405,74.419,8213.15
1785002400000,74.429,74.624,74.429,74.507,5846.61
1785003300000,74.506,74.523,74.437,74.523,1540.16
1785004200000,74.526,74.593,74.495,74.55,40328.38
1785005100000,74.527,74.689,74.527,74.621,50930.37
1785006000000,74.623,74.705,74.593,74.673,33692.23
1785006900000,74.669,74.669,74.571,74.587,8192.37
1785007800000,74.579,74.583,74.52,74.551,3059.55
1785008700000,74.55,74.593,74.514,74.537,2615.77
1785009600000,74.536,74.545,74.429,74.471,3244.28
1785010500000,74.473,74.501,74.399,74.451,2653.98
1785011400000,74.451,74.462,74.397,74.432,1013.69
1785012300000,74.432,74.432,74.361,74.396,1611.36
1785013200000,74.396,74.398,74.261,74.323,5341.88
1785014100000,74.324,74.385,74.272,74.385,1693.29
1785015000000,74.385,74.508,74.354,74.483,4900.23
1785015900000,74.482,74.558,74.408,74.423,4135.66
1785016800000,74.423,74.46,74.397,74.433,2733.52
1785017700000,74.433,74.433,74.353,74.354,1158.58
1785018600000,74.354,74.411,74.283,74.398,17106.08
1785019500000,74.4,74.499,74.382,74.469,3344.3
1785020400000,74.472,74.481,74.424,74.447,2465.2
1785021300000,74.446,74.448,74.386,74.415,4088.45
1785022200000,74.419,74.508,74.419,74.429,10213.29
1785023100000,74.428,74.499,74.416,74.499,3602.42
1785024000000,74.499,74.649,74.459,74.629,16028.03
1785024900000,74.629,74.921,74.625,74.859,18267.43
1785025800000,74.857,74.876,74.666,74.677,10034.73
1785026700000,74.677,74.785,74.637,74.757,5394.16
1785027600000,74.757,74.795,74.676,74.737,11641.5
1785028500000,74.737,74.749,74.654,74.655,3435.27
1785029400000,74.656,74.757,74.656,74.753,3642.42
1785030300000,74.753,74.854,74.733,74.781,3656.87
1785031200000,74.798,74.838,74.687,74.767,23016.32
1785032100000,74.768,74.811,74.706,74.766,3707.95
1785033000000,74.773,74.783,74.699,74.765,1981.71
1785033900000,74.766,74.9,74.766,74.866,4602.48
1785034800000,74.867,75.012,74.808,74.969,60013.03
1785035700000,74.969,74.969,74.884,74.903,6112.31
1785036600000,74.903,74.973,74.872,74.949,6993.06
1785037500000,74.95,74.999,74.924,74.999,21111.17
1785038400000,75,75.096,74.926,74.943,23294.74
1785039300000,74.943,75.107,74.911,75.092,5860.11
1785040200000,75.092,75.16,75.059,75.16,7372.85
1785041100000,75.163,75.189,74.996,75.035,5649.95
1785042000000,75.035,75.147,74.978,75.124,8806.28
1785042900000,75.123,75.124,75.018,75.019,6129.41
1785043800000,75.018,75.094,74.932,75.093,9129.27
1785044700000,75.093,75.094,74.981,74.981,2573.44
1785045600000,74.99,75.04,74.809,74.838,34361.43
1785046500000,74.841,74.859,74.715,74.732,7767.68
1785047400000,74.733,74.891,74.723,74.889,6728.05
1785048300000,74.889,75.091,74.889,75.09,8409.08
1785049200000,75.092,75.11,74.968,75.002,9703.94
1785050100000,75.001,75.013,74.91,74.926,2609.53
1785051000000,74.909,74.958,74.867,74.867,2390.43
1785051900000,74.866,74.903,74.821,74.833,4748.7
1785052800000,74.835,74.9,74.81,74.89,3044.65
1785053700000,74.89,74.916,74.806,74.859,6397.06
1785054600000,74.859,74.898,74.848,74.897,2988.19
1785055500000,74.893,75.006,74.884,74.954,3956.86
1785056400000,74.953,75.063,74.953,74.985,11592.33
1785057300000,74.985,75.064,74.985,75.034,2994.1
1785058200000,75.034,75.272,74.989,75.131,121300.26
1785059100000,75.136,75.18,75.056,75.056,6852.29
1785060000000,75.056,75.145,75.008,75.13,4593.39
1785060900000,75.13,75.153,75.093,75.105,5769.37
1785061800000,75.104,75.197,75.104,75.193,2936.49
1785062700000,75.193,75.212,75.091,75.103,2437.88
1785063600000,75.102,75.139,75.04,75.056,2152.94
1785064500000,75.067,75.074,75.044,75.044,1886.7
1785065400000,75.041,75.105,74.802,74.88,205116.33
1785066300000,74.879,74.911,74.855,74.897,26295.49
1785067200000,74.897,75.096,74.897,74.992,5800.99
1785068100000,74.992,75.027,74.85,74.949,2430.12
1785069000000,74.948,74.957,74.806,74.837,8452.5
1785069900000,74.836,74.854,74.775,74.835,9977.91
1785070800000,74.835,74.85,74.727,74.76,5339.02
1785071700000,74.751,74.908,74.75,74.822,2853.1
1785072600000,74.822,74.895,74.754,74.89,2915.06
1785073500000,74.896,74.924,74.834,74.884,5101.69
1785074400000,74.887,75.181,74.882,75.091,10927.45
1785075300000,75.091,75.091,74.882,74.897,4911.72
1785076200000,74.896,74.994,74.846,74.935,3997.16
1785077100000,74.934,75.031,74.931,75.014,8621.26
1785078000000,75.022,75.088,74.934,74.947,5639.69
1785078900000,74.946,75.312,74.946,75.18,18265.13
1785079800000,75.18,75.4,75.133,75.324,35139.15
1785080700000,75.324,75.479,75.273,75.464,27878.08
1785081600000,75.464,75.483,75.277,75.409,49173.42
1785082500000,75.409,75.678,75.409,75.654,24837.9
1785083400000,75.647,75.94,75.611,75.632,69722.96
1785084300000,75.632,75.685,75.489,75.501,19424.1
1785085200000,75.496,75.534,75.38,75.533,11324.64
1785086100000,75.534,75.557,75.264,75.308,14977.6
1785087000000,75.308,75.388,75.278,75.33,6140.4
1785087900000,75.331,75.387,75.316,75.347,6551.43
1785088800000,75.347,75.37,75.264,75.277,4908.38
1785089700000,75.278,75.401,75.278,75.305,21793.28
1785090600000,75.306,75.369,75.27,75.331,20475.28
1785091500000,75.332,75.413,75.313,75.38,7299.98
1785092400000,75.381,75.432,75.24,75.241,7617.12
1785093300000,75.241,75.29,75.24,75.259,5246.76
1785094200000,75.259,75.299,75.24,75.242,1659.46
1785095100000,75.242,75.302,75.24,75.299,1589.42
1785096000000,75.305,75.374,75.305,75.327,4220.48
1785096900000,75.327,75.355,75.302,75.35,1312.45
1785097800000,75.33,75.367,75.309,75.336,2548.23
1785098700000,75.336,75.338,75.286,75.298,2307.21
1785099600000,75.298,75.45,75.291,75.379,3273.61
1785100500000,75.379,75.68,75.374,75.597,47799.78
1785101400000,75.597,75.658,75.514,75.539,7241.68
1785102300000,75.539,75.762,75.531,75.623,7722.83
1785103200000,75.642,76.18,75.642,76.072,80850.23
1785104100000,76.073,76.379,76.072,76.365,49381.08
1785105000000,76.364,76.787,76.335,76.647,75771.45
1785105900000,76.676,76.72,76.523,76.694,18766.19
1785106800000,76.713,77.101,76.593,76.778,79818.06
1785107700000,76.778,76.968,76.634,76.652,29748.78
1785108600000,76.643,76.695,76.511,76.674,17286.73
1785109500000,76.674,76.74,76.588,76.74,5053.64
1785110400000,76.74,76.771,76.485,76.579,20391.66
1785111300000,76.577,76.577,76.369,76.47,11333.17
1785112200000,76.468,76.506,76.363,76.39,14472.36
1785113100000,76.39,76.49,76.19,76.311,20376.39
1785114000000,76.311,76.417,76.225,76.252,6078.86
1785114900000,76.23,76.285,76.151,76.2,21550.52
1785115800000,76.199,76.321,75.982,76.226,12576.5
1785116700000,76.226,76.49,76.197,76.49,38852.8
1785117600000,76.49,76.566,76.412,76.477,4235.73
1785118500000,76.466,76.592,76.43,76.555,4721.91
1785119400000,76.537,76.639,76.414,76.587,17322.2
1785120300000,76.575,76.592,76.345,76.398,27291.62
1785121200000,76.398,76.515,76.323,76.401,15278.02
1785122100000,76.401,76.488,76.382,76.432,9905.33
1785123000000,76.432,76.475,76.346,76.472,1567.33
1785123900000,76.471,76.472,76.3,76.378,10471.1
1785124800000,76.377,76.486,76.308,76.392,5213.05
1785125700000,76.386,76.622,76.323,76.373,46312.89
1785126600000,76.391,76.397,76.259,76.397,19650.71
1785127500000,76.396,76.397,76.272,76.274,9479.25
1785128400000,76.274,76.437,76.231,76.43,5404.05
1785129300000,76.432,76.476,76.315,76.408,2039.47
1785130200000,76.422,76.436,76.326,76.352,2563.27
1785131100000,76.352,76.6,76.293,76.545,28329.14
1785132000000,76.544,76.959,76.526,76.871,19038.93
1785132900000,76.87,76.921,76.645,76.676,8100.15
1785133800000,76.676,76.912,76.633,76.839,13593.15
1785134700000,76.837,76.848,76.637,76.696,28342.89
1785135600000,76.694,76.733,76.56,76.688,8581.71
1785136500000,76.692,76.692,76.56,76.561,6386.43
1785137400000,76.561,76.561,76.376,76.499,10345.53
1785138300000,76.505,76.582,76.46,76.46,3556.49
1785139200000,76.46,76.483,76.263,76.34,17014.01
1785140100000,76.34,76.397,76.26,76.364,4678.47
1785141000000,76.364,76.366,76.261,76.267,8599.53
1785141900000,76.262,76.348,76.204,76.282,4857.3
1785142800000,76.281,76.281,76.109,76.16,15419.81
1785143700000,76.16,76.335,76.159,76.334,3328.77
1785144600000,76.332,76.495,76.288,76.408,6919.19
1785145500000,76.408,76.52,76.402,76.452,9715.72
1785146400000,76.445,76.476,76.386,76.454,2861.95
1785147300000,76.454,76.59,76.454,76.553,5813.09
1785148200000,76.554,76.627,76.524,76.623,4642.98
1785149100000,76.621,76.639,76.543,76.583,3581.79
1785150000000,76.584,76.584,76.448,76.538,7135.64
1785150900000,76.538,76.617,76.485,76.485,4947.99
1785151800000,76.481,76.652,76.462,76.59,9514.24
1785152700000,76.59,76.59,76.479,76.483,5279.33
1785153600000,76.482,76.755,76.481,76.534,21207.58
1785154500000,76.534,76.615,76.351,76.351,6445.8
1785155400000,76.352,76.817,76.223,76.817,20832.44
1785156300000,76.819,77.026,76.775,76.83,34336.31
1785157200000,76.833,76.918,76.6,76.601,9748.5
1785158100000,76.601,76.649,76.443,76.494,7126.96
1785159000000,76.485,77.489,76.46,77.349,112086.02
1785159900000,77.349,77.424,76.726,76.879,77503.86
1785160800000,76.875,76.957,76.654,76.88,71060.5
1785161700000,76.885,76.937,75.755,75.785,70983.81
1785162600000,75.784,75.784,75.034,75.077,102933.74
1785163500000,75.064,75.58,75.01,75.438,51946.79
1785164400000,75.437,75.565,75.292,75.516,17112.9
1785165300000,75.516,75.56,75.219,75.331,50413.27
1785166200000,75.319,75.427,75.052,75.386,30794.84
1785167100000,75.39,75.429,75.225,75.225,13350.66
1785168000000,75.228,75.336,75.144,75.218,29582.08
1785168900000,75.242,75.7,75.109,75.657,31307.58
1785169800000,75.657,75.868,75.657,75.792,33380.08
1785170700000,75.793,75.928,75.728,75.909,14727.49
1785171600000,75.909,75.98,75.77,75.931,25805.81
1785172500000,75.92,76.19,75.884,75.959,26791.93
1785173400000,75.959,76.099,75.913,75.919,53651.03
1785174300000,75.919,75.919,75.785,75.853,8570.04
1785175200000,75.855,75.943,75.74,75.742,14250.81
1785176100000,75.741,75.744,75.5,75.543,41368.5
1785177000000,75.543,75.575,75.225,75.388,13263.78
1785177900000,75.388,75.569,75.254,75.569,19104.23
1785178800000,75.569,75.957,75.461,75.832,20151.89
1785179700000,75.851,75.915,75.702,75.791,8566.22
1785180600000,75.791,75.927,75.737,75.785,16227.54
1785181500000,75.766,76.019,75.711,75.939,15204.66
1785182400000,75.953,76.032,75.82,75.85,9268.88
1785183300000,75.851,76.07,75.765,76.048,4729.95
1785184200000,76.048,76.048,75.831,75.837,10695.05
1785185100000,75.828,75.956,75.768,75.936,20943.78
1785186000000,75.936,75.942,75.817,75.871,4162.46
1785186900000,75.865,75.865,75.54,75.547,20911.42
1785187800000,75.541,75.622,75.499,75.545,3780.17
1785188700000,75.545,75.62,75.48,75.576,3937.08
1785189600000,75.576,75.582,75.301,75.369,11054.88
1785190500000,75.37,75.399,75.107,75.192,7274.98
1785191400000,75.192,75.325,74.623,74.681,47228.24
1785192300000,74.684,74.691,73.961,74.021,80984.21
1785193200000,74.019,74.084,73.719,74.03,46096.18
1785194100000,74.03,74.362,73.931,74.259,27845.67
1785195000000,74.26,74.336,73.911,73.966,44180.27
1785195900000,73.966,74.169,73.934,74.155,14660.49
1785196800000,74.154,74.246,73.872,73.984,51618.66
1785197700000,73.997,74.112,73.688,73.928,44924.7
1785198600000,73.93,74.034,73.789,73.911,33922.22
1785199500000,73.912,73.933,73.634,73.682,17277.37
1785200400000,73.684,73.687,72.777,73.228,119756.43
1785201300000,73.234,73.349,72.944,73.301,48329.51
1785202200000,73.3,73.429,73.113,73.24,25451.25
1785203100000,73.241,73.351,73.111,73.152,16298.8
1785204000000,73.151,73.271,73.029,73.263,15065.72
1785204900000,73.264,73.38,73.19,73.326,6476.54
1785205800000,73.326,73.357,73.193,73.217,10841.51
1785206700000,73.22,73.357,73.145,73.323,13528.24
1785207600000,73.323,73.361,73.185,73.281,5130.89
1785208500000,73.281,73.34,73.212,73.214,12074.93
1785209400000,73.22,73.314,73.119,73.313,17218.86
1785210300000,73.313,73.331,73.152,73.226,20752.66
1785211200000,73.225,73.225,73.104,73.121,8062.73
1785212100000,73.136,73.195,73.072,73.072,5765.47
1785213000000,73.066,73.116,72.95,73.113,10424.94
1785213900000,73.113,73.224,73.112,73.15,10504.26
1785214800000,73.151,73.336,73.146,73.285,14801.09
1785215700000,73.29,73.487,73.29,73.382,8006.58
1785216600000,73.374,73.4,73.214,73.399,6197.42
1785217500000,73.402,73.428,73.212,73.212,4638.29
1785218400000,73.214,73.219,73.092,73.149,6749.78
1785219300000,73.149,73.344,73.148,73.314,6903.01
1785220200000,73.315,73.434,73.312,73.433,12329.56
1785221100000,73.433,73.448,73.377,73.405,7062.84
1785222000000,73.407,73.449,73.334,73.403,7994.15
1785222900000,73.403,73.435,73.333,73.388,3693.48
1785223800000,73.385,73.387,73.178,73.188,8797.12
1785224700000,73.187,73.272,73.098,73.252,4763.13
1785225600000,73.251,73.338,73.195,73.238,8101.14
1785226500000,73.237,73.291,73.094,73.268,15934.5
1785227400000,73.254,73.336,73.184,73.328,3870.7
1785228300000,73.328,73.395,73.261,73.318,18939.96
1785229200000,73.318,73.398,73.24,73.393,4797.05
1785230100000,73.392,73.463,73.331,73.38,7719.82
1785231000000,73.387,73.437,73.348,73.348,9721.07
1785231900000,73.348,73.373,73.157,73.206,15749.67
1785232800000,73.206,73.277,73.125,73.13,5940.46
1785233700000,73.13,73.255,73.076,73.169,7124.88
1785234600000,73.169,73.276,73.144,73.237,5633.91
1785235500000,73.237,73.264,73.102,73.109,4396.88
1785236400000,73.11,73.144,72.86,72.877,38979.88
1785237300000,72.877,73.259,72.846,73.025,11884.38
1785238200000,73.024,73.299,73.004,73.077,30992.24
1785239100000,73.064,73.222,73.053,73.153,6128.74
1785240000000,73.153,73.231,73.089,73.19,6140.02
1785240900000,73.2,73.265,73.132,73.203,8456.23
1785241800000,73.203,73.307,73.121,73.274,18401.54
1785242700000,73.274,73.408,73.204,73.347,11321.63
1785243600000,73.343,73.399,73.182,73.229,30165.8
1785244500000,73.229,73.263,72.952,72.952,22474.21
1785245400000,72.953,73.066,72.359,72.62,84312.83
1785246300000,72.62,72.771,72.329,72.675,49453.57
1785247200000,72.675,72.939,72.675,72.73,44080.07
1785248100000,72.736,72.94,72.5,72.9,50149.82
1785249000000,72.9,73.128,72.783,73.046,44521.67
1785249900000,73.087,73.453,73.087,73.382,69175.21
1785250800000,73.395,73.711,73.268,73.641,38815.25
1785251700000,73.641,74.53,73.472,74.214,106257.45
1785252600000,74.213,74.517,74.15,74.46,50183.83
1785253500000,74.461,74.544,74.074,74.313,59835.07
1785254400000,74.312,74.312,74.064,74.114,14605.07
1785255300000,74.131,74.301,74.062,74.193,19728.72
1785256200000,74.178,74.348,74.016,74.276,35373.44
1785257100000,74.277,74.53,74.201,74.387,34867.47
1785258000000,74.388,74.395,73.941,73.948,21113.03
1785258900000,73.947,73.978,73.758,73.803,47602.97
1785259800000,73.8,73.807,73.531,73.617,40676.87
1785260700000,73.617,73.794,73.595,73.771,50813.99
1785261600000,73.776,74,73.765,73.808,14287.66
1785262500000,73.802,73.905,73.785,73.79,2452.05
1785263400000,73.803,73.878,73.758,73.858,5014.86
1785264300000,73.859,73.901,73.767,73.837,6483.58
1785265200000,73.841,73.973,73.841,73.887,5840.33
1785266100000,73.887,73.981,73.792,73.981,5525.1
1785267000000,73.981,74.242,73.981,74.152,49803.95
1785267900000,74.154,74.349,74.126,74.28,20822.78
1785268800000,74.282,74.331,74.092,74.164,17326.02
1785269700000,74.161,74.291,74.068,74.08,9639.86
1785270600000,74.081,74.151,74.005,74.032,26449.42
1785271500000,74.033,74.033,73.957,73.989,6001.55
1785272400000,73.99,74.114,73.968,74.041,20954.68
1785273300000,74.041,74.124,74.026,74.123,3643.24
1785274200000,74.123,74.286,74.066,74.285,7417.96
1785275100000,74.286,74.334,74.106,74.107,5032.04
1785276000000,74.107,74.188,73.989,74.079,7194.76
1785276900000,74.079,74.151,73.928,73.928,8044.15
1785277800000,73.928,73.928,73.706,73.717,19792.21
1785278700000,73.717,73.718,73.375,73.394,65905.71
1785279600000,73.394,73.429,73.204,73.371,30437.77
1785280500000,73.374,73.39,73.147,73.279,9423.12
1785281400000,73.278,73.604,73.26,73.58,14827.1
1785282300000,73.572,73.788,73.508,73.769,40177.31
1785283200000,73.769,74.12,73.769,73.992,52513.03
1785284100000,73.993,74.119,73.845,73.905,6201.37
1785285000000,73.912,73.971,73.727,73.868,6908.36
1785285900000,73.889,74.038,73.72,73.741,3131.52
1785286800000,73.72,73.747,73.483,73.51,6496.19
1785287700000,73.52,73.748,73.445,73.651,7160.71
1785288600000,73.648,73.674,73.387,73.433,5844.43
1785289500000,73.433,73.433,73.2,73.219,25113.27
1785290400000,73.219,73.352,73.057,73.302,19258.8
1785291300000,73.301,73.673,73.106,73.673,6051.24
1785292200000,73.675,73.932,73.602,73.812,9677.14
1785293100000,73.811,73.811,73.583,73.636,3369.89
1785294000000,73.651,73.713,73.402,73.537,13407.84
1785294900000,73.537,73.559,73.215,73.23,3229.3
1785295800000,73.229,73.313,73.05,73.149,11117.26
1785296700000,73.15,73.209,72.98,73.009,25602.28
1785297600000,73.034,73.259,72.677,73.02,226556.87
1785298500000,73.019,73.209,72.857,73.131,109656.97
1785299400000,73.141,73.447,73.079,73.226,27120.01
1785300300000,73.215,73.429,73.197,73.429,7160.77
1785301200000,73.414,73.569,73.388,73.524,20669.15
1785302100000,73.524,73.54,73.313,73.504,3157.12
1785303000000,73.49,73.755,73.449,73.685,30743.93
1785303900000,73.685,73.747,73.634,73.65,6448.23
1785304800000,73.641,73.676,73.5,73.676,6109.28
1785305700000,73.647,73.974,73.601,73.967,30801.05
1785306600000,73.968,74.056,73.93,74.056,14801.43
1785307500000,74.055,74.056,73.976,74.045,23294.71
1785308400000,74.046,74.075,73.964,74.017,17975.99
1785309300000,74.016,74.113,73.96,74.113,32622.97
1785310200000,74.114,74.157,73.973,74.012,6746.23
1785311100000,74.016,74.264,73.975,74.211,33488.07
1785312000000,74.211,74.288,73.924,73.924,37376.85
1785312900000,73.938,73.961,73.668,73.731,23792.07
1785313800000,73.731,74.107,73.702,74.097,88038.61
1785314700000,74.098,74.191,73.882,73.902,26137.06
1785315600000,73.909,74.003,73.889,73.995,6098.17
1785316500000,73.994,74.053,73.944,74.04,5819.87
1785317400000,74.046,74.285,74.046,74.124,8936.31
1785318300000,74.124,74.144,74.02,74.095,9304.81
1785319200000,74.1,74.103,73.985,73.998,12827.1
1785320100000,73.998,74.065,73.98,73.98,4833.38
1785321000000,73.98,74.06,73.907,74.039,3507.87
1785321900000,74.028,74.042,73.77,73.871,4162.34
1785322800000,73.871,74.052,73.854,74.032,4360.17
1785323700000,74.032,74.056,73.92,73.925,6818.59
1785324600000,73.925,73.934,73.802,73.816,1496.66
1785325500000,73.817,73.952,73.801,73.915,868.63
1785326400000,73.915,73.917,73.753,73.798,4893.72
1785327300000,73.768,73.768,73.408,73.504,27405
1785328200000,73.503,73.556,73.427,73.527,5774.1
1785329100000,73.527,73.61,73.433,73.492,17060.88
1785330000000,73.496,73.572,73.441,73.529,4979.33
1785330900000,73.53,73.546,73.379,73.542,6576.81
1785331800000,73.541,73.737,73.424,73.665,35079.76
1785332700000,73.664,73.698,73.351,73.685,28749.36
1785333600000,73.689,73.885,73.428,73.431,33988.35
1785334500000,73.447,73.569,73.002,73.263,215734.23
1785335400000,73.264,73.39,73.05,73.123,35650.69
1785336300000,73.13,73.418,73.096,73.223,17832.03
1785337200000,73.223,73.379,73.178,73.291,8074.21
1785338100000,73.279,73.35,73.087,73.292,29331.89
1785339000000,73.292,73.428,73.111,73.111,24672.98
1785339900000,73.111,73.182,72.947,73.104,40504.57
1785340800000,73.104,73.116,72.925,73.08,26988.04
1785341700000,73.072,73.316,73.003,73.217,10637.33
1785342600000,73.217,73.229,72.883,72.955,15741.34
1785343500000,72.956,73.262,72.925,73.238,37330.86
1785344400000,73.244,73.53,73.235,73.518,169785.55
1785345300000,73.518,73.519,73.254,73.258,42361.26
1785346200000,73.266,73.382,73.164,73.365,29952.52
1785347100000,73.366,73.916,73.316,73.916,58087.65
1785348000000,73.917,74.318,73.906,74.064,188504.99
1785348900000,74.056,74.125,73.761,73.889,28906.99
1785349800000,73.891,74.24,73.414,74.207,115513.22
1785350700000,74.195,74.51,74.115,74.203,93093.82
1785351600000,74.203,74.344,73.824,73.917,64765.19
1785352500000,73.917,74.123,73.446,73.517,24998.38
1785353400000,73.529,73.626,73.223,73.303,35735.68
1785354300000,73.303,73.309,72.709,72.734,56268.92
1785355200000,72.725,72.959,72.402,72.911,81790.01
1785356100000,72.911,73.065,72.481,72.715,17741.13
1785357000000,72.716,73.165,72.651,72.984,15340.06
1785357900000,72.985,73.023,72.572,72.607,16812.3
1785358800000,72.607,72.724,72.295,72.724,68474.67
1785359700000,72.724,72.921,72.561,72.92,13778.53
1785360600000,72.921,73.06,72.869,72.999,20919.26
1785361500000,72.998,73.161,72.863,73.158,24858.31
1785362400000,73.158,73.685,73.158,73.586,36848.43
1785363300000,73.585,73.768,73.524,73.658,23203.4
1785364200000,73.658,73.67,73.477,73.612,9549.05
1785365100000,73.62,73.633,73.527,73.606,11315.68
1785366000000,73.607,73.621,73.4,73.417,6136.36
1785366900000,73.417,73.706,73.417,73.583,3427.13
1785367800000,73.592,73.644,73.477,73.619,8058.13
1785368700000,73.619,73.704,73.601,73.643,8517.63
1785369600000,73.644,73.835,73.611,73.738,10444.19
1785370500000,73.736,73.85,73.688,73.78,42533.85
1785371400000,73.787,73.787,73.183,73.187,32919.83
1785372300000,73.196,73.33,73.106,73.266,17822.55
1785373200000,73.271,73.727,73.238,73.411,16343.02
1785374100000,73.412,73.664,73.375,73.617,8169.48
1785375000000,73.618,74.034,73.616,73.913,19094.9
1785375900000,73.914,74.18,73.912,73.991,8509.51
1785376800000,73.995,74.097,73.965,73.977,3797.93
1785377700000,73.979,74.096,73.953,73.991,7075.27
1785378600000,73.992,73.992,73.82,73.972,14024.23
1785379500000,73.982,73.996,73.789,73.802,3397.85
1785380400000,73.803,73.948,73.7,73.804,8505.16
1785381300000,73.805,73.957,73.79,73.873,2412.48
1785382200000,73.873,73.873,73.666,73.673,8205.98
1785383100000,73.674,73.757,73.644,73.676,7483.38
1785384000000,73.688,73.706,73.558,73.573,13337.57
1785384900000,73.574,73.599,73.462,73.537,15207.85
1785385800000,73.53,73.688,73.495,73.543,13655.48
1785386700000,73.542,73.606,73.465,73.474,5220.82
1785387600000,73.474,73.539,73.382,73.492,2623.65
1785388500000,73.493,73.572,73.45,73.542,2764
1785389400000,73.54,73.832,73.536,73.75,10245.61
1785390300000,73.751,73.813,73.588,73.674,11585.5
1785391200000,73.673,73.723,73.586,73.625,8130.85
1785392100000,73.616,73.67,73.498,73.667,4913.25
1785393000000,73.644,73.657,73.548,73.608,9189.83
1785393900000,73.609,73.638,73.446,73.484,9209.95
1785394800000,73.484,73.762,73.477,73.686,11840.46
1785395700000,73.686,73.76,73.603,73.641,8486.11
1785396600000,73.635,73.635,73.441,73.521,11585.64
1785397500000,73.52,73.521,73.378,73.391,13863.08
1785398400000,73.392,73.445,73.281,73.4,14197.73
1785399300000,73.398,73.804,73.368,73.689,19757.79
1785400200000,73.689,73.754,73.602,73.738,15611.1
1785401100000,73.737,73.799,73.683,73.778,48164.56
1785402000000,73.778,73.974,73.77,73.969,45462.43
1785402900000,73.959,74.086,73.911,74.018,22194.36
1785403800000,74.028,74.176,74.024,74.058,6516.44
1785404700000,74.058,74.107,74,74.025,7200.34
1785405600000,74.025,74.172,74.021,74.05,6756.51
1785406500000,74.051,74.103,74.038,74.051,7479.23
1785407400000,74.051,74.097,74.01,74.077,5475
1785408300000,74.077,74.092,73.8,73.867,4343.79
1785409200000,73.867,74.037,73.867,73.999,5674.13
1785410100000,74,74.087,73.968,74.039,9041.95
1785411000000,74.04,74.15,73.988,74.105,11404.09
1785411900000,74.105,74.27,74.096,74.189,24193.95
1785412800000,74.19,74.303,74.189,74.254,29734.34
1785413700000,74.261,74.273,74.097,74.136,8594.42
1785414600000,74.137,74.301,74.055,74.212,7068.93
1785415500000,74.212,74.476,74.195,74.383,57506.62
1785416400000,74.383,74.42,74.274,74.358,16706.54
1785417300000,74.358,74.359,74.218,74.223,14850.82
1785418200000,74.223,74.421,74.085,74.396,19582.79
1785419100000,74.371,74.884,74.37,74.645,55875.81
1785420000000,74.636,74.73,74.355,74.409,61182.74
1785420900000,74.409,74.663,74.282,74.571,59611.96
1785421800000,74.591,74.719,74.553,74.684,9809.16
1785422700000,74.684,74.746,74.482,74.592,12027.89
1785423600000,74.598,74.826,74.509,74.6,60462.39
1785424500000,74.6,74.828,74.485,74.509,30396.94
1785425400000,74.485,74.614,74.44,74.573,8988.33
1785426300000,74.55,74.637,74.48,74.605,6411.26
1785427200000,74.606,74.805,74.586,74.692,12517.35
1785428100000,74.692,74.766,74.643,74.689,9522.98
1785429000000,74.69,74.711,74.422,74.436,21123.55
1785429900000,74.431,74.598,74.416,74.557,16003.97
1785430800000,74.555,74.608,74.391,74.463,14509.96
1785431700000,74.462,74.601,74.44,74.54,8755.89
1785432600000,74.541,74.759,74.46,74.74,46773.24
1785433500000,74.737,74.846,74.67,74.732,22020.41
1785434400000,74.733,74.944,74.728,74.736,15566.95
1785435300000,74.736,74.781,74.648,74.713,4446.95
1785436200000,74.712,74.715,74.53,74.564,3130.5
1785437100000,74.564,74.593,74.459,74.498,13472.92
1785438000000,74.498,74.726,74.498,74.706,7317.02
1785438900000,74.709,74.724,74.605,74.666,5997.48
1785439800000,74.657,74.662,74.547,74.618,6554.8
1785440700000,74.628,74.782,74.507,74.766,6599.5
1785441600000,74.745,74.869,74.614,74.614,15227.71
1785442500000,74.61,74.644,74.54,74.54,6214.8
1785443400000,74.587,74.599,74.45,74.515,16101.47
1785444300000,74.539,74.556,74.408,74.441,7888.92
1785445200000,74.442,74.571,74.438,74.491,10339.02
1785446100000,74.503,74.561,74.416,74.417,5430.96
1785447000000,74.43,74.53,74.429,74.462,5035.8
1785447900000,74.462,74.53,74.413,74.465,9770.76
1785448800000,74.464,74.749,74.389,74.684,49523.71
1785449700000,74.68,74.858,74.666,74.825,9234.84
1785450600000,74.825,74.85,74.671,74.805,34617.96
1785451500000,74.81,74.82,74.701,74.713,5089.81
1785452400000,74.722,74.746,74.645,74.73,12366.62
1785453300000,74.725,74.734,74.628,74.647,1425.76
1785454200000,74.646,74.968,74.63,74.696,29883.64
1785455100000,74.696,74.712,74.45,74.479,13942.57
1785456000000,74.479,74.604,74.468,74.578,6169.81
1785456900000,74.578,74.578,74.453,74.516,4518.89
1785457800000,74.524,74.599,74.42,74.48,10695.86
1785458700000,74.489,74.514,74.401,74.452,8154.17
1785459600000,74.453,75.268,74.453,75.179,78898.92
1785460500000,75.179,75.179,74.866,75.089,16935.99
1785461400000,75.088,75.088,74.722,74.728,62281.78
1785462300000,74.735,74.774,74.273,74.373,77962.6
1785463200000,74.364,74.518,74.312,74.315,18948.76
1785464100000,74.312,74.327,74.154,74.176,24207.39
1785465000000,74.174,74.306,74.057,74.063,75725.62
1785465900000,74.082,74.192,74.056,74.12,17125.9
1785466800000,74.12,74.121,73.839,73.976,41509.61
1785467700000,73.977,74.304,73.937,74.176,54432.82
1785468600000,74.169,74.219,74.059,74.136,17326.23
1785469500000,74.136,74.23,74.086,74.107,4109.89
1785470400000,74.107,74.115,73.958,73.972,6414.26
1785471300000,73.973,73.998,73.699,73.805,110124.07
1785472200000,73.807,73.833,73.703,73.753,5963.57
1785473100000,73.753,73.852,73.696,73.807,98451.89
1785474000000,73.808,74.103,73.807,74.084,89581.23
1785474900000,74.085,74.31,74.062,74.164,124652.65
1785475800000,74.165,74.225,74.009,74.061,117117.99
1785476700000,74.055,74.209,74.045,74.208,6516.61
1785477600000,74.209,74.382,74.157,74.331,47031.23
1785478500000,74.327,74.437,74.307,74.437,46117.22
1785479400000,74.436,74.516,74.079,74.08,74092.2
1785480300000,74.08,74.173,73.978,74.074,20297.33
1785481200000,74.061,74.061,73.659,73.75,9854.05
1785482100000,73.745,73.8,73.505,73.506,29874.36
1785483000000,73.504,73.675,73.49,73.627,7853.64
1785483900000,73.629,73.733,73.629,73.66,12861.47
1785484800000,73.66,73.733,73.591,73.716,18731.57
1785485700000,73.716,73.757,73.59,73.714,5151.85
1785486600000,73.714,73.714,73.494,73.593,6686.49
1785487500000,73.594,73.774,73.582,73.623,4715.12
1785488400000,73.626,73.676,73.583,73.625,5385.6
1785489300000,73.626,73.627,73.435,73.451,7149.67
1785490200000,73.451,73.519,73.366,73.475,9367.43
1785491100000,73.475,73.553,73.423,73.451,5371.15
1785492000000,73.451,73.531,73.27,73.509,8168.39
1785492900000,73.51,73.631,73.471,73.597,6824.09
1785493800000,73.597,73.634,73.494,73.572,5478.68
1785494700000,73.571,73.598,73.478,73.54,8564.71
1785495600000,73.545,73.681,73.53,73.548,4378.37
1785496500000,73.549,73.668,73.468,73.575,10264.54
1785497400000,73.576,73.576,73.46,73.467,4338.58
1785498300000,73.468,73.54,73.445,73.538,3783.29
1785499200000,73.539,73.556,73.373,73.458,5415.63
1785500100000,73.449,73.599,73.411,73.565,6023.62
1785501000000,73.565,73.565,73.405,73.456,9557.4
1785501900000,73.445,73.598,73.434,73.595,4475.92
1785502800000,73.604,73.712,73.59,73.67,21374.92
1785503700000,73.671,73.774,73.665,73.765,10256.02
1785504600000,73.766,73.788,73.372,73.372,16483.37
1785505500000,73.378,73.432,73.15,73.252,34633.39
1785506400000,73.252,73.473,72.782,73.456,143697.89
1785507300000,73.456,73.669,73.231,73.266,81712.22
1785508200000,73.267,73.327,72.882,72.969,44245.03
1785509100000,72.968,73.151,72.81,73.01,14953.91
1785510000000,73.01,73.051,72.873,72.974,8224.37
1785510900000,72.963,73.072,72.844,72.938,4178.93
1785511800000,72.94,73.178,72.883,73.062,13693.25
1785512700000,73.061,73.12,72.923,73.072,4199.38
1785513600000,73.072,73.25,73.061,73.114,11038.58
1785514500000,73.115,73.204,72.962,73.188,3975.53
1785515400000,73.191,73.209,73.03,73.107,5434.89
1785516300000,73.107,73.313,73.107,73.277,3057.11
1785517200000,73.27,73.312,73.152,73.271,4156.87
1785518100000,73.27,73.34,73.218,73.292,2259.24
1785519000000,73.291,73.407,73.254,73.284,9788.89
1785519900000,73.284,73.413,73.283,73.327,13211.07
1785520800000,73.328,73.437,73.261,73.286,10572.21
1785521700000,73.286,73.417,73.178,73.178,16603.27
1785522600000,73.179,73.189,72.909,73.048,9684.29
1785523500000,73.049,73.185,73.025,73.084,6235.01
1785524400000,73.084,73.17,73.027,73.073,4534.78
1785525300000,73.073,73.075,72.921,72.981,6039.41
1785526200000,72.982,73.057,72.902,73.057,9424.56
1785527100000,73.057,73.257,73.056,73.062,10922.72
1785528000000,73.053,73.182,73.051,73.084,4519.02
1785528900000,73.084,73.144,73.056,73.097,1862.83
1785529800000,73.097,73.099,72.952,72.991,16290.89
1785530700000,72.991,73.03,72.918,72.931,6206.74
1785531600000,72.942,73.031,72.852,73.031,14268.2
1785532500000,73.03,73.073,72.975,73.016,4750.25
1785533400000,73,73.015,72.939,73.005,4663.75
1785534300000,73.006,73.055,72.55,72.69,86302.91
1785535200000,72.694,72.873,72.631,72.811,59568.39
1785536100000,72.81,72.838,72.788,72.838,3162.98
1785537000000,72.838,72.913,72.827,72.912,3707.92
1785537900000,72.906,72.906,72.818,72.818,1549.09
1785538800000,72.819,72.923,72.818,72.875,6332.09
1785539700000,72.875,72.927,72.856,72.87,6511.96
1785540600000,72.87,72.899,72.831,72.856,1166.31
1785541500000,72.857,72.867,72.779,72.834,9062.31
1785542400000,72.834,72.954,72.833,72.923,5794.65
1785543300000,72.92,72.985,72.88,72.965,2121.75
1785544200000,72.962,73.03,72.926,73.004,3010.43
1785545100000,73.005,73.123,72.926,72.986,4097.87
1785546000000,72.986,73.073,72.985,73.062,6908.56
1785546900000,73.063,73.105,73.011,73.053,7862.19
1785547800000,73.053,73.055,73.017,73.033,1265.05
1785548700000,73.034,73.041,72.957,72.994,1525.94
1785549600000,73.004,73.09,73,73.028,1267.32
1785550500000,73.029,73.126,73.029,73.125,1485.05
1785551400000,73.125,73.126,72.983,72.995,4397.04
1785552300000,72.994,73.067,72.982,73.049,1809.46
1785553200000,73.06,73.079,72.956,72.956,7133.81
1785554100000,72.955,72.965,72.892,72.892,11181.66
1785555000000,72.893,72.932,72.853,72.907,14796.56
1785555900000,72.907,73.023,72.876,73.023,39301.68
1785556800000,73.003,73.075,73.003,73.065,1630.12
1785557700000,73.065,73.097,73.047,73.07,491.18
1785558600000,73.07,73.114,73.05,73.101,3548.42
1785559500000,73.105,73.175,73.094,73.146,10111.42
1785560400000,73.146,73.167,73.127,73.166,3386.82
1785561300000,73.167,73.172,73.002,73.015,22891.82
1785562200000,73.015,73.066,72.901,72.914,13038.74
1785563100000,72.915,72.919,72.833,72.913,8633.62
1785564000000,72.914,72.955,72.87,72.955,10125.9
1785564900000,72.954,73.006,72.933,72.976,7892.6
1785565800000,72.986,72.989,72.935,72.966,11452.87
1785566700000,72.96,72.987,72.932,72.967,898.66
1785567600000,72.967,73.077,72.951,73.054,1482.28
1785568500000,73.055,73.058,72.965,72.965,5585.02
1785569400000,72.963,72.968,72.901,72.929,13393.49
1785570300000,72.93,72.968,72.914,72.942,2719.22
1785571200000,72.943,72.972,72.926,72.947,2898.71
1785572100000,72.948,73.039,72.948,73.005,3282.28
1785573000000,73.006,73.025,72.952,72.952,3213.3
1785573900000,72.953,73.032,72.949,73.012,11396.9
1785574800000,73.013,73.06,72.959,72.96,5328.48
1785575700000,72.96,72.997,72.917,72.927,17385.9
1785576600000,72.928,72.949,72.916,72.945,426.33
1785577500000,72.947,72.947,72.816,72.817,4213.92
1785578400000,72.816,72.865,72.625,72.769,14648.29
1785579300000,72.769,72.862,72.735,72.806,2082
1785580200000,72.807,72.868,72.769,72.859,1185.47
1785581100000,72.846,72.847,72.79,72.8,4898.45
1785582000000,72.799,72.838,72.76,72.838,2074.78
1785582900000,72.838,72.864,72.799,72.838,2746.73
1785583800000,72.848,72.864,72.811,72.844,3499.73
1785584700000,72.844,72.871,72.839,72.859,2971.36
1785585600000,72.86,72.901,72.844,72.844,1063.28
1785586500000,72.843,72.902,72.84,72.902,3086.4
1785587400000,72.901,72.908,72.859,72.859,1213.44
1785588300000,72.86,72.907,72.859,72.907,1520.83
1785589200000,72.906,72.965,72.894,72.957,9387.72
1785590100000,72.956,72.956,72.905,72.906,422.7
1785591000000,72.906,72.96,72.887,72.952,2500.22
1785591900000,72.953,72.953,72.905,72.949,1228.19
1785592800000,72.936,73.01,72.858,72.858,4407.64
1785593700000,72.859,72.956,72.839,72.944,4310.21
1785594600000,72.944,72.972,72.914,72.966,788.73
1785595500000,72.966,73.006,72.924,73.006,1823.4
1785596400000,73.005,73.006,72.948,72.973,4857.5
1785597300000,72.968,72.969,72.808,72.814,3970.24
1785598200000,72.814,72.82,72.71,72.8,40357.35
1785599100000,72.788,72.822,72.767,72.767,22109.58
1785600000000,72.764,72.847,72.703,72.8,4646.34
1785600900000,72.789,72.869,72.78,72.854,4412.17
1785601800000,72.855,72.913,72.812,72.812,2469.39
1785602700000,72.813,72.827,72.455,72.664,10990.59
1785603600000,72.663,72.748,72.394,72.471,11147.75
1785604500000,72.475,72.48,72.045,72.121,49608.02
1785605400000,72.118,72.121,71.584,71.894,61546.48
1785606300000,71.891,71.898,71.676,71.897,14995.17
1785607200000,71.897,71.939,71.685,71.812,15754.27
1785608100000,71.807,71.807,71.422,71.495,43088.25
1785609000000,71.485,71.494,70.994,71.139,109482.94
1785609900000,71.146,71.148,70.552,71.058,123062.5
1785610800000,71.052,71.276,71.018,71.221,52183.39
1785611700000,71.225,71.28,71.095,71.222,8513.56
1785612600000,71.221,71.293,71.145,71.183,7573.35
1785613500000,71.177,71.323,71.177,71.227,5017.48
1785614400000,71.226,71.405,71.183,71.352,11738.93
1785615300000,71.35,71.492,71.34,71.392,37085.3
1785616200000,71.382,71.493,71.306,71.419,8792.74
1785617100000,71.412,71.528,71.388,71.519,13829.99
1785618000000,71.519,71.753,71.508,71.67,13935.4
1785618900000,71.67,71.754,71.574,71.669,8097.59
1785619800000,71.67,71.777,71.658,71.764,5124.81
1785620700000,71.764,71.812,71.747,71.805,3954.25
1785621600000,71.806,71.963,71.806,71.902,7992.95
1785622500000,71.906,71.95,71.846,71.943,1288.53
1785623400000,71.943,71.953,71.878,71.927,3367.54
1785624300000,71.927,71.946,71.855,71.882,6947.74
1785625200000,71.881,72.051,71.881,71.95,20698.41
1785626100000,71.951,71.951,71.791,71.792,5137.6
1785627000000,71.793,71.897,71.793,71.897,1100.23
1785627900000,71.896,71.914,71.867,71.913,3479.54
1785628800000,71.916,72.072,71.901,72.061,4740.88
1785629700000,72.071,72.116,72,72.016,2970.46
1785630600000,72.017,72.073,71.977,72.019,3447.29
1785631500000,72.019,72.071,71.99,72.071,943.88
1785632400000,72.081,72.479,72.079,72.462,14003.34
1785633300000,72.463,72.579,72.399,72.491,9173.9
1785634200000,72.492,72.725,72.455,72.626,17329.41
1785635100000,72.626,72.644,72.583,72.613,31713.78
1785636000000,72.612,73.325,72.55,73.189,57300.22
1785636900000,73.199,73.276,73.07,73.071,11005.58
1785637800000,73.07,73.071,72.892,72.964,59811.02
1785638700000,72.964,73.107,72.944,73.098,11059.73
1785639600000,73.097,73.199,73.058,73.109,38237.32
1785640500000,73.109,73.185,73.063,73.067,5890.48
1785641400000,73.067,73.212,73.065,73.172,11768.79
1785642300000,73.172,73.205,73.111,73.164,7686.67
1785643200000,73.165,73.264,73.165,73.22,4547.47
1785644100000,73.215,73.396,73.215,73.327,47500.69
1785645000000,73.328,73.374,73.273,73.28,2882.71
1785645900000,73.28,73.523,73.28,73.509,7178.63
1785646800000,73.508,73.635,73.451,73.467,10582.48
1785647700000,73.467,73.629,73.439,73.501,7264.68
1785648600000,73.512,73.539,73.434,73.493,14478.02
1785649500000,73.478,73.59,73.472,73.564,5912.84
1785650400000,73.564,73.606,73.468,73.469,6118.04
1785651300000,73.469,73.562,73.444,73.535,6938.59
1785652200000,73.534,73.568,73.474,73.524,5019.41
1785653100000,73.524,73.524,73.396,73.414,6232.9
1785654000000,73.415,73.427,73.36,73.391,9051.6
1785654900000,73.39,73.475,73.381,73.447,5777.16
1785655800000,73.447,73.455,73.411,73.452,2090.68
1785656700000,73.451,73.46,73.409,73.424,1872.85
1785657600000,73.424,73.489,73.372,73.381,9956.84
1785658500000,73.381,73.411,73.289,73.301,3920.49
1785659400000,73.301,73.355,73.144,73.23,11268.98
1785660300000,73.231,73.268,73.132,73.143,6004.16
1785661200000,73.142,73.302,72.962,73.29,9134.14
1785662100000,73.289,73.328,73.254,73.259,2565.37
1785663000000,73.259,73.347,73.257,73.286,4180.59
1785663900000,73.285,73.391,73.279,73.361,1802.62
1785664800000,73.362,73.362,73.205,73.205,4284.75
1785665700000,73.205,73.337,73.108,73.157,15611.2
1785666600000,73.158,73.252,73.158,73.232,1817.53
1785667500000,73.231,73.26,73.223,73.251,5680.8
1785668400000,73.247,73.274,73.178,73.2,9027
1785669300000,73.218,73.271,73.137,73.152,2275.67
1785670200000,73.153,73.188,73.019,73.047,5321.98
1785671100000,73.047,73.133,72.912,72.971,7851.79
1785672000000,72.967,73.171,72.966,73.171,4338.11
1785672900000,73.162,73.195,73.11,73.124,4331.57
1785673800000,73.123,73.153,72.986,73.017,28751.83
1785674700000,73.018,73.028,72.876,72.876,4597.51
1785675600000,72.874,72.945,72.848,72.945,10468.1
1785676500000,72.944,72.959,72.876,72.876,3273
1785677400000,72.876,72.91,72.671,72.821,5342.71
1785678300000,72.83,72.963,72.83,72.936,5069.66
1785679200000,72.936,73.04,72.893,73.033,8893.17
1785680100000,73.039,73.124,73.039,73.124,23712.1
1785681000000,73.124,73.187,73.07,73.175,16064.61
1785681900000,73.175,73.175,73.054,73.063,3635.77
1785682800000,73.062,73.159,73.027,73.159,5120.54
1785683700000,73.158,73.159,73.073,73.074,3310.83
1785684600000,73.073,73.143,73.018,73.038,2668.95
1785685500000,73.039,73.054,72.976,72.987,3428.31
1785686400000,72.987,72.993,72.874,72.908,17253.47
1785687300000,72.901,73.014,72.897,73.009,17463
1785688200000,73.009,73.269,73.009,73.202,14528.6
1785689100000,73.202,73.22,73.11,73.11,7803.16
1785690000000,73.11,73.229,73.057,73.228,6498.95
1785690900000,73.228,73.338,73.192,73.202,14582.21
1785691800000,73.202,73.337,73.201,73.336,8447.15
1785692700000,73.337,73.368,73.275,73.291,2730.67
1785693600000,73.285,73.353,73.204,73.277,3507.05
1785694500000,73.277,73.362,73.255,73.336,7455.67
1785695400000,73.336,73.8,73.336,73.666,26002.14
1785696300000,73.654,73.723,73.52,73.533,10973.08
1785697200000,73.53,73.642,73.506,73.54,7907.97
1785698100000,73.541,73.625,73.528,73.59,5703.47
1785699000000,73.589,73.673,73.569,73.644,3655.07
1785699900000,73.643,73.743,73.626,73.687,12545.44
1785700800000,73.687,73.705,73.541,73.63,34343.09
1785701700000,73.629,73.642,73.525,73.536,5702.81
1785702600000,73.536,73.593,73.536,73.587,3855.79
1785703500000,73.587,73.676,73.561,73.651,9735.41
1785704400000,73.651,73.765,73.64,73.683,4264.29
1785705300000,73.683,73.761,73.648,73.751,8249.87
1785706200000,73.751,74.007,73.724,73.97,65319.01
1785707100000,73.981,74.271,73.872,73.95,61974.26
1785708000000,73.955,74.179,73.955,74.034,23704.15
1785708900000,74.033,74.162,73.877,73.919,9177.43
1785709800000,73.919,73.922,73.646,73.793,17187.02
1785710700000,73.793,73.833,73.613,73.614,3738.59
1785711600000,73.613,73.613,73.454,73.5,20018.71
1785712500000,73.5,73.603,73.454,73.549,8019.12
1785713400000,73.549,73.587,73.487,73.518,4254.31
1785714300000,73.518,73.59,73.429,73.582,10076.12
1785715200000,73.581,73.626,73.386,73.431,17181.78
1785716100000,73.431,73.459,73.232,73.255,16422.68
1785717000000,73.254,73.348,73.172,73.211,3782.23
1785717900000,73.211,73.237,73.15,73.19,6256.68
1785718800000,73.17,73.226,72.966,73.07,3827.79
1785719700000,73.074,73.116,72.975,73.007,3169.55
1785720600000,72.996,73.057,72.928,72.992,6893.18
1785721500000,72.991,73.001,72.903,72.965,6761.79
1785722400000,72.966,73,72.883,72.965,15722.13
1785723300000,72.965,73.11,72.928,72.953,5300.38
1785724200000,72.953,73.093,72.913,73.056,2992.44
1785725100000,73.05,73.081,72.956,73.002,4004.56
1785726000000,72.996,73.072,72.963,72.989,3307.04
1785726900000,72.988,73.049,72.948,73.005,2530.79
1785727800000,73.005,73.005,72.915,72.93,5565.17
1785728700000,72.93,72.955,72.677,72.873,17983.63
1785729600000,72.869,72.96,72.808,72.885,6263.73
1785730500000,72.886,73.038,72.886,72.922,15685.29
1785731400000,72.926,73.033,72.925,73.015,7756.31
1785732300000,73.026,73.036,72.826,72.826,3033.11
1785733200000,72.826,73.01,72.811,72.995,3333.38
1785734100000,72.995,72.996,72.86,72.882,6792.91
1785735000000,72.881,72.896,72.805,72.81,1263.93
1785735900000,72.809,72.887,72.801,72.886,798.02
1785736800000,72.886,72.935,72.866,72.897,4496.29
1785737700000,72.885,72.902,72.807,72.819,3300.01
1785738600000,72.819,72.828,72.525,72.529,42101.75
1785739500000,72.53,72.659,72.474,72.574,14629.27
1785740400000,72.575,72.612,72.506,72.524,19077.88
1785741300000,72.525,72.604,72.405,72.604,54230.83
1785742200000,72.577,72.665,72.524,72.524,7272.21
1785743100000,72.528,72.557,72.465,72.486,5362.28
1785744000000,72.492,72.537,72.405,72.487,9714.05
1785744900000,72.487,72.498,72.013,72.017,55788.39
1785745800000,72.024,72.21,71.955,72.197,47465.52
1785746700000,72.197,72.352,72.158,72.33,6138.54
1785747600000,72.337,72.346,72.297,72.32,10339.57
1785748500000,72.321,72.436,72.32,72.431,6585.09
1785749400000,72.431,72.516,72.422,72.51,4024.22
1785750300000,72.511,72.763,72.51,72.713,5008.48
1785751200000,72.706,72.76,72.631,72.646,6815.01
1785752100000,72.646,72.698,72.574,72.575,12327.72
1785753000000,72.575,72.631,72.542,72.625,3667.02
1785753900000,72.624,72.636,72.495,72.581,4318.35
1785754800000,72.58,72.592,72.37,72.413,17200.34
1785755700000,72.413,72.582,72.387,72.458,4267.2
1785756600000,72.458,72.604,72.447,72.528,2293.66
1785757500000,72.533,72.534,72.371,72.41,6233.43
1785758400000,72.423,72.478,72.306,72.478,4535.07
1785759300000,72.473,72.522,72.413,72.442,1810.15
1785760200000,72.432,72.481,72.399,72.481,1857.26
1785761100000,72.488,72.498,72.374,72.388,2305.21
1785762000000,72.394,72.445,72.357,72.403,3696.87
1785762900000,72.407,72.735,72.406,72.467,28881.51
1785763800000,72.474,72.84,72.301,72.764,50399.43
1785764700000,72.766,73.25,72.637,73.227,31041.83
1785765600000,73.227,73.318,73.046,73.122,81728.65
1785766500000,73.122,73.665,73,73.624,61589.66
1785767400000,73.615,73.698,73.448,73.578,36038.46
1785768300000,73.577,73.772,73.414,73.76,69728.9
1785769200000,73.761,73.796,73.478,73.535,23026.63
1785770100000,73.539,73.677,73.509,73.585,8831.32
1785771000000,73.579,73.7,73.492,73.573,18824.74
1785771900000,73.578,73.67,73.4,73.569,59121.83
1785772800000,73.57,73.768,73.431,73.546,86632.81
1785773700000,73.546,73.688,73.508,73.545,7574.32
1785774600000,73.545,73.545,73.17,73.275,74274.84
1785775500000,73.276,73.503,73.276,73.387,55918.7
1785776400000,73.387,73.612,73.293,73.576,6118.44
1785777300000,73.59,73.815,73.517,73.601,39438.63
1785778200000,73.6,73.756,73.549,73.686,7981.25
1785779100000,73.687,73.759,73.59,73.661,2366.59
1785780000000,73.661,74.1,73.66,74.083,221809.1
1785780900000,74.08,74.275,73.945,73.953,88617.73
1785781800000,73.965,74.067,73.919,73.961,16710.07
1785782700000,73.96,74.06,73.867,73.948,9428.71
1785783600000,73.949,74.059,73.931,73.984,39009.87
1785784500000,73.988,74.107,73.984,74.061,6034.54
1785785400000,74.061,74.145,73.937,74.015,38461.26
1785786300000,74.016,74.099,73.966,73.988,60774.69
1785787200000,73.999,74.026,73.879,73.969,37171.42
1785788100000,73.97,74.112,73.966,73.981,12494.45
1785789000000,73.988,73.996,73.935,73.954,4249.66
1785789900000,73.956,73.957,73.745,73.813,35543.9
1785790800000,73.814,73.83,73.725,73.745,6999.33
1785791700000,73.74,73.809,73.696,73.758,5034.65
1785792600000,73.763,73.79,73.733,73.76,5016.04
1785793500000,73.739,73.74,73.641,73.689,3700.12
1785794400000,73.679,73.699,73.363,73.513,10838.67
1785795300000,73.518,73.688,73.508,73.525,6503.72
1785796200000,73.524,73.535,73.392,73.415,3638.66
1785797100000,73.416,73.522,73.383,73.501,4138.12
1785798000000,73.502,73.502,73.371,73.39,3253.66
1785798900000,73.39,73.495,73.384,73.488,11753.46
1785799800000,73.489,73.49,73.392,73.477,1938.32
1785800700000,73.471,73.542,73.444,73.535,1205.23
1785801600000,73.536,73.606,73.428,73.512,12506.56
1785802500000,73.506,73.547,73.404,73.441,1949.17
1785803400000,73.423,73.425,73.055,73.184,48314.49
1785804300000,73.185,73.214,73.019,73.034,10121.74
1785805200000,73.049,73.175,73.018,73.094,73663.78
1785806100000,73.095,73.23,73.054,73.167,24368.17
1785807000000,73.169,73.729,73.169,73.65,9101.61
1785807900000,73.656,73.772,73.58,73.751,61205.51
1785808800000,73.751,73.831,73.706,73.74,7932.97
1785809700000,73.74,73.799,73.658,73.735,2783.34
1785810600000,73.741,74.076,73.725,73.933,23214.52
1785811500000,73.933,73.958,73.829,73.85,2386.03
1785812400000,73.85,73.865,73.569,73.569,8858.32
1785813300000,73.569,73.569,73.449,73.53,6367.79
1785814200000,73.531,73.723,73.531,73.715,18116.29
1785815100000,73.716,73.766,73.674,73.674,4198.47
1785816000000,73.675,73.689,73.581,73.632,1528.2
1785816900000,73.633,73.791,73.628,73.684,2390.33
1785817800000,73.684,73.906,73.683,73.902,3232.9
1785818700000,73.903,74.073,73.801,73.805,11487.93
1785819600000,73.8,73.853,73.693,73.693,7416.77
1785820500000,73.694,73.782,73.679,73.69,8972.81
1785821400000,73.69,73.762,73.689,73.758,8519.68
1785822300000,73.758,73.758,73.7,73.71,4687.56
1785823200000,73.71,73.784,73.656,73.763,6615.85
1785824100000,73.763,73.872,73.655,73.655,14075.89
1785825000000,73.653,73.67,73.395,73.417,8933.04
1785825900000,73.417,73.441,73.384,73.404,4736.95
1785826800000,73.405,73.443,73.338,73.364,1675.59
1785827700000,73.352,73.369,73.189,73.365,13976.5
1785828600000,73.365,73.608,73.365,73.53,12953.48
1785829500000,73.538,73.709,73.538,73.658,6572.19
1785830400000,73.659,73.731,73.519,73.52,8703.63
1785831300000,73.52,73.524,73.354,73.423,6104.8
1785832200000,73.423,73.423,73.275,73.42,5281.34
1785833100000,73.419,73.419,73.316,73.339,5630.42
1785834000000,73.335,73.335,73.218,73.218,4569.54
1785834900000,73.219,73.254,73.133,73.231,8133.9
1785835800000,73.231,73.268,73.17,73.237,1984.03
1785836700000,73.231,73.271,73.207,73.27,3419.5
1785837600000,73.271,73.302,73.163,73.185,5998.38
1785838500000,73.174,73.274,73.076,73.079,68457.79
1785839400000,73.094,73.33,73.079,73.33,4014.28
1785840300000,73.329,73.65,73.294,73.601,52877.56
1785841200000,73.601,73.66,73.507,73.572,32233.68
1785842100000,73.562,73.7,73.517,73.688,2414.13
1785843000000,73.69,73.805,73.65,73.8,9755.49
1785843900000,73.789,73.945,73.766,73.915,13296.89
1785844800000,73.916,73.916,73.756,73.774,12010.49
1785845700000,73.775,73.901,73.74,73.882,4830.35
1785846600000,73.883,74.053,73.825,73.941,9036.79
1785847500000,73.941,73.941,73.781,73.781,10198.31
1785848400000,73.78,73.857,73.69,73.829,5806.24
1785849300000,73.828,73.909,73.719,73.829,15049.32
1785850200000,73.824,74.016,73.761,73.92,16856.89
1785851100000,73.926,73.932,73.549,73.609,17475.69
1785852000000,73.609,73.825,73.408,73.602,22087.74
1785852900000,73.612,73.636,73.303,73.516,51217.96
1785853800000,73.525,73.889,73.482,73.845,57901.43
1785854700000,73.835,73.876,73.707,73.811,46513.1
1785855600000,73.823,73.973,73.702,73.835,24169.88
1785856500000,73.82,73.854,73.564,73.592,12474.6
1785857400000,73.6,73.897,73.396,73.896,28989.68
1785858300000,73.897,74.167,73.872,73.96,57345.17
1785859200000,73.961,73.985,73.78,73.862,12059.63
1785860100000,73.87,73.978,73.811,73.827,6219.5
1785861000000,73.82,73.88,73.616,73.695,17578.84
1785861900000,73.698,73.759,73.574,73.702,6936.13
1785862800000,73.702,74.217,73.701,74.015,47630.79
1785863700000,74.014,74.096,73.908,74.076,38062
1785864600000,74.084,74.106,73.994,74.047,25174.75
1785865500000,74.047,74.07,73.724,73.741,36967.05
1785866400000,73.74,74.096,73.737,74.096,13304.91
1785867300000,74.095,74.362,74.08,74.286,31953.29
1785868200000,74.3,74.312,74.001,74.141,103279.73
1785869100000,74.141,74.201,74.084,74.114,7331.2
1785870000000,74.115,74.339,74.09,74.325,6003.9
1785870900000,74.329,74.361,74.132,74.146,6041.2
1785871800000,74.147,74.326,74.133,74.234,5283.61
1785872700000,74.234,74.268,74.099,74.151,67578.89
1785873600000,74.162,74.203,74.041,74.198,15589.34
1785874500000,74.197,74.197,73.853,74.059,25195.96
1785875400000,74.06,74.439,74.05,74.395,46482.39
1785876300000,74.383,74.383,74.171,74.246,7705.33
1785877200000,74.247,74.259,74.001,74.001,11424.44
1785878100000,74.028,74.149,73.989,74.049,37722.31
1785879000000,74.024,74.115,74.012,74.062,12654.67
1785879900000,74.063,74.117,74.022,74.1,2762.54
1785880800000,74.1,74.121,73.963,74.099,7405.71
1785881700000,74.099,74.155,74.046,74.126,7314.93
1785882600000,74.127,74.183,74.023,74.033,5842.56
1785883500000,74.039,74.074,73.985,74.073,2498.91
1785884400000,74.06,74.233,73.931,74.194,17790.66
1785885300000,74.195,74.252,73.868,73.873,18461.04
1785886200000,73.872,73.908,73.751,73.843,31136.72
1785887100000,73.844,73.86,73.715,73.723,5941.96
1785888000000,73.726,73.761,73.583,73.639,24230.67
1785888900000,73.631,73.662,73.544,73.612,9446.29
1785889800000,73.623,73.762,73.483,73.545,52706.16
1785890700000,73.545,73.575,73.45,73.486,50452.56
1785891600000,73.487,73.569,73.372,73.535,23062.66
1785892500000,73.539,73.7,73.476,73.692,22823.87
1785893400000,73.693,74.062,73.692,73.876,10765.09
1785894300000,73.876,74.081,73.869,74.06,3156.74
1785895200000,74.08,74.374,74.062,74.205,18033.39
1785896100000,74.215,74.231,74.043,74.173,5526.39
1785897000000,74.178,74.361,74.169,74.361,3951.98
1785897900000,74.363,74.453,74.157,74.186,10346.33
1785898800000,74.187,74.278,74.045,74.057,6176.64
1785899700000,74.043,74.043,73.712,73.717,42511.52
1785900600000,73.713,73.821,73.691,73.77,8605.39
1785901500000,73.78,73.789,73.74,73.751,2029.16
1785902400000,73.751,73.787,73.655,73.68,5637.79
1785903300000,73.68,73.692,73.595,73.65,38951.15
1785904200000,73.675,73.815,73.67,73.753,3170.47
1785905100000,73.752,73.798,73.707,73.763,1082.23
1785906000000,73.763,74.047,73.717,73.938,3988.74
1785906900000,73.938,74.258,73.904,74.152,5177.43
1785907800000,74.152,74.152,74.035,74.134,3727.72
1785908700000,74.133,74.175,74.076,74.117,2547.89
1785909600000,74.112,74.124,74.022,74.065,1618.31
1785910500000,74.06,74.113,74.023,74.107,2009.42
1785911400000,74.105,74.218,74.095,74.096,3691.26
1785912300000,74.095,74.096,73.963,73.982,2448.64
1785913200000,73.983,74.016,73.834,73.876,4100.46
1785914100000,73.876,73.876,73.673,73.694,9097.54
1785915000000,73.694,73.737,73.664,73.665,6445.35
1785915900000,73.664,73.936,73.664,73.935,4347.54
1785916800000,73.936,74.092,73.936,73.989,4980.89
1785917700000,73.989,74.116,73.933,74.106,7192.41
1785918600000,74.105,74.122,73.984,74.011,3788.02
1785919500000,74.022,74.097,73.968,74.04,3440.95
1785920400000,74.052,74.076,73.984,74.075,3184.16
1785921300000,74.075,74.168,74.062,74.13,3550.02
1785922200000,74.13,74.172,74.112,74.113,5112.19
1785923100000,74.112,74.112,73.985,73.989,1182.94
1785924000000,73.988,74.037,73.923,73.976,1931.89
1785924900000,73.971,74.065,73.897,74.035,2426.26
1785925800000,74.035,74.086,73.984,74.01,1691.52
1785926700000,74.011,74.025,73.775,73.83,10087.4
1785927600000,73.83,73.975,73.83,73.908,5153.59
1785928500000,73.912,73.913,73.783,73.783,3118.7
1785929400000,73.783,73.869,73.733,73.759,4806.1
1785930300000,73.758,73.767,73.712,73.747,2896.49
1785931200000,73.746,73.93,73.7,73.863,4081.7
1785932100000,73.857,74.35,73.841,74.271,53561.98
1785933000000,74.265,74.302,74.084,74.125,17067.06
1785933900000,74.125,74.143,73.979,74.044,19683.26
1785934800000,74.039,74.074,73.71,73.85,27374.62
1785935700000,73.84,73.882,73.733,73.752,19273.56
1785936600000,73.751,73.81,73.233,73.643,76901.01
1785937500000,73.663,73.948,73.489,73.947,23935.92
1785938400000,73.942,74.1,73.774,73.989,13257.96
1785939300000,73.999,74.103,73.752,73.786,10475.29
1785940200000,73.786,73.863,73.595,73.776,18071.54
1785941100000,73.775,74.015,73.654,73.927,10930.57
1785942000000,73.927,74.185,73.86,74.044,26978.03
1785942900000,74.043,74.054,73.838,74.012,10474.16
1785943800000,74.012,74.276,74.012,74.158,22847.57
1785944700000,74.158,74.17,73.918,73.919,9822.87
1785945600000,73.918,74.151,73.911,74.151,8965.88
1785946500000,74.162,74.399,74.102,74.364,27881
1785947400000,74.364,74.4,74.231,74.324,10029.56
1785948300000,74.323,74.323,74.162,74.244,7178.49
1785949200000,74.245,74.375,74.15,74.168,14392.09
1785950100000,74.168,74.219,74.105,74.174,5013.53
1785951000000,74.174,74.627,74.132,74.508,38456.23
1785951900000,74.512,74.591,74.477,74.528,28140.96
1785952800000,74.546,74.61,74.413,74.572,54988.24
1785953700000,74.578,74.797,74.477,74.508,60375.49
1785954600000,74.508,74.665,74.449,74.655,57601.04
1785955500000,74.656,74.663,74.452,74.501,27104.06
1785956400000,74.5,74.595,74.45,74.506,22843.64
1785957300000,74.507,74.507,74.42,74.451,5282.15
1785958200000,74.451,74.479,74.416,74.437,7304.22
1785959100000,74.437,74.524,74.392,74.431,7936.98
1785960000000,74.438,74.505,74.29,74.505,9023.3
1785960900000,74.5,74.533,74.357,74.398,37789.62
1785961800000,74.397,74.498,74.339,74.497,26515.97
1785962700000,74.503,74.504,74.352,74.352,4395.07
1785963600000,74.353,74.36,74.159,74.303,9735.88
1785964500000,74.302,74.302,74.066,74.097,9185.54
1785965400000,74.107,74.187,74.043,74.123,8143.29
1785966300000,74.123,74.192,74.092,74.092,2906.13
1785967200000,74.093,74.159,74.011,74.076,10321.05
1785968100000,74.076,74.177,74,74.022,47321.87
1785969000000,74.022,74.071,74.002,74.025,2072.83
1785969900000,74.025,74.096,74.002,74.002,3366.2
1785970800000,74.002,74.002,73.817,73.93,42431.85
1785971700000,73.918,74.021,73.888,74.003,3721.75
1785972600000,74.003,74.089,73.992,74.039,6061.47
1785973500000,74.036,74.054,73.97,74.001,1865.31
1785974400000,74.01,74.124,74.01,74.069,4681.71
1785975300000,74.068,74.23,74.053,74.162,1909.06
1785976200000,74.162,74.196,74.07,74.071,1224.94
1785977100000,74.07,74.103,74.016,74.046,9124
1785978000000,74.045,74.074,73.963,74.006,3814.81
1785978900000,74.007,74.033,73.733,73.745,26410.53
1785979800000,73.745,73.843,73.697,73.753,4542.16
1785980700000,73.746,73.891,73.724,73.724,7549.17
1785981600000,73.723,73.744,73.555,73.564,7749.95
1785982500000,73.563,73.61,73.379,73.401,70940.96
1785983400000,73.4,73.569,73.355,73.569,8833.21
1785984300000,73.551,73.562,73.468,73.505,4174.01
1785985200000,73.505,73.513,73.388,73.513,37228.57
1785986100000,73.512,73.512,73.435,73.509,1630.44
1785987000000,73.514,73.561,73.437,73.437,31837.2
1785987900000,73.438,73.536,73.423,73.452,1880.15
1785988800000,73.452,73.559,73.367,73.552,7204.6
1785989700000,73.553,73.798,73.547,73.758,8509.55
1785990600000,73.758,73.83,73.702,73.712,4448.09
1785991500000,73.711,73.826,73.662,73.826,2020.29
1785992400000,73.825,74.289,73.825,74.185,24185.05
1785993300000,74.191,74.317,74.09,74.102,7968.14
1785994200000,74.113,74.157,74.061,74.156,1253.78
1785995100000,74.156,74.208,74.112,74.208,13316.27
1785996000000,74.207,74.209,73.99,73.997,33892.56
1785996900000,73.997,74.094,73.929,74.041,13364.67
1785997800000,74.041,74.074,73.997,74.074,1246.24
1785998700000,74.073,74.088,73.982,74.01,11952.2
1785999600000,74.01,74.056,73.96,74.056,2140.9
1786000500000,74.056,74.089,73.992,74.036,2469.88
1786001400000,74.036,74.04,73.886,73.887,3085.91
1786002300000,73.887,73.9,73.832,73.837,5057.36
1786003200000,73.837,73.866,73.73,73.749,7058.92
1786004100000,73.749,73.775,73.672,73.767,11816.87
1786005000000,73.767,73.89,73.736,73.844,19678.22
1786005900000,73.844,74.04,73.844,73.958,3012.35
1786006800000,73.959,73.963,73.56,73.589,13562.55
1786007700000,73.589,73.642,73.468,73.494,10695.91
1786008600000,73.494,73.494,73.274,73.312,11394.16
1786009500000,73.301,73.306,73.149,73.262,21414.89
1786010400000,73.263,73.29,73.13,73.174,23715.58
1786011300000,73.168,73.371,73.147,73.362,5677
1786012200000,73.363,73.405,73.285,73.294,17424.17
1786013100000,73.294,73.325,73.216,73.265,13896.88
1786014000000,73.277,73.35,73.143,73.335,6725.93
1786014900000,73.334,73.435,73.334,73.371,20841.65
1786015800000,73.357,73.52,73.357,73.492,14107.17
1786016700000,73.492,73.493,73.403,73.425,3142.59
1786017600000,73.422,73.432,73.23,73.23,20012.73
1786018500000,73.231,73.362,73.195,73.344,32641.55
1786019400000,73.344,73.378,73.264,73.304,25072.5
1786020300000,73.305,73.316,73.101,73.115,5948.42
1786021200000,73.11,73.146,72.843,72.943,26765.88
1786022100000,72.944,72.946,72.831,72.924,14544.65
1786023000000,72.924,73.25,72.834,73.212,19518.9
1786023900000,73.212,73.288,73.158,73.215,8798.34
1786024800000,73.209,73.273,73.13,73.196,17064.91
1786025700000,73.195,73.344,73.141,73.147,82453.83
1786026600000,73.139,73.555,73.071,73.493,15978.33
1786027500000,73.493,73.541,73.324,73.427,17885.93
1786028400000,73.428,73.604,73.405,73.49,22265.87
1786029300000,73.49,73.525,73.328,73.487,10169.85
1786030200000,73.501,73.582,73.36,73.377,4852.31
1786031100000,73.367,73.501,73.261,73.262,29739.19
1786032000000,73.261,73.347,73.066,73.116,16168.45
1786032900000,73.115,73.273,73.103,73.269,15022.43
1786033800000,73.27,73.45,73.231,73.387,3034.95
1786034700000,73.371,73.451,73.314,73.41,27883.96
1786035600000,73.414,73.5,73.405,73.405,2057.06
1786036500000,73.406,73.424,73.31,73.31,2794.51
1786037400000,73.31,73.353,73.045,73.115,24338.17
1786038300000,73.129,73.18,73.071,73.166,12000.02
1786039200000,73.166,73.166,72.924,73.037,17211.26
1786040100000,73.037,73.181,73.002,73.086,2606.22
1786041000000,73.086,73.086,72.874,72.874,9920.96
1786041900000,72.874,72.951,72.691,72.784,34795.98
1786042800000,72.784,72.825,72.746,72.746,9534.4
1786043700000,72.751,72.751,72.514,72.585,16292.2
1786044600000,72.584,72.731,72.557,72.73,6190.87
1786045500000,72.731,72.893,72.731,72.764,6597.23
1786046400000,72.765,72.93,72.765,72.899,11519.5
1786047300000,72.909,72.912,72.816,72.871,4984.96
1786048200000,72.87,72.952,72.833,72.9,8196.68
1786049100000,72.888,72.892,72.807,72.813,2102.73
1786050000000,72.813,72.945,72.765,72.935,7494.11
1786050900000,72.929,72.963,72.846,72.925,8275.18
1786051800000,72.928,72.954,72.771,72.922,9259.06
1786052700000,72.908,72.917,72.836,72.84,5112.02
1786053600000,72.835,72.841,72.701,72.793,8513.1
1786054500000,72.793,72.815,72.625,72.664,10257.07
1786055400000,72.664,72.728,72.652,72.662,1821.61
1786056300000,72.67,72.695,72.632,72.653,17134.49
1786057200000,72.654,72.71,72.624,72.638,27529.01
1786058100000,72.639,72.639,72.301,72.343,54371.39
1786059000000,72.351,72.417,72.31,72.39,10101.03
1786059900000,72.391,72.691,72.358,72.69,100521.57
1786060800000,72.69,72.771,72.591,72.604,7923.43
1786061700000,72.604,72.672,72.551,72.616,7905.17
1786062600000,72.617,72.69,72.529,72.639,2222.24
1786063500000,72.64,72.647,72.544,72.621,2834.8
1786064400000,72.621,72.801,72.618,72.636,16029.84
1786065300000,72.641,72.723,72.594,72.723,3856.78
1786066200000,72.723,72.834,72.563,72.651,3277.39
1786067100000,72.652,72.73,72.634,72.714,8299.76
1786068000000,72.714,72.75,72.487,72.75,7220.98
1786068900000,72.75,72.899,72.582,72.592,5338.06
1786069800000,72.582,72.706,72.557,72.657,2249.68
1786070700000,72.658,72.753,72.65,72.681,1606.06
1786071600000,72.682,72.72,72.603,72.603,533.53
1786072500000,72.603,72.718,72.584,72.652,6967.15
1786073400000,72.668,72.727,72.651,72.675,3425.34
1786074300000,72.674,72.695,72.52,72.585,1116.28
1786075200000,72.583,72.654,72.486,72.597,6157.99
1786076100000,72.598,72.767,72.598,72.718,2541.41
1786077000000,72.702,72.759,72.654,72.702,7678.27
1786077900000,72.698,72.702,72.577,72.643,3095.05
1786078800000,72.644,72.706,72.621,72.671,6202.76
1786079700000,72.641,72.678,72.511,72.529,6647.12
1786080600000,72.529,72.673,72.416,72.665,30221.63
1786081500000,72.671,72.926,72.671,72.841,9428.05
1786082400000,72.84,72.932,72.794,72.931,20591.94
1786083300000,72.931,73.046,72.923,72.987,13280.02
1786084200000,72.994,72.995,72.879,72.901,4395.67
1786085100000,72.902,72.927,72.789,72.808,16118.56
1786086000000,72.807,72.948,72.727,72.933,4939.64
1786086900000,72.934,72.968,72.883,72.944,3700.49
1786087800000,72.944,72.99,72.908,72.91,3355.28
1786088700000,72.91,72.952,72.897,72.902,3399.61
1786089600000,72.891,72.992,72.889,72.978,2576.08
1786090500000,72.974,72.994,72.914,72.935,4530.53
1786091400000,72.935,73.284,72.935,73.216,19151.32
1786092300000,73.224,73.247,73.139,73.176,27015.77
1786093200000,73.177,73.418,73.176,73.366,27786.32
1786094100000,73.366,73.619,73.366,73.51,29924
1786095000000,73.511,73.711,73.503,73.648,31058.49
1786095900000,73.648,73.704,73.55,73.603,10962.23
1786096800000,73.604,73.727,73.603,73.615,11796.48
1786097700000,73.614,73.615,73.528,73.601,14900.63
1786098600000,73.601,73.608,73.481,73.49,4682.82
1786099500000,73.482,73.524,73.475,73.509,3254.73
1786100400000,73.51,73.65,73.509,73.545,6399.65
1786101300000,73.545,73.745,73.508,73.586,22662.32
1786102200000,73.586,73.648,73.536,73.624,20101.94
1786103100000,73.624,73.643,73.576,73.616,7583.09
1786104000000,73.621,74.068,73.615,73.909,49754.51
1786104900000,73.911,73.957,73.862,73.944,20707.26
1786105800000,73.958,74.263,73.617,73.765,33865.79
1786106700000,73.758,73.997,73.758,73.875,11041.47
1786107600000,73.878,73.901,73.763,73.794,13344.61
1786108500000,73.809,73.924,73.774,73.838,10874.92
1786109400000,73.846,74.244,73.8,74.197,32589.2
1786110300000,74.2,74.305,74.061,74.086,23578.01
1786111200000,74.087,74.128,73.65,73.666,65541.34
1786112100000,73.665,74.08,73.57,74.074,30039.12
1786113000000,74.082,74.192,73.941,73.941,18752.03
1786113900000,73.94,73.988,73.551,73.693,15025.98
1786114800000,73.694,73.92,73.669,73.828,8405.62
1786115700000,73.827,73.827,73.684,73.741,10021.1
1786116600000,73.756,73.957,73.71,73.905,10024.64
1786117500000,73.916,73.933,73.835,73.864,4361.44
1786118400000,73.866,74.093,73.866,74.057,13544.86
1786119300000,74.056,74.064,73.809,73.814,10359.88
1786120200000,73.842,73.864,73.723,73.768,9143.68
1786121100000,73.746,73.805,73.55,73.55,8072.06
1786122000000,73.55,73.553,73.288,73.288,44149.54
1786122900000,73.289,73.371,73.224,73.242,23691.97
1786123800000,73.241,73.412,73.169,73.337,26941.33
1786124700000,73.336,73.4,73.202,73.394,9106.79
1786125600000,73.395,73.54,73.386,73.48,13249.78
1786126500000,73.491,73.541,73.453,73.459,1584.6
1786127400000,73.459,73.487,73.245,73.245,19956.53
1786128300000,73.246,73.383,73.244,73.372,3221.93
1786129200000,73.383,73.661,73.376,73.619,14008.5
1786130100000,73.62,73.857,73.619,73.781,58590.64
1786131000000,73.781,73.853,73.749,73.795,24302.45
1786131900000,73.796,73.998,73.795,73.99,13349.16
1786132800000,73.993,74.056,73.925,74.042,43698.43
1786133700000,74.042,74.061,73.971,73.971,3669.95
1786134600000,73.972,73.972,73.813,73.813,6787.88
1786135500000,73.814,73.839,73.771,73.799,7708.42
1786136400000,73.799,73.839,73.75,73.785,1790.34
1786137300000,73.785,73.853,73.603,73.687,6568.55
1786138200000,73.688,73.807,73.671,73.711,5856.56
1786139100000,73.712,73.712,73.576,73.629,1439.58
1786140000000,73.63,73.664,73.571,73.651,5159.49
1786140900000,73.652,73.694,73.65,73.652,2067.04
1786141800000,73.653,73.659,73.572,73.574,1112.82
1786142700000,73.574,73.615,73.569,73.615,1896.58
1786143600000,73.616,73.716,73.615,73.715,1184.03
1786144500000,73.716,73.716,73.607,73.609,1474.91
1786145400000,73.607,73.691,73.584,73.69,1165.92
1786146300000,73.692,73.741,73.634,73.634,1147.16
1786147200000,73.634,73.69,73.604,73.61,8666.67
1786148100000,73.611,73.623,73.558,73.622,5841.07
1786149000000,73.623,73.653,73.602,73.653,4323.51
1786149900000,73.662,73.704,73.63,73.68,1118.63
1786150800000,73.68,73.732,73.653,73.716,3292.82
1786151700000,73.724,73.804,73.692,73.8,9047.6
1786152600000,73.801,73.943,73.782,73.938,8380.76
1786153500000,73.938,73.938,73.864,73.864,2059.66
1786154400000,73.865,73.932,73.857,73.928,804.13
1786155300000,73.928,73.929,73.9,73.917,7032.13
1786156200000,73.919,73.937,73.914,73.922,1356.44
1786157100000,73.916,73.916,73.828,73.832,2358.91
1786158000000,73.833,73.945,73.832,73.944,3471.73
1786158900000,73.945,74.164,73.942,74.128,6764.22
1786159800000,74.129,74.5,74.128,74.42,24075.38
1786160700000,74.427,74.97,74.403,74.821,70247.98
1786161600000,74.822,75.114,74.63,74.67,22321.68
1786162500000,74.671,74.725,74.575,74.587,4465.21
1786163400000,74.575,74.726,74.571,74.645,14510.5
1786164300000,74.646,74.673,74.582,74.617,3833.82
1786165200000,74.618,74.618,74.564,74.565,4107.82
1786166100000,74.566,74.678,74.51,74.667,8466.02
1786167000000,74.668,74.73,74.575,74.576,5757.24
1786167900000,74.576,74.64,74.474,74.639,3135.63
1786168800000,74.639,74.661,74.566,74.631,4564.87
1786169700000,74.632,74.723,74.576,74.723,8118.45
1786170600000,74.723,74.74,74.656,74.71,4351.65
1786171500000,74.711,74.799,74.69,74.696,4245.2
1786172400000,74.696,74.789,74.695,74.703,2355.9
1786173300000,74.704,74.719,74.671,74.69,3121.78
1786174200000,74.69,74.725,74.645,74.684,7407.64
1786175100000,74.685,74.792,74.684,74.788,4507.78
1786176000000,74.788,74.797,74.756,74.782,19234.85
1786176900000,74.783,74.803,74.686,74.802,17108.08
1786177800000,74.803,74.895,74.765,74.769,21321.02
1786178700000,74.77,74.808,74.682,74.772,6144.71
1786179600000,74.781,74.84,74.781,74.809,1707.49
1786180500000,74.826,74.928,74.825,74.917,8981.16
1786181400000,74.916,74.997,74.811,74.822,7411.53
1786182300000,74.82,74.887,74.801,74.843,1882.82
1786183200000,74.843,74.955,74.842,74.899,2058.41
1786184100000,74.899,74.983,74.894,74.956,8428.92
1786185000000,74.955,74.993,74.914,74.992,10318.45
1786185900000,74.989,75.163,74.989,75.053,19718.39
1786186800000,75.053,75.6,75.041,75.41,44777.88
1786187700000,75.411,75.419,75.211,75.224,40611.34
1786188600000,75.224,75.242,75.16,75.215,8569.62
1786189500000,75.215,75.672,75.2,75.571,26799.05
1786190400000,75.566,75.645,75.436,75.569,29534.74
1786191300000,75.569,75.569,75.335,75.362,11845.01
1786192200000,75.362,75.469,75.362,75.462,32261.53
1786193100000,75.463,75.572,75.394,75.415,10249.83
1786194000000,75.414,75.502,75.401,75.427,7966.25
1786194900000,75.427,75.511,75.418,75.507,23426.94
1786195800000,75.506,75.506,75.429,75.468,8816.35
1786196700000,75.467,75.532,75.466,75.511,9029.25
1786197600000,75.513,75.735,75.513,75.63,30460.71
1786198500000,75.63,75.84,75.578,75.787,32768.79
1786199400000,75.786,76.164,75.768,75.925,85569.73
1786200300000,75.924,76.57,75.924,76.468,62278.77
1786201200000,76.47,76.665,76.386,76.641,41512.14
1786202100000,76.64,76.762,76.47,76.498,59388.29
1786203000000,76.497,76.498,76.295,76.333,35522.95
1786203900000,76.332,76.463,76.228,76.374,32433.42
1786204800000,76.373,76.473,76.33,76.344,19732.83
1786205700000,76.345,76.44,76.223,76.281,16747.07
1786206600000,76.281,76.304,76.127,76.243,19261.6
1786207500000,76.244,76.378,76.215,76.36,11993.41
1786208400000,76.361,76.38,76.239,76.343,16034.88
1786209300000,76.343,76.419,76.296,76.419,10226.51
1786210200000,76.419,76.476,76.337,76.383,20244.58
1786211100000,76.383,76.418,76.336,76.369,16124.19
1786212000000,76.36,76.361,76.236,76.251,20016.39
1786212900000,76.251,76.265,76.047,76.054,19581.72
1786213800000,76.054,76.162,76.049,76.122,13140.62
1786214700000,76.122,76.174,76.06,76.106,37849.23
1786215600000,76.106,76.121,76.042,76.058,15055.75
1786216500000,76.058,76.089,75.978,75.978,10987.8
1786217400000,75.978,76.08,75.955,76.08,8699.83
1786218300000,76.072,76.26,76.062,76.142,33388.25
1786219200000,76.13,76.242,76.122,76.241,9930.02
1786220100000,76.242,76.264,76.142,76.165,8553.42
1786221000000,76.176,76.251,76.163,76.251,9922.61
1786221900000,76.25,76.251,76.19,76.251,5635.86
1786222800000,76.251,76.343,76.241,76.278,19721.37
1786223700000,76.278,76.354,76.27,76.316,9763.86
1786224600000,76.316,76.317,76.183,76.233,11171.97
1786225500000,76.233,76.256,76.15,76.2,13338.75
1786226400000,76.2,76.243,76.16,76.169,8768.19
1786227300000,76.17,76.25,76.16,76.229,22310.54
1786228200000,76.229,76.244,76.1,76.114,8884.19
1786229100000,76.115,76.115,75.835,75.895,22252.6
1786230000000,75.896,75.918,75.8,75.83,11734.33
1786230900000,75.831,75.925,75.771,75.886,10278.85
1786231800000,75.881,76.081,75.877,76.074,11774.5
1786232700000,76.074,76.085,75.987,76.008,14809.89
1786233600000,76.003,76.035,75.961,75.99,13752.09
1786234500000,75.99,75.995,75.902,75.914,9988.45
1786235400000,75.92,76.008,75.881,75.952,13643.67
1786236300000,75.953,76,75.85,76,11619.7
1786237200000,76.008,76.082,75.91,75.945,8317.22
1786238100000,75.946,75.946,75.749,75.762,22421.94
1786239000000,75.748,75.869,75.725,75.868,21991.72
1786239900000,75.869,75.922,75.832,75.876,7236.6
1786240800000,75.876,75.898,75.8,75.882,8527.07
1786241700000,75.871,75.943,75.813,75.927,7669.7
1786242600000,75.921,75.994,75.895,75.895,9982.36
1786243500000,75.895,75.934,75.808,75.865,20070.33
1786244400000,75.857,75.86,75.774,75.775,12176.4
1786245300000,75.774,75.99,75.759,75.988,14571.28
1786246200000,75.988,76.052,75.96,75.978,16239.06
1786247100000,75.977,76.035,75.965,75.978,10290.79
1786248000000,75.978,76.123,75.962,76.099,11321.8
1786248900000,76.099,76.108,76.008,76.066,9605.63
1786249800000,76.059,76.059,75.951,76.036,6846.27
1786250700000,76.036,76.043,75.969,75.979,5359.41
1786251600000,75.979,76.029,75.969,75.983,8233.74
1786252500000,75.982,76.019,75.949,75.952,5312.66
1786253400000,75.953,75.969,75.896,75.941,8806.68
1786254300000,75.941,76.036,75.941,76.014,5376.11
1786255200000,76.013,76.057,75.972,76.026,4673.92
1786256100000,76.026,76.287,76.026,76.244,8709.58
1786257000000,76.244,76.366,76.229,76.318,8771.83
1786257900000,76.318,76.496,76.318,76.426,13455.06
1786258800000,76.426,76.454,76.335,76.448,10078.65
1786259700000,76.447,76.481,76.32,76.365,11338.9
1786260600000,76.365,76.366,76.234,76.257,7170.71
1786261500000,76.257,76.357,76.252,76.356,4940.69
1786262400000,76.355,76.57,76.333,76.434,22085.98
1786263300000,76.434,76.443,76.367,76.389,6119.4
1786264200000,76.389,76.447,76.131,76.131,10490.73
1786265100000,76.131,76.331,76.115,76.323,10672.88
1786266000000,76.309,76.46,76.287,76.447,9410.98
1786266900000,76.447,76.46,76.26,76.262,9096.44
1786267800000,76.261,76.495,76.246,76.463,9687.92
1786268700000,76.463,76.464,76.386,76.442,8833.27
1786269600000,76.442,76.555,76.419,76.554,8398.22
1786270500000,76.554,76.645,76.502,76.52,13944.8
1786271400000,76.52,76.537,76.42,76.442,6617.44
1786272300000,76.437,76.437,76.372,76.384,8554.2
1786273200000,76.384,76.443,76.342,76.441,8272.35
1786274100000,76.441,76.481,76.388,76.473,6710.75
1786275000000,76.472,76.536,76.439,76.495,6159.21
1786275900000,76.495,76.534,76.466,76.506,6153.24
1786276800000,76.506,76.581,76.411,76.526,16229.64
1786277700000,76.526,76.541,76.426,76.427,6159.75
1786278600000,76.427,76.428,76.311,76.338,9699.86
1786279500000,76.337,76.399,76.337,76.375,9259.15
1786280400000,76.376,76.656,76.355,76.595,15784.87
1786281300000,76.595,76.843,76.595,76.724,36460.86
1786282200000,76.724,76.754,76.64,76.695,13190.57
1786283100000,76.694,76.695,76.546,76.571,28204.08
1786284000000,76.571,76.714,76.571,76.688,10487.07
1786284900000,76.687,76.711,76.59,76.693,11069.28
1786285800000,76.704,76.921,76.676,76.759,24576.76
1786286700000,76.759,77.076,76.716,77.02,35200.59
1786287600000,77.02,77.061,76.889,76.927,23955.59
1786288500000,76.926,76.955,76.862,76.936,20847.45
1786289400000,76.936,77.353,76.919,77.262,45481.57
1786290300000,77.272,77.456,77.116,77.427,45706.68
1786291200000,77.427,77.564,77.272,77.301,58988.75
1786292100000,77.291,77.359,77.077,77.084,45445.68
1786293000000,77.084,77.353,77.083,77.263,40895.74
1786293900000,77.274,77.342,77.239,77.327,10922.67
1786294800000,77.327,77.328,77.211,77.285,34377.26
1786295700000,77.285,77.344,77.228,77.271,16981.02
1786296600000,77.27,77.328,77.191,77.312,14828.96
1786297500000,77.311,77.312,77.13,77.183,23550.58
1786298400000,77.182,77.243,77.166,77.166,10795.7
1786299300000,77.166,77.217,77.09,77.192,14486.75
1786300200000,77.193,77.208,77.13,77.156,5709.87
1786301100000,77.156,77.257,77.155,77.212,5318.2
1786302000000,77.213,77.254,77.155,77.155,5559.24
1786302900000,77.155,77.3,77.148,77.291,12913.37
1786303800000,77.291,77.339,77.264,77.321,10994.59
1786304700000,77.321,77.369,77.227,77.238,17768.75
1786305600000,77.239,77.253,77.072,77.074,19293.32
1786306500000,77.075,77.228,77.06,77.211,14740.9
1786307400000,77.212,77.267,77.212,77.256,9560.08
1786308300000,77.256,77.295,77.215,77.271,8302.51
1786309200000,77.27,77.271,77.168,77.233,12510.74
1786310100000,77.234,77.395,77.226,77.394,9387.41
1786311000000,77.395,77.467,77.375,77.405,9865.35
1786311900000,77.406,77.514,77.343,77.366,18187.22
1786312800000,77.37,77.822,77.37,77.707,42657.1
1786313700000,77.708,77.767,77.433,77.449,41839.37
1786314600000,77.449,77.489,76.957,77.061,36525.95
1786315500000,77.059,77.059,76.667,76.823,43842.38
1786316400000,76.804,76.916,76.69,76.692,10836.21
1786317300000,76.686,76.759,76.372,76.414,42433.88
1786318200000,76.415,76.524,76.244,76.35,101313.39
1786319100000,76.35,76.409,76.235,76.281,16106.8
1786320000000,76.281,77.021,76.231,76.79,30924.95
1786320900000,76.79,76.791,76.514,76.57,16043.56
1786321800000,76.564,76.644,76.308,76.333,18049.39
1786322700000,76.333,76.685,76.331,76.527,8356.45
1786323600000,76.546,76.779,76.462,76.685,8297.18
1786324500000,76.684,76.826,76.623,76.623,7746.99
1786325400000,76.623,76.669,76.404,76.59,13718.54
1786326300000,76.591,77.16,76.588,76.91,24000.28
1786327200000,76.911,76.934,76.7,76.774,8836.54
1786328100000,76.774,76.774,76.449,76.537,8100.46
1786329000000,76.537,76.887,76.537,76.887,10817.08
1786329900000,76.887,76.887,76.727,76.82,2971.04
1786330800000,76.82,76.82,76.522,76.523,5687.6
1786331700000,76.523,76.937,76.4,76.713,15438.74
1786332600000,76.714,76.85,76.68,76.741,2985.07
1786333500000,76.743,76.781,76.579,76.637,3820.54
1786334400000,76.638,76.742,76.613,76.703,2168.39
1786335300000,76.703,76.739,76.603,76.628,21773.31
1786336200000,76.628,76.649,76.43,76.549,5218.5
1786337100000,76.549,76.657,76.489,76.547,7285.1
1786338000000,76.547,76.711,76.536,76.591,6159.24
1786338900000,76.592,76.771,76.578,76.771,11542.4
1786339800000,76.772,76.842,76.725,76.805,5154.68
1786340700000,76.806,76.955,76.783,76.883,3777.24
1786341600000,76.884,77.074,76.872,76.939,8734.31
1786342500000,76.94,76.985,76.797,76.892,34191.69
1786343400000,76.893,76.995,76.892,76.979,4873.94
1786344300000,76.98,77.014,76.94,76.982,2602.49
1786345200000,76.983,76.992,76.866,76.866,1904.97
1786346100000,76.867,77.014,76.847,76.993,3201.93
1786347000000,76.994,77.12,76.993,77.047,7115.42
1786347900000,77.048,77.064,76.926,76.983,5759.46
1786348800000,76.984,77.114,76.958,76.964,5132.66
1786349700000,76.965,77.142,76.883,76.983,11283.58
1786350600000,76.984,76.988,76.68,76.827,5299.97
1786351500000,76.827,76.987,76.781,76.942,3092.82
1786352400000,76.943,77.02,76.901,76.995,1784.46
1786353300000,76.995,77.003,76.825,76.825,5974.3
1786354200000,76.826,76.826,76.69,76.728,5946.35
1786355100000,76.729,76.729,76.567,76.571,13018.08
1786356000000,76.572,76.686,76.54,76.564,8312.88
1786356900000,76.565,76.681,76.537,76.655,3178.08
1786357800000,76.656,76.858,76.593,76.783,4760.32
1786358700000,76.784,76.86,76.729,76.809,6578.32
1786359600000,76.81,76.835,76.664,76.716,3196.61
1786360500000,76.716,76.882,76.716,76.866,2906.64
1786361400000,76.866,76.921,76.823,76.824,11680.24
1786362300000,76.825,77.043,76.824,77.033,4307.51
1786363200000,77.04,77.113,76.933,76.988,11052.36
1786364100000,76.987,76.988,76.879,76.879,5828.09
1786365000000,76.88,76.88,76.681,76.857,9128.17
1786365900000,76.858,76.858,76.592,76.626,7191.99
1786366800000,76.627,76.768,76.59,76.726,16777.96
1786367700000,76.727,76.741,76.604,76.683,11063.43
1786368600000,76.684,76.701,76.32,76.362,55739.87
1786369500000,76.362,76.439,76.158,76.311,37405.01
1786370400000,76.311,76.693,76.29,76.67,19569.72
1786371300000,76.667,76.709,76.517,76.659,53496.8
1786372200000,76.652,76.697,76.502,76.604,12933.8
1786373100000,76.624,76.634,76.242,76.254,19870.73
1786374000000,76.248,76.426,76.052,76.097,27311.25
1786374900000,76.094,76.273,75.809,76.018,50161.52
1786375800000,76.009,76.133,75.896,75.979,30566.78
1786376700000,75.979,76.051,75.882,75.98,22417.23
1786377600000,75.981,76.11,75.887,75.986,15554.06
1786378500000,75.986,75.999,75.595,75.745,27884.52
1786379400000,75.752,75.998,75.702,75.763,33748.1
1786380300000,75.763,75.772,75.613,75.711,25453.24
1786381200000,75.71,76.069,75.623,76.007,18545.87
1786382100000,76.007,76.038,75.888,75.95,10085.23
1786383000000,75.948,76.118,75.936,76.039,9657.11
1786383900000,76.038,76.038,75.945,75.984,6404.64
1786384800000,75.984,76.076,75.978,76.006,5808.56
1786385700000,75.984,76.03,75.939,75.978,4109.96
1786386600000,75.977,75.99,75.707,75.846,7196.25
1786387500000,75.81,75.867,75.721,75.834,7980.64
1786388400000,75.834,75.958,75.828,75.95,5063.46
1786389300000,75.949,76.123,75.949,76.122,8663.24
1786390200000,76.123,76.289,76.123,76.234,16236.4
1786391100000,76.235,76.256,76.105,76.184,20678.31
1786392000000,76.185,76.35,76.175,76.267,25128.4
1786392900000,76.267,76.35,76.254,76.346,9068.94
1786393800000,76.345,76.496,76.336,76.445,12778.25
1786394700000,76.443,76.461,76.358,76.434,5753.19
1786395600000,76.434,76.482,76.338,76.364,5774.59
1786396500000,76.365,76.423,76.312,76.422,4098.09
1786397400000,76.422,76.482,76.4,76.4,2078.5
1786398300000,76.4,76.401,76.282,76.293,27933.15
1786399200000,76.292,76.332,76.108,76.291,19222.87
1786400100000,76.297,76.37,76.173,76.193,6151.06
1786401000000,76.188,76.203,76.041,76.148,1344.79
1786401900000,76.149,76.219,76.148,76.207,8933.58
1786402800000,76.209,76.209,76.089,76.171,13806.49
1786403700000,76.171,76.184,76.034,76.095,5088.21
1786404600000,76.096,76.109,76.037,76.108,2112.43
1786405500000,76.108,76.108,75.967,75.981,20305.52
1786406400000,75.98,75.98,75.776,75.959,19411.53
1786407300000,75.96,76.019,75.903,76.017,13872.56
1786408200000,76.028,76.046,75.855,75.902,1772.9
1786409100000,75.904,75.929,75.854,75.888,4965.41
1786410000000,75.885,75.974,75.711,75.936,4133.64
1786410900000,75.936,75.967,75.802,75.958,4970.82
1786411800000,75.945,75.946,75.796,75.873,1383.27
1786412700000,75.873,76.098,75.873,76.095,5101.56
1786413600000,76.096,76.148,76.058,76.092,6858.6
1786414500000,76.092,76.13,75.991,76.009,5433.63
1786415400000,75.997,76.111,75.997,76.111,6307.04
1786416300000,76.111,76.133,76.035,76.043,2842.83
1786417200000,76.044,76.22,76.043,76.146,2782.89
1786418100000,76.146,76.251,76.119,76.188,9120.38
1786419000000,76.174,76.191,76.107,76.133,7803.9
1786419900000,76.126,76.128,76.064,76.077,7369.89
1786420800000,76.077,76.194,76.072,76.169,6560.1
1786421700000,76.185,76.185,76.113,76.124,4929.45
1786422600000,76.127,76.184,76.113,76.183,2337.58
1786423500000,76.184,76.209,76.075,76.075,5698.91
1786424400000,76.075,76.075,76,76.042,5419.21
1786425300000,76.042,76.067,75.778,75.792,4961.47
1786426200000,75.792,75.947,75.792,75.928,8784.35
1786427100000,75.928,75.928,75.804,75.804,1300.31
1786428000000,75.805,76.012,75.701,76.009,8972.26
1786428900000,76.01,76.01,75.893,75.959,1874.35
1786429800000,75.959,75.974,75.775,75.799,8481.54
1786430700000,75.796,75.813,75.658,75.812,11657.75
1786431600000,75.812,75.862,75.7,75.7,15559.07
1786432500000,75.701,75.701,75.393,75.419,44221.55
1786433400000,75.419,75.71,75.419,75.685,17862.25
1786434300000,75.685,75.731,75.607,75.662,4577.58
1786435200000,75.663,75.745,75.62,75.62,5104.39
1786436100000,75.62,75.737,75.611,75.713,3339.9
1786437000000,75.713,75.872,75.713,75.863,7228.7
1786437900000,75.863,75.955,75.855,75.911,4641.49
1786438800000,75.911,75.913,75.735,75.735,69765.46
1786439700000,75.735,75.863,75.684,75.75,115518.97
1786440600000,75.75,75.793,75.667,75.753,3131.26
1786441500000,75.754,75.848,75.687,75.848,5375.47
1786442400000,75.853,75.945,75.81,75.81,9919.17
1786443300000,75.809,75.95,75.75,75.949,5961.07
1786444200000,75.95,75.972,75.787,75.81,8893.22
1786445100000,75.81,76.03,75.81,75.926,11217.66
1786446000000,75.927,76.337,75.926,76.197,35376.18
1786446900000,76.198,76.198,76.047,76.11,4105.41
1786447800000,76.107,76.165,76.08,76.124,3185.18
1786448700000,76.124,76.204,76.09,76.18,1398.85
1786449600000,76.181,76.221,76.066,76.108,13373.06
1786450500000,76.108,76.129,75.811,75.849,8033.35
1786451400000,75.844,75.915,75.779,75.856,6367.65
1786452300000,75.856,75.881,75.784,75.833,8892.1
1786453200000,75.83,76.014,75.764,75.943,21789.64
1786454100000,75.931,75.975,75.701,75.848,15275.2
1786455000000,75.849,76.007,75.71,75.937,19222.43
1786455900000,75.936,76.06,75.819,75.976,13094.42
1786456800000,75.967,76.067,75.895,76.002,8866.91
1786457700000,76.001,76.123,75.5,75.594,41761.44
1786458600000,75.593,75.621,75.335,75.459,33151.22
1786459500000,75.452,75.478,75.03,75.169,48183.27
1786460400000,75.169,75.263,75.077,75.11,17786.66
1786461300000,75.098,75.383,75.065,75.329,15496.82
1786462200000,75.329,75.358,74.612,74.809,68172.13
1786463100000,74.805,74.946,74.673,74.908,29088.3
1786464000000,74.899,74.992,74.768,74.98,12074.26
1786464900000,74.98,75.042,74.873,74.935,9973.97
1786465800000,74.95,74.994,74.851,74.886,5678.25
1786466700000,74.886,74.976,74.868,74.903,2876.21
1786467600000,74.904,75.031,74.903,74.968,7198.24
1786468500000,74.967,75.065,74.927,75.04,13237.33
1786469400000,75.04,75.076,74.96,75.02,10511.7
1786470300000,75.02,75.183,74.96,75.138,8835.41
1786471200000,75.139,75.225,75.125,75.208,12491.53
1786472100000,75.202,75.304,75.191,75.191,4175.02
1786473000000,75.192,75.286,75.093,75.214,9863.35
1786473900000,75.215,75.277,75.134,75.24,7097.03
1786474800000,75.231,75.231,75.028,75.037,5254.36
1786475700000,75.032,75.265,75.032,75.248,6470.78
1786476600000,75.249,75.472,75.249,75.472,10124.17
1786477500000,75.472,75.679,75.472,75.63,24374.73
1786478400000,75.631,76.236,75.626,76.108,60300.79
1786479300000,76.108,76.108,75.877,76.054,19104.65
1786480200000,76.053,76.155,75.912,75.928,17242.37
1786481100000,75.921,76.068,75.85,76.017,7264.3
1786482000000,76.016,76.169,76.016,76.131,16766.59
1786482900000,76.131,76.134,76.001,76.03,47586.18
1786483800000,76.03,76.151,75.973,76.128,25127.36
1786484700000,76.129,76.415,76.111,76.414,18753.85
1786485600000,76.413,76.628,76.366,76.374,60850.53
1786486500000,76.374,76.494,76.34,76.397,5939.25
1786487400000,76.419,76.451,76.29,76.344,18135.8
1786488300000,76.344,76.383,76.229,76.378,4430.11
1786489200000,76.377,76.377,76.186,76.203,8859.2
1786490100000,76.203,76.308,76.167,76.255,6826.2
1786491000000,76.255,76.302,76.19,76.302,21354.08
1786491900000,76.29,76.291,76.194,76.266,6584.75
1786492800000,76.266,76.28,76.198,76.258,19129.87
1786493700000,76.247,76.297,76.197,76.237,14593.51
1786494600000,76.236,76.282,76.236,76.244,2729.81
1786495500000,76.243,76.335,76.22,76.335,1049.7
1786496400000,76.334,76.481,76.313,76.481,14586.34
1786497300000,76.48,76.481,76.338,76.342,6032.56
1786498200000,76.342,76.447,76.277,76.441,11929.98
1786499100000,76.44,76.572,76.369,76.394,72845.03
1786500000000,76.394,76.544,76.394,76.494,6577.96
1786500900000,76.483,76.536,76.408,76.508,10742.26
1786501800000,76.509,76.528,76.431,76.469,4091.88
1786502700000,76.469,76.56,76.384,76.393,9329.67
1786503600000,76.404,76.495,76.326,76.345,8068.73
1786504500000,76.344,76.366,76.246,76.271,2362.8
1786505400000,76.271,76.453,76.243,76.402,6428.52
1786506300000,76.401,76.414,76.345,76.389,2585.51
1786507200000,76.388,76.459,76.35,76.386,20011.7
1786508100000,76.386,76.531,76.334,76.334,15568.01
1786509000000,76.334,76.335,76.259,76.3,9995.08
1786509900000,76.299,76.346,76.26,76.268,5431.22
1786510800000,76.267,76.336,76.16,76.325,8717.23
1786511700000,76.324,76.324,76.27,76.271,2955.21
1786512600000,76.27,76.312,76.24,76.288,3649.4
1786513500000,76.282,76.307,76.259,76.295,4807.01
1786514400000,76.295,76.323,76.196,76.196,4364.38
1786515300000,76.195,76.267,76.134,76.147,7236.22
1786516200000,76.148,76.148,76.055,76.056,37776.46
1786517100000,76.055,76.056,75.964,76.014,7179.77
1786518000000,76.015,76.126,76.014,76.08,5456.78
1786518900000,76.08,76.103,76.02,76.021,3667.63
1786519800000,76.021,76.083,75.972,75.982,2346.69
1786520700000,75.975,76.244,75.932,76.244,6640.17
1786521600000,76.243,76.43,76.205,76.272,12292.05
1786522500000,76.271,76.448,76.271,76.399,39126.91
1786523400000,76.4,76.4,76.267,76.268,2235.78
1786524300000,76.268,76.313,76.132,76.161,8520.72
1786525200000,76.161,76.319,76.114,76.282,11185.85
1786526100000,76.282,76.749,76.282,76.747,21940.04
1786527000000,76.747,76.86,76.664,76.726,11305.57
1786527900000,76.727,76.749,76.653,76.709,8078.03
1786528800000,76.709,76.808,76.65,76.802,76972.17
1786529700000,76.802,76.855,76.717,76.733,44626.12
1786530600000,76.734,76.796,76.713,76.733,4065.46
1786531500000,76.734,76.782,76.689,76.743,5358.44
1786532400000,76.743,76.799,76.671,76.671,5627.37
1786533300000,76.672,76.826,76.671,76.8,12355.09
1786534200000,76.801,76.822,76.673,76.699,19113.44
1786535100000,76.699,76.823,76.692,76.802,11420.66
1786536000000,76.803,77.035,76.803,76.96,13599.98
1786536900000,76.959,77.201,76.879,77.148,30100.81
1786537800000,77.147,77.28,76.484,76.488,92616.95
1786538700000,76.489,76.672,76.331,76.615,26895.38
1786539600000,76.619,76.641,76.365,76.454,124938.42
1786540500000,76.454,76.529,76.365,76.419,10976.09
1786541400000,76.415,76.457,76.044,76.262,117336.69
1786542300000,76.263,76.399,76.16,76.216,29239.31
1786543200000,76.204,76.206,75.755,76.035,121678.63
1786544100000,76.037,76.048,75.728,75.729,8631.45
1786545000000,75.728,75.805,75.415,75.545,47531.7
1786545900000,75.545,75.651,75.385,75.425,24510.12
1786546800000,75.43,75.723,75.348,75.711,29489.94
1786547700000,75.71,75.835,75.632,75.692,39905.15
1786548600000,75.693,75.799,75.584,75.759,6883.26
1786549500000,75.777,75.809,75.675,75.723,5280.96
1786550400000,75.722,75.77,75.62,75.716,6883.07
1786551300000,75.72,75.8,75.665,75.735,3139.35
1786552200000,75.735,75.745,75.617,75.618,2804.5
1786553100000,75.618,75.679,75.536,75.656,5786.55
1786554000000,75.656,75.749,75.655,75.729,3052.16
1786554900000,75.728,75.802,75.65,75.802,7696.4
1786555800000,75.802,76.01,75.726,75.95,23593.73
1786556700000,75.949,76.017,75.878,75.878,6618.3
1786557600000,75.878,75.991,75.855,75.981,2687.84
1786558500000,75.972,75.98,75.878,75.936,5886.5
1786559400000,75.939,76.03,75.923,75.983,14432.73
1786560300000,75.983,75.987,75.812,75.844,4705.58
1786561200000,75.844,75.971,75.839,75.839,7226.6
1786562100000,75.829,75.896,75.72,75.823,3481.55
1786563000000,75.823,75.823,75.586,75.586,3768.61
1786563900000,75.594,75.717,75.575,75.716,8333.3
1786564800000,75.716,75.847,75.715,75.795,5468.06
1786565700000,75.795,75.858,75.712,75.85,4486.31
1786566600000,75.85,75.988,75.849,75.953,24496.05
1786567500000,75.953,75.962,75.869,75.9,1948.35
1786568400000,75.9,75.97,75.808,75.809,3897.13
1786569300000,75.809,75.856,75.424,75.51,7668.22
1786570200000,75.492,75.637,75.412,75.628,17389.38
1786571100000,75.633,75.658,75.432,75.453,3251.27
1786572000000,75.449,75.63,75.307,75.553,6426.06
1786572900000,75.553,75.622,75.525,75.555,1841.15
1786573800000,75.548,75.548,75.382,75.457,1996.47
1786574700000,75.46,75.494,75.428,75.489,17289.55
1786575600000,75.489,75.534,75.411,75.445,7226.61
1786576500000,75.441,75.45,75.36,75.448,7235.71
1786577400000,75.45,75.586,75.45,75.529,11406.57
1786578300000,75.529,75.612,75.525,75.599,1634.19
1786579200000,75.599,75.776,75.563,75.739,7394.57
1786580100000,75.739,75.842,75.731,75.767,7284.34
1786581000000,75.773,75.774,75.563,75.57,2840.1
1786581900000,75.57,75.672,75.54,75.606,11007.82
1786582800000,75.594,75.72,75.512,75.704,11957
1786583700000,75.705,75.721,75.457,75.51,6093.38
1786584600000,75.511,75.766,75.505,75.605,13122.36
1786585500000,75.59,75.702,75.548,75.624,1735.86
1786586400000,75.624,75.624,75.548,75.586,4684.76
1786587300000,75.586,75.669,75.586,75.642,1550.69
1786588200000,75.647,75.682,75.51,75.682,1064.11
1786589100000,75.683,75.947,75.63,75.942,7119.8
1786590000000,75.942,76.108,75.933,76.103,60922.36
1786590900000,76.103,76.214,76.055,76.196,15239.73
1786591800000,76.197,76.283,76.14,76.184,11028.01
1786592700000,76.185,76.296,76.181,76.22,16488.35
1786593600000,76.229,76.246,76.13,76.168,10406.29
1786594500000,76.166,76.166,76.01,76.058,5438.46
1786595400000,76.059,76.161,76.059,76.112,1811.76
1786596300000,76.122,76.158,76.068,76.098,4049.62
1786597200000,76.096,76.222,76.061,76.221,8746.75
1786598100000,76.222,76.359,76.222,76.359,10982.18
1786599000000,76.36,76.593,76.285,76.555,61284.39
1786599900000,76.554,76.604,76.483,76.497,18579.7
1786600800000,76.497,76.524,76.432,76.437,12437.59
1786601700000,76.437,76.471,76.398,76.398,3912.21
1786602600000,76.398,76.4,76.296,76.297,8894.38
1786603500000,76.297,76.487,76.296,76.487,2247.06
1786604400000,76.486,76.5,76.388,76.394,7697.88
1786605300000,76.422,76.471,76.369,76.454,14618.77
1786606200000,76.464,76.468,76.413,76.414,6209.77
1786607100000,76.414,76.414,76.359,76.401,6472.95
1786608000000,76.401,76.434,76.249,76.257,10337.18
1786608900000,76.256,76.257,76.209,76.237,5827.81
1786609800000,76.237,76.237,76.204,76.205,1278.45
1786610700000,76.205,76.205,76.161,76.183,4737.95
1786611600000,76.183,76.183,75.921,75.925,14595.82
1786612500000,75.925,76.029,75.871,75.976,8491.25
1786613400000,75.976,76.029,75.93,75.956,4324.07
1786614300000,75.956,76.148,75.955,76.127,12406.35
1786615200000,76.127,76.158,75.802,75.818,12693.95
1786616100000,75.817,75.879,75.801,75.807,2779.17
1786617000000,75.808,75.808,75.671,75.723,15853.72
1786617900000,75.723,75.764,75.722,75.723,4512.42
1786618800000,75.723,75.723,75.634,75.637,2185.38
1786619700000,75.637,75.652,75.548,75.573,5047.78
1786620600000,75.573,75.678,75.539,75.617,22967.69
1786621500000,75.617,75.653,75.6,75.63,1386.84
1786622400000,75.63,75.825,75.614,75.825,7777.08
1786623300000,75.822,75.889,75.756,75.851,4208.25
1786624200000,75.851,75.997,75.737,75.942,51677.56
1786625100000,75.942,76.11,75.892,76.098,4790.65
1786626000000,76.1,76.185,76.057,76.13,12487.56
1786626900000,76.13,76.13,76.017,76.041,4689.92
1786627800000,76.032,76.326,76.022,76.273,36326.34
1786628700000,76.269,76.269,76.141,76.17,6153.84
1786629600000,76.169,76.422,76.12,76.326,7759.44
1786630500000,76.326,76.392,76.21,76.267,13539.38
1786631400000,76.267,76.54,76.214,76.528,16875.17
1786632300000,76.528,76.539,76.431,76.435,4955.15
1786633200000,76.434,76.498,76.334,76.335,5480.03
1786634100000,76.334,76.345,75.931,76.016,17063.2
1786635000000,76.016,76.146,76.002,76.055,10602.22
1786635900000,76.056,76.056,75.603,75.604,16738.87
1786636800000,75.608,75.752,75.515,75.685,26627.69
1786637700000,75.686,75.839,75.617,75.629,14223.31
1786638600000,75.63,75.67,75.05,75.319,55791.73
1786639500000,75.318,75.61,75.255,75.546,17099.01
1786640400000,75.546,75.756,75.507,75.695,21958.78
1786641300000,75.695,75.86,75.694,75.794,13263.07
1786642200000,75.795,75.899,75.741,75.829,13670.67
1786643100000,75.83,75.862,75.72,75.732,2018.27
1786644000000,75.732,75.877,75.72,75.832,14235.15
1786644900000,75.835,75.914,75.716,75.727,12068.1
1786645800000,75.726,75.82,75.654,75.802,8727.83
1786646700000,75.801,76.061,75.789,75.97,16186.52
1786647600000,75.97,76.237,75.949,76.095,14398.32
1786648500000,76.095,76.13,76.023,76.092,14872.81
1786649400000,76.092,76.107,76.026,76.085,4955.34
1786650300000,76.087,76.145,76.078,76.144,4123.93
1786651200000,76.145,76.318,76.107,76.149,47432.81
1786652100000,76.15,76.235,76.135,76.235,25659.45
1786653000000,76.237,76.307,76.215,76.228,5681.29
1786653900000,76.234,76.238,76.143,76.188,10522.67
1786654800000,76.188,76.265,76.185,76.208,7354.89
1786655700000,76.207,76.22,76.12,76.135,11340.19
1786656600000,76.135,76.18,76.088,76.168,7313.47
1786657500000,76.167,76.217,76.135,76.172,2483.84
1786658400000,76.172,76.409,76.172,76.37,7907.04
1786659300000,76.37,76.389,76.326,76.389,4114.78
1786660200000,76.389,76.389,76.32,76.334,1809.72
1786661100000,76.334,76.351,76.211,76.212,5927.37
1786662000000,76.212,76.212,76.138,76.161,5163.26
1786662900000,76.161,76.197,76.118,76.197,1872.9
1786663800000,76.196,76.256,76.19,76.256,2653.01
1786664700000,76.262,76.268,76.184,76.229,2522.63
1786665600000,76.229,76.289,76.153,76.153,15732.6
1786666500000,76.154,76.194,76.074,76.075,3842.86
1786667400000,76.075,76.148,75.96,76.119,4905.89
1786668300000,76.109,76.114,75.999,76.054,5561.48
1786669200000,76.054,76.074,75.913,75.914,923.96
1786670100000,75.914,76.068,75.894,75.968,4818.46
1786671000000,75.968,76.11,75.953,76.11,10638.92
1786671900000,76.112,76.149,76.053,76.067,1350.56
1786672800000,76.067,76.17,76.051,76.108,3354.05
1786673700000,76.108,76.134,75.974,76.022,2555.43
1786674600000,76.027,76.123,76.004,76.069,2679.94
1786675500000,76.07,76.154,76.016,76.016,6649.73
1786676400000,76.017,76.017,75.776,75.885,10989.69
1786677300000,75.885,76.044,75.885,75.957,5558.19
1786678200000,75.957,75.957,75.759,75.814,3847.08
1786679100000,75.814,75.815,75.718,75.735,3223.91
1786680000000,75.735,75.893,75.719,75.892,2210.96
1786680900000,75.893,75.998,75.892,75.918,3932.23
1786681800000,75.905,75.929,75.878,75.895,799.56
1786682700000,75.895,75.895,75.795,75.802,1755.18
1786683600000,75.806,75.874,75.794,75.804,5191.41
1786684500000,75.804,75.86,75.784,75.859,2664.22
1786685400000,75.86,75.954,75.834,75.919,5982.62
1786686300000,75.91,75.925,75.84,75.898,1215.9
1786687200000,75.899,75.899,75.748,75.758,4770.31
1786688100000,75.759,75.759,75.593,75.594,6577.83
1786689000000,75.594,75.67,75.594,75.629,4390.18
1786689900000,75.629,75.666,75.511,75.511,8325.72
1786690800000,75.511,75.622,75.478,75.622,12398.8
1786691700000,75.622,75.696,75.611,75.669,9502.85
1786692600000,75.669,75.669,75.528,75.575,5041.51
1786693500000,75.576,75.62,75.548,75.552,4499.9
1786694400000,75.553,75.652,75.55,75.618,17208.01
1786695300000,75.618,75.684,75.544,75.627,3647.54
1786696200000,75.63,75.836,75.616,75.703,21591
1786697100000,75.689,75.831,75.677,75.83,4357.75
1786698000000,75.831,75.842,75.717,75.784,2085.02
1786698900000,75.785,75.797,75.689,75.689,3205.58
1786699800000,75.688,75.689,75.396,75.429,10148.33
1786700700000,75.438,75.537,75.427,75.461,4700.45
1786701600000,75.462,75.57,75.428,75.55,2060.05
1786702500000,75.538,75.616,75.457,75.505,2869.53
1786703400000,75.504,75.547,75.472,75.478,946.74
1786704300000,75.478,75.512,75.328,75.366,38620.64
1786705200000,75.367,75.502,75.366,75.45,4140.64
1786706100000,75.45,75.558,75.439,75.521,4787.97
1786707000000,75.521,75.567,75.478,75.503,4858.24
1786707900000,75.508,75.533,75.471,75.487,2873.74
1786708800000,75.503,75.546,75.32,75.382,2865.31
1786709700000,75.383,75.519,75.369,75.519,10910.62
1786710600000,75.518,75.558,75.409,75.422,8370.69
1786711500000,75.421,75.458,75.358,75.432,3965.18
1786712400000,75.433,75.448,75.311,75.425,6135.24
1786713300000,75.416,75.424,75.27,75.335,8096.2
1786714200000,75.333,75.376,75.23,75.356,7075.03
1786715100000,75.355,75.393,75.266,75.33,3958.41
1786716000000,75.33,75.388,75.184,75.191,9178.04
1786716900000,75.191,75.221,75.02,75.192,38058.96
1786717800000,75.198,75.378,75.172,75.31,9996.84
1786718700000,75.31,75.343,75.139,75.226,8326.34
1786719600000,75.227,75.268,75.157,75.247,3033.76
1786720500000,75.247,75.523,75.204,75.523,6380.98
1786721400000,75.538,75.7,75.398,75.663,16295.5
1786722300000,75.669,75.72,75.617,75.62,13112.82
1786723200000,75.62,75.675,75.55,75.623,12405.45
1786724100000,75.623,75.645,75.52,75.544,7294.83
1786725000000,75.543,75.657,75.533,75.548,10300.52
1786725900000,75.548,75.553,75.425,75.439,6756.62
1786726800000,75.439,75.52,75.42,75.519,3296.85
1786727700000,75.52,75.649,75.501,75.566,7559.57
1786728600000,75.565,75.61,75.401,75.409,9975.91
1786729500000,75.41,75.463,75.126,75.238,11432.95
1786730400000,75.239,75.26,74.992,75.04,12169.14
1786731300000,75.044,75.224,75.028,75.134,12000.04
1786732200000,75.134,75.149,74.987,75.095,12524.48
1786733100000,75.096,75.096,74.9,74.934,4062.57
1786734000000,74.922,74.922,74.703,74.712,16246.32
1786734900000,74.711,74.838,74.65,74.806,16337.58
1786735800000,74.805,75.023,74.782,75.017,12454.76
1786736700000,75.016,75.063,74.982,74.986,7941.12
1786737600000,74.965,75.134,74.938,75.08,8604.45
1786738500000,75.08,75.18,75.079,75.165,9779.05
1786739400000,75.165,75.199,75.119,75.177,2749.68
1786740300000,75.178,75.2,75.088,75.106,2475.79
1786741200000,75.119,75.169,75.058,75.098,4091.97
1786742100000,75.098,75.2,75.098,75.16,1938.56
1786743000000,75.168,75.177,75.102,75.106,1428.85
1786743900000,75.104,75.167,75.074,75.147,4744.07
1786744800000,75.129,75.245,75.098,75.116,7749.6
1786745700000,75.117,75.117,74.95,74.951,6118.78
1786746600000,74.959,75.068,74.959,75.061,6610.63
1786747500000,75.061,75.178,75.051,75.164,3840.57
1786748400000,75.164,75.212,75.131,75.195,1853.09
1786749300000,75.196,75.309,75.17,75.293,7247.09
1786750200000,75.293,75.371,75.221,75.323,4376.05
1786751100000,75.323,75.383,75.323,75.365,7630.78
1786752000000,75.365,75.395,75.315,75.332,8696
1786752900000,75.332,75.37,75.314,75.347,10943.63
1786753800000,75.347,75.381,75.327,75.354,9019.81
1786754700000,75.354,75.387,75.311,75.317,957.14
1786755600000,75.318,75.374,75.266,75.36,4056.99
1786756500000,75.361,75.447,75.33,75.378,10039.32
1786757400000,75.385,75.416,75.359,75.392,3116.25
1786758300000,75.393,75.393,75.354,75.378,1446.44
1786759200000,75.379,75.439,75.366,75.437,1146.12
1786760100000,75.437,75.573,75.437,75.535,14686.92
1786761000000,75.536,75.672,75.528,75.599,14737.49
1786761900000,75.6,75.62,75.537,75.619,6613.3
1786762800000,75.62,75.669,75.603,75.651,1413.49
1786763700000,75.651,75.668,75.568,75.588,4508.19
1786764600000,75.589,75.61,75.47,75.47,3312.85
1786765500000,75.471,75.471,75.388,75.388,2344.45
1786766400000,75.389,75.448,75.344,75.447,5288.11
1786767300000,75.447,75.554,75.447,75.553,1245.22
1786768200000,75.554,75.577,75.51,75.57,4817.05
1786769100000,75.57,75.586,75.502,75.508,18067.56
1786770000000,75.509,75.558,75.46,75.521,3762.61
1786770900000,75.516,75.522,75.443,75.444,2817.46
1786771800000,75.443,75.455,75.298,75.367,12212.03
1786772700000,75.364,75.388,75.29,75.316,1408.65
1786773600000,75.316,75.368,75.248,75.251,3106.62
1786774500000,75.252,75.318,75.252,75.282,2008.49
1786775400000,75.283,75.345,75.283,75.341,4039.15
1786776300000,75.341,75.453,75.336,75.398,1973.72
1786777200000,75.396,75.396,75.328,75.376,816.24
1786778100000,75.376,75.382,75.287,75.297,1106.01
1786779000000,75.298,75.298,75.238,75.26,835.47
1786779900000,75.261,75.261,75.19,75.208,1655.37
1786780800000,75.208,75.274,75.157,75.205,19292.85
1786781700000,75.214,75.271,75.213,75.239,1651.81
1786782600000,75.238,75.239,75.115,75.117,2647.2
1786783500000,75.117,75.149,75.04,75.049,7026.24
1786784400000,75.049,75.101,75.015,75.089,5322.7
1786785300000,75.088,75.154,75.085,75.149,1821.34
1786786200000,75.149,75.176,75.149,75.166,996.43
1786787100000,75.167,75.208,75.166,75.203,1288.99
1786788000000,75.207,75.26,75.176,75.259,4874.14
1786788900000,75.259,75.31,75.255,75.271,1488.36
1786789800000,75.269,75.3,75.244,75.245,872.34
1786790700000,75.245,75.277,75.233,75.265,1079.24
1786791600000,75.264,75.277,75.231,75.233,1894.98
1786792500000,75.234,75.275,75.216,75.231,3770.76
1786793400000,75.232,75.257,75.226,75.257,1227.41
1786794300000,75.257,75.264,75.189,75.212,1206.84
1786795200000,75.212,75.221,75.181,75.191,3682.59
1786796100000,75.192,75.212,75.183,75.183,890.62
1786797000000,75.183,75.237,75.183,75.232,10104
1786797900000,75.232,75.385,75.212,75.385,5974.78
1786798800000,75.379,75.456,75.376,75.451,8776.81
1786799700000,75.451,75.461,75.42,75.439,5667.56
1786800600000,75.44,75.535,75.437,75.535,5340.82
1786801500000,75.535,75.54,75.51,75.527,5116.94
1786802400000,75.534,75.549,75.514,75.549,3954.39
1786803300000,75.549,75.549,75.427,75.451,2136.52
1786804200000,75.451,75.543,75.45,75.471,1702.07
1786805100000,75.471,75.481,75.422,75.422,19208.61
1786806000000,75.417,75.442,75.393,75.425,19864
1786806900000,75.424,75.462,75.345,75.415,2204.92
1786807800000,75.416,75.492,75.415,75.47,1971.1
1786808700000,75.471,75.489,75.466,75.488,591.98
1786809600000,75.489,75.489,75.41,75.411,2313.16
1786810500000,75.41,75.47,75.388,75.462,1677.96
1786811400000,75.462,75.469,75.416,75.419,665.18
1786812300000,75.419,75.452,75.418,75.452,2930.42
1786813200000,75.451,75.552,75.451,75.536,7294.09
1786814100000,75.535,75.616,75.509,75.54,5487.51
1786815000000,75.54,75.613,75.54,75.602,884.04
1786815900000,75.601,75.634,75.59,75.628,2511.25
1786816800000,75.628,75.638,75.498,75.512,5302.96
1786817700000,75.534,75.539,75.489,75.491,816.89
1786818600000,75.491,75.554,75.49,75.554,1647.99
1786819500000,75.554,75.564,75.528,75.532,1089.77
1786820400000,75.532,75.536,75.505,75.505,2963.13
1786821300000,75.506,75.516,75.506,75.512,948.49
1786822200000,75.512,75.526,75.509,75.51,1059.68
1786823100000,75.51,75.525,75.508,75.525,1051.58
1786824000000,75.525,75.537,75.485,75.493,8520.27
1786824900000,75.494,75.494,75.409,75.442,9368.07
1786825800000,75.442,75.477,75.429,75.476,949.33
1786826700000,75.476,75.538,75.454,75.502,2167.56
1786827600000,75.501,75.556,75.5,75.556,729.81
1786828500000,75.556,75.639,75.555,75.639,10369.82
1786829400000,75.639,75.703,75.604,75.697,8426.18
1786830300000,75.697,75.697,75.596,75.596,2794.24
1786831200000,75.597,75.651,75.596,75.6,2157.32
1786832100000,75.599,75.611,75.575,75.596,4381.52
1786833000000,75.596,75.607,75.538,75.576,1035.03
1786833900000,75.576,75.623,75.558,75.558,1428.6
1786834800000,75.558,75.558,75.302,75.405,4697.16
1786835700000,75.406,75.416,75.31,75.345,6684.65
1786836600000,75.346,75.35,75.289,75.311,2214.48
1786837500000,75.311,75.325,75.3,75.318,2000.22
1786838400000,75.317,75.326,75.252,75.306,2821.2
1786839300000,75.307,75.398,75.281,75.381,2201.93
1786840200000,75.381,75.435,75.377,75.431,624.26
1786841100000,75.432,75.46,75.386,75.433,4698.91
1786842000000,75.432,75.439,75.342,75.36,844.86
1786842900000,75.36,75.382,75.338,75.338,474.26
1786843800000,75.337,75.403,75.269,75.403,2017.82
1786844700000,75.403,75.403,75.36,75.396,1428.68
1786845600000,75.397,75.404,75.296,75.297,874.78
1786846500000,75.297,75.571,75.226,75.564,26074.47
1786847400000,75.565,75.633,75.565,75.623,4139.67
1786848300000,75.622,75.622,75.503,75.541,1365.58
1786849200000,75.547,75.62,75.537,75.581,5944.03
1786850100000,75.581,75.617,75.569,75.57,1284.52
1786851000000,75.57,75.592,75.566,75.577,1499.91
1786851900000,75.577,75.58,75.547,75.553,1068.89
1786852800000,75.553,75.577,75.518,75.527,1317.72
1786853700000,75.527,75.567,75.491,75.558,1692.95
1786854600000,75.558,75.558,75.484,75.498,1292.7
1786855500000,75.498,75.498,75.401,75.418,3440.03
1786856400000,75.416,75.478,75.389,75.478,1814.26
1786857300000,75.478,75.48,75.35,75.35,1961.18
1786858200000,75.349,75.4,75.333,75.333,3584.9
1786859100000,75.334,75.339,75.314,75.329,1543.63
1786860000000,75.328,75.35,75.287,75.3,2227.82
1786860900000,75.3,75.325,75.256,75.325,797.74
1786861800000,75.324,75.395,75.312,75.395,2640.02
1786862700000,75.395,75.484,75.352,75.352,2405.95
1786863600000,75.353,75.389,75.32,75.389,2287.7
1786864500000,75.389,75.418,75.388,75.413,729.64
1786865400000,75.414,75.414,75.385,75.385,175.48
1786866300000,75.385,75.446,75.384,75.436,543.04
1786867200000,75.435,75.435,75.389,75.389,1221.43
1786868100000,75.39,75.424,75.389,75.418,370.87
1786869000000,75.417,75.455,75.415,75.416,1046.22
1786869900000,75.416,75.447,75.414,75.443,1032.74
1786870800000,75.443,75.443,75.409,75.416,1074.12
1786871700000,75.416,75.416,75.382,75.392,1493.81
1786872600000,75.393,75.415,75.25,75.286,10688.94
1786873500000,75.286,75.327,75.236,75.285,2907.18
1786874400000,75.285,75.288,75.173,75.175,5997.69
1786875300000,75.175,75.186,75.155,75.186,2333.07
1786876200000,75.185,75.2,75.138,75.187,3677.99
1786877100000,75.186,75.257,75.186,75.225,1800.96
1786878000000,75.224,75.24,75.21,75.24,465.56
1786878900000,75.24,75.27,75.23,75.264,918.51
1786879800000,75.263,75.272,75.215,75.228,6782.17
1786880700000,75.228,75.249,75.2,75.248,297.37
1786881600000,75.248,75.258,75.207,75.207,871.27
1786882500000,75.208,75.257,75.199,75.257,2763.71
1786883400000,75.257,75.257,75.173,75.192,2409.79
1786884300000,75.192,75.194,75.173,75.185,779.55
1786885200000,75.185,75.318,75.185,75.279,4318.64
1786886100000,75.279,75.371,75.279,75.371,4968.7
1786887000000,75.371,75.382,75.31,75.369,5216.95
1786887900000,75.369,75.369,75.287,75.29,932.21
1786888800000,75.29,75.301,75.233,75.236,1394.75
1786889700000,75.236,75.34,75.235,75.272,3792.49
1786890600000,75.272,75.356,75.266,75.34,1992.14
1786891500000,75.335,75.384,75.324,75.361,601.18
1786892400000,75.361,75.422,75.356,75.405,1361.74
1786893300000,75.405,75.553,75.405,75.545,8025.27
1786894200000,75.544,75.557,75.487,75.491,6205.55
1786895100000,75.492,75.6,75.492,75.536,3528.76
1786896000000,75.535,75.553,75.48,75.501,3001.55
1786896900000,75.501,75.588,75.488,75.58,6256.35
1786897800000,75.579,75.676,75.526,75.527,7359.62
1786898700000,75.527,75.563,75.475,75.529,1670.77
1786899600000,75.529,75.571,75.51,75.528,5670.34
1786900500000,75.528,75.528,75.396,75.432,4655.16
1786901400000,75.432,75.433,75.309,75.309,2506.32
1786902300000,75.31,75.316,75.251,75.252,5824.52
1786903200000,75.252,75.261,75.019,75.118,11115.41
1786904100000,75.118,75.193,75.096,75.162,11912.6
1786905000000,75.162,75.162,75.112,75.162,3288.56
1786905900000,75.162,75.205,75.154,75.161,6372.12
1786906800000,75.161,75.247,75.16,75.241,1460.43
1786907700000,75.242,75.317,75.241,75.316,2297.52
1786908600000,75.317,75.328,75.244,75.244,734.72
1786909500000,75.245,75.252,75.169,75.198,5260.46
1786910400000,75.198,75.279,75.174,75.241,4152.86
1786911300000,75.241,75.248,75.204,75.214,587.4
1786912200000,75.214,75.232,75.019,75.101,22257.51
1786913100000,75.101,75.11,74.939,75.005,12874.41
1786914000000,75.004,75.041,74.857,74.993,6870.17
1786914900000,74.992,75.042,74.924,74.956,4767.84
1786915800000,74.956,74.98,74.088,74.541,82880.54
1786916700000,74.54,74.54,74.123,74.304,31647.73
1786917600000,74.303,74.503,74.131,74.412,36132.71
1786918500000,74.411,74.464,74.304,74.341,12685.78
1786919400000,74.342,74.379,74.219,74.319,9048.66
1786920300000,74.319,74.469,74.29,74.469,9278.92
1786921200000,74.466,74.572,74.44,74.44,8005.17
1786922100000,74.434,74.553,74.433,74.492,43234.16
1786923000000,74.493,74.56,74.485,74.535,2357.18
1786923900000,74.534,74.607,74.529,74.577,2859.79
1786924800000,74.577,74.606,74.54,74.594,13346.39
1786925700000,74.594,74.594,74.404,74.587,30690.3
1786926600000,74.593,74.683,74.404,74.682,16305.11
1786927500000,74.682,74.69,74.492,74.576,21995.89
1786928400000,74.575,75.078,74.549,74.907,38342.62
1786929300000,74.896,75.226,74.861,75.19,15917.9
1786930200000,75.191,75.319,75.102,75.238,23135.16
1786931100000,75.239,75.252,75.054,75.054,18170.15
1786932000000,75.055,75.11,75.016,75.053,14959.85
1786932900000,75.053,75.191,75.04,75.167,4108.84
1786933800000,75.166,75.405,75.116,75.318,21986.16
1786934700000,75.319,75.545,75.295,75.453,17541.18
1786935600000,75.454,75.506,75.434,75.502,6839.93
1786936500000,75.503,75.538,75.419,75.44,4557.17
1786937400000,75.44,75.483,75.427,75.467,2769.94
1786938300000,75.467,75.536,75.454,75.471,2263.51
1786939200000,75.471,75.577,75.47,75.566,9348.44
1786940100000,75.565,75.566,75.496,75.505,2596.3
1786941000000,75.505,75.521,75.465,75.476,3773.46
1786941900000,75.477,75.524,75.472,75.52,2191.67
1786942800000,75.519,75.528,75.415,75.475,8311.77
1786943700000,75.474,75.576,75.457,75.461,2315.42
1786944600000,75.461,75.465,75.424,75.424,3902
1786945500000,75.425,75.453,75.37,75.378,4702.87
1786946400000,75.378,75.462,75.334,75.447,10816.73
1786947300000,75.446,75.556,75.423,75.455,6822.09
1786948200000,75.454,75.589,75.448,75.589,3121.54
1786949100000,75.588,75.971,75.588,75.812,18236.29
1786950000000,75.818,75.907,75.761,75.796,5707.65
1786950900000,75.796,75.838,75.731,75.838,6556.53
1786951800000,75.838,75.852,75.8,75.8,2534.21
1786952700000,75.795,75.796,75.705,75.751,3610.26
1786953600000,75.751,75.783,75.469,75.524,18682.67
1786954500000,75.524,75.525,75.347,75.379,7628.39
1786955400000,75.379,75.421,75.279,75.28,4810.93
1786956300000,75.28,75.292,75.141,75.211,9085.68
1786957200000,75.211,75.364,75.207,75.362,20553.21
1786958100000,75.361,75.392,75.252,75.356,8076.93
1786959000000,75.355,75.356,75.284,75.285,1845.3
1786959900000,75.286,75.338,75.233,75.324,2270.11
1786960800000,75.323,75.364,75.3,75.353,1661.15
1786961700000,75.353,75.482,75.28,75.482,1410.23
1786962600000,75.483,75.72,75.46,75.713,27573.95
1786963500000,75.72,75.764,75.669,75.729,10878.94
1786964400000,75.729,75.765,75.712,75.713,7183.45
1786965300000,75.712,75.75,75.664,75.739,3508.92
1786966200000,75.738,75.8,75.732,75.789,5377.05
1786967100000,75.788,75.882,75.64,75.662,19928.49
1786968000000,75.665,75.67,75.504,75.582,11188.46
1786968900000,75.581,75.582,75.38,75.384,8181.91
1786969800000,75.383,75.463,75.321,75.369,7203.36
1786970700000,75.369,75.432,75.346,75.407,4073.21
1786971600000,75.406,75.416,75.271,75.373,10993.63
1786972500000,75.373,75.374,75.269,75.278,5089.16
1786973400000,75.277,75.732,75.269,75.608,17228.64
1786974300000,75.608,75.709,75.531,75.588,34446.62
1786975200000,75.588,75.65,75.481,75.63,5119.5
1786976100000,75.629,75.689,75.523,75.6,38222.7
1786977000000,75.599,75.687,75.549,75.64,4461.56
1786977900000,75.64,75.988,75.582,75.958,56159.07
1786978800000,75.95,75.988,75.813,75.83,39559.85
1786979700000,75.824,75.94,75.76,75.91,6531.07
1786980600000,75.911,76.057,75.824,76.007,11653.87
1786981500000,76.007,76.19,76.006,76.065,39425.34
1786982400000,76.066,76.104,75.968,75.971,7621.24
1786983300000,75.971,76.02,75.907,75.94,22750.33
1786984200000,75.94,76.074,75.939,75.975,2345.71
1786985100000,75.975,76.074,75.919,75.965,3806.49
1786986000000,75.965,75.987,75.777,75.777,9730.82
1786986900000,75.777,76.074,75.752,75.874,19590.06
1786987800000,75.875,75.901,75.684,75.841,13167
1786988700000,75.842,75.933,75.841,75.892,9661.94
1786989600000,75.892,75.914,75.825,75.871,11544.59
1786990500000,75.872,76.116,75.872,75.98,17416.01
1786991400000,75.98,76.001,75.886,75.954,20429.33
1786992300000,75.953,75.959,75.852,75.874,9675.64
1786993200000,75.874,75.874,75.76,75.761,5378.51
1786994100000,75.761,75.851,75.743,75.815,3632.33
1786995000000,75.815,75.928,75.736,75.875,42758.57
1786995900000,75.877,75.877,75.74,75.768,3947.93
1786996800000,75.768,75.768,75.653,75.685,44110.12
1786997700000,75.686,75.787,75.606,75.779,4353.47
1786998600000,75.779,76.004,75.755,76.004,10448.87
1786999500000,76.004,76.05,75.888,75.955,15397.52
1787000400000,75.955,76.01,75.863,75.914,5877.48
1787001300000,75.915,75.948,75.876,75.88,2992.13
1787002200000,75.879,75.926,75.854,75.914,1733.16
1787003100000,75.915,75.948,75.904,75.923,1493.11
1787004000000,75.924,75.979,75.83,75.831,22064.66
1787004900000,75.835,75.85,75.784,75.789,2379.73
1787005800000,75.783,75.787,75.74,75.74,2672.59
1787006700000,75.74,75.74,75.69,75.7,3796.15
1787007600000,75.709,75.818,75.685,75.808,5854.05
1787008500000,75.808,75.933,75.804,75.933,9853.06
1787009400000,75.937,76.099,75.901,75.926,13697.04
1787010300000,75.926,76.016,75.919,75.995,2646.6
1787011200000,75.995,76.026,75.911,75.973,23908.32
1787012100000,75.973,76.054,75.962,75.969,10611.33
1787013000000,75.97,75.97,75.839,75.859,3298.8
1787013900000,75.868,76.009,75.849,76.008,14414.23
1787014800000,76.008,76.019,75.872,75.929,3479.33
1787015700000,75.93,75.939,75.83,75.834,2412.42
1787016600000,75.835,75.835,75.742,75.751,4805.46
1787017500000,75.751,75.751,75.532,75.569,13033.82
1787018400000,75.569,75.604,75.448,75.455,5020.21
1787019300000,75.451,75.525,75.375,75.393,22219.09
1787020200000,75.392,75.442,75.337,75.348,7511.95
1787021100000,75.349,75.383,75.169,75.24,25193.29
1787022000000,75.24,75.354,75.222,75.302,12445.52
1787022900000,75.303,75.407,75.301,75.373,9729
1787023800000,75.373,75.501,75.288,75.495,10564.57
1787024700000,75.496,75.496,75.433,75.474,10286.92
1787025600000,75.473,75.64,75.388,75.63,10066.61
1787026500000,75.63,75.664,75.571,75.663,5775.08
1787027400000,75.665,75.763,75.665,75.752,4341.1
1787028300000,75.751,75.8,75.751,75.797,2637.46
1787029200000,75.796,75.913,75.742,75.886,12033.72
1787030100000,75.885,75.886,75.752,75.752,4018.08
1787031000000,75.745,75.787,75.535,75.778,9105.83
1787031900000,75.779,75.779,75.69,75.703,4013.44
1787032800000,75.702,75.765,75.621,75.734,2099.87
1787033700000,75.729,75.95,75.728,75.922,11289.76
1787034600000,75.922,76.015,75.913,76.005,6562.1
1787035500000,76.005,76.018,75.877,75.978,4015.59
1787036400000,75.978,76.163,75.973,76.151,58646.92
1787037300000,76.152,76.208,75.978,75.978,48383.8
1787038200000,75.972,76.098,75.965,76.003,8310.72
1787039100000,76.004,76.056,75.91,76.047,8103.35
1787040000000,76.048,76.07,75.813,75.846,10714.34
1787040900000,75.847,75.968,75.846,75.876,4553.46
1787041800000,75.877,76.05,75.859,75.988,2039.26
1787042700000,75.989,76.15,75.916,76.135,3557.91
1787043600000,76.135,76.135,76.032,76.065,2838.27
1787044500000,76.066,76.066,75.87,75.873,4850.21
1787045400000,75.873,75.952,75.863,75.886,3755.88
1787046300000,75.885,75.919,75.855,75.918,2576.44
1787047200000,75.917,75.94,75.857,75.867,2647.62
1787048100000,75.868,75.886,75.777,75.79,7897.8
1787049000000,75.791,75.858,75.789,75.837,1792.03
1787049900000,75.837,75.859,75.805,75.808,564.86
1787050800000,75.808,76.04,75.795,76.04,4163.9
1787051700000,76.039,76.44,76.017,76.247,49553.87
1787052600000,76.247,76.409,76.219,76.348,15605.98
1787053500000,76.348,76.37,76.262,76.29,9408.98
1787054400000,76.291,76.48,76.291,76.35,11052.69
1787055300000,76.334,76.356,76.214,76.269,40963.09
1787056200000,76.268,76.297,76.222,76.246,5297.43
1787057100000,76.245,76.361,76.209,76.22,5734.61
1787058000000,76.217,76.217,76.109,76.119,18254.73
1787058900000,76.118,76.15,76.065,76.069,11864.9
1787059800000,76.068,76.251,76.004,76.112,36992.32
1787060700000,76.112,76.202,76.03,76.171,8808.12
1787061600000,76.171,76.316,76.088,76.147,26640.83
1787062500000,76.147,77.028,76.146,76.973,63138.18
1787063400000,76.973,77.278,76.76,76.787,75209.93
1787064300000,76.786,76.935,76.735,76.766,43554.86
1787065200000,76.757,77,76.757,76.89,26878.31
1787066100000,76.891,77.01,76.835,76.994,18908.2
1787067000000,76.997,77.088,76.979,77.051,13932.15
1787067900000,77.042,77.229,77.004,77.169,28801.5
1787068800000,77.17,77.287,77.019,77.046,30129.21
1787069700000,77.045,77.046,76.832,76.873,29908.1
1787070600000,76.873,77.086,76.82,76.987,26205.07
1787071500000,76.987,77.14,76.957,77.043,13320.14
1787072400000,77.045,77.051,76.906,76.937,3385.6
1787073300000,76.937,76.966,76.86,76.905,2858.79
1787074200000,76.904,76.996,76.852,76.968,12091.75
1787075100000,76.967,76.995,76.868,76.873,4085.7
1787076000000,76.871,77.053,76.85,77.053,6014.22
1787076900000,77.054,77.25,77.054,77.203,7106.6
1787077800000,77.203,77.259,77.104,77.12,19751.7
1787078700000,77.113,77.26,77.105,77.24,8116.75
1787079600000,77.238,77.25,77.151,77.186,2824.43
1787080500000,77.185,77.378,77.153,77.332,10969.57
1787081400000,77.332,77.348,77.157,77.162,24150.5
1787082300000,77.161,77.189,77.05,77.144,3735.07
1787083200000,77.144,77.188,77.018,77.171,8034.01
1787084100000,77.17,77.176,76.908,76.968,18007.21
1787085000000,76.968,77.096,76.881,76.882,10122.31
1787085900000,76.882,76.92,76.72,76.853,13828.67
1787086800000,76.853,77.088,76.852,76.984,10720.75
1787087700000,76.98,77.011,76.917,76.923,2767.45
1787088600000,76.924,76.979,76.902,76.906,2871.45
1787089500000,76.906,76.978,76.89,76.964,3734.06
1787090400000,76.964,77.131,76.926,77.05,13751.83
1787091300000,77.051,77.088,76.96,77.02,13052.12
1787092200000,77.02,77.164,77.003,77.017,7092.77
1787093100000,77.017,77.017,76.859,76.927,10252.91
1787094000000,76.917,77.118,76.917,77.064,5442.72
1787094900000,77.064,77.131,77.031,77.077,2349.72
1787095800000,77.077,77.223,77.077,77.149,30421.32
1787096700000,77.15,77.177,77.028,77.036,8694.78
1787097600000,77.048,77.08,76.853,76.853,12103.87
1787098500000,76.85,77.004,76.795,76.925,11264.68
1787099400000,76.925,77.029,76.917,76.943,7795.46
1787100300000,76.942,77.051,76.883,76.883,5615.84
1787101200000,76.877,77.019,76.811,76.935,11425.09
1787102100000,76.935,76.94,76.685,76.806,18707.95
1787103000000,76.808,76.812,76.693,76.708,7791.28
1787103900000,76.707,76.805,76.677,76.769,10911.82
1787104800000,76.756,76.806,76.688,76.777,5174.26
1787105700000,76.769,76.861,76.68,76.834,4631.64
1787106600000,76.83,76.886,76.777,76.777,1683.86
1787107500000,76.777,76.837,76.727,76.783,2306.09
1787108400000,76.782,76.889,76.679,76.889,6979.87
1787109300000,76.889,77.078,76.886,76.979,4657.61
1787110200000,76.978,77.051,76.928,77.014,1230.98
1787111100000,77.013,77.056,76.942,76.956,3164.96
1787112000000,76.955,76.989,76.926,76.959,2545.03
1787112900000,76.958,77.094,76.958,77.022,13672.6
1787113800000,77.022,77.047,76.871,76.889,2095.51
1787114700000,76.892,76.913,76.766,76.829,4136.18
1787115600000,76.829,77.038,76.822,76.997,12896.85
1787116500000,76.991,76.991,76.835,76.919,4321.99
1787117400000,76.918,76.944,76.847,76.865,5098.55
1787118300000,76.865,76.865,76.731,76.759,14591.05
1787119200000,76.759,76.793,76.604,76.62,19014.51
1787120100000,76.62,76.928,76.619,76.827,12543.27
1787121000000,76.827,76.917,76.723,76.906,4814.89
1787121900000,76.917,77.122,76.916,77.035,12580.8
1787122800000,77.045,77.056,76.92,77.046,9627.47
1787123700000,77.046,77.047,76.924,76.956,2203.22
1787124600000,76.956,77.02,76.938,76.938,1406.69
1787125500000,76.938,77.037,76.919,76.919,2884.58
1787126400000,76.914,77.063,76.885,77.012,7346.06
1787127300000,77.011,77.175,77,77.15,7530.72
1787128200000,77.149,77.568,77.132,77.431,38315.91
1787129100000,77.431,77.49,77.35,77.355,25282
1787130000000,77.351,77.442,77.328,77.36,10473.3
1787130900000,77.359,77.4,77.282,77.282,7675.23
1787131800000,77.283,77.31,77.185,77.236,4538.4
1787132700000,77.227,77.292,77.192,77.277,4426.13
1787133600000,77.277,77.277,77.202,77.241,5121.58
1787134500000,77.241,77.287,77.202,77.225,9655.49
1787135400000,77.225,77.34,77.204,77.326,4208.16
1787136300000,77.329,77.353,77.251,77.351,1628.95
1787137200000,77.351,77.56,77.346,77.532,26713.04
1787138100000,77.532,77.568,77.467,77.567,18954.97
1787139000000,77.568,77.57,77.434,77.435,10285.54
1787139900000,77.434,77.522,77.434,77.509,2510.62
1787140800000,77.508,77.526,77.398,77.421,8395.3
1787141700000,77.421,77.495,77.398,77.477,2012.57
1787142600000,77.477,78.061,77.471,78.048,45413.66
1787143500000,78.047,78.74,77.98,78.339,302636.96
1787144400000,78.338,78.365,78.13,78.272,273604.51
1787145300000,78.272,78.515,78.271,78.473,17629.02
1787146200000,78.474,78.643,78.288,78.473,100925.87
1787147100000,78.472,78.546,78.311,78.355,18452.71
1787148000000,78.355,78.631,78.314,78.583,24587.53
1787148900000,78.582,78.739,78.46,78.494,21586.78
1787149800000,78.494,79.019,78.418,78.992,104426.43
1787150700000,78.985,80.944,78.95,80.835,433134.19
1787151600000,80.851,82.099,80.641,81.341,360949.35
1787152500000,81.34,82.907,80.852,81.957,639526.18
1787153400000,81.985,82.578,81.536,82.307,536398.61
1787154300000,82.308,82.35,81.557,81.84,159794.97
1787155200000,81.835,82.35,81.691,81.869,78503.88
1787156100000,81.869,82.123,81.8,82.075,48505.87
1787157000000,82.075,82.075,81.797,81.893,48637.47
1787157900000,81.884,81.964,81.53,81.58,53685.53
1787158800000,81.579,81.64,81.324,81.339,53217.5
1787159700000,81.339,81.369,81.018,81.233,42080.14
1787160600000,81.233,81.425,80.99,81.425,23452.52
1787161500000,81.424,81.7,81.424,81.628,20740.89
1787162400000,81.629,81.677,81.238,81.479,39129.14
1787163300000,81.48,81.975,81.465,81.942,35063.43
1787164200000,81.942,82.163,81.887,82.12,33961.17
1787165100000,82.115,82.256,82.038,82.245,17502.29
1787166000000,82.244,82.382,81.982,82.029,25328.73
1787166900000,82.03,82.466,82.03,82.149,23127.26
1787167800000,82.155,82.305,82.082,82.271,21144.14
1787168700000,82.271,82.433,82.214,82.325,24951.76
1787169600000,82.325,82.478,82.271,82.411,42668.68
1787170500000,82.411,82.541,82.3,82.504,18756.89
1787171400000,82.503,82.659,82.456,82.612,17183.02
1787172300000,82.611,84.341,82.571,83.729,214985.74
1787173200000,83.765,87.314,83.734,86.139,475659
1787174100000,86.146,87.212,85.934,87.015,137566.6
1787175000000,87.015,87.224,86.242,86.634,59488.27
1787175900000,86.638,87.227,86.443,86.644,63059.32
1787176800000,86.659,86.861,85.611,85.772,110101.45
1787177700000,85.795,86.07,85.326,85.405,52138.07
1787178600000,85.381,85.981,84.969,85.713,46413.41
1787179500000,85.688,85.688,85.111,85.5,30398.79
1787180400000,85.499,85.584,85.345,85.387,19672.3
1787181300000,85.373,85.558,85.295,85.454,13537.68
1787182200000,85.454,85.77,85.177,85.645,11171.52
1787183100000,85.645,85.645,85.066,85.385,19331.62
1787184000000,85.384,85.693,85.339,85.495,22390.26
1787184900000,85.491,85.8,85.453,85.639,24716.51
1787185800000,85.649,85.72,85.414,85.5,15240.57
1787186700000,85.5,85.688,84.919,85.013,27956.57
1787187600000,85.013,85.148,84.664,84.824,28718.8
1787188500000,84.824,84.989,84.69,84.777,9567.68
1787189400000,84.776,85.071,84.712,85.071,9959.94
1787190300000,85.08,85.416,85.079,85.37,26534.07
1787191200000,85.389,85.461,85.184,85.319,8329.57
1787192100000,85.319,85.376,85.087,85.097,22902.25
1787193000000,85.096,85.13,84.874,84.879,19257.97
1787193900000,84.878,84.879,84.71,84.788,28968.06
1787194800000,84.777,84.802,84.017,84.264,43518.11
1787195700000,84.254,84.605,84.239,84.283,10014.06
1787196600000,84.283,84.572,84.283,84.529,8850.4
1787197500000,84.519,84.688,84.5,84.5,5780.22
1787198400000,84.505,84.734,84.484,84.64,6792.76
1787199300000,84.641,84.715,84.514,84.559,8263.85
1787200200000,84.565,84.627,84.44,84.598,12102.28
1787201100000,84.598,84.95,84.598,84.851,10949.27
1787202000000,84.879,84.997,84.836,84.9,10415.23
1787202900000,84.9,85.104,84.891,84.945,8681.44
1787203800000,84.944,85.059,84.924,85.026,8524.07
1787204700000,85.016,85.025,84.838,84.95,5190.67
1787205600000,84.965,84.969,84.731,84.837,5336.55
1787206500000,84.82,85.491,84.794,85.456,30942.73
1787207400000,85.459,85.836,85.319,85.779,18421.36
1787208300000,85.799,85.951,85.73,85.935,13923.91
1787209200000,85.935,86.027,85.832,85.961,15380.41
1787210100000,85.953,86.098,85.795,86.028,16330.29
1787211000000,86.028,86.15,85.796,85.867,12018.96
1787211900000,85.867,86.204,85.819,86.175,15252.9
1787212800000,86.176,87.53,86.059,87.464,61331.22
1787213700000,87.457,87.629,87.061,87.547,64043.45
1787214600000,87.547,87.891,87.377,87.889,54950.76
1787215500000,87.889,87.993,87.481,87.515,63175.01
1787216400000,87.515,87.67,87.311,87.67,29984.53
1787217300000,87.68,87.815,87.537,87.537,23265.03
1787218200000,87.538,87.71,87.352,87.576,9134.94
1787219100000,87.576,87.613,87.092,87.34,11663.25
1787220000000,87.34,87.582,87.22,87.582,10043.35
1787220900000,87.558,87.816,87.363,87.421,67194.9
1787221800000,87.437,87.439,87.085,87.112,42716.01
1787222700000,87.104,87.486,87.01,87.459,78795.88
1787223600000,87.455,87.455,87.093,87.166,11267.75
1787224500000,87.124,87.359,87.106,87.185,18038.18
1787225400000,87.168,88.157,87.144,87.749,112236.39
1787226300000,87.742,87.899,87.206,87.21,44879.83
1787227200000,87.206,87.409,86.582,86.842,28000.78
1787228100000,86.83,86.994,86.755,86.933,8221.6
1787229000000,86.943,87.058,86.677,86.741,11225.85
1787229900000,86.74,87.129,86.537,87.069,18778.45
1787230800000,87.07,87.372,87.028,87.304,16669.97
1787231700000,87.304,87.475,86.965,87.058,14989.88
1787232600000,87.042,87.042,86.244,86.77,58973.15
1787233500000,86.766,86.837,86.367,86.55,28962.58
1787234400000,86.559,86.872,86.461,86.609,46682.47
1787235300000,86.592,86.601,86.219,86.295,35681.45
1787236200000,86.294,86.59,86.294,86.374,16128.07
1787237100000,86.369,86.599,86.15,86.599,21112.22
1787238000000,86.598,87.319,86.553,87.021,61090.96
1787238900000,87.021,87.128,86.664,87.013,32544.62
1787239800000,87.012,87.316,86.723,86.883,51477.6
1787240700000,86.831,87.449,86.768,87.354,62351.02
1787241600000,87.355,87.363,87.056,87.113,27677.14
1787242500000,87.135,87.221,86.855,87.095,10863.05
1787243400000,87.094,87.67,86.927,87.511,67026.36
1787244300000,87.511,87.87,87.389,87.737,27991.75
1787245200000,87.74,87.861,87.35,87.391,25415.59
1787246100000,87.398,87.66,87.3,87.59,18842.04
1787247000000,87.591,87.796,87.471,87.537,23474.88
1787247900000,87.531,87.934,87.5,87.503,12878.6
1787248800000,87.498,87.656,86.925,87.002,56157.2
1787249700000,87.002,87.36,86.807,87.201,20249.37
1787250600000,87.159,87.226,86.662,86.829,48003.5
1787251500000,86.846,87.116,86.843,86.866,31517.36
1787252400000,86.852,87.377,86.847,87.172,23772
1787253300000,87.173,87.462,87.167,87.301,4936.59
1787254200000,87.301,87.503,87.115,87.453,29595.46
1787255100000,87.415,87.453,87.077,87.269,12252.28
1787256000000,87.281,87.461,87.237,87.374,4746.33
1787256900000,87.361,87.445,87.26,87.413,30574.9
1787257800000,87.413,87.672,87.413,87.508,23968.17
1787258700000,87.508,87.602,87.421,87.587,29544.03
1787259600000,87.587,87.877,87.58,87.718,42089.27
1787260500000,87.717,87.801,87.425,87.453,24781.82
1787261400000,87.453,87.726,87.452,87.545,17920.45
1787262300000,87.544,87.616,87.46,87.493,6801.92
1787263200000,87.497,87.508,87.254,87.375,19614.92
1787264100000,87.376,87.573,87.255,87.447,9694.37
1787265000000,87.447,87.475,87.248,87.252,14366.26
1787265900000,87.252,87.441,87.205,87.236,14559.58
1787266800000,87.235,87.48,87.228,87.433,17933.52
1787267700000,87.44,87.93,87.381,87.843,17148.69
1787268600000,87.843,88.01,87.571,87.645,17572.76
1787269500000,87.633,87.71,87.585,87.66,11963.97
1787270400000,87.649,87.943,87.57,87.943,27994.62
1787271300000,87.943,88.807,87.791,88.379,138610.3
1787272200000,88.393,88.658,87.824,87.981,39710.96
1787273100000,87.98,88.447,87.837,88.261,21976.33
1787274000000,88.25,88.459,88.136,88.374,11291.45
1787274900000,88.388,89.078,88.213,88.397,64844.42
1787275800000,88.397,88.733,88.27,88.499,38274.47
1787276700000,88.499,89.721,88.46,89.054,238750.61
1787277600000,89.054,89.822,88.57,89.218,71811.1
1787278500000,89.227,89.457,88.924,89.438,43291.16
1787279400000,89.443,90.59,88.954,89.812,598425.77
1787280300000,89.842,89.848,89.248,89.354,93127.58
1787281200000,89.355,89.446,88.822,89.207,94543.53
1787282100000,89.207,89.46,89.001,89.417,62619.82
1787283000000,89.423,89.521,89.179,89.247,27000.83
1787283900000,89.247,89.623,89.173,89.179,22602.78
1787284800000,89.174,89.57,89.112,89.132,27343.59
1787285700000,89.132,89.413,88.936,89.012,20008.83
1787286600000,89.011,89.284,88.945,89.21,14086.72
1787287500000,89.209,89.57,89.167,89.536,19475.68
1787288400000,89.542,89.75,89.252,89.695,21135.17
1787289300000,89.695,90.063,89.515,89.705,70933.51
1787290200000,89.705,90.205,89.638,90.205,32917.62
1787291100000,90.205,90.774,90.204,90.491,121505.87
1787292000000,90.491,91.408,90.378,90.776,210188.32
1787292900000,90.785,90.897,90.097,90.117,110916.08
1787293800000,90.117,90.5,90.108,90.114,55613.8
1787294700000,90.114,90.483,89.813,90.265,49419.44
1787295600000,90.261,90.847,90.238,90.847,122600.45
1787296500000,90.847,91.279,90.202,90.3,310049.41
1787297400000,90.315,90.765,89.941,90.607,207610.33
1787298300000,90.607,90.734,90.354,90.436,19023.65
1787299200000,90.447,91.043,90.407,90.793,23443.02
1787300100000,90.77,91.55,90.75,91.404,48596.42
1787301000000,91.404,92.243,91.294,92.192,214404.64
1787301900000,92.197,93.452,92.177,93.344,122743.24
1787302800000,93.343,93.381,90.355,91.447,332601.78
1787303700000,91.411,91.59,90.901,91.218,70199.81
1787304600000,91.217,91.986,91.059,91.903,36290.94
1787305500000,91.903,92.188,91.278,91.713,110954.15
1787306400000,91.701,91.781,91.172,91.325,51188.2
1787307300000,91.314,91.721,90.878,91.264,84645.37
1787308200000,91.287,91.393,90.875,91.385,50603.21
1787309100000,91.386,91.709,91.386,91.491,28171.9
1787310000000,91.487,91.66,90.548,91.105,55836.95
1787310900000,91.115,91.167,90.695,91.017,25488.03
1787311800000,91.037,91.044,89.946,90.51,148009.75
1787312700000,90.509,90.639,90.148,90.323,24706.91
1787313600000,90.323,90.547,90.069,90.503,21061.8
1787314500000,90.51,90.54,90.257,90.329,26594.83
1787315400000,90.331,91.175,90.278,91.109,74607.57
1787316300000,91.124,91.172,90.834,90.875,39986.7
1787317200000,90.883,91.016,90.741,90.911,14371.57
1787318100000,90.909,90.909,90.453,90.794,10801.96
1787319000000,90.793,91.097,89.832,91.032,127225.62
1787319900000,91.032,91.419,91,91.127,116901.41
1787320800000,91.11,91.165,90.613,91.02,253427.72
1787321700000,91.02,91.45,90.91,91.392,179811.13
1787322600000,91.393,91.747,91.202,91.565,75021.99
1787323500000,91.566,92.032,91.555,92.007,64228.98
1787324400000,91.94,92.234,91.741,91.949,60273.4
1787325300000,91.949,92.066,91.575,91.633,35391.53
1787326200000,91.644,91.886,91.41,91.672,48296.56
1787327100000,91.672,91.769,91.284,91.385,51791.93
1787328000000,91.392,91.547,90.835,90.835,93425.11
1787328900000,90.827,91.558,90.795,91.547,36072.69
1787329800000,91.547,91.62,91.362,91.437,21458.38
1787330700000,91.431,91.985,91.399,91.672,29586.21
1787331600000,91.672,91.964,91.551,91.779,23714.43
1787332500000,91.779,91.779,91.222,91.601,33039.28
1787333400000,91.601,92.031,91.569,91.641,36889.25
1787334300000,91.642,91.985,91.567,91.839,14027.46
1787335200000,91.84,92.116,91.804,91.904,39675.39
1787336100000,91.904,92.113,91.728,91.964,17628.79
1787337000000,91.963,92.04,91.318,91.473,42107.85
1787337900000,91.466,91.629,91.118,91.601,34044.67
1787338800000,91.601,91.642,90.908,91.367,100973.82
1787339700000,91.366,91.455,90.947,91.367,16646.86
1787340600000,91.368,91.419,90.868,90.903,11523.73
1787341500000,90.904,91.136,90.84,91.029,25846.97
1787342400000,91.029,91.402,90.642,91.282,32360.88
1787343300000,91.283,92.033,91.283,91.856,37316.79
1787344200000,91.855,91.97,91.689,91.891,48775
1787345100000,91.891,91.915,91.584,91.901,60699.97
1787346000000,91.904,92.49,91.701,92.353,78891.76
1787346900000,92.334,93.015,92.234,92.82,91249.08
1787347800000,92.82,93.152,92.693,93.122,53909.78
1787348700000,93.129,93.974,93.129,93.813,114510.11
1787349600000,93.816,94.5,93.667,94.196,92992.72
1787350500000,94.196,94.255,93.58,94.255,100283.83
1787351400000,94.261,94.6,93.406,94.479,102313.56
1787352300000,94.456,94.711,93.699,94.376,52801.1
1787353200000,94.387,94.422,93.987,94.164,33377.74
1787354100000,94.163,95.113,94.162,94.552,81809.57
1787355000000,94.552,94.6,93.701,94.053,52680.94
1787355900000,94.053,94.075,93.458,93.812,23781.62
1787356800000,93.811,94.061,92.927,93.627,82692.47
1787357700000,93.627,94.474,93.472,93.717,51846.47
1787358600000,93.706,93.946,93.445,93.595,26665.33
1787359500000,93.595,94,93.46,93.94,30852.63
1787360400000,93.94,94.299,93.8,94.092,19580.2
1787361300000,94.072,94.354,93.833,94.067,19219.8
1787362200000,94.087,94.483,93.714,93.808,28296.32
1787363100000,93.809,94.101,93.55,93.743,18628.54
1787364000000,93.752,94.367,93.749,94.32,25122.18
1787364900000,94.321,95.121,94.295,94.892,61131.02
1787365800000,94.931,95.901,94.741,95.789,73273.91
1787366700000,95.789,95.79,95.341,95.717,52945.24
1787367600000,95.718,96.536,95.573,96.12,115010.54
1787368500000,96.136,97.249,96.11,96.926,104499.85
1787369400000,96.928,97.673,96.487,96.8,116248.36
1787370300000,96.8,97.42,96.683,96.817,91585.51
1787371200000,96.848,97.327,96.262,97.29,78635.27
1787372100000,97.287,98.152,96.751,98.05,69839.25
1787373000000,98.051,102.9,97.985,102.43,635681.06
1787373900000,102.42,102.43,98.862,99.3,516547.95
1787374800000,99.3,100.09,87.688,93.279,1258998.27
1787375700000,93.372,94.597,91.029,94.132,621481.86
1787376600000,94.131,94.88,92.938,93.64,239264.41
1787377500000,93.694,94.947,93.475,94.231,193333.85
1787378400000,94.268,94.527,93.507,93.596,107572.4
1787379300000,93.637,94.402,93.597,93.94,84279.9
1787380200000,93.94,95.245,93.108,94.645,130092.23
1787381100000,94.653,94.885,94.139,94.357,52449.43
1787382000000,94.369,95.215,94.187,94.507,67231.91
1787382900000,94.504,95.1,94.13,95.075,31468.54
1787383800000,95.075,95.559,94.445,94.892,37055.65
1787384700000,94.897,94.975,94.458,94.496,8179.7
1787385600000,94.497,95.018,94.134,94.955,27676.12
1787386500000,94.955,95.039,93.708,93.796,51214.96
1787387400000,93.846,93.912,93.107,93.677,115331.47
1787388300000,93.666,94.148,93.285,94.123,58379.89
1787389200000,94.125,94.219,93.01,94.219,58334.84
1787390100000,94.239,94.612,93.987,94.319,45026.08
1787391000000,94.32,94.435,94.085,94.297,13873.55
1787391900000,94.298,94.318,93.658,93.925,37937.72
1787392800000,93.925,94,92.128,92.16,111940.83
1787393700000,92.191,92.5,91.378,92.443,100777.3
1787394600000,92.465,93.431,92.311,93.29,108758.5
1787395500000,93.3,93.372,92.746,92.913,36539.12
1787396400000,92.913,93.248,92.617,92.829,30625.95
1787397300000,92.85,93.119,92.616,93.045,19201.77
1787398200000,93.045,93.525,92.956,93.495,29307.41
1787399100000,93.489,93.554,93.178,93.346,20572.16
1787400000000,93.352,93.993,93.245,93.916,28642.8
1787400900000,93.958,94.391,93.897,94.267,10433.88
1787401800000,94.271,94.286,93.885,94.272,13448.41
1787402700000,94.252,94.327,93.886,93.886,20401.03
1787403600000,93.886,94.013,93.599,93.968,11510.19
1787404500000,93.969,94.23,93.66,93.874,15253.11
1787405400000,93.889,94.025,93.624,93.834,29925.83
1787406300000,93.838,94.294,93.796,94.17,35799.51
1787407200000,94.18,94.34,93.688,93.858,22730.07
1787408100000,93.896,93.976,93.51,93.899,28951.66
1787409000000,93.899,94.079,93.326,93.331,31188.39
1787409900000,93.332,93.502,92.965,93.304,21569.76
1787410800000,93.297,93.539,93.008,93.008,11792.85
1787411700000,93,93.408,92.874,93.318,21609.89
1787412600000,93.311,93.634,93.246,93.337,9872.46
1787413500000,93.337,93.419,93.051,93.133,16013.9
1787414400000,93.129,93.56,93.129,93.456,12892.04
1787415300000,93.456,94.121,93.456,93.922,29110.21
1787416200000,93.923,94.702,93.922,94.583,56019.42
1787417100000,94.583,94.708,94.371,94.39,47963.57
1787418000000,94.39,94.625,94.13,94.293,36920.39
1787418900000,94.293,94.47,93.845,93.925,24428.43
1787419800000,93.918,94.366,93.918,94.325,10232.08
1787420700000,94.325,94.618,94.288,94.332,33009.38
1787421600000,94.332,94.455,94.116,94.22,18959.29
1787422500000,94.22,94.6,94.22,94.463,38453.25
1787423400000,94.463,94.592,94.242,94.243,19632.4
1787424300000,94.251,94.542,94.104,94.536,19324.72
1787425200000,94.532,94.675,94.35,94.641,8969.08
1787426100000,94.642,94.746,94.38,94.485,6735.85
1787427000000,94.485,94.876,94.485,94.813,3192.57
1787427900000,94.812,94.84,94.528,94.551,16700.03
1787428800000,94.551,94.842,94.436,94.729,25422.24
1787429700000,94.762,94.82,94.449,94.54,13187.49
1787430600000,94.54,94.718,94.4,94.563,8782.83
1787431500000,94.564,94.602,94.4,94.454,15116.7
1787432400000,94.454,94.46,93.55,93.558,56021.2
1787433300000,93.563,94,93.563,93.892,10578.48
1787434200000,93.891,93.916,93.116,93.42,30756.25
1787435100000,93.42,93.42,92.759,92.884,64808.51
1787436000000,92.877,93.728,92.652,93.648,63513.26
1787436900000,93.649,94.031,93.583,93.995,17657.98
1787437800000,93.976,94.075,93.619,93.812,28912.06
1787438700000,93.813,94.023,93.629,93.672,7738.94
1787439600000,93.676,93.867,93.423,93.697,16049.1
1787440500000,93.7,93.833,93.633,93.677,9204.6
1787441400000,93.678,93.785,93.421,93.728,11393.06
1787442300000,93.727,94.053,93.727,93.905,4768.96
1787443200000,93.898,94.096,93.65,93.874,10010.64
1787444100000,93.853,94.373,93.793,94.363,12741.01
1787445000000,94.364,98.257,94.363,96.438,347042.75
1787445900000,96.411,97.324,96.161,96.423,92330.53
1787446800000,96.427,96.455,95.873,96.346,94979.57
1787447700000,96.346,96.346,95.883,96.128,29236.06
1787448600000,96.144,96.318,95.745,96.204,26120.21
1787449500000,96.19,96.656,95.842,96.054,38947.16
1787450400000,96.064,96.33,94.136,94.441,105977.36
1787451300000,94.45,94.993,94.177,94.554,61332.92
1787452200000,94.537,94.956,94.484,94.599,13338.3
1787453100000,94.613,96.665,94.396,94.92,125800.51
1787454000000,94.936,95.104,94.525,94.938,34435.18
1787454900000,94.939,95.08,94.244,94.253,43006.16
1787455800000,94.27,94.327,93.473,93.523,127081.73
1787456700000,93.523,94.031,93.523,93.749,41545.25
1787457600000,93.75,94.143,93.169,94.12,119898.13
1787458500000,94.121,94.171,93.283,93.632,59416.46
1787459400000,93.64,93.659,92.851,92.993,65790.19
1787460300000,92.998,93.024,92.251,92.605,110981.97
1787461200000,92.585,92.928,92.16,92.166,50066.57
1787462100000,92.187,93.335,91.51,93.049,127819.12
1787463000000,93.049,93.235,92.573,92.744,14244.41
1787463900000,92.745,92.84,92.343,92.344,20539.49
1787464800000,92.342,92.5,91.804,92.351,73403.74
1787465700000,92.35,92.585,92.185,92.342,24268.24
1787466600000,92.347,92.823,92.347,92.516,18273.48
1787467500000,92.518,92.616,92.062,92.285,18634.11
1787468400000,92.286,92.724,92.202,92.67,13967.16
1787469300000,92.672,93.022,92.672,92.788,15861.63
1787470200000,92.777,92.777,92.472,92.523,16464.7
1787471100000,92.524,92.779,92.378,92.489,18218.56
1787472000000,92.502,93.017,92.348,92.863,7885.21
1787472900000,92.863,92.952,92.836,92.915,10278.51
1787473800000,92.931,93.558,92.864,93.383,51210.22
1787474700000,93.383,93.439,93.119,93.251,22236.67
1787475600000,93.234,93.485,93.179,93.359,8107.14
1787476500000,93.365,93.439,93.182,93.314,4513.15
1787477400000,93.313,93.319,92.98,93.3,4850.48
1787478300000,93.291,93.585,93.203,93.392,13682.94
1787479200000,93.388,93.869,93.357,93.826,20386.36
1787480100000,93.826,94.169,93.715,93.739,28033.05
1787481000000,93.74,93.947,93.661,93.839,17733.72
1787481900000,93.823,93.883,93.646,93.676,4870.82
1787482800000,93.675,93.922,93.582,93.889,31042.08
1787483700000,93.889,94.574,93.774,94.359,35613.94
1787484600000,94.377,94.881,94.312,94.754,26580.3
1787485500000,94.739,94.784,94.576,94.686,14135.69
1787486400000,94.685,94.686,94.167,94.418,30733.38
1787487300000,94.417,94.63,94.357,94.535,6489.73
1787488200000,94.536,94.859,94.525,94.82,15229.7
1787489100000,94.819,94.819,94.496,94.671,6541.7
1787490000000,94.67,95.001,94.653,94.985,16255
1787490900000,94.98,95.934,94.964,95.098,51199.97
1787491800000,95.106,95.361,94.905,95.36,30682.28
1787492700000,95.361,95.613,95.187,95.434,16245.48
1787493600000,95.435,95.732,95.134,95.614,38605.75
1787494500000,95.601,95.75,95.244,95.44,29827.86
1787495400000,95.44,95.579,93.486,94.494,74019.74
1787496300000,94.485,95.264,94.485,95.1,32464.85
1787497200000,95.1,95.5,94.73,95.338,18960.33
1787498100000,95.327,95.526,94.908,95.513,64426.46
1787499000000,95.501,95.979,95.5,95.775,77631.38
1787499900000,95.776,95.799,95.327,95.4,25986.75
1787500800000,95.4,95.571,95.32,95.478,13813
1787501700000,95.468,95.471,95.215,95.456,19694.85
1787502600000,95.456,95.784,95.394,95.605,39687.95
1787503500000,95.606,95.674,95.372,95.463,6636.94
1787504400000,95.464,95.533,94.908,95.438,33098.94
1787505300000,95.437,95.549,95.167,95.208,21644.73
1787506200000,95.208,95.277,94.845,95.153,30829.12
1787507100000,95.151,95.316,95.112,95.153,8138.98
1787508000000,95.154,95.4,94.951,95.271,36880.9
1787508900000,95.258,95.477,95.161,95.402,8024.2
1787509800000,95.402,95.426,95.145,95.324,4081.93
1787510700000,95.324,95.372,95.161,95.341,8220.48
1787511600000,95.341,95.435,94.936,95.099,20255.43
1787512500000,95.1,95.173,95.009,95.098,13441.11
1787513400000,95.098,95.403,94.87,95.339,31065.85
1787514300000,95.339,95.49,95.106,95.106,37063.52
1787515200000,95.121,95.181,94.808,95.084,37661.3
1787516100000,95.084,95.403,95.059,95.285,20420.82
1787517000000,95.285,95.391,95.155,95.208,27926.23
1787517900000,95.205,95.205,95.042,95.084,12693.06
1787518800000,95.085,95.783,95.085,95.694,60680.64
1787519700000,95.694,96.236,95.693,96.167,53904.98
1787520600000,96.167,96.319,95.227,95.309,65198.28
1787521500000,95.309,95.714,95.264,95.396,31831.43
1787522400000,95.396,95.74,94.832,95.298,40175.99
1787523300000,95.298,95.784,95.145,95.613,15041.18
1787524200000,95.603,95.72,95.415,95.592,26775.09
1787525100000,95.589,95.789,95.398,95.655,33427.64
1787526000000,95.657,95.721,95.09,95.226,23515.13
1787526900000,95.226,95.683,95.1,95.554,5265.21
1787527800000,95.538,95.921,95.1,95.256,14447.58
1787528700000,95.256,95.659,95.205,95.501,16903.59
1787529600000,95.502,95.566,95.011,95.263,16306.18
1787530500000,95.269,95.301,93.313,94.48,469024.02
1787531400000,94.48,95.166,94.379,94.397,265906.34
1787532300000,94.397,95.609,94.194,95.598,26265.76
1787533200000,95.582,95.596,94.917,94.981,15944.33
1787534100000,94.97,94.989,94.525,94.535,17784
1787535000000,94.534,94.699,94.218,94.258,20519.17
1787535900000,94.248,94.323,93.81,93.913,18681.64
1787536800000,93.912,94.544,93.695,94.475,33416.69
1787537700000,94.475,94.808,94.475,94.807,13332.21
1787538600000,94.807,95.068,94.678,94.774,19844.3
1787539500000,94.772,94.772,94.082,94.603,19007.66
1787540400000,94.609,94.673,93.899,93.922,19406.17
1787541300000,93.921,94.262,93.792,93.801,40114.56
1787542200000,93.8,94.02,93.474,93.797,22336.17
1787543100000,93.796,94.119,93.684,93.685,21198.29
1787544000000,93.686,94.076,93.686,93.989,39345.4
1787544900000,94,94.339,94,94.3,26925.23
1787545800000,94.303,94.369,94.031,94.256,9631.99
1787546700000,94.279,94.372,93.703,94.255,18234.96
1787547600000,94.254,94.592,93.91,94.55,36478
1787548500000,94.55,94.681,94.016,94.09,13012.52
1787549400000,94.088,94.398,93.463,94.172,26701.36
1787550300000,94.167,94.358,94.05,94.33,4282.98
1787551200000,94.314,94.422,93.86,94.38,11881.77
1787552100000,94.379,94.485,94.165,94.299,12108.94
1787553000000,94.298,94.309,93.898,93.999,26145.28
1787553900000,93.993,94.66,93.947,94.57,19944.74
1787554800000,94.57,95.485,94.516,95.373,53620.46
1787555700000,95.373,95.374,94.276,94.314,175753.17
1787556600000,94.313,94.417,93.996,94.042,147707.76
1787557500000,94.042,94.449,94.035,94.126,57792.91
1787558400000,94.143,94.349,93.959,94.074,15211.67
1787559300000,94.074,94.074,93.258,93.407,116459.5
1787560200000,93.406,94.004,93.35,94.004,63274.11
1787561100000,94,94.109,93.829,93.956,42812.55
1787562000000,93.934,94.611,93.906,94.592,29327.37
1787562900000,94.584,94.71,94.356,94.667,20727.76
1787563800000,94.668,94.91,94.653,94.716,10044.86
1787564700000,94.716,94.84,94.682,94.705,2945.68
1787565600000,94.693,95.08,94.637,95.05,17927.42
1787566500000,95.066,95.071,94.817,94.9,77744.5
1787567400000,94.9,95.035,94.9,94.9,115349.86
1787568300000,94.9,94.956,94.619,94.753,22374.25
1787569200000,94.741,94.779,94.282,94.72,17007.67
1787570100000,94.72,94.973,94.571,94.937,10344.65
1787571000000,94.939,96.371,94.914,96.314,177498.79
1787571900000,96.314,96.414,95.516,95.873,65097.13
1787572800000,95.873,95.873,95.287,95.317,43317.62
1787573700000,95.321,95.641,94.422,95.491,86642.8
1787574600000,95.492,96.189,95.386,96.022,63969.88
1787575500000,96.022,96.701,95.984,96.333,76206.49
1787576400000,96.333,96.59,95.901,96.486,56933.05
1787577300000,96.487,96.497,96.058,96.134,43937.62
1787578200000,96.134,96.134,94.635,94.9,195021.38
1787579100000,94.89,95.147,94.316,95.056,88151.92
1787580000000,95.054,95.76,94.898,95.76,68753.84
1787580900000,95.708,96.202,95.303,95.824,95659.15
1787581800000,95.824,96.788,95.799,96.562,139813.27
1787582700000,96.562,96.654,95.826,96.131,89218.87
1787583600000,96.131,96.617,96.049,96.374,44219.58
1787584500000,96.356,97.693,96.337,97.364,102331.86
1787585400000,97.374,97.403,96.25,96.553,65327.32
1787586300000,96.544,96.9,96.21,96.469,98310.33
1787587200000,96.47,97.211,96.47,96.856,79324.42
1787588100000,96.857,97.619,96.762,97.129,82556.35
1787589000000,97.12,97.414,96.66,96.762,70806.97
1787589900000,96.762,96.804,95.81,96.068,52909.81
1787590800000,96.068,96.187,95.247,95.916,301891.16
1787591700000,95.916,96.084,94.81,94.886,110684
1787592600000,94.887,95.318,94.85,94.85,44120.41
1787593500000,94.851,95.397,94.798,95.37,33304.49
1787594400000,95.379,96.04,95.367,95.986,72212.51
1787595300000,95.986,96.426,95.948,96.271,85676.36
1787596200000,96.271,96.41,95.756,96.196,31444.58
1787597100000,96.2,96.331,95.675,95.907,22912.92
1787598000000,95.908,96.273,95.422,95.817,106699.75
1787598900000,95.822,95.955,95.409,95.939,51263.67
1787599800000,95.924,96.539,95.885,96.261,21648.14
1787600700000,96.261,96.645,96.089,96.496,19173.69
1787601600000,96.49,96.667,96.058,96.212,24081.14
1787602500000,96.21,96.21,95.736,95.931,15118.22
1787603400000,95.931,96.756,95.878,96.581,16664.82
1787604300000,96.58,96.581,96.335,96.501,6586.51
1787605200000,96.504,97,96.504,96.88,39802.53
1787606100000,96.879,96.892,96.618,96.768,20464.19
1787607000000,96.768,96.973,96.744,96.924,48744.37
1787607900000,96.923,97.593,96.863,97.492,49460.36
1787608800000,97.492,97.826,97.202,97.501,154481.36
1787609700000,97.501,97.694,97.5,97.55,126455.9
1787610600000,97.55,98.719,97.55,97.71,109686.59
1787611500000,97.699,98.001,97.417,97.486,57764.63
1787612400000,97.486,97.953,97.331,97.601,29661.04
1787613300000,97.601,98.581,97.568,98.263,92236.41
1787614200000,98.263,98.888,98.122,98.617,61505.52
1787615100000,98.616,99.082,98.304,99.05,42242.86
1787616000000,99.051,101.98,98.633,100.6,317032.95
1787616900000,100.6,100.6,99.46,99.839,268749.68
1787617800000,99.838,101.95,99.619,101.93,224732.59
1787618700000,101.93,102.9,101.48,101.86,336721.61
1787619600000,101.87,102.59,101.63,101.9,122303.05
1787620500000,101.9,102.67,101.5,102.21,129456.26
1787621400000,102.2,102.41,101,101.07,144974.72
1787622300000,101.06,101.35,100.12,100.53,92275.98
1787623200000,100.53,100.67,100.34,100.45,33661.5
1787624100000,100.45,102.47,100.3,102.34,278341.35
1787625000000,102.33,102.36,101.63,101.71,128055.11
1787625900000,101.69,101.78,100.8,100.98,92001.47
1787626800000,100.99,101.64,100.96,101.52,35627.56
1787627700000,101.52,101.87,101.31,101.67,42415.55
1787628600000,101.65,102.09,101.45,101.55,62716.2
1787629500000,101.52,101.86,101.27,101.68,31878.07
1787630400000,101.65,101.75,101.07,101.63,30364.04
1787631300000,101.62,101.77,101.3,101.54,21431.41
1787632200000,101.53,101.6,100.94,101,50374.62
1787633100000,100.99,101.42,100.91,101.4,35340.4
1787634000000,101.39,102.2,101.31,101.96,45142.3
1787634900000,101.95,103.15,101.88,102.76,52029.64
1787635800000,102.76,102.81,101.76,101.77,44197.19
1787636700000,101.77,102.5,101.76,101.96,50012.35
1787637600000,101.96,102.07,101.5,101.77,29781.11
1787638500000,101.77,102.15,101.63,101.67,18757.87
1787639400000,101.66,101.66,101.13,101.18,42201.41
1787640300000,101.18,101.22,100.5,100.81,111934.44
1787641200000,100.81,101.71,100.66,101.52,61989.69
1787642100000,101.51,101.99,101.35,101.71,37472.04
1787643000000,101.71,101.75,101.42,101.75,22790.9
1787643900000,101.75,101.8,99.56,100.3,144250.99
1787644800000,100.28,100.46,99.743,100.37,60058.44
1787645700000,100.36,101.15,100.32,101.07,53874.99
1787646600000,101.07,101.15,100.31,100.82,43128.37
1787647500000,100.8,100.81,100.41,100.43,15871.33
1787648400000,100.44,100.5,100.05,100.43,61734
1787649300000,100.42,100.6,100.12,100.18,25023.59
1787650200000,100.19,100.69,100.18,100.51,24020.8
1787651100000,100.5,100.58,99.245,99.829,177390.32
1787652000000,99.83,99.918,99.123,99.443,80187.2
1787652900000,99.459,99.752,99.32,99.584,46112.12
1787653800000,99.584,99.676,99.343,99.625,11137.94
1787654700000,99.625,99.88,99.525,99.682,49799.8
1787655600000,99.682,99.748,98.865,98.972,90624.98
1787656500000,98.974,99,98.452,98.862,211854.84
1787657400000,98.863,99.236,98.683,98.69,87814.2
1787658300000,98.69,98.832,98.544,98.603,35736.43
1787659200000,98.603,98.826,97.804,98.504,94675.74
1787660100000,98.503,98.523,97.485,98.175,95534.62
1787661000000,98.176,98.342,97.834,98.273,53569.27
1787661900000,98.279,98.759,98.219,98.625,138523.3
1787662800000,98.625,98.812,98.052,98.137,24741.96
1787663700000,98.144,98.159,96.466,96.965,277711.3
1787664600000,96.965,98.16,96.911,97.516,116337.81
1787665500000,97.516,97.539,96.159,97.13,224889.16
1787666400000,97.144,97.965,96.906,97.753,86501.77
1787667300000,97.765,98.18,97.402,98.041,81573.04
1787668200000,98.038,98.426,97.739,98.016,74075.31
1787669100000,98.015,98.367,98.015,98.173,36157.04
1787670000000,98.206,98.295,97.764,97.772,53494.57
1787670900000,97.798,98.084,97.622,97.947,46046.31
1787671800000,97.946,98.517,97.836,98.088,32726.56
1787672700000,98.088,98.433,97.823,98.386,38110.5
1787673600000,98.391,98.582,98.014,98.062,50661.79
1787674500000,98.061,98.28,97.761,98.047,27501.34
1787675400000,98.047,98.664,98.041,98.406,37208.29
1787676300000,98.405,98.599,98.1,98.187,72767.38
1787677200000,98.187,98.195,97.45,97.649,24233.69
1787678100000,97.659,97.999,97.476,97.6,35135.67
1787679000000,97.601,98.118,97.601,98.045,44874.47
1787679900000,98.041,98.23,98.003,98.207,18801.95
1787680800000,98.207,98.551,98.108,98.485,49951.28
1787681700000,98.485,98.844,98.45,98.72,61824.42
1787682600000,98.719,98.72,98.48,98.654,27876.17
1787683500000,98.653,98.79,98.38,98.506,19493.41
1787684400000,98.505,98.609,98.272,98.493,20058.7
1787685300000,98.492,98.577,97.862,97.894,37109.06
1787686200000,97.879,97.979,97.458,97.513,62816.76
1787687100000,97.513,97.962,97.513,97.942,40336.68
1787688000000,97.942,98.036,97.065,97.74,48577.71
1787688900000,97.749,98.009,97.679,97.688,23902.75
1787689800000,97.679,97.711,96.763,96.99,104060.32
1787690700000,96.99,97.109,96.617,96.648,61458.68
1787691600000,96.648,96.908,95.293,96.494,119255.13
1787692500000,96.493,96.741,96.129,96.741,62583.19
1787693400000,96.737,97.234,96.651,97.069,68173.09
1787694300000,97.068,97.274,97.025,97.189,45757.21
1787695200000,97.188,97.656,97.188,97.65,38200.51
1787696100000,97.649,97.75,97.16,97.328,51543.15
1787697000000,97.327,97.523,97.21,97.245,7177.18
1787697900000,97.244,97.325,97.178,97.192,53022.81
1787698800000,97.191,97.409,96.946,97.15,77375.27
1787699700000,97.149,97.253,96.831,97.057,33128.4
1787700600000,97.056,97.056,96.518,96.695,16179.87
1787701500000,96.695,96.716,96.35,96.552,23551.7
1787702400000,96.552,96.73,96.17,96.21,25610.69
1787703300000,96.21,96.488,96.177,96.488,22289.52
1787704200000,96.488,96.693,96.182,96.482,19591.22
1787705100000,96.483,96.949,96.397,96.627,55250.4
1787706000000,96.626,97.234,96.612,96.902,27221.61
1787706900000,96.902,97.06,96.74,96.758,16545.16
1787707800000,96.758,97.194,96.746,97.047,28260.53
1787708700000,97.046,97.062,96.91,97.005,9519.59
1787709600000,97.014,97.045,96.77,96.91,6736.72
1787710500000,96.906,97.519,96.88,97.513,24012.3
1787711400000,97.513,97.523,97.297,97.373,21679.08
1787712300000,97.372,97.401,97.161,97.266,10162.37
1787713200000,97.266,97.352,97.066,97.091,9017.76
1787714100000,97.091,97.228,96.891,97.063,6716.45
1787715000000,97.063,97.149,96.802,97.091,12403.69
1787715900000,97.091,97.135,96.895,97.044,7526.25
1787716800000,97.042,97.201,96.831,96.949,11816.6
1787717700000,96.949,97.217,96.88,97.077,8958.32
1787718600000,97.077,97.299,96.944,97.123,9122.74
1787719500000,97.122,97.122,96.561,96.615,29295.98
1787720400000,96.614,96.699,96.241,96.581,22308.84
1787721300000,96.58,96.927,96.365,96.819,8274.58
1787722200000,96.818,97.165,96.772,97.143,14683.88
1787723100000,97.142,97.142,96.984,97.081,14792.5
1787724000000,97.08,97.272,96.982,96.998,16209.67
1787724900000,96.998,97.059,96.644,96.702,14269.3
1787725800000,96.702,96.824,96.497,96.733,9237.56
1787726700000,96.733,96.812,96.644,96.779,4202.73
1787727600000,96.779,97.034,96.636,96.919,5259.66
1787728500000,96.92,97.116,96.838,97.005,42947.73
1787729400000,97.005,97.139,97,97.037,62171.1
1787730300000,97.037,97.121,97,97,49371.18
1787731200000,97,97.329,97,97.257,71106.14
1787732100000,97.256,97.386,97.005,97.171,7143.08
1787733000000,97.17,97.217,97.03,97.217,6927.12
1787733900000,97.211,97.212,96.713,96.814,28337.74
1787734800000,96.814,97.013,96.794,96.836,3361.24
1787735700000,96.836,96.836,96.235,96.301,45612.29
1787736600000,96.299,96.467,95.956,95.956,46761.69
1787737500000,95.956,96.228,95.762,96.136,36885.7
1787738400000,96.136,96.136,95.971,96.135,25923.53
1787739300000,96.136,96.719,96.135,96.669,27910.55
1787740200000,96.669,97.442,96.524,97.361,51477.18
1787741100000,97.383,97.87,97.36,97.48,51299.46
1787742000000,97.49,97.644,97.313,97.517,8239.2
1787742900000,97.517,97.586,97.25,97.259,29762.24
1787743800000,97.258,97.323,96.648,96.947,29521.3
1787744700000,96.947,97.222,96.773,97.032,22104.88
1787745600000,97.031,97.088,96.626,96.793,32131.05
1787746500000,96.792,97.531,96.658,97.484,37600.67
1787747400000,97.503,97.503,96.077,96.847,80394.17
1787748300000,96.83,97.264,96.829,97.02,20211.97
1787749200000,97.017,97.229,96.436,96.484,50288.84
1787750100000,96.503,96.55,95.834,95.986,60010.28
1787751000000,95.969,96.713,95.969,96.668,65154.34
1787751900000,96.669,96.84,96.04,96.555,46785.85
1787752800000,96.555,96.944,96.312,96.63,35506.95
1787753700000,96.647,96.874,96.08,96.276,18562.03
1787754600000,96.253,96.333,95.525,95.81,60822.19
1787755500000,95.807,95.841,95.398,95.44,53064.65
1787756400000,95.437,95.732,94.951,95.575,82185.67
1787757300000,95.564,96.275,95.295,96.244,91986.25
1787758200000,96.234,96.332,95.78,96.027,76860.72
1787759100000,96.032,96.289,95.908,95.922,29168.86
1787760000000,95.922,96.178,95.74,95.843,24790.02
1787760900000,95.845,96.021,95.604,95.765,41794.73
1787761800000,95.755,96.03,95.462,95.511,27550.59
1787762700000,95.512,96.057,95.512,95.932,23695.4
1787763600000,95.932,96.37,95.873,96.329,33585.74
1787764500000,96.329,97.234,96.329,97.086,49124.77
1787765400000,97.086,97.224,96.914,97.148,69123.24
1787766300000,97.151,97.18,96.893,96.929,8181.37
1787767200000,96.93,97.125,96.754,96.907,12293.36
1787768100000,96.913,96.974,96.693,96.747,12102.11
1787769000000,96.747,96.937,96.634,96.701,29286.93
1787769900000,96.711,96.935,96.688,96.829,6460.5
1787770800000,96.821,96.833,96.448,96.507,6095.63
1787771700000,96.496,96.904,96.343,96.787,8742.77
1787772600000,96.786,96.898,96.509,96.529,9050.66
1787773500000,96.528,96.847,96.528,96.818,32255.16
1787774400000,96.804,97.03,96.63,96.847,9955.83
1787775300000,96.848,96.931,96.313,96.748,7730.77
1787776200000,96.748,96.752,96.438,96.641,3390.92
1787777100000,96.631,96.923,96.621,96.923,7364.65
1787778000000,96.922,97.534,96.895,97.506,29186.78
1787778900000,97.517,97.902,97.48,97.753,65681.82
1787779800000,97.753,97.981,97.576,97.619,31876.97
1787780700000,97.619,98.35,97.606,98.271,62602.43
1787781600000,98.272,99.037,98.086,99.017,133872.53
1787782500000,99.016,100.95,99.016,100.08,281711.42
1787783400000,100.05,100.29,99.577,100.19,104049.65
1787784300000,100.18,100.21,99.582,99.731,86843.55
1787785200000,99.71,100.56,99.536,100.39,152652.79
1787786100000,100.38,101.06,100.38,100.94,124829.09
1787787000000,100.94,101.62,100.69,101.49,84242.35
1787787900000,101.5,102.5,101.32,102.14,182569.01
1787788800000,102.15,102.19,101.04,101.22,144220.7
1787789700000,101.22,101.78,101.02,101.24,88547.96
1787790600000,101.24,101.25,100.99,101.09,54220.55
1787791500000,101.08,101.31,100.61,100.61,119509.75
1787792400000,100.62,100.89,100.55,100.79,82297.88
1787793300000,100.8,101.75,100.61,101.68,59332.78
1787794200000,101.68,101.97,101.29,101.29,47670.63
1787795100000,101.3,101.99,101.3,101.51,61660.99
1787796000000,101.51,101.97,101.49,101.75,47672.62
1787796900000,101.74,101.75,101.12,101.15,64891.75
1787797800000,101.16,101.37,100.88,100.9,82987.3
1787798700000,100.9,101.45,100.88,101.2,151765.55
1787799600000,101.2,101.27,101.01,101.04,28145.51
1787800500000,101.05,101.85,100.98,101.7,88798.3
1787801400000,101.7,101.71,101.33,101.35,43531.89
1787802300000,101.35,101.64,100.93,101.09,113743.57
1787803200000,101.09,101.45,101.09,101.41,22574.68
1787804100000,101.42,101.58,101.14,101.29,79419.84
1787805000000,101.29,101.54,100.7,101.4,129872.67
1787805900000,101.4,101.4,100.88,101.12,96362.09
1787806800000,101.14,101.47,100.87,101.01,197747.33
1787807700000,101.03,101.35,100.85,101.03,59129.8
1787808600000,101.04,101.55,100.82,101.31,76995.34
1787809500000,101.32,102.35,101.27,102.12,71291.37
1787810400000,102.11,102.11,101.14,101.46,76616.99
1787811300000,101.48,101.48,100.9,101,262188.78
1787812200000,101.01,101.3,101,101.16,86222.85
1787813100000,101.16,101.41,101.15,101.35,24261.03
1787814000000,101.34,101.41,101.2,101.35,6520.8
1787814900000,101.33,101.39,101.09,101.19,14001.86
1787815800000,101.19,101.55,101.12,101.48,18408.9
1787816700000,101.47,102.14,101.44,101.84,68774.53
1787817600000,101.87,104.28,101.77,103.03,295761.42
1787818500000,103.05,104.24,102.75,104.22,162546.54
1787819400000,104.22,104.88,103.81,104.26,135189.89
1787820300000,104.32,105.14,104.32,104.76,136964.05
1787821200000,104.74,105.04,104.14,105.04,75074.24
1787822100000,105.01,105.81,104.74,105.44,122018.43
1787823000000,105.45,105.52,104.69,104.93,96184.55
1787823900000,104.94,105.09,104.26,104.45,106578.6
1787824800000,104.45,105.08,104.3,104.58,108704.08
1787825700000,104.58,104.72,103.14,103.99,240666.12
1787826600000,104.01,104.23,103.33,104.13,171525.24
1787827500000,104.13,104.27,103.91,104.14,39553.27
1787828400000,104.12,104.71,104.02,104.41,84020.55
1787829300000,104.42,104.97,104.06,104.11,80213.62
1787830200000,104.11,104.22,103.67,103.96,69848.43
1787831100000,103.96,104.03,103.37,103.99,66398.37
1787832000000,103.99,104.48,103.99,104.3,82360.9
1787832900000,104.3,104.71,104.16,104.53,58986.93
1787833800000,104.53,104.63,104.1,104.31,32503.93
1787834700000,104.31,104.78,104.31,104.46,189035.52
1787835600000,104.45,104.8,104.38,104.45,62301.35
1787836500000,104.46,104.97,104.45,104.86,80721.79
1787837400000,104.87,104.89,104.14,104.62,231691.37
1787838300000,104.61,106.36,104.38,106.12,372551.09
1787839200000,106.12,106.72,105.22,105.46,348906.49
1787840100000,105.46,106.24,105.24,106,104593.39
1787841000000,106.02,107.99,105.89,107.52,470869.92
1787841900000,107.51,107.52,106.55,106.77,299864.95
1787842800000,106.79,107.96,106.65,107.25,184612.8
1787843700000,107.25,107.61,107.03,107.37,77777.72
1787844600000,107.38,107.46,106.5,107.15,84391.86
1787845500000,107.15,107.39,106.8,107.18,96014.08
1787846400000,107.17,107.49,106.85,107.11,64170.56
1787847300000,107.1,108.55,107.07,107.96,219502.51
1787848200000,107.95,108.94,107.84,108.77,114726.94
1787849100000,108.79,109.46,108.53,108.94,131068.17
1787850000000,108.94,109.5,108.54,109.28,147227.51
1787850900000,109.27,109.64,108.03,108.12,191068.95
1787851800000,108.13,108.47,107.74,107.8,152685.17
1787852700000,107.8,108.48,107.73,108.16,90700.56
1787853600000,108.17,108.26,106.97,107.41,154551.18
1787854500000,107.41,107.69,106.64,107.02,271837.12
1787855400000,107.06,107.67,107.04,107.51,73004.02
1787856300000,107.5,108.4,107.41,108.38,118796.1
1787857200000,108.39,109.09,108.28,109.01,155589.5
1787858100000,109.01,109.24,108.78,109.11,196954.6
1787859000000,109.11,109.24,109,109.14,148435.27
1787859900000,109.15,109.88,109,109.34,380165.71
1787860800000,109.34,109.34,108.8,108.88,242312.2
1787861700000,108.89,109.77,108.87,109.06,56560.89
1787862600000,109.06,109.2,108.9,109.14,43006.68
1787863500000,109.14,109.26,108.44,109.02,90830.56
1787864400000,109.01,109.14,108.73,108.75,26457.6
1787865300000,108.75,108.82,108.35,108.48,56014.1
1787866200000,108.45,108.69,108.18,108.24,54008.77
1787867100000,108.24,108.79,108.23,108.72,32194.33
1787868000000,108.73,109.95,108.72,109.61,221028.01
1787868900000,109.6,110.93,109.04,109.27,397857.32
1787869800000,109.27,109.59,109.2,109.34,34382.31
1787870700000,109.32,109.32,109.1,109.18,40380.15
1787871600000,109.17,109.25,108.89,108.93,23184.51
1787872500000,108.9,110.08,108.83,109.95,206165.56
1787873400000,109.95,110.06,109.21,109.22,42383.91
1787874300000,109.22,109.44,109.11,109.17,22696.43
1787875200000,109.16,109.24,108.71,109.11,40365.43
1787876100000,109.11,109.87,109.1,109.78,24756.59
1787877000000,109.78,110.06,109.41,109.47,37582.49
1787877900000,109.46,109.56,109.12,109.12,24497.79
1787878800000,109.12,109.35,108.88,109.01,20112.59
1787879700000,109,109.61,108.88,109.48,61363.07
1787880600000,109.48,109.78,108.34,108.42,79684.09
1787881500000,108.41,108.54,107.72,107.85,125140.63
1787882400000,107.84,107.97,107.39,107.42,71812.73
1787883300000,107.4,107.55,106.88,107.16,145451.45
1787884200000,107.15,107.35,106.7,106.98,85895.48
1787885100000,106.98,106.99,106.16,106.51,88157.56
1787886000000,106.5,106.56,105.82,106.15,75593.3
1787886900000,106.13,107.32,106.13,106.98,107239.5
1787887800000,106.98,107.22,106.76,106.85,50662
1787888700000,106.85,107.08,106.66,106.81,23592.29
1787889600000,106.81,107.28,106.26,107.21,28539.82
1787890500000,107.21,107.55,106.91,106.97,23490.64
1787891400000,106.98,107.15,106.45,106.82,65388.96
1787892300000,106.82,106.91,106.64,106.73,10073.76
1787893200000,106.73,106.98,106.6,106.97,25249.79
1787894100000,106.97,106.98,106.68,106.85,34319.71
1787895000000,106.86,107.28,106.86,107.17,17487.73
1787895900000,107.17,107.43,107.01,107.13,23597.59
1787896800000,107.13,107.47,107.13,107.45,19008.41
1787897700000,107.45,107.45,107.19,107.23,18079.25
1787898600000,107.24,107.77,107.15,107.63,26066.31
1787899500000,107.63,107.78,107.5,107.51,11754.8
1787900400000,107.51,107.52,106.59,106.71,35968.37
1787901300000,106.71,106.91,106.55,106.8,13453.46
1787902200000,106.81,106.82,106.63,106.65,20514.4
1787903100000,106.66,106.72,106.27,106.33,22911.87
1787904000000,106.31,106.83,106.31,106.47,22261.63
1787904900000,106.48,106.62,106.41,106.46,6830.22
1787905800000,106.46,106.63,106.43,106.43,15662.76
1787906700000,106.45,106.47,105.79,105.99,62641.33
1787907600000,105.99,106.48,105.79,106.37,31101.26
1787908500000,106.38,106.55,106.27,106.27,15622.5
1787909400000,106.27,106.36,105.49,105.57,107178
1787910300000,105.61,106,105.61,105.89,48611.45
1787911200000,105.91,105.95,104.43,105.22,653749.77
1787912100000,105.23,105.51,105.09,105.47,34515.69
1787913000000,105.47,105.82,105.46,105.72,30517.23
1787913900000,105.72,106.17,105.72,106.13,31261.16
1787914800000,106.13,106.7,106.13,106.37,88236.04
1787915700000,106.38,106.55,106.08,106.14,37472.81
1787916600000,106.14,106.24,105.74,105.89,36638.53
1787917500000,105.89,105.94,105.48,105.76,27593.68
1787918400000,105.76,105.96,105.33,105.39,43308.45
1787919300000,105.41,105.75,104.89,104.9,35526.24
1787920200000,104.9,105.04,104.49,105.03,56027.05
1787921100000,105.03,105.12,104.56,104.84,37862.94
1787922000000,104.84,105.12,104.71,104.84,60058.24
1787922900000,104.83,105.1,104.72,104.97,55216.42
1787923800000,104.96,105.25,104.64,104.74,106891.79
1787924700000,104.75,105.59,104.72,105.18,124795.29
1787925600000,105.17,105.9,103.64,103.94,696600.15
1787926500000,103.94,104.67,103.6,104.53,188746.58
1787927400000,104.48,106.79,104.12,106.23,592061.76
1787928300000,106.23,106.59,105.45,106.21,212171.48
1787929200000,106.21,106.46,105.2,105.28,177217.97
1787930100000,105.27,107.91,105.25,106.74,494855.78
1787931000000,106.73,106.94,105.53,105.55,181420.17
1787931900000,105.58,106.12,105.13,105.19,156120.81
1787932800000,105.19,105.39,104.25,104.31,256972.58
1787933700000,104.3,104.58,102.91,104.46,459376.56
1787934600000,104.43,105.57,104.42,105.09,289164.8
1787935500000,105.1,105.72,105.04,105.11,159679.67
1787936400000,105.11,105.2,104.55,104.98,86633.3
1787937300000,104.99,105.11,104.49,104.54,69802.67
1787938200000,104.55,104.69,104.21,104.57,72929.1
1787939100000,104.6,105.08,104.55,104.65,81275.73
1787940000000,104.64,104.69,103.89,103.92,146191.23
1787940900000,103.93,103.97,103.4,103.86,98289.24
1787941800000,103.86,103.86,102.9,103.08,175498.34
1787942700000,103.13,103.19,102.17,103.05,287411.59
1787943600000,103.05,103.49,102.97,103.29,123287.86
1787944500000,103.3,103.48,103.03,103.36,59298.95
1787945400000,103.37,103.86,103.25,103.56,122954.2
1787946300000,103.56,103.65,103.28,103.35,21766.7
1787947200000,103.38,103.54,102.83,103.47,37931.85
1787948100000,103.4,103.62,103.28,103.54,13606.7
1787949000000,103.54,103.93,103.32,103.89,62639.14
1787949900000,103.87,104.25,103.76,103.83,29664.98
1787950800000,103.86,103.9,103.65,103.77,16487.17
1787951700000,103.77,103.78,103.42,103.77,34236.84
1787952600000,103.78,104.01,103.48,103.56,157627.82
1787953500000,103.56,103.57,103.26,103.39,15874.75
1787954400000,103.4,103.82,103.37,103.77,12319.65
1787955300000,103.79,103.95,103.52,103.88,33568.6
1787956200000,103.87,104.1,103.71,104.05,30995.11
1787957100000,104.06,104.22,103.97,104.12,66556.05
1787958000000,104.12,104.37,104.01,104.37,41637.07
1787958900000,104.37,104.37,104.04,104.06,12349.83
1787959800000,104.06,104.2,104,104.03,5974.99
1787960700000,104.02,104.14,103.98,104.13,5481.51
1787961600000,104.13,104.52,104.08,104.3,46453.61
1787962500000,104.3,104.54,104.29,104.39,21181.09
1787963400000,104.39,104.4,104,104.04,53437.72
1787964300000,104.04,104.05,103.86,103.9,37523.5
1787965200000,103.9,103.98,103.82,103.84,16047.36
1787966100000,103.85,104.11,103.79,104.11,13636.46
1787967000000,104.1,104.23,104.05,104.16,27329.12
1787967900000,104.18,104.31,103.98,104.13,2777.54
1787968800000,104.14,104.37,104.11,104.21,9213.27
1787969700000,104.22,104.24,103.66,103.81,47941.51
1787970600000,103.82,103.94,103.59,103.8,19038.03
1787971500000,103.81,104.09,103.72,103.88,15114.95
1787972400000,103.89,104,103.86,103.89,10698.93
1787973300000,103.9,104.06,103.76,104.01,14576.46
1787974200000,104.03,104.18,103.79,104.07,13147.94
1787975100000,104.06,104.07,103.83,103.83,7928.04
1787976000000,103.83,103.88,103.5,103.62,35926.25
1787976900000,103.63,103.66,103.44,103.55,59659.41
1787977800000,103.57,103.75,103.43,103.71,6252.59
1787978700000,103.71,104,103.68,103.84,20172.1
1787979600000,103.84,104.11,103.8,104.07,27653.08
1787980500000,104.07,104.14,103.95,104.03,10494.75
1787981400000,104.03,104.1,103.84,104.04,7331.74
1787982300000,104.05,104.07,103.87,103.97,2402.47
1787983200000,103.97,103.97,103.38,103.41,15301.28
1787984100000,103.41,103.58,103.26,103.43,7733.85
1787985000000,103.43,103.63,103.43,103.54,4864.52
1787985900000,103.54,103.57,103.44,103.54,6734.04
1787986800000,103.55,103.85,103.54,103.65,7671.97
1787987700000,103.65,103.85,103.61,103.66,3144.31
1787988600000,103.66,103.94,103.64,103.75,12006.54
1787989500000,103.74,103.86,103.57,103.68,3369
1787990400000,103.67,103.68,103.26,103.33,8358.04
1787991300000,103.34,103.48,103.28,103.43,4879.15
1787992200000,103.44,103.44,103.22,103.24,4305.94
1787993100000,103.21,103.4,103.13,103.4,13878.88
1787994000000,103.4,103.41,103.26,103.4,16123.89
1787994900000,103.4,103.41,103.25,103.29,21075.29
1787995800000,103.29,103.54,103.29,103.47,13970.13
1787996700000,103.46,103.46,103.28,103.28,3312.21
1787997600000,103.28,103.28,102.97,103.22,14740.02
1787998500000,103.22,103.53,103.21,103.41,8980.5
1787999400000,103.41,103.45,103.26,103.36,2155.84
1788000300000,103.36,103.54,103.35,103.4,3783.54
1788001200000,103.4,103.58,103.35,103.58,3422.32
1788002100000,103.58,103.63,103.45,103.5,7625.14
1788003000000,103.5,103.61,103.47,103.48,2345.63
1788003900000,103.49,103.63,103.45,103.45,2697.82
1788004800000,103.45,103.58,103.33,103.58,4335.48
1788005700000,103.6,103.95,103.4,103.44,14369.1
1788006600000,103.45,103.58,103.36,103.58,5328.21
1788007500000,103.58,103.66,103.45,103.57,8487.7
1788008400000,103.57,103.59,103.44,103.58,6118.05
1788009300000,103.57,103.73,103.56,103.68,19080.36
1788010200000,103.68,103.84,103.61,103.64,2763.48
1788011100000,103.64,103.9,103.64,103.76,7543.29
1788012000000,103.77,104,103.75,103.95,9614.16
1788012900000,103.98,104.38,103.94,104.24,18179.8
1788013800000,104.23,105.31,104.21,104.98,89316.68
1788014700000,104.96,105.46,104.92,105.33,49967.98
1788015600000,105.33,105.45,104.98,105.05,34186.61
1788016500000,105.06,105.2,104.59,105.04,21124.02
1788017400000,105.03,105.04,104.83,104.89,10588.13
1788018300000,104.9,105.14,104.78,104.96,6866.72
1788019200000,104.97,105.28,104.97,105.21,10404.08
1788020100000,105.22,105.31,104.8,105,23102.94
1788021000000,105,105.25,104.86,104.97,9015.94
1788021900000,104.98,105.12,104.82,104.82,16474.86
1788022800000,104.83,105.09,104.83,104.97,11574.18
1788023700000,104.99,105.07,104.58,104.62,19668.71
1788024600000,104.62,104.78,104.33,104.62,37176.11
1788025500000,104.62,104.8,104.62,104.8,10788.43
1788026400000,104.8,105.03,104.8,104.81,6149.87
1788027300000,104.82,105.02,104.72,104.83,11507.01
1788028200000,104.81,105.1,104.71,104.98,11786.92
1788029100000,104.98,105.23,104.96,105.07,10261.13
1788030000000,105.07,105.53,105.06,105.5,90120.87
1788030900000,105.49,105.88,105.48,105.72,67135.86
1788031800000,105.72,105.77,105.45,105.56,19875.67
1788032700000,105.57,105.57,105.24,105.31,58647.13
1788033600000,105.32,105.46,105.18,105.2,27731.66
1788034500000,105.21,105.33,105.17,105.19,7420.26
1788035400000,105.2,105.29,105.06,105.22,30759.5
1788036300000,105.22,105.28,105.13,105.19,10605
1788037200000,105.2,105.34,104.94,105.25,7769.31
1788038100000,105.26,105.33,104.98,104.98,10648.34
1788039000000,104.99,104.99,104.77,104.94,10666.23
1788039900000,104.94,105.11,104.9,105.02,34129.56
1788040800000,105.02,105.05,104.88,104.98,7834.96
1788041700000,104.99,105.13,104.92,105.1,5998.49
1788042600000,105.11,105.23,105.1,105.21,13081.66
1788043500000,105.22,105.5,105.21,105.46,13256.35
1788044400000,105.46,105.72,105.45,105.59,38232.33
1788045300000,105.59,105.74,105.44,105.63,23965.01
1788046200000,105.64,105.69,105.43,105.52,13763.93
1788047100000,105.52,105.72,105.51,105.57,13532.73
1788048000000,105.57,105.57,105.19,105.27,53871.39
1788048900000,105.28,105.65,105.28,105.3,23618.44
1788049800000,105.29,105.46,105.19,105.25,12710.04
1788050700000,105.26,105.4,105.17,105.21,13590.62
1788051600000,105.22,105.29,105.09,105.14,23936.68
1788052500000,105.13,105.32,105.06,105.07,11214.07
1788053400000,105.08,105.26,105,105.13,4109.26
1788054300000,105.13,105.3,105.05,105.19,7257.88
1788055200000,105.18,105.38,105.13,105.32,3361.39
1788056100000,105.32,105.43,105.16,105.31,5261
1788057000000,105.32,105.32,105.14,105.28,4087.98
1788057900000,105.29,105.42,105.18,105.19,9817.83
1788058800000,105.18,105.19,104.92,105.03,9378.37
1788059700000,105.02,105.22,105,105.22,2578.66
1788060600000,105.22,105.29,105.12,105.15,3448.26
1788061500000,105.14,105.15,104.98,105.03,6868.01
1788062400000,105.02,105.08,104.92,104.97,1461.15
1788063300000,104.98,105.02,104.85,104.97,4615.16
1788064200000,104.96,104.97,104.79,104.81,8095.98
1788065100000,104.81,105.05,104.6,105.05,18338.32
1788066000000,105.05,105.2,104.96,105.01,20843.97
1788066900000,105.01,105.08,104.94,105.01,4592.71
1788067800000,105.01,105.01,104.87,104.91,4564.24
1788068700000,104.91,105.03,104.91,105.03,7911.14
1788069600000,105.03,105.05,104.9,104.95,4144.36
1788070500000,104.95,105.06,104.9,104.98,3196.08
1788071400000,104.97,105.08,104.9,104.92,5222
1788072300000,104.91,105.36,104.91,105.36,3972.35
1788073200000,105.35,105.39,105.15,105.26,3878.19
1788074100000,105.25,105.26,105.05,105.09,14782.15
1788075000000,105.08,105.11,104.8,104.84,14665.5
1788075900000,104.84,104.96,104.7,104.8,6222.21
1788076800000,104.8,104.96,104.72,104.81,5207.41
1788077700000,104.8,105,104.8,104.97,8917.99
1788078600000,104.96,104.99,104.69,104.75,5811.28
1788079500000,104.74,104.75,104.45,104.72,26220.21
1788080400000,104.71,104.86,104.69,104.84,3019.76
1788081300000,104.83,104.91,104.45,104.45,13952.13
1788082200000,104.45,104.68,104.4,104.62,9904.26
1788083100000,104.64,104.69,104.52,104.56,3337.37
1788084000000,104.54,104.72,104.44,104.53,15186.16
1788084900000,104.53,104.97,104.5,104.78,25373.16
1788085800000,104.78,105.01,104.78,105.01,14676.17
1788086700000,105.02,105.18,105.01,105.06,17000.3
1788087600000,105.07,105.28,105.06,105.16,16835.87
1788088500000,105.17,105.18,105.06,105.17,1932.99
1788089400000,105.17,105.19,104.92,105.03,4390.84
1788090300000,105.04,105.09,104.91,105.04,21633.06
1788091200000,105.04,105.8,105.04,105.74,84792.24
1788092100000,105.74,105.74,105.18,105.39,35933.88
1788093000000,105.4,105.63,105.2,105.53,39612.98
1788093900000,105.53,106.16,105.38,106.13,64295.11
1788094800000,106.13,106.24,105.88,106.05,63804.97
1788095700000,106.02,106.39,105.93,106.35,17071.87
1788096600000,106.35,107.1,106.26,107.01,188193.52
1788097500000,107.02,107.42,107.01,107.11,26920.44
1788098400000,107.1,107.22,106.8,107.08,32732.87
1788099300000,107.08,107.1,106.71,106.89,23589.34
1788100200000,106.88,106.99,106.57,106.78,51863.52
1788101100000,106.77,106.87,106.63,106.7,25437.83
1788102000000,106.69,106.77,106.09,106.09,38481.88
1788102900000,106.09,106.55,106,106.39,63473.62
1788103800000,106.39,106.59,106.36,106.44,20038.39
1788104700000,106.44,106.53,106.12,106.24,24304.33
1788105600000,106.24,107.01,106.1,106.92,72074.96
1788106500000,106.96,107.12,106.55,106.56,91824.45
1788107400000,106.55,106.84,106.46,106.67,71737.84
1788108300000,106.67,106.98,106.61,106.88,24513.01
1788109200000,106.88,106.88,106.46,106.58,30522.46
1788110100000,106.57,106.57,105.46,105.86,194909.32
1788111000000,105.85,106.11,105.66,106.1,27171.52
1788111900000,106.12,106.41,105.9,106.41,51293.07
1788112800000,106.4,106.69,106.01,106.25,76078.69
1788113700000,106.24,106.83,106.23,106.79,54285.89
1788114600000,106.79,106.87,106.73,106.81,98111.04
1788115500000,106.8,106.83,106.54,106.69,14068.97
1788116400000,106.69,106.8,106.41,106.79,16848.73
1788117300000,106.8,106.8,106.24,106.27,34565.26
1788118200000,106.26,106.39,105.59,105.59,168224.19
1788119100000,105.59,105.78,105.42,105.77,100210.73
1788120000000,105.78,105.97,105.61,105.83,70052.73
1788120900000,105.83,105.84,105.38,105.39,20715.77
1788121800000,105.38,105.44,104.32,104.57,102905.8
1788122700000,104.57,105.11,104.57,104.7,36986.75
1788123600000,104.72,104.74,103.36,104.03,241542.08
1788124500000,104.02,104.25,103.86,104.22,27628.71
1788125400000,104.21,104.5,104.21,104.36,36572.65
1788126300000,104.36,104.45,104.1,104.42,53534.29
1788127200000,104.44,104.7,103.9,103.97,81637.6
1788128100000,103.96,103.96,103.42,103.57,102034.39
1788129000000,103.58,103.89,103.32,103.7,50027.65
1788129900000,103.7,103.87,103.6,103.77,32551.69
1788130800000,103.78,103.78,103.43,103.48,65825.28
1788131700000,103.48,103.56,101.29,101.72,259130.14
1788132600000,101.72,102.15,101.16,101.35,200855.45
1788133500000,101.35,101.99,100.28,101.73,321422.73
1788134400000,101.72,101.89,101.07,101.66,299457.93
1788135300000,101.66,102.34,101.66,102.12,179420.32
1788136200000,102.12,102.57,102.01,102.35,181035.49
1788137100000,102.35,102.35,102.1,102.11,23394.36
1788138000000,102.12,102.24,101.57,101.71,138567.29
1788138900000,101.68,102.09,101.54,101.96,74858.82
1788139800000,101.96,102.15,101.61,101.75,40077.11
1788140700000,101.74,101.89,101.42,101.48,45566.17
1788141600000,101.48,102.34,101.38,102.21,53647.71
1788142500000,102.22,102.24,101.96,102.06,27528.7
1788143400000,102.05,102.12,101.87,101.91,40990.75
1788144300000,101.89,101.98,101.16,101.42,107260.59
1788145200000,101.42,101.77,101.25,101.68,38357.59
1788146100000,101.68,101.9,101.52,101.77,19035.41
1788147000000,101.77,102.09,101.65,102.09,28519
1788147900000,102.09,102.2,101.89,101.92,18098.99
1788148800000,101.93,101.97,101.36,101.39,8537.85
1788149700000,101.4,101.41,100.84,101.08,60517.64
1788150600000,101.08,101.47,101.01,101.35,13646.61
1788151500000,101.36,101.52,101.18,101.44,13235.09
1788152400000,101.43,101.75,101.25,101.7,43223.15
1788153300000,101.69,103.08,101.64,102.65,113420.6
1788154200000,102.67,102.77,102.3,102.56,33327.05
1788155100000,102.55,102.85,102.55,102.65,74488.96
1788156000000,102.66,102.8,102.37,102.63,36431.28
1788156900000,102.63,102.93,102.48,102.72,16478.08
1788157800000,102.73,102.92,102.53,102.78,15741.99
1788158700000,102.76,102.86,102.65,102.75,20274.31
1788159600000,102.73,102.97,102.67,102.87,10483.12
1788160500000,102.87,103.18,102.86,102.96,15393.92
1788161400000,102.95,103.09,102.74,102.98,18033.33
1788162300000,102.97,103.02,102.87,102.99,6445.56
1788163200000,102.99,103.1,102.48,102.79,14963.2
1788164100000,102.79,102.79,102.47,102.7,13299.73
1788165000000,102.7,103.48,102.69,103.22,31767.95
1788165900000,103.22,103.33,103.08,103.25,19517.32
1788166800000,103.25,103.5,103.03,103.05,33742.67
1788167700000,103.05,103.38,103.01,103.16,15873.63
1788168600000,103.15,103.33,103.1,103.2,7260.81
1788169500000,103.19,103.35,103.05,103.1,15872.31
1788170400000,103.09,103.11,102.65,103.08,15081.94
1788171300000,103.07,103.08,102.81,102.95,7792.99
1788172200000,102.96,103.28,102.82,103.26,12814.39
1788173100000,103.26,104.07,103.2,103.68,77572.62
1788174000000,103.67,104.1,103.54,103.97,44909.81
1788174900000,103.96,104.19,103.83,103.95,32617.29
1788175800000,103.94,103.94,103.65,103.69,34010.89
1788176700000,103.69,103.79,103.24,103.42,42781.13
1788177600000,103.4,103.75,103.26,103.53,24055.89
1788178500000,103.54,103.66,102.92,103.19,65794.9
1788179400000,103.18,103.23,102.52,102.75,82602.01
1788180300000,102.76,102.77,102.5,102.74,35820.59
1788181200000,102.74,103.07,102.74,102.86,40224.14
1788182100000,102.86,102.94,102.58,102.72,14418.3
1788183000000,102.71,103.01,102.39,102.52,46161.88
1788183900000,102.52,102.64,102.14,102.35,48898.24
1788184800000,102.35,102.69,102.27,102.47,14552.32
1788185700000,102.42,102.75,102.18,102.56,13343.48
1788186600000,102.57,103.64,102.34,103.46,38747.83
1788187500000,103.46,103.88,103.18,103.49,92176.74
1788188400000,103.49,103.66,102.92,102.94,17269.03
1788189300000,102.94,103.39,102.78,103.23,41512.8
1788190200000,103.22,103.49,102.98,103.38,42440.89
1788191100000,103.39,103.46,102.78,102.87,33708.84
1788192000000,102.87,103.04,102.52,102.61,44183.4
1788192900000,102.61,102.87,102.4,102.59,70423.26
1788193800000,102.6,102.98,102.44,102.96,26838.06
1788194700000,102.95,103.31,102.79,102.81,15360.17
1788195600000,102.81,103.18,102.75,103.04,10397.71
1788196500000,103.05,103.06,102.62,102.74,9961.67
1788197400000,102.74,103.62,102.73,103.52,26221.2
1788198300000,103.51,103.79,103.51,103.61,17389.11
1788199200000,103.62,103.67,103.38,103.66,25388.97
1788200100000,103.68,104.1,103.58,103.77,100271.49
1788201000000,103.76,105.03,103.71,104.97,127797.11
1788201900000,104.96,104.96,104.29,104.47,20702.11
1788202800000,104.47,104.77,104.43,104.48,15013.63
1788203700000,104.48,104.48,103.93,104.12,17736.6
1788204600000,104.11,104.12,103.66,103.67,31351.83
1788205500000,103.67,103.87,103.5,103.59,74416.23
1788206400000,103.58,103.79,103.52,103.78,16792.58
1788207300000,103.79,104.3,103.78,103.99,31358.54
1788208200000,103.99,104.1,103.55,103.69,60183.22
1788209100000,103.7,103.83,103.5,103.7,9595.72
1788210000000,103.7,103.74,103.27,103.4,18651.6
1788210900000,103.38,103.64,103.2,103.64,26738.04
1788211800000,103.64,103.88,103.63,103.8,19370.23
1788212700000,103.8,103.97,103.6,103.65,38613.37
1788213600000,103.65,103.76,103.36,103.37,30415.76
1788214500000,103.37,103.41,103.23,103.3,10255.21
1788215400000,103.3,103.35,103.2,103.22,11309.59
1788216300000,103.22,103.27,103.06,103.16,19866.78
1788217200000,103.16,103.16,102.85,103,59279.57
1788218100000,103.02,103.17,102.98,103.15,3356.37
1788219000000,103.16,103.16,102.94,102.94,2003.11
1788219900000,102.94,103,102.9,102.99,1808.8
1788220800000,102.99,103.23,102.91,103.2,22503.83
1788221700000,103.21,103.51,103.2,103.39,7849.7
1788222600000,103.4,103.44,103.19,103.26,11851.06
1788223500000,103.26,103.46,103.02,103.15,12216.79
1788224400000,103.15,103.46,102.96,102.97,10412.68
1788225300000,102.97,103.18,102.75,102.9,15550.45
1788226200000,102.9,103.41,102.8,103.34,14868.07
1788227100000,103.34,103.44,103.1,103.19,11525.13
1788228000000,103.2,103.2,102.77,103,28098.33
1788228900000,103,103.24,102.91,103.06,7957.26
1788229800000,103.06,103.25,103.02,103.02,1032.35
1788230700000,103.02,103.41,103.02,103.35,23165.13
1788231600000,103.36,103.41,103.26,103.35,1747.02
1788232500000,103.35,103.53,103.29,103.48,9147.5
1788233400000,103.48,104.19,103.45,103.91,81650.29
1788234300000,103.9,103.91,103.6,103.62,35174.12
1788235200000,103.62,103.76,103.56,103.71,8702.22
1788236100000,103.7,104.07,103.7,103.84,40958.63
1788237000000,103.84,103.93,103.7,103.79,11894.26
1788237900000,103.79,103.8,103.5,103.6,9608.68
1788238800000,103.63,104.03,103.57,103.81,10478.74
1788239700000,103.81,103.96,103.74,103.95,3426.5
1788240600000,103.94,104.24,103.91,104.24,19889.5
1788241500000,104.24,104.36,104.16,104.27,8851.57
1788242400000,104.29,104.29,103.98,104.13,25170.62
1788243300000,104.13,104.13,103.71,103.88,10448.25
1788244200000,103.87,104.03,103.77,103.78,23704
1788245100000,103.78,103.79,103.32,103.33,39528.72
1788246000000,103.32,103.52,103.26,103.29,20709.06
1788246900000,103.29,103.49,103.17,103.27,26625.68
1788247800000,103.28,103.3,102.78,103.01,43746.59
1788248700000,103,103.2,102.95,103.09,5504.67
1788249600000,103.1,103.17,102.49,102.56,40055.88
1788250500000,102.58,102.72,102.05,102.06,19485.54
1788251400000,102.05,102.45,101.75,102.11,78696.85
1788252300000,102.11,102.31,101.89,102.02,72403.38
1788253200000,102.02,102.16,101.85,101.88,37286.78
1788254100000,101.87,102.23,101.8,102.07,55116.33
1788255000000,102.07,102.18,102.04,102.16,7980.8
1788255900000,102.15,102.16,101.9,101.9,34634.8
1788256800000,101.91,102.19,101.89,102.06,54987.37
1788257700000,102.05,102.49,101.87,102.27,81723.3
1788258600000,102.28,102.71,102.28,102.53,43352.91
1788259500000,102.53,102.63,102.21,102.32,41209.73
1788260400000,102.33,102.38,102.19,102.22,8643.35
1788261300000,102.24,102.33,102.03,102.16,41660.66
1788262200000,102.16,102.57,102.07,102.41,48132.9
1788263100000,102.42,102.48,102.08,102.24,9309.64
1788264000000,102.25,102.43,102.05,102.19,6080.07
1788264900000,102.19,102.34,102.11,102.26,6450.53
1788265800000,102.25,102.25,101.39,101.9,126184.45
1788266700000,101.9,102.19,101.84,101.86,10899.69
1788267600000,101.87,101.93,101.31,101.77,32343.79
1788268500000,101.8,101.9,101.66,101.8,12694.51
1788269400000,101.81,102.11,101.29,101.83,52740.58
1788270300000,101.82,102.43,101.73,101.92,45804.38
1788271200000,101.91,102.59,101.83,102.22,73452.77
1788272100000,102.21,102.55,102.1,102.14,39928.51
1788273000000,102.14,102.39,102.09,102.36,10144.72
1788273900000,102.36,102.48,101.81,101.96,55872.78
1788274800000,101.97,101.97,100.95,101.36,141862.32
1788275700000,101.33,101.81,101.27,101.79,65315.94
1788276600000,101.79,102.18,101.67,102.14,36441.47
1788277500000,102.17,102.3,101.97,101.97,17178.49
1788278400000,101.98,102,101.38,101.4,62378.26
1788279300000,101.43,101.56,101.07,101.3,38114.29
1788280200000,101.31,101.32,100.53,100.76,101003.44
1788281100000,100.76,101.08,100.76,100.87,38885.79
1788282000000,100.87,101.06,100.72,100.72,40192.78
1788282900000,100.73,101.14,100.51,100.97,69080.35
1788283800000,100.97,101.18,100.88,100.88,22517.68
1788284700000,100.89,100.99,100.33,100.51,135121.85
1788285600000,100.52,100.64,99.672,100,126918.06
1788286500000,100.01,100.05,98.993,99.39,258381.47
1788287400000,99.397,99.475,98.332,98.52,137019.88
1788288300000,98.52,99.569,98.289,99.553,126996.04
1788289200000,99.552,99.925,99.48,99.764,80511.39
1788290100000,99.763,100.3,99.657,100.11,177855.96
1788291000000,100.1,100.14,99.741,99.874,21220.12
1788291900000,99.874,100.04,99.78,100.03,16969.31
1788292800000,100.03,100.12,99.719,100.12,17568.06
1788293700000,100.11,100.3,99.859,100.01,26484.98
1788294600000,100.06,100.1,99.769,99.797,17880.1
1788295500000,99.792,100.13,99.61,100.06,16283.82
1788296400000,100.06,100.15,99.08,99.178,110764.5
1788297300000,99.205,99.593,98.873,99.404,24089.72
1788298200000,99.404,99.469,99.12,99.332,12974.95
1788299100000,99.332,99.697,99.321,99.558,58711.98
1788300000000,99.558,99.872,99.502,99.754,6482.97
1788300900000,99.737,99.737,99.36,99.36,4933.51
1788301800000,99.358,99.573,99.316,99.489,7079.41
1788302700000,99.487,99.86,99.487,99.596,9331.13
1788303600000,99.606,99.838,99.565,99.678,6735.68
1788304500000,99.674,99.917,99.664,99.883,3279.28
1788305400000,99.885,100.18,99.838,100.1,29639.16
1788306300000,100.09,100.23,99.922,99.931,25025.94
1788307200000,99.936,100.06,99.904,100.03,10193.18
1788308100000,100.03,100.19,99.698,99.724,6397.5
1788309000000,99.725,99.887,99.579,99.66,16805.13
1788309900000,99.694,99.759,99.63,99.63,4178.63
1788310800000,99.63,99.818,99.513,99.766,15963.74
1788311700000,99.749,99.881,99.5,99.5,9980.71
1788312600000,99.501,99.698,98.917,98.917,26045.73
1788313500000,98.927,99.125,98.486,99.036,51394.68
1788314400000,99.036,99.303,98.703,98.994,121379.42
1788315300000,98.975,99.55,98.975,99.528,32953.69
1788316200000,99.553,99.787,99.31,99.786,9388.99
1788317100000,99.786,99.872,99.723,99.872,2697.36
1788318000000,99.879,100.5,99.803,100.5,72564.78
1788318900000,100.5,100.65,100.29,100.54,68913.79
1788319800000,100.54,100.56,100.16,100.25,15790.95
1788320700000,100.25,100.33,100.05,100.25,23616.28
1788321600000,100.24,100.25,99.67,99.868,46160.58
1788322500000,99.868,100.01,99.665,99.898,6218.02
1788323400000,99.935,100.06,99.888,100.02,5428.55
1788324300000,100.02,100.08,99.954,100.06,7641.55
1788325200000,100.04,100.07,99.714,100.03,8427.6
1788326100000,100.02,100.32,100.02,100.27,11087.04
1788327000000,100.27,100.27,100.1,100.17,7044.17
1788327900000,100.18,100.34,100.13,100.22,5933.16
1788328800000,100.24,100.33,99.901,99.904,9099.29
1788329700000,99.933,100.06,99.799,99.814,3099.47
1788330600000,99.815,100.21,99.623,100.06,13761.51
1788331500000,100.06,100.08,99.84,100.02,8095.83
1788332400000,100.02,100.37,100.01,100.24,13243.57
1788333300000,100.23,100.23,99.949,99.998,9355.63
1788334200000,99.998,100.07,99.952,99.966,6907.39
1788335100000,99.966,100.05,99.759,99.784,21508.32
1788336000000,99.815,99.937,99.605,99.827,15689.09
1788336900000,99.827,99.963,99.637,99.69,16123.26
1788337800000,99.69,99.69,98.838,98.881,36411.04
1788338700000,98.881,99.209,98.778,98.944,22832.82
1788339600000,98.969,99.273,98.965,99.087,14997.94
1788340500000,99.076,99.174,98.687,99.173,32584.87
1788341400000,99.177,99.177,98.269,98.351,157603.67
1788342300000,98.35,98.751,98.192,98.58,30779.03
1788343200000,98.571,98.61,98.23,98.491,15175.92
1788344100000,98.49,98.529,98.247,98.26,10006.28
1788345000000,98.271,98.311,97.804,97.999,94434.31
1788345900000,97.999,98.201,97.401,98.179,53741.7
1788346800000,98.166,98.221,97.703,98.035,17482.11
1788347700000,98.038,98.113,97.347,97.703,28013.6
1788348600000,97.721,98.188,97.58,97.95,67515.28
1788349500000,97.949,98.107,97.752,98.082,21755.51
1788350400000,98.049,98.167,97.87,98.124,13995.42
1788351300000,98.14,98.413,97.924,98.31,25325.67
1788352200000,98.291,98.294,97.813,97.905,8163.75
1788353100000,97.9,97.9,97.622,97.673,35559.59
1788354000000,97.67,98.184,97.649,97.916,19662.27
1788354900000,97.928,98.38,97.885,98.269,12477.83
1788355800000,98.269,99.61,97.951,99.609,70328.47
1788356700000,99.609,99.62,98.89,99.181,69300.37
1788357600000,99.18,99.51,98.991,99.473,23808.03
1788358500000,99.472,99.754,99.256,99.37,8694.37
1788359400000,99.391,99.437,98.95,99.428,13317.02
1788360300000,99.429,99.441,98.84,98.9,44040.52
1788361200000,98.875,99.161,98.4,98.588,85118.65
1788362100000,98.591,99.183,98.56,98.907,21969.57
1788363000000,98.908,99.449,98.833,99.409,15234.46
1788363900000,99.396,99.396,98.991,99.268,37470.82
1788364800000,99.283,99.636,99.075,99.468,16790
1788365700000,99.469,99.772,99.321,99.478,22718.44
1788366600000,99.514,99.611,98.912,98.912,13584.89
1788367500000,98.911,99.06,98.719,98.75,8737.08
1788368400000,98.751,98.872,98.317,98.404,20525.05
1788369300000,98.412,98.532,98.219,98.531,82804.57
1788370200000,98.537,99.04,98.513,99.024,21137.17
1788371100000,99.024,99.288,99.024,99.285,40806.3
1788372000000,99.296,99.53,99.125,99.461,17675.32
1788372900000,99.479,99.6,99.33,99.41,23359.97
1788373800000,99.425,99.47,99.117,99.262,21866.57
1788374700000,99.261,99.52,99.215,99.488,20892.16
1788375600000,99.455,99.578,99.373,99.534,13065.58
1788376500000,99.542,99.606,99.11,99.11,23934.87
1788377400000,99.11,99.318,99.042,99.262,13669.12
1788378300000,99.264,99.403,99.123,99.402,10353.67
1788379200000,99.438,99.996,99.321,99.621,28015.23
1788380100000,99.62,99.96,99.327,99.626,17870.99
1788381000000,99.625,99.883,99.5,99.549,24992.19
1788381900000,99.548,99.81,99.436,99.677,13390.91
1788382800000,99.684,99.697,99.51,99.567,15155.17
1788383700000,99.585,99.712,99.527,99.544,11968.04
1788384600000,99.527,99.815,99.42,99.773,11077.78
1788385500000,99.772,99.8,99.525,99.63,12666.29
1788386400000,99.629,99.656,99.211,99.357,14684.37
1788387300000,99.36,99.485,99.183,99.208,12372.04
1788388200000,99.207,99.746,99.207,99.718,31517.21
1788389100000,99.697,99.7,99.53,99.545,34010.44
1788390000000,99.543,99.938,99.418,99.923,31787.9
1788390900000,99.923,99.977,99.684,99.95,26807.29
1788391800000,99.95,100.1,99.802,99.914,28707.95
1788392700000,99.914,100.51,99.914,100.39,54439.75
1788393600000,100.42,100.44,100.03,100.04,16245.23
1788394500000,100.04,100.05,99.665,99.694,16818.13
1788395400000,99.694,99.83,99.488,99.699,32555.22
1788396300000,99.726,99.726,99.479,99.495,20084.24
1788397200000,99.49,100.38,99.186,100.36,21458.96
1788398100000,100.35,100.36,100.08,100.28,21300.56
1788399000000,100.31,100.57,100.09,100.13,16509.84
1788399900000,100.13,100.41,99.903,100.12,25405.71
1788400800000,100.14,100.4,99.913,100.38,8851.79
1788401700000,100.38,100.46,100.23,100.45,3893.58
1788402600000,100.43,101.18,100.34,100.75,42238.93
1788403500000,100.72,101.32,100.67,101.08,89823.14
1788404400000,101.12,101.19,100.81,101.06,34710.96
1788405300000,101.07,101.2,100.6,100.6,26331.77
1788406200000,100.6,100.77,100.2,100.36,57927.53
1788407100000,100.35,100.61,100.3,100.51,16457.3
1788408000000,100.52,100.68,100.38,100.4,7955.4
1788408900000,100.4,100.4,100.12,100.2,8452.77
1788409800000,100.22,100.31,100.04,100.08,25440.29
1788410700000,100.08,100.87,100.08,100.87,13360.74
1788411600000,100.87,101,100.45,100.52,17513.53
1788412500000,100.53,100.56,99.686,99.887,30767.86
1788413400000,99.886,100.51,99.852,100.39,15849.7
1788414300000,100.39,100.92,100.21,100.84,16141.91
1788415200000,100.83,100.9,100.6,100.6,10214.67
1788416100000,100.6,100.92,100.58,100.89,11748.98
1788417000000,100.88,100.97,100.78,100.97,9447.89
1788417900000,100.96,100.97,100.81,100.85,8582.45
1788418800000,100.8,101.32,100.8,101.15,13717.12
1788419700000,101.15,101.16,100.71,100.84,9185.24
1788420600000,100.84,101.07,100.64,100.75,7432.42
1788421500000,100.76,100.8,100.24,100.37,24327.13
1788422400000,100.37,101.09,100.37,100.83,16810.71
1788423300000,100.83,100.86,100.54,100.82,18981.78
1788424200000,100.82,100.86,100.63,100.66,7151.58
1788425100000,100.66,100.76,100.47,100.61,1783.8
1788426000000,100.6,100.76,100.4,100.61,5431.66
1788426900000,100.61,100.72,100.31,100.31,14813.32
1788427800000,100.31,100.38,100.15,100.31,8403.33
1788428700000,100.3,100.41,100.11,100.15,6084.37
1788429600000,100.12,100.25,99.966,99.985,25914.81
1788430500000,99.986,100.38,99.96,100.11,83623.75
1788431400000,100.08,100.2,99.86,99.908,20593.45
1788432300000,99.9,100.45,99.889,100.4,21016.44
1788433200000,100.41,100.52,100.3,100.34,11576.02
1788434100000,100.42,100.85,100.4,100.79,16720.92
1788435000000,100.79,100.94,100.62,100.86,5776.55
1788435900000,100.87,100.97,100.76,100.76,18003.41
1788436800000,100.76,100.96,100.6,100.95,24224.41
1788437700000,100.88,101,100.58,100.72,21757.85
1788438600000,100.71,101.37,100.71,100.95,82570.08
1788439500000,100.95,101.81,100.94,101.64,204371.83
1788440400000,101.63,101.68,101.32,101.54,20115.6
1788441300000,101.54,101.6,101.34,101.35,16701.08
1788442200000,101.37,101.97,101.08,101.94,29875
1788443100000,101.94,101.97,101.32,101.44,29774.68
1788444000000,101.44,101.7,101.21,101.7,18957.33
1788444900000,101.69,102.77,101.69,102.62,113576.03
1788445800000,102.61,103.1,102.34,102.69,110267.53
1788446700000,102.71,104.82,102.71,104.78,246244.61
1788447600000,104.76,105.63,104.18,104.51,248487.19
1788448500000,104.5,104.7,103.96,104.32,51344.62
1788449400000,104.31,104.7,104.22,104.23,53709.39
1788450300000,104.23,105.23,103.75,105.13,132303.44
1788451200000,105.14,105.19,104.13,104.29,107544.52
1788452100000,104.26,104.28,103.83,103.97,54071.81
1788453000000,103.98,104.36,103.98,104.26,14196.39
1788453900000,104.27,104.73,104.24,104.54,27253.61
1788454800000,104.55,104.84,104.37,104.78,20953.18
1788455700000,104.77,104.96,104.57,104.82,32540.98
1788456600000,104.84,105.18,104.83,105.03,17140.04
1788457500000,105.02,105.2,104.92,105.09,27916.95
1788458400000,105.07,105.22,104.85,104.99,6938.65
1788459300000,104.99,105.03,104.6,104.75,16752.09
1788460200000,104.76,104.88,104.65,104.81,6997.81
1788461100000,104.8,105.25,104.77,105.22,13446.81
1788462000000,105.2,105.81,105.03,105.03,87800.88
1788462900000,105.03,105.55,105.03,105.47,27048.29
1788463800000,105.46,105.5,105.2,105.39,30228.09
1788464700000,105.38,105.46,105.08,105.3,59346.04
1788465600000,105.29,105.44,104.74,105.25,42816.2
1788466500000,105.21,105.46,105.05,105.36,28738.84
1788467400000,105.36,105.44,104.94,104.95,21716.86
1788468300000,104.95,105.12,104.9,104.9,44005.73
1788469200000,104.89,105.31,104.75,105.25,27809.46
1788470100000,105.25,105.39,104.98,105.23,14256.8
1788471000000,105.22,105.67,104.92,104.93,24470.41
1788471900000,104.94,105.32,104.85,105.19,10429.53
1788472800000,105.18,105.26,104.63,104.83,14039.96
1788473700000,104.84,105.04,104.23,104.24,52057.27
1788474600000,104.24,104.36,103.61,104.03,50627.57
1788475500000,104.03,104.25,104.01,104.12,15940.69
1788476400000,104.12,104.19,103.93,104,13803.46
1788477300000,104,104.12,103.81,104.08,7206.57
1788478200000,104.08,104.19,103.86,103.91,8474.19
1788479100000,103.9,104.03,103.82,103.92,14968.48
1788480000000,103.9,103.96,103.55,103.76,15584.4
1788480900000,103.75,103.99,103.56,103.62,11079.77
1788481800000,103.61,104.29,103.61,103.82,22175.73
1788482700000,103.81,103.85,103.43,103.46,41673.32
1788483600000,103.47,103.81,103.28,103.66,29948.44
1788484500000,103.65,103.75,103.37,103.46,17735.99
1788485400000,103.45,103.58,103.21,103.29,11304.2
1788486300000,103.28,103.79,103.25,103.77,5163.25
1788487200000,103.76,103.78,103.45,103.62,4451.51
1788488100000,103.61,103.72,103.3,103.37,4278.89
1788489000000,103.41,103.65,103.37,103.49,2435.14
1788489900000,103.47,103.74,103.39,103.74,1088.77
1788490800000,103.75,104.11,103.74,103.79,9001.48
1788491700000,103.79,103.96,103.77,103.78,18361.25
1788492600000,103.79,103.91,103.71,103.84,4766.48
1788493500000,103.84,103.86,103.68,103.68,4900.6
1788494400000,103.67,103.76,103.55,103.76,2664.6
1788495300000,103.75,104.27,103.75,104.26,6248.83
1788496200000,104.27,104.32,103.85,103.85,4847.68
1788497100000,103.86,103.98,103.77,103.88,11480.86
1788498000000,103.88,103.9,103.68,103.74,5141.19
1788498900000,103.75,104.03,103.66,103.74,3412.14
1788499800000,103.73,103.76,103.53,103.76,5151.47
1788500700000,103.77,103.94,103.43,103.65,13178.72
1788501600000,103.65,104,103.62,103.89,3920.64
1788502500000,103.9,103.9,103.36,103.37,5961.71
1788503400000,103.38,103.68,103.33,103.65,19379.48
1788504300000,103.67,103.68,103.5,103.57,3020.62
1788505200000,103.58,104.02,103.58,103.94,19467.43
1788506100000,103.95,103.95,103.69,103.78,34491.06
1788507000000,103.83,103.9,103.54,103.71,5150.95
1788507900000,103.71,103.76,103.51,103.58,5988.23
1788508800000,103.6,103.69,103.22,103.69,18758.65
1788509700000,103.71,103.95,103.67,103.91,36556.37
1788510600000,103.91,104.01,103.74,103.8,5601.68
1788511500000,103.77,104.49,103.77,104.37,16268.65
1788512400000,104.33,104.53,104.16,104.18,16765.05
1788513300000,104.19,104.77,103.96,104.11,44160.73
1788514200000,104.1,104.58,103.98,104.36,12755.69
1788515100000,104.35,104.41,104.04,104.05,8837.74
1788516000000,104.05,104.11,103.65,103.81,21564.49
1788516900000,103.81,103.88,103.5,103.87,16653.02
1788517800000,103.85,104.07,103.79,103.98,7818.03
1788518700000,103.97,104.14,103.91,104.14,3781.81
1788519600000,104.14,104.16,103.99,104.06,17429.67
1788520500000,104.05,104.33,104.01,104.24,7524.59
1788521400000,104.24,104.5,104.12,104.38,6054
1788522300000,104.35,104.38,104.05,104.07,5383.44
1788523200000,104.07,104.11,103.88,104.04,9606.69
1788524100000,104.07,104.4,103.88,104.4,8823.99
1788525000000,104.28,104.28,100.18,101.45,307435
1788525900000,101.44,101.79,100.61,101.58,124072.66
1788526800000,101.58,101.75,101.03,101.07,30471.57
1788527700000,101.07,101.64,101.03,101.37,18922.46
1788528600000,101.38,101.8,101.02,101.7,55197.91
1788529500000,101.68,102.24,101.47,101.65,53440.29
1788530400000,101.64,101.81,101.15,101.37,25170.64
1788531300000,101.36,101.46,100.84,101.3,25636.17
1788532200000,101.27,101.35,100.52,100.72,42469.41
1788533100000,100.74,100.92,100.27,100.76,108542.85
1788534000000,100.73,101.04,100.64,101.04,68614.41
1788534900000,101.07,101.49,101.05,101.46,32591.17
1788535800000,101.45,101.61,101.3,101.58,12798.55
1788536700000,101.58,101.62,101.36,101.38,10400.76
1788537600000,101.38,101.56,101.28,101.49,15773.21
1788538500000,101.49,101.71,101.48,101.65,5863.99
1788539400000,101.66,102,101.65,101.93,24503.05
1788540300000,101.93,102.04,101.74,101.77,21747.33
1788541200000,101.77,101.81,101.56,101.56,27050.41
1788542100000,101.56,101.68,101.47,101.52,20541.53
1788543000000,101.51,101.59,101.15,101.31,26107.69
1788543900000,101.31,101.32,101.03,101.19,12068.31
1788544800000,101.19,101.54,101.18,101.26,34085.95
1788545700000,101.26,101.42,101.26,101.37,3770.68
1788546600000,101.37,101.63,101.37,101.6,16061.33
1788547500000,101.59,101.65,101.5,101.6,8172.44
1788548400000,101.6,101.77,101.6,101.66,18866.78
1788549300000,101.66,101.92,101.64,101.88,10468.46
1788550200000,101.88,101.88,101.56,101.66,15476.29
1788551100000,101.66,101.83,101.58,101.64,8556.9
1788552000000,101.63,101.81,101.55,101.58,12948.05
1788552900000,101.58,101.74,101.55,101.57,9281.07
1788553800000,101.57,101.78,101.56,101.75,5204.2
1788554700000,101.74,101.81,101.61,101.71,4039.62
1788555600000,101.7,101.81,101.61,101.63,9984.55
1788556500000,101.62,101.81,101.62,101.65,6456.46
1788557400000,101.65,101.85,101.65,101.81,15998.59
1788558300000,101.8,101.86,101.41,101.52,9655.74
1788559200000,101.51,101.7,101.51,101.63,3125.87
1788560100000,101.6,101.8,101.55,101.63,7739.69
1788561000000,101.63,101.74,101.57,101.63,7235.68
1788561900000,101.63,101.69,101.58,101.68,2965.77
1788562800000,101.67,101.78,101.59,101.75,2591.99
1788563700000,101.74,101.91,101.74,101.88,3963.08
1788564600000,101.88,101.88,101.81,101.84,2146.72
1788565500000,101.83,101.92,101.83,101.89,1486.71
1788566400000,101.88,101.88,101.76,101.78,4523.37
1788567300000,101.77,101.83,101.69,101.83,9654.94
1788568200000,101.82,101.88,101.73,101.82,1234.59
1788569100000,101.81,101.94,101.73,101.78,6554.88
1788570000000,101.78,101.95,101.68,101.81,20366.81
1788570900000,101.81,101.97,101.78,101.97,3736.28
1788571800000,101.97,102.13,101.88,102.08,23346.62
1788572700000,102.08,102.09,101.82,101.82,6439.06
1788573600000,101.81,101.83,101.71,101.8,4240
1788574500000,101.8,101.91,101.72,101.73,1634.94
1788575400000,101.73,101.92,101.65,101.89,3870.96
1788576300000,101.89,101.92,101.76,101.92,999.92
1788577200000,101.91,101.93,101.72,101.83,1648.77
1788578100000,101.84,101.94,101.77,101.89,1823.03
1788579000000,101.89,101.96,101.87,101.93,1119.05
1788579900000,101.92,101.95,101.8,101.84,1140.11
1788580800000,101.85,101.85,101.66,101.7,4848.52
1788581700000,101.7,101.86,101.69,101.83,5018.02
1788582600000,101.83,101.87,101.8,101.85,1039.19
1788583500000,101.84,101.85,101.68,101.71,4825.44
1788584400000,101.71,101.77,101.53,101.77,20207.66
1788585300000,101.77,101.79,101.6,101.75,2420.61
1788586200000,101.74,101.83,101.71,101.72,2503.72
1788587100000,101.71,101.87,101.63,101.82,3521.75
1788588000000,101.81,101.91,101.78,101.86,1799.32
1788588900000,101.85,102.01,101.79,101.95,11750.67
1788589800000,101.95,102.15,101.95,102.1,5467.64
1788590700000,102.09,102.3,102.05,102.25,6212.03
1788591600000,102.24,102.44,102.17,102.35,16834.82
1788592500000,102.36,102.5,102.26,102.48,3128.97
1788593400000,102.48,102.57,102.26,102.35,3968.01
1788594300000,102.35,102.36,102.14,102.19,3103.76
1788595200000,102.14,102.25,102.08,102.19,9503.85
1788596100000,102.18,102.4,102.08,102.28,10129.51
1788597000000,102.28,102.38,102.13,102.38,10968.45
1788597900000,102.37,102.52,102.27,102.52,3553.18
1788598800000,102.52,102.8,102.51,102.72,17331.84
1788599700000,102.72,102.72,102.53,102.54,3047.57
1788600600000,102.54,102.58,102.46,102.58,1820.44
1788601500000,102.55,102.56,102.48,102.5,1434.01
1788602400000,102.5,102.51,102.37,102.37,4148.65
1788603300000,102.36,102.49,102.35,102.49,2263.05
1788604200000,102.49,102.66,102.48,102.59,2930.82
1788605100000,102.58,102.59,102.47,102.48,1322.42
1788606000000,102.48,102.53,102.39,102.4,1664.29
1788606900000,102.39,102.39,102.26,102.27,2282
1788607800000,102.27,102.28,102.17,102.21,7228.09
1788608700000,102.21,102.41,102.2,102.29,1859.3
1788609600000,102.28,102.41,102.27,102.38,4574.32
1788610500000,102.37,102.38,102.3,102.33,2089.26
1788611400000,102.33,102.99,102.25,102.82,24901.28
1788612300000,102.82,103.2,102.78,103.19,15297.17
1788613200000,103.19,103.3,103,103.2,12360.07
1788614100000,103.2,103.39,103.05,103.06,9861.99
1788615000000,103.06,103.17,102.76,102.8,18921.35
1788615900000,102.81,102.95,102.55,102.62,15954.35
1788616800000,102.62,102.86,102.62,102.71,5373.35
1788617700000,102.7,102.9,102.69,102.85,3716.73
1788618600000,102.86,102.87,102.72,102.73,5311.31
1788619500000,102.73,102.93,102.7,102.83,5290.71
1788620400000,102.83,102.94,102.73,102.81,1748.56
1788621300000,102.81,102.86,102.66,102.68,3647.58
1788622200000,102.67,102.79,102.58,102.71,11276.61
1788623100000,102.71,102.93,102.7,102.92,21771.53
1788624000000,102.92,102.99,102.83,102.84,2580.89
1788624900000,102.85,103.14,102.78,103.08,5506.84
1788625800000,103.1,103.28,103.03,103.05,4300.23
1788626700000,103.05,103.49,103.05,103.37,8726.58
1788627600000,103.37,104.07,103.27,104.01,41696.58
1788628500000,104,104.01,103.61,103.87,19725.31
1788629400000,103.88,104.28,103.63,103.72,24600.12
1788630300000,103.71,104.25,103.61,104.19,38108.43
1788631200000,104.18,104.3,103.84,103.93,6724.48
1788632100000,103.92,104.03,103.78,103.79,6235.65
1788633000000,103.81,104.03,103.69,103.8,13385.51
1788633900000,103.79,103.89,103.76,103.87,2107.44
1788634800000,103.86,103.86,103.65,103.79,7544.02
1788635700000,103.79,103.88,103.67,103.85,10626.92
1788636600000,103.85,103.92,103.49,103.62,12478.17
1788637500000,103.62,103.63,103.17,103.36,23979.28
1788638400000,103.36,103.57,103.25,103.39,11790.46
1788639300000,103.39,103.45,103.16,103.22,13274.73
1788640200000,103.22,103.33,103.07,103.33,8557.32
1788641100000,103.32,103.37,103.16,103.18,5711.51
1788642000000,103.2,103.51,103.15,103.4,15529.46
1788642900000,103.37,103.86,103.37,103.8,30742.78
1788643800000,103.79,103.91,103.67,103.91,12278.94
1788644700000,103.91,103.94,103.62,103.71,19828.8
1788645600000,103.71,103.83,103.56,103.68,4356.59
1788646500000,103.67,103.75,103.22,103.36,6524.29
1788647400000,103.35,103.46,103.23,103.25,4755.74
1788648300000,103.24,103.39,103.18,103.35,7519.18
1788649200000,103.34,103.34,103.11,103.18,7487.19
1788650100000,103.18,103.3,103.02,103.21,22898.76
1788651000000,103.21,103.35,102.93,103.12,8487.75
1788651900000,103.12,103.3,103.05,103.13,8562.23
1788652800000,103.13,103.33,103.12,103.33,4694.05
1788653700000,103.33,103.45,103.28,103.45,4588.88
1788654600000,103.44,103.48,103.3,103.34,3176.51
1788655500000,103.34,103.38,103.23,103.27,9738.37
1788656400000,103.27,103.69,103.22,103.58,9052.36
1788657300000,103.58,103.63,103.4,103.5,19796.34
1788658200000,103.5,103.93,103.49,103.8,43067.64
1788659100000,103.8,104.19,103.71,104.01,6400.76
1788660000000,104.01,104.26,103.85,104.07,21048.79
1788660900000,104.07,104.1,103.91,104.07,6527.47
1788661800000,104.07,104.76,104.07,104.24,99473.2
1788662700000,104.25,104.42,104.21,104.36,7591.86
1788663600000,104.36,104.48,104.34,104.48,13637.86
1788664500000,104.48,105.15,104.48,104.99,40902.29
1788665400000,105,107.01,105,106.43,100462.65
1788666300000,106.49,106.73,105.88,105.96,46538.27
1788667200000,105.96,106.32,105.72,106.17,18960.12
1788668100000,106.15,106.23,105.61,105.96,29994.64
1788669000000,105.94,106.11,105.68,106.02,7243.31
1788669900000,106.02,106.27,105.67,105.72,26790.38
1788670800000,105.73,105.92,105.46,105.58,31718.65
1788671700000,105.58,106.12,105.54,106.11,23603.04
1788672600000,106.11,106.82,105.87,106.43,30787.18
1788673500000,106.47,106.68,106.31,106.4,25722.61
1788674400000,106.43,106.43,106.14,106.19,8987.63
1788675300000,106.17,106.22,105.7,105.75,11876.64
1788676200000,105.74,105.74,105.28,105.53,112753.45
1788677100000,105.53,105.56,105.3,105.34,9072.59
1788678000000,105.33,105.51,104.68,104.72,33297.34
1788678900000,104.71,105.33,104.71,105.08,9262.9
1788679800000,105.1,105.15,104.85,105.02,12926.68
1788680700000,105.01,105.27,104.95,105.23,5444.09
1788681600000,105.23,105.36,105.1,105.3,12474.99
1788682500000,105.3,105.3,105.1,105.11,6076.33
1788683400000,105.1,105.19,105,105.12,4774.47
1788684300000,105.11,105.31,105.09,105.2,6701.69
1788685200000,105.2,105.78,105.16,105.78,15589.7
1788686100000,105.77,107.07,105.66,107,43156.92
1788687000000,106.97,107.23,106.23,106.32,67610.86
1788687900000,106.26,106.58,106.15,106.5,32486.79
1788688800000,106.5,106.75,106.41,106.56,6659.37
1788689700000,106.56,106.9,106.52,106.52,12063.12
1788690600000,106.5,106.67,106.36,106.61,6908.86
1788691500000,106.57,106.74,106.38,106.65,12944.76
1788692400000,106.65,106.68,106.36,106.56,11619.84
1788693300000,106.55,106.68,106.45,106.56,17447.67
1788694200000,106.56,106.72,106.24,106.48,14110.36
1788695100000,106.47,106.6,106.34,106.44,4538.07
1788696000000,106.44,106.57,106.39,106.56,3966.5
1788696900000,106.56,106.71,106.47,106.59,8275.54
1788697800000,106.59,107.22,106.59,106.98,18827.25
1788698700000,106.99,107.34,106.64,106.8,41687.7
1788699600000,106.81,107.01,106.49,106.6,12789.05
1788700500000,106.62,106.67,106.1,106.14,16789.19
1788701400000,106.13,106.56,105.88,106.48,28032.89
1788702300000,106.47,107.12,106.43,107.03,12652.72
1788703200000,107.06,107.1,106.37,106.41,18636.41
1788704100000,106.4,106.63,105.6,105.98,37194.3
1788705000000,106.01,106.25,105.19,106.25,47497.71
1788705900000,106.24,106.24,105.68,105.71,8173.85
1788706800000,105.72,105.73,104.91,105.37,51765.83
1788707700000,105.36,105.93,105.34,105.8,11572.2
1788708600000,105.78,105.94,105.51,105.9,16990.89
1788709500000,105.9,105.95,105.66,105.75,11251.52
1788710400000,105.75,105.9,105.48,105.78,10538.59
1788711300000,105.78,105.99,105.71,105.96,6907.05
1788712200000,105.98,106.39,105.88,106.29,11094.06
1788713100000,106.26,106.26,105.94,106.06,9809.71
1788714000000,106.05,106.1,105.56,106.03,33735.07
1788714900000,105.99,106.4,105.98,106.01,7014.66
1788715800000,106,106.22,105.87,106.09,4135.96
1788716700000,106.08,106.29,105.93,106.18,9930.67
1788717600000,106.18,106.52,106.18,106.37,6740.53
1788718500000,106.37,106.46,106.25,106.46,12598.74
1788719400000,106.46,106.56,106.14,106.18,25611.05
1788720300000,106.19,106.2,105.83,105.98,11968.36
1788721200000,105.97,105.98,105.75,105.76,12068.47
1788722100000,105.75,105.76,105.54,105.76,11198.88
1788723000000,105.74,105.75,105.51,105.52,8370.01
1788723900000,105.52,105.57,105.38,105.48,5106.08
1788724800000,105.47,105.53,105.34,105.41,8299.63
1788725700000,105.41,105.68,105.38,105.68,7920.24
1788726600000,105.68,105.87,105.56,105.63,22185.38
1788727500000,105.63,105.88,105.63,105.72,6998.96
1788728400000,105.73,106.07,105.73,106.03,6975.6
1788729300000,106.04,106.25,105.94,106.03,17829.22
1788730200000,106.03,106.23,106.02,106.12,6748.68
1788731100000,106.12,106.27,105.88,105.91,11329.98
1788732000000,105.91,105.93,105.09,105.28,28865.88
1788732900000,105.28,105.52,105.01,105.51,16919.76
1788733800000,105.5,106,105.49,105.89,11820.78
1788734700000,105.87,106,105.7,105.87,7118.83
1788735600000,105.87,106.26,105.81,106.09,25745.55
1788736500000,106.09,106.49,106,106.36,13758.03
1788737400000,106.36,106.75,106.32,106.63,15446.16
1788738300000,106.62,106.78,106.28,106.54,10167.66
1788739200000,106.54,106.63,106.36,106.49,14231.14
1788740100000,106.49,106.49,106.02,106.34,15492.31
1788741000000,106.34,106.45,105.95,105.96,8832.87
1788741900000,105.95,106.24,105.87,106.15,4482.14
1788742800000,106.15,106.33,105.48,105.53,25881.52
1788743700000,105.56,105.63,105.29,105.52,15537.17
1788744600000,105.52,105.62,105.04,105.12,13895.67
1788745500000,105.13,105.41,105.05,105.32,8629.85
1788746400000,105.33,105.39,104.85,105.17,20426.71
1788747300000,105.19,105.94,105.18,105.86,35500.98
1788748200000,105.86,107,105.73,106.75,44159.09
1788749100000,106.76,106.88,105.69,105.75,26359.42
1788750000000,105.75,105.9,105.36,105.38,11250.11
1788750900000,105.39,105.46,105.08,105.14,11110.93
1788751800000,105.15,105.28,104.95,104.96,8068.11
1788752700000,104.96,105.19,104.89,104.92,10676.39
1788753600000,104.92,104.98,104.79,104.96,21760.72
1788754500000,104.97,105.27,104.97,105.08,11904.8
1788755400000,105.11,105.17,104.95,105.1,5616.54
1788756300000,105.11,105.3,104.94,105.09,9914.99
1788757200000,105.09,105.46,105.05,105.31,15016.77
1788758100000,105.3,105.79,105.29,105.61,42472.62
1788759000000,105.6,105.65,105.39,105.48,9641.67
1788759900000,105.48,105.49,105.08,105.1,4635.12
1788760800000,105.11,105.4,105.07,105.35,7516.22
1788761700000,105.35,105.36,105.11,105.12,4812.84
1788762600000,105.13,105.2,104.87,104.98,12789.55
1788763500000,104.98,105.1,104.98,105.06,3091.8
1788764400000,105.07,105.51,105.03,105.43,15282.41
1788765300000,105.42,105.47,104.79,104.79,3899.79
1788766200000,104.79,105.01,104.23,104.5,23237.91