timestamp,open,high,low,close,volume
1784263500000,0.32148,0.32177,0.32148,0.3217,2500
1784264400000,0.32172,0.32181,0.32155,0.32169,138459
1784265300000,0.32166,0.32178,0.32155,0.32175,13420
1784266200000,0.32166,0.32175,0.32156,0.32158,1915
1784267100000,0.32146,0.32172,0.32146,0.32162,11831
1784268000000,0.32156,0.32184,0.32141,0.32184,5460
1784268900000,0.32183,0.32203,0.32174,0.32197,31050
1784269800000,0.32201,0.32202,0.32188,0.32188,5028
1784270700000,0.32185,0.32198,0.3217,0.32191,51363
1784271600000,0.32175,0.32219,0.32129,0.32138,1523383
1784272500000,0.3215,0.32251,0.32068,0.32209,7866615
1784273400000,0.32217,0.32264,0.32207,0.32218,358542
1784274300000,0.32222,0.32222,0.3218,0.32191,27480
1784275200000,0.322,0.32215,0.32188,0.32214,60069
1784276100000,0.32215,0.32229,0.3219,0.32209,80532
1784277000000,0.32214,0.32225,0.32186,0.32204,69591
1784277900000,0.32204,0.32208,0.3219,0.32195,4934
1784278800000,0.32196,0.32205,0.32174,0.32205,44073
1784279700000,0.32205,0.32208,0.32191,0.32194,26139
1784280600000,0.32194,0.32194,0.32175,0.32181,17915
1784281500000,0.32181,0.32185,0.32166,0.3217,23495
1784282400000,0.32169,0.32182,0.32169,0.3218,7825
1784283300000,0.32181,0.32182,0.32167,0.32168,17589
1784284200000,0.32167,0.322,0.32167,0.32191,84120
1784285100000,0.32191,0.32204,0.32189,0.32192,39580
1784286000000,0.32191,0.32257,0.32182,0.32257,122636
1784286900000,0.32256,0.32262,0.32228,0.32236,36503
1784287800000,0.32236,0.32255,0.32232,0.32232,39427
1784288700000,0.32234,0.32245,0.32233,0.32242,6757
1784289600000,0.3224,0.32248,0.32235,0.32241,40064
1784290500000,0.32244,0.32249,0.32237,0.32245,39932
1784291400000,0.32243,0.32254,0.32242,0.32254,6599
1784292300000,0.32254,0.32259,0.32238,0.32238,5879
1784293200000,0.32239,0.32244,0.32235,0.32244,21188
1784294100000,0.32244,0.32257,0.32244,0.32247,13255
1784295000000,0.32252,0.32264,0.32235,0.32264,49190
1784295900000,0.32263,0.32284,0.32258,0.32284,6599
1784296800000,0.32283,0.32314,0.32272,0.32313,52735
1784297700000,0.32314,0.32321,0.32262,0.32266,7314
1784298600000,0.32266,0.32266,0.32249,0.32255,7893
1784299500000,0.32254,0.32263,0.32241,0.32251,15209
1784300400000,0.32253,0.3226,0.32239,0.32246,11858
1784301300000,0.32246,0.32263,0.32239,0.32262,40695
1784302200000,0.32262,0.32292,0.32262,0.32272,36782
1784303100000,0.32271,0.32272,0.32245,0.32264,5550
1784304000000,0.32263,0.32317,0.32237,0.32298,73740
1784304900000,0.32295,0.32295,0.32261,0.32271,7117
1784305800000,0.32271,0.32288,0.32271,0.32286,10701
1784306700000,0.32287,0.32298,0.3228,0.32294,7199
1784307600000,0.32286,0.3233,0.32284,0.32326,33977
1784308500000,0.32325,0.3233,0.32294,0.32305,14129
1784309400000,0.32303,0.32304,0.32288,0.32288,6913
1784310300000,0.32288,0.32298,0.32274,0.32295,27504
1784311200000,0.32297,0.32297,0.32258,0.32285,31181
1784312100000,0.32285,0.32285,0.32249,0.32273,15451
1784313000000,0.32275,0.32276,0.32254,0.32268,6556
1784313900000,0.32269,0.32281,0.32263,0.32269,18848
1784314800000,0.32272,0.32276,0.32247,0.32248,29847
1784315700000,0.32248,0.32253,0.3224,0.32249,53001
1784316600000,0.32249,0.32258,0.32242,0.32258,5417
1784317500000,0.32258,0.32265,0.32254,0.32255,3800
1784318400000,0.3225,0.32262,0.32244,0.32258,41338
1784319300000,0.32256,0.32257,0.32248,0.3225,20041
1784320200000,0.32247,0.32258,0.32244,0.32255,4870
1784321100000,0.3226,0.32265,0.32257,0.32264,3945
1784322000000,0.32265,0.32282,0.32238,0.32241,17445
1784322900000,0.32243,0.32269,0.32238,0.32249,16466
1784323800000,0.32249,0.32252,0.32223,0.32232,10179
1784324700000,0.32232,0.32265,0.32232,0.32253,25401
1784325600000,0.32267,0.32267,0.32257,0.32258,16977
1784326500000,0.32259,0.32259,0.32221,0.32252,22887
1784327400000,0.32255,0.32261,0.32237,0.32237,11782
1784328300000,0.32237,0.32249,0.32236,0.32244,6025
1784329200000,0.32249,0.32249,0.32239,0.32243,22462
1784330100000,0.32243,0.3226,0.32233,0.32258,50550
1784331000000,0.32258,0.32258,0.32237,0.32248,25083
1784331900000,0.32248,0.32248,0.3223,0.32232,38504
1784332800000,0.32236,0.32248,0.32236,0.32237,50839
1784333700000,0.32237,0.32245,0.32237,0.32241,8431
1784334600000,0.32241,0.32255,0.32236,0.32254,20772
1784335500000,0.32254,0.32259,0.32254,0.32255,10628
1784336400000,0.32255,0.32264,0.32254,0.32264,5406
1784337300000,0.32264,0.3227,0.32262,0.32269,2244
1784338200000,0.32269,0.3227,0.32242,0.32243,16435
1784339100000,0.32242,0.32254,0.32242,0.32252,10487
1784340000000,0.32261,0.32268,0.32256,0.32256,9060
1784340900000,0.32264,0.32267,0.32236,0.32236,18920
1784341800000,0.32242,0.32248,0.3224,0.32246,2038
1784342700000,0.32246,0.32246,0.32222,0.32223,13266
1784343600000,0.32234,0.32238,0.32214,0.32221,3724
1784344500000,0.32212,0.32212,0.32191,0.32198,58981
1784345400000,0.32198,0.32199,0.32194,0.32194,13168
1784346300000,0.32194,0.32197,0.32187,0.32187,4484
1784347200000,0.32189,0.32193,0.32181,0.32193,24989
1784348100000,0.32186,0.32191,0.32173,0.32173,11580
1784349000000,0.32173,0.32176,0.32173,0.32173,9110
1784349900000,0.32173,0.32178,0.32173,0.32174,13091
1784350800000,0.32173,0.32174,0.32149,0.32149,160106
1784351700000,0.32155,0.32171,0.32155,0.32162,13105
1784352600000,0.32161,0.32166,0.32151,0.32153,13266
1784353500000,0.32153,0.32153,0.3214,0.32151,7087
1784354400000,0.32137,0.32145,0.32133,0.32134,8372
1784355300000,0.32133,0.32139,0.32127,0.32133,25491
1784356200000,0.32136,0.3215,0.32133,0.32149,6182
1784357100000,0.32149,0.32154,0.32147,0.32153,12962
1784358000000,0.32163,0.3217,0.32156,0.32163,2819
1784358900000,0.32157,0.32166,0.32153,0.32157,14455
1784359800000,0.3216,0.32172,0.32156,0.32161,6606
1784360700000,0.32161,0.32186,0.32161,0.32185,10340
1784361600000,0.32185,0.32234,0.32169,0.32224,101910
1784362500000,0.32225,0.32248,0.32224,0.32242,16229
1784363400000,0.32266,0.32299,0.32266,0.32273,10158
1784364300000,0.32274,0.32303,0.32273,0.32297,11879
1784365200000,0.32322,0.32356,0.3232,0.32338,73720
1784366100000,0.32339,0.32345,0.32301,0.32301,55092
1784367000000,0.32298,0.32316,0.32298,0.323,26698
1784367900000,0.32299,0.32312,0.32275,0.32304,20574
1784368800000,0.32312,0.32316,0.32305,0.32316,3317
1784369700000,0.32316,0.32366,0.32305,0.32305,19520
1784370600000,0.32306,0.32315,0.32285,0.32312,11407
1784371500000,0.32284,0.32304,0.32272,0.32281,16916
1784372400000,0.32295,0.32325,0.32294,0.32321,1648
1784373300000,0.32319,0.32319,0.32278,0.32278,2065
1784374200000,0.32278,0.32285,0.32278,0.32279,1509
1784375100000,0.3227,0.32345,0.32268,0.32337,11339
1784376000000,0.32341,0.32356,0.32328,0.32343,21157
1784376900000,0.32332,0.32332,0.32304,0.32319,9048
1784377800000,0.32321,0.32335,0.32318,0.32327,17262
1784378700000,0.3233,0.3234,0.32322,0.32339,1812
1784379600000,0.32341,0.32349,0.32312,0.32332,9380
1784380500000,0.32331,0.32338,0.32322,0.32337,12268
1784381400000,0.32322,0.32333,0.32306,0.32329,3140
1784382300000,0.32332,0.32345,0.32329,0.32345,4494
1784383200000,0.32348,0.32355,0.32341,0.32355,13823
1784384100000,0.32354,0.32383,0.32337,0.32383,10583
1784385000000,0.32379,0.32399,0.32371,0.32376,10694
1784385900000,0.32376,0.32376,0.32236,0.32266,40052
1784386800000,0.32268,0.32272,0.32215,0.32219,33851
1784387700000,0.32216,0.32224,0.32195,0.32196,9340
1784388600000,0.32197,0.32218,0.32195,0.32218,8154
1784389500000,0.32218,0.32237,0.32218,0.32237,43028
1784390400000,0.32242,0.32255,0.32237,0.32254,17971
1784391300000,0.32254,0.32263,0.32254,0.32262,5815
1784392200000,0.32261,0.32274,0.32261,0.32274,1468
1784393100000,0.32274,0.32301,0.32273,0.32282,3379
1784394000000,0.3228,0.32281,0.32232,0.3226,90695
1784394900000,0.32257,0.32345,0.32257,0.32338,326975
1784395800000,0.3234,0.3239,0.32339,0.32381,148153
1784396700000,0.32357,0.32632,0.32357,0.32454,1521564
1784397600000,0.32451,0.325,0.32451,0.32473,205794
1784398500000,0.32473,0.3252,0.32473,0.32509,130317
1784399400000,0.32508,0.32551,0.32507,0.32511,33764
1784400300000,0.32511,0.32519,0.32477,0.32499,124581
1784401200000,0.32499,0.32548,0.32499,0.32532,62676
1784402100000,0.3253,0.32638,0.32529,0.32548,1261557
1784403000000,0.32549,0.32575,0.32541,0.32572,120549
1784403900000,0.32572,0.32572,0.32542,0.32548,74371
1784404800000,0.32557,0.32595,0.32557,0.32595,25388
1784405700000,0.32595,0.32608,0.32595,0.32608,6255
1784406600000,0.32607,0.32622,0.32607,0.32619,50818
1784407500000,0.32616,0.32628,0.32566,0.32572,99652
1784408400000,0.32569,0.32573,0.32548,0.32563,33957
1784409300000,0.32564,0.32587,0.32564,0.32568,21631
1784410200000,0.32569,0.32569,0.32539,0.32559,77801
1784411100000,0.32559,0.32564,0.32536,0.32536,42416
1784412000000,0.3254,0.3256,0.32532,0.3256,11866
1784412900000,0.32563,0.32579,0.32563,0.32568,11195
1784413800000,0.32561,0.32587,0.32558,0.32587,9047
1784414700000,0.32586,0.32587,0.32568,0.32568,15730
1784415600000,0.32567,0.32569,0.32567,0.32568,2946
1784416500000,0.32567,0.32585,0.32566,0.3258,39855
1784417400000,0.3258,0.32581,0.32567,0.32569,20206
1784418300000,0.32565,0.32565,0.32559,0.3256,20990
1784419200000,0.3256,0.32616,0.32559,0.32616,51269
1784420100000,0.32619,0.32623,0.32596,0.32597,40824
1784421000000,0.32597,0.32612,0.32597,0.326,5957
1784421900000,0.32602,0.32604,0.32592,0.32592,3356
1784422800000,0.32593,0.32597,0.32587,0.32593,3970
1784423700000,0.32594,0.32599,0.32572,0.32572,4255
1784424600000,0.32572,0.32574,0.32572,0.32573,5581
1784425500000,0.32574,0.32574,0.32565,0.32565,2720
1784426400000,0.32565,0.32605,0.32565,0.32578,35298
1784427300000,0.32579,0.32579,0.3257,0.3257,3073
1784428200000,0.32569,0.3257,0.32554,0.32554,5160
1784429100000,0.32554,0.32556,0.32551,0.32551,16616
1784430000000,0.32551,0.32596,0.32551,0.32577,10291
1784430900000,0.32576,0.32596,0.32569,0.32583,81454
1784431800000,0.32583,0.32583,0.32578,0.32578,2043
1784432700000,0.32578,0.32582,0.32575,0.3258,2897
1784433600000,0.3258,0.32581,0.32573,0.32575,7284
1784434500000,0.32573,0.32574,0.32567,0.3257,9811
1784435400000,0.3257,0.32592,0.3257,0.32591,25164
1784436300000,0.3259,0.32591,0.32582,0.32582,12127
1784437200000,0.32576,0.32587,0.32575,0.32586,77054
1784438100000,0.32581,0.32582,0.32576,0.32577,5229
1784439000000,0.32576,0.32576,0.32572,0.32572,11555
1784439900000,0.32573,0.32573,0.32556,0.32557,37174
1784440800000,0.32559,0.32563,0.32545,0.32546,5856
1784441700000,0.32547,0.32547,0.32543,0.32545,1354
1784442600000,0.32545,0.32545,0.32541,0.32543,1779
1784443500000,0.32543,0.32546,0.32543,0.32546,1878
1784444400000,0.32545,0.32551,0.32545,0.32547,13761
1784445300000,0.32547,0.32547,0.32529,0.32529,2170
1784446200000,0.32529,0.32575,0.32507,0.3257,126289
1784447100000,0.32575,0.32576,0.3256,0.3256,76577
1784448000000,0.3257,0.32645,0.32562,0.32629,116934
1784448900000,0.32629,0.32629,0.32608,0.32609,5411
1784449800000,0.3261,0.3261,0.32596,0.32596,2074
1784450700000,0.32597,0.32597,0.32594,0.32594,2321
1784451600000,0.32594,0.32615,0.32588,0.32609,6165
1784452500000,0.32607,0.32612,0.32606,0.32609,3562
1784453400000,0.32609,0.32658,0.32609,0.32658,16976
1784454300000,0.32666,0.32672,0.32662,0.32672,3724
1784455200000,0.32672,0.32683,0.32672,0.32681,20135
1784456100000,0.3268,0.32735,0.3268,0.32716,40389
1784457000000,0.32716,0.32716,0.32678,0.32692,9944
1784457900000,0.32692,0.32696,0.32677,0.32694,15420
1784458800000,0.32705,0.32717,0.32699,0.32699,10611
1784459700000,0.32699,0.32731,0.32699,0.32726,3454
1784460600000,0.32737,0.32745,0.32734,0.32745,3297
1784461500000,0.32745,0.32751,0.32721,0.32721,16226
1784462400000,0.32726,0.32756,0.3272,0.32736,39264
1784463300000,0.32728,0.32729,0.32726,0.32728,1279
1784464200000,0.32728,0.32729,0.32698,0.32699,6409
1784465100000,0.32699,0.32711,0.32697,0.32711,8529
1784466000000,0.32712,0.32718,0.32698,0.32711,5220
1784466900000,0.32711,0.32712,0.32694,0.32694,82968
1784467800000,0.32695,0.32713,0.32694,0.32709,69976
1784468700000,0.32706,0.32711,0.32685,0.32702,14684
1784469600000,0.32713,0.3272,0.32712,0.32717,6613
1784470500000,0.32717,0.32717,0.32685,0.32685,2294
1784471400000,0.32685,0.327,0.32679,0.32697,3946
1784472300000,0.32697,0.32705,0.32697,0.32705,13571
1784473200000,0.32705,0.32723,0.32704,0.32723,41550
1784474100000,0.32723,0.32723,0.32693,0.32697,24951
1784475000000,0.32698,0.32699,0.32697,0.32699,9371
1784475900000,0.32699,0.32726,0.32699,0.32726,7278
1784476800000,0.32726,0.32732,0.32694,0.32694,46262
1784477700000,0.32694,0.32716,0.32693,0.32712,39100
1784478600000,0.32711,0.32718,0.327,0.32718,41046
1784479500000,0.3272,0.32721,0.32697,0.32701,52722
1784480400000,0.3271,0.32718,0.3268,0.32701,38484
1784481300000,0.32703,0.32713,0.32696,0.32706,24617
1784482200000,0.32709,0.32709,0.32685,0.32685,2794
1784483100000,0.3268,0.3268,0.32672,0.32673,7772
1784484000000,0.32676,0.32676,0.3264,0.32659,20352
1784484900000,0.32671,0.32695,0.32671,0.32681,13993
1784485800000,0.32675,0.32683,0.32674,0.32678,1896
1784486700000,0.32679,0.32692,0.32679,0.32692,11873
1784487600000,0.32693,0.32706,0.3269,0.32701,12041
1784488500000,0.32694,0.32694,0.32667,0.32669,8162
1784489400000,0.32668,0.32685,0.32666,0.32685,8587
1784490300000,0.32684,0.32689,0.32684,0.32688,3474
1784491200000,0.32688,0.32688,0.32672,0.32672,5727
1784492100000,0.32672,0.32673,0.3266,0.3266,2018
1784493000000,0.32678,0.32681,0.32674,0.32679,2176
1784493900000,0.3268,0.32689,0.32677,0.32686,1577
1784494800000,0.32687,0.32701,0.32687,0.327,1651
1784495700000,0.32704,0.32704,0.32702,0.32703,13375
1784496600000,0.32703,0.32703,0.32696,0.327,2404
1784497500000,0.32701,0.32703,0.327,0.32703,41631
1784498400000,0.32683,0.32703,0.32683,0.32696,101572
1784499300000,0.32697,0.32698,0.32685,0.32689,13184
1784500200000,0.32688,0.32688,0.32675,0.32688,1586
1784501100000,0.32684,0.32698,0.32684,0.32698,54436
1784502000000,0.32697,0.32697,0.32686,0.32694,21894
1784502900000,0.32688,0.32698,0.32679,0.32697,12788
1784503800000,0.32698,0.32698,0.32695,0.32697,47457
1784504700000,0.32698,0.32711,0.32668,0.32668,107168
1784505600000,0.32669,0.32722,0.32653,0.32719,51965
1784506500000,0.32706,0.32706,0.32658,0.32661,23303
1784507400000,0.32671,0.32679,0.32663,0.3267,9611
1784508300000,0.32669,0.32671,0.32653,0.32667,23751
1784509200000,0.32693,0.32728,0.32671,0.32696,25391
1784510100000,0.32689,0.32698,0.32664,0.32697,5444
1784511000000,0.32697,0.32697,0.32675,0.32676,4206
1784511900000,0.32675,0.32675,0.32641,0.32659,14464
1784512800000,0.32662,0.32679,0.32654,0.32654,5917
1784513700000,0.32645,0.32665,0.32645,0.32665,2144
1784514600000,0.32665,0.32669,0.32646,0.32659,2261
1784515500000,0.32645,0.32656,0.32627,0.32633,4613
1784516400000,0.32638,0.32638,0.32634,0.32636,2952
1784517300000,0.32634,0.32636,0.32602,0.3261,167255
1784518200000,0.32613,0.32626,0.32613,0.32618,3321
1784519100000,0.32618,0.32627,0.32617,0.32625,3327
1784520000000,0.32633,0.32649,0.32633,0.32634,8409
1784520900000,0.32633,0.32634,0.32625,0.32631,4708
1784521800000,0.32631,0.32635,0.3263,0.32633,2110
1784522700000,0.32633,0.32634,0.32628,0.32629,5431
1784523600000,0.32622,0.32638,0.32603,0.32617,46410
1784524500000,0.3262,0.32633,0.32606,0.32612,1522
1784525400000,0.32612,0.32614,0.32606,0.32614,1266
1784526300000,0.32613,0.32637,0.32608,0.32637,9498
1784527200000,0.32635,0.32642,0.32629,0.3263,5703
1784528100000,0.3264,0.32653,0.32636,0.32653,18554
1784529000000,0.32651,0.32651,0.32601,0.32617,1441
1784529900000,0.32617,0.32639,0.32617,0.32639,8267
1784530800000,0.32638,0.32638,0.32602,0.32602,2175
1784531700000,0.32603,0.32606,0.32568,0.32599,19847
1784532600000,0.32602,0.32603,0.32585,0.3259,3662
1784533500000,0.32589,0.32596,0.32576,0.32595,6410
1784534400000,0.32599,0.32599,0.32578,0.32585,16331
1784535300000,0.32585,0.32595,0.32584,0.32594,3368
1784536200000,0.32595,0.326,0.3256,0.32586,8556
1784537100000,0.32583,0.32588,0.32517,0.32569,19606
1784538000000,0.32572,0.32572,0.32553,0.32567,25648
1784538900000,0.32566,0.32568,0.32554,0.32567,45318
1784539800000,0.3257,0.3259,0.32567,0.32588,11574
1784540700000,0.32586,0.32614,0.32585,0.32585,43962
1784541600000,0.32584,0.32653,0.32565,0.32653,86653
1784542500000,0.3265,0.32653,0.32629,0.3263,9395
1784543400000,0.3263,0.3263,0.32599,0.32608,121849
1784544300000,0.32611,0.32612,0.32581,0.32603,4881
1784545200000,0.326,0.32602,0.32586,0.3259,6699
1784546100000,0.32598,0.32602,0.32539,0.32548,16319
1784547000000,0.32548,0.32602,0.32548,0.3259,61283
1784547900000,0.32588,0.32608,0.32588,0.32596,20960
1784548800000,0.32599,0.32603,0.32558,0.32576,52065
1784549700000,0.32581,0.32614,0.32572,0.3259,365233
1784550600000,0.32589,0.3259,0.32553,0.32553,29843
1784551500000,0.32552,0.32591,0.32552,0.32575,18931
1784552400000,0.32574,0.32585,0.32568,0.32585,15797
1784553300000,0.32583,0.3259,0.32574,0.32575,15583
1784554200000,0.32575,0.32603,0.32567,0.32579,52235
1784555100000,0.32579,0.32592,0.32539,0.32539,30192
1784556000000,0.3254,0.32558,0.32527,0.32527,31433
1784556900000,0.32527,0.32549,0.32509,0.32549,22346
1784557800000,0.32549,0.32549,0.32526,0.32528,14505
1784558700000,0.32532,0.32541,0.32521,0.32541,13516
1784559600000,0.32537,0.32538,0.32523,0.32533,23942
1784560500000,0.32533,0.32534,0.32512,0.32512,30394
1784561400000,0.32514,0.32568,0.32514,0.32568,14402
1784562300000,0.32568,0.32582,0.32562,0.32563,24714
1784563200000,0.32563,0.32646,0.32551,0.32636,176153
1784564100000,0.32638,0.32643,0.32588,0.32601,51329
1784565000000,0.32604,0.32625,0.32586,0.32598,26415
1784565900000,0.32598,0.32619,0.32598,0.32612,29738
1784566800000,0.32613,0.32636,0.32607,0.32631,46112
1784567700000,0.32628,0.32636,0.32622,0.32636,12481
1784568600000,0.32636,0.32639,0.32636,0.32637,12435
1784569500000,0.32637,0.32648,0.32629,0.32636,19900
1784570400000,0.32636,0.32685,0.32635,0.32678,48999
1784571300000,0.32678,0.32696,0.32673,0.32678,86102
1784572200000,0.32678,0.32678,0.32654,0.32654,20885
1784573100000,0.32654,0.32656,0.3264,0.32656,13030
1784574000000,0.32656,0.32667,0.32638,0.32645,21076
1784574900000,0.32645,0.32681,0.32643,0.32681,20203
1784575800000,0.32678,0.32684,0.32671,0.3268,27429
1784576700000,0.3268,0.32683,0.32673,0.32675,14347
1784577600000,0.32681,0.32701,0.32668,0.32683,31896
1784578500000,0.32683,0.32684,0.32676,0.32684,13474
1784579400000,0.32684,0.32688,0.32675,0.32687,13419
1784580300000,0.32687,0.32693,0.32661,0.32661,17358
1784581200000,0.32661,0.32683,0.32648,0.32676,13606
1784582100000,0.32676,0.32686,0.32676,0.32686,12473
1784583000000,0.32686,0.32694,0.32679,0.32689,13582
1784583900000,0.32689,0.3269,0.32662,0.32662,20391
1784584800000,0.32661,0.32661,0.32647,0.32658,21334
1784585700000,0.32657,0.32671,0.32651,0.32669,15110
1784586600000,0.32676,0.32676,0.32642,0.32642,12854
1784587500000,0.32642,0.32667,0.32642,0.32667,12688
1784588400000,0.32664,0.32682,0.32664,0.32676,16996
1784589300000,0.32677,0.32682,0.32667,0.32674,46119
1784590200000,0.32674,0.32675,0.32667,0.32668,26080
1784591100000,0.32668,0.32676,0.32663,0.32676,41064
1784592000000,0.32679,0.32688,0.32633,0.32637,96992
1784592900000,0.32637,0.32655,0.32636,0.32636,28648
1784593800000,0.32636,0.32648,0.32636,0.32648,22158
1784594700000,0.32648,0.32654,0.32634,0.32652,32247
1784595600000,0.3266,0.32669,0.32654,0.3266,15795
1784596500000,0.3266,0.3266,0.32631,0.32637,14352
1784597400000,0.32639,0.3265,0.32623,0.32649,13901
1784598300000,0.32649,0.32649,0.32555,0.32594,51348
1784599200000,0.32607,0.3261,0.32595,0.32595,15135
1784600100000,0.32593,0.32594,0.32584,0.32594,17692
1784601000000,0.32594,0.32608,0.32591,0.32607,13589
1784601900000,0.32603,0.32606,0.32586,0.32597,12994
1784602800000,0.32592,0.32609,0.32584,0.32609,17284
1784603700000,0.32613,0.32618,0.32588,0.32597,29775
1784604600000,0.326,0.326,0.32591,0.32594,12946
1784605500000,0.3259,0.32592,0.32578,0.32586,14028
1784606400000,0.32592,0.32596,0.3258,0.32582,23146
1784607300000,0.32584,0.32585,0.32573,0.32578,19599
1784608200000,0.32578,0.32578,0.32571,0.32576,13036
1784609100000,0.32575,0.32584,0.32571,0.32576,14668
1784610000000,0.32576,0.32604,0.32576,0.32592,52078
1784610900000,0.32601,0.32602,0.32584,0.32602,12999
1784611800000,0.32597,0.32616,0.32589,0.32613,22878
1784612700000,0.32613,0.32613,0.32584,0.32605,13168
1784613600000,0.32609,0.32626,0.32603,0.32625,23776
1784614500000,0.32625,0.32626,0.32621,0.32624,6466
1784615400000,0.32625,0.32666,0.32625,0.32658,25948
1784616300000,0.32663,0.32664,0.32649,0.32652,12869
1784617200000,0.32659,0.3266,0.32642,0.32642,5423
1784618100000,0.32644,0.32664,0.32643,0.32663,10909
1784619000000,0.32663,0.32664,0.32644,0.32654,27434
1784619900000,0.32653,0.32671,0.32652,0.32657,11172
1784620800000,0.32658,0.32658,0.32619,0.3263,20635
1784621700000,0.32647,0.32654,0.32634,0.32646,1853
1784622600000,0.32643,0.32663,0.32635,0.32658,7036
1784623500000,0.32664,0.32668,0.32646,0.32652,7840
1784624400000,0.32641,0.32661,0.32638,0.32649,14648
1784625300000,0.32648,0.32657,0.32636,0.32656,19094
1784626200000,0.32656,0.32667,0.32642,0.32662,17605
1784627100000,0.32662,0.32663,0.32651,0.32654,3119
1784628000000,0.32663,0.32667,0.32659,0.32667,17285
1784628900000,0.32667,0.32674,0.32651,0.32651,19873
1784629800000,0.32651,0.32665,0.32647,0.32659,15761
1784630700000,0.3266,0.32665,0.32657,0.32662,13636
1784631600000,0.32668,0.32764,0.32668,0.32752,72439
1784632500000,0.32752,0.32763,0.32743,0.32751,17137
1784633400000,0.32751,0.32764,0.32751,0.32763,3142
1784634300000,0.32763,0.32778,0.32728,0.32728,47219
1784635200000,0.32733,0.32767,0.32733,0.32745,42297
1784636100000,0.32745,0.32769,0.32742,0.32746,10798
1784637000000,0.3274,0.32764,0.3274,0.32764,4111
1784637900000,0.32765,0.32796,0.32763,0.32778,53341
1784638800000,0.32784,0.32847,0.32784,0.32847,117097
1784639700000,0.32847,0.32915,0.32845,0.32898,135931
1784640600000,0.32892,0.32892,0.32849,0.32849,36714
1784641500000,0.32845,0.3287,0.32815,0.3285,403819
1784642400000,0.32852,0.32872,0.32843,0.32872,28290
1784643300000,0.32871,0.32877,0.32844,0.32862,35983
1784644200000,0.32865,0.32872,0.32852,0.32853,1940
1784645100000,0.32856,0.32856,0.32819,0.32849,247099
1784646000000,0.32855,0.32878,0.32846,0.32878,4621
1784646900000,0.3287,0.32871,0.32822,0.32853,52132
1784647800000,0.32849,0.32849,0.32829,0.32841,3047
1784648700000,0.32841,0.32859,0.32841,0.32847,19993
1784649600000,0.32856,0.32874,0.32851,0.32863,12734
1784650500000,0.32861,0.32877,0.32848,0.32848,3219
1784651400000,0.32866,0.32879,0.32858,0.32858,12495
1784652300000,0.32858,0.32865,0.32824,0.32824,4601
1784653200000,0.3283,0.32857,0.32826,0.32852,15903
1784654100000,0.32853,0.32859,0.32844,0.32857,10692
1784655000000,0.32849,0.32853,0.32845,0.32853,7214
1784655900000,0.32852,0.32852,0.32818,0.32824,7221
1784656800000,0.32828,0.32875,0.32822,0.3287,18103
1784657700000,0.32869,0.32878,0.32869,0.32877,7305
1784658600000,0.3288,0.3289,0.32878,0.32889,157191
1784659500000,0.3289,0.32967,0.3289,0.32961,3067977
1784660400000,0.32959,0.32967,0.32945,0.32948,262809
1784661300000,0.32949,0.32956,0.32942,0.32956,23880
1784662200000,0.32957,0.32957,0.32926,0.32935,5112
1784663100000,0.32933,0.32935,0.32923,0.32923,18987
1784664000000,0.32927,0.32947,0.32923,0.32939,19543
1784664900000,0.32938,0.32954,0.32938,0.32954,2639
1784665800000,0.32955,0.32955,0.32931,0.32938,51648
1784666700000,0.32946,0.32958,0.32936,0.32944,10737
1784667600000,0.3295,0.3296,0.3295,0.32954,2851
1784668500000,0.32943,0.3295,0.32939,0.32949,2000
1784669400000,0.32948,0.32959,0.32896,0.32898,11303
1784670300000,0.32895,0.32925,0.32895,0.32898,15001
1784671200000,0.32903,0.32936,0.32899,0.3291,34605
1784672100000,0.32909,0.32915,0.32898,0.32898,16451
1784673000000,0.329,0.32907,0.32898,0.32906,5908
1784673900000,0.32906,0.32909,0.32902,0.32908,7198
1784674800000,0.32923,0.32933,0.32916,0.32927,19352
1784675700000,0.32932,0.32936,0.32931,0.32934,1942
1784676600000,0.32934,0.32951,0.32934,0.32951,22243
1784677500000,0.3295,0.32953,0.32947,0.32952,10579
1784678400000,0.32952,0.32967,0.32945,0.32956,184126
1784679300000,0.32958,0.32963,0.32906,0.32933,182529
1784680200000,0.32932,0.32937,0.32909,0.32909,70103
1784681100000,0.3292,0.32928,0.3291,0.32917,36279
1784682000000,0.32926,0.32932,0.32892,0.32894,26353
1784682900000,0.32896,0.32903,0.32875,0.32902,34283
1784683800000,0.32898,0.32902,0.32894,0.32897,6608
1784684700000,0.32897,0.32898,0.32877,0.32893,32344
1784685600000,0.32907,0.32912,0.32896,0.32904,1240
1784686500000,0.3291,0.32913,0.32902,0.32904,5192
1784687400000,0.32905,0.32925,0.32905,0.32925,4687
1784688300000,0.32926,0.32926,0.32921,0.32921,2159
1784689200000,0.32925,0.32925,0.32834,0.32846,44702
1784690100000,0.3284,0.32867,0.32832,0.32847,12874
1784691000000,0.3284,0.32867,0.3284,0.32866,250878
1784691900000,0.32869,0.32883,0.32856,0.32865,15797
1784692800000,0.32885,0.329,0.32883,0.32898,5005
1784693700000,0.32898,0.32898,0.32894,0.32894,9398
1784694600000,0.3289,0.32907,0.3289,0.32897,1887
1784695500000,0.32897,0.32916,0.32897,0.32911,14701
1784696400000,0.32914,0.32917,0.32869,0.32896,57601
1784697300000,0.32896,0.32896,0.32868,0.32876,6613
1784698200000,0.32876,0.32881,0.32866,0.32868,8462
1784699100000,0.32874,0.32874,0.3287,0.32873,3060
1784700000000,0.32874,0.32874,0.32864,0.32868,6424
1784700900000,0.32868,0.32869,0.32859,0.32863,6529
1784701800000,0.32863,0.32882,0.3286,0.32878,100009
1784702700000,0.32881,0.32881,0.32832,0.32868,52650
1784703600000,0.32879,0.32879,0.32844,0.32844,5954
1784704500000,0.32846,0.32915,0.32846,0.32889,453174
1784705400000,0.32893,0.32896,0.3288,0.32892,4318
1784706300000,0.32892,0.32906,0.32892,0.329,14143
1784707200000,0.32901,0.32917,0.32901,0.32911,11685
1784708100000,0.32909,0.32909,0.32895,0.329,15646
1784709000000,0.32901,0.32901,0.32864,0.32864,9239
1784709900000,0.32885,0.32898,0.32884,0.32898,8110
1784710800000,0.32909,0.3294,0.32909,0.32939,34859
1784711700000,0.32935,0.32937,0.32935,0.32936,213965
1784712600000,0.32936,0.32957,0.32936,0.32957,63361
1784713500000,0.32955,0.32957,0.32935,0.32953,103747
1784714400000,0.32953,0.33004,0.32953,0.33004,1174513
1784715300000,0.33004,0.33038,0.33004,0.33037,776001
1784716200000,0.33038,0.33039,0.32936,0.33016,524663
1784717100000,0.33016,0.33037,0.33016,0.33035,18140
1784718000000,0.33029,0.33034,0.32988,0.33011,62484
1784718900000,0.33033,0.33042,0.33006,0.33006,58707
1784719800000,0.33014,0.33017,0.32988,0.32993,8223
1784720700000,0.32991,0.33002,0.32991,0.32996,4637
1784721600000,0.32997,0.33014,0.3298,0.3298,12137
1784722500000,0.32976,0.32979,0.32968,0.32976,8328
1784723400000,0.32982,0.32992,0.32964,0.32965,5223
1784724300000,0.32964,0.32973,0.32945,0.32958,5673
1784725200000,0.32964,0.32978,0.32964,0.32978,16063
1784726100000,0.32979,0.32984,0.32978,0.32984,6525
1784727000000,0.32987,0.33007,0.32977,0.32993,7931
1784727900000,0.32978,0.32978,0.32945,0.32947,13765
1784728800000,0.3295,0.32976,0.32933,0.32953,176545
1784729700000,0.32938,0.32938,0.32788,0.32788,239024
1784730600000,0.32793,0.32809,0.32784,0.32803,49984
1784731500000,0.32787,0.32866,0.32787,0.32817,352546
1784732400000,0.32824,0.32839,0.32812,0.32839,4383
1784733300000,0.32829,0.32847,0.32829,0.32844,18603
1784734200000,0.32847,0.32859,0.32832,0.32835,13075
1784735100000,0.32836,0.32847,0.32825,0.32829,3785
1784736000000,0.32829,0.3284,0.32821,0.32825,10325
1784736900000,0.32825,0.32828,0.32813,0.32825,10946
1784737800000,0.32826,0.32852,0.32823,0.32851,13303
1784738700000,0.3285,0.3286,0.32847,0.32854,37422
1784739600000,0.32856,0.32863,0.32855,0.32857,11420
1784740500000,0.32857,0.32865,0.32847,0.32848,19301
1784741400000,0.32848,0.32866,0.32845,0.32864,13374
1784742300000,0.32863,0.32868,0.32858,0.3286,16079
1784743200000,0.32865,0.32865,0.32843,0.32859,11425
1784744100000,0.32859,0.32859,0.32843,0.32843,9502
1784745000000,0.32843,0.32846,0.32827,0.32837,14354
1784745900000,0.3283,0.32844,0.32829,0.32831,72852
1784746800000,0.32844,0.32844,0.32817,0.32817,1248
1784747700000,0.32816,0.32828,0.32815,0.32826,14179
1784748600000,0.32826,0.32841,0.32825,0.32837,9354
1784749500000,0.32836,0.32846,0.32835,0.32844,15416
1784750400000,0.32854,0.32866,0.32854,0.32858,11378
1784751300000,0.32862,0.32862,0.32842,0.32842,8189
1784752200000,0.32843,0.32856,0.32842,0.3285,24752
1784753100000,0.3285,0.32856,0.32838,0.32838,11321
1784754000000,0.32846,0.32855,0.32844,0.32853,13266
1784754900000,0.32852,0.32859,0.32848,0.32848,17246
1784755800000,0.32856,0.32863,0.32852,0.32859,14740
1784756700000,0.32856,0.32856,0.3282,0.3282,46942
1784757600000,0.32831,0.32863,0.3283,0.3285,68444
1784758500000,0.3285,0.32851,0.32844,0.32845,12228
1784759400000,0.32845,0.32845,0.32842,0.32842,28085
1784760300000,0.32842,0.32852,0.32842,0.32843,25485
1784761200000,0.32844,0.32881,0.32844,0.32854,33940
1784762100000,0.32854,0.32855,0.32847,0.32847,22361
1784763000000,0.32847,0.32858,0.3284,0.32849,41713
1784763900000,0.32849,0.32878,0.32849,0.32872,50799
1784764800000,0.32872,0.32883,0.32857,0.3286,163925
1784765700000,0.3286,0.32879,0.32858,0.32878,63734
1784766600000,0.32878,0.32878,0.32867,0.32868,41800
1784767500000,0.32868,0.32875,0.32868,0.32872,30903
1784768400000,0.32878,0.32881,0.32863,0.3288,14175
1784769300000,0.32882,0.32883,0.3287,0.32871,12229
1784770200000,0.32871,0.32875,0.32867,0.32869,15980
1784771100000,0.32869,0.32896,0.32869,0.32892,19520
1784772000000,0.32896,0.329,0.32896,0.32899,22279
1784772900000,0.32899,0.32902,0.32894,0.32895,63779
1784773800000,0.32898,0.32914,0.32894,0.329,29190
1784774700000,0.329,0.32904,0.32894,0.32894,48714
1784775600000,0.32897,0.32897,0.32855,0.32855,23480
1784776500000,0.32855,0.32858,0.32824,0.32827,12261
1784777400000,0.32827,0.32842,0.32822,0.32825,24666
1784778300000,0.32828,0.32834,0.3281,0.32831,110848
1784779200000,0.3284,0.3284,0.32828,0.3283,16465
1784780100000,0.3283,0.32853,0.32829,0.32844,27426
1784781000000,0.32846,0.32892,0.32845,0.32863,458029
1784781900000,0.32863,0.32874,0.32856,0.32856,23384
1784782800000,0.32857,0.32864,0.32848,0.32848,21140
1784783700000,0.32855,0.32872,0.32854,0.32869,14094
1784784600000,0.32871,0.32872,0.32852,0.32858,14877
1784785500000,0.32865,0.32875,0.32862,0.32872,20493
1784786400000,0.32874,0.329,0.32874,0.32878,18454
1784787300000,0.32878,0.32892,0.32878,0.32892,42724
1784788200000,0.32892,0.32896,0.32889,0.32891,13003
1784789100000,0.32903,0.32904,0.32899,0.32901,13701
1784790000000,0.32904,0.32914,0.32891,0.32908,22468
1784790900000,0.32911,0.32931,0.329,0.32908,18013
1784791800000,0.32908,0.32923,0.32908,0.32916,23591
1784792700000,0.32917,0.32923,0.32882,0.32897,28084
1784793600000,0.32908,0.32908,0.32826,0.32831,49183
1784794500000,0.32821,0.32831,0.32686,0.32711,117678
1784795400000,0.32712,0.3276,0.32712,0.32755,88596
1784796300000,0.32755,0.32756,0.3275,0.32752,177309
1784797200000,0.32758,0.32765,0.32681,0.32734,289242
1784798100000,0.32734,0.32751,0.32728,0.32748,15594
1784799000000,0.32748,0.32763,0.32745,0.32763,22394
1784799900000,0.32763,0.32765,0.32715,0.32715,18738
1784800800000,0.32725,0.32739,0.32715,0.32737,19400
1784801700000,0.32737,0.32751,0.32735,0.32751,85588
1784802600000,0.32751,0.32782,0.32737,0.32775,34091
1784803500000,0.32775,0.32817,0.32775,0.32808,27451
1784804400000,0.32812,0.32826,0.32786,0.32786,13461
1784805300000,0.32776,0.32779,0.327,0.32734,51987
1784806200000,0.32746,0.32746,0.32661,0.32661,42261
1784807100000,0.32658,0.3272,0.32652,0.32715,20874
1784808000000,0.32724,0.32724,0.32688,0.32688,16835
1784808900000,0.32686,0.32686,0.3265,0.32667,17727
1784809800000,0.32661,0.3268,0.32613,0.32613,59274
1784810700000,0.32616,0.32647,0.32607,0.32635,13246
1784811600000,0.32627,0.32648,0.32614,0.32614,16367
1784812500000,0.32609,0.32629,0.32605,0.32623,15396
1784813400000,0.32623,0.32652,0.32623,0.32648,40436
1784814300000,0.32649,0.32649,0.32607,0.32635,21682
1784815200000,0.32638,0.32658,0.32616,0.32641,41047
1784816100000,0.32642,0.32644,0.32612,0.32637,15096
1784817000000,0.32637,0.32646,0.32613,0.32627,13900
1784817900000,0.32627,0.32636,0.32623,0.32623,21166
1784818800000,0.32624,0.32641,0.32609,0.32638,74347
1784819700000,0.32644,0.32658,0.32636,0.32653,19632
1784820600000,0.32653,0.32653,0.32645,0.32646,15006
1784821500000,0.32648,0.32648,0.32621,0.32627,32082
1784822400000,0.32639,0.32664,0.32587,0.32656,70519
1784823300000,0.32661,0.32661,0.32606,0.32606,30744
1784824200000,0.32606,0.32629,0.32605,0.32627,8251
1784825100000,0.32625,0.32636,0.32624,0.32633,25434
1784826000000,0.32651,0.32661,0.32645,0.32659,3688
1784826900000,0.32665,0.32682,0.3266,0.32681,21449
1784827800000,0.32682,0.32682,0.32672,0.32674,15732
1784828700000,0.32676,0.32677,0.32658,0.32658,6030
1784829600000,0.32665,0.32677,0.32665,0.32676,1919
1784830500000,0.32677,0.32685,0.3267,0.32679,10340
1784831400000,0.32683,0.32693,0.32683,0.32685,13177
1784832300000,0.32689,0.32689,0.32686,0.32687,5484
1784833200000,0.3269,0.32708,0.3269,0.32691,10423
1784834100000,0.32691,0.32708,0.3269,0.32706,4957
1784835000000,0.32705,0.32715,0.3269,0.32703,3508
1784835900000,0.32699,0.32705,0.32694,0.32704,4521
1784836800000,0.32705,0.32717,0.32705,0.32713,12611
1784837700000,0.32713,0.32727,0.32713,0.32727,1821
1784838600000,0.32726,0.32726,0.32707,0.32708,4891
1784839500000,0.32711,0.32778,0.32711,0.32778,5765
1784840400000,0.3278,0.32855,0.3278,0.32852,70828
1784841300000,0.32863,0.32863,0.32818,0.32844,9156
1784842200000,0.32844,0.32846,0.32826,0.3284,5388
1784843100000,0.3283,0.32843,0.3283,0.32842,21147
1784844000000,0.32839,0.32848,0.32839,0.32839,3635
1784844900000,0.32839,0.32846,0.32828,0.32839,3955
1784845800000,0.32836,0.32838,0.32822,0.32835,15517
1784846700000,0.32833,0.32847,0.32833,0.32847,3585
1784847600000,0.32847,0.32871,0.32847,0.32858,25743
1784848500000,0.32863,0.32874,0.32853,0.32853,17142
1784849400000,0.32856,0.3286,0.32844,0.3286,11641
1784850300000,0.3286,0.32873,0.32856,0.32873,18591
1784851200000,0.32871,0.32892,0.3286,0.32891,84683
1784852100000,0.32891,0.32899,0.32862,0.32879,33754
1784853000000,0.32878,0.3288,0.32861,0.3288,43963
1784853900000,0.32882,0.32882,0.32857,0.32858,18839
1784854800000,0.32858,0.32858,0.3285,0.32857,10300
1784855700000,0.32856,0.32858,0.32856,0.32858,92324
1784856600000,0.32857,0.32874,0.32852,0.32874,29283
1784857500000,0.32872,0.32873,0.3286,0.32862,24625
1784858400000,0.3287,0.3287,0.32835,0.32862,25855
1784859300000,0.32861,0.32867,0.32861,0.32862,110443
1784860200000,0.32863,0.32863,0.32803,0.32819,43528
1784861100000,0.32819,0.32839,0.32808,0.32833,37016
1784862000000,0.32834,0.32866,0.32833,0.32853,11356
1784862900000,0.32864,0.32864,0.32847,0.32847,94098
1784863800000,0.32845,0.32858,0.32845,0.32858,2639
1784864700000,0.32857,0.32877,0.32855,0.32877,8803
1784865600000,0.32879,0.32955,0.32879,0.32952,11030
1784866500000,0.32953,0.32961,0.32952,0.32961,2890
1784867400000,0.3296,0.32972,0.32959,0.3297,2121
1784868300000,0.32974,0.32974,0.32966,0.32966,1736
1784869200000,0.32912,0.32947,0.32911,0.32922,135976
1784870100000,0.32922,0.32959,0.32921,0.32957,1553
1784871000000,0.32955,0.32981,0.3294,0.3294,12967
1784871900000,0.3294,0.32969,0.3294,0.32964,5479
1784872800000,0.32964,0.33001,0.32964,0.3299,9108
1784873700000,0.32986,0.33008,0.32986,0.33008,2966
1784874600000,0.33009,0.33031,0.33007,0.33017,8589
1784875500000,0.33017,0.33037,0.33017,0.33021,6381
1784876400000,0.3302,0.3306,0.3302,0.3306,45234
1784877300000,0.3306,0.33124,0.3306,0.33121,25335
1784878200000,0.33121,0.33121,0.33107,0.33121,8123
1784879100000,0.33122,0.33128,0.33122,0.33128,9368
1784880000000,0.33128,0.33158,0.33127,0.33143,31130
1784880900000,0.33136,0.33144,0.33091,0.33098,78603
1784881800000,0.33098,0.33098,0.33077,0.33089,6840
1784882700000,0.33089,0.33094,0.33088,0.33094,295747
1784883600000,0.33095,0.33112,0.33095,0.33111,13191
1784884500000,0.33112,0.3312,0.33099,0.3312,20247
1784885400000,0.33121,0.33129,0.33107,0.33121,90726
1784886300000,0.33116,0.33116,0.33099,0.33105,13560
1784887200000,0.33106,0.33136,0.33106,0.33136,322749
1784888100000,0.33136,0.33172,0.33136,0.33168,302178
1784889000000,0.33172,0.33182,0.33142,0.33161,98909
1784889900000,0.33162,0.33165,0.33108,0.33122,196714
1784890800000,0.33123,0.33161,0.33121,0.33157,34822
1784891700000,0.33161,0.3317,0.33156,0.33162,1552
1784892600000,0.3315,0.33153,0.33143,0.33146,2009
1784893500000,0.33145,0.33163,0.33142,0.33142,5322
1784894400000,0.33136,0.33152,0.33118,0.33118,50036
1784895300000,0.33118,0.33118,0.33101,0.33104,10374
1784896200000,0.33112,0.33113,0.33101,0.33101,3052
1784897100000,0.33104,0.33123,0.33096,0.33096,6949
1784898000000,0.33099,0.33099,0.33025,0.33034,67988
1784898900000,0.33027,0.33038,0.33024,0.33025,107547
1784899800000,0.33011,0.33042,0.3301,0.33042,109119
1784900700000,0.33041,0.3305,0.3301,0.33027,43196
1784901600000,0.33036,0.33051,0.33027,0.33041,23299
1784902500000,0.33035,0.33035,0.33,0.3301,35538
1784903400000,0.3301,0.33049,0.3301,0.33023,133564
1784904300000,0.33023,0.33051,0.33019,0.33051,10004
1784905200000,0.33047,0.33077,0.33047,0.33056,90408
1784906100000,0.33056,0.33067,0.33042,0.33043,10002
1784907000000,0.33038,0.33041,0.33021,0.33025,6462
1784907900000,0.33021,0.33029,0.32999,0.33027,43216
1784908800000,0.3302,0.33037,0.33015,0.33032,10916
1784909700000,0.33029,0.33047,0.33029,0.33047,2052
1784910600000,0.33046,0.33053,0.33021,0.33027,20582
1784911500000,0.33027,0.33043,0.33026,0.33043,10897
1784912400000,0.33041,0.33044,0.3302,0.33021,13508
1784913300000,0.33025,0.33038,0.33018,0.33036,4677
1784914200000,0.33035,0.3305,0.33034,0.33041,2085
1784915100000,0.33043,0.33046,0.3304,0.33046,9742
1784916000000,0.3305,0.3305,0.33044,0.33048,12928
1784916900000,0.33054,0.33054,0.33028,0.33029,9954
1784917800000,0.33027,0.33033,0.33015,0.33027,46674
1784918700000,0.33027,0.3305,0.33023,0.33044,4443
1784919600000,0.33053,0.33053,0.33047,0.33048,5051
1784920500000,0.33032,0.33038,0.33027,0.33033,4752
1784921400000,0.33034,0.33053,0.33034,0.33047,26185
1784922300000,0.33048,0.33233,0.33048,0.33211,366357
1784923200000,0.33211,0.33226,0.33078,0.33107,30435
1784924100000,0.33116,0.33126,0.33115,0.33123,4116
1784925000000,0.33093,0.33109,0.33074,0.33102,13111
1784925900000,0.33107,0.33109,0.33099,0.33107,4435
1784926800000,0.33108,0.33108,0.3307,0.33078,75712
1784927700000,0.33095,0.33095,0.33062,0.33063,76091
1784928600000,0.33071,0.33082,0.33061,0.33061,8139
1784929500000,0.33061,0.33061,0.33042,0.33045,11289
1784930400000,0.33045,0.33058,0.3302,0.3302,67573
1784931300000,0.3302,0.3304,0.33019,0.3304,31742
1784932200000,0.3304,0.3304,0.33021,0.33034,1909
1784933100000,0.33031,0.33034,0.33029,0.33032,1478
1784934000000,0.33034,0.33057,0.33034,0.33053,6454
1784934900000,0.33057,0.33062,0.33045,0.33057,71091
1784935800000,0.33057,0.3307,0.33056,0.33064,30616
1784936700000,0.33076,0.3308,0.33057,0.33074,61170
1784937600000,0.33062,0.33085,0.33049,0.33065,73306
1784938500000,0.33066,0.33098,0.33061,0.33095,35168
1784939400000,0.33095,0.3311,0.33093,0.33098,40961
1784940300000,0.33098,0.33098,0.33092,0.33094,7592
1784941200000,0.33094,0.33102,0.33081,0.33081,16619
1784942100000,0.33081,0.33096,0.3308,0.33096,11086
1784943000000,0.33096,0.33105,0.3308,0.33095,53929
1784943900000,0.33096,0.33097,0.33093,0.33095,24035
1784944800000,0.33096,0.33104,0.33092,0.33092,35835
1784945700000,0.33092,0.33093,0.33077,0.33079,24632
1784946600000,0.33079,0.33095,0.33079,0.33091,12313
1784947500000,0.33095,0.33095,0.33088,0.33088,13822
1784948400000,0.33091,0.33091,0.32944,0.32969,45585
1784949300000,0.32958,0.32984,0.32958,0.32979,6041
1784950200000,0.32971,0.32988,0.32971,0.32987,3299
1784951100000,0.32986,0.32992,0.32982,0.32987,37676
1784952000000,0.32993,0.33002,0.32974,0.32995,7064
1784952900000,0.32995,0.33003,0.32994,0.32997,19903
1784953800000,0.32997,0.33008,0.32983,0.33007,2013
1784954700000,0.33008,0.33009,0.32968,0.32972,3592
1784955600000,0.32972,0.32993,0.32971,0.32975,94006
1784956500000,0.32976,0.3298,0.32963,0.32973,1840
1784957400000,0.32972,0.32978,0.32962,0.32976,1321
1784958300000,0.32978,0.3299,0.32976,0.32982,6703
1784959200000,0.32954,0.32954,0.32926,0.32942,30426
1784960100000,0.32936,0.32951,0.32936,0.32938,29672
1784961000000,0.32939,0.32965,0.32938,0.32952,111625
1784961900000,0.32945,0.32951,0.32941,0.32941,9677
1784962800000,0.32945,0.32945,0.3293,0.32933,6905
1784963700000,0.32931,0.32943,0.32927,0.32939,11037
1784964600000,0.32937,0.32951,0.32934,0.32949,29684
1784965500000,0.32947,0.3295,0.32935,0.32935,28878
1784966400000,0.32935,0.32945,0.32926,0.32926,12709
1784967300000,0.32927,0.32936,0.32926,0.32935,4211
1784968200000,0.32938,0.32938,0.32931,0.32932,3349
1784969100000,0.32931,0.32932,0.32924,0.32932,80434
1784970000000,0.32931,0.32974,0.3293,0.32972,60554
1784970900000,0.32972,0.32982,0.32972,0.32982,28071
1784971800000,0.32981,0.32982,0.32959,0.32959,42779
1784972700000,0.32965,0.3297,0.32959,0.32962,3059
1784973600000,0.32964,0.32973,0.32962,0.32967,15200
1784974500000,0.32963,0.32968,0.32955,0.32956,7276
1784975400000,0.32957,0.32959,0.32956,0.32956,1346
1784976300000,0.32956,0.32957,0.32954,0.32955,3485
1784977200000,0.32956,0.32983,0.32956,0.32966,6303
1784978100000,0.32964,0.32988,0.32964,0.3298,2727
1784979000000,0.3298,0.32985,0.3298,0.3298,1990
1784979900000,0.32985,0.32989,0.32969,0.32971,68419
1784980800000,0.32969,0.32989,0.32968,0.32981,11213
1784981700000,0.3298,0.32988,0.32973,0.32988,1919
1784982600000,0.32986,0.32986,0.32981,0.32983,1472
1784983500000,0.32981,0.32985,0.32981,0.32982,5020
1784984400000,0.32984,0.32989,0.3298,0.32985,2204
1784985300000,0.32987,0.32987,0.32981,0.32982,9220
1784986200000,0.32988,0.32989,0.32965,0.32965,5445
1784987100000,0.32975,0.3299,0.32957,0.32957,22442
1784988000000,0.32972,0.32972,0.32948,0.32948,22674
1784988900000,0.32951,0.32961,0.32948,0.32951,2877
1784989800000,0.32947,0.3296,0.32943,0.32958,4125
1784990700000,0.32971,0.32973,0.32963,0.32965,15899
1784991600000,0.32968,0.32987,0.32968,0.32982,22321
1784992500000,0.32986,0.32986,0.32976,0.3298,10754
1784993400000,0.32982,0.32985,0.32979,0.32979,7709
1784994300000,0.32979,0.32989,0.32958,0.32983,15698
1784995200000,0.32985,0.3307,0.32964,0.3307,16202
1784996100000,0.3307,0.33094,0.33068,0.33094,62043
1784997000000,0.33094,0.33095,0.33075,0.33082,9350
1784997900000,0.33084,0.33201,0.33083,0.33194,38645
1784998800000,0.33192,0.33274,0.33156,0.33274,162614
1784999700000,0.33274,0.33346,0.33269,0.33325,165065
1785000600000,0.33334,0.33334,0.33226,0.33226,40039
1785001500000,0.33252,0.33254,0.33214,0.33214,13068
1785002400000,0.33223,0.33233,0.33134,0.33171,23140
1785003300000,0.33177,0.33177,0.33141,0.33141,4801
1785004200000,0.33145,0.33148,0.33096,0.33123,2252
1785005100000,0.33129,0.33129,0.3308,0.33107,16337
1785006000000,0.3311,0.33114,0.33076,0.33101,71090
1785006900000,0.33105,0.33105,0.33067,0.33086,5243
1785007800000,0.33079,0.33079,0.33045,0.33049,6456
1785008700000,0.33049,0.33058,0.33045,0.33054,9511
1785009600000,0.33052,0.33061,0.33039,0.33061,12760
1785010500000,0.3306,0.3306,0.33048,0.33049,6843
1785011400000,0.3305,0.33056,0.33049,0.33051,18500
1785012300000,0.33052,0.33063,0.33051,0.33063,9688
1785013200000,0.33062,0.33092,0.33055,0.3308,17822
1785014100000,0.33083,0.33091,0.33077,0.33083,4436
1785015000000,0.33083,0.33117,0.33083,0.33111,25637
1785015900000,0.3311,0.33118,0.33105,0.33107,2920
1785016800000,0.33109,0.3313,0.33104,0.33104,13271
1785017700000,0.33118,0.33135,0.33113,0.33135,4013
1785018600000,0.33135,0.33138,0.33131,0.33136,2088
1785019500000,0.3313,0.33144,0.3313,0.33144,4824
1785020400000,0.3314,0.33153,0.3314,0.33142,9419
1785021300000,0.33144,0.3315,0.33123,0.33138,45346
1785022200000,0.33138,0.3315,0.33136,0.33143,38193
1785023100000,0.33139,0.33156,0.33139,0.33149,48663
1785024000000,0.3315,0.33162,0.33136,0.33138,88460
1785024900000,0.33136,0.33151,0.33128,0.33149,16546
1785025800000,0.3315,0.33194,0.3315,0.33158,93371
1785026700000,0.33156,0.33161,0.33118,0.3315,8859
1785027600000,0.3315,0.33151,0.33119,0.33136,27120
1785028500000,0.33132,0.33133,0.33125,0.33129,3506
1785029400000,0.33138,0.33138,0.33127,0.3313,4064
1785030300000,0.33129,0.3313,0.33118,0.33119,7115
1785031200000,0.33121,0.33127,0.33119,0.3312,4302
1785032100000,0.33119,0.3312,0.3311,0.3312,6987
1785033000000,0.3312,0.33122,0.33116,0.33116,2584
1785033900000,0.33109,0.33112,0.33102,0.33102,2616
1785034800000,0.33102,0.33131,0.33087,0.33131,33271
1785035700000,0.3313,0.33135,0.3313,0.33134,8955
1785036600000,0.33132,0.33137,0.33109,0.33111,23858
1785037500000,0.33114,0.33114,0.33098,0.33102,1430
1785038400000,0.33099,0.33133,0.33097,0.33116,10744
1785039300000,0.33115,0.3313,0.33115,0.33119,21439
1785040200000,0.33119,0.33121,0.33116,0.33118,4500
1785041100000,0.33125,0.33125,0.33112,0.33112,8098
1785042000000,0.33118,0.33127,0.33117,0.33124,67933
1785042900000,0.33118,0.33127,0.33112,0.33117,9534
1785043800000,0.3312,0.33126,0.3311,0.33116,5705
1785044700000,0.33121,0.33121,0.33103,0.33108,2059
1785045600000,0.33111,0.33116,0.33087,0.33088,8602
1785046500000,0.33086,0.33112,0.33086,0.33109,14075
1785047400000,0.33099,0.33118,0.33099,0.33117,3425
1785048300000,0.33117,0.33128,0.33112,0.33127,3062
1785049200000,0.33127,0.33128,0.33104,0.33104,6633
1785050100000,0.33104,0.33111,0.33095,0.33111,18983
1785051000000,0.33108,0.33111,0.33094,0.33094,33569
1785051900000,0.33087,0.33093,0.33079,0.33089,22824
1785052800000,0.3308,0.33096,0.33035,0.33052,182525
1785053700000,0.33053,0.33058,0.33052,0.33058,32703
1785054600000,0.33059,0.33062,0.33058,0.33061,15141
1785055500000,0.33061,0.3308,0.33061,0.3308,22882
1785056400000,0.33081,0.33108,0.33081,0.33106,29495
1785057300000,0.33106,0.33131,0.33106,0.3313,31485
1785058200000,0.33129,0.33177,0.33129,0.33175,13806
1785059100000,0.33175,0.33175,0.3316,0.33163,2955
1785060000000,0.33169,0.33178,0.33128,0.33135,109534
1785060900000,0.33134,0.33171,0.33134,0.33154,30816
1785061800000,0.33179,0.3324,0.33175,0.3324,8754
1785062700000,0.33239,0.33241,0.33222,0.33222,25621
1785063600000,0.33225,0.33251,0.33225,0.33239,10279
1785064500000,0.33237,0.33242,0.33208,0.33219,32699
1785065400000,0.33223,0.33228,0.33218,0.33221,8726
1785066300000,0.33221,0.33224,0.33216,0.33218,3841
1785067200000,0.33223,0.33235,0.33218,0.33235,40422
1785068100000,0.33231,0.33231,0.33217,0.33231,7242
1785069000000,0.33236,0.3328,0.33236,0.3325,97241
1785069900000,0.3325,0.33272,0.33246,0.33268,41372
1785070800000,0.33264,0.33272,0.33246,0.33261,46258
1785071700000,0.33259,0.33269,0.33259,0.33268,3689
1785072600000,0.33264,0.33272,0.33264,0.33267,10082
1785073500000,0.33267,0.33269,0.33246,0.33251,14773
1785074400000,0.33263,0.33271,0.33249,0.33264,12698
1785075300000,0.33261,0.33263,0.33234,0.33234,14242
1785076200000,0.33234,0.33321,0.33233,0.3326,324640
1785077100000,0.33254,0.33258,0.33243,0.33255,145964
1785078000000,0.33255,0.33272,0.33255,0.33257,31347
1785078900000,0.33263,0.33272,0.33258,0.33269,37882
1785079800000,0.33269,0.33278,0.33268,0.33268,37833
1785080700000,0.33268,0.33272,0.33267,0.33272,4136
1785081600000,0.33272,0.33285,0.33271,0.33273,26415
1785082500000,0.33271,0.3328,0.33271,0.3328,4088
1785083400000,0.33281,0.33297,0.33276,0.33286,33267
1785084300000,0.33286,0.33286,0.33281,0.33283,8014
1785085200000,0.33283,0.33287,0.33265,0.33265,26578
1785086100000,0.33266,0.33274,0.33245,0.33246,20023
1785087000000,0.33243,0.33256,0.33243,0.3325,11918
1785087900000,0.33253,0.33253,0.33241,0.33241,3259
1785088800000,0.33242,0.33242,0.33211,0.33221,10218
1785089700000,0.3322,0.33223,0.33215,0.33223,6093
1785090600000,0.33223,0.33231,0.33222,0.33227,7943
1785091500000,0.33227,0.33237,0.33222,0.33222,2914
1785092400000,0.33228,0.33229,0.33205,0.33205,31417
1785093300000,0.33205,0.33206,0.33197,0.33197,2584
1785094200000,0.33197,0.33202,0.33197,0.33198,12559
1785095100000,0.33198,0.33199,0.33194,0.33194,8552
1785096000000,0.33199,0.33199,0.33179,0.33191,18249
1785096900000,0.33186,0.33191,0.33181,0.33189,7344
1785097800000,0.33188,0.33188,0.33179,0.33179,3105
1785098700000,0.33185,0.33185,0.33179,0.33182,1703
1785099600000,0.33184,0.33191,0.33178,0.33178,8409
1785100500000,0.33171,0.33226,0.33171,0.33203,10581
1785101400000,0.33203,0.33213,0.332,0.33205,10511
1785102300000,0.33205,0.33213,0.33189,0.33191,6250
1785103200000,0.33208,0.33216,0.33198,0.33213,11251
1785104100000,0.33219,0.33219,0.33209,0.3321,6937
1785105000000,0.3321,0.33224,0.33206,0.33207,21545
1785105900000,0.33207,0.33214,0.33204,0.33207,4102
1785106800000,0.33205,0.33207,0.33171,0.33176,126784
1785107700000,0.33182,0.33191,0.33163,0.33182,120864
1785108600000,0.33171,0.3322,0.33161,0.3322,24497
1785109500000,0.33229,0.33241,0.33195,0.33232,57688
1785110400000,0.33222,0.33242,0.33204,0.3323,77615
1785111300000,0.33229,0.33234,0.33182,0.33204,256838
1785112200000,0.33204,0.33212,0.33186,0.33187,80155
1785113100000,0.33186,0.3319,0.33166,0.33169,48916
1785114000000,0.33169,0.33181,0.33163,0.33169,56946
1785114900000,0.33166,0.33167,0.33153,0.33153,84807
1785115800000,0.3316,0.33164,0.3314,0.33151,50707
1785116700000,0.33151,0.33154,0.33144,0.33148,71346
1785117600000,0.33144,0.3315,0.33144,0.3315,7713
1785118500000,0.3315,0.33154,0.3313,0.3313,5547
1785119400000,0.33132,0.33134,0.3312,0.33128,12435
1785120300000,0.33124,0.33132,0.33117,0.33119,119763
1785121200000,0.33126,0.33126,0.33115,0.33117,6426
1785122100000,0.33121,0.33136,0.33117,0.33133,11611
1785123000000,0.33134,0.33145,0.33126,0.33143,35366
1785123900000,0.33136,0.33137,0.33125,0.33125,16408
1785124800000,0.3314,0.33146,0.33134,0.33137,2875
1785125700000,0.33141,0.33148,0.33135,0.3314,5042
1785126600000,0.33135,0.33154,0.33135,0.33154,2141
1785127500000,0.33149,0.33152,0.33146,0.33147,22974
1785128400000,0.33147,0.33168,0.33132,0.33148,22376
1785129300000,0.33149,0.33162,0.3314,0.33162,1811
1785130200000,0.33162,0.33186,0.33158,0.33182,1958
1785131100000,0.33186,0.33202,0.33183,0.33196,18669
1785132000000,0.33188,0.33196,0.33176,0.33187,115855
1785132900000,0.33187,0.33198,0.33184,0.33193,5480
1785133800000,0.33189,0.33219,0.33189,0.33208,14219
1785134700000,0.33207,0.33208,0.332,0.33204,3810
1785135600000,0.33193,0.33193,0.33184,0.33185,1995
1785136500000,0.33184,0.33185,0.33172,0.33174,6934
1785137400000,0.33174,0.33174,0.33138,0.3314,10496
1785138300000,0.33143,0.33152,0.33131,0.33131,6177
1785139200000,0.3313,0.33137,0.33118,0.33132,15481
1785140100000,0.3313,0.33145,0.33129,0.33143,8202
1785141000000,0.33142,0.33142,0.33141,0.33142,3665
1785141900000,0.33141,0.33142,0.33141,0.33142,2792
1785142800000,0.33142,0.33175,0.33141,0.33162,16198
1785143700000,0.33159,0.33159,0.33147,0.33147,1954
1785144600000,0.33149,0.33149,0.33141,0.33143,51706
1785145500000,0.33147,0.33148,0.33141,0.33141,4356
1785146400000,0.33142,0.33143,0.33141,0.33143,85036
1785147300000,0.33143,0.33143,0.33117,0.33125,43866
1785148200000,0.33124,0.33124,0.33108,0.33108,61886
1785149100000,0.33108,0.33109,0.33042,0.33042,28778
1785150000000,0.33044,0.33044,0.33,0.33021,21246
1785150900000,0.33019,0.33134,0.33012,0.33034,482913
1785151800000,0.33029,0.33096,0.33029,0.33096,23865
1785152700000,0.33096,0.33096,0.33059,0.33059,5982
1785153600000,0.33049,0.33091,0.33049,0.33074,10227
1785154500000,0.3307,0.33072,0.33047,0.33061,53478
1785155400000,0.3305,0.33098,0.33035,0.33094,40807
1785156300000,0.33095,0.33097,0.33088,0.33088,2036
1785157200000,0.33088,0.33092,0.33011,0.33071,511492
1785158100000,0.33073,0.33085,0.33059,0.33059,26451
1785159000000,0.3306,0.33075,0.33057,0.33069,9464
1785159900000,0.33072,0.33073,0.33021,0.33027,28552
1785160800000,0.33027,0.33048,0.33025,0.33034,13143
1785161700000,0.33029,0.33035,0.32985,0.32985,22352
1785162600000,0.3298,0.3298,0.32872,0.32874,130305
1785163500000,0.3287,0.32875,0.32859,0.32862,9609
1785164400000,0.32866,0.32882,0.32862,0.32878,8643
1785165300000,0.32874,0.32892,0.32867,0.32867,9349
1785166200000,0.32865,0.32887,0.32854,0.32875,24518
1785167100000,0.32877,0.32877,0.32855,0.32855,8472
1785168000000,0.32854,0.32855,0.32826,0.32831,41950
1785168900000,0.3283,0.32854,0.3283,0.32852,19182
1785169800000,0.32854,0.32856,0.32834,0.32855,12948
1785170700000,0.32855,0.32857,0.32834,0.32846,30553
1785171600000,0.32851,0.32851,0.32836,0.32848,14110
1785172500000,0.32846,0.32847,0.32838,0.32838,8435
1785173400000,0.32844,0.32849,0.32836,0.32848,6291
1785174300000,0.32845,0.32847,0.32837,0.3284,10127
1785175200000,0.32843,0.32843,0.328,0.32802,11968
1785176100000,0.32794,0.32796,0.32759,0.32759,90158
1785177000000,0.32764,0.32777,0.3276,0.32777,52196
1785177900000,0.32777,0.32801,0.32775,0.32786,37253
1785178800000,0.32792,0.32811,0.32786,0.32807,13004
1785179700000,0.32806,0.32806,0.32787,0.32791,3878
1785180600000,0.32788,0.32792,0.32765,0.32765,3927
1785181500000,0.32772,0.32784,0.32763,0.32773,13937
1785182400000,0.32784,0.32784,0.32751,0.32754,20641
1785183300000,0.3276,0.32766,0.32755,0.32765,16027
1785184200000,0.32765,0.32788,0.32753,0.32754,64521
1785185100000,0.32753,0.32764,0.32751,0.32759,2496
1785186000000,0.32759,0.32762,0.32753,0.32758,25333
1785186900000,0.32762,0.32766,0.32755,0.32756,197808
1785187800000,0.32756,0.32756,0.32751,0.32752,3816
1785188700000,0.32752,0.32752,0.32723,0.32723,7624
1785189600000,0.32724,0.32724,0.32696,0.32696,34265
1785190500000,0.32688,0.32698,0.32688,0.32688,9496
1785191400000,0.32689,0.32699,0.32675,0.32678,5869
1785192300000,0.32679,0.32683,0.32608,0.3261,88328
1785193200000,0.32603,0.32607,0.32476,0.325,186532
1785194100000,0.32498,0.32501,0.3249,0.32499,104347
1785195000000,0.32499,0.32499,0.32441,0.32461,347269
1785195900000,0.32468,0.32489,0.32464,0.32469,337138
1785196800000,0.32461,0.32465,0.32373,0.32394,260356
1785197700000,0.32394,0.32394,0.32369,0.32387,40280
1785198600000,0.32407,0.32423,0.32392,0.32395,101512
1785199500000,0.32395,0.32399,0.32369,0.32369,15608
1785200400000,0.32372,0.32401,0.3236,0.32371,16945
1785201300000,0.32372,0.32378,0.32364,0.32366,19427
1785202200000,0.3237,0.32388,0.32313,0.32352,144885
1785203100000,0.32326,0.3234,0.32284,0.32318,90158
1785204000000,0.32322,0.32346,0.32309,0.32343,44995
1785204900000,0.32345,0.32364,0.32341,0.32362,2932
1785205800000,0.3236,0.32399,0.3236,0.3237,16574
1785206700000,0.3237,0.32385,0.3237,0.32374,11661
1785207600000,0.32381,0.32469,0.32381,0.32422,38177
1785208500000,0.32422,0.3243,0.32411,0.32413,9046
1785209400000,0.32417,0.32435,0.3241,0.32435,3181
1785210300000,0.32435,0.32435,0.3241,0.32414,13284
1785211200000,0.32423,0.32459,0.32414,0.32459,19271
1785212100000,0.32451,0.32474,0.3245,0.32455,11437
1785213000000,0.32455,0.32458,0.32409,0.32417,14545
1785213900000,0.32417,0.32435,0.3241,0.3241,41071
1785214800000,0.32419,0.32427,0.32418,0.32418,35112
1785215700000,0.32417,0.32422,0.32405,0.32409,6775
1785216600000,0.32404,0.3242,0.32396,0.32418,5616
1785217500000,0.32418,0.32432,0.32383,0.32412,216841
1785218400000,0.32406,0.3242,0.32406,0.3242,4029
1785219300000,0.32421,0.32445,0.3242,0.32443,7620
1785220200000,0.3245,0.32466,0.32448,0.32464,14213
1785221100000,0.32465,0.32492,0.32462,0.3249,5830
1785222000000,0.32498,0.32503,0.32464,0.32469,26776
1785222900000,0.32475,0.32482,0.32464,0.32468,15201
1785223800000,0.32472,0.32489,0.32443,0.32489,73842
1785224700000,0.32488,0.32504,0.32469,0.325,31429
1785225600000,0.32506,0.3251,0.32491,0.32505,87915
1785226500000,0.32504,0.32546,0.32504,0.32546,24598
1785227400000,0.32546,0.32607,0.32538,0.32579,489092
1785228300000,0.3258,0.3258,0.32542,0.3255,199261
1785229200000,0.3257,0.3258,0.32569,0.32579,80570
1785230100000,0.32579,0.3258,0.32543,0.3255,111366
1785231000000,0.32575,0.32579,0.32554,0.32567,39527
1785231900000,0.32567,0.3258,0.32565,0.3258,10587
1785232800000,0.32579,0.3258,0.3255,0.32555,622670
1785233700000,0.32555,0.32556,0.32534,0.32537,384802
1785234600000,0.32535,0.32595,0.32534,0.32583,299647
1785235500000,0.32586,0.32594,0.32586,0.32591,32835
1785236400000,0.32579,0.32584,0.32562,0.32568,26211
1785237300000,0.32563,0.32566,0.32505,0.32508,12078
1785238200000,0.32508,0.32508,0.32459,0.32461,10399
1785239100000,0.32456,0.32492,0.32456,0.32481,22824
1785240000000,0.32487,0.32514,0.32487,0.32513,21246
1785240900000,0.32516,0.32524,0.32488,0.32495,30767
1785241800000,0.32495,0.32497,0.32479,0.32497,3194
1785242700000,0.32496,0.32516,0.32493,0.32516,4357
1785243600000,0.32519,0.32521,0.32494,0.32505,25748
1785244500000,0.32504,0.32511,0.32489,0.32489,12038
1785245400000,0.32489,0.32503,0.32449,0.32449,20061
1785246300000,0.3245,0.3245,0.32427,0.32429,22277
1785247200000,0.32432,0.32466,0.32432,0.32443,16377
1785248100000,0.32437,0.32445,0.32434,0.32438,2157
1785249000000,0.32438,0.32446,0.32429,0.32432,23850
1785249900000,0.32429,0.32434,0.32411,0.32419,2592
1785250800000,0.32417,0.32419,0.32404,0.32419,15872
1785251700000,0.3242,0.32446,0.32413,0.32433,10046
1785252600000,0.3243,0.32432,0.32416,0.32417,16384
1785253500000,0.3242,0.32424,0.32391,0.32421,76974
1785254400000,0.32416,0.32421,0.32411,0.32418,10458
1785255300000,0.32415,0.32417,0.32408,0.32409,12648
1785256200000,0.32409,0.32409,0.32402,0.32403,30539
1785257100000,0.32403,0.32419,0.32384,0.32404,138136
1785258000000,0.32414,0.32415,0.32405,0.32415,13588
1785258900000,0.32418,0.32418,0.32402,0.32402,2998
1785259800000,0.32402,0.32417,0.32398,0.32416,3834
1785260700000,0.32416,0.32422,0.32413,0.32417,13859
1785261600000,0.32436,0.32445,0.3243,0.32432,6711
1785262500000,0.32431,0.32433,0.32421,0.32425,6725
1785263400000,0.32429,0.3243,0.32426,0.32429,4640
1785264300000,0.32429,0.32429,0.32414,0.32414,10675
1785265200000,0.32411,0.32423,0.32408,0.32418,2680
1785266100000,0.32419,0.32442,0.32418,0.32421,69488
1785267000000,0.32427,0.32427,0.32424,0.32424,5658
1785267900000,0.32424,0.32424,0.32402,0.32417,13951
1785268800000,0.32421,0.32428,0.32415,0.32415,7440
1785269700000,0.32414,0.32429,0.32405,0.32419,43671
1785270600000,0.32419,0.32421,0.32414,0.32419,4223
1785271500000,0.32419,0.32428,0.32416,0.32424,4809
1785272400000,0.32425,0.32426,0.32416,0.32419,7812
1785273300000,0.32419,0.32422,0.32412,0.32421,4320
1785274200000,0.32421,0.32453,0.32421,0.3243,11062
1785275100000,0.32443,0.3245,0.32436,0.32441,24035
1785276000000,0.32442,0.32449,0.32417,0.32426,20215
1785276900000,0.32418,0.32424,0.3241,0.32412,1580
1785277800000,0.32411,0.32412,0.32406,0.32407,3173
1785278700000,0.32408,0.32408,0.32397,0.32407,15441
1785279600000,0.32409,0.32417,0.32401,0.32414,10924
1785280500000,0.32414,0.32416,0.32411,0.32413,15832
1785281400000,0.32413,0.32444,0.32412,0.32444,12192
1785282300000,0.3245,0.32478,0.32449,0.3245,11615
1785283200000,0.3245,0.32483,0.32441,0.32475,56805
1785284100000,0.32479,0.32487,0.32459,0.3246,68116
1785285000000,0.3246,0.32492,0.32441,0.32481,37408
1785285900000,0.3248,0.32485,0.32474,0.3248,12258
1785286800000,0.32472,0.32484,0.32471,0.32483,58079
1785287700000,0.32483,0.32485,0.32461,0.32477,43654
1785288600000,0.3248,0.3248,0.32458,0.32458,17550
1785289500000,0.32449,0.32453,0.32412,0.32425,20115
1785290400000,0.32417,0.32459,0.32415,0.32456,9493
1785291300000,0.32455,0.32466,0.32453,0.32465,5010
1785292200000,0.32466,0.32482,0.32466,0.32477,14233
1785293100000,0.3248,0.32484,0.3245,0.32467,15970
1785294000000,0.32472,0.32475,0.32449,0.32466,12193
1785294900000,0.32463,0.32465,0.32437,0.32443,185227
1785295800000,0.32443,0.32461,0.32443,0.32458,39814
1785296700000,0.32457,0.32467,0.32456,0.32464,8418
1785297600000,0.32466,0.32467,0.32453,0.32458,13785
1785298500000,0.32454,0.32468,0.32448,0.32468,6166
1785299400000,0.32467,0.32488,0.32465,0.32486,7339
1785300300000,0.32486,0.32504,0.32481,0.32501,31953
1785301200000,0.32501,0.32501,0.32488,0.32493,26979
1785302100000,0.32498,0.32509,0.32498,0.32508,3869
1785303000000,0.32516,0.32526,0.32515,0.32524,3499
1785303900000,0.32526,0.32527,0.32517,0.32524,3928
1785304800000,0.3253,0.32536,0.32526,0.32533,2875
1785305700000,0.32534,0.32553,0.32534,0.32553,3461
1785306600000,0.32555,0.32564,0.32552,0.32563,2552
1785307500000,0.32564,0.32579,0.32563,0.32577,3240
1785308400000,0.32579,0.32581,0.32572,0.3258,4524
1785309300000,0.32577,0.32579,0.32558,0.3256,8169
1785310200000,0.32559,0.32576,0.32557,0.32576,3889
1785311100000,0.32579,0.32586,0.32569,0.32586,4943
1785312000000,0.32579,0.32592,0.32572,0.32584,186042
1785312900000,0.32581,0.32608,0.32581,0.32587,43283
1785313800000,0.32587,0.32599,0.32577,0.32581,12301
1785314700000,0.3258,0.32581,0.32556,0.32565,122224
1785315600000,0.32562,0.32581,0.32558,0.32576,65695
1785316500000,0.32575,0.32575,0.32563,0.32572,21897
1785317400000,0.32574,0.32585,0.32574,0.32585,25129
1785318300000,0.32584,0.32606,0.32582,0.32601,14898
1785319200000,0.32597,0.32613,0.32588,0.32596,72311
1785320100000,0.32596,0.32616,0.32595,0.32613,30794
1785321000000,0.32608,0.32637,0.32608,0.32636,20497
1785321900000,0.32636,0.32636,0.32597,0.32619,38485
1785322800000,0.32616,0.32725,0.32616,0.32717,16838
1785323700000,0.3272,0.32731,0.32716,0.32719,18249
1785324600000,0.32718,0.32718,0.32678,0.32713,19542
1785325500000,0.32714,0.32714,0.32662,0.32663,6899
1785326400000,0.3267,0.3269,0.32663,0.3269,30393
1785327300000,0.32679,0.32692,0.32667,0.32689,12062
1785328200000,0.32682,0.32695,0.3267,0.32676,10385
1785329100000,0.32669,0.32698,0.32669,0.32687,2431
1785330000000,0.3269,0.32697,0.32684,0.32692,6974
1785330900000,0.32693,0.32694,0.32648,0.32649,13044
1785331800000,0.32649,0.32673,0.32649,0.32672,3453
1785332700000,0.32672,0.32685,0.3264,0.32644,6158
1785333600000,0.32646,0.32657,0.3262,0.3262,42452
1785334500000,0.32616,0.32646,0.32616,0.32633,11882
1785335400000,0.32633,0.3265,0.32632,0.32635,8072
1785336300000,0.32637,0.32653,0.32637,0.32644,2792
1785337200000,0.32644,0.32651,0.32628,0.32636,7909
1785338100000,0.32636,0.32638,0.32624,0.32633,2597
1785339000000,0.32634,0.32634,0.3261,0.3261,11618
1785339900000,0.3261,0.3262,0.32606,0.32606,5138
1785340800000,0.32607,0.32645,0.32474,0.32609,1032201
1785341700000,0.32611,0.32636,0.32611,0.32628,5647
1785342600000,0.32628,0.32642,0.32628,0.32632,2608
1785343500000,0.32625,0.32642,0.32624,0.32642,9940
1785344400000,0.32643,0.32643,0.32586,0.32619,31585
1785345300000,0.32619,0.3262,0.32607,0.32617,26166
1785346200000,0.32618,0.32626,0.32583,0.32594,17667
1785347100000,0.32594,0.32608,0.32589,0.32598,13881
1785348000000,0.32637,0.32637,0.3254,0.32564,629549
1785348900000,0.32565,0.32565,0.3255,0.32558,10212
1785349800000,0.32556,0.32556,0.32494,0.32543,75939
1785350700000,0.32546,0.32546,0.32542,0.32542,100887
1785351600000,0.32543,0.32543,0.32542,0.32542,975275
1785352500000,0.32542,0.32543,0.32542,0.32542,674443
1785353400000,0.32543,0.32557,0.32542,0.32556,568086
1785354300000,0.32554,0.32851,0.32512,0.32552,1626527
1785355200000,0.32558,0.32574,0.32536,0.32574,127434
1785356100000,0.32574,0.32578,0.32551,0.32551,8253
1785357000000,0.32552,0.32552,0.32537,0.32537,7246
1785357900000,0.32539,0.32559,0.32539,0.32544,11357
1785358800000,0.32542,0.32591,0.32537,0.3259,37686
1785359700000,0.3259,0.32591,0.32576,0.32591,13900
1785360600000,0.3259,0.32593,0.3258,0.32593,8894
1785361500000,0.32593,0.32598,0.32592,0.32598,4039
1785362400000,0.32598,0.32611,0.32569,0.32586,29820
1785363300000,0.32585,0.32597,0.32585,0.32596,2967
1785364200000,0.32596,0.32596,0.32562,0.32567,4027
1785365100000,0.32566,0.32575,0.32562,0.32572,11419
1785366000000,0.32577,0.32582,0.32555,0.32562,6868
1785366900000,0.32563,0.32567,0.3256,0.32562,21119
1785367800000,0.3256,0.32563,0.32542,0.32554,52658
1785368700000,0.32566,0.32566,0.32553,0.3256,23539
1785369600000,0.32558,0.32592,0.32555,0.32586,104479
1785370500000,0.32582,0.32583,0.32566,0.32566,73792
1785371400000,0.32566,0.32571,0.3253,0.3253,40077
1785372300000,0.32539,0.32554,0.32528,0.32553,32650
1785373200000,0.32555,0.3258,0.32539,0.32541,36739
1785374100000,0.32541,0.3259,0.32538,0.3259,32189
1785375000000,0.32589,0.32616,0.32587,0.32613,39013
1785375900000,0.32609,0.32614,0.32596,0.32602,8992
1785376800000,0.32618,0.3262,0.32598,0.32598,21689
1785377700000,0.32597,0.32598,0.32581,0.32584,5453
1785378600000,0.32589,0.32589,0.32573,0.32573,1495
1785379500000,0.32574,0.32575,0.3254,0.3254,11670
1785380400000,0.32551,0.32572,0.3255,0.3255,1674
1785381300000,0.3255,0.32562,0.3255,0.32559,5627
1785382200000,0.32556,0.32562,0.32547,0.32547,2553
1785383100000,0.32547,0.32553,0.32545,0.32549,2277
1785384000000,0.32553,0.32557,0.32548,0.32548,2008
1785384900000,0.32556,0.32557,0.32553,0.32556,2053
1785385800000,0.32568,0.32571,0.32564,0.32564,6312
1785386700000,0.32564,0.3258,0.32562,0.32566,1617
1785387600000,0.32569,0.32586,0.32564,0.32581,84345
1785388500000,0.32582,0.3259,0.3258,0.32584,2378
1785389400000,0.3258,0.32599,0.3258,0.32599,1864
1785390300000,0.32598,0.32599,0.32597,0.32597,1347
1785391200000,0.32598,0.32655,0.32597,0.32629,36274
1785392100000,0.32628,0.32685,0.32628,0.32661,109668
1785393000000,0.32658,0.32675,0.32658,0.32672,9215
1785393900000,0.32667,0.32669,0.32657,0.32659,5974
1785394800000,0.32663,0.32679,0.32663,0.32665,15666
1785395700000,0.32668,0.32685,0.32662,0.32682,3138
1785396600000,0.32684,0.32809,0.32684,0.32792,30969
1785397500000,0.32793,0.32801,0.32752,0.32752,13959
1785398400000,0.32766,0.32774,0.32738,0.32754,22649
1785399300000,0.32753,0.32781,0.32753,0.32778,62299
1785400200000,0.32778,0.32779,0.32755,0.32758,99574
1785401100000,0.32758,0.32774,0.32758,0.32761,73245
1785402000000,0.32767,0.32779,0.32766,0.32778,44256
1785402900000,0.32778,0.32794,0.32778,0.32789,205569
1785403800000,0.32787,0.32797,0.32787,0.32797,13067
1785404700000,0.3281,0.32828,0.32805,0.32819,36188
1785405600000,0.3282,0.32846,0.3282,0.32845,42593
1785406500000,0.32844,0.32844,0.32828,0.32836,26287
1785407400000,0.32839,0.3284,0.32813,0.32813,33532
1785408300000,0.32814,0.32846,0.32789,0.32828,22202
1785409200000,0.32833,0.32853,0.32833,0.32842,11406
1785410100000,0.32841,0.32841,0.32836,0.32836,3273
1785411000000,0.32835,0.32848,0.32831,0.32844,18759
1785411900000,0.32844,0.32854,0.32827,0.32851,11056
1785412800000,0.32858,0.32908,0.32858,0.32893,48412
1785413700000,0.32891,0.32892,0.32862,0.32877,6725
1785414600000,0.32878,0.32878,0.32849,0.32855,4265
1785415500000,0.3285,0.32873,0.3285,0.32863,1717
1785416400000,0.32865,0.32867,0.3286,0.3286,3616
1785417300000,0.32865,0.32875,0.32827,0.32836,6601
1785418200000,0.32833,0.32834,0.32786,0.32824,14275
1785419100000,0.32824,0.32848,0.32818,0.3282,27658
1785420000000,0.32825,0.32825,0.32771,0.32807,253990
1785420900000,0.32801,0.32826,0.32793,0.32824,9528
1785421800000,0.32824,0.32835,0.3281,0.32832,9658
1785422700000,0.32832,0.32855,0.3282,0.32846,11016
1785423600000,0.32848,0.32903,0.3284,0.32872,18456
1785424500000,0.32872,0.32915,0.32872,0.32914,4764
1785425400000,0.32914,0.32914,0.32898,0.32908,15926
1785426300000,0.32914,0.32923,0.32911,0.32916,17276
1785427200000,0.32912,0.32933,0.32912,0.32925,48476
1785428100000,0.32924,0.32955,0.32924,0.32939,15603
1785429000000,0.32941,0.32941,0.32909,0.32928,9669
1785429900000,0.32926,0.32926,0.32876,0.32918,61153
1785430800000,0.32924,0.32924,0.32881,0.32881,26962
1785431700000,0.32882,0.32888,0.32875,0.32878,22515
1785432600000,0.32878,0.3288,0.32845,0.3286,16764
1785433500000,0.32859,0.32884,0.32844,0.32884,34904
1785434400000,0.32884,0.32892,0.32884,0.32892,10689
1785435300000,0.32893,0.32894,0.32881,0.32891,5754
1785436200000,0.32891,0.32899,0.32891,0.32897,1470
1785437100000,0.32898,0.32898,0.32891,0.32891,5990
1785438000000,0.32896,0.32896,0.32853,0.32864,7851
1785438900000,0.32863,0.3287,0.32861,0.32863,4381
1785439800000,0.32864,0.32887,0.32861,0.32886,3207
1785440700000,0.32893,0.32896,0.32867,0.32894,5332
1785441600000,0.32885,0.32907,0.32885,0.32904,20099
1785442500000,0.32903,0.32904,0.32884,0.32888,8457
1785443400000,0.32889,0.32896,0.32882,0.32887,2639
1785444300000,0.32887,0.32887,0.32876,0.32879,2214
1785445200000,0.32882,0.32892,0.32872,0.32876,2913
1785446100000,0.3289,0.3289,0.32877,0.3288,7532
1785447000000,0.32879,0.32888,0.32863,0.32885,23900
1785447900000,0.32885,0.32895,0.32884,0.32895,1708
1785448800000,0.32894,0.32898,0.32883,0.32883,1578
1785449700000,0.32881,0.32893,0.3288,0.3289,16705
1785450600000,0.32893,0.32893,0.32883,0.32883,2702
1785451500000,0.32883,0.32888,0.32872,0.32872,4472
1785452400000,0.32877,0.3288,0.32868,0.3288,2198
1785453300000,0.3288,0.32882,0.32869,0.32869,6112
1785454200000,0.3287,0.32886,0.32841,0.32842,21384
1785455100000,0.32841,0.32859,0.32835,0.32839,13405
1785456000000,0.32846,0.3289,0.32844,0.3289,103122
1785456900000,0.32887,0.32897,0.32836,0.32839,128763
1785457800000,0.32838,0.32842,0.32826,0.32833,64326
1785458700000,0.32833,0.3284,0.32828,0.32839,10908
1785459600000,0.32851,0.3291,0.32851,0.32881,26742
1785460500000,0.32879,0.3289,0.32868,0.32886,10273
1785461400000,0.3289,0.32909,0.3289,0.32907,7776
1785462300000,0.32907,0.32907,0.32864,0.32876,5648
1785463200000,0.32877,0.32891,0.32877,0.3288,10750
1785464100000,0.32877,0.32877,0.32834,0.32834,40027
1785465000000,0.32835,0.3284,0.32823,0.32823,2974
1785465900000,0.32822,0.32832,0.32814,0.32815,37961
1785466800000,0.32816,0.32859,0.32778,0.32781,37873
1785467700000,0.32781,0.32817,0.32774,0.32813,3770
1785468600000,0.32814,0.32821,0.32809,0.32817,6876
1785469500000,0.32816,0.32843,0.32805,0.32821,8256
1785470400000,0.32824,0.32845,0.32824,0.32842,5205
1785471300000,0.32841,0.32843,0.32825,0.32825,1869
1785472200000,0.32825,0.32846,0.32824,0.32838,2712
1785473100000,0.32841,0.32845,0.32839,0.32839,3479
1785474000000,0.32839,0.32857,0.32839,0.32851,173850
1785474900000,0.32857,0.32858,0.32852,0.32853,22326
1785475800000,0.32854,0.32865,0.32832,0.32864,25470
1785476700000,0.32867,0.32871,0.32857,0.3287,14032
1785477600000,0.32869,0.32873,0.32864,0.32871,18309
1785478500000,0.32871,0.32873,0.3285,0.32853,62974
1785479400000,0.32849,0.32849,0.32839,0.32847,1629
1785480300000,0.3285,0.3285,0.32815,0.3284,8531
1785481200000,0.32831,0.32849,0.32827,0.32849,6733
1785482100000,0.32848,0.32855,0.32838,0.32839,9154
1785483000000,0.32834,0.32856,0.32833,0.32853,3304
1785483900000,0.32853,0.32867,0.32842,0.32842,38902
1785484800000,0.32841,0.32863,0.32841,0.32863,11035
1785485700000,0.32863,0.3287,0.32859,0.32867,47771
1785486600000,0.32868,0.3287,0.32867,0.32869,27758
1785487500000,0.32869,0.32869,0.32867,0.32867,281820
1785488400000,0.32867,0.32868,0.32839,0.32867,107768
1785489300000,0.32867,0.32868,0.32856,0.32865,48130
1785490200000,0.32866,0.32868,0.32839,0.3285,138412
1785491100000,0.32833,0.32833,0.32746,0.32758,74213
1785492000000,0.32761,0.32765,0.32579,0.32612,351580
1785492900000,0.32613,0.32632,0.32604,0.32627,26708
1785493800000,0.32627,0.32633,0.32625,0.3263,12191
1785494700000,0.32629,0.32663,0.32628,0.32644,197411
1785495600000,0.32652,0.32652,0.32628,0.32628,18380
1785496500000,0.32626,0.32661,0.32619,0.32641,13637
1785497400000,0.32646,0.32669,0.32643,0.32661,5011
1785498300000,0.32658,0.32673,0.32658,0.32662,6089
1785499200000,0.32667,0.32667,0.3263,0.32641,9887
1785500100000,0.32646,0.32646,0.3261,0.32614,13372
1785501000000,0.32609,0.32641,0.32609,0.32632,18417
1785501900000,0.32634,0.32691,0.32631,0.32671,87168
1785502800000,0.32672,0.32684,0.32655,0.32682,50329
1785503700000,0.32682,0.32696,0.32681,0.32686,46987
1785504600000,0.32687,0.32687,0.32653,0.32655,45797
1785505500000,0.32655,0.32685,0.32646,0.32668,76602
1785506400000,0.32675,0.32683,0.32625,0.32668,52765
1785507300000,0.32671,0.32683,0.32652,0.32669,125124
1785508200000,0.32668,0.32673,0.32585,0.32603,15942
1785509100000,0.32599,0.32615,0.32577,0.32584,35490
1785510000000,0.32585,0.32594,0.32579,0.32593,25365
1785510900000,0.32595,0.32606,0.32574,0.32589,4628
1785511800000,0.32585,0.3261,0.32583,0.32602,13995
1785512700000,0.32602,0.32604,0.3259,0.32591,6862
1785513600000,0.32594,0.32632,0.32594,0.32622,25659
1785514500000,0.32622,0.32642,0.32607,0.3264,49415
1785515400000,0.32638,0.32638,0.32611,0.32622,10100
1785516300000,0.32623,0.32644,0.32622,0.32641,21424
1785517200000,0.32642,0.32651,0.32637,0.32644,21622
1785518100000,0.32644,0.3265,0.32633,0.32646,42637
1785519000000,0.32647,0.32651,0.32644,0.32649,15514
1785519900000,0.32649,0.32664,0.32649,0.32658,20167
1785520800000,0.32656,0.32656,0.32624,0.32624,119505
1785521700000,0.32623,0.32624,0.32592,0.32602,11989
1785522600000,0.32604,0.32605,0.32587,0.32597,24512
1785523500000,0.32597,0.32603,0.32582,0.32599,73152
1785524400000,0.3261,0.3261,0.32581,0.3259,135391
1785525300000,0.32592,0.32616,0.32587,0.32602,116939
1785526200000,0.32602,0.32605,0.32595,0.32604,85327
1785527100000,0.32603,0.32605,0.32594,0.32598,34463
1785528000000,0.326,0.32613,0.32599,0.3261,4434
1785528900000,0.3261,0.32634,0.3259,0.32599,53637
1785529800000,0.32598,0.32601,0.32597,0.326,13048
1785530700000,0.326,0.32607,0.32579,0.32579,7048
1785531600000,0.3258,0.32605,0.32578,0.32604,15064
1785532500000,0.32605,0.32607,0.32601,0.32605,1944
1785533400000,0.32604,0.3261,0.32603,0.32609,1994
1785534300000,0.32602,0.32608,0.32579,0.32589,1976
1785535200000,0.32588,0.32613,0.32588,0.32613,33657
1785536100000,0.32613,0.32619,0.32612,0.32618,1684
1785537000000,0.32619,0.32619,0.32614,0.32617,1824
1785537900000,0.32617,0.32622,0.32617,0.32618,3621
1785538800000,0.3262,0.3262,0.32618,0.32619,2536
1785539700000,0.3262,0.3262,0.32618,0.3262,7825
1785540600000,0.32599,0.32599,0.32587,0.32588,5366
1785541500000,0.32587,0.32588,0.32564,0.32578,32881
1785542400000,0.32584,0.32599,0.32576,0.32583,92439
1785543300000,0.32582,0.326,0.32565,0.32598,111396
1785544200000,0.32597,0.32628,0.32594,0.32628,78242
1785545100000,0.32628,0.32639,0.32627,0.32632,40020
1785546000000,0.3263,0.32648,0.32626,0.32647,10755
1785546900000,0.32648,0.3267,0.32646,0.3266,18364
1785547800000,0.32655,0.32668,0.32653,0.32665,9837
1785548700000,0.32666,0.32666,0.32647,0.32649,3967
1785549600000,0.32661,0.32678,0.32656,0.32678,30435
1785550500000,0.32675,0.32704,0.32674,0.32704,23764
1785551400000,0.327,0.32706,0.32695,0.32701,16494
1785552300000,0.32705,0.32705,0.32686,0.32686,6307
1785553200000,0.32694,0.32703,0.32694,0.32701,4875
1785554100000,0.32702,0.32707,0.32697,0.32697,2718
1785555000000,0.32691,0.32692,0.32681,0.32683,2064
1785555900000,0.32681,0.32681,0.32641,0.32653,4130
1785556800000,0.32671,0.32686,0.32671,0.32685,5592
1785557700000,0.32689,0.32689,0.32681,0.32682,6745
1785558600000,0.32682,0.32683,0.32672,0.32676,3460
1785559500000,0.32683,0.32687,0.32627,0.32627,6954
1785560400000,0.32631,0.32641,0.32576,0.32639,219455
1785561300000,0.3263,0.32653,0.32624,0.32651,7196
1785562200000,0.32651,0.32679,0.32651,0.32671,332660
1785563100000,0.32671,0.32685,0.32667,0.32684,6868
1785564000000,0.32685,0.32721,0.32685,0.32721,14848
1785564900000,0.32721,0.32732,0.32721,0.32732,3142
1785565800000,0.32733,0.32756,0.32732,0.32756,40078
1785566700000,0.32756,0.32767,0.32756,0.32763,27861
1785567600000,0.32749,0.32753,0.32743,0.32753,8036
1785568500000,0.32752,0.32754,0.32752,0.32753,2519
1785569400000,0.32754,0.32754,0.32753,0.32753,1288
1785570300000,0.32754,0.32755,0.32714,0.32729,8079
1785571200000,0.3272,0.32737,0.3272,0.32737,6695
1785572100000,0.32735,0.32755,0.3273,0.32738,6490
1785573000000,0.32738,0.32761,0.32738,0.3276,32809
1785573900000,0.3276,0.32761,0.3276,0.32761,2558
1785574800000,0.32761,0.32772,0.3276,0.32768,33491
1785575700000,0.32769,0.32769,0.32763,0.32763,125767
1785576600000,0.32763,0.32775,0.3276,0.32775,22297
1785577500000,0.32775,0.32781,0.32757,0.32757,87868
1785578400000,0.32759,0.32785,0.32747,0.32785,95821
1785579300000,0.32784,0.32807,0.32771,0.32796,180585
1785580200000,0.32798,0.32801,0.32795,0.32801,11464
1785581100000,0.328,0.32801,0.32769,0.32783,6731
1785582000000,0.32784,0.32789,0.32753,0.32754,10574
1785582900000,0.32754,0.32773,0.32753,0.32762,4485
1785583800000,0.3276,0.32765,0.32752,0.32761,2846
1785584700000,0.32774,0.32779,0.32774,0.32779,1888
1785585600000,0.32778,0.32785,0.32748,0.32748,41528
1785586500000,0.32747,0.32802,0.32747,0.32799,37114
1785587400000,0.328,0.328,0.32768,0.32768,6875
1785588300000,0.32768,0.32801,0.32768,0.32801,40238
1785589200000,0.328,0.32812,0.32796,0.32809,79098
1785590100000,0.32809,0.32811,0.32803,0.32803,12052
1785591000000,0.32802,0.32812,0.32793,0.32793,4290
1785591900000,0.32794,0.32808,0.32793,0.32807,8411
1785592800000,0.32817,0.32817,0.32815,0.32816,2229
1785593700000,0.32815,0.32818,0.32815,0.32816,1534
1785594600000,0.32815,0.32821,0.32808,0.32818,151244
1785595500000,0.32822,0.32823,0.32812,0.32814,1809
1785596400000,0.32816,0.32823,0.32809,0.32811,1351
1785597300000,0.32811,0.32825,0.32811,0.32824,5524
1785598200000,0.32826,0.32828,0.3282,0.32827,3309
1785599100000,0.32827,0.32839,0.32826,0.32831,9761
1785600000000,0.32831,0.32851,0.32808,0.3285,16695
1785600900000,0.3285,0.32878,0.32848,0.32878,15952
1785601800000,0.32876,0.32897,0.32876,0.32878,32641
1785602700000,0.32878,0.32909,0.32865,0.32901,27491
1785603600000,0.32901,0.32911,0.32839,0.32841,17723
1785604500000,0.32843,0.32874,0.32843,0.32874,22969
1785605400000,0.32868,0.32869,0.32844,0.32861,30012
1785606300000,0.32861,0.32861,0.32829,0.32858,8323
1785607200000,0.32864,0.32864,0.32815,0.32819,15982
1785608100000,0.3282,0.32826,0.32792,0.32795,11393
1785609000000,0.32795,0.32795,0.32732,0.32732,24400
1785609900000,0.32731,0.32744,0.32713,0.32737,57563
1785610800000,0.32748,0.32751,0.32736,0.3275,16741
1785611700000,0.32738,0.32744,0.32723,0.32724,5597
1785612600000,0.32727,0.32733,0.32712,0.32723,6765
1785613500000,0.32726,0.32733,0.32724,0.3273,16078
1785614400000,0.3274,0.3274,0.32723,0.32736,9820
1785615300000,0.32736,0.32741,0.32724,0.32729,5690
1785616200000,0.32727,0.32729,0.32711,0.32717,1961
1785617100000,0.3272,0.32739,0.32718,0.32727,8118
1785618000000,0.32732,0.32743,0.32724,0.32742,4492
1785618900000,0.32741,0.32753,0.32735,0.32744,1873
1785619800000,0.32744,0.32752,0.32742,0.32748,1586
1785620700000,0.32746,0.32753,0.32733,0.32733,1892
1785621600000,0.32735,0.3275,0.32735,0.32747,2801
1785622500000,0.32747,0.32751,0.32746,0.3275,2177
1785623400000,0.32749,0.3275,0.32746,0.32748,4876
1785624300000,0.32748,0.32756,0.32747,0.32756,8853
1785625200000,0.32761,0.32764,0.32761,0.32764,3434
1785626100000,0.32764,0.32773,0.32763,0.32773,2966
1785627000000,0.32774,0.32777,0.32762,0.32762,1860
1785627900000,0.32763,0.32777,0.32762,0.32777,8765
1785628800000,0.32778,0.32847,0.32778,0.32846,42252
1785629700000,0.32847,0.32863,0.32794,0.32797,48884
1785630600000,0.32797,0.32809,0.32781,0.32794,22209
1785631500000,0.32794,0.32794,0.32776,0.32787,6089
1785632400000,0.32786,0.32793,0.32784,0.32786,3737
1785633300000,0.32807,0.32809,0.32805,0.32807,26835
1785634200000,0.32808,0.32812,0.32802,0.32802,52672
1785635100000,0.32802,0.32806,0.32798,0.32806,22251
1785636000000,0.32806,0.32848,0.32806,0.3283,29554
1785636900000,0.32839,0.32846,0.32823,0.32824,7786
1785637800000,0.32824,0.32832,0.32821,0.32829,11385
1785638700000,0.32829,0.32834,0.32825,0.32825,9608
1785639600000,0.32819,0.32819,0.32813,0.32815,4712
1785640500000,0.32814,0.32816,0.3281,0.32811,4395
1785641400000,0.32811,0.32811,0.32807,0.32807,2127
1785642300000,0.32807,0.32808,0.32801,0.32802,8668
1785643200000,0.32802,0.32806,0.32796,0.32802,152350
1785644100000,0.32801,0.32802,0.3278,0.32783,7717
1785645000000,0.32781,0.32793,0.32781,0.32792,8658
1785645900000,0.32793,0.32797,0.32788,0.32796,6241
1785646800000,0.32794,0.32794,0.3277,0.32776,20206
1785647700000,0.32784,0.32784,0.32775,0.32775,4250
1785648600000,0.32774,0.32782,0.32765,0.32767,3589
1785649500000,0.32772,0.32796,0.32772,0.32774,107223
1785650400000,0.32766,0.32775,0.32757,0.32775,5474
1785651300000,0.32797,0.32817,0.32796,0.32814,102612
1785652200000,0.32816,0.32826,0.32814,0.32826,5025
1785653100000,0.32826,0.32826,0.32812,0.3282,1447
1785654000000,0.32805,0.3281,0.32801,0.32801,4464
1785654900000,0.32801,0.32816,0.32801,0.32813,16116
1785655800000,0.32813,0.32828,0.32801,0.32826,17858
1785656700000,0.32821,0.32824,0.32819,0.32824,11374
1785657600000,0.3282,0.3282,0.32789,0.32791,28730
1785658500000,0.32791,0.32791,0.32761,0.32762,71152
1785659400000,0.32761,0.32774,0.32715,0.32755,418155
1785660300000,0.32755,0.32755,0.32725,0.32725,26761
1785661200000,0.32723,0.32723,0.32713,0.32721,23377
1785662100000,0.32721,0.32721,0.32671,0.32686,43307
1785663000000,0.32692,0.32707,0.32678,0.32687,40020
1785663900000,0.32681,0.32681,0.3261,0.32632,10971
1785664800000,0.32632,0.32636,0.32624,0.3263,7024
1785665700000,0.32628,0.32628,0.32614,0.32619,10898
1785666600000,0.32619,0.32655,0.32618,0.3264,63176
1785667500000,0.3264,0.3264,0.32631,0.32638,11034
1785668400000,0.32639,0.32639,0.32624,0.32637,3655
1785669300000,0.32637,0.32638,0.32621,0.32624,10415
1785670200000,0.32625,0.32633,0.32624,0.3263,11955
1785671100000,0.32631,0.32645,0.32625,0.32638,14160
1785672000000,0.32629,0.32629,0.32617,0.32618,4789
1785672900000,0.32619,0.3265,0.32617,0.3265,5281
1785673800000,0.3265,0.32658,0.32645,0.32645,11990
1785674700000,0.32645,0.32647,0.3264,0.32642,5259
1785675600000,0.32642,0.32644,0.32635,0.32644,4504
1785676500000,0.3265,0.32657,0.3265,0.32652,13084
1785677400000,0.32651,0.32714,0.32651,0.32714,35690
1785678300000,0.32712,0.32777,0.32712,0.32745,12923
1785679200000,0.32744,0.32755,0.3273,0.3273,75541
1785680100000,0.32732,0.32752,0.32732,0.32744,2593
1785681000000,0.32745,0.32757,0.32742,0.32755,1746
1785681900000,0.3275,0.3275,0.32737,0.32737,2943
1785682800000,0.3274,0.32756,0.32732,0.32733,38730
1785683700000,0.32732,0.32732,0.32702,0.32703,3045
1785684600000,0.32704,0.32736,0.32704,0.32724,17684
1785685500000,0.32722,0.32726,0.32722,0.32723,3039
1785686400000,0.32724,0.32734,0.3272,0.32731,17620
1785687300000,0.32731,0.32744,0.3273,0.32744,2381
1785688200000,0.32744,0.32763,0.32743,0.32752,4386
1785689100000,0.32752,0.32762,0.32746,0.32746,11632
1785690000000,0.32749,0.32755,0.32748,0.3275,3800
1785690900000,0.3275,0.32752,0.32743,0.32747,3631
1785691800000,0.32746,0.32749,0.32745,0.32747,3471
1785692700000,0.32746,0.32748,0.32712,0.32712,4379
1785693600000,0.32715,0.32721,0.32715,0.32718,4379
1785694500000,0.32716,0.32727,0.32716,0.32725,6576
1785695400000,0.32729,0.32749,0.32729,0.32739,9028
1785696300000,0.3274,0.3274,0.32727,0.32731,1346
1785697200000,0.32732,0.32732,0.32719,0.32719,2975
1785698100000,0.3272,0.32721,0.32719,0.32719,1336
1785699000000,0.32717,0.32726,0.32713,0.32725,5645
1785699900000,0.32725,0.32726,0.32719,0.32724,8762
1785700800000,0.32726,0.32727,0.32714,0.32715,41430
1785701700000,0.32713,0.32714,0.32707,0.32707,4102
1785702600000,0.32707,0.32725,0.32707,0.32725,11452
1785703500000,0.32716,0.3273,0.32703,0.32703,5102
1785704400000,0.32705,0.32709,0.32705,0.32706,4661
1785705300000,0.32705,0.32706,0.32696,0.32696,5748
1785706200000,0.32703,0.32715,0.32691,0.32713,3478
1785707100000,0.32711,0.32729,0.32703,0.32703,2799
1785708000000,0.32701,0.32701,0.32692,0.32692,6402
1785708900000,0.32692,0.32693,0.32667,0.32667,4466
1785709800000,0.32667,0.32683,0.32659,0.32683,18318
1785710700000,0.32683,0.32684,0.32649,0.32656,6350
1785711600000,0.32658,0.32658,0.32652,0.32653,2009
1785712500000,0.32653,0.32676,0.32648,0.32655,47564
1785713400000,0.32654,0.32661,0.3265,0.3265,5149
1785714300000,0.32651,0.32652,0.32644,0.32647,10619
1785715200000,0.32662,0.32663,0.32576,0.32576,91253
1785716100000,0.32573,0.32598,0.32547,0.32583,97165
1785717000000,0.32579,0.32599,0.32579,0.32597,34863
1785717900000,0.32597,0.3261,0.32597,0.32603,14977
1785718800000,0.32603,0.32614,0.32603,0.32609,10184
1785719700000,0.32609,0.32638,0.32605,0.32622,5820
1785720600000,0.32623,0.32638,0.32621,0.32629,3509
1785721500000,0.32629,0.32629,0.32598,0.32614,6552
1785722400000,0.32614,0.32614,0.32602,0.32606,26809
1785723300000,0.32606,0.32617,0.32601,0.32601,9941
1785724200000,0.32606,0.32622,0.32602,0.3262,11978
1785725100000,0.3262,0.32626,0.3262,0.3262,2533
1785726000000,0.3262,0.3264,0.3262,0.32637,8224
1785726900000,0.32637,0.32637,0.3263,0.32635,2216
1785727800000,0.32635,0.32636,0.32581,0.32594,2454
1785728700000,0.32594,0.32594,0.32578,0.3258,2618
1785729600000,0.32578,0.32593,0.32577,0.3259,5745
1785730500000,0.32604,0.32611,0.32603,0.3261,1489
1785731400000,0.32612,0.32612,0.326,0.32602,3457
1785732300000,0.326,0.32602,0.32589,0.32589,3445
1785733200000,0.32588,0.32594,0.32584,0.32585,1387
1785734100000,0.32587,0.32591,0.32584,0.32584,1503
1785735000000,0.32584,0.32587,0.32566,0.32586,6146
1785735900000,0.32583,0.32588,0.32582,0.32586,6195
1785736800000,0.32587,0.32588,0.32554,0.32567,311363
1785737700000,0.32565,0.32566,0.32564,0.32565,7625
1785738600000,0.32565,0.32572,0.32562,0.32563,29372
1785739500000,0.32561,0.326,0.32559,0.32592,25787
1785740400000,0.32578,0.32582,0.3257,0.32575,10791
1785741300000,0.32575,0.32587,0.32566,0.32587,3132
1785742200000,0.32587,0.32597,0.32577,0.3258,5564
1785743100000,0.3258,0.3258,0.32528,0.32545,12615
1785744000000,0.32548,0.32607,0.32545,0.32607,22361
1785744900000,0.32606,0.32607,0.32584,0.3259,6858
1785745800000,0.32589,0.32598,0.32589,0.32595,15437
1785746700000,0.32596,0.32597,0.32595,0.32597,609077
1785747600000,0.32597,0.32629,0.32596,0.32629,393623
1785748500000,0.32629,0.32722,0.32628,0.32693,64801
1785749400000,0.32697,0.3275,0.32697,0.32732,19552
1785750300000,0.3274,0.32768,0.32715,0.32722,28632
1785751200000,0.32729,0.32804,0.32729,0.32769,43070
1785752100000,0.32771,0.32781,0.3276,0.3276,38134
1785753000000,0.32763,0.32782,0.32763,0.32782,15788
1785753900000,0.32786,0.32789,0.32778,0.32779,14457
1785754800000,0.32768,0.32789,0.32768,0.32777,9372
1785755700000,0.32773,0.32788,0.32773,0.32782,2541
1785756600000,0.32783,0.32783,0.32747,0.32776,5695
1785757500000,0.32776,0.32776,0.32739,0.32747,4136
1785758400000,0.32749,0.32755,0.32681,0.32695,15603
1785759300000,0.32701,0.32726,0.32691,0.32725,35079
1785760200000,0.3272,0.32754,0.3272,0.32752,9294
1785761100000,0.32757,0.32757,0.32725,0.32739,7910
1785762000000,0.32733,0.32738,0.32713,0.32723,2087
1785762900000,0.32722,0.32729,0.32706,0.32706,5091
1785763800000,0.32704,0.32728,0.32698,0.32715,7337
1785764700000,0.32714,0.32732,0.32703,0.32721,19077
1785765600000,0.32721,0.32735,0.32707,0.32725,6594
1785766500000,0.32723,0.32743,0.32715,0.32742,12282
1785767400000,0.32739,0.32824,0.32739,0.32823,15628
1785768300000,0.32824,0.32838,0.32821,0.32827,6030
1785769200000,0.32825,0.32887,0.32825,0.32887,24753
1785770100000,0.32893,0.32943,0.3288,0.3288,27984
1785771000000,0.32891,0.32906,0.32889,0.32893,12206
1785771900000,0.32892,0.32916,0.32872,0.32892,16927
1785772800000,0.32895,0.32938,0.32895,0.32917,17570
1785773700000,0.3292,0.32924,0.329,0.32919,3125
1785774600000,0.32919,0.3293,0.32912,0.32917,4239
1785775500000,0.32917,0.3293,0.32917,0.32929,19399
1785776400000,0.32917,0.32932,0.32917,0.32929,5339
1785777300000,0.3293,0.32938,0.32911,0.32911,22700
1785778200000,0.32911,0.32911,0.32903,0.32905,13968
1785779100000,0.32904,0.32904,0.32853,0.32865,98204
1785780000000,0.32865,0.32866,0.32848,0.32862,13964
1785780900000,0.32863,0.32894,0.32862,0.3289,17911
1785781800000,0.3289,0.3289,0.32875,0.32887,12066
1785782700000,0.32888,0.32892,0.32877,0.32881,42291
1785783600000,0.32879,0.3291,0.32879,0.3291,112287
1785784500000,0.32887,0.32894,0.32883,0.32883,2531
1785785400000,0.32884,0.32889,0.3288,0.32889,2961
1785786300000,0.32889,0.329,0.32888,0.32894,5281
1785787200000,0.32891,0.32898,0.32889,0.32897,5741
1785788100000,0.32897,0.32899,0.32895,0.32898,7939
1785789000000,0.32899,0.32899,0.32876,0.32876,1447
1785789900000,0.32874,0.32878,0.3287,0.32871,1962
1785790800000,0.32876,0.32881,0.32873,0.3288,5066
1785791700000,0.3288,0.32881,0.32871,0.32871,20304
1785792600000,0.32871,0.32872,0.32848,0.32857,39604
1785793500000,0.32856,0.32858,0.32838,0.32847,4574
1785794400000,0.32848,0.32875,0.32848,0.32875,7454
1785795300000,0.32874,0.32878,0.3287,0.32874,18135
1785796200000,0.32867,0.32871,0.32867,0.32871,21927
1785797100000,0.32872,0.32881,0.32871,0.32876,88009
1785798000000,0.32876,0.3288,0.32872,0.3288,21994
1785798900000,0.32874,0.32879,0.32872,0.32873,13974
1785799800000,0.32872,0.32872,0.32866,0.3287,20369
1785800700000,0.32871,0.32877,0.32853,0.3287,22903
1785801600000,0.32876,0.32911,0.32876,0.32911,112540
1785802500000,0.32911,0.3293,0.3288,0.32882,96401
1785803400000,0.32882,0.32882,0.32848,0.32877,80948
1785804300000,0.32877,0.32877,0.32854,0.32865,14784
1785805200000,0.32861,0.329,0.32861,0.32898,9424
1785806100000,0.32898,0.32911,0.32897,0.32901,7291
1785807000000,0.32907,0.32924,0.32906,0.32922,26884
1785807900000,0.3292,0.32924,0.32916,0.32921,40312
1785808800000,0.32918,0.32921,0.32878,0.32891,25302
1785809700000,0.32882,0.32911,0.32877,0.3291,18215
1785810600000,0.32907,0.32926,0.32907,0.32913,20246
1785811500000,0.32912,0.32916,0.32905,0.32906,2929
1785812400000,0.32906,0.32913,0.32896,0.3291,2329
1785813300000,0.3291,0.3291,0.32888,0.32889,13226
1785814200000,0.32889,0.32897,0.32889,0.32891,6307
1785815100000,0.32891,0.32891,0.32876,0.32876,1939
1785816000000,0.32877,0.32895,0.32877,0.32894,7483
1785816900000,0.32894,0.32906,0.32894,0.32896,2505
1785817800000,0.32895,0.32896,0.32886,0.32889,1872
1785818700000,0.32889,0.32915,0.32876,0.32877,11037
1785819600000,0.32876,0.32876,0.32849,0.32849,20879
1785820500000,0.32851,0.3286,0.32845,0.32857,2428
1785821400000,0.32856,0.32884,0.32854,0.32873,13000
1785822300000,0.32869,0.32877,0.32868,0.32868,25773
1785823200000,0.32875,0.32875,0.32864,0.32869,10727
1785824100000,0.32874,0.32893,0.32874,0.3288,2543
1785825000000,0.3288,0.32888,0.32876,0.32882,31185
1785825900000,0.32883,0.32883,0.32881,0.32882,1967
1785826800000,0.32873,0.32885,0.32866,0.32885,3031
1785827700000,0.32883,0.32885,0.3287,0.32885,2010
1785828600000,0.32887,0.32915,0.32869,0.32915,52303
1785829500000,0.32915,0.32935,0.32912,0.32935,11797
1785830400000,0.32935,0.32962,0.32927,0.32928,14039
1785831300000,0.32928,0.32952,0.32928,0.32951,2600
1785832200000,0.32951,0.32963,0.32951,0.32952,746097
1785833100000,0.32952,0.3301,0.32951,0.33003,88770
1785834000000,0.33009,0.33053,0.32994,0.33014,58041
1785834900000,0.33002,0.33007,0.32985,0.32987,58534
1785835800000,0.33,0.33002,0.32975,0.32975,18819
1785836700000,0.32976,0.32976,0.32936,0.32936,350713
1785837600000,0.32937,0.32948,0.32936,0.32938,200615
1785838500000,0.32938,0.32948,0.32907,0.32939,198416
1785839400000,0.32918,0.32929,0.32883,0.3292,68857
1785840300000,0.3292,0.32926,0.32894,0.32894,10042
1785841200000,0.32902,0.32907,0.32896,0.32896,19388
1785842100000,0.32895,0.32914,0.32895,0.32904,7915
1785843000000,0.32898,0.32898,0.32889,0.32897,3244
1785843900000,0.32898,0.32952,0.32898,0.32931,18526
1785844800000,0.32931,0.32971,0.3291,0.32963,218480
1785845700000,0.32975,0.3301,0.32975,0.33009,26053
1785846600000,0.33009,0.33009,0.32973,0.32977,9586
1785847500000,0.32978,0.32993,0.32973,0.32982,1606
1785848400000,0.32981,0.33,0.32981,0.32996,13970
1785849300000,0.32994,0.32996,0.32978,0.3298,10961
1785850200000,0.32982,0.32995,0.32974,0.32974,4156
1785851100000,0.32974,0.32986,0.32933,0.32955,67709
1785852000000,0.32954,0.32969,0.3295,0.32965,62922
1785852900000,0.32965,0.32966,0.32937,0.32937,178237
1785853800000,0.32936,0.32954,0.32928,0.32954,26487
1785854700000,0.32944,0.32945,0.32931,0.32945,1527
1785855600000,0.32943,0.32965,0.32943,0.32945,8379
1785856500000,0.32956,0.32956,0.32913,0.32913,17099
1785857400000,0.3292,0.32959,0.3292,0.32959,5532
1785858300000,0.32959,0.32959,0.32737,0.32837,209509
1785859200000,0.32839,0.32956,0.3282,0.32956,48814
1785860100000,0.32965,0.33014,0.32965,0.33014,67251
1785861000000,0.33022,0.3306,0.33022,0.3306,35440
1785861900000,0.3307,0.33113,0.3307,0.33112,19593
1785862800000,0.33112,0.33114,0.32987,0.32997,227334
1785863700000,0.32998,0.32998,0.32951,0.32962,12433
1785864600000,0.32955,0.32955,0.32929,0.32939,35068
1785865500000,0.3294,0.32945,0.32934,0.32945,5992
1785866400000,0.32939,0.32939,0.3289,0.32891,14188
1785867300000,0.32895,0.329,0.32893,0.32897,14046
1785868200000,0.32898,0.32898,0.32881,0.32883,8773
1785869100000,0.32883,0.32883,0.32871,0.32879,20473
1785870000000,0.3287,0.3287,0.32858,0.32868,5647
1785870900000,0.32868,0.32878,0.32865,0.3287,4694
1785871800000,0.3287,0.32894,0.3287,0.32881,17028
1785872700000,0.32881,0.32884,0.32862,0.32862,23569
1785873600000,0.3286,0.32872,0.3286,0.32867,27751
1785874500000,0.32858,0.32858,0.32823,0.32827,9725
1785875400000,0.32828,0.32828,0.32796,0.32798,24387
1785876300000,0.32793,0.32793,0.32741,0.32757,29588
1785877200000,0.32755,0.32786,0.32749,0.3275,27303
1785878100000,0.3275,0.3275,0.32732,0.32732,25032
1785879000000,0.32733,0.32738,0.3273,0.32736,10926
1785879900000,0.32737,0.32738,0.32731,0.32731,12827
1785880800000,0.32732,0.32732,0.32705,0.32713,4268
1785881700000,0.32708,0.32723,0.32708,0.3271,11648
1785882600000,0.3271,0.3271,0.32701,0.32701,1762
1785883500000,0.32701,0.32717,0.32697,0.32717,41142
1785884400000,0.32728,0.32747,0.32711,0.32732,3080
1785885300000,0.32734,0.32735,0.32713,0.32717,11137
1785886200000,0.32717,0.32717,0.32707,0.3271,6249
1785887100000,0.32699,0.32721,0.32683,0.32721,349827
1785888000000,0.32707,0.32707,0.32644,0.32644,55350
1785888900000,0.32645,0.32655,0.32616,0.32654,49517
1785889800000,0.32655,0.32656,0.32626,0.32631,59336
1785890700000,0.3263,0.32635,0.32614,0.32621,21602
1785891600000,0.32623,0.32667,0.3262,0.32666,22271
1785892500000,0.32666,0.32675,0.32665,0.3267,6239
1785893400000,0.3267,0.32684,0.32666,0.32672,30123
1785894300000,0.32672,0.32685,0.32669,0.32683,2452
1785895200000,0.32683,0.32683,0.32676,0.32678,8458
1785896100000,0.32679,0.32698,0.32667,0.32698,11632
1785897000000,0.32698,0.32698,0.32677,0.32677,2088
1785897900000,0.32677,0.32677,0.32641,0.32641,32854
1785898800000,0.32635,0.3265,0.32635,0.32646,1669
1785899700000,0.32646,0.32651,0.32639,0.32643,14286
1785900600000,0.32645,0.32657,0.32635,0.32644,5457
1785901500000,0.32641,0.32648,0.32641,0.32647,27849
1785902400000,0.32647,0.32648,0.32629,0.32629,15108
1785903300000,0.32631,0.32646,0.32631,0.32646,1633
1785904200000,0.32647,0.32674,0.32647,0.32668,10172
1785905100000,0.32667,0.3267,0.32667,0.32669,1549
1785906000000,0.32672,0.32699,0.32672,0.32689,17843
1785906900000,0.3269,0.3269,0.32662,0.32668,33078
1785907800000,0.32665,0.32672,0.3266,0.32661,14858
1785908700000,0.32662,0.3269,0.3266,0.32682,2381
1785909600000,0.32684,0.32686,0.32658,0.32663,55863
1785910500000,0.3266,0.32685,0.3266,0.32674,174623
1785911400000,0.32672,0.32682,0.3267,0.32677,47395
1785912300000,0.32677,0.32706,0.32671,0.32696,55685
1785913200000,0.32695,0.32702,0.32689,0.32693,2972
1785914100000,0.32693,0.32696,0.32672,0.32688,43188
1785915000000,0.32688,0.32702,0.32688,0.32697,76894
1785915900000,0.32697,0.32719,0.32697,0.32719,5375
1785916800000,0.32722,0.32723,0.327,0.32715,26173
1785917700000,0.32715,0.32724,0.32714,0.32724,3606
1785918600000,0.32724,0.32757,0.3271,0.32745,691921
1785919500000,0.32746,0.32804,0.32746,0.32804,45008
1785920400000,0.3281,0.32827,0.32783,0.32784,29332
1785921300000,0.32783,0.32814,0.32782,0.32814,18845
1785922200000,0.32817,0.32822,0.32809,0.32814,26388
1785923100000,0.32814,0.32814,0.3279,0.32806,14990
1785924000000,0.32812,0.32823,0.32812,0.32823,2445
1785924900000,0.32821,0.3283,0.3281,0.32824,14610
1785925800000,0.32824,0.32828,0.32822,0.32828,2023
1785926700000,0.3282,0.32848,0.32813,0.32848,11423
1785927600000,0.32847,0.32894,0.32844,0.32891,14125
1785928500000,0.32891,0.32891,0.32858,0.32889,15081
1785929400000,0.32886,0.32886,0.3284,0.3284,10280
1785930300000,0.32843,0.32848,0.32812,0.32834,4665
1785931200000,0.32834,0.32846,0.32833,0.32837,4973
1785932100000,0.32837,0.32862,0.32836,0.3284,176829
1785933000000,0.32834,0.3284,0.3282,0.32827,40307
1785933900000,0.32824,0.32858,0.3281,0.32851,14481
1785934800000,0.32851,0.32853,0.32837,0.32839,5030
1785935700000,0.3284,0.32855,0.3282,0.32827,6274
1785936600000,0.32835,0.32835,0.32795,0.32816,426927
1785937500000,0.32818,0.32828,0.32795,0.32818,11746
1785938400000,0.3282,0.32829,0.32813,0.32815,15272
1785939300000,0.32819,0.3282,0.32795,0.32801,15581
1785940200000,0.32797,0.32818,0.32785,0.32798,8219
1785941100000,0.32799,0.328,0.32755,0.32775,24252
1785942000000,0.32776,0.32779,0.32735,0.32735,8920
1785942900000,0.32734,0.3274,0.32717,0.32733,22545
1785943800000,0.32733,0.32734,0.32718,0.3272,7057
1785944700000,0.32722,0.32748,0.32721,0.32748,97238
1785945600000,0.32743,0.32778,0.32743,0.32768,23977
1785946500000,0.32768,0.32774,0.32758,0.32773,24181
1785947400000,0.32771,0.328,0.3277,0.32778,23579
1785948300000,0.32778,0.32818,0.32773,0.32818,14765
1785949200000,0.32817,0.32817,0.32784,0.32784,15316
1785950100000,0.32793,0.32809,0.32791,0.32809,27659
1785951000000,0.32809,0.32809,0.32795,0.32806,28697
1785951900000,0.32802,0.32804,0.32786,0.32803,65382
1785952800000,0.32807,0.32818,0.32803,0.32803,4258
1785953700000,0.328,0.32811,0.32793,0.32797,23831
1785954600000,0.32792,0.32801,0.32785,0.32796,9064
1785955500000,0.32794,0.32795,0.32788,0.3279,3034
1785956400000,0.32793,0.32793,0.32783,0.32783,14346
1785957300000,0.32788,0.32793,0.32784,0.32793,11875
1785958200000,0.32794,0.32795,0.32787,0.3279,12712
1785959100000,0.32789,0.32791,0.32781,0.32786,4331
1785960000000,0.32782,0.32788,0.32778,0.32782,14659
1785960900000,0.32784,0.32791,0.3278,0.32791,3267
1785961800000,0.32791,0.32791,0.32766,0.32769,29595
1785962700000,0.32769,0.32769,0.32765,0.32765,1598
1785963600000,0.32767,0.32768,0.32764,0.32767,7221
1785964500000,0.3277,0.32772,0.32767,0.3277,6510
1785965400000,0.32772,0.32773,0.32769,0.32769,14450
1785966300000,0.32769,0.32774,0.32747,0.32747,2973
1785967200000,0.32748,0.32764,0.32746,0.32748,20689
1785968100000,0.32754,0.32756,0.32746,0.32748,15542
1785969000000,0.32749,0.32749,0.32733,0.32733,1432
1785969900000,0.32734,0.3274,0.32723,0.32728,19004
1785970800000,0.32728,0.32732,0.32723,0.32726,6558
1785971700000,0.32725,0.32726,0.32723,0.32723,3153
1785972600000,0.32723,0.32724,0.32716,0.32716,8285
1785973500000,0.32716,0.32723,0.32711,0.32723,15250
1785974400000,0.3272,0.32749,0.32716,0.32744,171463
1785975300000,0.32744,0.32748,0.32711,0.32711,180036
1785976200000,0.32711,0.32725,0.32704,0.32722,7786
1785977100000,0.3272,0.32742,0.32717,0.32742,16307
1785978000000,0.32742,0.32804,0.32742,0.32798,10696
1785978900000,0.32803,0.32845,0.32802,0.32843,74022
1785979800000,0.32843,0.3285,0.32828,0.32834,7967
1785980700000,0.32833,0.3285,0.32827,0.32841,15410
1785981600000,0.32843,0.32868,0.32836,0.32838,17007
1785982500000,0.32837,0.32837,0.32799,0.328,178232
1785983400000,0.32798,0.32814,0.32798,0.32811,12696
1785984300000,0.32811,0.32825,0.32803,0.32803,17284
1785985200000,0.32801,0.32803,0.32798,0.32803,3095
1785986100000,0.32801,0.32825,0.32797,0.32812,4754
1785987000000,0.32805,0.32806,0.32805,0.32806,1248
1785987900000,0.32806,0.32806,0.32687,0.32696,16922
1785988800000,0.32697,0.32713,0.3269,0.32713,6640
1785989700000,0.32712,0.3272,0.32685,0.32695,169186
1785990600000,0.32683,0.32684,0.32671,0.32671,13464
1785991500000,0.32654,0.32654,0.32621,0.32641,12276
1785992400000,0.32646,0.32646,0.32569,0.3257,44078
1785993300000,0.32596,0.32639,0.32596,0.3262,18723
1785994200000,0.32624,0.32638,0.32623,0.32638,4493
1785995100000,0.32638,0.32648,0.32638,0.32645,4150
1785996000000,0.32641,0.32641,0.32551,0.32599,95570
1785996900000,0.32599,0.32623,0.32589,0.32623,33861
1785997800000,0.32619,0.32688,0.32619,0.32688,17432
1785998700000,0.32688,0.3269,0.32679,0.32679,6234
1785999600000,0.32671,0.32708,0.32671,0.32708,7800
1786000500000,0.32712,0.32719,0.32708,0.3271,7007
1786001400000,0.32709,0.32712,0.32697,0.32701,2182
1786002300000,0.327,0.32712,0.327,0.32712,4399
1786003200000,0.32709,0.32709,0.32649,0.32679,11109
1786004100000,0.32679,0.32679,0.3267,0.32675,4680
1786005000000,0.32675,0.32675,0.32656,0.32657,36368
1786005900000,0.32657,0.32669,0.32656,0.32668,79428
1786006800000,0.32669,0.32695,0.32668,0.32692,27346
1786007700000,0.32691,0.32734,0.32691,0.32726,109868
1786008600000,0.32727,0.32727,0.32701,0.32713,26480
1786009500000,0.32714,0.32722,0.32714,0.32718,29242
1786010400000,0.3273,0.32733,0.32715,0.32727,7944
1786011300000,0.32724,0.32724,0.32719,0.32719,8586
1786012200000,0.32724,0.32726,0.32723,0.32726,3479
1786013100000,0.32725,0.32725,0.32718,0.3272,11441
1786014000000,0.32721,0.32728,0.32697,0.32702,11750
1786014900000,0.32702,0.32707,0.3269,0.3269,6390
1786015800000,0.32693,0.32696,0.32682,0.3269,3716
1786016700000,0.3269,0.32709,0.3269,0.32708,17570
1786017600000,0.32707,0.32712,0.32696,0.32712,5392
1786018500000,0.32708,0.32712,0.32707,0.3271,1304
1786019400000,0.32709,0.3271,0.32704,0.32707,5434
1786020300000,0.32707,0.32707,0.32696,0.327,1942
1786021200000,0.32694,0.32704,0.32693,0.32695,8632
1786022100000,0.32695,0.32701,0.32695,0.32701,7784
1786023000000,0.32716,0.32769,0.3271,0.32769,25467
1786023900000,0.3277,0.328,0.32767,0.3277,15990
1786024800000,0.32772,0.32794,0.32764,0.32778,5513
1786025700000,0.32778,0.32778,0.32744,0.32744,4262
1786026600000,0.32743,0.32745,0.32726,0.3273,6731
1786027500000,0.32737,0.32741,0.3272,0.32735,44771
1786028400000,0.32732,0.32744,0.32728,0.32729,36881
1786029300000,0.32729,0.32746,0.32727,0.32745,4424
1786030200000,0.32748,0.32758,0.32737,0.32738,6858
1786031100000,0.32729,0.32731,0.32717,0.32727,18516
1786032000000,0.32734,0.32743,0.32716,0.32738,14960
1786032900000,0.32724,0.32766,0.32718,0.32746,2514
1786033800000,0.32746,0.32746,0.32693,0.32695,8514
1786034700000,0.32695,0.32701,0.32677,0.32679,5820
1786035600000,0.32675,0.32676,0.32674,0.32675,1559
1786036500000,0.32674,0.32688,0.32674,0.3268,5920
1786037400000,0.32675,0.32698,0.32671,0.32672,21135
1786038300000,0.32671,0.32682,0.32659,0.32682,15734
1786039200000,0.32677,0.32677,0.32661,0.32668,3709
1786040100000,0.32671,0.32685,0.32667,0.32678,16047
1786041000000,0.32677,0.32699,0.32677,0.32691,2102
1786041900000,0.32699,0.32702,0.32695,0.32702,4915
1786042800000,0.327,0.327,0.32674,0.32674,3982
1786043700000,0.32676,0.32676,0.32662,0.32662,2012
1786044600000,0.32665,0.32677,0.32659,0.32666,7681
1786045500000,0.32659,0.32687,0.32659,0.32678,17680
1786046400000,0.32677,0.32695,0.32672,0.32687,14287
1786047300000,0.32687,0.32699,0.32678,0.32699,11400
1786048200000,0.32698,0.32698,0.32688,0.32692,6889
1786049100000,0.32693,0.32693,0.32678,0.32678,25394
1786050000000,0.32665,0.32673,0.32665,0.32673,12414
1786050900000,0.32675,0.32675,0.32667,0.3267,1914
1786051800000,0.32667,0.32676,0.32667,0.32669,1571
1786052700000,0.32669,0.32703,0.32669,0.32703,6683
1786053600000,0.32685,0.327,0.32684,0.32695,14905
1786054500000,0.32704,0.32712,0.32697,0.32712,1848
1786055400000,0.32709,0.32724,0.32704,0.32722,3002
1786056300000,0.32722,0.32725,0.3271,0.32723,3574
1786057200000,0.32722,0.32722,0.32704,0.32711,16027
1786058100000,0.32707,0.3271,0.32685,0.32685,46333
1786059000000,0.32683,0.32691,0.32681,0.32686,40960
1786059900000,0.32682,0.32689,0.32677,0.32679,46908
1786060800000,0.32683,0.32707,0.32677,0.32707,32252
1786061700000,0.32704,0.32727,0.3267,0.32673,93725
1786062600000,0.32673,0.32679,0.32667,0.32679,54593
1786063500000,0.32682,0.32682,0.32669,0.32671,9431
1786064400000,0.32683,0.32691,0.32673,0.32681,8072
1786065300000,0.3268,0.32692,0.3268,0.32692,8896
1786066200000,0.32692,0.32711,0.32682,0.32702,15631
1786067100000,0.327,0.32708,0.327,0.32701,5540
1786068000000,0.32702,0.32721,0.32702,0.32716,8501
1786068900000,0.32716,0.32728,0.32686,0.32694,20250
1786069800000,0.32693,0.32709,0.32693,0.32707,7799
1786070700000,0.32707,0.32709,0.32682,0.32693,5394
1786071600000,0.32695,0.3279,0.32695,0.32788,39134
1786072500000,0.32784,0.32789,0.32744,0.32744,2615
1786073400000,0.32748,0.32795,0.32744,0.32777,6881
1786074300000,0.32777,0.32777,0.3275,0.3275,5825
1786075200000,0.3275,0.32783,0.3275,0.32764,3657
1786076100000,0.32756,0.32765,0.32755,0.32763,3694
1786077000000,0.32749,0.32752,0.32748,0.32751,3380
1786077900000,0.32751,0.32765,0.32736,0.3274,5854
1786078800000,0.32738,0.32752,0.32729,0.32749,120551
1786079700000,0.32753,0.32756,0.32737,0.32737,13676
1786080600000,0.32734,0.32739,0.32625,0.32625,14604
1786081500000,0.32628,0.3265,0.32628,0.32642,24554
1786082400000,0.32648,0.32685,0.32642,0.32682,4639
1786083300000,0.32679,0.32687,0.32674,0.32683,4066
1786084200000,0.32678,0.32688,0.32671,0.32673,4804
1786085100000,0.32676,0.32705,0.32665,0.32684,76846
1786086000000,0.32678,0.3268,0.32668,0.32673,6815
1786086900000,0.32673,0.327,0.32665,0.32666,8771
1786087800000,0.32665,0.32669,0.32662,0.32664,1827
1786088700000,0.32665,0.32675,0.32656,0.32672,2520
1786089600000,0.32673,0.32694,0.32672,0.32694,18134
1786090500000,0.32693,0.32693,0.32687,0.3269,1405
1786091400000,0.3269,0.3269,0.32689,0.32689,12583
1786092300000,0.32689,0.3269,0.32689,0.32689,2913
1786093200000,0.3269,0.32704,0.32674,0.327,226670
1786094100000,0.32701,0.32707,0.32678,0.32683,110124
1786095000000,0.32687,0.32687,0.32624,0.32627,6903
1786095900000,0.32647,0.32673,0.32639,0.32673,29177
1786096800000,0.32671,0.32673,0.3266,0.32668,4075
1786097700000,0.32667,0.32682,0.32663,0.32674,3751
1786098600000,0.32662,0.32681,0.32662,0.32681,2752
1786099500000,0.32671,0.32681,0.32669,0.32673,3809
1786100400000,0.32678,0.32681,0.32672,0.32675,5088
1786101300000,0.32675,0.32685,0.32654,0.32654,12847
1786102200000,0.3265,0.32794,0.32649,0.32787,74711
1786103100000,0.32791,0.32818,0.32782,0.32796,14775
1786104000000,0.3279,0.32808,0.32764,0.32767,35454
1786104900000,0.32771,0.32786,0.32754,0.3278,12757
1786105800000,0.32785,0.32798,0.32773,0.32783,18567
1786106700000,0.32779,0.32783,0.32742,0.32749,8419
1786107600000,0.3275,0.32769,0.32748,0.32751,22423
1786108500000,0.32752,0.32781,0.32749,0.32779,8656
1786109400000,0.32776,0.3278,0.32759,0.32761,3197
1786110300000,0.32769,0.32769,0.3274,0.32746,2872
1786111200000,0.32754,0.32767,0.32718,0.32756,25994
1786112100000,0.32756,0.32781,0.32756,0.32762,5290
1786113000000,0.32775,0.32794,0.32774,0.32787,11290
1786113900000,0.32787,0.32787,0.32778,0.32779,2013
1786114800000,0.32781,0.32822,0.32781,0.32822,15322
1786115700000,0.32822,0.32832,0.32802,0.32803,6582
1786116600000,0.328,0.32803,0.32721,0.32721,81205
1786117500000,0.3273,0.32753,0.3273,0.32733,10862
1786118400000,0.32742,0.32791,0.32742,0.32781,6464
1786119300000,0.32781,0.32783,0.32764,0.32765,20100
1786120200000,0.32772,0.32772,0.32753,0.32753,7010
1786121100000,0.32753,0.3276,0.32724,0.32739,17330
1786122000000,0.32749,0.32752,0.32733,0.32733,1522
1786122900000,0.32733,0.3275,0.32733,0.32736,2591
1786123800000,0.32741,0.3276,0.32733,0.32745,1950
1786124700000,0.32748,0.32748,0.32721,0.32724,6877
1786125600000,0.32723,0.32727,0.32719,0.3272,18050
1786126500000,0.32719,0.32719,0.32683,0.32684,10944
1786127400000,0.32684,0.327,0.32677,0.32696,64690
1786128300000,0.32712,0.32714,0.32712,0.32713,3791
1786129200000,0.32724,0.32726,0.32704,0.32704,4442
1786130100000,0.32704,0.32713,0.32704,0.32711,17399
1786131000000,0.32712,0.32716,0.32701,0.32712,7494
1786131900000,0.3271,0.3271,0.32696,0.32704,5007
1786132800000,0.32721,0.32721,0.32697,0.32713,34758
1786133700000,0.32712,0.32712,0.32707,0.32709,1810
1786134600000,0.3271,0.3271,0.32696,0.32709,6047
1786135500000,0.32709,0.32709,0.32697,0.32708,18111
1786136400000,0.32709,0.32731,0.32708,0.32714,2426
1786137300000,0.32712,0.32713,0.32703,0.32703,5616
1786138200000,0.32709,0.32719,0.32709,0.32713,7825
1786139100000,0.32714,0.32716,0.32698,0.32704,2838
1786140000000,0.32704,0.32729,0.32704,0.32729,8430
1786140900000,0.32727,0.32733,0.32715,0.32715,13749
1786141800000,0.32714,0.32732,0.32713,0.32723,22119
1786142700000,0.32725,0.32727,0.32724,0.32727,4197
1786143600000,0.32733,0.32739,0.32733,0.32736,7069
1786144500000,0.32736,0.3274,0.32736,0.32736,2310
1786145400000,0.32736,0.32737,0.3273,0.32732,4064
1786146300000,0.32733,0.32739,0.32731,0.32737,2309
1786147200000,0.32739,0.32778,0.32738,0.32745,75196
1786148100000,0.32742,0.32772,0.32742,0.32765,39909
1786149000000,0.32758,0.32774,0.32758,0.3277,40813
1786149900000,0.32772,0.32772,0.32735,0.32758,7063
1786150800000,0.32762,0.32781,0.32758,0.32773,76030
1786151700000,0.32774,0.32777,0.3277,0.3277,5092
1786152600000,0.32775,0.32778,0.32755,0.32766,32947
1786153500000,0.32767,0.32767,0.32739,0.32752,25200
1786154400000,0.32762,0.32772,0.32756,0.32767,4526
1786155300000,0.32767,0.32768,0.32756,0.32765,3146
1786156200000,0.32759,0.32762,0.32756,0.3276,27713
1786157100000,0.32759,0.32763,0.32757,0.32758,1298
1786158000000,0.32766,0.32774,0.32766,0.3277,1423
1786158900000,0.3277,0.32771,0.32764,0.32764,3383
1786159800000,0.32765,0.32769,0.3276,0.32761,9353
1786160700000,0.32761,0.3277,0.32761,0.32761,9496
1786161600000,0.3276,0.3276,0.32748,0.32748,2893
1786162500000,0.32749,0.32758,0.32743,0.32743,5905
1786163400000,0.32744,0.32744,0.32737,0.32737,3713
1786164300000,0.32736,0.32736,0.32733,0.32733,3340
1786165200000,0.32734,0.3275,0.3272,0.32743,4157
1786166100000,0.32741,0.32746,0.32724,0.32727,50378
1786167000000,0.32726,0.32728,0.32718,0.32724,1467
1786167900000,0.32724,0.32772,0.32722,0.32751,14651
1786168800000,0.32746,0.32746,0.32724,0.3273,3498
1786169700000,0.32731,0.32738,0.32713,0.32716,42177
1786170600000,0.32717,0.3273,0.32717,0.3273,5256
1786171500000,0.32732,0.32732,0.32723,0.32731,3688
1786172400000,0.32721,0.32729,0.3272,0.32723,8973
1786173300000,0.32724,0.32724,0.32713,0.32715,2126
1786174200000,0.32714,0.32722,0.32713,0.32713,3392
1786175100000,0.32713,0.32713,0.327,0.32706,11598
1786176000000,0.32712,0.32731,0.32701,0.32727,10581
1786176900000,0.32733,0.32738,0.32723,0.32731,3242
1786177800000,0.3273,0.32731,0.3273,0.3273,15921
1786178700000,0.32731,0.32731,0.3273,0.32731,42357
1786179600000,0.3273,0.32749,0.3273,0.32749,175383
1786180500000,0.32749,0.32757,0.32748,0.32756,6011
1786181400000,0.32756,0.32767,0.32754,0.32754,16302
1786182300000,0.3276,0.32792,0.32751,0.32792,41961
1786183200000,0.32791,0.32879,0.32791,0.32879,340650
1786184100000,0.32879,0.3294,0.32877,0.32889,38807
1786185000000,0.32879,0.32893,0.32879,0.32885,2817
1786185900000,0.32886,0.32895,0.32881,0.32884,3152
1786186800000,0.32885,0.32899,0.32885,0.32895,236571
1786187700000,0.32895,0.32896,0.32869,0.32871,12914
1786188600000,0.32871,0.32872,0.32848,0.32871,111640
1786189500000,0.32866,0.32868,0.32856,0.32865,3051
1786190400000,0.32864,0.32906,0.32864,0.32891,53687
1786191300000,0.32889,0.32891,0.32874,0.3289,1653
1786192200000,0.32888,0.32895,0.32854,0.32855,6102
1786193100000,0.32854,0.32858,0.32849,0.32851,2002
1786194000000,0.32852,0.32888,0.32852,0.32874,3548
1786194900000,0.32877,0.32878,0.32865,0.32873,3564
1786195800000,0.32868,0.32881,0.32867,0.32879,3256
1786196700000,0.3288,0.32881,0.32861,0.32867,16562
1786197600000,0.32861,0.32868,0.32843,0.32856,40930
1786198500000,0.32857,0.32857,0.32829,0.32834,7379
1786199400000,0.32832,0.32836,0.32832,0.32834,16146
1786200300000,0.32834,0.32852,0.32832,0.32844,7565
1786201200000,0.32844,0.32866,0.32842,0.32866,12095
1786202100000,0.32866,0.32866,0.32834,0.32834,10767
1786203000000,0.32837,0.32841,0.32827,0.32841,10632
1786203900000,0.3284,0.32865,0.3284,0.32864,3571
1786204800000,0.32877,0.32885,0.32868,0.32881,21282
1786205700000,0.32879,0.32887,0.32856,0.32865,27018
1786206600000,0.32879,0.3288,0.32878,0.3288,1641
1786207500000,0.32879,0.32884,0.32879,0.32882,4791
1786208400000,0.32878,0.32879,0.32874,0.32879,13399
1786209300000,0.3288,0.32887,0.32876,0.32876,4974
1786210200000,0.32876,0.32881,0.32869,0.32869,29841
1786211100000,0.32873,0.32873,0.32855,0.32862,16107
1786212000000,0.32867,0.32879,0.32867,0.32876,14916
1786212900000,0.32876,0.32882,0.32867,0.32868,5962
1786213800000,0.32867,0.32873,0.32866,0.32872,10765
1786214700000,0.32866,0.32871,0.32864,0.32871,1962
1786215600000,0.32874,0.32881,0.32869,0.32869,4995
1786216500000,0.32869,0.32871,0.32866,0.32869,1498
1786217400000,0.32867,0.3287,0.32867,0.32869,2201
1786218300000,0.32868,0.3287,0.32868,0.3287,2893
1786219200000,0.3287,0.3287,0.32866,0.32866,1467
1786220100000,0.32869,0.3287,0.32866,0.32867,23038
1786221000000,0.3287,0.3287,0.32867,0.32867,2475
1786221900000,0.32867,0.3287,0.32867,0.32867,5167
1786222800000,0.32869,0.32869,0.32849,0.32866,78924
1786223700000,0.32864,0.32872,0.3286,0.32872,5485
1786224600000,0.32867,0.32873,0.32863,0.32871,51698
1786225500000,0.32869,0.32869,0.3286,0.3286,3623
1786226400000,0.32862,0.32866,0.32859,0.32862,1556
1786227300000,0.32862,0.32882,0.32859,0.32882,16399
1786228200000,0.32877,0.32877,0.32869,0.32873,5104
1786229100000,0.32878,0.3288,0.32869,0.3288,7180
1786230000000,0.32876,0.32903,0.3287,0.32875,13782
1786230900000,0.32879,0.3288,0.32868,0.32873,10465
1786231800000,0.32873,0.32882,0.32871,0.32882,1839
1786232700000,0.32882,0.32888,0.32882,0.32888,4175
1786233600000,0.32887,0.32908,0.32879,0.32901,36709
1786234500000,0.32901,0.32919,0.32887,0.32894,100943
1786235400000,0.32894,0.329,0.32886,0.329,59589
1786236300000,0.329,0.32926,0.32899,0.32924,11088
1786237200000,0.32924,0.32938,0.32924,0.32937,26472
1786238100000,0.32937,0.32952,0.32936,0.32946,23871
1786239000000,0.32946,0.3297,0.32943,0.32969,10877
1786239900000,0.32968,0.32969,0.32941,0.32941,17966
1786240800000,0.32946,0.32974,0.32946,0.32963,12335
1786241700000,0.32963,0.32963,0.32949,0.32952,183264
1786242600000,0.32953,0.32954,0.3295,0.32953,2434
1786243500000,0.32951,0.32955,0.32949,0.32955,4320
1786244400000,0.32961,0.3298,0.32961,0.32972,1228
1786245300000,0.32971,0.32976,0.32967,0.32967,3621
1786246200000,0.32967,0.32984,0.32967,0.32979,5392
1786247100000,0.32979,0.32982,0.32979,0.3298,7481
1786248000000,0.32977,0.32987,0.32977,0.32987,7591
1786248900000,0.32984,0.33014,0.32984,0.3299,34938
1786249800000,0.32991,0.32991,0.32978,0.32978,3390
1786250700000,0.32978,0.32981,0.32977,0.32981,1160
1786251600000,0.32981,0.32991,0.32981,0.3299,1785
1786252500000,0.32989,0.33007,0.32989,0.33006,2543
1786253400000,0.33006,0.33011,0.33001,0.33001,3221
1786254300000,0.33001,0.33018,0.32989,0.33016,8029
1786255200000,0.33017,0.33024,0.32986,0.32995,10634
1786256100000,0.32985,0.32985,0.32965,0.32981,3563
1786257000000,0.32979,0.32985,0.32971,0.32971,3437
1786257900000,0.32972,0.3298,0.32972,0.32976,9000
1786258800000,0.32979,0.32981,0.32973,0.32973,1429
1786259700000,0.32973,0.32975,0.32948,0.32954,18506
1786260600000,0.32968,0.3297,0.32956,0.32958,63248
1786261500000,0.32964,0.32973,0.32933,0.32933,79649
1786262400000,0.32941,0.3295,0.32925,0.32926,32285
1786263300000,0.32925,0.32947,0.32925,0.32941,148866
1786264200000,0.32942,0.32972,0.32942,0.32966,171192
1786265100000,0.32966,0.32967,0.32944,0.32946,79191
1786266000000,0.3295,0.3296,0.32942,0.32955,29181
1786266900000,0.32961,0.32974,0.32961,0.32969,11500
1786267800000,0.32968,0.32968,0.32959,0.32962,5612
1786268700000,0.32962,0.32962,0.32955,0.32958,2815
1786269600000,0.32968,0.32973,0.32941,0.32962,516312
1786270500000,0.32962,0.32974,0.32931,0.32931,218989
1786271400000,0.32931,0.32952,0.32928,0.32952,40818
1786272300000,0.32956,0.32959,0.32928,0.32939,62970
1786273200000,0.32948,0.32956,0.32945,0.32946,13328
1786274100000,0.32946,0.32982,0.32945,0.32982,1401
1786275000000,0.32981,0.32994,0.32981,0.32991,9558
1786275900000,0.32993,0.32996,0.32985,0.32992,1810
1786276800000,0.32994,0.32998,0.32989,0.32995,13614
1786277700000,0.32994,0.32996,0.32986,0.32986,5407
1786278600000,0.32988,0.32988,0.32987,0.32988,2557
1786279500000,0.32988,0.32988,0.32968,0.32972,26612
1786280400000,0.32978,0.32988,0.32977,0.32986,6657
1786281300000,0.32986,0.33016,0.32985,0.3301,92120
1786282200000,0.33012,0.33012,0.33007,0.33009,5583
1786283100000,0.33008,0.33008,0.3297,0.32979,21927
1786284000000,0.3298,0.33009,0.3298,0.33006,26643
1786284900000,0.33007,0.33007,0.32992,0.33,16123
1786285800000,0.33003,0.33009,0.33001,0.33006,7939
1786286700000,0.33006,0.33011,0.32992,0.32992,1515
1786287600000,0.32993,0.33007,0.32992,0.32999,21332
1786288500000,0.33,0.33002,0.32998,0.33,7280
1786289400000,0.32999,0.33002,0.32981,0.32981,3097
1786290300000,0.32981,0.32986,0.32981,0.32985,3102
1786291200000,0.32985,0.33005,0.32964,0.32985,41858
1786292100000,0.32986,0.32987,0.3297,0.32973,5911
1786293000000,0.32972,0.32973,0.32972,0.32972,3239
1786293900000,0.32973,0.32973,0.32957,0.32968,13196
1786294800000,0.32968,0.3298,0.3296,0.3298,78560
1786295700000,0.32981,0.32983,0.32962,0.32962,4143
1786296600000,0.32981,0.32989,0.32955,0.32966,66013
1786297500000,0.32968,0.32973,0.32963,0.32965,1757
1786298400000,0.32974,0.32976,0.32963,0.32969,2278
1786299300000,0.32968,0.32976,0.32968,0.32971,4011
1786300200000,0.32967,0.32968,0.32957,0.32957,3296
1786301100000,0.32957,0.32957,0.32953,0.32953,2563
1786302000000,0.32956,0.32965,0.32951,0.32965,4737
1786302900000,0.3296,0.32962,0.32958,0.32961,3330
1786303800000,0.32961,0.32961,0.32957,0.32958,9167
1786304700000,0.32957,0.32965,0.32955,0.32962,20122
1786305600000,0.32968,0.32969,0.3296,0.32962,1270
1786306500000,0.32963,0.32971,0.32963,0.3297,12468
1786307400000,0.3297,0.3297,0.3296,0.3296,5263
1786308300000,0.32957,0.3296,0.32956,0.32958,6208
1786309200000,0.32957,0.32958,0.32922,0.32938,345126
1786310100000,0.32939,0.32953,0.32935,0.32953,2920
1786311000000,0.32954,0.32966,0.32939,0.32962,12956
1786311900000,0.32963,0.32963,0.32954,0.32954,20958
1786312800000,0.32954,0.32997,0.32954,0.32997,47590
1786313700000,0.3299,0.3299,0.32967,0.32977,52060
1786314600000,0.32978,0.32978,0.3294,0.32942,1994
1786315500000,0.32942,0.32947,0.3293,0.32942,48520
1786316400000,0.32938,0.3296,0.32938,0.32946,10974
1786317300000,0.32946,0.32968,0.32946,0.32949,126324
1786318200000,0.32965,0.32979,0.32947,0.32971,61801
1786319100000,0.32971,0.32983,0.32961,0.32973,131141
1786320000000,0.32973,0.33088,0.32955,0.33059,139102
1786320900000,0.33052,0.3306,0.33024,0.33034,99080
1786321800000,0.33033,0.33051,0.33026,0.33029,4315
1786322700000,0.33026,0.33031,0.33019,0.33031,11695
1786323600000,0.33027,0.33071,0.33024,0.3307,22863
1786324500000,0.33067,0.33073,0.33053,0.33057,914
1786325400000,0.33047,0.33056,0.33039,0.33044,5351
1786326300000,0.33041,0.33044,0.33027,0.33041,3750
1786327200000,0.33042,0.33043,0.33032,0.33035,6630
1786328100000,0.33034,0.33034,0.33015,0.33018,3034
1786329000000,0.33022,0.33023,0.33013,0.33013,11802
1786329900000,0.33015,0.33019,0.33007,0.33008,10257
1786330800000,0.3301,0.33023,0.33009,0.3302,2018
1786331700000,0.3302,0.33024,0.32958,0.32975,48856
1786332600000,0.32977,0.32988,0.32967,0.3297,17259
1786333500000,0.3297,0.32984,0.32966,0.32984,5641
1786334400000,0.32976,0.32987,0.32971,0.32978,5588
1786335300000,0.32984,0.32998,0.32981,0.32994,3647
1786336200000,0.32997,0.33004,0.32984,0.32984,1750
1786337100000,0.32984,0.3299,0.32983,0.32984,1457
1786338000000,0.32984,0.3299,0.32984,0.3299,9715
1786338900000,0.3299,0.32991,0.32975,0.32975,2951
1786339800000,0.3298,0.32984,0.32974,0.32984,1414
1786340700000,0.32984,0.33006,0.32978,0.32991,22706
1786341600000,0.32992,0.32996,0.3299,0.32994,2922
1786342500000,0.32994,0.33007,0.32964,0.32964,35485
1786343400000,0.32963,0.32965,0.32958,0.32961,12650
1786344300000,0.32962,0.32965,0.32958,0.32962,2264
1786345200000,0.32966,0.32966,0.32948,0.32955,29766
1786346100000,0.32952,0.32981,0.32952,0.32963,2838
1786347000000,0.32961,0.32981,0.32961,0.32979,5795
1786347900000,0.32977,0.32987,0.32972,0.32975,4145
1786348800000,0.32977,0.32984,0.32964,0.32982,18716
1786349700000,0.32981,0.32985,0.32981,0.32983,1121
1786350600000,0.3299,0.32991,0.32983,0.32984,51446
1786351500000,0.32984,0.33049,0.32983,0.33049,41095
1786352400000,0.33049,0.33051,0.33045,0.3305,3143
1786353300000,0.3305,0.33052,0.33033,0.33048,30277
1786354200000,0.33046,0.33047,0.33041,0.33046,4107
1786355100000,0.33046,0.33054,0.33043,0.3305,5261
1786356000000,0.33044,0.33089,0.33044,0.33086,350289
1786356900000,0.33091,0.33149,0.33091,0.33148,159475
1786357800000,0.33148,0.33148,0.33139,0.33143,5909
1786358700000,0.33142,0.33165,0.33142,0.3316,4448
1786359600000,0.33163,0.33165,0.3315,0.33164,13313
1786360500000,0.33159,0.33159,0.33122,0.33157,6380
1786361400000,0.33145,0.33154,0.33118,0.33149,14881
1786362300000,0.3315,0.3315,0.33126,0.33145,5524
1786363200000,0.33144,0.33206,0.3314,0.33154,691905
1786364100000,0.33154,0.33154,0.33147,0.33149,10230
1786365000000,0.33147,0.33177,0.33147,0.33177,36457
1786365900000,0.33175,0.33176,0.33167,0.33176,21142
1786366800000,0.33181,0.33183,0.33175,0.33178,8186
1786367700000,0.33179,0.33183,0.3317,0.3317,18943
1786368600000,0.33177,0.33177,0.33103,0.33103,36058
1786369500000,0.3311,0.33111,0.3305,0.33084,145942
1786370400000,0.33081,0.33127,0.33081,0.33127,43597
1786371300000,0.33117,0.33132,0.33108,0.3312,9126
1786372200000,0.33114,0.33121,0.33103,0.33119,4646
1786373100000,0.33112,0.33119,0.33098,0.33104,22323
1786374000000,0.33101,0.33126,0.33088,0.33088,33115
1786374900000,0.33097,0.33119,0.3309,0.33096,9088
1786375800000,0.33097,0.33108,0.33081,0.33084,8189
1786376700000,0.33083,0.3309,0.33076,0.33079,3588
1786377600000,0.33077,0.33114,0.33077,0.33113,17466
1786378500000,0.33111,0.33118,0.33097,0.33104,14232
1786379400000,0.33104,0.33116,0.331,0.33105,12506
1786380300000,0.33101,0.33101,0.33079,0.33097,14209
1786381200000,0.33097,0.33107,0.33095,0.33104,12554
1786382100000,0.33104,0.33114,0.331,0.3311,32913
1786383000000,0.3311,0.33112,0.3308,0.33092,10875
1786383900000,0.33091,0.33097,0.33084,0.33094,6760
1786384800000,0.33106,0.33106,0.33091,0.33106,6270
1786385700000,0.33105,0.33108,0.33086,0.33086,8796
1786386600000,0.3308,0.3308,0.33067,0.33077,8183
1786387500000,0.33079,0.33092,0.33068,0.33087,6219
1786388400000,0.33084,0.33093,0.33056,0.33083,44524
1786389300000,0.33082,0.33094,0.33082,0.33084,19750
1786390200000,0.33083,0.33094,0.33082,0.33084,7754
1786391100000,0.33084,0.33084,0.33067,0.33076,21861
1786392000000,0.33072,0.33092,0.33072,0.33091,2661
1786392900000,0.33091,0.33091,0.33073,0.33074,4024
1786393800000,0.33073,0.33088,0.33073,0.33088,2503
1786394700000,0.33086,0.33087,0.33079,0.33083,7315
1786395600000,0.33081,0.33095,0.33081,0.33086,2725
1786396500000,0.33086,0.33098,0.33085,0.33098,107578
1786397400000,0.33092,0.33095,0.33089,0.33092,7704
1786398300000,0.33095,0.33097,0.3308,0.33082,8241
1786399200000,0.33081,0.33086,0.33059,0.33086,11528
1786400100000,0.33079,0.33083,0.33067,0.33067,1710
1786401000000,0.33069,0.33069,0.33057,0.33058,2934
1786401900000,0.33058,0.33058,0.33039,0.33053,112664
1786402800000,0.33053,0.33054,0.33041,0.33041,15699
1786403700000,0.33039,0.33046,0.33038,0.33045,7682
1786404600000,0.33045,0.33069,0.33044,0.33069,12236
1786405500000,0.33069,0.33069,0.33062,0.33065,4368
1786406400000,0.33064,0.33081,0.33056,0.3308,77282
1786407300000,0.3308,0.33088,0.33071,0.33083,86834
1786408200000,0.33083,0.3309,0.33082,0.33086,13458
1786409100000,0.33085,0.33089,0.33071,0.33081,16362
1786410000000,0.33072,0.33116,0.33072,0.33113,10658
1786410900000,0.33113,0.33113,0.33103,0.33106,4063
1786411800000,0.33105,0.33105,0.33086,0.33093,6132
1786412700000,0.33092,0.33097,0.33076,0.33097,11105
1786413600000,0.33093,0.33113,0.33093,0.33101,12411
1786414500000,0.33101,0.33101,0.33086,0.33096,4410
1786415400000,0.33093,0.33095,0.33085,0.3309,3739
1786416300000,0.3309,0.33113,0.3309,0.33113,13778
1786417200000,0.33113,0.33116,0.33111,0.33115,3538
1786418100000,0.33115,0.33117,0.33114,0.33117,6001
1786419000000,0.33117,0.33117,0.33087,0.33088,6789
1786419900000,0.33088,0.33113,0.33087,0.33112,11919
1786420800000,0.33131,0.33148,0.33131,0.33147,24691
1786421700000,0.33147,0.33157,0.33138,0.33144,10487
1786422600000,0.33144,0.33155,0.33131,0.33136,3583
1786423500000,0.33136,0.33163,0.33135,0.33161,8249
1786424400000,0.33153,0.3317,0.33153,0.33154,123955
1786425300000,0.33155,0.3317,0.33154,0.3316,103473
1786426200000,0.33162,0.33171,0.33162,0.33165,2739
1786427100000,0.33162,0.33171,0.33158,0.33171,6846
1786428000000,0.3317,0.33171,0.3317,0.3317,42193
1786428900000,0.3317,0.33171,0.33139,0.33153,109139
1786429800000,0.33153,0.3317,0.33149,0.33153,5374
1786430700000,0.33152,0.33153,0.33137,0.33153,8208
1786431600000,0.33159,0.33162,0.33154,0.33156,1687
1786432500000,0.33156,0.3317,0.33153,0.33169,1621
1786433400000,0.33168,0.33198,0.33149,0.33197,43828
1786434300000,0.33196,0.33214,0.33186,0.33203,8843
1786435200000,0.33208,0.33214,0.33169,0.3317,51273
1786436100000,0.33169,0.33169,0.33136,0.3314,5302
1786437000000,0.3314,0.33161,0.33134,0.33161,13753
1786437900000,0.33161,0.33191,0.3316,0.3319,65626
1786438800000,0.33191,0.33249,0.33191,0.33236,26689
1786439700000,0.33237,0.33318,0.3323,0.33318,125746
1786440600000,0.33318,0.3335,0.33318,0.33347,109808
1786441500000,0.3334,0.33487,0.3334,0.33487,191231
1786442400000,0.3349,0.33588,0.3349,0.33587,1089357
1786443300000,0.33587,0.33771,0.33586,0.33753,631945
1786444200000,0.33755,0.33759,0.33658,0.33663,114192
1786445100000,0.33662,0.33662,0.33576,0.33608,161177
1786446000000,0.33626,0.3364,0.33604,0.33606,372919
1786446900000,0.33606,0.33617,0.33588,0.33604,30243
1786447800000,0.33604,0.33638,0.33604,0.33638,25335
1786448700000,0.3364,0.33675,0.33639,0.33655,91235
1786449600000,0.33656,0.33712,0.33656,0.33682,100699
1786450500000,0.33678,0.33708,0.33601,0.33601,97725
1786451400000,0.33597,0.33626,0.33548,0.33624,119497
1786452300000,0.33624,0.33625,0.33605,0.33619,35707
1786453200000,0.33615,0.33635,0.33595,0.33599,23080
1786454100000,0.336,0.33603,0.33567,0.33577,33877
1786455000000,0.33577,0.33578,0.33531,0.33547,34293
1786455900000,0.33548,0.33578,0.33535,0.33571,81924
1786456800000,0.3357,0.3365,0.33569,0.33598,159206
1786457700000,0.33597,0.33598,0.33557,0.33558,61303
1786458600000,0.33558,0.3356,0.3352,0.3353,64019
1786459500000,0.3353,0.33538,0.33475,0.33491,43383
1786460400000,0.3349,0.3353,0.33452,0.33454,125221
1786461300000,0.33455,0.33466,0.33442,0.33442,48787
1786462200000,0.33445,0.33463,0.33419,0.3342,54657
1786463100000,0.33431,0.33478,0.33417,0.33477,76875
1786464000000,0.33478,0.33514,0.33476,0.33477,101141
1786464900000,0.33476,0.33484,0.33467,0.33467,64694
1786465800000,0.3347,0.33485,0.33462,0.33469,22352
1786466700000,0.33464,0.33464,0.33431,0.33448,51386
1786467600000,0.33458,0.33488,0.33451,0.33472,13806
1786468500000,0.33473,0.33487,0.33461,0.33485,3573
1786469400000,0.33485,0.33494,0.33483,0.33491,98721
1786470300000,0.33491,0.33502,0.33485,0.33501,5675
1786471200000,0.335,0.33537,0.335,0.33528,27529
1786472100000,0.33518,0.33538,0.33511,0.33512,30703
1786473000000,0.33496,0.33522,0.33482,0.33521,66735
1786473900000,0.33516,0.33519,0.3351,0.33519,7185
1786474800000,0.33519,0.33523,0.33507,0.33514,3878
1786475700000,0.33493,0.33499,0.33488,0.33496,18662
1786476600000,0.33496,0.33502,0.3349,0.33501,2845
1786477500000,0.33502,0.33511,0.33502,0.33509,12806
1786478400000,0.33514,0.33514,0.33498,0.33498,7032
1786479300000,0.33501,0.33522,0.33495,0.33522,14784
1786480200000,0.3352,0.33528,0.33519,0.33523,32270
1786481100000,0.33522,0.33522,0.33508,0.33517,8290
1786482000000,0.33517,0.33526,0.33508,0.3351,38427
1786482900000,0.33516,0.33516,0.33508,0.33514,4637
1786483800000,0.33514,0.33532,0.33508,0.33527,2737
1786484700000,0.33527,0.33527,0.33508,0.3351,8457
1786485600000,0.3351,0.33517,0.33508,0.3351,5666
1786486500000,0.33509,0.33515,0.33509,0.33514,2710
1786487400000,0.33514,0.33514,0.33502,0.33504,11982
1786488300000,0.33505,0.3351,0.33504,0.33509,3443
1786489200000,0.33509,0.33514,0.33502,0.33506,120223
1786490100000,0.33506,0.33508,0.33502,0.33505,65096
1786491000000,0.33503,0.33509,0.33502,0.33502,24656
1786491900000,0.33502,0.33516,0.33498,0.33513,58580
1786492800000,0.33514,0.33564,0.33514,0.3356,191697
1786493700000,0.33559,0.33559,0.33541,0.33557,42162
1786494600000,0.33557,0.33566,0.33522,0.33527,57418
1786495500000,0.33528,0.33529,0.33495,0.33495,16237
1786496400000,0.33496,0.33502,0.3344,0.33442,21482
1786497300000,0.33441,0.33442,0.33429,0.33432,22494
1786498200000,0.33431,0.33451,0.33431,0.33451,11360
1786499100000,0.33451,0.33482,0.33444,0.33471,20120
1786500000000,0.33475,0.33476,0.33469,0.33469,6826
1786500900000,0.33469,0.33469,0.33458,0.33468,77198
1786501800000,0.33468,0.33468,0.33446,0.33451,79986
1786502700000,0.33452,0.33452,0.33439,0.33439,12570
1786503600000,0.33439,0.33439,0.33349,0.33349,67772
1786504500000,0.33352,0.33363,0.33339,0.33358,14456
1786505400000,0.3335,0.3344,0.33346,0.3344,48119
1786506300000,0.33442,0.33443,0.33422,0.33423,7048
1786507200000,0.33423,0.33435,0.33416,0.33435,12413
1786508100000,0.33438,0.3344,0.33421,0.3343,86051
1786509000000,0.33431,0.33448,0.33431,0.33436,89197
1786509900000,0.33436,0.33442,0.33435,0.33441,3584
1786510800000,0.33441,0.33464,0.33413,0.33464,455552
1786511700000,0.3348,0.3354,0.3348,0.33529,58977
1786512600000,0.33528,0.33667,0.33515,0.33542,882164
1786513500000,0.33543,0.33543,0.33536,0.3354,42658
1786514400000,0.3354,0.33566,0.3354,0.33554,67421
1786515300000,0.33555,0.33574,0.33546,0.33546,55030
1786516200000,0.33546,0.34378,0.33514,0.33578,2259998
1786517100000,0.3358,0.3365,0.33572,0.33649,486009
1786518000000,0.33649,0.33674,0.33632,0.33668,91043
1786518900000,0.33668,0.33668,0.33593,0.33616,81720
1786519800000,0.33616,0.33625,0.33606,0.33621,34272
1786520700000,0.33621,0.33631,0.33604,0.33609,54126
1786521600000,0.33609,0.33613,0.33572,0.3358,45999
1786522500000,0.33582,0.33617,0.33579,0.33613,40382
1786523400000,0.33623,0.33628,0.33622,0.33625,172183
1786524300000,0.33625,0.33636,0.33624,0.33636,40970
1786525200000,0.33635,0.33667,0.33635,0.33667,35415
1786526100000,0.33666,0.33677,0.33658,0.33662,111352
1786527000000,0.33661,0.33661,0.33632,0.33645,66963
1786527900000,0.3364,0.3364,0.33623,0.33626,136537
1786528800000,0.33627,0.33705,0.33625,0.33705,490722
1786529700000,0.33705,0.33732,0.33696,0.33732,197975
1786530600000,0.33739,0.33756,0.33739,0.33748,87510
1786531500000,0.33748,0.33748,0.33685,0.33691,183997
1786532400000,0.33692,0.33702,0.33681,0.33682,54169
1786533300000,0.33681,0.33734,0.3368,0.33718,332932
1786534200000,0.33718,0.33738,0.33718,0.33731,45525
1786535100000,0.3373,0.33753,0.3371,0.3371,68374
1786536000000,0.3371,0.3372,0.33682,0.33688,62622
1786536900000,0.33685,0.33686,0.33644,0.33658,117520
1786537800000,0.33658,0.33661,0.33623,0.33627,96909
1786538700000,0.33626,0.33633,0.3361,0.33633,53655
1786539600000,0.33633,0.33633,0.33591,0.33608,31926
1786540500000,0.33612,0.33628,0.33612,0.33622,14102
1786541400000,0.33622,0.33638,0.3362,0.33638,21293
1786542300000,0.33639,0.33649,0.33608,0.33622,18341
1786543200000,0.3362,0.33635,0.33605,0.33614,39571
1786544100000,0.33614,0.33617,0.33597,0.33598,22723
1786545000000,0.33598,0.33605,0.33578,0.33579,49996
1786545900000,0.33579,0.33579,0.33549,0.33549,10598
1786546800000,0.33549,0.33621,0.33549,0.33618,54496
1786547700000,0.3362,0.3362,0.33568,0.33582,11959
1786548600000,0.33583,0.33609,0.33582,0.33603,14725
1786549500000,0.33604,0.33619,0.33601,0.33605,38998
1786550400000,0.33604,0.3361,0.33581,0.33598,102308
1786551300000,0.33601,0.33603,0.33579,0.33587,19337
1786552200000,0.33594,0.33594,0.33564,0.33565,17943
1786553100000,0.33564,0.33587,0.33553,0.33587,20285
1786554000000,0.33582,0.33604,0.33573,0.33604,36440
1786554900000,0.33603,0.33609,0.33603,0.33606,3102
1786555800000,0.33606,0.33621,0.33605,0.33616,13385
1786556700000,0.33619,0.33619,0.33594,0.33595,9088
1786557600000,0.33604,0.33611,0.336,0.33609,21087
1786558500000,0.33608,0.33619,0.33608,0.33616,16983
1786559400000,0.33607,0.33613,0.33602,0.33603,41680
1786560300000,0.33603,0.33616,0.33582,0.33587,36140
1786561200000,0.33587,0.33587,0.33574,0.33574,8613
1786562100000,0.33562,0.3358,0.33561,0.33562,18545
1786563000000,0.33562,0.33566,0.33556,0.33556,7214
1786563900000,0.33556,0.33562,0.33551,0.33562,10378
1786564800000,0.33567,0.336,0.33567,0.33591,18364
1786565700000,0.33592,0.33593,0.33583,0.33584,3646
1786566600000,0.33585,0.33585,0.33575,0.33575,2832
1786567500000,0.33571,0.33571,0.33564,0.33571,3733
1786568400000,0.33571,0.33587,0.33568,0.33569,15931
1786569300000,0.33579,0.33585,0.33559,0.33567,76357
1786570200000,0.33566,0.3358,0.33566,0.33574,7868
1786571100000,0.33575,0.33575,0.33566,0.33566,10585
1786572000000,0.33563,0.33574,0.33562,0.33574,2736
1786572900000,0.33574,0.33605,0.33573,0.33581,136441
1786573800000,0.3358,0.33581,0.33571,0.33572,4621
1786574700000,0.33573,0.3358,0.33569,0.33571,19847
1786575600000,0.33571,0.33575,0.3357,0.33575,5787
1786576500000,0.33581,0.33625,0.33581,0.33609,395599
1786577400000,0.33613,0.33642,0.33613,0.33618,204093
1786578300000,0.33618,0.3364,0.33616,0.33631,420549
1786579200000,0.33636,0.33675,0.33632,0.33637,209382
1786580100000,0.33636,0.33637,0.33604,0.33623,62511
1786581000000,0.33623,0.33623,0.33565,0.33574,51367
1786581900000,0.33574,0.3359,0.33573,0.33589,45360
1786582800000,0.33584,0.33604,0.33579,0.33599,31377
1786583700000,0.33599,0.33631,0.33599,0.33631,34390
1786584600000,0.33643,0.33643,0.33625,0.3364,149306
1786585500000,0.33639,0.3364,0.33596,0.33597,16726
1786586400000,0.33597,0.33631,0.33596,0.33622,23057
1786587300000,0.33622,0.33622,0.3361,0.33614,10680
1786588200000,0.33614,0.33615,0.3361,0.3361,1981
1786589100000,0.3361,0.33611,0.3361,0.3361,5025
1786590000000,0.33599,0.336,0.33574,0.33591,18801
1786590900000,0.33591,0.33612,0.33591,0.33608,19301
1786591800000,0.33608,0.33608,0.33578,0.33578,6621
1786592700000,0.33578,0.33599,0.33578,0.33599,15304
1786593600000,0.336,0.33622,0.33599,0.33599,47503
1786594500000,0.33595,0.33615,0.33581,0.33581,30027
1786595400000,0.33584,0.33586,0.33578,0.33579,1746
1786596300000,0.33578,0.33579,0.33573,0.33577,29935
1786597200000,0.33578,0.33578,0.33562,0.33567,11815
1786598100000,0.33569,0.33605,0.33569,0.33604,17586
1786599000000,0.33604,0.33615,0.33603,0.33615,6650
1786599900000,0.33615,0.33752,0.33614,0.33752,49440
1786600800000,0.33757,0.33826,0.33757,0.33777,250456
1786601700000,0.33776,0.33845,0.33775,0.33815,386080
1786602600000,0.33816,0.33832,0.33774,0.33784,124589
1786603500000,0.3377,0.33787,0.33733,0.33746,47375
1786604400000,0.33755,0.33788,0.33753,0.3378,38267
1786605300000,0.33781,0.33781,0.33739,0.33739,6537
1786606200000,0.33733,0.33734,0.337,0.337,14889
1786607100000,0.33706,0.33714,0.33694,0.33694,40717
1786608000000,0.33703,0.33728,0.33682,0.33705,109017
1786608900000,0.33705,0.33708,0.33689,0.33699,45252
1786609800000,0.33699,0.337,0.33651,0.33656,357132
1786610700000,0.33652,0.33652,0.33557,0.33575,338761
1786611600000,0.33571,0.33571,0.33541,0.33559,59891
1786612500000,0.33541,0.33564,0.33536,0.33552,184070
1786613400000,0.33552,0.33552,0.3351,0.3351,168827
1786614300000,0.33515,0.33521,0.33371,0.33374,56390
1786615200000,0.33377,0.33418,0.33353,0.33375,98355
1786616100000,0.33383,0.33416,0.33376,0.33385,72933
1786617000000,0.33387,0.334,0.33353,0.33359,112183
1786617900000,0.33358,0.33362,0.33343,0.33362,23895
1786618800000,0.33349,0.33404,0.33349,0.33403,112044
1786619700000,0.33404,0.33404,0.33351,0.33353,44335
1786620600000,0.33353,0.3337,0.33349,0.33368,38212
1786621500000,0.33368,0.33389,0.33368,0.33389,23454
1786622400000,0.33384,0.33409,0.33377,0.334,42078
1786623300000,0.33403,0.33414,0.33397,0.33413,20509
1786624200000,0.33412,0.33441,0.33408,0.33438,14620
1786625100000,0.33434,0.33434,0.33406,0.33419,12171
1786626000000,0.33433,0.3344,0.33432,0.33439,9790
1786626900000,0.33433,0.33457,0.3343,0.33444,43299
1786627800000,0.33444,0.33452,0.33417,0.3345,40744
1786628700000,0.3345,0.3345,0.33422,0.33441,27834
1786629600000,0.33451,0.33474,0.33449,0.33472,71110
1786630500000,0.33472,0.33481,0.33461,0.33469,131132
1786631400000,0.33472,0.33478,0.33465,0.33469,27118
1786632300000,0.33469,0.33477,0.33461,0.33477,23882
1786633200000,0.33476,0.33476,0.33455,0.33461,104078
1786634100000,0.33461,0.33469,0.33441,0.33441,56496
1786635000000,0.33441,0.33446,0.33435,0.33446,13860
1786635900000,0.33445,0.33445,0.33433,0.33439,33006
1786636800000,0.33439,0.33473,0.33434,0.33447,63785
1786637700000,0.33447,0.33447,0.33423,0.33446,8249
1786638600000,0.33445,0.33453,0.33236,0.33389,1013772
1786639500000,0.33393,0.33409,0.33391,0.33392,55769
1786640400000,0.33392,0.33435,0.33391,0.33426,8748
1786641300000,0.33426,0.33426,0.334,0.334,18114
1786642200000,0.33399,0.33405,0.33389,0.33389,10829
1786643100000,0.33386,0.33386,0.33367,0.33372,6532
1786644000000,0.33373,0.3339,0.33358,0.33358,40508
1786644900000,0.33356,0.33356,0.3332,0.33321,417666
1786645800000,0.33321,0.33331,0.3332,0.3332,14061
1786646700000,0.33319,0.33356,0.33319,0.33353,260724
1786647600000,0.33355,0.33364,0.33346,0.33362,3917
1786648500000,0.33362,0.33394,0.33362,0.33393,4864
1786649400000,0.33393,0.33401,0.33381,0.33395,31438
1786650300000,0.33391,0.33399,0.3338,0.33391,149948
1786651200000,0.33393,0.334,0.33385,0.33398,25850
1786652100000,0.33398,0.33432,0.33397,0.33432,10190
1786653000000,0.33432,0.33433,0.33426,0.33432,10724
1786653900000,0.33432,0.33432,0.33422,0.33423,8694
1786654800000,0.33422,0.33423,0.33417,0.33421,25038
1786655700000,0.33426,0.33426,0.33417,0.33421,2369
1786656600000,0.33422,0.33425,0.33411,0.33411,9238
1786657500000,0.33417,0.33422,0.33416,0.33422,2916
1786658400000,0.33425,0.33437,0.33417,0.33435,26398
1786659300000,0.33436,0.33456,0.33435,0.33452,7330
1786660200000,0.33452,0.33455,0.33436,0.33436,8792
1786661100000,0.33437,0.33439,0.33436,0.33437,1548
1786662000000,0.33436,0.33436,0.33417,0.33419,29209
1786662900000,0.3342,0.33445,0.3342,0.33439,346034
1786663800000,0.33444,0.33455,0.33439,0.3344,184426
1786664700000,0.3344,0.33473,0.33439,0.33455,492582
1786665600000,0.33451,0.33459,0.33422,0.33453,113814
1786666500000,0.33452,0.33455,0.33421,0.33422,40572
1786667400000,0.33421,0.33437,0.33418,0.33437,7615
1786668300000,0.33436,0.33436,0.33417,0.33421,10634
1786669200000,0.33421,0.33445,0.33421,0.33442,5730
1786670100000,0.33443,0.33443,0.3344,0.3344,4367
1786671000000,0.33439,0.33453,0.33427,0.33439,14243
1786671900000,0.33436,0.33439,0.33436,0.33439,10393
1786672800000,0.33439,0.33453,0.33439,0.33449,143105
1786673700000,0.33444,0.33446,0.33437,0.33444,107618
1786674600000,0.33443,0.33443,0.33441,0.33441,1652
1786675500000,0.33442,0.33442,0.33436,0.33437,1529
1786676400000,0.33437,0.3344,0.33436,0.3344,1937
1786677300000,0.33439,0.3344,0.33429,0.33429,13861
1786678200000,0.33429,0.3343,0.33416,0.33416,11741
1786679100000,0.33406,0.33406,0.3338,0.33381,11683
1786680000000,0.33381,0.33404,0.33381,0.33403,8555
1786680900000,0.33404,0.33416,0.33404,0.33416,2455
1786681800000,0.33416,0.33419,0.33406,0.33419,3901
1786682700000,0.3342,0.3342,0.33414,0.33419,9778
1786683600000,0.33418,0.33445,0.33418,0.33441,13390
1786684500000,0.3344,0.33441,0.33412,0.33413,59724
1786685400000,0.33413,0.33422,0.33407,0.33408,10487
1786686300000,0.33408,0.33409,0.33405,0.33405,14542
1786687200000,0.33396,0.33396,0.33385,0.33386,1995
1786688100000,0.33385,0.33391,0.33385,0.33389,6344
1786689000000,0.33388,0.33406,0.33388,0.33389,39076
1786689900000,0.33388,0.33389,0.33352,0.33381,27929
1786690800000,0.33381,0.33451,0.33381,0.33447,15716
1786691700000,0.33447,0.33465,0.33431,0.33432,15926
1786692600000,0.33431,0.33442,0.33431,0.33436,8814
1786693500000,0.3343,0.33431,0.33417,0.33417,12262
1786694400000,0.33419,0.33419,0.33414,0.33416,4970
1786695300000,0.33421,0.33424,0.33365,0.33365,17652
1786696200000,0.33365,0.33365,0.33298,0.33311,117664
1786697100000,0.33319,0.33367,0.3331,0.3336,175982
1786698000000,0.3336,0.33372,0.33357,0.33372,32933
1786698900000,0.33371,0.33371,0.33366,0.3337,24851
1786699800000,0.33369,0.33369,0.33365,0.33366,42843
1786700700000,0.33365,0.33365,0.33326,0.33341,22094
1786701600000,0.33342,0.33354,0.33342,0.33352,3085
1786702500000,0.33352,0.33353,0.33331,0.33337,56756
1786703400000,0.33348,0.3335,0.33342,0.33346,39858
1786704300000,0.33347,0.33347,0.3334,0.3334,9525
1786705200000,0.3334,0.33379,0.33332,0.33377,69883
1786706100000,0.33377,0.33378,0.33303,0.3332,42688
1786707000000,0.33314,0.33315,0.33305,0.33307,5126
1786707900000,0.33307,0.33331,0.33306,0.33326,22620
1786708800000,0.33325,0.3335,0.33306,0.33306,50468
1786709700000,0.33306,0.33344,0.33304,0.33342,48736
1786710600000,0.33341,0.33341,0.33305,0.33334,44966
1786711500000,0.33332,0.33345,0.33307,0.33339,326013
1786712400000,0.33339,0.3334,0.33228,0.33238,251485
1786713300000,0.33242,0.3326,0.33225,0.33254,132172
1786714200000,0.33254,0.33267,0.33236,0.33258,113835
1786715100000,0.33256,0.33257,0.33246,0.33252,40920
1786716000000,0.33248,0.33267,0.33246,0.33246,40079
1786716900000,0.33247,0.33247,0.33231,0.33235,13032
1786717800000,0.33237,0.33313,0.3323,0.33292,123923
1786718700000,0.33291,0.33291,0.33259,0.3326,18203
1786719600000,0.3326,0.33297,0.3326,0.33297,56271
1786720500000,0.33298,0.33298,0.33278,0.33285,30015
1786721400000,0.33287,0.33302,0.3328,0.33296,57623
1786722300000,0.33293,0.33294,0.33227,0.33228,58654
1786723200000,0.33228,0.33228,0.33159,0.33218,230543
1786724100000,0.33217,0.33234,0.3321,0.33233,72288
1786725000000,0.33233,0.3324,0.33196,0.33231,173383
1786725900000,0.33231,0.33238,0.33211,0.33236,13252
1786726800000,0.33236,0.33243,0.33223,0.33226,19036
1786727700000,0.33227,0.33253,0.33227,0.33251,2076
1786728600000,0.33248,0.33261,0.33242,0.33256,12021
1786729500000,0.33256,0.33257,0.33244,0.33248,9626
1786730400000,0.33248,0.33281,0.33248,0.33276,66233
1786731300000,0.33276,0.33282,0.33275,0.33277,13630
1786732200000,0.33275,0.33279,0.33273,0.33278,3903
1786733100000,0.33278,0.33278,0.33266,0.33267,6820
1786734000000,0.33266,0.33272,0.33263,0.33272,4301
1786734900000,0.33273,0.3329,0.3327,0.33289,27160
1786735800000,0.33289,0.3329,0.33283,0.3329,1956
1786736700000,0.33289,0.3329,0.33282,0.33286,24351
1786737600000,0.33285,0.33289,0.33283,0.33287,9238
1786738500000,0.33288,0.33291,0.33283,0.33283,1569
1786739400000,0.33283,0.33285,0.33264,0.33272,3299
1786740300000,0.3327,0.33286,0.33269,0.33286,35047
1786741200000,0.33283,0.33286,0.33257,0.3326,46621
1786742100000,0.33258,0.33258,0.3323,0.33245,20887
1786743000000,0.33246,0.33262,0.3324,0.3324,22627
1786743900000,0.33237,0.33241,0.33234,0.33236,5013
1786744800000,0.33237,0.33244,0.33229,0.33232,45687
1786745700000,0.33231,0.33244,0.33231,0.33239,4751
1786746600000,0.33238,0.3324,0.3323,0.33233,2419
1786747500000,0.33234,0.33266,0.33234,0.33266,18748
1786748400000,0.33265,0.33286,0.33263,0.33284,31861
1786749300000,0.33284,0.33284,0.33265,0.33276,9222
1786750200000,0.3328,0.33284,0.33272,0.33276,1628
1786751100000,0.33267,0.33272,0.33254,0.33259,5055
1786752000000,0.33258,0.3326,0.33234,0.33254,78702
1786752900000,0.33249,0.33249,0.33203,0.33204,58286
1786753800000,0.33204,0.33204,0.3318,0.33189,20804
1786754700000,0.33189,0.33236,0.33188,0.33223,69333
1786755600000,0.33224,0.33238,0.33222,0.33237,25042
1786756500000,0.33238,0.33247,0.33237,0.33247,5324
1786757400000,0.33253,0.33271,0.33248,0.3327,13092
1786758300000,0.33271,0.33272,0.33269,0.33271,6240
1786759200000,0.33272,0.33277,0.33271,0.33277,2067
1786760100000,0.33281,0.33292,0.3328,0.33292,1415
1786761000000,0.33292,0.3331,0.33291,0.33297,56351
1786761900000,0.33299,0.33312,0.33296,0.33312,2588
1786762800000,0.33311,0.33327,0.33311,0.33326,15578
1786763700000,0.33325,0.33325,0.33298,0.33303,10416
1786764600000,0.33302,0.33306,0.33292,0.33297,3930
1786765500000,0.33297,0.33301,0.33289,0.33291,37980
1786766400000,0.33298,0.33319,0.33297,0.33308,19564
1786767300000,0.33312,0.33325,0.33307,0.33307,8864
1786768200000,0.33309,0.33312,0.33294,0.33294,5631
1786769100000,0.33286,0.33287,0.33276,0.33284,2556
1786770000000,0.33283,0.3329,0.33272,0.33276,32220
1786770900000,0.33277,0.33277,0.3326,0.33262,1820
1786771800000,0.33262,0.33262,0.3323,0.33244,14327
1786772700000,0.33247,0.3326,0.33246,0.33248,8036
1786773600000,0.33249,0.33249,0.33244,0.33246,2315
1786774500000,0.33247,0.33249,0.33246,0.33248,1656
1786775400000,0.33247,0.33248,0.33241,0.33241,16004
1786776300000,0.33241,0.33264,0.33241,0.33264,33132
1786777200000,0.33264,0.33279,0.33259,0.33273,3545
1786778100000,0.33277,0.33285,0.33269,0.33285,8333
1786779000000,0.33284,0.33289,0.33277,0.33277,15208
1786779900000,0.33274,0.33274,0.33239,0.3324,13392
1786780800000,0.33242,0.33255,0.33242,0.33246,37612
1786781700000,0.33245,0.33246,0.33235,0.33237,4562
1786782600000,0.33237,0.33237,0.33219,0.33225,39721
1786783500000,0.33225,0.33226,0.33219,0.33219,19773
1786784400000,0.3322,0.33226,0.33218,0.3322,21148
1786785300000,0.3322,0.33226,0.33219,0.33226,110167
1786786200000,0.33225,0.33226,0.33224,0.33225,32975
1786787100000,0.33225,0.33226,0.33219,0.33219,21669
1786788000000,0.33219,0.33219,0.33196,0.33196,522602
1786788900000,0.33196,0.33197,0.33099,0.33145,2127354
1786789800000,0.33145,0.33201,0.3314,0.33199,279753
1786790700000,0.33198,0.33199,0.3318,0.33189,15711
1786791600000,0.33192,0.33192,0.33074,0.33088,157299
1786792500000,0.3308,0.33087,0.33069,0.33078,25705
1786793400000,0.33077,0.33077,0.33059,0.33069,19840
1786794300000,0.3307,0.33107,0.33067,0.33086,73621
1786795200000,0.3308,0.3308,0.33063,0.33071,7702
1786796100000,0.33071,0.33086,0.33071,0.33084,29350
1786797000000,0.33085,0.33105,0.33084,0.33092,17160
1786797900000,0.33087,0.33096,0.3308,0.33091,63672
1786798800000,0.33087,0.3312,0.33086,0.33116,89386
1786799700000,0.33114,0.33117,0.33103,0.33114,52126
1786800600000,0.33114,0.33118,0.33113,0.33118,54575
1786801500000,0.33118,0.33123,0.33088,0.3309,15605
1786802400000,0.3309,0.33099,0.33084,0.33096,16803
1786803300000,0.33098,0.3312,0.33095,0.33113,16478
1786804200000,0.33101,0.33106,0.331,0.33103,5685
1786805100000,0.33097,0.33106,0.33096,0.331,6328
1786806000000,0.331,0.33123,0.331,0.33122,6564
1786806900000,0.33123,0.33127,0.33122,0.33127,6924
1786807800000,0.33126,0.33127,0.33126,0.33127,3736
1786808700000,0.33126,0.33127,0.33118,0.33118,7357
1786809600000,0.33118,0.33156,0.33118,0.33156,27339
1786810500000,0.33157,0.3318,0.33153,0.33177,21350
1786811400000,0.33177,0.33219,0.33177,0.33219,17634
1786812300000,0.33225,0.33226,0.33166,0.33192,45032
1786813200000,0.33191,0.33192,0.33169,0.33169,9072
1786814100000,0.33166,0.33189,0.3316,0.33184,39117
1786815000000,0.33185,0.33214,0.33172,0.33205,116062
1786815900000,0.33204,0.33204,0.33166,0.33174,8158
1786816800000,0.33175,0.33175,0.33144,0.33144,12419
1786817700000,0.33144,0.332,0.33144,0.33198,9674
1786818600000,0.33198,0.33212,0.33193,0.33194,8601
1786819500000,0.33194,0.33194,0.33172,0.33174,12883
1786820400000,0.33173,0.33173,0.33154,0.33165,88622
1786821300000,0.33166,0.33192,0.33165,0.33182,12655
1786822200000,0.33182,0.33182,0.33161,0.33173,7925
1786823100000,0.33172,0.33172,0.3315,0.33151,9523
1786824000000,0.33152,0.33156,0.33145,0.33148,18551
1786824900000,0.33147,0.33148,0.33139,0.33147,3623
1786825800000,0.33148,0.33148,0.33131,0.33134,5970
1786826700000,0.33134,0.33134,0.33126,0.33131,35610
1786827600000,0.3313,0.33134,0.3313,0.33134,50262
1786828500000,0.33133,0.33135,0.33131,0.33135,82499
1786829400000,0.33134,0.33135,0.33129,0.33129,16412
1786830300000,0.3313,0.3313,0.33125,0.33125,3993
1786831200000,0.33126,0.33132,0.33126,0.33126,2258
1786832100000,0.33127,0.33134,0.33126,0.33127,35920
1786833000000,0.33128,0.33135,0.33123,0.33135,8879
1786833900000,0.33134,0.33135,0.33125,0.33134,7154
1786834800000,0.33133,0.33133,0.33115,0.33115,14509
1786835700000,0.33114,0.33114,0.33111,0.33111,2329
1786836600000,0.33112,0.33112,0.33106,0.33107,6296
1786837500000,0.33108,0.33111,0.331,0.33108,11238
1786838400000,0.33108,0.33113,0.33096,0.33096,150174
1786839300000,0.33096,0.33109,0.33092,0.33099,64576
1786840200000,0.33094,0.331,0.33086,0.33086,33980
1786841100000,0.33087,0.3309,0.33076,0.33083,92311
1786842000000,0.33082,0.3309,0.33079,0.33085,7568
1786842900000,0.33084,0.33089,0.33077,0.33088,14481
1786843800000,0.33078,0.33087,0.33077,0.33079,2429
1786844700000,0.3308,0.33109,0.33078,0.33109,6582
1786845600000,0.33109,0.33116,0.33108,0.33115,11458
1786846500000,0.33116,0.3312,0.33113,0.3312,1708
1786847400000,0.3312,0.33122,0.33117,0.33121,3469
1786848300000,0.33121,0.33121,0.33106,0.33106,11851
1786849200000,0.33107,0.3311,0.33091,0.33107,7569
1786850100000,0.33108,0.33109,0.33101,0.33104,2601
1786851000000,0.33104,0.33104,0.33102,0.33104,2108
1786851900000,0.33104,0.33104,0.33074,0.33074,6933
1786852800000,0.33072,0.33085,0.33072,0.33085,2121
1786853700000,0.33084,0.331,0.33084,0.33099,1413
1786854600000,0.33099,0.33102,0.33073,0.33074,6716
1786855500000,0.33081,0.33086,0.33077,0.33085,2245
1786856400000,0.33083,0.33122,0.33083,0.33115,18256
1786857300000,0.33114,0.33114,0.33092,0.33093,1182
1786858200000,0.33093,0.33093,0.33092,0.33093,2330
1786859100000,0.33093,0.33093,0.33082,0.33082,4405
1786860000000,0.33083,0.33104,0.33081,0.33103,90570
1786860900000,0.33103,0.33103,0.33097,0.331,3312
1786861800000,0.331,0.33101,0.3309,0.33098,1810
1786862700000,0.33097,0.33097,0.33083,0.33088,2026
1786863600000,0.33087,0.3311,0.33084,0.33109,7069
1786864500000,0.33102,0.33102,0.33097,0.33097,2828
1786865400000,0.33097,0.33097,0.33089,0.3309,1331
1786866300000,0.3309,0.33096,0.33084,0.33091,20278
1786867200000,0.33083,0.33088,0.33082,0.33085,10435
1786868100000,0.33084,0.3309,0.33084,0.33086,3203
1786869000000,0.33087,0.33087,0.33081,0.33082,21081
1786869900000,0.33081,0.33087,0.33073,0.33086,137859
1786870800000,0.33087,0.33087,0.33086,0.33086,70539
1786871700000,0.33086,0.33087,0.33086,0.33086,466979
1786872600000,0.33087,0.33087,0.33086,0.33087,45529
1786873500000,0.33087,0.33101,0.33081,0.33099,320513
1786874400000,0.33099,0.33113,0.33099,0.33112,7946
1786875300000,0.33112,0.33118,0.33104,0.33117,22683
1786876200000,0.33116,0.33119,0.33113,0.33118,5117
1786877100000,0.33119,0.33119,0.33113,0.33113,10253
1786878000000,0.33113,0.33127,0.33113,0.33126,13496
1786878900000,0.33127,0.33135,0.33126,0.33135,10664
1786879800000,0.33131,0.33157,0.33131,0.33157,123638
1786880700000,0.33151,0.33152,0.33142,0.33151,14527
1786881600000,0.33151,0.33157,0.33147,0.33149,4351
1786882500000,0.3315,0.3315,0.33148,0.33149,7646
1786883400000,0.33149,0.33166,0.33149,0.33162,6138
1786884300000,0.33163,0.33165,0.33162,0.33163,1713
1786885200000,0.33163,0.33165,0.33141,0.33147,4212
1786886100000,0.33145,0.33169,0.33144,0.33169,15377
1786887000000,0.33169,0.33176,0.33169,0.33176,16561
1786887900000,0.33175,0.33175,0.33126,0.33134,15707
1786888800000,0.33135,0.33154,0.33114,0.33145,17374
1786889700000,0.33146,0.33163,0.33143,0.33163,2885
1786890600000,0.33169,0.33175,0.33166,0.33167,55103
1786891500000,0.33167,0.33167,0.33149,0.33149,5893
1786892400000,0.33148,0.33166,0.33148,0.33166,5280
1786893300000,0.33166,0.33176,0.33165,0.33176,13972
1786894200000,0.33176,0.33176,0.33172,0.33174,12456
1786895100000,0.33174,0.33176,0.33166,0.33175,37571
1786896000000,0.33175,0.3319,0.33173,0.3319,71146
1786896900000,0.33194,0.33208,0.33192,0.33208,3113
1786897800000,0.33208,0.33208,0.33203,0.33205,8380
1786898700000,0.33206,0.3321,0.3319,0.332,10568
1786899600000,0.33201,0.33212,0.33193,0.33198,14308
1786900500000,0.33199,0.33231,0.33199,0.33227,68214
1786901400000,0.33226,0.3323,0.33226,0.3323,12656
1786902300000,0.3323,0.3323,0.33181,0.33195,66929
1786903200000,0.33195,0.33204,0.33188,0.3319,15418
1786904100000,0.33189,0.33197,0.33189,0.33196,3609
1786905000000,0.33196,0.33199,0.3319,0.33198,2491
1786905900000,0.33194,0.33194,0.33177,0.33177,6810
1786906800000,0.33178,0.33181,0.33156,0.33169,4790
1786907700000,0.33164,0.33173,0.33161,0.33173,2074
1786908600000,0.33172,0.33172,0.33161,0.33162,1656
1786909500000,0.33162,0.33165,0.33147,0.33158,32547
1786910400000,0.33158,0.33162,0.33133,0.33162,68904
1786911300000,0.3316,0.3316,0.33138,0.33153,13272
1786912200000,0.33153,0.33177,0.33146,0.33162,6101
1786913100000,0.33161,0.33175,0.33142,0.33142,2939
1786914000000,0.33144,0.33158,0.33132,0.33134,21212
1786914900000,0.33134,0.33147,0.33131,0.33144,4284
1786915800000,0.33143,0.33158,0.33128,0.33129,15381
1786916700000,0.33129,0.3313,0.33124,0.33125,34495
1786917600000,0.33125,0.33133,0.33104,0.33119,45823
1786918500000,0.33121,0.33123,0.33105,0.33105,10166
1786919400000,0.33105,0.33105,0.33095,0.331,29620
1786920300000,0.33102,0.33103,0.33096,0.33099,6431
1786921200000,0.33099,0.33118,0.33099,0.33114,8735
1786922100000,0.33114,0.33114,0.33095,0.33096,2580
1786923000000,0.33095,0.33096,0.33092,0.33095,1338
1786923900000,0.33094,0.33095,0.33085,0.33095,8505
1786924800000,0.33098,0.3312,0.33098,0.3312,117166
1786925700000,0.33119,0.33124,0.33098,0.33101,80478
1786926600000,0.33101,0.33101,0.33099,0.33101,3491
1786927500000,0.33108,0.33115,0.33106,0.33106,6316
1786928400000,0.33107,0.33149,0.33107,0.33143,37442
1786929300000,0.33148,0.33187,0.33147,0.33186,5093
1786930200000,0.33186,0.33239,0.33186,0.33235,62251
1786931100000,0.33234,0.33241,0.33206,0.33206,4249
1786932000000,0.33206,0.33234,0.33197,0.3323,11085
1786932900000,0.33229,0.33234,0.33217,0.33227,146749
1786933800000,0.33227,0.33227,0.33199,0.332,103334
1786934700000,0.33206,0.33236,0.33206,0.33224,5156
1786935600000,0.33225,0.33234,0.33212,0.33214,9623
1786936500000,0.33214,0.33216,0.332,0.33208,63604
1786937400000,0.33209,0.33242,0.33209,0.33236,55678
1786938300000,0.33236,0.3324,0.33234,0.33235,1162
1786939200000,0.33234,0.33256,0.33234,0.33245,266421
1786940100000,0.33246,0.33246,0.33232,0.33234,1721
1786941000000,0.33234,0.33234,0.33206,0.33212,34548
1786941900000,0.33213,0.33236,0.33212,0.33236,12245
1786942800000,0.33242,0.33254,0.33242,0.33242,3160
1786943700000,0.33243,0.33246,0.33222,0.33235,17209
1786944600000,0.33235,0.33241,0.33224,0.33224,15113
1786945500000,0.33223,0.33253,0.33223,0.33244,8289
1786946400000,0.33244,0.33261,0.33231,0.3326,37499
1786947300000,0.3326,0.33276,0.33259,0.33261,88920
1786948200000,0.3326,0.33262,0.3324,0.33246,28987
1786949100000,0.33246,0.33282,0.33245,0.33281,65555
1786950000000,0.33281,0.33282,0.3325,0.33274,123154
1786950900000,0.33268,0.33275,0.33258,0.33261,91773
1786951800000,0.33265,0.3328,0.33264,0.3328,6454
1786952700000,0.33281,0.33293,0.33261,0.33267,22812
1786953600000,0.33267,0.33287,0.33267,0.33278,45630
1786954500000,0.33272,0.33294,0.33272,0.3329,5240
1786955400000,0.3329,0.33297,0.3329,0.3329,91219
1786956300000,0.33291,0.33291,0.3329,0.33291,6321
1786957200000,0.33291,0.33339,0.3329,0.33339,74407
1786958100000,0.33338,0.33353,0.33304,0.33305,29147
1786959000000,0.33304,0.33304,0.3329,0.33298,56764
1786959900000,0.33297,0.333,0.33297,0.33299,16068
1786960800000,0.33299,0.33315,0.33256,0.3327,61770
1786961700000,0.33276,0.33276,0.33225,0.33226,44995
1786962600000,0.33227,0.33246,0.33227,0.33241,11956
1786963500000,0.33245,0.33256,0.33241,0.33255,7279
1786964400000,0.33256,0.33256,0.33244,0.33247,5797
1786965300000,0.3325,0.33258,0.33229,0.33234,21259
1786966200000,0.33234,0.33243,0.33219,0.33238,95748
1786967100000,0.33237,0.33239,0.33214,0.33215,9410
1786968000000,0.33216,0.33233,0.33208,0.33216,16464
1786968900000,0.33221,0.33222,0.33199,0.33208,10813
1786969800000,0.33208,0.33216,0.33175,0.33175,15483
1786970700000,0.33175,0.33177,0.33159,0.33177,4474
1786971600000,0.33177,0.33182,0.33167,0.33169,24189
1786972500000,0.33169,0.33171,0.33166,0.33167,2550
1786973400000,0.33167,0.33181,0.33167,0.33179,1856
1786974300000,0.33178,0.33193,0.33172,0.33187,9522
1786975200000,0.33184,0.33184,0.33166,0.33167,10200
1786976100000,0.33166,0.33174,0.33142,0.33142,24586
1786977000000,0.33145,0.33159,0.33145,0.33159,24393
1786977900000,0.33159,0.33159,0.33151,0.33153,9689
1786978800000,0.33152,0.33165,0.33128,0.3313,29633
1786979700000,0.3313,0.33152,0.33129,0.33152,44222
1786980600000,0.33153,0.33155,0.33136,0.33138,7945
1786981500000,0.33138,0.33149,0.3292,0.32949,1394280
1786982400000,0.3295,0.3295,0.32825,0.32828,500644
1786983300000,0.32828,0.33021,0.32824,0.33019,135107
1786984200000,0.33018,0.3306,0.33018,0.3306,20299
1786985100000,0.3306,0.33127,0.3306,0.33126,44849
1786986000000,0.33127,0.33134,0.33005,0.33014,22384
1786986900000,0.33013,0.3307,0.33013,0.33069,25594
1786987800000,0.33068,0.3308,0.33055,0.33075,3098
1786988700000,0.33078,0.33078,0.33053,0.33073,7996
1786989600000,0.33076,0.3308,0.33067,0.3308,7848
1786990500000,0.33074,0.33091,0.33074,0.33082,20799
1786991400000,0.33082,0.33098,0.33082,0.33098,8402
1786992300000,0.33098,0.33098,0.33071,0.33086,5261
1786993200000,0.33086,0.33098,0.33082,0.33098,4916
1786994100000,0.33101,0.3311,0.33101,0.33109,3738
1786995000000,0.33109,0.33121,0.33109,0.33121,15385
1786995900000,0.3312,0.33121,0.3312,0.3312,4378
1786996800000,0.3312,0.33121,0.3311,0.33113,16387
1786997700000,0.33114,0.33122,0.33113,0.33114,5979
1786998600000,0.33114,0.33117,0.33109,0.33117,2830
1786999500000,0.33118,0.33118,0.33111,0.33112,19309
1787000400000,0.33116,0.33121,0.33106,0.33121,7050
1787001300000,0.33121,0.33123,0.33118,0.33121,1140
1787002200000,0.3312,0.33121,0.33113,0.33113,1825
1787003100000,0.33114,0.33119,0.33113,0.33118,1811
1787004000000,0.33119,0.33119,0.33092,0.33105,4758
1787004900000,0.33105,0.33123,0.33105,0.33122,2137
1787005800000,0.33122,0.33125,0.33117,0.33125,1354
1787006700000,0.33124,0.33124,0.33116,0.33122,7612
1787007600000,0.33121,0.33141,0.33121,0.33141,1804
1787008500000,0.33141,0.33145,0.33132,0.33135,9841
1787009400000,0.33135,0.33135,0.33122,0.3313,4201
1787010300000,0.3313,0.3313,0.3311,0.3311,9117
1787011200000,0.33111,0.33127,0.3309,0.33097,86662
1787012100000,0.33097,0.33124,0.33097,0.33121,100343
1787013000000,0.33122,0.33122,0.33106,0.33114,30461
1787013900000,0.33108,0.33109,0.33096,0.331,7053
1787014800000,0.33101,0.33106,0.33094,0.33094,21954
1787015700000,0.33094,0.33109,0.33092,0.33093,6794
1787016600000,0.33099,0.33099,0.33096,0.33097,1546
1787017500000,0.33096,0.33102,0.33092,0.33099,6366
1787018400000,0.331,0.33103,0.33084,0.33084,2975
1787019300000,0.33086,0.33086,0.33065,0.33066,82437
1787020200000,0.33065,0.33116,0.33065,0.33114,20634
1787021100000,0.33118,0.3315,0.33108,0.33108,40571
1787022000000,0.33109,0.33206,0.33109,0.33148,180752
1787022900000,0.33163,0.33216,0.33163,0.33193,111490
1787023800000,0.33194,0.33194,0.33132,0.33149,79295
1787024700000,0.33148,0.33173,0.33143,0.3316,74168
1787025600000,0.3316,0.33174,0.3315,0.3315,26342
1787026500000,0.33148,0.33159,0.33141,0.33152,74800
1787027400000,0.33152,0.33164,0.33151,0.33164,1187
1787028300000,0.33165,0.33169,0.33151,0.33161,74660
1787029200000,0.33162,0.3317,0.33156,0.3317,30176
1787030100000,0.33171,0.33173,0.33159,0.3316,4907
1787031000000,0.33155,0.33163,0.33151,0.33163,7990
1787031900000,0.33162,0.33172,0.3315,0.33153,5172
1787032800000,0.33154,0.33175,0.33154,0.33175,23510
1787033700000,0.33174,0.33195,0.33157,0.33195,5169
1787034600000,0.33194,0.33236,0.33194,0.33231,19009
1787035500000,0.33232,0.33264,0.33224,0.33264,98447
1787036400000,0.33264,0.33323,0.33264,0.33323,131272
1787037300000,0.33323,0.33323,0.33296,0.33306,5969
1787038200000,0.33307,0.33357,0.33299,0.33349,76452
1787039100000,0.3335,0.3335,0.33306,0.3331,25316
1787040000000,0.3331,0.3332,0.33294,0.33294,15707
1787040900000,0.33295,0.33296,0.33285,0.33293,8661
1787041800000,0.33293,0.33294,0.3327,0.33271,12223
1787042700000,0.33271,0.33271,0.33239,0.33255,51983
1787043600000,0.33253,0.33277,0.33252,0.33277,41649
1787044500000,0.33277,0.33277,0.33255,0.33268,32944
1787045400000,0.33269,0.33288,0.33269,0.33285,6252
1787046300000,0.33286,0.33292,0.33284,0.33286,5235
1787047200000,0.33286,0.33318,0.33274,0.33278,51961
1787048100000,0.33278,0.33279,0.33268,0.33268,2044
1787049000000,0.33268,0.33293,0.33268,0.33278,3634
1787049900000,0.33279,0.33279,0.33212,0.33252,10176
1787050800000,0.33252,0.33267,0.33247,0.33247,5213
1787051700000,0.33245,0.33299,0.33241,0.33259,10383
1787052600000,0.33259,0.33273,0.33239,0.33248,2188
1787053500000,0.33248,0.3326,0.33248,0.3326,2859
1787054400000,0.33261,0.33266,0.33252,0.33252,6064
1787055300000,0.33252,0.33258,0.33227,0.33227,13400
1787056200000,0.33227,0.33233,0.33223,0.33223,3981
1787057100000,0.33225,0.33253,0.33224,0.33249,8749
1787058000000,0.33251,0.33266,0.33242,0.3326,8028
1787058900000,0.33261,0.33261,0.33203,0.33215,58868
1787059800000,0.33214,0.33227,0.33207,0.33227,6049
1787060700000,0.33227,0.33232,0.33222,0.33225,16384
1787061600000,0.33226,0.33226,0.33199,0.33205,115634
1787062500000,0.33216,0.3325,0.33216,0.33233,263843
1787063400000,0.33225,0.33228,0.33209,0.33228,7707
1787064300000,0.33228,0.33239,0.33213,0.33213,1900
1787065200000,0.33214,0.33242,0.33209,0.33242,4105
1787066100000,0.33241,0.33263,0.33235,0.33263,1479
1787067000000,0.33263,0.33263,0.33257,0.33258,9587
1787067900000,0.33257,0.33258,0.33123,0.33178,156421
1787068800000,0.33179,0.33311,0.33178,0.33311,10334
1787069700000,0.3331,0.33363,0.33301,0.33363,7381
1787070600000,0.33362,0.33435,0.33362,0.33431,22723
1787071500000,0.33435,0.3346,0.33429,0.33457,4585
1787072400000,0.33461,0.33508,0.33393,0.33407,195967
1787073300000,0.33415,0.33416,0.3338,0.33384,5941
1787074200000,0.33384,0.33384,0.33346,0.33357,13423
1787075100000,0.33356,0.33368,0.33356,0.33368,3029
1787076000000,0.33366,0.33391,0.33358,0.33377,22070
1787076900000,0.33378,0.33386,0.33378,0.33383,38739
1787077800000,0.33383,0.33383,0.33342,0.33347,5745
1787078700000,0.33346,0.33346,0.33339,0.33339,3210
1787079600000,0.33339,0.33339,0.33315,0.33316,15559
1787080500000,0.33316,0.33317,0.33309,0.33311,8661
1787081400000,0.33311,0.33311,0.33285,0.33285,15460
1787082300000,0.33287,0.33298,0.33287,0.33292,22491
1787083200000,0.33291,0.33301,0.33287,0.33294,21173
1787084100000,0.33294,0.33299,0.33274,0.33275,38648
1787085000000,0.33274,0.33278,0.3327,0.33277,12816
1787085900000,0.33276,0.33277,0.33273,0.33275,2779
1787086800000,0.33274,0.33308,0.33274,0.33296,9559
1787087700000,0.33286,0.33286,0.33272,0.33272,22405
1787088600000,0.33273,0.33274,0.33263,0.33269,9706
1787089500000,0.33269,0.3329,0.33269,0.3328,6072
1787090400000,0.33298,0.33299,0.33281,0.33284,8329
1787091300000,0.33283,0.33286,0.33274,0.33275,10167
1787092200000,0.33274,0.33274,0.33265,0.33271,31317
1787093100000,0.33271,0.33271,0.33262,0.33264,26482
1787094000000,0.33268,0.33268,0.33259,0.33265,49622
1787094900000,0.33265,0.33273,0.33262,0.33263,128723
1787095800000,0.33267,0.33272,0.33266,0.33268,53823
1787096700000,0.33269,0.33275,0.33262,0.33262,84712
1787097600000,0.33265,0.33299,0.33265,0.33292,29042
1787098500000,0.33289,0.33303,0.33178,0.33215,206216
1787099400000,0.33212,0.33273,0.33212,0.33264,15733
1787100300000,0.33264,0.33264,0.33249,0.33249,25223
1787101200000,0.33251,0.33251,0.33221,0.33232,52112
1787102100000,0.33238,0.33244,0.33224,0.33238,6781
1787103000000,0.33252,0.3326,0.33249,0.33257,2310
1787103900000,0.33258,0.33258,0.33237,0.33246,65813
1787104800000,0.33249,0.33249,0.33239,0.33241,10782
1787105700000,0.33239,0.33241,0.33231,0.33237,5167
1787106600000,0.33232,0.33236,0.33223,0.33226,2299
1787107500000,0.33225,0.33234,0.33209,0.33209,51478
1787108400000,0.33209,0.33231,0.33192,0.33231,42312
1787109300000,0.3323,0.33235,0.33221,0.33223,1127
1787110200000,0.33233,0.33268,0.33224,0.33262,3392
1787111100000,0.33263,0.33278,0.33262,0.33275,22063
1787112000000,0.33275,0.33283,0.33266,0.33266,19377
1787112900000,0.33265,0.33266,0.33262,0.33264,2013
1787113800000,0.33262,0.33277,0.3326,0.33273,1836
1787114700000,0.33273,0.33273,0.3327,0.33273,2076
1787115600000,0.33276,0.33296,0.33276,0.33296,3355
1787116500000,0.33296,0.33296,0.33277,0.33292,2079
1787117400000,0.33296,0.33296,0.33277,0.3328,1529
1787118300000,0.33273,0.33291,0.33265,0.33289,2903
1787119200000,0.33289,0.33289,0.33287,0.33287,1594
1787120100000,0.33288,0.33308,0.33287,0.333,30188
1787121000000,0.33298,0.33308,0.33291,0.33308,51862
1787121900000,0.33308,0.33314,0.33307,0.33311,12448
1787122800000,0.33308,0.33316,0.33307,0.33314,5894
1787123700000,0.33314,0.33315,0.33302,0.33308,11589
1787124600000,0.33306,0.33308,0.33285,0.33286,2803
1787125500000,0.33285,0.33321,0.33285,0.33319,5845
1787126400000,0.33318,0.33322,0.33312,0.33313,14799
1787127300000,0.33312,0.33323,0.3331,0.33312,2367
1787128200000,0.33313,0.33322,0.33307,0.33311,12299
1787129100000,0.3331,0.3331,0.33291,0.33291,6523
1787130000000,0.33291,0.33292,0.33273,0.33279,23248
1787130900000,0.33278,0.33299,0.33278,0.33298,30852
1787131800000,0.33298,0.33298,0.33276,0.33277,4477
1787132700000,0.33277,0.33292,0.33277,0.33285,2070
1787133600000,0.33285,0.3329,0.33264,0.33264,74219
1787134500000,0.33264,0.33267,0.33263,0.33263,32856
1787135400000,0.33263,0.33263,0.33247,0.33247,4166
1787136300000,0.33253,0.3326,0.33245,0.33245,3672
1787137200000,0.33246,0.33249,0.33236,0.33242,44121
1787138100000,0.3324,0.3324,0.33234,0.33234,36794
1787139000000,0.33232,0.33232,0.33229,0.3323,7375
1787139900000,0.3323,0.3323,0.33228,0.33229,4031
1787140800000,0.33229,0.33238,0.33217,0.33237,5191
1787141700000,0.33236,0.33236,0.33233,0.33234,5458
1787142600000,0.33234,0.33257,0.33234,0.33257,4213
1787143500000,0.33259,0.33274,0.33225,0.33225,16594
1787144400000,0.33225,0.33227,0.33212,0.33212,12907
1787145300000,0.33214,0.3327,0.33214,0.33229,40114
1787146200000,0.33229,0.33256,0.33219,0.33254,37968
1787147100000,0.33254,0.33254,0.33221,0.33221,33685
1787148000000,0.33223,0.3323,0.33207,0.33214,45619
1787148900000,0.33211,0.33211,0.332,0.33201,9041
1787149800000,0.332,0.33202,0.332,0.33201,10687
1787150700000,0.33201,0.33266,0.33201,0.33257,25116
1787151600000,0.33247,0.33256,0.33217,0.33256,21235
1787152500000,0.33255,0.33375,0.33244,0.33345,134078
1787153400000,0.33345,0.33384,0.33309,0.33362,351651
1787154300000,0.33362,0.33371,0.33327,0.33334,90861
1787155200000,0.33333,0.33357,0.33322,0.33331,69567
1787156100000,0.33331,0.33375,0.33331,0.33362,133170
1787157000000,0.33367,0.33367,0.33337,0.33358,28396
1787157900000,0.33359,0.33363,0.33336,0.33341,19252
1787158800000,0.33343,0.33349,0.3333,0.3333,43734
1787159700000,0.33329,0.3333,0.33271,0.33294,55174
1787160600000,0.33297,0.33297,0.33248,0.33251,11979
1787161500000,0.33252,0.33284,0.3324,0.33243,31025
1787162400000,0.33243,0.33243,0.33138,0.33159,81620
1787163300000,0.33155,0.33187,0.33144,0.33159,35358
1787164200000,0.33159,0.33189,0.33159,0.33184,20737
1787165100000,0.33184,0.33205,0.33184,0.33196,18585
1787166000000,0.33196,0.33196,0.3317,0.33173,10984
1787166900000,0.33171,0.3321,0.33171,0.33195,21689
1787167800000,0.33195,0.33222,0.33195,0.33213,53814
1787168700000,0.33214,0.33218,0.33188,0.33201,195520
1787169600000,0.33198,0.33217,0.33197,0.33209,26166
1787170500000,0.33212,0.33235,0.33212,0.33227,46576
1787171400000,0.33228,0.33266,0.33223,0.33256,13330
1787172300000,0.33257,0.33337,0.33254,0.33323,93624
1787173200000,0.33324,0.33359,0.33309,0.33335,338353
1787174100000,0.3333,0.3334,0.33307,0.33331,127591
1787175000000,0.33327,0.33335,0.33283,0.33295,14451
1787175900000,0.33295,0.33375,0.33295,0.33356,156749
1787176800000,0.33356,0.33368,0.33331,0.33337,198198
1787177700000,0.33333,0.33336,0.3333,0.33331,212254
1787178600000,0.33331,0.33337,0.33297,0.33335,44857
1787179500000,0.33338,0.3337,0.33338,0.3337,41248
1787180400000,0.3337,0.33431,0.33368,0.3339,200531
1787181300000,0.33396,0.33429,0.33395,0.33429,121077
1787182200000,0.33429,0.33433,0.33408,0.33433,77662
1787183100000,0.33433,0.33464,0.33424,0.33455,130987
1787184000000,0.33455,0.33472,0.33451,0.33452,217977
1787184900000,0.33453,0.33478,0.33442,0.33449,106691
1787185800000,0.33444,0.33456,0.33426,0.3344,53458
1787186700000,0.33441,0.33458,0.33426,0.33432,19881
1787187600000,0.33433,0.33434,0.33395,0.33398,52392
1787188500000,0.33398,0.33435,0.33398,0.33406,9820
1787189400000,0.33406,0.33406,0.33378,0.33404,37982
1787190300000,0.33405,0.3341,0.33372,0.33373,9530
1787191200000,0.33373,0.33388,0.33368,0.33368,28080
1787192100000,0.33368,0.33374,0.33368,0.33371,15877
1787193000000,0.33371,0.33372,0.33368,0.33372,13024
1787193900000,0.33377,0.33386,0.33358,0.33359,99898
1787194800000,0.33353,0.33354,0.33274,0.33274,24978
1787195700000,0.3327,0.3328,0.33231,0.33232,106617
1787196600000,0.33233,0.3324,0.33215,0.33217,27239
1787197500000,0.33217,0.33231,0.33209,0.33209,25351
1787198400000,0.3321,0.33221,0.33206,0.33214,133835
1787199300000,0.33213,0.33222,0.33213,0.33214,6309
1787200200000,0.33239,0.33239,0.3322,0.3323,35362
1787201100000,0.3323,0.33241,0.33226,0.33241,9056
1787202000000,0.3324,0.3324,0.33212,0.33227,16936
1787202900000,0.33227,0.33265,0.33227,0.33265,2188
1787203800000,0.33266,0.33311,0.33266,0.33291,223260
1787204700000,0.33291,0.33313,0.33291,0.33312,10471
1787205600000,0.33312,0.33342,0.33312,0.33328,4534
1787206500000,0.33326,0.33326,0.333,0.333,9935
1787207400000,0.33298,0.33331,0.33298,0.33315,15425
1787208300000,0.33301,0.33325,0.33301,0.33325,7193
1787209200000,0.33324,0.33327,0.33323,0.33326,3262
1787210100000,0.33327,0.33334,0.33321,0.33327,46423
1787211000000,0.33326,0.33357,0.33326,0.33357,5835
1787211900000,0.33357,0.33388,0.33356,0.33388,27350
1787212800000,0.33388,0.33462,0.33388,0.33458,63995
1787213700000,0.33458,0.33477,0.33441,0.33441,67297
1787214600000,0.33429,0.33481,0.33429,0.33448,127947
1787215500000,0.33456,0.3348,0.33456,0.33469,71563
1787216400000,0.33468,0.33507,0.33449,0.33495,809880
1787217300000,0.33495,0.33495,0.33468,0.33483,411006
1787218200000,0.33472,0.33586,0.33463,0.33507,845913
1787219100000,0.33507,0.33507,0.33449,0.33469,247218
1787220000000,0.33469,0.33471,0.33444,0.33446,64920
1787220900000,0.3345,0.33472,0.3345,0.33455,44189
1787221800000,0.33465,0.33497,0.33465,0.33496,23046
1787222700000,0.33501,0.3374,0.33494,0.33635,888116
1787223600000,0.33635,0.33749,0.33635,0.33749,182991
1787224500000,0.33753,0.33753,0.33719,0.33752,50190
1787225400000,0.33752,0.3378,0.33719,0.3378,272815
1787226300000,0.33761,0.33791,0.33717,0.33717,365148
1787227200000,0.3372,0.33799,0.33671,0.33678,47603
1787228100000,0.33678,0.33772,0.33671,0.33766,305505
1787229000000,0.33767,0.33792,0.33754,0.33772,302011
1787229900000,0.33769,0.33777,0.33734,0.33741,179247
1787230800000,0.33754,0.33859,0.33752,0.33835,362802
1787231700000,0.33835,0.33909,0.33835,0.33858,78748
1787232600000,0.33858,0.33858,0.33773,0.33774,37891
1787233500000,0.33774,0.33837,0.33773,0.33812,52730
1787234400000,0.33813,0.33889,0.33808,0.33851,328711
1787235300000,0.33851,0.33856,0.33792,0.33792,516445
1787236200000,0.33799,0.33931,0.33792,0.33874,120594
1787237100000,0.33868,0.33868,0.3382,0.33838,21487
1787238000000,0.33838,0.33884,0.33838,0.33879,16112
1787238900000,0.33879,0.33885,0.33843,0.33858,37432
1787239800000,0.33867,0.33883,0.33811,0.33811,56631
1787240700000,0.33811,0.33866,0.3381,0.33863,35169
1787241600000,0.33865,0.33995,0.33865,0.33958,311581
1787242500000,0.33949,0.33951,0.33885,0.3394,148399
1787243400000,0.33936,0.33963,0.33925,0.33955,16614
1787244300000,0.3395,0.33972,0.33939,0.33954,136074
1787245200000,0.33966,0.3404,0.33945,0.33947,341540
1787246100000,0.33947,0.33965,0.33885,0.33902,56288
1787247000000,0.33917,0.33953,0.33898,0.33904,37006
1787247900000,0.33902,0.3393,0.33899,0.33907,7643
1787248800000,0.33903,0.3392,0.33877,0.33905,25623
1787249700000,0.33912,0.33935,0.33886,0.33904,6593
1787250600000,0.33903,0.33903,0.33877,0.339,17372
1787251500000,0.33902,0.3392,0.33895,0.33895,6398
1787252400000,0.33896,0.3392,0.33884,0.33903,106437
1787253300000,0.33903,0.33905,0.33895,0.33895,6944
1787254200000,0.33901,0.33933,0.33895,0.33933,4282
1787255100000,0.33932,0.33985,0.33927,0.33953,14230
1787256000000,0.33948,0.33988,0.33943,0.3397,55876
1787256900000,0.3397,0.34006,0.33969,0.33985,8236
1787257800000,0.33988,0.34031,0.33982,0.33994,61266
1787258700000,0.33997,0.34022,0.33996,0.3402,8442
1787259600000,0.34019,0.34026,0.33998,0.34012,49654
1787260500000,0.34004,0.34013,0.33994,0.34007,5372
1787261400000,0.34007,0.34018,0.33939,0.33948,485899
1787262300000,0.33949,0.33964,0.33942,0.33954,50798
1787263200000,0.33952,0.34004,0.33952,0.34001,49297
1787264100000,0.34,0.34,0.33956,0.33968,15497
1787265000000,0.33967,0.33967,0.33941,0.33946,6067
1787265900000,0.33946,0.33967,0.33944,0.33963,16282
1787266800000,0.33962,0.34003,0.33957,0.34003,61905
1787267700000,0.34008,0.34018,0.33994,0.34,150350
1787268600000,0.34,0.34,0.33717,0.33773,204276
1787269500000,0.33776,0.33776,0.33712,0.33737,154510
1787270400000,0.3375,0.33783,0.3374,0.3378,175417
1787271300000,0.3378,0.33866,0.3377,0.33856,107824
1787272200000,0.33866,0.33871,0.3384,0.33843,28499
1787273100000,0.33844,0.33856,0.33797,0.33812,89134
1787274000000,0.33812,0.33812,0.33792,0.33811,155559
1787274900000,0.33811,0.3384,0.33811,0.33821,103333
1787275800000,0.3382,0.33836,0.338,0.33808,16440
1787276700000,0.33808,0.33848,0.33799,0.33799,104424
1787277600000,0.338,0.33809,0.33777,0.33783,127010
1787278500000,0.33783,0.33794,0.33781,0.33794,233037
1787279400000,0.33794,0.33807,0.3379,0.33802,134305
1787280300000,0.33802,0.33811,0.3379,0.33803,112340
1787281200000,0.33804,0.33812,0.33793,0.33812,181746
1787282100000,0.33811,0.33831,0.33793,0.3382,168584
1787283000000,0.3382,0.33825,0.33812,0.33818,129242
1787283900000,0.33819,0.33832,0.33819,0.33826,51667
1787284800000,0.33825,0.33832,0.33808,0.3381,16387
1787285700000,0.3381,0.3381,0.33771,0.33771,9871
1787286600000,0.33766,0.33782,0.33766,0.33772,50377
1787287500000,0.33771,0.3378,0.33771,0.33775,5537
1787288400000,0.33774,0.33784,0.3377,0.33771,20885
1787289300000,0.33771,0.33782,0.33768,0.33774,5956
1787290200000,0.33776,0.33778,0.33771,0.33777,7576
1787291100000,0.33778,0.33816,0.33777,0.33814,11822
1787292000000,0.33814,0.33822,0.33812,0.33813,6456
1787292900000,0.33813,0.33821,0.33799,0.33818,3680
1787293800000,0.33813,0.33825,0.33807,0.33816,51482
1787294700000,0.33816,0.33826,0.33803,0.33824,42951
1787295600000,0.33824,0.33863,0.33824,0.33856,137404
1787296500000,0.33856,0.33882,0.33851,0.33882,162407
1787297400000,0.3387,0.33904,0.3387,0.33897,100040
1787298300000,0.33897,0.33925,0.33894,0.33914,115563
1787299200000,0.33913,0.3393,0.33896,0.3393,27382
1787300100000,0.3393,0.33951,0.33927,0.33951,44114
1787301000000,0.33946,0.33976,0.33945,0.33976,66129
1787301900000,0.33976,0.34033,0.33976,0.34032,294467
1787302800000,0.34032,0.34041,0.33975,0.34015,689063
1787303700000,0.34015,0.34045,0.34,0.34037,520893
1787304600000,0.34036,0.34196,0.34036,0.34178,1221234
1787305500000,0.34178,0.34207,0.34104,0.34146,600104
1787306400000,0.34147,0.34167,0.34108,0.34119,578112
1787307300000,0.34118,0.34137,0.34028,0.34061,436849
1787308200000,0.34061,0.34065,0.34021,0.3404,71790
1787309100000,0.34048,0.34062,0.34024,0.34047,15423
1787310000000,0.34048,0.34048,0.34017,0.34023,3834
1787310900000,0.34029,0.34038,0.34001,0.34009,49108
1787311800000,0.3401,0.34012,0.33949,0.34004,154564
1787312700000,0.34003,0.34037,0.33983,0.34031,80760
1787313600000,0.34037,0.34055,0.34012,0.34055,112695
1787314500000,0.34055,0.34069,0.34049,0.3405,180055
1787315400000,0.34048,0.34076,0.34045,0.34076,118909
1787316300000,0.34076,0.34119,0.34075,0.34107,361437
1787317200000,0.34107,0.34107,0.34077,0.34092,61791
1787318100000,0.34091,0.34091,0.34044,0.34077,189046
1787319000000,0.34075,0.34075,0.3402,0.34041,103692
1787319900000,0.3404,0.34059,0.34015,0.34032,66887
1787320800000,0.34031,0.34045,0.33996,0.34,137132
1787321700000,0.34,0.3402,0.33971,0.33989,61628
1787322600000,0.33989,0.3399,0.33981,0.33984,141056
1787323500000,0.33985,0.34024,0.33984,0.34023,143803
1787324400000,0.34023,0.34068,0.34023,0.34068,67637
1787325300000,0.34067,0.34067,0.34023,0.3403,15946
1787326200000,0.3403,0.34036,0.3401,0.34033,38984
1787327100000,0.34032,0.34033,0.34015,0.34016,17300
1787328000000,0.3402,0.34037,0.33995,0.33996,211372
1787328900000,0.33996,0.34083,0.33996,0.3408,187386
1787329800000,0.3408,0.3408,0.34069,0.34078,154305
1787330700000,0.34078,0.34091,0.34076,0.34083,143333
1787331600000,0.34084,0.34091,0.34066,0.34091,143889
1787332500000,0.3409,0.3409,0.34034,0.34052,232824
1787333400000,0.34052,0.34056,0.34029,0.34031,152023
1787334300000,0.34031,0.34053,0.34024,0.34049,141447
1787335200000,0.34048,0.34052,0.34036,0.34052,239069
1787336100000,0.34052,0.34078,0.34052,0.34074,212812
1787337000000,0.34074,0.34082,0.34021,0.34022,153200
1787337900000,0.34022,0.34048,0.33993,0.34048,409487
1787338800000,0.34048,0.34048,0.34001,0.3404,152422
1787339700000,0.3404,0.34059,0.34029,0.34059,176915
1787340600000,0.34059,0.34063,0.34046,0.34055,176224
1787341500000,0.3405,0.34064,0.34034,0.34051,198475
1787342400000,0.34055,0.34077,0.34038,0.34068,164548
1787343300000,0.34068,0.34091,0.34068,0.34089,219190
1787344200000,0.34089,0.34122,0.34071,0.34116,203278
1787345100000,0.34116,0.34168,0.34109,0.34168,308431
1787346000000,0.34166,0.34194,0.34099,0.3418,1030225
1787346900000,0.34173,0.3424,0.34173,0.34224,1123040
1787347800000,0.34222,0.34245,0.3416,0.34208,387042
1787348700000,0.34208,0.34242,0.34199,0.34241,375287
1787349600000,0.34242,0.34325,0.34241,0.34303,1257125
1787350500000,0.34305,0.3433,0.34287,0.34326,496916
1787351400000,0.34323,0.34382,0.343,0.34372,582555
1787352300000,0.34371,0.34398,0.34369,0.34388,638581
1787353200000,0.34388,0.34411,0.3433,0.34354,590317
1787354100000,0.34354,0.34404,0.34318,0.34373,813587
1787355000000,0.34368,0.34374,0.34321,0.34358,674631
1787355900000,0.34357,0.34424,0.34339,0.34422,809006
1787356800000,0.34421,0.34438,0.34378,0.34419,523316
1787357700000,0.34419,0.34451,0.34419,0.34447,461764
1787358600000,0.34447,0.34458,0.34425,0.34448,520406
1787359500000,0.34448,0.34501,0.3444,0.34499,1466636
1787360400000,0.34498,0.34534,0.34469,0.34516,882502
1787361300000,0.34521,0.34572,0.34518,0.34556,754409
1787362200000,0.34556,0.34558,0.34473,0.34495,885518
1787363100000,0.34494,0.34507,0.34393,0.34446,638442
1787364000000,0.34441,0.34442,0.34398,0.34433,593336
1787364900000,0.34433,0.34604,0.34433,0.3459,768201
1787365800000,0.3459,0.34627,0.34539,0.34625,798520
1787366700000,0.34625,0.34663,0.34599,0.3465,966445
1787367600000,0.3465,0.34676,0.34632,0.34661,706891
1787368500000,0.3466,0.34722,0.34656,0.34717,208750
1787369400000,0.34717,0.34774,0.34714,0.34763,626910
1787370300000,0.34762,0.34817,0.34739,0.34792,635613
1787371200000,0.34792,0.34837,0.34744,0.34772,340332
1787372100000,0.34771,0.34807,0.34746,0.34805,327681
1787373000000,0.34805,0.35036,0.34805,0.34922,606417
1787373900000,0.34921,0.35179,0.34861,0.35106,978131
1787374800000,0.35102,0.35143,0.3425,0.34719,8853891
1787375700000,0.34718,0.3475,0.34455,0.34652,1563057
1787376600000,0.34651,0.3468,0.34584,0.34604,394466
1787377500000,0.34608,0.34682,0.34603,0.34645,117235
1787378400000,0.34644,0.34663,0.34555,0.34566,439555
1787379300000,0.34566,0.34621,0.34566,0.34617,139335
1787380200000,0.34616,0.34631,0.3455,0.34605,121771
1787381100000,0.34605,0.34625,0.34589,0.34623,192617
1787382000000,0.34623,0.34684,0.34614,0.34617,207153
1787382900000,0.34617,0.34626,0.34583,0.34593,199516
1787383800000,0.34593,0.34608,0.3456,0.34586,167847
1787384700000,0.34585,0.34593,0.34547,0.34556,168854
1787385600000,0.34556,0.34594,0.34547,0.34591,85402
1787386500000,0.3459,0.34591,0.34475,0.34486,440647
1787387400000,0.34488,0.34489,0.34409,0.34456,1496105
1787388300000,0.34454,0.34472,0.34442,0.3446,126769
1787389200000,0.34463,0.34472,0.34409,0.34453,217012
1787390100000,0.34447,0.34449,0.34391,0.34399,397440
1787391000000,0.34399,0.34443,0.34374,0.34424,107586
1787391900000,0.34428,0.34439,0.34353,0.34433,183640
1787392800000,0.34435,0.34436,0.34303,0.34369,383002
1787393700000,0.34368,0.34368,0.34318,0.34329,157709
1787394600000,0.3433,0.34364,0.34321,0.3436,21082
1787395500000,0.34359,0.34359,0.34312,0.34313,18986
1787396400000,0.34318,0.34318,0.34243,0.34253,114712
1787397300000,0.34252,0.34276,0.34212,0.3427,16598
1787398200000,0.34265,0.34335,0.34265,0.34335,32364
1787399100000,0.34334,0.34334,0.34305,0.34311,82432
1787400000000,0.34311,0.34359,0.34299,0.34337,247918
1787400900000,0.34337,0.34375,0.34331,0.34349,218845
1787401800000,0.34352,0.34352,0.34308,0.34334,45542
1787402700000,0.34334,0.34358,0.3433,0.34338,43315
1787403600000,0.34339,0.34385,0.34338,0.34358,45771
1787404500000,0.34358,0.3437,0.34337,0.34369,60061
1787405400000,0.34369,0.34386,0.34364,0.34383,115586
1787406300000,0.34381,0.34395,0.34359,0.34389,18017
1787407200000,0.34388,0.34406,0.3436,0.3436,19299
1787408100000,0.34361,0.34399,0.34347,0.34388,6378
1787409000000,0.34387,0.34401,0.34368,0.34395,8139
1787409900000,0.34395,0.34415,0.34372,0.34412,52730
1787410800000,0.3441,0.34452,0.3441,0.34426,23708
1787411700000,0.34421,0.3444,0.34402,0.34405,33172
1787412600000,0.34403,0.34425,0.34402,0.34416,5260
1787413500000,0.34416,0.34446,0.34416,0.34419,5772
1787414400000,0.34421,0.34461,0.34419,0.34432,77784
1787415300000,0.34433,0.34465,0.34432,0.34455,127043
1787416200000,0.34457,0.34479,0.34416,0.3446,160594
1787417100000,0.34466,0.34477,0.34463,0.34476,7887
1787418000000,0.34477,0.34477,0.34454,0.34463,2497
1787418900000,0.34463,0.34475,0.34458,0.34465,5401
1787419800000,0.34466,0.3448,0.34458,0.34476,7379
1787420700000,0.34475,0.34488,0.34457,0.34487,34383
1787421600000,0.34487,0.34517,0.3447,0.34512,49565
1787422500000,0.34521,0.34548,0.34521,0.34538,140526
1787423400000,0.34539,0.34588,0.34539,0.34588,109813
1787424300000,0.34588,0.34598,0.34568,0.34577,28211
1787425200000,0.34578,0.34578,0.34527,0.34534,91955
1787426100000,0.34537,0.34555,0.34537,0.34551,1857
1787427000000,0.34546,0.34564,0.34546,0.34561,143335
1787427900000,0.34561,0.34587,0.34561,0.34569,112705
1787428800000,0.34565,0.34572,0.34542,0.34556,200330
1787429700000,0.34557,0.34572,0.34544,0.34552,60658
1787430600000,0.34558,0.34572,0.34558,0.34564,30911
1787431500000,0.34572,0.34587,0.34571,0.34573,49664
1787432400000,0.34565,0.34565,0.34518,0.34539,56794
1787433300000,0.34541,0.34567,0.34538,0.34542,255441
1787434200000,0.34548,0.34548,0.3449,0.34515,173968
1787435100000,0.34525,0.34525,0.3448,0.34486,27748
1787436000000,0.34498,0.34509,0.34464,0.34505,81396
1787436900000,0.34507,0.34507,0.34496,0.34502,1407
1787437800000,0.34502,0.34502,0.34471,0.34477,6050
1787438700000,0.34476,0.34512,0.34476,0.34509,11128
1787439600000,0.34515,0.34532,0.34504,0.34505,50055
1787440500000,0.34506,0.3451,0.34473,0.34473,490014
1787441400000,0.34473,0.34478,0.34421,0.34451,461488
1787442300000,0.34453,0.34454,0.34428,0.34446,503087
1787443200000,0.34446,0.34469,0.34426,0.34469,131025
1787444100000,0.3447,0.34511,0.34469,0.34508,38101
1787445000000,0.34508,0.34538,0.34494,0.34496,147698
1787445900000,0.34496,0.34588,0.34489,0.34579,178719
1787446800000,0.34563,0.34577,0.34562,0.34567,34993
1787447700000,0.34562,0.34574,0.34548,0.34567,107390
1787448600000,0.34558,0.3458,0.34547,0.34577,7254
1787449500000,0.34576,0.34582,0.34548,0.34557,27484
1787450400000,0.34562,0.34575,0.34529,0.34529,27259
1787451300000,0.34526,0.34534,0.34467,0.34468,51605
1787452200000,0.34468,0.34469,0.34446,0.34453,4399
1787453100000,0.34474,0.34475,0.34396,0.34396,140373
1787454000000,0.3439,0.3439,0.34365,0.34383,16398
1787454900000,0.34386,0.34386,0.34343,0.34348,48908
1787455800000,0.34343,0.34349,0.34315,0.34324,209070
1787456700000,0.34323,0.34346,0.34315,0.34325,37095
1787457600000,0.34327,0.34335,0.34289,0.34321,88133
1787458500000,0.34321,0.34329,0.34287,0.34303,206294
1787459400000,0.34307,0.34307,0.34292,0.34294,4851
1787460300000,0.34285,0.34288,0.34243,0.34248,132163
1787461200000,0.34242,0.34282,0.3423,0.34266,82727
1787462100000,0.34252,0.34305,0.34227,0.34284,21130
1787463000000,0.34287,0.34294,0.34248,0.34257,50360
1787463900000,0.34256,0.34258,0.34231,0.34231,29648
1787464800000,0.34231,0.34246,0.342,0.34246,129209
1787465700000,0.34231,0.34242,0.34218,0.34223,6540
1787466600000,0.34226,0.34239,0.34214,0.34225,1489
1787467500000,0.34215,0.3422,0.34208,0.34211,35324
1787468400000,0.34213,0.34252,0.34213,0.34252,94308
1787469300000,0.34252,0.34277,0.34252,0.34262,38912
1787470200000,0.34263,0.34269,0.34241,0.34259,58420
1787471100000,0.34274,0.34275,0.34251,0.34268,66297
1787472000000,0.34268,0.34311,0.34268,0.34311,89092
1787472900000,0.34307,0.34312,0.34307,0.34309,2653
1787473800000,0.3431,0.34332,0.34307,0.34328,81869
1787474700000,0.34328,0.34334,0.34328,0.34334,22031
1787475600000,0.34334,0.34336,0.34328,0.34334,110491
1787476500000,0.3433,0.34346,0.34293,0.34293,343756
1787477400000,0.34291,0.3432,0.34254,0.34293,173178
1787478300000,0.34296,0.34319,0.34296,0.34304,155754
1787479200000,0.343,0.34343,0.34286,0.34343,152486
1787480100000,0.34343,0.34397,0.34335,0.34397,42590
1787481000000,0.34405,0.34413,0.34388,0.34391,143008
1787481900000,0.3439,0.34405,0.34372,0.34398,22092
1787482800000,0.34398,0.34401,0.34378,0.34401,73482
1787483700000,0.34376,0.34405,0.34375,0.344,28441
1787484600000,0.344,0.34432,0.344,0.3442,23366
1787485500000,0.34419,0.34428,0.34402,0.34406,3566
1787486400000,0.34412,0.34412,0.34361,0.34378,17896
1787487300000,0.34385,0.34398,0.34385,0.34396,13823
1787488200000,0.34397,0.34412,0.34397,0.34412,10053
1787489100000,0.34412,0.34412,0.34393,0.34395,15735
1787490000000,0.34398,0.34412,0.34395,0.34402,40688
1787490900000,0.3441,0.34434,0.34407,0.34407,74131
1787491800000,0.34404,0.34422,0.34389,0.34405,83732
1787492700000,0.34409,0.34457,0.34406,0.3445,28179
1787493600000,0.34461,0.34464,0.34446,0.34455,7861
1787494500000,0.34453,0.34454,0.34392,0.344,13004
1787495400000,0.34398,0.34424,0.3433,0.34358,113568
1787496300000,0.34364,0.34384,0.34353,0.34378,27119
1787497200000,0.34378,0.34404,0.34362,0.34391,18035
1787498100000,0.34381,0.34404,0.34364,0.34398,23284
1787499000000,0.34398,0.34405,0.34363,0.344,279664
1787499900000,0.344,0.344,0.34361,0.34364,48773
1787500800000,0.34363,0.344,0.34358,0.34379,16681
1787501700000,0.34381,0.34388,0.34374,0.34376,5184
1787502600000,0.34376,0.34389,0.34358,0.34366,17422
1787503500000,0.34365,0.34376,0.3436,0.34376,4496
1787504400000,0.34375,0.34376,0.34351,0.34351,24599
1787505300000,0.34351,0.34421,0.34341,0.34401,521851
1787506200000,0.344,0.344,0.34369,0.34369,99300
1787507100000,0.34369,0.34379,0.34368,0.34379,8580
1787508000000,0.34379,0.3438,0.34368,0.34379,24850
1787508900000,0.34386,0.34395,0.34378,0.34394,44712
1787509800000,0.34387,0.34413,0.34387,0.34413,52322
1787510700000,0.34412,0.34413,0.34407,0.34409,14062
1787511600000,0.3441,0.34422,0.34403,0.34404,19232
1787512500000,0.34407,0.34407,0.34387,0.34394,77308
1787513400000,0.34398,0.34414,0.34389,0.34405,2056
1787514300000,0.34405,0.34416,0.34405,0.34413,12873
1787515200000,0.34404,0.34408,0.34374,0.34388,21656
1787516100000,0.34387,0.34413,0.34381,0.34411,1642
1787517000000,0.34397,0.34407,0.3439,0.34391,10449
1787517900000,0.3439,0.34398,0.34368,0.34376,31523
1787518800000,0.34374,0.34445,0.34374,0.34445,32670
1787519700000,0.34441,0.3449,0.3444,0.34447,93873
1787520600000,0.34451,0.34468,0.34417,0.34417,155638
1787521500000,0.34419,0.34461,0.34417,0.34451,92197
1787522400000,0.34451,0.34464,0.34407,0.3441,40970
1787523300000,0.34409,0.34433,0.34409,0.34433,2005
1787524200000,0.34426,0.34437,0.34421,0.34432,18915
1787525100000,0.3443,0.34445,0.34423,0.34429,8395
1787526000000,0.34416,0.34417,0.34403,0.3441,11164
1787526900000,0.3441,0.34425,0.34403,0.34423,181932
1787527800000,0.34429,0.34451,0.344,0.34405,111774
1787528700000,0.34412,0.34438,0.34411,0.34418,122873
1787529600000,0.34414,0.34455,0.34381,0.34393,212461
1787530500000,0.34389,0.3439,0.34333,0.34341,200586
1787531400000,0.34338,0.34351,0.3433,0.3433,9265
1787532300000,0.34331,0.34383,0.34314,0.34383,58807
1787533200000,0.34387,0.34395,0.34378,0.34378,29798
1787534100000,0.34372,0.3439,0.34367,0.34378,8937
1787535000000,0.34373,0.34387,0.34343,0.34343,114166
1787535900000,0.34344,0.34369,0.34336,0.34338,10584
1787536800000,0.34339,0.34344,0.34327,0.34344,32053
1787537700000,0.34345,0.34372,0.3434,0.3437,4386
1787538600000,0.3437,0.34389,0.34355,0.34355,3081
1787539500000,0.34355,0.34356,0.34334,0.34349,5026
1787540400000,0.34349,0.34383,0.34348,0.34351,15641
1787541300000,0.34351,0.34351,0.3432,0.34349,9250
1787542200000,0.3432,0.34362,0.34314,0.34344,24059
1787543100000,0.34355,0.34366,0.34354,0.34355,8055
1787544000000,0.34356,0.3441,0.34356,0.34409,134359
1787544900000,0.34409,0.34445,0.34409,0.34445,38267
1787545800000,0.34441,0.34444,0.34429,0.34444,15818
1787546700000,0.3444,0.3444,0.34399,0.34414,6864
1787547600000,0.34423,0.34444,0.34414,0.34444,50312
1787548500000,0.34435,0.34449,0.34417,0.3443,30421
1787549400000,0.34427,0.34465,0.34414,0.34465,37816
1787550300000,0.34472,0.34506,0.34466,0.34504,262044
1787551200000,0.34509,0.34513,0.34449,0.34475,240135
1787552100000,0.34476,0.3448,0.34459,0.34477,36780
1787553000000,0.34476,0.34477,0.34445,0.34445,23812
1787553900000,0.34458,0.34482,0.34443,0.34443,31114
1787554800000,0.34439,0.3448,0.34431,0.34472,33229
1787555700000,0.34462,0.3447,0.34443,0.34444,18755
1787556600000,0.34446,0.34446,0.34397,0.34397,98891
1787557500000,0.34398,0.34407,0.34393,0.34403,57101
1787558400000,0.34403,0.34414,0.34363,0.34398,128825
1787559300000,0.34398,0.34398,0.34314,0.34329,148142
1787560200000,0.34323,0.34347,0.34313,0.34336,51657
1787561100000,0.34334,0.3435,0.34324,0.3435,29719
1787562000000,0.34351,0.34391,0.34344,0.34382,181218
1787562900000,0.34385,0.34385,0.34348,0.34368,201096
1787563800000,0.34364,0.34386,0.34364,0.34382,66899
1787564700000,0.34384,0.3441,0.34383,0.34408,38192
1787565600000,0.34408,0.34413,0.34374,0.34387,33059
1787566500000,0.34399,0.34413,0.34389,0.344,64037
1787567400000,0.34399,0.34405,0.34355,0.34357,6870
1787568300000,0.34358,0.3436,0.34342,0.34346,146809
1787569200000,0.34348,0.34396,0.34338,0.34396,56178
1787570100000,0.34399,0.34402,0.34392,0.34396,7750
1787571000000,0.34395,0.3443,0.34395,0.34429,82619
1787571900000,0.34433,0.34441,0.34398,0.34434,54309
1787572800000,0.34421,0.34424,0.34391,0.34391,88851
1787573700000,0.34391,0.3443,0.34375,0.34421,95492
1787574600000,0.34418,0.34468,0.34403,0.34468,74499
1787575500000,0.3447,0.34515,0.34469,0.34497,151926
1787576400000,0.34496,0.345,0.34465,0.34475,219592
1787577300000,0.34475,0.34491,0.3446,0.34486,151791
1787578200000,0.34468,0.34478,0.34412,0.34412,76801
1787579100000,0.34409,0.34419,0.34362,0.34386,970773
1787580000000,0.34386,0.34414,0.34377,0.34414,188247
1787580900000,0.3441,0.34422,0.34385,0.34403,67266
1787581800000,0.3441,0.3446,0.34406,0.3445,129692
1787582700000,0.34449,0.34456,0.34424,0.34429,109018
1787583600000,0.34428,0.34443,0.34421,0.34438,13672
1787584500000,0.34438,0.34485,0.34437,0.34456,86020
1787585400000,0.34454,0.34454,0.34339,0.34341,76211
1787586300000,0.34341,0.34357,0.34326,0.34331,84803
1787587200000,0.34332,0.34376,0.34332,0.34375,186956
1787588100000,0.34376,0.34384,0.34376,0.34382,4668
1787589000000,0.34382,0.34383,0.34347,0.34356,15795
1787589900000,0.34357,0.34365,0.34332,0.34342,22405
1787590800000,0.34326,0.34358,0.34255,0.34354,940033
1787591700000,0.34345,0.34345,0.34283,0.34295,57507
1787592600000,0.34284,0.34305,0.34278,0.34284,23992
1787593500000,0.34287,0.34318,0.34284,0.34318,5996
1787594400000,0.34317,0.34347,0.34317,0.34345,5692
1787595300000,0.34347,0.3435,0.34338,0.3434,5430
1787596200000,0.34341,0.34354,0.34332,0.34354,13779
1787597100000,0.34354,0.3438,0.34354,0.34365,32911
1787598000000,0.34366,0.34382,0.34358,0.34373,53723
1787598900000,0.34374,0.34375,0.34353,0.34366,5636
1787599800000,0.34366,0.34389,0.34362,0.3438,41481
1787600700000,0.34388,0.3439,0.34372,0.3438,4641
1787601600000,0.3438,0.34386,0.34367,0.34373,7928
1787602500000,0.34373,0.34377,0.34365,0.34366,1633
1787603400000,0.34367,0.34379,0.34335,0.34361,4671
1787604300000,0.34361,0.34367,0.34358,0.34365,4903
1787605200000,0.34365,0.34407,0.34364,0.34407,39060
1787606100000,0.3441,0.34411,0.34403,0.34409,1654
1787607000000,0.34407,0.34412,0.34404,0.34404,8250
1787607900000,0.34404,0.34423,0.34404,0.34407,6286
1787608800000,0.34412,0.34431,0.34411,0.34429,90895
1787609700000,0.34429,0.34431,0.34413,0.34413,20555
1787610600000,0.34417,0.34427,0.34414,0.3442,9398
1787611500000,0.34421,0.34445,0.34421,0.34443,2762
1787612400000,0.34442,0.34446,0.34418,0.34427,10129
1787613300000,0.34424,0.34461,0.34418,0.34439,116916
1787614200000,0.34438,0.34466,0.34436,0.34463,49597
1787615100000,0.34466,0.34511,0.34462,0.34499,208045
1787616000000,0.34501,0.34511,0.34475,0.34511,170469
1787616900000,0.3451,0.34572,0.345,0.34572,41127
1787617800000,0.34574,0.34574,0.3455,0.34561,40817
1787618700000,0.34561,0.34594,0.34561,0.34591,39712
1787619600000,0.34592,0.34603,0.34585,0.34603,38442
1787620500000,0.34602,0.34614,0.34576,0.34604,136106
1787621400000,0.34604,0.34634,0.34593,0.34593,162243
1787622300000,0.34593,0.34616,0.3459,0.34616,5705
1787623200000,0.34615,0.34631,0.34611,0.34618,42115
1787624100000,0.34618,0.34676,0.34618,0.34675,290084
1787625000000,0.34677,0.34685,0.34669,0.34678,94536
1787625900000,0.34671,0.34671,0.34588,0.34591,209395
1787626800000,0.34592,0.34592,0.3456,0.34562,15632
1787627700000,0.34561,0.34573,0.34539,0.34572,137537
1787628600000,0.34559,0.34564,0.34497,0.34499,132517
1787629500000,0.345,0.34541,0.34496,0.34541,182051
1787630400000,0.34495,0.34503,0.34402,0.34464,296965
1787631300000,0.34473,0.34481,0.34434,0.34471,38076
1787632200000,0.34471,0.34493,0.34445,0.34445,149776
1787633100000,0.34445,0.34465,0.34435,0.34437,50445
1787634000000,0.34437,0.34467,0.34429,0.34464,21117
1787634900000,0.34455,0.34471,0.34453,0.34465,32739
1787635800000,0.34468,0.34468,0.34464,0.34465,59289
1787636700000,0.34465,0.34497,0.34459,0.34483,278567
1787637600000,0.34483,0.34483,0.34467,0.3447,13241
1787638500000,0.3447,0.34484,0.34469,0.34478,2103
1787639400000,0.34478,0.34479,0.34453,0.34479,6233
1787640300000,0.34482,0.34486,0.34459,0.34467,26719
1787641200000,0.34467,0.34471,0.34449,0.34456,4032
1787642100000,0.34456,0.34461,0.34427,0.34461,48942
1787643000000,0.34463,0.34486,0.34463,0.34479,9020
1787643900000,0.34476,0.34477,0.34373,0.344,135640
1787644800000,0.34399,0.344,0.34349,0.34354,168509
1787645700000,0.34354,0.34382,0.34349,0.34359,87969
1787646600000,0.34359,0.3436,0.34303,0.34351,184234
1787647500000,0.34345,0.34345,0.34322,0.34336,94441
1787648400000,0.34337,0.34339,0.34321,0.34323,294502
1787649300000,0.34326,0.34335,0.34293,0.34294,474378
1787650200000,0.34294,0.34302,0.34268,0.3429,633930
1787651100000,0.34284,0.34288,0.34192,0.34211,1173274
1787652000000,0.34212,0.34223,0.34164,0.34221,386610
1787652900000,0.34221,0.34249,0.34221,0.34239,23089
1787653800000,0.34235,0.3426,0.34235,0.3426,84164
1787654700000,0.34259,0.34286,0.34248,0.34248,71904
1787655600000,0.34248,0.34294,0.34248,0.34282,89698
1787656500000,0.34281,0.34292,0.34255,0.34255,69603
1787657400000,0.34259,0.34274,0.34258,0.3426,41339
1787658300000,0.34258,0.34258,0.34212,0.34247,240245
1787659200000,0.34241,0.34248,0.34209,0.34247,77017
1787660100000,0.34247,0.34275,0.34208,0.34209,50175
1787661000000,0.3421,0.34256,0.3421,0.34247,52977
1787661900000,0.34248,0.34291,0.34248,0.34286,124228
1787662800000,0.34286,0.34286,0.34213,0.3423,552856
1787663700000,0.34227,0.34234,0.34168,0.34181,477379
1787664600000,0.34181,0.34238,0.34169,0.34174,234606
1787665500000,0.34172,0.34172,0.34119,0.34139,191723
1787666400000,0.34144,0.34246,0.34141,0.34231,259002
1787667300000,0.34218,0.34235,0.34193,0.34205,108180
1787668200000,0.34204,0.3422,0.34154,0.3419,77020
1787669100000,0.3419,0.34204,0.34168,0.34181,66696
1787670000000,0.34177,0.34183,0.34161,0.34161,58231
1787670900000,0.34163,0.34183,0.34154,0.34164,57500
1787671800000,0.34164,0.3419,0.3416,0.34167,61453
1787672700000,0.34166,0.34186,0.34165,0.34186,65629
1787673600000,0.34185,0.34185,0.34136,0.34148,112390
1787674500000,0.34148,0.34161,0.3413,0.34132,179908
1787675400000,0.34133,0.34147,0.34102,0.34146,329404
1787676300000,0.34145,0.34175,0.3413,0.34142,22388
1787677200000,0.34136,0.34136,0.34077,0.34096,272719
1787678100000,0.34105,0.34109,0.34065,0.34069,156743
1787679000000,0.34078,0.34122,0.34077,0.3412,12948
1787679900000,0.34108,0.34117,0.34093,0.34098,3760
1787680800000,0.34086,0.34088,0.34056,0.34083,55582
1787681700000,0.34081,0.34095,0.34078,0.34095,16586
1787682600000,0.34094,0.34095,0.33965,0.33989,472418
1787683500000,0.33995,0.34004,0.33985,0.34002,12187
1787684400000,0.33999,0.34005,0.33911,0.33927,275209
1787685300000,0.33926,0.33926,0.33835,0.33839,604450
1787686200000,0.33838,0.33876,0.33821,0.33834,18654
1787687100000,0.33831,0.33858,0.33828,0.33836,11979
1787688000000,0.33819,0.33832,0.33725,0.33798,427590
1787688900000,0.33799,0.33799,0.3377,0.33783,140196
1787689800000,0.33776,0.33805,0.33773,0.33773,34358
1787690700000,0.33781,0.3379,0.33747,0.33748,27720
1787691600000,0.33741,0.33782,0.33683,0.33746,438404
1787692500000,0.33744,0.33751,0.33718,0.33747,11898
1787693400000,0.33747,0.33753,0.33735,0.33743,13157
1787694300000,0.33739,0.33739,0.33713,0.33737,33882
1787695200000,0.33739,0.33755,0.33714,0.33755,70550
1787696100000,0.33763,0.33766,0.33716,0.33716,4294
1787697000000,0.33715,0.33732,0.33712,0.33715,6193
1787697900000,0.33711,0.33711,0.33648,0.33688,602175
1787698800000,0.33687,0.33695,0.33573,0.33628,954096
1787699700000,0.33612,0.33624,0.3359,0.33608,75672
1787700600000,0.33621,0.33622,0.33577,0.33577,48274
1787701500000,0.33577,0.33605,0.33562,0.33603,230795
1787702400000,0.33588,0.336,0.33512,0.33521,532866
1787703300000,0.33521,0.33561,0.33516,0.33519,53124
1787704200000,0.33519,0.33523,0.335,0.33507,444765
1787705100000,0.33516,0.33532,0.33503,0.33503,331451
1787706000000,0.33504,0.33549,0.33504,0.3353,288007
1787706900000,0.3353,0.33577,0.33528,0.3355,157328
1787707800000,0.33551,0.33621,0.33551,0.33606,41950
1787708700000,0.33607,0.3362,0.33606,0.33619,25656
1787709600000,0.33617,0.33617,0.33556,0.33556,55932
1787710500000,0.33562,0.3365,0.33557,0.33646,201018
1787711400000,0.33647,0.33695,0.33644,0.33695,846747
1787712300000,0.33694,0.33723,0.3369,0.33718,813614
1787713200000,0.33717,0.33754,0.33716,0.33746,233155
1787714100000,0.33745,0.3376,0.3374,0.3375,25920
1787715000000,0.33758,0.33777,0.33747,0.33763,22402
1787715900000,0.33764,0.33764,0.33721,0.33736,23532
1787716800000,0.33736,0.33775,0.33736,0.33762,13128
1787717700000,0.33774,0.33782,0.33769,0.33781,2150
1787718600000,0.33781,0.33792,0.33774,0.33779,9088
1787719500000,0.33778,0.33835,0.33762,0.33789,110053
1787720400000,0.33788,0.33799,0.3378,0.33795,23969
1787721300000,0.33798,0.33838,0.33783,0.33835,31931
1787722200000,0.33836,0.33919,0.33836,0.3387,51336
1787723100000,0.3387,0.33887,0.33866,0.33867,25025
1787724000000,0.33875,0.3388,0.33848,0.33848,28968
1787724900000,0.33849,0.33857,0.33844,0.33846,18386
1787725800000,0.33847,0.33855,0.33766,0.33818,49479
1787726700000,0.33804,0.33821,0.33802,0.33806,7262
1787727600000,0.33802,0.33816,0.33795,0.33812,3273
1787728500000,0.33826,0.33829,0.33779,0.33784,18569
1787729400000,0.33778,0.33793,0.33759,0.33781,21519
1787730300000,0.33781,0.33786,0.33706,0.33709,94981
1787731200000,0.33708,0.3377,0.3367,0.3377,216746
1787732100000,0.3377,0.33809,0.33752,0.33804,92981
1787733000000,0.33798,0.33798,0.33783,0.33784,31164
1787733900000,0.33784,0.33784,0.33739,0.33739,635795
1787734800000,0.33738,0.33738,0.33692,0.33709,353322
1787735700000,0.33708,0.33708,0.33655,0.33681,837519
1787736600000,0.3368,0.3368,0.33626,0.33629,1215605
1787737500000,0.33626,0.33651,0.33618,0.33619,882932
1787738400000,0.33621,0.33621,0.3357,0.33581,1810749
1787739300000,0.33581,0.33605,0.33573,0.33573,1385994
1787740200000,0.33573,0.33617,0.33568,0.33608,519209
1787741100000,0.33608,0.33626,0.33602,0.3361,260196
1787742000000,0.33611,0.33645,0.33585,0.33586,1091708
1787742900000,0.33586,0.33589,0.33551,0.33552,693589
1787743800000,0.33552,0.33557,0.33521,0.33544,356445
1787744700000,0.33544,0.33545,0.3349,0.33527,969516
1787745600000,0.33527,0.33558,0.3352,0.33557,272960
1787746500000,0.33558,0.33586,0.33534,0.33574,223885
1787747400000,0.33567,0.33573,0.33525,0.33532,68424
1787748300000,0.33529,0.33559,0.33528,0.33554,14058
1787749200000,0.33554,0.33554,0.33514,0.33515,80284
1787750100000,0.33515,0.33515,0.33463,0.33472,181571
1787751000000,0.33473,0.3351,0.33433,0.33434,707358
1787751900000,0.33434,0.33453,0.33392,0.3345,793816
1787752800000,0.3345,0.3345,0.33411,0.33418,307560
1787753700000,0.33418,0.33454,0.33417,0.33422,163629
1787754600000,0.33422,0.33441,0.33413,0.33415,181772
1787755500000,0.33415,0.33443,0.334,0.33436,102563
1787756400000,0.33436,0.33526,0.3342,0.33477,96094
1787757300000,0.33476,0.33476,0.33425,0.33452,115581
1787758200000,0.33453,0.33454,0.33389,0.33389,555041
1787759100000,0.3339,0.33458,0.3339,0.33398,581555
1787760000000,0.33398,0.3344,0.33393,0.33431,776651
1787760900000,0.33435,0.33439,0.33402,0.33404,556435
1787761800000,0.33402,0.33414,0.33381,0.33381,544597
1787762700000,0.33381,0.33418,0.33374,0.33382,764275
1787763600000,0.33384,0.33389,0.33373,0.33378,445942
1787764500000,0.33385,0.33488,0.33382,0.33479,702141
1787765400000,0.33479,0.33497,0.3347,0.33481,396834
1787766300000,0.33481,0.33491,0.33458,0.3349,439928
1787767200000,0.3349,0.33503,0.33474,0.33499,493868
1787768100000,0.33498,0.33499,0.33448,0.33448,430695
1787769000000,0.33459,0.33504,0.33453,0.335,188495
1787769900000,0.335,0.33553,0.335,0.33545,81567
1787770800000,0.33536,0.33554,0.33515,0.33519,29446
1787771700000,0.33521,0.33526,0.33499,0.33509,28115
1787772600000,0.33507,0.3354,0.33507,0.33537,14984
1787773500000,0.33536,0.33586,0.3353,0.33559,561442
1787774400000,0.33545,0.33559,0.33539,0.33556,24334
1787775300000,0.33555,0.33557,0.33532,0.33547,11386
1787776200000,0.33546,0.3355,0.33501,0.33526,12799
1787777100000,0.33526,0.33568,0.33462,0.33564,535073
1787778000000,0.33565,0.3357,0.33542,0.33563,15115
1787778900000,0.33563,0.33578,0.3349,0.33498,1164563
1787779800000,0.33497,0.335,0.33465,0.33472,1203726
1787780700000,0.33472,0.33528,0.33463,0.33523,439989
1787781600000,0.33522,0.33591,0.33522,0.33591,140961
1787782500000,0.33589,0.33614,0.33576,0.33609,21574
1787783400000,0.33608,0.33614,0.33584,0.33604,12518
1787784300000,0.33606,0.33606,0.33577,0.33587,102009
1787785200000,0.3359,0.3359,0.33522,0.33523,18846
1787786100000,0.33536,0.33568,0.33533,0.33559,45005
1787787000000,0.33558,0.3356,0.33534,0.3356,23901
1787787900000,0.33549,0.33575,0.33549,0.33571,39586
1787788800000,0.33571,0.33575,0.33535,0.33535,77199
1787789700000,0.33535,0.33535,0.33504,0.33531,38621
1787790600000,0.33533,0.33542,0.33526,0.33526,51204
1787791500000,0.33526,0.33527,0.33484,0.3351,23625
1787792400000,0.3351,0.33523,0.33499,0.33503,32473
1787793300000,0.33502,0.33549,0.33502,0.33548,156112
1787794200000,0.33544,0.33548,0.33528,0.33532,13082
1787795100000,0.33532,0.33545,0.33532,0.33532,22346
1787796000000,0.33533,0.33547,0.33533,0.33547,18376
1787796900000,0.33547,0.33547,0.33483,0.33483,27262
1787797800000,0.33483,0.33494,0.33483,0.33486,21270
1787798700000,0.33486,0.33488,0.33475,0.33475,49391
1787799600000,0.33478,0.33478,0.33461,0.33472,20830
1787800500000,0.33471,0.33486,0.3347,0.33474,7691
1787801400000,0.33473,0.33473,0.33452,0.33456,36334
1787802300000,0.33456,0.33479,0.3333,0.33401,236438
1787803200000,0.33407,0.33417,0.33396,0.33396,114083
1787804100000,0.3341,0.33432,0.33406,0.33409,16836
1787805000000,0.33409,0.33409,0.33385,0.33395,12208
1787805900000,0.33396,0.334,0.33373,0.334,20886
1787806800000,0.33401,0.33434,0.33395,0.33403,96043
1787807700000,0.334,0.33412,0.33392,0.33401,59065
1787808600000,0.33397,0.334,0.33382,0.334,12425
1787809500000,0.33399,0.33482,0.33399,0.3348,1564857
1787810400000,0.33479,0.33514,0.33442,0.33442,1515101
1787811300000,0.33442,0.33442,0.33416,0.33416,245203
1787812200000,0.33417,0.33422,0.33417,0.33419,29594
1787813100000,0.33419,0.33442,0.33419,0.33442,39162
1787814000000,0.33459,0.33469,0.33457,0.33468,18946
1787814900000,0.33469,0.33481,0.33468,0.33477,30368
1787815800000,0.33477,0.33484,0.33459,0.33464,44010
1787816700000,0.33467,0.33483,0.33467,0.33483,16312
1787817600000,0.33483,0.33549,0.33483,0.33542,105785
1787818500000,0.33541,0.33552,0.3353,0.33547,290110
1787819400000,0.33547,0.33637,0.33547,0.33633,1223374
1787820300000,0.33629,0.33637,0.33594,0.33607,168885
1787821200000,0.33603,0.33636,0.33581,0.33622,221493
1787822100000,0.33622,0.33648,0.33608,0.33648,111016
1787823000000,0.33638,0.33651,0.33626,0.3364,115868
1787823900000,0.33641,0.33641,0.33612,0.33612,14853
1787824800000,0.33616,0.33619,0.33597,0.33619,115009
1787825700000,0.33617,0.33624,0.33568,0.3358,72893
1787826600000,0.33579,0.336,0.3356,0.33581,44700
1787827500000,0.3358,0.3358,0.33533,0.33546,160090
1787828400000,0.33547,0.33577,0.33547,0.33569,39445
1787829300000,0.3357,0.33582,0.3357,0.33581,24558
1787830200000,0.33582,0.33595,0.3358,0.33594,106598
1787831100000,0.33594,0.33656,0.33579,0.33656,120875
1787832000000,0.33656,0.3376,0.33655,0.3376,77271
1787832900000,0.33756,0.338,0.33756,0.338,90071
1787833800000,0.33801,0.33802,0.33767,0.33794,126611
1787834700000,0.33793,0.33844,0.33793,0.3384,281447
1787835600000,0.33836,0.33837,0.337,0.33787,146787
1787836500000,0.33787,0.33792,0.33743,0.33768,70214
1787837400000,0.33768,0.33768,0.33699,0.33708,90116
1787838300000,0.33705,0.33715,0.33653,0.33714,28380
1787839200000,0.33714,0.33797,0.33714,0.3379,131121
1787840100000,0.3379,0.3379,0.33712,0.3373,128396
1787841000000,0.33735,0.33802,0.33735,0.33783,18194
1787841900000,0.33784,0.33786,0.33725,0.33732,15842
1787842800000,0.33733,0.33755,0.33727,0.33753,29672
1787843700000,0.33753,0.33754,0.33728,0.33739,48043
1787844600000,0.33741,0.33741,0.33716,0.33735,32672
1787845500000,0.33735,0.33735,0.3371,0.33711,69230
1787846400000,0.3371,0.33832,0.33692,0.33825,256625
1787847300000,0.33824,0.33844,0.33721,0.33739,181582
1787848200000,0.33743,0.33755,0.33736,0.33754,34098
1787849100000,0.33754,0.33755,0.33731,0.33731,43816
1787850000000,0.33734,0.33792,0.33734,0.33792,11623
1787850900000,0.33794,0.3382,0.33776,0.33785,130354
1787851800000,0.33789,0.3381,0.33765,0.33766,46823
1787852700000,0.33767,0.33779,0.33753,0.33779,57423
1787853600000,0.33779,0.33783,0.33686,0.33691,182592
1787854500000,0.33692,0.33711,0.33656,0.3368,95416
1787855400000,0.33684,0.33705,0.33684,0.33697,15855
1787856300000,0.33704,0.33724,0.33687,0.33723,66262
1787857200000,0.33727,0.33748,0.33722,0.33728,41085
1787858100000,0.33729,0.33749,0.33721,0.33744,37497
1787859000000,0.33744,0.33757,0.33733,0.33738,13041
1787859900000,0.33737,0.33748,0.33724,0.33745,22006
1787860800000,0.33745,0.33758,0.33742,0.33746,22528
1787861700000,0.33746,0.33761,0.33745,0.33758,25430
1787862600000,0.33757,0.3376,0.33757,0.3376,5681
1787863500000,0.33759,0.33766,0.33757,0.33758,57355
1787864400000,0.33758,0.33758,0.33738,0.33741,10163
1787865300000,0.33741,0.33745,0.33719,0.33724,31904
1787866200000,0.33726,0.33743,0.33711,0.33717,28587
1787867100000,0.33714,0.33749,0.33713,0.33744,9829
1787868000000,0.33744,0.33745,0.33734,0.33735,7712
1787868900000,0.33735,0.33748,0.33734,0.33745,20643
1787869800000,0.33745,0.33749,0.33736,0.33739,8700
1787870700000,0.3374,0.33742,0.3372,0.33721,25390
1787871600000,0.3372,0.33727,0.33717,0.33718,6905
1787872500000,0.33717,0.34123,0.33717,0.33769,2136671
1787873400000,0.33769,0.33769,0.33749,0.33749,27994
1787874300000,0.33749,0.3375,0.33747,0.33747,59995
1787875200000,0.33748,0.33756,0.33729,0.33732,182429
1787876100000,0.33731,0.33754,0.33726,0.33753,118809
1787877000000,0.33754,0.33766,0.33748,0.33763,64712
1787877900000,0.33763,0.33854,0.33763,0.33846,74063
1787878800000,0.33846,0.33874,0.33846,0.33873,41654
1787879700000,0.33873,0.33926,0.33873,0.33916,162622
1787880600000,0.33918,0.33945,0.33912,0.33937,347262
1787881500000,0.33937,0.33938,0.33862,0.3387,95628
1787882400000,0.3387,0.33873,0.33851,0.33851,107945
1787883300000,0.3385,0.33851,0.33794,0.33808,79463
1787884200000,0.33801,0.33837,0.33801,0.33827,11149
1787885100000,0.33828,0.33828,0.33807,0.33828,27146
1787886000000,0.33828,0.33844,0.33784,0.33789,34631
1787886900000,0.338,0.33849,0.338,0.33847,59020
1787887800000,0.33847,0.3385,0.33818,0.33819,54177
1787888700000,0.33818,0.33829,0.33818,0.33828,4449
1787889600000,0.33829,0.33852,0.33825,0.33834,19079
1787890500000,0.33835,0.33859,0.33835,0.33856,6181
1787891400000,0.33856,0.33867,0.33838,0.33867,79030
1787892300000,0.33868,0.3387,0.33854,0.3387,8742
1787893200000,0.33871,0.33871,0.33853,0.33854,30661
1787894100000,0.3386,0.33889,0.3386,0.33889,17401
1787895000000,0.33889,0.33907,0.33889,0.33902,51199
1787895900000,0.33902,0.33916,0.33902,0.33908,34161
1787896800000,0.33907,0.33961,0.33907,0.33956,48595
1787897700000,0.33956,0.33995,0.33955,0.3399,155567
1787898600000,0.33993,0.34013,0.33993,0.34013,18147
1787899500000,0.34017,0.34018,0.33991,0.33995,3371
1787900400000,0.33995,0.34004,0.33926,0.33936,17097
1787901300000,0.33936,0.33954,0.33936,0.33953,9016
1787902200000,0.33954,0.33954,0.33926,0.3393,131625
1787903100000,0.33929,0.33953,0.33916,0.33942,12195
1787904000000,0.33943,0.33984,0.33943,0.33965,158367
1787904900000,0.33965,0.33977,0.33924,0.33944,44319
1787905800000,0.33944,0.33944,0.33917,0.33917,357787
1787906700000,0.33917,0.33931,0.33896,0.33931,492968
1787907600000,0.33935,0.3398,0.33926,0.33978,264742
1787908500000,0.33979,0.34027,0.33979,0.34015,432159
1787909400000,0.34015,0.34037,0.33968,0.33969,507786
1787910300000,0.3397,0.3397,0.33899,0.33899,440228
1787911200000,0.339,0.33903,0.33839,0.33874,225762
1787912100000,0.33875,0.33899,0.33873,0.33885,90973
1787913000000,0.33904,0.34038,0.33903,0.34035,114994
1787913900000,0.34037,0.34053,0.34037,0.34052,107149
1787914800000,0.34053,0.34114,0.34053,0.34066,239697
1787915700000,0.34066,0.34093,0.34057,0.34061,88445
1787916600000,0.34062,0.34064,0.34055,0.34055,16945
1787917500000,0.34057,0.34092,0.34056,0.34092,133135
1787918400000,0.34094,0.34139,0.34086,0.34112,228667
1787919300000,0.34112,0.34123,0.34106,0.34108,71304
1787920200000,0.34106,0.34117,0.34092,0.34098,67598
1787921100000,0.34101,0.34136,0.34098,0.34133,158656
1787922000000,0.34134,0.34182,0.34134,0.34148,114058
1787922900000,0.34148,0.34148,0.34091,0.34095,54094
1787923800000,0.34099,0.34123,0.34091,0.34096,55010
1787924700000,0.34116,0.34151,0.34094,0.34149,53070
1787925600000,0.34142,0.34143,0.34003,0.34015,288334
1787926500000,0.3401,0.34059,0.33999,0.34059,72163
1787927400000,0.34056,0.34116,0.34045,0.3407,119506
1787928300000,0.3407,0.3407,0.34028,0.34058,79346
1787929200000,0.34072,0.34072,0.3402,0.34035,49788
1787930100000,0.34034,0.34075,0.34034,0.3407,43433
1787931000000,0.3407,0.34114,0.34048,0.34066,61833
1787931900000,0.3407,0.34073,0.33956,0.33976,123594
1787932800000,0.33976,0.34027,0.3393,0.3393,147614
1787933700000,0.3393,0.33962,0.33862,0.33903,216644
1787934600000,0.33906,0.33922,0.33846,0.33891,79502
1787935500000,0.33896,0.33921,0.33893,0.33918,36928
1787936400000,0.33916,0.33931,0.33899,0.3392,134183
1787937300000,0.33924,0.3398,0.33922,0.33942,54817
1787938200000,0.33942,0.33982,0.33939,0.33942,35155
1787939100000,0.33945,0.33971,0.33945,0.33971,56682
1787940000000,0.33973,0.33976,0.33945,0.33975,78639
1787940900000,0.33972,0.34018,0.3396,0.34018,72146
1787941800000,0.34018,0.34027,0.33953,0.33976,62261
1787942700000,0.33976,0.34,0.33967,0.34,55562
1787943600000,0.34005,0.3404,0.34005,0.3404,67095
1787944500000,0.3404,0.34081,0.34035,0.34077,51577
1787945400000,0.34071,0.34142,0.3407,0.34139,158696
1787946300000,0.3414,0.3414,0.34109,0.34129,43981
1787947200000,0.34123,0.34154,0.34114,0.34154,84721
1787948100000,0.34154,0.34157,0.34108,0.34122,45555
1787949000000,0.3412,0.34122,0.3408,0.34108,76976
1787949900000,0.34108,0.34163,0.34108,0.34149,36963
1787950800000,0.34149,0.34177,0.34149,0.34173,44352
1787951700000,0.34178,0.34212,0.34166,0.34209,110287
1787952600000,0.34208,0.34239,0.34177,0.34181,124159
1787953500000,0.34182,0.34183,0.34146,0.34164,53418
1787954400000,0.34164,0.34176,0.34146,0.34176,56472
1787955300000,0.34176,0.34193,0.34165,0.34193,36168
1787956200000,0.34193,0.34197,0.34174,0.34176,42008
1787957100000,0.34176,0.34185,0.34176,0.34185,34562
1787958000000,0.34183,0.34184,0.34159,0.34162,28701
1787958900000,0.34163,0.34163,0.34131,0.34132,3160
1787959800000,0.34131,0.34135,0.34131,0.34133,2310
1787960700000,0.34135,0.34139,0.34131,0.34138,3619
1787961600000,0.34137,0.34192,0.34137,0.34177,47378
1787962500000,0.34176,0.34228,0.34168,0.34215,88923
1787963400000,0.34218,0.34219,0.34103,0.34103,62774
1787964300000,0.34103,0.34103,0.34064,0.34065,72628
1787965200000,0.34064,0.34109,0.34064,0.34107,14315
1787966100000,0.34101,0.34114,0.341,0.34108,7884
1787967000000,0.34112,0.34112,0.34089,0.34099,12303
1787967900000,0.34098,0.34111,0.34094,0.34109,50205
1787968800000,0.34109,0.34149,0.34109,0.34141,6068
1787969700000,0.34131,0.34131,0.34089,0.3409,7290
1787970600000,0.3409,0.34125,0.34089,0.34123,4515
1787971500000,0.3412,0.34132,0.34111,0.34111,15377
1787972400000,0.34102,0.34106,0.34062,0.3408,46479
1787973300000,0.34088,0.34088,0.34066,0.34074,18536
1787974200000,0.34074,0.34074,0.34058,0.34071,4452
1787975100000,0.34069,0.34069,0.34028,0.3403,27674
1787976000000,0.3403,0.34052,0.34014,0.3402,12587
1787976900000,0.3402,0.34033,0.3402,0.34029,7306
1787977800000,0.34029,0.34043,0.34029,0.34033,16200
1787978700000,0.34033,0.34034,0.34,0.34016,15674
1787979600000,0.34016,0.34028,0.34012,0.34025,73721
1787980500000,0.34026,0.34027,0.33996,0.34008,32080
1787981400000,0.34007,0.34007,0.33988,0.33988,3479
1787982300000,0.33988,0.33988,0.33948,0.3395,4628
1787983200000,0.33951,0.33953,0.3361,0.33804,2431515
1787984100000,0.33818,0.33836,0.33755,0.33764,55114
1787985000000,0.33765,0.33778,0.33748,0.33748,11700
1787985900000,0.33752,0.33822,0.33747,0.33822,87516
1787986800000,0.33821,0.33848,0.33801,0.33806,97926
1787987700000,0.33801,0.33818,0.33798,0.33798,5250
1787988600000,0.33798,0.33875,0.33797,0.33871,31699
1787989500000,0.33872,0.33876,0.33856,0.33876,51691
1787990400000,0.33877,0.33897,0.33859,0.33867,131022
1787991300000,0.33866,0.33866,0.33823,0.33827,8561
1787992200000,0.33827,0.33831,0.33806,0.33814,90539
1787993100000,0.33814,0.33832,0.33813,0.33832,107399
1787994000000,0.33831,0.33834,0.33814,0.33823,324930
1787994900000,0.33822,0.33848,0.33818,0.33842,182010
1787995800000,0.33842,0.33855,0.33818,0.33818,106631
1787996700000,0.33819,0.33828,0.33816,0.33818,61248
1787997600000,0.33818,0.33859,0.33815,0.33858,266690
1787998500000,0.33858,0.33858,0.33827,0.33847,107763
1787999400000,0.3383,0.33847,0.33828,0.33846,74020
1788000300000,0.33846,0.33875,0.33845,0.33852,126212
1788001200000,0.33851,0.33869,0.33844,0.33848,71930
1788002100000,0.33848,0.33852,0.33838,0.33839,62518
1788003000000,0.3384,0.33851,0.3384,0.33844,60350
1788003900000,0.33844,0.33847,0.33838,0.33842,102558
1788004800000,0.33842,0.33868,0.33825,0.33857,204380
1788005700000,0.33857,0.33871,0.33844,0.33865,100861
1788006600000,0.33863,0.33881,0.33857,0.33868,122834
1788007500000,0.33863,0.33866,0.33843,0.33862,90738
1788008400000,0.33862,0.3388,0.33844,0.33852,88023
1788009300000,0.33849,0.33857,0.33825,0.33848,146686
1788010200000,0.33851,0.33851,0.33833,0.3384,78157
1788011100000,0.3384,0.33869,0.33823,0.33828,148764
1788012000000,0.33828,0.33832,0.33817,0.33822,123522
1788012900000,0.33822,0.33838,0.33817,0.33831,68748
1788013800000,0.33832,0.33845,0.33819,0.33833,61143
1788014700000,0.33833,0.33864,0.33833,0.33864,33306
1788015600000,0.33863,0.33863,0.33818,0.33823,76353
1788016500000,0.33822,0.3383,0.33813,0.33829,54902
1788017400000,0.33829,0.33829,0.33807,0.3381,60834
1788018300000,0.33806,0.3384,0.338,0.33826,78414
1788019200000,0.33825,0.33869,0.33803,0.33847,77692
1788020100000,0.33847,0.3386,0.33818,0.33819,35821
1788021000000,0.33815,0.33815,0.33795,0.33799,47160
1788021900000,0.33806,0.33812,0.33802,0.33803,34368
1788022800000,0.33803,0.33803,0.33796,0.33796,36403
1788023700000,0.33804,0.33811,0.33789,0.33792,51623
1788024600000,0.33792,0.33821,0.33792,0.3382,51130
1788025500000,0.33828,0.33869,0.33828,0.33857,53851
1788026400000,0.33857,0.33884,0.33857,0.33874,78842
1788027300000,0.33866,0.33878,0.33864,0.33874,33771
1788028200000,0.33874,0.33894,0.33874,0.33886,54290
1788029100000,0.33885,0.33899,0.33885,0.33896,136338
1788030000000,0.33897,0.3391,0.33895,0.3391,93864
1788030900000,0.3391,0.33925,0.33909,0.33924,43193
1788031800000,0.33923,0.33946,0.33922,0.33939,67667
1788032700000,0.33939,0.33944,0.33935,0.33938,70608
1788033600000,0.33937,0.33939,0.33911,0.33932,67050
1788034500000,0.33932,0.33956,0.33931,0.33955,41635
1788035400000,0.33955,0.33978,0.33955,0.33976,101278
1788036300000,0.33976,0.33986,0.33976,0.33986,41362
1788037200000,0.33986,0.34033,0.33971,0.34016,271385
1788038100000,0.34016,0.34025,0.34016,0.34024,73477
1788039000000,0.34024,0.34062,0.34024,0.34046,122294
1788039900000,0.34048,0.34051,0.34036,0.34042,35909
1788040800000,0.34041,0.34058,0.34041,0.34056,28107
1788041700000,0.34057,0.34066,0.34057,0.34063,7862
1788042600000,0.34064,0.34093,0.34063,0.34092,15065
1788043500000,0.34091,0.34102,0.34091,0.34097,11662
1788044400000,0.34106,0.34122,0.34097,0.34098,29868
1788045300000,0.34098,0.34105,0.34097,0.34105,25887
1788046200000,0.34105,0.34108,0.34073,0.34077,15756
1788047100000,0.34077,0.34089,0.34073,0.34088,31030
1788048000000,0.34089,0.34111,0.34072,0.34111,27796
1788048900000,0.3411,0.3411,0.34068,0.34068,38213
1788049800000,0.34071,0.34084,0.34062,0.34062,13953
1788050700000,0.34055,0.34055,0.34035,0.34047,13309
1788051600000,0.34034,0.34053,0.34034,0.34053,7383
1788052500000,0.34051,0.34064,0.34041,0.34063,27229
1788053400000,0.34063,0.34066,0.34061,0.34064,1525
1788054300000,0.34065,0.34066,0.33994,0.33997,58126
1788055200000,0.33997,0.33997,0.33976,0.33994,16541
1788056100000,0.33995,0.34001,0.33989,0.33989,3315
1788057000000,0.33989,0.33989,0.33966,0.33966,3082
1788057900000,0.33967,0.33992,0.33958,0.33987,31145
1788058800000,0.3398,0.34024,0.3398,0.34022,10803
1788059700000,0.34022,0.34025,0.34019,0.34022,3786
1788060600000,0.34022,0.34026,0.34011,0.34012,57634
1788061500000,0.34012,0.34013,0.34011,0.34012,6291
1788062400000,0.34012,0.34029,0.34012,0.34029,3263
1788063300000,0.34029,0.34041,0.34029,0.34041,1759
1788064200000,0.34041,0.34048,0.34004,0.34046,5048
1788065100000,0.34045,0.34073,0.34015,0.34072,53713
1788066000000,0.34072,0.34072,0.34068,0.34071,9581
1788066900000,0.34072,0.34094,0.34071,0.34093,3107
1788067800000,0.34092,0.34093,0.34073,0.34089,5398
1788068700000,0.34088,0.34089,0.34088,0.34088,1254
1788069600000,0.34088,0.34093,0.34079,0.3408,14857
1788070500000,0.34083,0.3412,0.34064,0.34064,31231
1788071400000,0.34061,0.34062,0.34059,0.34061,2216
1788072300000,0.3406,0.34069,0.3406,0.34068,990
1788073200000,0.34069,0.3407,0.34053,0.34053,4444
1788074100000,0.34038,0.34069,0.34038,0.34061,8014
1788075000000,0.3406,0.34088,0.34051,0.3406,47130
1788075900000,0.34061,0.34068,0.34061,0.34064,4262
1788076800000,0.34064,0.34077,0.34062,0.34076,4331
1788077700000,0.34076,0.34076,0.34066,0.34069,9619
1788078600000,0.34068,0.34068,0.34049,0.34049,125687
1788079500000,0.3405,0.34061,0.34049,0.34053,169244
1788080400000,0.34053,0.34074,0.34049,0.34063,192213
1788081300000,0.3407,0.3407,0.34049,0.34049,192467
1788082200000,0.34049,0.3405,0.34049,0.34049,281910
1788083100000,0.34049,0.34067,0.34049,0.3406,20396
1788084000000,0.34059,0.34065,0.34052,0.34052,50536
1788084900000,0.34052,0.34055,0.34049,0.3405,36175
1788085800000,0.34052,0.34052,0.34049,0.34049,9192
1788086700000,0.34049,0.34054,0.34049,0.3405,16429
1788087600000,0.3405,0.34052,0.3405,0.34051,37270
1788088500000,0.34052,0.34054,0.3405,0.34053,113862
1788089400000,0.34052,0.34054,0.3404,0.34053,19258
1788090300000,0.34054,0.34054,0.3405,0.34053,21308
1788091200000,0.34054,0.34085,0.34053,0.34082,615667
1788092100000,0.34079,0.34079,0.34059,0.34059,12740
1788093000000,0.34058,0.34059,0.34043,0.34045,9567
1788093900000,0.34046,0.34053,0.34038,0.3404,88939
1788094800000,0.34041,0.34076,0.34037,0.34059,23537
1788095700000,0.3406,0.34075,0.34059,0.34071,20315
1788096600000,0.34071,0.34071,0.34056,0.34065,15817
1788097500000,0.34066,0.34086,0.34051,0.34067,92956
1788098400000,0.34065,0.34073,0.34049,0.3407,47965
1788099300000,0.34069,0.34072,0.34057,0.34061,3607
1788100200000,0.34054,0.34054,0.34032,0.34046,2101
1788101100000,0.34045,0.34051,0.34045,0.34051,1450
1788102000000,0.34051,0.34056,0.34038,0.34041,15845
1788102900000,0.34038,0.34039,0.34018,0.34018,11053
1788103800000,0.34018,0.34052,0.34018,0.34024,305249
1788104700000,0.34025,0.34032,0.34002,0.34017,181061
1788105600000,0.34018,0.34074,0.34013,0.34049,622047
1788106500000,0.34051,0.34062,0.34049,0.34052,5759
1788107400000,0.34052,0.34065,0.34052,0.34058,36284
1788108300000,0.34056,0.34166,0.34056,0.3415,166420
1788109200000,0.3415,0.34157,0.34145,0.34155,20191
1788110100000,0.34159,0.34159,0.34097,0.34109,13116
1788111000000,0.34104,0.34115,0.34102,0.34102,17770
1788111900000,0.34101,0.34108,0.34085,0.34085,10704
1788112800000,0.34086,0.34086,0.34066,0.34066,1807
1788113700000,0.34066,0.34073,0.34065,0.34067,62053
1788114600000,0.34068,0.34088,0.34055,0.34068,76111
1788115500000,0.34074,0.34074,0.34068,0.34069,3483
1788116400000,0.34067,0.34068,0.34057,0.34058,3796
1788117300000,0.34057,0.34058,0.34052,0.34053,1453
1788118200000,0.34052,0.34053,0.34032,0.34033,18612
1788119100000,0.34032,0.34053,0.3403,0.34038,7385
1788120000000,0.34039,0.34039,0.34033,0.34038,6139
1788120900000,0.34036,0.34037,0.34034,0.34034,4586
1788121800000,0.34033,0.34033,0.33988,0.33988,14931
1788122700000,0.33981,0.33984,0.33965,0.33965,12305
1788123600000,0.33963,0.33965,0.33766,0.3389,1975350
1788124500000,0.33891,0.33923,0.33889,0.33922,127306
1788125400000,0.33928,0.33946,0.33905,0.33911,201045
1788126300000,0.33905,0.33905,0.33887,0.33898,9312
1788127200000,0.33897,0.33905,0.33893,0.33894,28660
1788128100000,0.33894,0.33894,0.33834,0.33837,58132
1788129000000,0.33836,0.33837,0.33805,0.33824,130465
1788129900000,0.33825,0.33826,0.33797,0.33797,9888
1788130800000,0.33796,0.33796,0.3373,0.33733,810999
1788131700000,0.33732,0.33749,0.33633,0.33647,440441
1788132600000,0.33634,0.3364,0.33594,0.33611,537904
1788133500000,0.3361,0.33617,0.33569,0.33616,112010
1788134400000,0.33597,0.33597,0.3353,0.33553,339013
1788135300000,0.33547,0.33562,0.33515,0.33523,86195
1788136200000,0.33523,0.33606,0.33511,0.33604,177792
1788137100000,0.33596,0.33596,0.33555,0.33557,14953
1788138000000,0.33555,0.33579,0.33552,0.33571,23523
1788138900000,0.3358,0.33673,0.33578,0.33625,499107
1788139800000,0.33616,0.33634,0.33609,0.33609,23190
1788140700000,0.33597,0.33597,0.33579,0.33581,9749
1788141600000,0.33581,0.3363,0.33572,0.3363,50271
1788142500000,0.33629,0.33638,0.33585,0.33604,7618
1788143400000,0.33607,0.33607,0.33586,0.33588,7956
1788144300000,0.33586,0.33589,0.33574,0.33577,42517
1788145200000,0.33581,0.3362,0.33581,0.3362,44115
1788146100000,0.33619,0.3364,0.33599,0.33635,58155
1788147000000,0.33635,0.33636,0.33598,0.33611,33051
1788147900000,0.33612,0.33622,0.33608,0.33612,36325
1788148800000,0.33615,0.33666,0.33613,0.33662,200324
1788149700000,0.33664,0.33666,0.33641,0.33642,4818
1788150600000,0.33643,0.33674,0.33643,0.33674,14672
1788151500000,0.3366,0.3366,0.33632,0.33634,26839
1788152400000,0.3362,0.33629,0.33613,0.33621,11510
1788153300000,0.3362,0.3367,0.33615,0.33653,19077
1788154200000,0.33655,0.33692,0.33654,0.33692,18938
1788155100000,0.33679,0.33679,0.33647,0.33651,13819
1788156000000,0.33644,0.33663,0.33639,0.3364,88171
1788156900000,0.33642,0.33651,0.33641,0.33646,12401
1788157800000,0.33646,0.33688,0.33646,0.33673,51041
1788158700000,0.33673,0.33695,0.33672,0.33684,87564
1788159600000,0.33692,0.33713,0.3369,0.33703,164924
1788160500000,0.33702,0.33707,0.33686,0.33686,40685
1788161400000,0.33682,0.33682,0.33662,0.3367,25765
1788162300000,0.33674,0.33677,0.33668,0.33677,3373
1788163200000,0.33676,0.33676,0.33642,0.33644,30332
1788164100000,0.33645,0.33645,0.33616,0.33627,20371
1788165000000,0.3363,0.33654,0.3363,0.33639,469775
1788165900000,0.33635,0.33636,0.33599,0.33617,393215
1788166800000,0.33618,0.33641,0.33593,0.33621,826388
1788167700000,0.33615,0.33615,0.33555,0.33561,485507
1788168600000,0.3356,0.3356,0.33488,0.33506,1124397
1788169500000,0.33505,0.33507,0.33434,0.33434,453974
1788170400000,0.33434,0.3347,0.33389,0.33465,586909
1788171300000,0.33465,0.33543,0.3344,0.33541,183818
1788172200000,0.3354,0.33581,0.3354,0.33555,71989
1788173100000,0.33555,0.33573,0.33504,0.33531,57510
1788174000000,0.33529,0.33529,0.33457,0.33478,105882
1788174900000,0.3348,0.33484,0.33447,0.33463,81363
1788175800000,0.33463,0.33475,0.33445,0.33463,73407
1788176700000,0.33463,0.33464,0.33404,0.33408,76400
1788177600000,0.33408,0.33469,0.33402,0.33468,83272
1788178500000,0.33469,0.33469,0.33432,0.33447,76514
1788179400000,0.33451,0.33474,0.33424,0.33432,70746
1788180300000,0.33432,0.33432,0.33413,0.33421,42482
1788181200000,0.33421,0.33423,0.33397,0.33414,103653
1788182100000,0.33415,0.33417,0.33396,0.33402,109788
1788183000000,0.33403,0.33403,0.33291,0.33299,303686
1788183900000,0.33298,0.33307,0.33153,0.33178,646276
1788184800000,0.33164,0.33263,0.33125,0.33253,238950
1788185700000,0.33244,0.33278,0.33215,0.33223,282657
1788186600000,0.33223,0.33325,0.33223,0.33308,230994
1788187500000,0.33308,0.33308,0.33248,0.33269,103908
1788188400000,0.33251,0.33266,0.33229,0.33234,47357
1788189300000,0.33235,0.33256,0.33222,0.33222,57728
1788190200000,0.3322,0.33291,0.33194,0.33262,102387
1788191100000,0.3327,0.3327,0.33223,0.33258,48717
1788192000000,0.33255,0.333,0.33236,0.33262,148413
1788192900000,0.33247,0.33281,0.33247,0.33279,80996
1788193800000,0.33285,0.333,0.33258,0.33295,61036
1788194700000,0.33297,0.33315,0.33281,0.3329,64856
1788195600000,0.33287,0.33289,0.33262,0.33289,69740
1788196500000,0.33289,0.33301,0.33264,0.33274,72689
1788197400000,0.33278,0.3333,0.33277,0.33325,46884
1788198300000,0.33326,0.33338,0.33305,0.33307,41825
1788199200000,0.33298,0.33302,0.33285,0.33302,48461
1788200100000,0.33308,0.33351,0.33308,0.33331,50984
1788201000000,0.33331,0.33383,0.33328,0.33382,69198
1788201900000,0.33382,0.33383,0.33325,0.3334,53741
1788202800000,0.3334,0.33358,0.33322,0.33344,109027
1788203700000,0.33346,0.33357,0.33328,0.33342,49991
1788204600000,0.33334,0.33335,0.33315,0.33322,55163
1788205500000,0.3334,0.3334,0.33314,0.33316,36668
1788206400000,0.33312,0.3332,0.33305,0.33319,47201
1788207300000,0.33319,0.33324,0.333,0.33303,49449
1788208200000,0.33301,0.33313,0.33282,0.33282,50276
1788209100000,0.33283,0.33287,0.33273,0.33275,68091
1788210000000,0.33277,0.33285,0.33264,0.33267,40298
1788210900000,0.33266,0.33275,0.33256,0.33271,37285
1788211800000,0.33281,0.33305,0.33272,0.33292,57907
1788212700000,0.33292,0.33292,0.33266,0.33266,42692
1788213600000,0.33266,0.33266,0.33248,0.33248,58167
1788214500000,0.33248,0.33248,0.3321,0.33225,259273
1788215400000,0.33225,0.33225,0.33209,0.33209,53930
1788216300000,0.33207,0.33208,0.33203,0.33205,54386
1788217200000,0.33205,0.33215,0.3319,0.33202,93588
1788218100000,0.332,0.33215,0.33193,0.33193,67495
1788219000000,0.33193,0.332,0.33186,0.33198,33417
1788219900000,0.33197,0.33218,0.33192,0.33199,7846
1788220800000,0.33202,0.33202,0.33179,0.33196,279583
1788221700000,0.33196,0.33199,0.33179,0.33183,71514
1788222600000,0.33183,0.33183,0.33149,0.33149,65817
1788223500000,0.33149,0.33183,0.33149,0.33169,57984
1788224400000,0.33167,0.33176,0.33147,0.33148,148713
1788225300000,0.33148,0.33198,0.33148,0.33184,216545
1788226200000,0.33185,0.33202,0.33146,0.33171,209158
1788227100000,0.33163,0.33163,0.33138,0.33138,154328
1788228000000,0.33139,0.33143,0.33125,0.33128,26488
1788228900000,0.33128,0.33192,0.33127,0.33159,28119
1788229800000,0.3316,0.33202,0.3316,0.33178,48348
1788230700000,0.33178,0.33204,0.33,0.33144,4864622
1788231600000,0.33145,0.33173,0.33145,0.33162,54182
1788232500000,0.3316,0.33165,0.33154,0.33164,28947
1788233400000,0.33165,0.33183,0.33165,0.33183,54338
1788234300000,0.33182,0.33182,0.33168,0.33169,34750
1788235200000,0.33169,0.33181,0.33,0.33072,4410001
1788236100000,0.33077,0.33123,0.33076,0.33111,235055
1788237000000,0.33105,0.3312,0.33095,0.33096,87688
1788237900000,0.33096,0.33115,0.33092,0.33111,129744
1788238800000,0.33109,0.33122,0.3309,0.33093,80307
1788239700000,0.33093,0.33102,0.33088,0.33095,28415
1788240600000,0.33096,0.33134,0.33094,0.33117,228975
1788241500000,0.33116,0.33117,0.331,0.331,75730
1788242400000,0.33097,0.33123,0.33092,0.33116,246322
1788243300000,0.33111,0.33111,0.33083,0.331,132151
1788244200000,0.331,0.33101,0.33083,0.33089,71471
1788245100000,0.331,0.33104,0.33089,0.331,197719
1788246000000,0.33099,0.33099,0.33086,0.33092,52894
1788246900000,0.33092,0.33095,0.33091,0.33094,48373
1788247800000,0.33094,0.33096,0.33084,0.33089,61078
1788248700000,0.33089,0.33128,0.33089,0.33128,48064
1788249600000,0.33128,0.33128,0.33091,0.33095,326891
1788250500000,0.33095,0.33096,0.3304,0.33043,230491
1788251400000,0.33043,0.33043,0.32959,0.32975,1528542
1788252300000,0.32976,0.32982,0.32944,0.32953,101039
1788253200000,0.32953,0.33003,0.32943,0.3295,662357
1788254100000,0.32957,0.32976,0.32957,0.32963,90081
1788255000000,0.32963,0.32963,0.32904,0.32904,127849
1788255900000,0.32912,0.32914,0.32876,0.32892,150319
1788256800000,0.32891,0.32892,0.32824,0.32828,2307968
1788257700000,0.32827,0.32827,0.32712,0.32752,1230996
1788258600000,0.32751,0.32833,0.32745,0.32813,279675
1788259500000,0.32798,0.32814,0.32759,0.32759,134482
1788260400000,0.32759,0.32801,0.32726,0.32796,186788
1788261300000,0.32794,0.32888,0.32793,0.32865,132036
1788262200000,0.32867,0.3288,0.32832,0.32835,102908
1788263100000,0.32834,0.32867,0.32798,0.32827,452821
1788264000000,0.32824,0.32826,0.32705,0.32713,260641
1788264900000,0.32731,0.32735,0.32356,0.3253,9715297
1788265800000,0.32531,0.32697,0.32448,0.32569,5106746
1788266700000,0.32551,0.32593,0.32531,0.32566,189096
1788267600000,0.32567,0.32605,0.32557,0.3259,247202
1788268500000,0.3259,0.326,0.3257,0.3257,232718
1788269400000,0.3257,0.32587,0.32542,0.32545,426400
1788270300000,0.32547,0.32571,0.32537,0.32538,194473
1788271200000,0.32548,0.32548,0.32474,0.32476,868574
1788272100000,0.3248,0.32518,0.32457,0.32457,704339
1788273000000,0.32464,0.32488,0.3245,0.32471,402956
1788273900000,0.32467,0.32471,0.32433,0.32451,220705
1788274800000,0.32454,0.32464,0.32394,0.32441,2387644
1788275700000,0.32437,0.32501,0.32419,0.32435,971965
1788276600000,0.32449,0.32475,0.32308,0.32362,640792
1788277500000,0.32363,0.32366,0.32329,0.32365,96653
1788278400000,0.32372,0.32403,0.32339,0.32371,664632
1788279300000,0.32366,0.32368,0.3232,0.32328,395886
1788280200000,0.32332,0.32336,0.3222,0.32221,870922
1788281100000,0.32234,0.32317,0.32234,0.32242,110489
1788282000000,0.32249,0.32262,0.32184,0.3219,254050
1788282900000,0.32186,0.32224,0.32172,0.32192,206112
1788283800000,0.32192,0.3221,0.32178,0.32198,87775
1788284700000,0.32199,0.32199,0.3216,0.3216,152006
1788285600000,0.3216,0.32181,0.32137,0.32152,176616
1788286500000,0.32139,0.32212,0.32124,0.32138,88157
1788287400000,0.32139,0.32141,0.32113,0.32118,83572
1788288300000,0.32111,0.32161,0.321,0.3215,38597
1788289200000,0.32158,0.32176,0.32149,0.32151,95861
1788290100000,0.32155,0.32275,0.32155,0.32254,493478
1788291000000,0.32269,0.32501,0.32229,0.32363,8235150
1788291900000,0.32363,0.32363,0.32331,0.32341,237661
1788292800000,0.32341,0.32356,0.32283,0.32301,698586
1788293700000,0.32303,0.32304,0.3226,0.32263,248558
1788294600000,0.32265,0.32273,0.32244,0.32263,219328
1788295500000,0.32263,0.32283,0.32243,0.32267,364540
1788296400000,0.32267,0.32274,0.32236,0.32257,632053
1788297300000,0.32257,0.32262,0.32232,0.32253,132507
1788298200000,0.32253,0.32262,0.32239,0.32239,87487
1788299100000,0.32239,0.32258,0.32239,0.32258,104958
1788300000000,0.32256,0.32256,0.32199,0.32226,260587
1788300900000,0.32226,0.32233,0.32181,0.32199,851300
1788301800000,0.32201,0.32224,0.32195,0.32197,299738
1788302700000,0.32198,0.32228,0.32198,0.32214,44908
1788303600000,0.32216,0.3222,0.3217,0.32181,104191
1788304500000,0.32178,0.32212,0.32175,0.32193,97132
1788305400000,0.32191,0.32198,0.32183,0.32184,41944
1788306300000,0.32186,0.32196,0.32171,0.32175,109243
1788307200000,0.32175,0.32203,0.3217,0.32181,414197
1788308100000,0.32182,0.32222,0.32163,0.32163,159689
1788309000000,0.32163,0.32189,0.32142,0.32156,119703
1788309900000,0.32154,0.32154,0.32126,0.32132,87555
1788310800000,0.32133,0.32169,0.32131,0.32169,82626
1788311700000,0.32168,0.32213,0.32167,0.32175,223558
1788312600000,0.32176,0.32183,0.32141,0.32143,87658
1788313500000,0.32143,0.32145,0.32111,0.32124,74004
1788314400000,0.32124,0.32136,0.321,0.32123,24545
1788315300000,0.32123,0.32174,0.32123,0.32165,3987
1788316200000,0.32166,0.32166,0.32133,0.32133,84456
1788317100000,0.32133,0.3217,0.32132,0.3217,55297
1788318000000,0.32168,0.32171,0.32159,0.3216,57148
1788318900000,0.32162,0.32173,0.32156,0.32171,15563
1788319800000,0.32161,0.32161,0.32129,0.32143,168421
1788320700000,0.32143,0.32152,0.32129,0.32152,62340
1788321600000,0.32143,0.3217,0.32142,0.32165,52929
1788322500000,0.32165,0.32166,0.32146,0.32156,17687
1788323400000,0.32154,0.32187,0.32152,0.32172,130733
1788324300000,0.32172,0.32174,0.32161,0.3217,19929
1788325200000,0.32167,0.32172,0.32152,0.32172,71737
1788326100000,0.32172,0.32244,0.32172,0.32231,343215
1788327000000,0.32229,0.3226,0.32218,0.32255,146927
1788327900000,0.32255,0.32265,0.32233,0.32236,49337
1788328800000,0.32231,0.3227,0.32223,0.32228,93096
1788329700000,0.32224,0.32263,0.32224,0.32263,514209
1788330600000,0.32252,0.32267,0.32247,0.32255,46950
1788331500000,0.32248,0.3229,0.32247,0.32277,95044
1788332400000,0.32276,0.32312,0.32253,0.32253,912101
1788333300000,0.32251,0.32268,0.32225,0.32225,420571
1788334200000,0.32225,0.32309,0.32225,0.32309,270735
1788335100000,0.32303,0.32337,0.32253,0.32262,133547
1788336000000,0.32254,0.32296,0.32215,0.32294,316178
1788336900000,0.32294,0.323,0.32266,0.32268,230210
1788337800000,0.32266,0.32266,0.32212,0.32232,278027
1788338700000,0.32231,0.32265,0.32224,0.32235,469454
1788339600000,0.32236,0.32274,0.32235,0.32274,122427
1788340500000,0.32272,0.32281,0.32255,0.32275,26871
1788341400000,0.32267,0.32268,0.32201,0.32202,34530
1788342300000,0.32202,0.32241,0.3218,0.32239,12179
1788343200000,0.32239,0.32254,0.32211,0.32244,29360
1788344100000,0.32247,0.32262,0.32245,0.32256,21356
1788345000000,0.32242,0.3226,0.32227,0.32227,3627
1788345900000,0.32233,0.32257,0.32201,0.32256,88869
1788346800000,0.32256,0.32263,0.32238,0.32255,87359
1788347700000,0.32263,0.32268,0.32219,0.32236,21010
1788348600000,0.32234,0.3226,0.32227,0.32253,1655
1788349500000,0.32254,0.32267,0.32234,0.32266,16721
1788350400000,0.32267,0.32284,0.32257,0.32284,83920
1788351300000,0.32284,0.32447,0.32284,0.3242,617106
1788352200000,0.32423,0.3244,0.3239,0.3239,418471
1788353100000,0.32399,0.3241,0.32313,0.32319,240665
1788354000000,0.32341,0.32364,0.32329,0.32329,18923
1788354900000,0.3233,0.32387,0.32329,0.32377,11183
1788355800000,0.3236,0.3246,0.3236,0.32459,216582
1788356700000,0.3246,0.32471,0.32438,0.32458,114540
1788357600000,0.32453,0.32532,0.32452,0.32512,346913
1788358500000,0.32514,0.32537,0.325,0.325,43646
1788359400000,0.32469,0.32469,0.32419,0.32465,78304
1788360300000,0.32464,0.32483,0.32463,0.32468,33202
1788361200000,0.32465,0.32465,0.32392,0.32395,23419
1788362100000,0.32406,0.32421,0.32355,0.32368,25068
1788363000000,0.32368,0.32403,0.32368,0.32393,5832
1788363900000,0.3239,0.32392,0.32364,0.32391,30154
1788364800000,0.32391,0.32398,0.32365,0.3238,266280
1788365700000,0.32377,0.32387,0.32362,0.32362,145724
1788366600000,0.32363,0.32363,0.32326,0.32327,196828
1788367500000,0.32327,0.32352,0.32325,0.32328,40142
1788368400000,0.3233,0.32361,0.32327,0.32338,333412
1788369300000,0.32339,0.32358,0.32312,0.32354,335762
1788370200000,0.3236,0.3236,0.3234,0.32347,28407
1788371100000,0.32346,0.32363,0.32344,0.3235,37749
1788372000000,0.32347,0.32403,0.32339,0.32395,316728
1788372900000,0.32392,0.32409,0.32383,0.32409,38984
1788373800000,0.3241,0.32418,0.32401,0.32415,11171
1788374700000,0.32416,0.32469,0.32416,0.32459,6402
1788375600000,0.3246,0.32473,0.32449,0.32464,99316
1788376500000,0.32466,0.32472,0.32434,0.32434,128376
1788377400000,0.32434,0.32463,0.32423,0.32444,90591
1788378300000,0.32445,0.32451,0.32391,0.32408,155743
1788379200000,0.32408,0.32436,0.324,0.32415,39301
1788380100000,0.32413,0.3242,0.32402,0.32418,20008
1788381000000,0.32418,0.32423,0.3239,0.32395,4328
1788381900000,0.32396,0.32434,0.32396,0.32434,5749
1788382800000,0.32436,0.32444,0.32423,0.32443,6028
1788383700000,0.32438,0.3245,0.32431,0.32435,11346
1788384600000,0.3243,0.3245,0.3243,0.32442,16848
1788385500000,0.3245,0.32459,0.32437,0.32438,518321
1788386400000,0.32439,0.32443,0.32421,0.32443,111977
1788387300000,0.32446,0.32446,0.3242,0.32425,37332
1788388200000,0.32425,0.3245,0.32407,0.32443,179801
1788389100000,0.32443,0.3246,0.32443,0.3246,25364
1788390000000,0.3246,0.32492,0.32452,0.32481,121739
1788390900000,0.32488,0.32497,0.32478,0.32483,62342
1788391800000,0.32482,0.3249,0.32477,0.32482,36750
1788392700000,0.32489,0.325,0.32489,0.32497,64451
1788393600000,0.3249,0.32496,0.32456,0.32463,41647
1788394500000,0.32463,0.32463,0.32439,0.32439,35483
1788395400000,0.32438,0.32467,0.3243,0.32443,175374
1788396300000,0.32443,0.32478,0.32443,0.32467,13142
1788397200000,0.32466,0.32492,0.32442,0.32488,40913
1788398100000,0.32488,0.32493,0.32446,0.3247,16799
1788399000000,0.32492,0.32492,0.32474,0.32479,9866
1788399900000,0.32472,0.32472,0.32456,0.32458,18710
1788400800000,0.32459,0.32483,0.32459,0.32477,20103
1788401700000,0.32483,0.32493,0.32478,0.32493,14880
1788402600000,0.32496,0.32513,0.32495,0.3251,255153
1788403500000,0.32511,0.32525,0.32507,0.32517,37187
1788404400000,0.32519,0.32535,0.32517,0.32535,6614
1788405300000,0.32544,0.32548,0.32537,0.32545,21046
1788406200000,0.32546,0.32562,0.32545,0.3255,97604
1788407100000,0.32545,0.32582,0.32545,0.32578,240960
1788408000000,0.32592,0.326,0.32574,0.32574,182946
1788408900000,0.32572,0.326,0.32571,0.32584,81044
1788409800000,0.32584,0.32594,0.32583,0.32589,13266
1788410700000,0.32586,0.32604,0.32586,0.32595,77161
1788411600000,0.32595,0.32599,0.32562,0.32563,29427
1788412500000,0.3256,0.32561,0.32524,0.32526,36609
1788413400000,0.32529,0.32593,0.32529,0.32592,11436
1788414300000,0.32595,0.3262,0.32594,0.32614,12579
1788415200000,0.32608,0.3262,0.32608,0.3262,17457
1788416100000,0.3262,0.32637,0.32619,0.32621,13514
1788417000000,0.3262,0.3262,0.32608,0.3262,20054
1788417900000,0.3262,0.32632,0.32613,0.32613,8451
1788418800000,0.32614,0.32641,0.32606,0.32639,52028
1788419700000,0.32639,0.32639,0.32581,0.32603,45078
1788420600000,0.32603,0.32624,0.32592,0.32608,54799
1788421500000,0.32608,0.32609,0.32586,0.32594,54339
1788422400000,0.32594,0.3263,0.32588,0.32603,52315
1788423300000,0.32602,0.32622,0.32602,0.32621,18673
1788424200000,0.32623,0.32628,0.32614,0.32628,77851
1788425100000,0.3263,0.32637,0.32628,0.32631,72904
1788426000000,0.32632,0.32665,0.32631,0.32661,422191
1788426900000,0.32662,0.327,0.32662,0.32691,815176
1788427800000,0.32692,0.32712,0.32691,0.32701,191527
1788428700000,0.32701,0.32734,0.32701,0.32717,409027
1788429600000,0.32717,0.32726,0.327,0.32715,143340
1788430500000,0.32729,0.32753,0.32727,0.3275,139844
1788431400000,0.32745,0.32755,0.32738,0.32751,148627
1788432300000,0.3275,0.3283,0.3275,0.32816,423751
1788433200000,0.32818,0.32838,0.32797,0.32799,287194
1788434100000,0.32798,0.32815,0.32754,0.32755,47023
1788435000000,0.32757,0.3278,0.32746,0.32771,39637
1788435900000,0.32769,0.32773,0.32763,0.32767,78444
1788436800000,0.32766,0.32782,0.32747,0.32761,105522
1788437700000,0.3276,0.32777,0.32752,0.32761,95713
1788438600000,0.32759,0.32777,0.32753,0.32753,17420
1788439500000,0.32755,0.32813,0.32755,0.32775,101036
1788440400000,0.32775,0.3281,0.3277,0.32809,80081
1788441300000,0.32808,0.32846,0.32805,0.32806,226521
1788442200000,0.32806,0.32898,0.32795,0.32878,163316
1788443100000,0.32885,0.32905,0.32857,0.32883,265521
1788444000000,0.32883,0.32889,0.32852,0.32882,218157
1788444900000,0.32881,0.32899,0.32872,0.32886,158738
1788445800000,0.32893,0.32937,0.32882,0.32931,598258
1788446700000,0.32932,0.32973,0.32932,0.32971,153963
1788447600000,0.32971,0.33022,0.32967,0.32978,229963
1788448500000,0.32978,0.33026,0.32966,0.32997,108204
1788449400000,0.32997,0.33186,0.32997,0.33125,446156
1788450300000,0.33107,0.33151,0.33095,0.33145,375167
1788451200000,0.33152,0.33189,0.33125,0.3315,630745
1788452100000,0.3315,0.33176,0.33124,0.33159,311960
1788453000000,0.3317,0.33187,0.33162,0.33177,38175
1788453900000,0.33176,0.33195,0.33167,0.33188,26744
1788454800000,0.33188,0.33188,0.33138,0.33143,49329
1788455700000,0.33142,0.33156,0.33126,0.33145,144119
1788456600000,0.33143,0.33154,0.33126,0.33127,110065
1788457500000,0.33124,0.3315,0.33111,0.3314,68399
1788458400000,0.33133,0.33133,0.33112,0.33118,73342
1788459300000,0.33116,0.33116,0.33065,0.33065,210436
1788460200000,0.33065,0.33075,0.33064,0.33067,31606
1788461100000,0.33067,0.33116,0.33062,0.33106,135915
1788462000000,0.33104,0.33116,0.33093,0.33096,30835
1788462900000,0.33095,0.33156,0.33087,0.33131,403204
1788463800000,0.33131,0.33143,0.33118,0.33126,60865
1788464700000,0.33125,0.33134,0.33071,0.33113,857136
1788465600000,0.33113,0.33166,0.33083,0.33164,65655
1788466500000,0.33169,0.33179,0.33149,0.33162,122771
1788467400000,0.33161,0.33165,0.33138,0.33165,80525
1788468300000,0.33165,0.33173,0.33165,0.33171,26807
1788469200000,0.33171,0.33179,0.33164,0.33177,44784
1788470100000,0.33176,0.33177,0.33118,0.33131,50581
1788471000000,0.33136,0.33143,0.33098,0.33098,122393
1788471900000,0.33095,0.33123,0.33095,0.33108,1293
1788472800000,0.33102,0.33102,0.33088,0.33094,10111
1788473700000,0.33095,0.331,0.33045,0.33049,186420
1788474600000,0.33044,0.3307,0.33026,0.33031,187651
1788475500000,0.3303,0.33041,0.3303,0.33034,13302
1788476400000,0.33034,0.33037,0.3303,0.33037,16162
1788477300000,0.33038,0.3304,0.33022,0.33034,99046
1788478200000,0.33036,0.33064,0.33035,0.33051,96011
1788479100000,0.33052,0.33052,0.33039,0.33043,53227
1788480000000,0.33043,0.33048,0.33014,0.33015,77820
1788480900000,0.33015,0.33023,0.32976,0.32999,399478
1788481800000,0.32999,0.33033,0.32988,0.32998,95247
1788482700000,0.32998,0.32998,0.32962,0.32964,32468
1788483600000,0.32966,0.32998,0.32966,0.3298,17684
1788484500000,0.32979,0.3298,0.32964,0.32969,38340
1788485400000,0.32969,0.32983,0.32967,0.32978,111428
1788486300000,0.32978,0.32989,0.32974,0.32977,43638
1788487200000,0.32968,0.32981,0.32927,0.32932,49462
1788488100000,0.32933,0.3294,0.32904,0.32926,71192
1788489000000,0.32926,0.32928,0.32915,0.32925,69042
1788489900000,0.32925,0.32925,0.32909,0.32917,30880
1788490800000,0.32917,0.32938,0.32899,0.32904,65973
1788491700000,0.32904,0.32936,0.32903,0.32936,13706
1788492600000,0.32936,0.32944,0.32923,0.32924,14540
1788493500000,0.32924,0.32926,0.32898,0.32898,14310
1788494400000,0.32899,0.329,0.3286,0.3286,36157
1788495300000,0.3286,0.32877,0.3286,0.32873,30016
1788496200000,0.32875,0.32902,0.32858,0.3287,119973
1788497100000,0.3287,0.32871,0.32864,0.32868,17144
1788498000000,0.32868,0.32868,0.32853,0.32861,24992
1788498900000,0.32861,0.32861,0.32828,0.3285,306286
1788499800000,0.3285,0.3285,0.32823,0.32825,71873
1788500700000,0.32825,0.32827,0.32815,0.32827,69866
1788501600000,0.32826,0.32827,0.32803,0.32823,75377
1788502500000,0.32822,0.32822,0.32771,0.32784,494984
1788503400000,0.32787,0.32787,0.32764,0.32767,45837
1788504300000,0.32768,0.32821,0.32743,0.3279,1683569
1788505200000,0.32788,0.32826,0.32771,0.32784,492059
1788506100000,0.32781,0.32782,0.32747,0.32747,32326
1788507000000,0.32748,0.32793,0.32743,0.32772,27108
1788507900000,0.32771,0.32771,0.32746,0.32753,17250
1788508800000,0.32763,0.32766,0.32736,0.32737,224852
1788509700000,0.32736,0.32758,0.32735,0.32754,26830
1788510600000,0.32767,0.3278,0.32752,0.32753,22041
1788511500000,0.32752,0.32819,0.32745,0.32812,98820
1788512400000,0.32813,0.32848,0.32808,0.32808,163219
1788513300000,0.32806,0.32832,0.3278,0.32782,267982
1788514200000,0.32782,0.32796,0.32762,0.32796,123751
1788515100000,0.32795,0.32795,0.32751,0.32773,85691
1788516000000,0.32773,0.32784,0.32769,0.32769,69722
1788516900000,0.32769,0.32775,0.32763,0.32775,22804
1788517800000,0.32774,0.32832,0.32774,0.32832,81519
1788518700000,0.32832,0.32836,0.32832,0.32835,6285
1788519600000,0.32835,0.32848,0.32822,0.32848,23089
1788520500000,0.32858,0.32889,0.32858,0.32886,63010
1788521400000,0.32887,0.32956,0.32871,0.32956,498637
1788522300000,0.32953,0.32956,0.32947,0.32955,17777
1788523200000,0.32954,0.32957,0.32928,0.32957,53917
1788524100000,0.32957,0.32966,0.32929,0.32941,132191
1788525000000,0.32926,0.32926,0.32772,0.32788,534219
1788525900000,0.32792,0.32833,0.3273,0.32824,44959
1788526800000,0.32828,0.32875,0.32824,0.3286,212291
1788527700000,0.32863,0.32917,0.32863,0.32903,83465
1788528600000,0.32909,0.32951,0.32902,0.32929,107781
1788529500000,0.3293,0.32982,0.3293,0.32972,289433
1788530400000,0.32971,0.32972,0.32906,0.32906,23006
1788531300000,0.32906,0.32911,0.3287,0.32895,16877
1788532200000,0.32895,0.32912,0.32891,0.32896,14520
1788533100000,0.32907,0.3292,0.32877,0.3292,6185
1788534000000,0.32918,0.3301,0.32912,0.32953,30983
1788534900000,0.32952,0.32964,0.3293,0.32943,29775
1788535800000,0.32951,0.33014,0.3295,0.33013,10637
1788536700000,0.33013,0.33017,0.33004,0.33014,32663
1788537600000,0.33021,0.33023,0.33004,0.33022,56549
1788538500000,0.33023,0.33031,0.3302,0.33026,45422
1788539400000,0.33025,0.33058,0.33025,0.33058,4105
1788540300000,0.33058,0.3306,0.33054,0.33054,9559
1788541200000,0.33054,0.33062,0.33054,0.33058,34052
1788542100000,0.33059,0.33075,0.33054,0.33074,56855
1788543000000,0.33073,0.33079,0.33072,0.33074,15903
1788543900000,0.33073,0.33084,0.33072,0.33084,60314
1788544800000,0.33085,0.33121,0.33085,0.3312,81445
1788545700000,0.33121,0.33154,0.33121,0.33147,251669
1788546600000,0.33147,0.33176,0.33147,0.33176,17535
1788547500000,0.33175,0.33184,0.33171,0.33182,21666
1788548400000,0.33181,0.33189,0.33181,0.33188,29988
1788549300000,0.33189,0.3319,0.33172,0.33183,12545
1788550200000,0.33182,0.33183,0.33159,0.33159,12352
1788551100000,0.33161,0.33163,0.3315,0.33163,12116
1788552000000,0.33173,0.33173,0.33128,0.33129,26814
1788552900000,0.33129,0.33146,0.33126,0.3313,5027
1788553800000,0.33132,0.33137,0.33121,0.33133,3540
1788554700000,0.33133,0.33157,0.33133,0.33136,10461
1788555600000,0.33135,0.3314,0.33121,0.3313,2170
1788556500000,0.33131,0.33135,0.33122,0.33124,24034
1788557400000,0.33127,0.33139,0.33122,0.33124,2140
1788558300000,0.33115,0.33122,0.33106,0.33119,13939
1788559200000,0.33119,0.33138,0.33119,0.33137,13264
1788560100000,0.33139,0.3315,0.33138,0.33146,13225
1788561000000,0.33147,0.33156,0.33144,0.33156,14035
1788561900000,0.33158,0.33168,0.33125,0.33168,103721
1788562800000,0.33147,0.33155,0.33116,0.33128,36113
1788563700000,0.33127,0.33131,0.33104,0.33104,90140
1788564600000,0.33105,0.33126,0.3309,0.33099,73105
1788565500000,0.33107,0.3313,0.33102,0.33121,81623
1788566400000,0.33115,0.33144,0.33111,0.33143,82661
1788567300000,0.33142,0.33156,0.33137,0.33137,30131
1788568200000,0.33136,0.33152,0.33136,0.33152,52709
1788569100000,0.33151,0.33157,0.33147,0.33147,13394
1788570000000,0.33146,0.33158,0.33146,0.33157,9331
1788570900000,0.33157,0.33162,0.33148,0.33149,3896
1788571800000,0.3315,0.33166,0.3315,0.33161,6322
1788572700000,0.3316,0.3317,0.33153,0.33168,32573
1788573600000,0.33169,0.33195,0.33169,0.33192,45278
1788574500000,0.33191,0.33191,0.33165,0.33166,5219
1788575400000,0.33166,0.33181,0.3316,0.33161,5417
1788576300000,0.33161,0.33161,0.33124,0.33128,19038
1788577200000,0.33136,0.33175,0.33136,0.33169,72487
1788578100000,0.33169,0.3317,0.33157,0.3317,7078
1788579000000,0.33172,0.33176,0.33172,0.33176,5717
1788579900000,0.33176,0.33187,0.33176,0.33186,2849
1788580800000,0.33187,0.33192,0.33171,0.33172,13985
1788581700000,0.33172,0.33172,0.3317,0.3317,2678
1788582600000,0.33169,0.33169,0.33146,0.33151,20389
1788583500000,0.33157,0.33166,0.33157,0.33165,3396
1788584400000,0.33165,0.33171,0.33147,0.33171,17709
1788585300000,0.33171,0.33181,0.3317,0.33181,5195
1788586200000,0.33186,0.33186,0.3316,0.33176,8278
1788587100000,0.33172,0.33184,0.33167,0.33183,3896
1788588000000,0.33183,0.33186,0.33182,0.33186,6016
1788588900000,0.33186,0.33186,0.33185,0.33186,9315
1788589800000,0.33186,0.33267,0.33185,0.33264,135262
1788590700000,0.33263,0.33264,0.33263,0.33264,2838
1788591600000,0.33264,0.33326,0.33264,0.33297,393245
1788592500000,0.33297,0.33297,0.33246,0.33247,74522
1788593400000,0.33246,0.3325,0.33241,0.33241,52436
1788594300000,0.33242,0.33259,0.33241,0.33259,5538
1788595200000,0.33259,0.33279,0.33239,0.33269,41302
1788596100000,0.33265,0.3328,0.33245,0.3328,20866
1788597000000,0.33279,0.33279,0.33269,0.33276,47297
1788597900000,0.33276,0.33277,0.33269,0.3327,178452
1788598800000,0.33273,0.33291,0.33273,0.3329,156139
1788599700000,0.3329,0.33311,0.3329,0.33297,319857
1788600600000,0.33298,0.33298,0.33058,0.33139,5793282
1788601500000,0.33143,0.332,0.33142,0.332,158359
1788602400000,0.33201,0.33216,0.33183,0.33215,98049
1788603300000,0.33216,0.33245,0.33215,0.33245,97217
1788604200000,0.33244,0.33277,0.33244,0.3327,43878
1788605100000,0.33263,0.33268,0.3325,0.33251,106770
1788606000000,0.3325,0.33256,0.33249,0.33252,9861
1788606900000,0.33256,0.33266,0.33255,0.33265,14652
1788607800000,0.33265,0.33289,0.33265,0.33288,30889
1788608700000,0.33288,0.33299,0.33281,0.33298,65801
1788609600000,0.33298,0.3331,0.33295,0.33295,181433
1788610500000,0.33295,0.33296,0.33253,0.3326,58040
1788611400000,0.3326,0.33291,0.33253,0.33291,72976
1788612300000,0.33291,0.33297,0.33291,0.33291,31936
1788613200000,0.33292,0.33299,0.33282,0.33298,44900
1788614100000,0.33297,0.33298,0.33278,0.3329,30893
1788615000000,0.33289,0.33311,0.33288,0.33296,37374
1788615900000,0.33298,0.33311,0.33294,0.33301,33860
1788616800000,0.33301,0.33313,0.33292,0.33296,34026
1788617700000,0.33296,0.33296,0.33283,0.33285,45141
1788618600000,0.33273,0.33304,0.33269,0.3328,97032
1788619500000,0.3328,0.33295,0.33276,0.33295,36954
1788620400000,0.33293,0.33314,0.33288,0.3331,364971
1788621300000,0.33309,0.33349,0.33305,0.3334,160849
1788622200000,0.3334,0.33374,0.3334,0.33367,79712
1788623100000,0.33367,0.33418,0.33358,0.33418,83930
1788624000000,0.33417,0.33417,0.3338,0.33382,40157
1788624900000,0.33384,0.33429,0.33384,0.33422,31406
1788625800000,0.33422,0.33433,0.33422,0.33433,37423
1788626700000,0.33433,0.33455,0.33421,0.33445,99292
1788627600000,0.33445,0.33445,0.33418,0.33422,87973
1788628500000,0.33423,0.33423,0.33373,0.33392,46494
1788629400000,0.33397,0.334,0.33395,0.33399,30631
1788630300000,0.33399,0.33404,0.33398,0.33401,33553
1788631200000,0.33401,0.33403,0.33395,0.33402,41597
1788632100000,0.33404,0.33413,0.33399,0.33401,56168
1788633000000,0.334,0.33405,0.33394,0.33404,120955
1788633900000,0.33404,0.33418,0.33402,0.33416,33585
1788634800000,0.33416,0.33416,0.33406,0.33414,43264
1788635700000,0.33414,0.33414,0.33372,0.33372,37756
1788636600000,0.33371,0.334,0.33369,0.33388,76063
1788637500000,0.33389,0.33394,0.33376,0.33391,41006
1788638400000,0.33391,0.33414,0.33377,0.33409,42496
1788639300000,0.33408,0.33412,0.33387,0.33387,34242
1788640200000,0.33387,0.3343,0.33386,0.3343,33645
1788641100000,0.33437,0.33441,0.3343,0.3344,1481
1788642000000,0.33437,0.33453,0.33437,0.33448,10683
1788642900000,0.33448,0.33453,0.33447,0.33452,8597
1788643800000,0.33452,0.33457,0.33448,0.33449,43379
1788644700000,0.33448,0.33454,0.33444,0.33449,10365
1788645600000,0.33451,0.33456,0.33405,0.33405,10127
1788646500000,0.33405,0.33405,0.33384,0.33387,206246
1788647400000,0.33387,0.33394,0.33368,0.33372,80944
1788648300000,0.33371,0.33372,0.33361,0.33365,3013
1788649200000,0.33366,0.33401,0.33366,0.33377,47481
1788650100000,0.33376,0.33382,0.33366,0.33367,66743
1788651000000,0.33368,0.33387,0.33362,0.33367,34651
1788651900000,0.33373,0.33373,0.3335,0.33353,65371
1788652800000,0.33354,0.33394,0.33354,0.33393,142207
1788653700000,0.33393,0.33428,0.33393,0.33425,44016
1788654600000,0.33426,0.3343,0.33398,0.33416,58088
1788655500000,0.33417,0.33422,0.33396,0.33402,22141
1788656400000,0.33404,0.33431,0.33404,0.33429,10458
1788657300000,0.33429,0.3343,0.33406,0.33413,11429
1788658200000,0.33403,0.33422,0.33397,0.33397,3006
1788659100000,0.33397,0.33401,0.33382,0.33388,2479
1788660000000,0.33393,0.33401,0.33375,0.33376,12764
1788660900000,0.33371,0.33371,0.3332,0.3332,273948
1788661800000,0.33317,0.33321,0.33317,0.33318,3361
1788662700000,0.33309,0.33309,0.33297,0.33297,3576
1788663600000,0.33297,0.33299,0.33293,0.33294,4670
1788664500000,0.33294,0.33296,0.33283,0.33286,10443
1788665400000,0.33286,0.33286,0.33283,0.33284,4376
1788666300000,0.33283,0.33283,0.33272,0.33272,15347
1788667200000,0.33272,0.33322,0.33272,0.33315,450102
1788668100000,0.33314,0.33315,0.33295,0.33301,45922
1788669000000,0.33301,0.33301,0.33284,0.33286,81593
1788669900000,0.33286,0.33288,0.33261,0.33265,25182
1788670800000,0.33264,0.33316,0.33264,0.33316,80008
1788671700000,0.33317,0.3336,0.33317,0.33359,121411
1788672600000,0.33346,0.3336,0.33322,0.33335,67987
1788673500000,0.33327,0.33332,0.33295,0.33315,70281
1788674400000,0.33317,0.33318,0.33308,0.3331,87943
1788675300000,0.33311,0.33332,0.33309,0.33332,120096
1788676200000,0.33334,0.33348,0.33324,0.33347,115115
1788677100000,0.33348,0.33366,0.33347,0.3335,107042
1788678000000,0.33351,0.33353,0.33324,0.33324,67672
1788678900000,0.33321,0.33323,0.33321,0.33321,8786
1788679800000,0.33322,0.33325,0.33311,0.33313,4816
1788680700000,0.33314,0.33343,0.33313,0.33343,1957
1788681600000,0.33347,0.33349,0.33339,0.33348,17371
1788682500000,0.33348,0.33348,0.33323,0.33324,7330
1788683400000,0.33324,0.33389,0.33324,0.33372,104672
1788684300000,0.33371,0.33376,0.33353,0.33362,250940
1788685200000,0.33361,0.33375,0.33359,0.33366,58349
1788686100000,0.33365,0.3338,0.33358,0.3338,36801
1788687000000,0.33379,0.33393,0.33379,0.33384,11783
1788687900000,0.33379,0.33402,0.33379,0.33402,6312
1788688800000,0.33397,0.33403,0.33397,0.33403,43027
1788689700000,0.33403,0.33405,0.33386,0.33387,119559
1788690600000,0.33385,0.33385,0.33383,0.33384,3077
1788691500000,0.33389,0.33391,0.33388,0.33391,7857
1788692400000,0.33391,0.33394,0.33388,0.33394,11347
1788693300000,0.33394,0.3349,0.33393,0.33487,110459
1788694200000,0.33488,0.33493,0.33483,0.33485,34300
1788695100000,0.33484,0.33506,0.33478,0.33479,6160
1788696000000,0.33479,0.33497,0.33472,0.33495,28742
1788696900000,0.3349,0.33504,0.3349,0.33501,9939
1788697800000,0.33498,0.33509,0.33498,0.33507,8064
1788698700000,0.33507,0.33523,0.33507,0.33522,107130
1788699600000,0.33522,0.33531,0.33522,0.3353,11963
1788700500000,0.3353,0.3354,0.33516,0.33516,46814
1788701400000,0.33512,0.33513,0.33498,0.33498,10674
1788702300000,0.33498,0.335,0.33482,0.33482,22045
1788703200000,0.33489,0.33497,0.33482,0.33483,9677
1788704100000,0.33482,0.33501,0.33475,0.33496,17761
1788705000000,0.33498,0.3351,0.3348,0.335,85477
1788705900000,0.33491,0.33491,0.33459,0.33487,20067
1788706800000,0.33487,0.3349,0.33477,0.3349,9462
1788707700000,0.33497,0.33505,0.33493,0.33498,14203
1788708600000,0.33497,0.33507,0.33497,0.33506,7412
1788709500000,0.33506,0.33507,0.33499,0.33507,5588
1788710400000,0.3351,0.33522,0.33509,0.33522,33186
1788711300000,0.33521,0.33522,0.33521,0.33522,9066
1788712200000,0.33521,0.33522,0.33513,0.33514,20503
1788713100000,0.33513,0.33528,0.33508,0.33513,11530
1788714000000,0.33513,0.33532,0.33505,0.33505,22855
1788714900000,0.33505,0.33512,0.33503,0.33503,21920
1788715800000,0.33498,0.33512,0.33498,0.33512,21394
1788716700000,0.33512,0.33518,0.33512,0.33517,23759
1788717600000,0.33517,0.33522,0.33502,0.3351,23304
1788718500000,0.3351,0.33525,0.33503,0.33503,17470
1788719400000,0.33504,0.33522,0.33503,0.33519,16319
1788720300000,0.3352,0.3353,0.3352,0.33527,2137
1788721200000,0.33526,0.33527,0.33521,0.33521,13906
1788722100000,0.33521,0.33522,0.33514,0.33514,3876
1788723000000,0.33514,0.33515,0.33484,0.33485,12988
1788723900000,0.33485,0.33486,0.33472,0.33472,3014
1788724800000,0.33473,0.33474,0.33464,0.33464,11884
1788725700000,0.33465,0.33516,0.33464,0.33503,2806
1788726600000,0.33505,0.3361,0.33504,0.33578,293470
1788727500000,0.3358,0.33597,0.33579,0.33592,40889
1788728400000,0.33598,0.33618,0.33597,0.33611,20914
1788729300000,0.3361,0.33613,0.33595,0.33596,25483
1788730200000,0.33596,0.33605,0.33596,0.33596,43910
1788731100000,0.33597,0.33601,0.33582,0.33601,3512
1788732000000,0.33602,0.3361,0.33545,0.33546,28704
1788732900000,0.33545,0.33558,0.33526,0.33535,97712
1788733800000,0.33538,0.33565,0.3353,0.3353,6092
1788734700000,0.33532,0.33536,0.33526,0.33534,1572
1788735600000,0.33534,0.33548,0.33526,0.33526,48746
1788736500000,0.33527,0.33533,0.33526,0.33531,21913
1788737400000,0.33533,0.33547,0.33532,0.33543,15235
1788738300000,0.33542,0.33557,0.33489,0.33489,54745
1788739200000,0.33492,0.33526,0.33453,0.33504,392057
1788740100000,0.33498,0.3351,0.33484,0.33502,13331
1788741000000,0.33493,0.33508,0.33492,0.33504,86007
1788741900000,0.33505,0.33505,0.3348,0.33481,1780
1788742800000,0.33505,0.33519,0.33496,0.33511,14255
1788743700000,0.33511,0.33511,0.33489,0.3349,9233
1788744600000,0.3349,0.3351,0.33486,0.33487,6479
1788745500000,0.33487,0.33503,0.33486,0.33496,72641
1788746400000,0.33496,0.33503,0.33482,0.33482,4646
1788747300000,0.33481,0.33495,0.3348,0.33493,7717
1788748200000,0.33493,0.33531,0.33493,0.3353,7784
1788749100000,0.3353,0.33545,0.33493,0.335,3071
1788750000000,0.33496,0.33534,0.33496,0.33512,10654
1788750900000,0.33512,0.33556,0.33512,0.33556,3136
1788751800000,0.33552,0.33552,0.33531,0.33532,1566
1788752700000,0.33535,0.3355,0.33534,0.33545,3033
1788753600000,0.33546,0.33584,0.33546,0.33583,324909
1788754500000,0.3358,0.33588,0.33579,0.33586,5988
1788755400000,0.33587,0.33602,0.33585,0.33596,5995
1788756300000,0.336,0.33689,0.336,0.33651,450137
1788757200000,0.33652,0.33713,0.33652,0.33703,323096
1788758100000,0.33704,0.33716,0.33704,0.3371,13939
1788759000000,0.33698,0.33734,0.33647,0.33721,67497
1788759900000,0.33712,0.33717,0.33703,0.33711,5948
1788760800000,0.33705,0.33726,0.33704,0.33704,26307
1788761700000,0.33676,0.33676,0.33646,0.33647,13536
1788762600000,0.33648,0.33684,0.33647,0.33677,37076
1788763500000,0.3367,0.33694,0.3367,0.33677,74461
1788764400000,0.33676,0.33692,0.33614,0.33666,69247
1788765300000,0.33666,0.33666,0.33646,0.33656,3208
1788766200000,0.33655,0.33657,0.33638,0.33638,1486