timestamp,open,high,low,close,volume
1784261700000,331.87,332.14,331.22,331.62,64.294
1784262600000,331.62,332.07,331.23,331.99,183.962
1784263500000,331.86,332.34,331.79,331.92,59.299
1784264400000,331.93,332.06,331.44,331.63,86.206
1784265300000,331.63,331.63,330.5,330.64,103.209
1784266200000,330.64,331.38,330.51,331.27,90.599
1784267100000,331.28,331.28,329.09,329.79,439.47
1784268000000,329.79,330.7,329.79,330.35,111.697
1784268900000,330.24,331.28,329.97,330.96,54.235
1784269800000,331.16,331.84,330.71,330.8,128.246
1784270700000,330.91,331.47,330.52,330.76,102.496
1784271600000,330.72,331.3,330,330,193.023
1784272500000,329.93,331.25,328.67,330.12,183.804
1784273400000,330.03,330.7,329.77,330.53,114.089
1784274300000,330.39,330.79,330.28,330.29,46.628
1784275200000,330.29,330.29,329.36,329.49,143.619
1784276100000,329.35,329.35,328.47,328.47,59.961
1784277000000,328.3,328.45,326.73,326.95,240.922
1784277900000,326.93,327.63,326.93,327.12,77.137
1784278800000,327.28,327.7,326.26,327.63,119.346
1784279700000,327.53,327.81,325.11,326.12,636.141
1784280600000,326.18,328.28,325.44,326.09,243.333
1784281500000,326.19,326.61,324.64,325.39,111.29
1784282400000,325.39,325.67,323.75,325.64,401.113
1784283300000,325.55,326.05,325.18,325.57,100.457
1784284200000,325.66,326.27,324.5,325.33,67.649
1784285100000,325.27,326.3,325.21,325.86,89.903
1784286000000,325.79,325.82,323.4,323.62,174.149
1784286900000,323.49,324.73,323.41,324.28,95.541
1784287800000,324.22,325.62,324.22,325.22,214.676
1784288700000,325.18,325.3,323.91,323.91,152.134
1784289600000,323.97,324.66,323.68,324.57,96.454
1784290500000,324.61,326.3,324,324.99,89.688
1784291400000,325,325.12,324.65,325.01,155.499
1784292300000,324.51,324.58,323.45,323.82,158.458
1784293200000,323.84,324.26,322.86,323.17,390.499
1784294100000,323.13,323.51,322.14,323.19,155.937
1784295000000,323.21,323.69,322.09,322.11,134.899
1784295900000,322.32,323.82,322.15,323.82,78.003
1784296800000,323.92,324.61,323.23,324.33,172.094
1784297700000,324.4,325.33,324.16,324.38,75.854
1784298600000,324.19,324.21,322.61,323.2,122.158
1784299500000,322.96,323.74,322.72,322.96,112.032
1784300400000,322.7,323.49,322.67,323.07,58.363
1784301300000,323.15,324.83,323.02,324.8,230.582
1784302200000,324.78,327.1,324.39,325.89,164.204
1784303100000,325.89,327.1,325.73,326.65,330.761
1784304000000,326.6,327.13,326.32,326.84,193.507
1784304900000,326.89,327.23,326.67,327.2,107.023
1784305800000,327.2,327.21,325.48,326.22,154.945
1784306700000,326.2,326.21,324.76,325.43,393.951
1784307600000,325.43,325.97,325.43,325.85,54.576
1784308500000,325.71,327.54,325.71,327.25,41.172
1784309400000,327.36,327.64,326.8,326.88,48.939
1784310300000,326.82,327.64,326.51,327.36,66.142
1784311200000,327.36,327.49,326.35,326.38,69.981
1784312100000,326.36,327,325.44,327,100.037
1784313000000,326.86,327.97,326.82,327.97,162.563
1784313900000,327.82,328.41,327.81,328,88.289
1784314800000,327.87,328.24,327.23,328.13,61.067
1784315700000,328.25,328.96,325.63,326.09,84.405
1784316600000,326.38,327.46,326.14,327.29,34.68
1784317500000,327.43,327.55,327.22,327.31,26.469
1784318400000,327.27,328.26,326.56,328.05,11.966
1784319300000,328.03,332.56,328.03,332.46,272.245
1784320200000,332.26,334.94,331.98,334.56,460.774
1784321100000,334.17,334.17,331.32,331.43,417.447
1784322000000,331.44,332.11,330.77,331.04,171.779
1784322900000,331.37,331.37,330.72,330.91,61.561
1784323800000,330.75,330.83,330.26,330.36,72.189
1784324700000,330.35,330.77,330.13,330.55,116.57
1784325600000,330.72,332.31,330.48,330.86,116.938
1784326500000,330.8,331.51,330.55,331.13,40.898
1784327400000,331.1,331.23,330.39,331,51.382
1784328300000,330.74,331.51,330.28,330.3,58.976
1784329200000,330.3,332.21,330.3,331,77.003
1784330100000,331.3,332.12,330.85,331.07,69.23
1784331000000,331.21,331.79,330.99,331.3,90.229
1784331900000,331.12,331.49,330.91,331.09,61.176
1784332800000,331.02,331.76,330.87,331.65,83.228
1784333700000,331.65,331.66,330.87,331.39,158.854
1784334600000,331.49,331.5,330.45,330.5,29.103
1784335500000,330.5,331,330.45,330.99,24.048
1784336400000,330.82,331.68,330.57,331.68,43.166
1784337300000,331.64,331.76,331.06,331.4,40.52
1784338200000,331.37,331.37,330.98,331.15,24.673
1784339100000,331.1,331.39,330.68,331.07,22.929
1784340000000,331.27,332.25,331.21,331.8,66.545
1784340900000,331.95,332.28,331.91,332.19,41.453
1784341800000,332.08,332.24,331.69,332.16,56.795
1784342700000,332.06,332.15,331.48,331.48,55.971
1784343600000,331.43,332.32,331.43,332.16,46.349
1784344500000,332.1,332.18,331.67,331.79,24.546
1784345400000,331.79,332.21,331.65,331.97,13.385
1784346300000,331.97,332.02,331.55,331.89,6.84
1784347200000,331.84,332.28,331.84,332.28,6.866
1784348100000,332.19,332.29,331.92,332.09,10.912
1784349000000,332.09,332.13,331.23,331.24,12.006
1784349900000,331.29,331.42,331,331,10.537
1784350800000,331,331.04,330.52,330.52,30.131
1784351700000,330.52,331.08,330.34,330.9,25.411
1784352600000,330.9,330.97,329.88,330.1,77.423
1784353500000,330.09,330.18,329.65,329.75,38.95
1784354400000,329.81,329.99,329.72,329.89,7.682
1784355300000,329.98,330.67,329.98,330.56,23.995
1784356200000,330.51,330.51,328.47,328.78,76.553
1784357100000,328.83,329.26,328.79,329.1,41.759
1784358000000,329.2,329.2,328.16,328.39,69.463
1784358900000,328.44,329.24,328.32,329.24,118.086
1784359800000,329.04,329.23,328.96,329.12,130.144
1784360700000,329.18,329.24,328.48,328.56,79.334
1784361600000,328.9,328.93,328.23,328.75,44.704
1784362500000,328.77,329,328.65,328.78,38.594
1784363400000,328.71,329.31,328.52,328.71,126.501
1784364300000,328.71,328.85,328.51,328.72,43.924
1784365200000,328.59,328.86,328.06,328.73,55.741
1784366100000,328.78,329.07,328.53,328.92,87.346
1784367000000,328.78,329.34,328.69,329.33,122.637
1784367900000,329.34,329.96,329.34,329.71,33.158
1784368800000,329.72,329.99,329.5,329.95,25.28
1784369700000,329.98,330.76,329.78,330.76,77.051
1784370600000,330.71,331,330.52,330.85,33.648
1784371500000,330.92,331.5,329.02,329.22,131.786
1784372400000,329.82,331.95,329.57,331.14,156.457
1784373300000,331.3,331.5,330.88,331.5,67.683
1784374200000,331.48,332,331.33,331.93,82.26
1784375100000,332,332.09,331.6,331.76,26.342
1784376000000,331.86,332.41,331.76,332.13,139.944
1784376900000,332.16,332.27,330.02,331.29,113.739
1784377800000,331.26,331.28,330.76,331.17,35.827
1784378700000,331.17,331.54,331.05,331.06,40.11
1784379600000,330.83,331.47,330.78,330.93,23.399
1784380500000,330.81,330.88,330.23,330.35,19.791
1784381400000,330.36,331.35,330.35,331.35,21.564
1784382300000,331.35,331.35,330.11,330.59,77.215
1784383200000,330.55,330.84,330.35,330.72,41.876
1784384100000,330.98,331.14,330.47,331.13,47.626
1784385000000,331.14,331.64,330.91,331.64,22.238
1784385900000,331.65,331.97,331.51,331.8,57.976
1784386800000,331.95,332.19,331.67,332.11,173.617
1784387700000,332.16,332.16,331.36,331.68,60.494
1784388600000,331.67,332.24,331.67,332.12,22.009
1784389500000,332.13,333.49,332.09,333.4,139.478
1784390400000,333.05,334,333.05,333.95,30.926
1784391300000,333.96,335,333.9,334.51,195.094
1784392200000,334.64,335,334.36,334.54,17.598
1784393100000,334.53,334.66,333.16,333.69,210.273
1784394000000,333.65,334.26,333.31,333.71,67.136
1784394900000,333.74,333.76,333.35,333.49,23.505
1784395800000,333.48,334.46,333.24,333.77,57.612
1784396700000,333.77,333.85,333.56,333.6,131.122
1784397600000,333.65,333.96,333.33,333.59,67.89
1784398500000,333.78,334.78,333.47,333.61,199.974
1784399400000,333.5,333.54,332.86,332.86,10.713
1784400300000,332.99,334,332.88,334,35.528
1784401200000,333.53,334.38,333.52,334.3,79.812
1784402100000,334.3,335.64,334.19,335.27,106.465
1784403000000,335.34,335.99,335.28,335.89,69.378
1784403900000,335.91,336.29,335.45,335.78,57.708
1784404800000,335.88,336.28,335.56,335.89,74.242
1784405700000,335.89,335.89,334.8,334.92,136.415
1784406600000,334.96,335.06,334.31,334.31,12.226
1784407500000,334.38,334.45,334.23,334.45,22.607
1784408400000,334.3,334.69,334.16,334.68,32.299
1784409300000,334.69,335.07,334.65,334.88,46.43
1784410200000,334.88,334.96,334.31,334.34,29.296
1784411100000,334.23,334.46,334.07,334.18,74.641
1784412000000,334.21,335.35,334.21,335.19,15.977
1784412900000,335.28,335.59,335.08,335.59,20.308
1784413800000,335.55,335.96,335.44,335.85,9.769
1784414700000,335.63,336.11,335.58,335.88,70.11
1784415600000,335.87,336.12,335.6,335.67,91.181
1784416500000,335.84,336.39,335.6,335.7,63.867
1784417400000,335.44,338,335.44,336.37,1161.737
1784418300000,336.37,336.75,336.08,336.4,100.191
1784419200000,336.4,336.83,336.23,336.4,46.771
1784420100000,336.39,337.01,336.39,336.75,72.778
1784421000000,336.77,336.81,336.3,336.51,75.734
1784421900000,336.39,336.97,336.39,336.83,14.943
1784422800000,336.88,337.06,336.59,336.92,24.217
1784423700000,336.98,337.28,336.69,337.21,11.882
1784424600000,337.21,337.29,336.99,337.28,40.85
1784425500000,337.3,338.04,337.28,338.04,86.961
1784426400000,337.87,338.04,337.7,337.86,47.973
1784427300000,337.93,338.41,337.78,338.32,18.184
1784428200000,338.41,338.41,337.46,337.91,27.871
1784429100000,337.96,338.26,337.55,337.99,26.344
1784430000000,338.08,338.23,337.16,337.57,46.879
1784430900000,337.58,337.84,336.59,336.65,63.837
1784431800000,336.48,336.75,336.24,336.46,6.346
1784432700000,336.46,337.08,336.46,337.07,18.022
1784433600000,337.15,337.51,336.44,336.62,13.46
1784434500000,336.62,336.62,335.29,335.29,27.812
1784435400000,335.48,337.13,335.01,337.09,68.909
1784436300000,337.15,337.61,336.77,336.81,28.938
1784437200000,337.18,337.2,336.89,337.04,132.862
1784438100000,336.91,337.69,336.82,337.6,69.532
1784439000000,337.6,338.52,337.49,338.45,103.142
1784439900000,338.45,338.75,338.08,338.48,70.321
1784440800000,338.48,338.49,337,338,141.61
1784441700000,338.02,338.4,337.23,337.53,83.204
1784442600000,337.29,337.59,337.24,337.41,7.764
1784443500000,337.46,338.43,337.32,338.43,74.873
1784444400000,338.47,339,338.47,338.99,159.937
1784445300000,339,340.34,338.99,339.88,519.335
1784446200000,339.89,340.03,339.33,339.65,129.984
1784447100000,339.66,340.12,339.53,339.55,77.105
1784448000000,339.74,340,339.63,339.93,17.715
1784448900000,339.93,339.99,339.55,339.65,29.54
1784449800000,339.76,339.9,339.57,339.58,74.952
1784450700000,339.68,339.75,339.31,339.57,32.596
1784451600000,339.6,339.75,338.63,338.77,68.874
1784452500000,338.74,338.74,337.74,338.23,65.259
1784453400000,338.3,339.27,337.18,337.41,386.438
1784454300000,337.35,337.66,337.14,337.5,45.407
1784455200000,337.51,337.85,337.3,337.46,52.134
1784456100000,337.36,337.81,337.18,337.39,62.542
1784457000000,337.34,337.34,336.46,336.78,48.698
1784457900000,336.75,336.89,336.22,336.4,81.162
1784458800000,336.43,336.51,336.29,336.4,18.327
1784459700000,336.41,337.05,336.41,336.87,31.753
1784460600000,336.76,337.38,336.67,337.32,189.01
1784461500000,337.19,337.38,336.57,337.17,69.93
1784462400000,337.23,337.43,336.52,336.52,76.675
1784463300000,336.61,336.61,335.71,336,53.343
1784464200000,336.03,336.39,335.82,335.84,47.508
1784465100000,335.89,335.89,335.56,335.59,50.21
1784466000000,335.65,336.25,335.49,335.87,19.476
1784466900000,335.9,336.07,335.49,336.01,30.861
1784467800000,336,336.52,335.92,336.51,53.208
1784468700000,336.5,336.5,334.76,334.78,90.473
1784469600000,335.02,335.79,334.97,335.79,16.318
1784470500000,335.71,335.89,335.02,335.26,50.305
1784471400000,335.26,335.63,333.69,334.56,94.257
1784472300000,334.57,334.83,333.76,333.76,88.098
1784473200000,334.2,334.31,333.72,333.96,32.911
1784474100000,333.84,334,333.81,333.93,69.536
1784475000000,334,334.44,333.99,334.24,109.472
1784475900000,334.21,335.05,334.05,334.05,69.063
1784476800000,334.13,335.33,334,334.96,43.142
1784477700000,335.02,335.3,334.87,335.23,21.982
1784478600000,335.17,335.62,334.72,335.58,232.914
1784479500000,335.59,335.65,334.98,335.51,39.252
1784480400000,335.36,335.66,334.94,335.65,23.618
1784481300000,335.66,335.7,334.96,335.1,136.282
1784482200000,335.15,335.25,332.72,333.11,202.286
1784483100000,333.22,333.94,332.98,332.98,104.665
1784484000000,333.3,333.7,332,332.21,36.082
1784484900000,332.2,333.5,331.86,332.43,48.332
1784485800000,332.17,332.29,331.14,332.05,73.787
1784486700000,331.89,332.21,331.38,332.09,101.915
1784487600000,332.09,332.61,331.18,332.61,121.73
1784488500000,332.58,332.67,332.11,332.67,21.42
1784489400000,332.67,333.6,332.49,333.48,56.367
1784490300000,333.42,334.09,333.41,334.09,34.472
1784491200000,334.22,335.24,333.89,334.96,81.985
1784492100000,334.88,335.27,334.82,335.27,36.364
1784493000000,335.28,335.91,335.16,335.54,72.994
1784493900000,335.52,336.26,334.83,335.95,579.885
1784494800000,335.84,335.94,334.83,334.89,37.126
1784495700000,335.02,335.1,334.8,335.03,5.972
1784496600000,335.16,335.64,335.16,335.57,54.604
1784497500000,335.61,335.74,334.72,334.72,25.291
1784498400000,334.76,336.68,334.65,335.86,113.394
1784499300000,335.85,336.94,335.85,336.75,278.952
1784500200000,336.74,336.9,336.58,336.85,54.126
1784501100000,336.87,336.91,335.87,336.21,36.086
1784502000000,335.98,337.02,335.61,335.99,148.429
1784502900000,336.06,336.61,335.93,336.61,41.729
1784503800000,336.61,336.8,336,336.16,109.549
1784504700000,336.09,336.94,336,336.89,81.804
1784505600000,336.96,337.63,335.71,337.03,529.516
1784506500000,336.98,337.02,335.24,335.6,244.498
1784507400000,335.54,336.45,335.21,336.32,124.789
1784508300000,336.4,336.44,335.6,336.23,75.592
1784509200000,336.24,337.21,336.23,336.5,158.564
1784510100000,336.52,336.52,335.92,335.92,33.644
1784511000000,335.88,336.59,335.44,335.53,85.933
1784511900000,335.58,335.64,333.3,333.3,132.521
1784512800000,333.44,334.41,333.42,334.22,81.415
1784513700000,334.3,334.5,333.86,334.38,57.489
1784514600000,334.38,335.16,334.23,334.98,72.728
1784515500000,335.13,335.5,334.72,335.07,42.827
1784516400000,335.09,335.17,334.81,334.81,34.911
1784517300000,334.85,335.09,334.64,335,24.917
1784518200000,334.99,335.38,334.77,335.04,96.011
1784519100000,335.13,335.41,334.87,335.29,77.816
1784520000000,335.2,335.4,335.02,335.04,60.007
1784520900000,335.15,335.49,335.08,335.49,53.579
1784521800000,335.5,335.56,334.8,335.03,43.357
1784522700000,335.04,335.18,334.34,334.34,33.178
1784523600000,334.34,334.41,332.8,333.32,147.035
1784524500000,333.39,334.44,333.33,334.32,106.889
1784525400000,334.33,334.4,333.9,334.36,36.281
1784526300000,334.36,334.36,333.44,333.62,29.626
1784527200000,333.74,333.74,332.94,332.94,102.766
1784528100000,333.04,333.17,332.74,332.91,31.269
1784529000000,332.99,333.53,332.77,333.08,82.815
1784529900000,333.04,333.17,332.81,332.94,95.814
1784530800000,333.09,333.27,332.51,333.08,114.395
1784531700000,333.08,334.04,332.84,333.68,134.006
1784532600000,333.71,333.88,333.47,333.82,48.196
1784533500000,333.68,333.94,333.56,333.7,25.492
1784534400000,333.78,333.98,333.51,333.93,40.19
1784535300000,333.93,334.04,333.74,334.01,6.088
1784536200000,333.88,334.04,332.96,332.96,32.658
1784537100000,332.93,333.37,332.89,332.9,21.898
1784538000000,332.89,333.61,332.83,332.96,30.307
1784538900000,332.94,333.33,332.94,333.09,16.716
1784539800000,333.22,334.04,333.22,334.03,65.032
1784540700000,334.03,336.08,333.93,335.07,118.853
1784541600000,334.83,335.58,334.58,335.55,5.811
1784542500000,335.58,336.07,335.26,335.86,71.748
1784543400000,335.88,336.08,335.69,336.08,21.06
1784544300000,336.07,336.96,336.07,336.73,181.113
1784545200000,336.63,336.95,335.18,335.63,119.498
1784546100000,335.69,336.4,335.08,336.39,73.2
1784547000000,336.41,337.2,336.35,336.95,109.342
1784547900000,336.93,337.56,336.64,337.37,78.483
1784548800000,337.3,337.59,336.69,337.24,68.334
1784549700000,337.04,338.18,336.95,338.04,153.541
1784550600000,337.86,337.89,335.07,335.45,127.093
1784551500000,335.5,336.23,335.46,336,36.55
1784552400000,336.11,336.41,335.85,336.08,13.386
1784553300000,336.05,337.39,336.02,336.69,107.314
1784554200000,336.77,336.84,335.08,335.8,103.476
1784555100000,335.87,335.91,333.4,333.52,85.677
1784556000000,333.49,334.56,333.49,333.9,128.254
1784556900000,333.95,334.2,333.06,333.61,72.916
1784557800000,333.65,334.25,333.61,334.17,92.346
1784558700000,334.25,334.85,333.54,333.68,86.289
1784559600000,333.82,335.85,333.79,335.75,105.717
1784560500000,335.8,335.8,334.89,335.47,97.732
1784561400000,335.38,335.91,335.09,335.91,192.593
1784562300000,335.91,336.62,334.63,335.4,296.112
1784563200000,335.58,336.29,335.19,336.14,88.276
1784564100000,336.18,336.18,335.1,336.09,113.046
1784565000000,336.2,336.76,336.11,336.59,36.486
1784565900000,336.59,338.6,336.59,337.82,240.414
1784566800000,337.82,337.82,336.82,336.82,234.494
1784567700000,336.82,337.31,336.71,337.09,69.9
1784568600000,337.06,337.27,336.45,337.03,28.55
1784569500000,337.21,338.12,337,337.95,64.417
1784570400000,337.94,338.79,336.76,338.08,135.629
1784571300000,338.09,338.18,336.62,337.46,87.683
1784572200000,337.54,337.61,336.48,336.54,28.459
1784573100000,336.62,336.65,336.26,336.32,17.071
1784574000000,336.4,336.41,335.38,335.38,47.842
1784574900000,335.4,335.87,335.4,335.67,30.826
1784575800000,335.78,336.17,335.17,336.08,71.158
1784576700000,336,336.11,335.45,335.7,35.958
1784577600000,335.78,335.97,335.47,335.62,17.959
1784578500000,335.61,336.6,335.61,336.1,37.484
1784579400000,336.11,336.29,335.34,335.42,55.745
1784580300000,335.48,337.31,335.44,336.93,62.683
1784581200000,336.79,337.72,336.42,337.33,32.416
1784582100000,337.26,338.1,336.82,337.8,61.157
1784583000000,337.85,339,337.67,338.98,64.236
1784583900000,338.76,339,338.33,338.46,47.053
1784584800000,338.33,338.57,337.66,338.49,37.449
1784585700000,338.54,338.8,338.26,338.72,169.346
1784586600000,338.74,338.89,337.98,337.98,23.851
1784587500000,338.08,338.14,337.82,337.84,18.736
1784588400000,338.11,338.81,338.02,338.33,22.927
1784589300000,338.38,338.53,338.12,338.18,7.482
1784590200000,338.23,338.85,337.37,338.61,57.518
1784591100000,338.57,338.6,337.76,337.76,29.863
1784592000000,337.76,337.95,337.36,337.44,141.175
1784592900000,337.48,338.3,337.22,338.3,69.708
1784593800000,338.34,338.68,338.33,338.68,25.464
1784594700000,338.69,338.84,338.47,338.61,77.198
1784595600000,338.64,338.64,338.03,338.26,13.64
1784596500000,338.26,338.75,337.71,338.18,25.812
1784597400000,338.22,338.22,338.03,338.05,46.949
1784598300000,338.26,338.5,338.04,338.42,2.711
1784599200000,338.47,339,338.3,338.91,53.205
1784600100000,338.91,340,338.47,339.84,472.988
1784601000000,339.95,340.66,339.41,340.56,1814.292
1784601900000,340.64,341.91,340.56,341.86,175.455
1784602800000,341.89,342.66,341.31,342.61,559.468
1784603700000,342.53,343.3,342.3,343.01,62.755
1784604600000,343.3,344.98,342.68,344.97,127.002
1784605500000,345,347.11,344.99,346.94,455.596
1784606400000,347.11,349.41,346.85,347.01,202.007
1784607300000,347.01,347.04,345.39,345.49,362.233
1784608200000,345.5,345.73,343.88,345.31,85.148
1784609100000,345.27,345.28,342.64,343.08,103.503
1784610000000,342.94,343.47,342.71,342.92,38.526
1784610900000,342.95,342.98,340.92,342.22,156.856
1784611800000,342.58,342.69,341.59,342.34,95.021
1784612700000,342.29,342.43,341.6,342.29,105.928
1784613600000,342.29,342.38,341.21,341.89,64.79
1784614500000,341.9,342.12,341.21,342.06,13.663
1784615400000,342.14,342.64,342.02,342.11,44.116
1784616300000,342.18,343.01,342.18,342.8,40.176
1784617200000,342.83,343.16,341.38,341.79,117.84
1784618100000,341.79,342.98,341.69,342.64,56.126
1784619000000,342.65,344.16,342.64,343.91,366.963
1784619900000,344.34,345.7,344.34,345.43,96.377
1784620800000,345.5,345.7,344.69,345.33,138.65
1784621700000,345.33,345.58,344.42,344.54,30.773
1784622600000,344.49,345.58,344.49,344.94,34.07
1784623500000,344.99,345.47,344.37,345.32,21.661
1784624400000,345.4,345.98,344.8,345.98,21.591
1784625300000,345.8,348.4,345.58,347.94,158.309
1784626200000,347.79,348.17,347.61,347.83,23.508
1784627100000,347.62,348.89,347.11,348.89,127.994
1784628000000,348.92,349.33,347.77,348.29,94.417
1784628900000,348.2,348.2,345.49,345.99,100.27
1784629800000,346,347.04,345.86,346.88,43.971
1784630700000,346.83,346.83,345.27,346,22.147
1784631600000,346.08,347.05,345,345,49.359
1784632500000,345.22,345.58,344.13,344.44,56.537
1784633400000,344.43,344.58,343.83,343.93,45.643
1784634300000,343.97,343.97,342.64,343.02,59.049
1784635200000,343.48,344,343.02,343.91,84.733
1784636100000,343.99,344.31,343.54,343.74,34.388
1784637000000,343.74,346.06,343.73,345.79,61.095
1784637900000,346.03,346.23,345.76,346,44.49
1784638800000,346,346.19,345.62,345.76,51.897
1784639700000,345.75,346.44,345.49,346.33,67.46
1784640600000,346.42,346.87,344.37,346.69,104.884
1784641500000,346.59,347.73,343,347.73,1177.045
1784642400000,347.66,348.48,347.48,348.33,161.13
1784643300000,348.35,348.35,347.1,347.39,98.741
1784644200000,347.68,347.99,347.47,347.99,101.659
1784645100000,347.95,348.12,347.19,347.82,30.826
1784646000000,347.97,347.97,346.8,347.42,208.338
1784646900000,347.29,347.86,347.21,347.23,21.185
1784647800000,347.11,347.95,346.34,347.56,120.708
1784648700000,347.17,348.5,347.04,347.62,103.503
1784649600000,347.71,347.71,345.75,346.52,392.498
1784650500000,346.56,349,346.46,348.39,165.338
1784651400000,348.39,349.34,347.83,348.41,112.065
1784652300000,348.37,348.37,347.18,347.21,98.409
1784653200000,347.14,349.59,346.89,348.42,86.543
1784654100000,348.5,348.5,347.32,347.32,63.363
1784655000000,347.6,347.66,346.7,347.16,79.976
1784655900000,347.48,347.8,346.83,347.8,56.19
1784656800000,347.84,347.95,346.79,347.43,36.4
1784657700000,347.11,348.37,346.02,346.23,40.889
1784658600000,346.18,347.28,345.89,347.15,36.924
1784659500000,347.09,347.9,346.47,347.75,79.276
1784660400000,347.9,347.94,346.65,346.65,43.089
1784661300000,346.58,349.5,346.31,348.93,792.742
1784662200000,349.01,349.69,348.76,349.16,38.103
1784663100000,348.99,349.69,348.28,348.72,49.673
1784664000000,348.69,349.38,348.69,349.19,99.14
1784664900000,348.98,350,348.8,349.66,1539.689
1784665800000,349.66,349.66,348.01,349.11,565.099
1784666700000,349.12,353.54,349.09,353.49,1292.222
1784667600000,353.4,355.2,352.52,354.32,575.583
1784668500000,354.51,354.51,353.18,353.51,191.369
1784669400000,353.62,353.81,353.03,353.28,92.363
1784670300000,353.31,353.58,353.02,353.52,269.291
1784671200000,353.72,354.45,352.01,352.88,223.476
1784672100000,352.53,352.89,352.53,352.89,200.329
1784673000000,352.89,355.21,352.89,354.77,221.141
1784673900000,354.77,355.47,354.37,354.73,113.727
1784674800000,354.78,355.05,353.8,354.51,168.5
1784675700000,354.47,354.83,354,354.5,112.869
1784676600000,354.61,356.27,354.01,356.27,132.323
1784677500000,356.27,358.62,356.27,357.51,558.852
1784678400000,357.39,361.7,357.37,361.43,690.795
1784679300000,361.43,363.4,359.9,363.13,289.603
1784680200000,363.1,363.13,361.75,361.75,91.764
1784681100000,362.11,362.59,361.82,362.29,174.53
1784682000000,362.3,362.49,359.38,359.61,607.045
1784682900000,359.76,360.31,358,358.72,769.937
1784683800000,358.9,360.55,358.03,358.75,160.813
1784684700000,358.72,359.62,357.35,358.26,268.337
1784685600000,358.13,358.77,357.73,357.9,151.106
1784686500000,357.99,358.45,357.38,358.07,125.823
1784687400000,358.08,358.12,356.06,356.38,245.182
1784688300000,356.37,356.38,355.36,355.89,212.682
1784689200000,355.67,356.18,354,354.24,105.789
1784690100000,354.39,355.31,353.43,354,104.06
1784691000000,353.93,354.11,352.28,353.58,271.402
1784691900000,353.61,353.96,351.8,352.05,207.473
1784692800000,352.06,352.91,352.06,352.39,184.833
1784693700000,352.44,352.7,352.03,352.16,68.79
1784694600000,352.22,352.34,350.98,351.47,80.248
1784695500000,351.49,351.84,351.23,351.84,46.906
1784696400000,351.84,352.68,351.18,351.18,210.505
1784697300000,351.18,351.33,350.29,350.39,114.162
1784698200000,350.29,350.58,346.78,347.25,309.652
1784699100000,347.25,348.14,345.17,348.14,254.154
1784700000000,347.95,348.48,347.31,348.13,81.622
1784700900000,347.95,348.17,347.41,347.56,72.262
1784701800000,347.52,349,347.45,348.63,114.143
1784702700000,348.63,349.69,348.46,349.47,67.087
1784703600000,349.4,349.81,349.24,349.51,52.492
1784704500000,349.46,350.89,349.38,350.3,139.329
1784705400000,350.32,350.83,350.25,350.49,85.726
1784706300000,350.49,350.71,350.35,350.46,167.079
1784707200000,350.42,351.64,349.78,351.51,116.974
1784708100000,351.01,352.58,350.87,352.39,106.613
1784709000000,352.36,352.84,351.08,351.34,106.16
1784709900000,351.21,352.61,350.52,351.08,207.547
1784710800000,351.32,351.5,350.2,351.19,323.292
1784711700000,350.93,351.94,350.37,350.37,86.259
1784712600000,350.35,351.34,349.65,351.16,84.221
1784713500000,351.14,352.79,349.64,351.71,152.64
1784714400000,351.71,351.99,351.33,351.89,75.802
1784715300000,351.85,352.21,351.27,351.56,109.949
1784716200000,351.56,352.06,351.44,352,68.993
1784717100000,352,352.12,350.2,351.13,103.391
1784718000000,351.14,351.26,349.66,351.15,88.648
1784718900000,351.15,351.87,349.74,349.78,161.245
1784719800000,349.78,349.94,348.85,349.2,47.784
1784720700000,349.2,350.29,348.81,350.19,61.005
1784721600000,350.29,350.44,348.93,349.2,67.915
1784722500000,349.13,349.51,347.69,348.98,71.843
1784723400000,349.03,349.19,348.25,348.95,86.88
1784724300000,348.9,349.13,348.12,348.38,53.638
1784725200000,348.38,349.09,348.38,348.78,117.883
1784726100000,348.82,349.01,348.29,348.34,80.109
1784727000000,348.31,350.09,348.31,349.77,125.323
1784727900000,349.77,350.05,349.14,349.27,137.514
1784728800000,349.38,350.34,349.14,349.14,133.296
1784729700000,349.22,349.22,347.58,347.58,94.387
1784730600000,347.59,350.33,347.49,349.64,108.578
1784731500000,349.64,350.87,349.64,350.87,76.387
1784732400000,350.75,350.99,349.92,350.47,81.492
1784733300000,350.48,350.84,350.19,350.69,71.405
1784734200000,350.82,351.02,350.05,350.27,167.526
1784735100000,350.29,350.43,349.75,350.04,89.243
1784736000000,350.16,350.18,347.77,348.6,115.945
1784736900000,348.6,348.65,347.11,347.39,117.778
1784737800000,347.38,349.51,347.36,349.21,137.095
1784738700000,349.26,350.12,348.44,350.05,130.244
1784739600000,350.05,350.16,348.48,348.7,66.835
1784740500000,348.7,350.5,348.63,349.38,73.652
1784741400000,349.14,349.75,348.5,349.3,83.221
1784742300000,349.59,350.05,349.48,349.78,69.805
1784743200000,349.78,349.97,348.86,349.4,106.234
1784744100000,349.4,349.57,348.7,348.76,94.414
1784745000000,348.76,348.9,347.33,347.44,185.897
1784745900000,347.45,348.49,347.02,347.96,143.545
1784746800000,347.93,348.25,347.56,347.68,75.451
1784747700000,347.74,348.6,347.68,348.53,78.212
1784748600000,348.54,349.29,348.1,349.02,83.76
1784749500000,349.04,349.43,348.96,349.31,66.435
1784750400000,349.31,349.57,348.62,349.08,128.868
1784751300000,349.01,349.89,348.92,349.69,190.744
1784752200000,349.69,350.81,349.57,350.55,80.583
1784753100000,350.55,350.55,350.14,350.35,188.213
1784754000000,350.35,351.13,350.31,350.74,314.074
1784754900000,350.7,351.52,350.69,351.25,122.804
1784755800000,351.26,353,351.16,352.66,173.883
1784756700000,352.67,353,352.4,352.55,92.966
1784757600000,352.71,352.91,351.53,351.53,86.412
1784758500000,351.62,351.85,350.64,351.02,64.847
1784759400000,351.02,351.86,350.7,351.8,83.342
1784760300000,351.61,352.41,351.56,352.22,78.64
1784761200000,352.18,352.26,350.47,350.82,68.237
1784762100000,350.82,351.55,350.76,351.5,51.975
1784763000000,351.5,352.52,351.36,351.98,95.374
1784763900000,352,352.84,352,352.59,125.771
1784764800000,352.64,353,352.39,352.57,188.782
1784765700000,352.53,352.86,352.39,352.52,62.887
1784766600000,352.51,352.68,352.19,352.19,49.614
1784767500000,352.25,352.43,351.53,351.53,34.376
1784768400000,351.6,351.68,351.13,351.37,16.071
1784769300000,351.4,351.4,350.45,350.51,12.643
1784770200000,350.54,351.37,350.14,351.25,6.766
1784771100000,351.25,352.04,351.25,351.65,71.762
1784772000000,351.66,355.41,351.49,355.02,937.01
1784772900000,355.21,355.43,353.37,354.04,799.449
1784773800000,354.03,355.21,353.86,354.63,277.009
1784774700000,354.9,355.36,354.76,355.19,51.225
1784775600000,355.11,355.2,354.25,354.37,45.399
1784776500000,354.62,354.97,352.68,352.93,84.415
1784777400000,352.64,352.76,351.87,352.05,41.519
1784778300000,352.22,353.49,352.22,352.55,75.959
1784779200000,352.64,352.66,352.06,352.47,39.418
1784780100000,352.47,352.96,352.33,352.58,44.643
1784781000000,352.5,352.62,351.6,351.63,74.753
1784781900000,351.59,351.87,350.91,350.99,102.42
1784782800000,351.2,351.73,351.06,351.73,84.769
1784783700000,351.63,352.26,351.51,352.16,44.396
1784784600000,352.26,352.43,351.91,352.23,46.55
1784785500000,352.19,352.64,351.91,352.32,89.96
1784786400000,352.41,352.9,351.76,351.87,80.729
1784787300000,351.82,352.28,351.32,351.6,132.058
1784788200000,351.54,352.56,351.54,352.35,87.064
1784789100000,352.36,352.98,352.35,352.9,56.238
1784790000000,352.96,352.96,352,352.01,28.753
1784790900000,352.11,352.48,351.97,352.23,30.56
1784791800000,352.23,352.84,350.81,351.36,96.085
1784792700000,351.27,352.79,351.27,352.64,127.338
1784793600000,352.66,352.78,351.42,351.5,88.533
1784794500000,351.68,352.82,350.86,352.62,144.928
1784795400000,352.68,353.77,352.58,352.78,52.26
1784796300000,352.82,354.47,351.94,354.08,208.321
1784797200000,353.93,356.82,353.77,356.71,176.983
1784798100000,356.64,357.56,356.42,357.21,225.939
1784799000000,357.12,357.88,356.82,357.28,48.796
1784799900000,357.35,357.53,356.4,356.57,72.426
1784800800000,356.34,357.62,356.06,357.26,72.082
1784801700000,357.49,357.5,354.05,354.36,75.534
1784802600000,354.65,355.01,353.2,353.2,111.225
1784803500000,353.28,353.74,352.1,353.74,98.495
1784804400000,353.75,354.08,353.17,353.59,60.161
1784805300000,353.67,354.15,353.03,353.25,101.205
1784806200000,353.16,353.41,350.2,350.77,262.936
1784807100000,350.76,350.99,350.07,350.23,85.5
1784808000000,350.5,350.69,347.25,347.25,816.802
1784808900000,347.11,347.65,346.13,346.88,258.016
1784809800000,346.95,347.69,346.5,347.42,68.564
1784810700000,347.44,348,346.86,347.3,140.71
1784811600000,347.47,348.65,346.92,348.65,273.036
1784812500000,348.53,351.5,348.15,351.27,254.512
1784813400000,351.23,351.29,350.1,350.89,65.127
1784814300000,350.72,351.36,349.45,350.32,238.215
1784815200000,350.22,350.9,350,350.53,72.813
1784816100000,350.84,350.84,348.53,349.26,106.484
1784817000000,349.62,350.25,348.86,349.7,39.849
1784817900000,349.96,350.87,349.96,350.76,5.959
1784818800000,350.78,351.15,349.7,350.43,33.914
1784819700000,350.63,351.42,350.37,350.37,73.17
1784820600000,350.5,350.94,350.31,350.83,202.421
1784821500000,350.73,351.29,350.29,351.03,41.84
1784822400000,351.06,351.71,350.9,351.6,19.326
1784823300000,351.5,351.99,350.96,351.94,50.507
1784824200000,351.7,351.92,350.79,351.91,32.115
1784825100000,351.91,352,350.36,351.12,182.01
1784826000000,351.03,353.15,351.03,352.87,182.248
1784826900000,352.92,353.78,352.92,352.97,130.493
1784827800000,352.88,353.98,352.63,353.89,19.268
1784828700000,353.53,353.71,350.89,351.55,40.717
1784829600000,351.92,352.79,347.5,349.23,4344.616
1784830500000,349.27,349.64,348.85,349.45,333.382
1784831400000,349.58,351.43,348.9,350.42,386.562
1784832300000,350.42,351.76,349.77,351.49,172.205
1784833200000,351.82,352.66,350.06,352.59,131.477
1784834100000,352.29,354.19,352.19,354.19,80.335
1784835000000,354.12,354.51,353.14,353.68,127.542
1784835900000,353.58,354.71,353.57,354.48,88.933
1784836800000,354.34,356.27,354.22,356.01,214.05
1784837700000,356,357.19,355.66,357.04,255.297
1784838600000,357.04,357.59,356.64,356.8,34.875
1784839500000,356.85,356.99,356.1,356.53,112.41
1784840400000,356.45,356.45,355.14,355.24,54.901
1784841300000,355.32,356.69,355.32,356.51,66.669
1784842200000,356.56,357,356.2,356.74,48.79
1784843100000,356.52,357,355.55,356.03,102.036
1784844000000,356.06,356.36,355.94,356.08,32.723
1784844900000,356.23,357.15,355.93,356.58,22.824
1784845800000,356.57,356.61,354.98,355.7,146.157
1784846700000,355.61,355.97,355.24,355.97,27.292
1784847600000,356,356.76,356,356.76,38.473
1784848500000,356.56,358.11,355.54,358,100.703
1784849400000,357.99,358.1,356.68,357.12,75.459
1784850300000,357.04,357.04,355.07,355.07,52.395
1784851200000,355.07,355.42,354.25,354.55,145.933
1784852100000,354.55,354.65,354.11,354.24,83.138
1784853000000,354.24,354.53,354.07,354.49,114.656
1784853900000,354.52,355.53,354.45,355.53,36.353
1784854800000,355.53,355.66,354.89,354.92,40.401
1784855700000,354.65,354.97,354.56,354.9,21.955
1784856600000,354.78,354.78,354.22,354.41,18.399
1784857500000,354.41,354.67,354.17,354.52,41.426
1784858400000,354.43,354.6,353.94,354.01,26.454
1784859300000,354.03,354.14,353.65,353.85,33.406
1784860200000,353.88,353.88,353.21,353.54,17.607
1784861100000,353.5,354.41,353.3,354.41,29.233
1784862000000,354.44,355.04,354.19,355.04,75.43
1784862900000,355.04,355.2,354.61,354.86,14.684
1784863800000,354.82,354.94,354.48,354.9,26.844
1784864700000,354.9,354.97,354.25,354.47,12.503
1784865600000,354.67,354.67,354.39,354.62,58.346
1784866500000,354.59,354.95,354.58,354.8,9.214
1784867400000,354.8,354.82,354.56,354.62,9.452
1784868300000,354.62,355.01,354.57,355.01,11.234
1784869200000,355.03,355.82,354.92,355.82,40.884
1784870100000,355.86,356.45,355.57,356.45,39.926
1784871000000,356.51,357.71,356.51,357.14,37.494
1784871900000,357.08,357.86,357.08,357.84,13.98
1784872800000,357.84,357.84,355.54,356.1,58.634
1784873700000,356.09,356.96,355.9,356.87,118.4
1784874600000,356.95,357.88,355.94,356.03,123.681
1784875500000,356,356.71,355.85,356.22,133.802
1784876400000,356.15,358.9,355.87,358.59,255.06
1784877300000,358.24,358.6,357.42,358.6,82.011
1784878200000,358.6,359.19,358.46,358.95,51.159
1784879100000,359.19,359.94,358.66,359.94,86.149
1784880000000,359.52,360.67,357.31,360.49,837.929
1784880900000,360.25,361.13,358.07,358.63,164.693
1784881800000,358.53,358.61,353.67,354.92,149.202
1784882700000,354.97,357.55,354.97,357.34,69.032
1784883600000,357.37,357.88,356.31,356.34,52.382
1784884500000,356.38,358.51,356.3,357.05,169.101
1784885400000,357.19,357.9,355.76,355.76,55.151
1784886300000,355.66,356.76,355.48,356.3,35.941
1784887200000,356.22,357,355.5,356.81,110.445
1784888100000,356.64,356.98,355.2,355.3,130.346
1784889000000,355.92,356.38,354.78,355.06,43.181
1784889900000,355.03,355.46,355.03,355.27,48.128
1784890800000,354.74,355.24,352.5,353.15,132.291
1784891700000,353.53,353.66,351.56,352.84,162.645
1784892600000,353.04,353.21,351.3,352.51,77.569
1784893500000,352.43,353.1,351.6,353.1,48.169
1784894400000,353.14,353.14,351.55,352.51,123.748
1784895300000,352.48,354.26,352.48,354.15,76.134
1784896200000,354.28,354.71,354.15,354.22,30.997
1784897100000,354.14,354.2,353.52,353.71,73.463
1784898000000,353.92,354.7,353.63,353.75,58.943
1784898900000,353.84,354.82,353.84,354.71,101.336
1784899800000,354.77,355.3,352.88,353.84,123.824
1784900700000,353.94,354.99,353.41,353.94,92.852
1784901600000,354.23,355.31,354.09,354.47,217.864
1784902500000,354.37,354.37,352.99,354.09,105.157
1784903400000,354.23,354.95,354.22,354.37,97.217
1784904300000,354.37,356.5,354.01,356.28,121.364
1784905200000,356.24,356.24,353.08,355.73,142.128
1784906100000,355.89,355.99,355.37,355.79,45.51
1784907000000,355.59,356.12,355.56,356.03,46.56
1784907900000,355.71,356.65,355.26,356.55,225.786
1784908800000,356.71,358.49,356.64,358.4,106.392
1784909700000,358.37,358.43,357.82,358.33,44.073
1784910600000,358.32,359.13,357.9,358.8,139.31
1784911500000,358.71,359.01,358.31,358.68,114.331
1784912400000,358.54,358.78,357.5,358.74,55.799
1784913300000,358.76,363.97,358.48,363.63,892.4
1784914200000,363.44,363.57,360.14,361.18,289.581
1784915100000,361.13,363.5,359.93,363.35,1042.043
1784916000000,363.35,364.91,361.62,364.66,246.158
1784916900000,364.65,364.72,363.86,364.17,110.459
1784917800000,364.09,365,363.04,365,333.804
1784918700000,364.9,365,364.29,364.56,20.962
1784919600000,364.58,365,364.41,364.64,75.663
1784920500000,364.67,365.08,364.5,365.07,454.642
1784921400000,365.07,365.58,364.5,365.27,243
1784922300000,365.34,366.47,365.33,365.66,218.376
1784923200000,365.66,366.67,365.14,366.05,115.572
1784924100000,365.97,365.97,365.13,365.5,170.413
1784925000000,365.34,365.8,364.53,364.92,504.129
1784925900000,364.84,367.48,363.14,364.96,516.442
1784926800000,364.38,364.38,362.48,362.53,286.335
1784927700000,362.38,363,362.03,362.57,102.987
1784928600000,362.58,363.49,362.25,363.48,72.841
1784929500000,363.46,363.46,362.39,362.39,48.474
1784930400000,362.53,363.74,362.53,363.41,155.758
1784931300000,363.47,364.3,363.13,364,27.605
1784932200000,363.91,364.34,363.4,363.85,33.966
1784933100000,363.95,364.86,363.92,364.39,59.551
1784934000000,364.19,364.55,363.5,363.7,87.241
1784934900000,363.5,363.88,363.39,363.63,18.217
1784935800000,363.61,364.23,363.61,363.8,77.22
1784936700000,363.56,364.21,363.46,364.2,43.572
1784937600000,364.17,364.87,363.91,364.87,266.431
1784938500000,364.79,365,364.21,364.63,62.893
1784939400000,364.95,366.15,364.95,365.39,29.175
1784940300000,365.59,366.3,365.39,366.28,365.554
1784941200000,366.16,366.28,365.21,365.46,159.747
1784942100000,365.45,366.3,364.98,366.29,137.439
1784943000000,366.24,366.66,365.77,366.44,94.944
1784943900000,366.6,368,366.59,367.48,176.487
1784944800000,367.34,368,367.24,367.71,276.524
1784945700000,367.56,367.65,365.62,365.98,108.749
1784946600000,366.1,368,366.1,367.97,161.809
1784947500000,367.97,369.37,367.68,369.37,517.909
1784948400000,369.31,370,369.26,369.81,288.413
1784949300000,369.95,370.32,369.71,369.78,395.085
1784950200000,369.94,371.97,369.94,371.72,204.8
1784951100000,371.73,371.89,370.9,371.47,297.979
1784952000000,371.45,371.48,368.34,369.45,396.802
1784952900000,369.34,369.8,368.38,368.72,92.89
1784953800000,368.85,371.1,368.6,370.92,325.302
1784954700000,371.11,371.96,371.09,371.62,226.375
1784955600000,371.96,372.54,371.27,371.28,412.983
1784956500000,371.2,371.8,369.85,369.89,200.785
1784957400000,370.14,370.21,368.56,368.76,123.292
1784958300000,368.72,368.72,367.12,367.92,109.16
1784959200000,367.69,368.03,366.5,366.78,137.649
1784960100000,366.77,366.93,365.35,366.11,100.591
1784961000000,366.02,366.66,365.86,366.58,61.415
1784961900000,366.65,367.28,365.65,366.93,79.558
1784962800000,366.82,367.57,364.19,366.98,274.476
1784963700000,367.49,369.68,367.39,368.43,55.701
1784964600000,368.32,371.61,368.32,370.75,244.589
1784965500000,370.62,372.22,370.62,371.86,117.042
1784966400000,371.79,371.87,370.29,370.62,72.186
1784967300000,370.62,370.96,369,369.98,162.182
1784968200000,369.76,369.91,367.43,368.51,36.983
1784969100000,368.53,368.81,367.42,367.42,103.246
1784970000000,367.64,368.48,364.38,367.02,188.123
1784970900000,367.25,367.79,366.4,366.91,126.878
1784971800000,366.82,368.28,366.68,367.23,33.573
1784972700000,367.36,368.02,365.45,366.04,72.569
1784973600000,366.44,366.95,365.87,366.6,248.862
1784974500000,366.66,367.61,365.56,367.25,95.776
1784975400000,367.36,368.74,367.03,367.11,248.162
1784976300000,367.1,367.66,366.37,366.5,164.885
1784977200000,366.43,367.5,366.3,366.5,130.128
1784978100000,366.43,366.43,364.63,364.63,29.697
1784979000000,364.68,365.23,364,364.52,72.832
1784979900000,364.43,366.05,364.3,366.05,39.252
1784980800000,365.95,366.28,365.36,366.07,357.94
1784981700000,366.13,366.37,365.14,365.89,65.509
1784982600000,365.93,366.26,365.9,366.17,51.104
1784983500000,366.27,366.71,366.26,366.49,14.663
1784984400000,366.72,366.97,366.58,366.77,24.154
1784985300000,366.68,367.5,366.63,367.5,47.088
1784986200000,367.46,369.75,367.46,369.05,181.087
1784987100000,369.01,369.79,367.42,367.53,142.828
1784988000000,367.57,368.99,367.35,367.89,12.391
1784988900000,368.3,368.83,367.96,368.33,94.936
1784989800000,368.24,370.43,368.22,369.18,298.292
1784990700000,369.14,369.68,368.08,369.43,521.429
1784991600000,368.87,368.87,366.66,366.67,80.139
1784992500000,366.79,367.3,366.65,366.83,32.682
1784993400000,366.99,367.92,366.36,366.6,98.221
1784994300000,366.62,366.79,364,364.13,86.223
1784995200000,364.58,366.24,364,366.24,287.899
1784996100000,366.12,366.34,364.93,365.15,42.224
1784997000000,365.15,366.07,364.87,365.13,59.916
1784997900000,364.89,365.04,364.28,365.04,43.623
1784998800000,365.33,366.67,364.36,366.08,72.613
1784999700000,366.35,366.47,365,366.13,45.05
1785000600000,366.13,366.47,365.19,365.22,192.044
1785001500000,365.01,365.34,364.48,365.14,120.79
1785002400000,365.21,365.82,365.08,365.47,67.279
1785003300000,365.52,365.52,364,364.13,66.224
1785004200000,364.33,364.33,362.82,363.01,188.832
1785005100000,363.1,363.41,362.5,362.5,23.168
1785006000000,362.72,363.35,362.5,363.33,165.036
1785006900000,363.39,363.7,362.74,362.78,20.96
1785007800000,362.74,363.4,362.5,363.28,237.387
1785008700000,363.56,364.2,362.87,363.66,20.5
1785009600000,363.96,363.97,363,363.46,60.071
1785010500000,363.49,363.71,363.16,363.69,6.662
1785011400000,363.43,364.22,363.36,363.65,29.491
1785012300000,363.62,363.98,363.49,363.95,17.703
1785013200000,364.21,365.48,364.21,365.43,105.735
1785014100000,365.27,365.44,364.51,364.68,32.006
1785015000000,364.67,364.75,363.26,363.26,31.121
1785015900000,363.2,363.48,363.04,363.28,18.812
1785016800000,363.35,363.53,363.14,363.52,95.433
1785017700000,363.68,364.19,363.62,364.08,2.893
1785018600000,364.15,364.74,363.79,364.45,17.522
1785019500000,364.28,364.98,364.22,364.85,49.345
1785020400000,364.94,364.94,364.71,364.94,5.485
1785021300000,364.88,365,364.58,364.64,34.056
1785022200000,364.57,364.94,364.38,364.45,49.408
1785023100000,364.37,364.41,364.01,364.4,5.601
1785024000000,364.62,365.02,364.02,364.07,88.453
1785024900000,364.27,365.25,364.27,365.16,51.274
1785025800000,365.33,365.35,364.82,365.19,127.056
1785026700000,365.17,365.67,365.11,365.67,6.241
1785027600000,365.71,367.36,365.54,366.37,90.77
1785028500000,366.48,367.61,365.88,367.45,74.034
1785029400000,367.36,368.37,367.07,368.37,256.29
1785030300000,368.17,369.34,367.91,368.63,272.022
1785031200000,368.87,370.07,368.67,369.19,84.178
1785032100000,369.19,369.42,369,369.16,12.81
1785033000000,369.25,369.59,368.91,369.33,56.597
1785033900000,369.32,369.44,368.32,368.32,15.944
1785034800000,368.25,368.25,367.66,367.9,47.87
1785035700000,368.05,368.05,365.52,365.95,324.12
1785036600000,366.04,366.04,363.95,364.49,133.594
1785037500000,364.4,364.81,364.33,364.37,17.985
1785038400000,364.74,364.88,364,364.2,23.184
1785039300000,364.14,364.46,364.02,364.46,19.749
1785040200000,364.37,364.57,363.65,363.81,15.125
1785041100000,363.98,364.07,363.72,363.86,11.354
1785042000000,363.9,364.04,362.94,363.68,367.012
1785042900000,363.68,364.01,363.11,363.14,51.469
1785043800000,363.34,364.59,363.1,364.33,172.427
1785044700000,364.26,364.86,363.58,364.81,22.844
1785045600000,364.32,365.73,364.11,365.73,21.514
1785046500000,365.52,365.89,365.34,365.61,30.355
1785047400000,365.58,365.97,365.29,365.46,36.151
1785048300000,365.37,365.57,363.96,364.85,20.905
1785049200000,364.64,364.68,364.16,364.68,37.02
1785050100000,365,366.76,365,366.76,47.718
1785051000000,366.47,366.52,364.75,364.75,89.281
1785051900000,364.92,365.27,363.28,363.4,96.039
1785052800000,363.56,363.84,360.6,361.61,170.628
1785053700000,361.38,361.99,360.97,361.9,113.437
1785054600000,362,362.82,361.08,362.07,81.211
1785055500000,362.08,363.03,361.81,362.53,40.141
1785056400000,362.53,363.49,362.32,362.91,494.69
1785057300000,362.94,363.87,362.88,363.36,277.966
1785058200000,363.5,363.65,362.47,362.55,105.002
1785059100000,362.48,363.13,362,362.72,323.687
1785060000000,362.79,363.19,362.21,363.13,56.513
1785060900000,363.2,364.58,363.14,364.51,196.956
1785061800000,364.52,365.93,364.44,365.41,55.863
1785062700000,365.56,365.65,364.31,365.12,86.511
1785063600000,364.57,365.1,363.4,363.98,109.963
1785064500000,364.03,365.22,363.66,365.08,28.295
1785065400000,364.97,365.58,364.54,365.37,7.233
1785066300000,365.34,365.34,363.8,363.8,29.767
1785067200000,363.77,363.78,363.34,363.65,52.157
1785068100000,363.7,363.91,363,363.91,70.856
1785069000000,363.9,364.03,363.11,363.11,26.234
1785069900000,363.2,363.91,363.13,363.13,16.093
1785070800000,363.26,363.35,362.21,362.38,102.739
1785071700000,362.49,363.9,362.48,363.4,61.744
1785072600000,363.58,364.15,363.49,363.59,40.761
1785073500000,363.61,363.61,363,363,33.38
1785074400000,363.01,363.48,361.37,362.17,110.706
1785075300000,362.03,362.29,361.38,362.01,69.207
1785076200000,361.85,362.32,361.64,361.91,112.672
1785077100000,362,363,361.65,362.01,44.692
1785078000000,362.44,362.77,361.39,361.43,51.638
1785078900000,361.43,361.92,360.26,361.1,545.97
1785079800000,361.14,361.3,360.37,360.55,81.352
1785080700000,360.51,362.9,360.35,362.9,127.631
1785081600000,362.98,363.25,362.04,362.2,85.743
1785082500000,362.01,362.17,359.22,360.38,135.168
1785083400000,360.69,361.21,359.94,360.72,71.077
1785084300000,360.93,361.15,359.54,360.17,43.447
1785085200000,360.38,360.5,359.35,360.12,117.93
1785086100000,360.12,360.27,357.68,358.04,344.209
1785087000000,358.11,358.48,357.62,358.48,58.061
1785087900000,358.59,359.09,358.09,358.31,79.558
1785088800000,358.4,359.14,358.4,358.87,53
1785089700000,358.87,359.36,357.43,357.63,38.199
1785090600000,357.66,357.86,356.42,357.36,530.453
1785091500000,357.47,358.21,357,357.04,103.782
1785092400000,357.41,357.71,356.81,357.09,114.268
1785093300000,356.84,357.05,356.46,356.62,334.879
1785094200000,356.69,357.36,356.46,356.67,89.565
1785095100000,356.46,356.53,356.23,356.47,141.587
1785096000000,356.38,356.56,356.23,356.3,85.224
1785096900000,356.26,356.89,356.04,356.89,110.546
1785097800000,356.84,357.55,356.76,357.25,55.4
1785098700000,357.23,357.23,356.41,356.41,3.683
1785099600000,356.42,356.73,356.27,356.59,32.004
1785100500000,356.61,357.14,355.65,356.23,72.102
1785101400000,356.09,357.03,355.79,356.6,71.83
1785102300000,356.64,357.08,356.59,356.92,9.593
1785103200000,357.2,357.75,354.83,355.87,98.263
1785104100000,356.3,356.52,354.61,355.13,38.619
1785105000000,355.1,357.91,354.94,357.05,1029.224
1785105900000,356.98,357.1,356.62,356.62,108.275
1785106800000,356.65,356.77,355.01,355.56,128.731
1785107700000,355.5,355.81,354.28,354.87,233.17
1785108600000,354.84,355.1,353.7,354.03,321.388
1785109500000,354.08,354.58,353.96,354.25,83.112
1785110400000,354.23,354.26,351.86,352.61,764.192
1785111300000,352.69,352.76,351.96,352.07,217.264
1785112200000,352.07,352.07,351.16,351.51,150.126
1785113100000,351.49,352,350.98,352,114.341
1785114000000,351.99,352.35,351.57,352.25,196.493
1785114900000,352.15,352.46,351.35,351.46,87.67
1785115800000,351.44,351.47,351.16,351.16,54.599
1785116700000,351.16,351.72,350.74,351.65,161.38
1785117600000,351.62,353.1,351.62,351.83,134.686
1785118500000,351.71,351.98,351.01,351.15,143.265
1785119400000,351.09,352.15,351.09,352.15,77.255
1785120300000,352.2,352.69,352.11,352.38,132.363
1785121200000,352.3,352.5,351.7,352.19,51.856
1785122100000,352.11,352.11,351.26,351.3,37.536
1785123000000,351.29,353.51,351.26,353.33,175.76
1785123900000,353.38,353.38,352.6,352.62,82.908
1785124800000,352.93,353.31,352.25,352.3,168.383
1785125700000,352.28,353.79,352.21,353.39,15.933
1785126600000,353.32,353.71,353.14,353.6,41.132
1785127500000,353.44,353.59,352.87,352.87,25.866
1785128400000,352.87,352.87,351.98,351.99,270.716
1785129300000,351.97,352,351.4,351.4,89.267
1785130200000,351.38,351.39,350.92,350.92,7.364
1785131100000,350.92,351.01,350.62,350.79,116.508
1785132000000,350.75,351.63,350.62,350.97,316.333
1785132900000,351.01,351.01,350.62,350.95,228.063
1785133800000,351.02,351.02,349.81,349.87,251.754
1785134700000,349.86,350.18,349.59,349.91,107.153
1785135600000,349.67,350.19,349.5,349.9,156.51
1785136500000,350.24,350.66,349.74,349.74,70.426
1785137400000,349.85,349.86,347.43,347.43,293.922
1785138300000,348.12,349,347.69,348.74,50.602
1785139200000,348.58,350.51,347.9,350.42,105.561
1785140100000,350.21,351,350.06,351,25.753
1785141000000,350.86,350.86,349.69,349.69,90.534
1785141900000,349.62,350.25,349.6,349.82,23.682
1785142800000,349.51,349.51,348.33,348.59,35.213
1785143700000,348.69,349.35,348.52,348.83,398.76
1785144600000,348.92,349.6,348.92,349.12,46.511
1785145500000,349.08,349.23,348.88,349.23,21.39
1785146400000,349.23,349.23,348.82,348.86,21.553
1785147300000,348.89,351.79,348.88,351.79,211.154
1785148200000,351.82,353.2,351.58,351.58,39.942
1785149100000,351.61,352.17,351,351.47,36.869
1785150000000,351.34,352.57,351.03,352.57,71.425
1785150900000,352.69,353.17,351.94,352.51,15.12
1785151800000,352.46,353.98,352.19,352.98,47.875
1785152700000,352.84,353.19,352.01,352.72,19.164
1785153600000,352.87,353.03,351.89,352.09,34.976
1785154500000,351.92,352.21,351.09,351.09,42.915
1785155400000,351.04,351.04,349.86,350.29,112.951
1785156300000,350.24,350.59,349.33,349.9,41.957
1785157200000,349.75,349.79,349.08,349.08,14.109
1785158100000,349.08,349.55,348.87,348.87,171.842
1785159000000,348.86,350,348.82,349.78,156.432
1785159900000,349.78,351.23,348.82,349.17,393.475
1785160800000,349.31,350.8,349.31,350.44,54.993
1785161700000,350.36,351,349.25,349.32,245.09
1785162600000,349.15,349.59,345.33,345.33,783.805
1785163500000,345.34,347.32,345.34,347.14,200.851
1785164400000,347.01,347.44,346.6,347.07,75.287
1785165300000,347,347,344.04,344.56,201.067
1785166200000,344.76,345.72,344.61,345.69,116.055
1785167100000,345.59,345.74,344.5,344.5,8.608
1785168000000,344.77,345.49,343.5,343.75,278.212
1785168900000,343.69,347.8,343.03,347.8,342.727
1785169800000,347.72,347.91,346.2,346.96,80.886
1785170700000,347,347.36,346.47,347.17,32.769
1785171600000,347.2,349.63,346.75,349.49,163.078
1785172500000,349.48,350.28,348.98,350.17,181.041
1785173400000,350.3,350.31,349.47,350.14,217.318
1785174300000,350.1,350.55,348.31,348.4,219.971
1785175200000,348.4,348.82,347.45,347.45,23.895
1785176100000,347.64,347.78,346.73,347.23,234.559
1785177000000,347.49,348,346.88,347.43,82.751
1785177900000,347.41,348.67,347.21,348.25,33.504
1785178800000,348.13,348.44,347.78,348.44,75.03
1785179700000,348.59,348.71,348.22,348.71,25.394
1785180600000,348.48,349.72,348.48,349.7,22.511
1785181500000,349.81,350.79,349.69,350.42,130.934
1785182400000,350.32,350.97,349.86,350.3,40.205
1785183300000,350.43,350.93,349.42,349.53,57.819
1785184200000,349.64,349.64,348.36,348.43,47.264
1785185100000,348.23,349.02,348.2,348.97,36.697
1785186000000,348.87,349.11,348.41,348.41,63.967
1785186900000,348.64,348.82,347.51,347.51,75.692
1785187800000,347.81,348.99,347.8,348.99,49.424
1785188700000,348.91,349.72,348.84,349.53,62.694
1785189600000,349.5,349.68,348.84,349.52,23.794
1785190500000,349.54,349.71,348.49,348.56,43.789
1785191400000,348.53,349.34,346.72,346.83,151.841
1785192300000,346.83,347.65,346.47,347.27,174.048
1785193200000,346.91,347.75,346.74,347.61,41.979
1785194100000,347.72,348.62,347.61,348.62,94.797
1785195000000,348.65,348.69,346.71,346.71,36.098
1785195900000,346.68,347.64,345.95,345.95,77.767
1785196800000,345.95,346.13,342.4,342.96,525.586
1785197700000,343.2,344,342.87,343.67,211.586
1785198600000,343.63,343.87,342.02,342.69,96.815
1785199500000,342.71,342.98,341.9,341.9,86.737
1785200400000,341.93,341.97,340.72,341.41,469.657
1785201300000,341.59,341.83,340.88,340.88,70.647
1785202200000,340.94,341.67,340.75,340.91,104.07
1785203100000,340.89,341.01,340.57,340.69,52.11
1785204000000,340.69,341.2,340.38,340.91,209.964
1785204900000,341.01,341.86,341.01,341.72,28.927
1785205800000,341.55,341.91,340.88,340.99,39.882
1785206700000,340.81,341.38,340.57,341.25,5.567
1785207600000,341.34,341.65,341.33,341.58,12.778
1785208500000,341.68,342.1,340.82,340.93,36.005
1785209400000,340.89,342.14,340.76,342.1,19.446
1785210300000,342.16,342.16,341.66,341.66,39.029
1785211200000,341.6,341.92,341.54,341.92,26.59
1785212100000,341.85,342.26,341.84,342.16,4.662
1785213000000,342.2,342.2,341.85,341.86,12.323
1785213900000,341.88,342.74,341.88,342.58,18.86
1785214800000,342.52,342.79,342,342,108.718
1785215700000,341.93,342.02,341.85,341.85,39.026
1785216600000,341.85,341.85,341.48,341.54,47.79
1785217500000,341.57,342.08,341.57,341.68,102.631
1785218400000,341.69,341.74,341.1,341.27,22.169
1785219300000,341.4,341.61,341.1,341.45,6.542
1785220200000,341.5,341.84,341.22,341.41,25.898
1785221100000,341.41,341.46,341.2,341.3,18.99
1785222000000,341.35,341.64,341.19,341.29,7.482
1785222900000,341.36,341.78,341.09,341.09,17.17
1785223800000,341.1,342.27,341.1,341.21,51.575
1785224700000,341.19,342.17,341.1,341.67,33.874
1785225600000,341.66,341.72,340.78,340.86,117.085
1785226500000,340.93,341.58,340.91,341.31,61.577
1785227400000,341.21,341.61,341.07,341.61,22.751
1785228300000,341.59,342.33,341.4,342.01,162.585
1785229200000,341.7,343.69,341.64,342.71,53.121
1785230100000,342.78,344.44,342.75,343.11,178.912
1785231000000,343.16,343.3,342.47,343.03,10.686
1785231900000,342.96,344.7,342.96,344.22,37.332
1785232800000,344.21,344.53,342.42,342.58,176.746
1785233700000,342.43,343.28,341.4,341.4,124.836
1785234600000,341.49,342.08,340.89,342,251.884
1785235500000,342.05,342.42,341.86,342.1,31.603
1785236400000,342.29,342.3,341.29,341.39,40.7
1785237300000,341.44,342.6,341.44,341.95,22.892
1785238200000,342.1,342.1,339.4,339.85,516.003
1785239100000,340.02,340.59,339.52,339.99,248.039
1785240000000,339.96,340,339.1,340,251.91
1785240900000,339.92,340.34,339.8,340.17,38.871
1785241800000,340.24,341.03,338.98,340.38,60.878
1785242700000,340.73,341.6,340.64,341.21,180.711
1785243600000,341.2,341.55,340.52,341.14,114.732
1785244500000,341.11,341.2,339.7,339.88,187.922
1785245400000,339.75,339.75,337.18,337.7,903.546
1785246300000,337.79,337.79,336.17,336.45,216.791
1785247200000,336.69,338.05,336.03,337.3,122.705
1785248100000,337.43,337.43,336.09,336.77,81.368
1785249000000,336.95,337.8,336.73,337.8,58.153
1785249900000,337.87,339.3,336.94,337.5,582.288
1785250800000,337.5,337.71,335.84,335.9,84.518
1785251700000,335.94,337.98,334.89,336.92,297.15
1785252600000,336.85,337.16,335.5,337.01,314.876
1785253500000,336.99,338.28,336.97,337.92,148.564
1785254400000,337.74,338.39,336.79,336.85,376.367
1785255300000,336.95,338,336.5,336.7,84.547
1785256200000,336.71,337.99,336.5,337.36,74.841
1785257100000,337.51,338.34,337.32,337.71,231.922
1785258000000,337.87,338.09,337.16,337.77,166.793
1785258900000,337.93,338.31,336.4,336.45,165.379
1785259800000,336.4,336.49,335.34,335.34,70.365
1785260700000,335.32,337.64,335.22,337.54,99.502
1785261600000,337.49,340.61,337.26,338.96,306.731
1785262500000,338.93,340.53,338.92,340.07,98.618
1785263400000,340.01,340.01,339.05,339.84,270.319
1785264300000,339.91,340.75,339.72,339.9,37.738
1785265200000,339.86,340.24,338.69,339.07,87.848
1785266100000,338.91,339.49,338.76,339.22,104.61
1785267000000,338.98,339.26,338.31,338.43,15.225
1785267900000,338.34,338.48,337.83,338.34,64.529
1785268800000,338.29,338.33,337.48,338.1,168.91
1785269700000,337.99,339.49,337.99,338.71,52.371
1785270600000,338.4,339.58,338.19,339.58,91.549
1785271500000,339.28,340.69,339.15,340.58,93.911
1785272400000,340.37,341.14,340.27,340.5,42.258
1785273300000,340.28,340.68,339.73,340.58,128.874
1785274200000,340.26,340.7,340.06,340.41,75.662
1785275100000,340.4,340.66,339.86,339.96,40.026
1785276000000,339.96,340.51,339.49,339.96,167.407
1785276900000,339.96,340.09,339.02,339.84,227.832
1785277800000,339.7,339.88,339,339.34,15.766
1785278700000,339.22,341.12,338.6,341.01,111.78
1785279600000,340.82,341.54,340.6,341.31,252.357
1785280500000,341.29,341.29,340.1,341.07,59.269
1785281400000,340.94,342.08,340.6,342.01,35.252
1785282300000,342.01,342.16,341.23,341.86,29.766
1785283200000,341.82,342.4,341.69,342.28,36.97
1785284100000,342.34,342.8,341.92,342.15,51.96
1785285000000,342.36,342.79,341.59,342.78,22.413
1785285900000,342.71,343.28,342.59,343.11,43.255
1785286800000,343.16,343.34,342.01,342.28,22.37
1785287700000,342.31,343.24,341.87,343.24,33.907
1785288600000,343.21,344.79,343.12,344.39,63.892
1785289500000,344.42,345,343.87,344.32,74.856
1785290400000,344.15,344.15,341,342,92.485
1785291300000,342,344.08,341.58,343.94,30.587
1785292200000,344,344.73,343.83,344.64,31.337
1785293100000,344.72,345.36,344.39,344.64,24.732
1785294000000,345.1,346.07,344.54,345.9,74.1
1785294900000,345.81,346.52,345.69,345.87,28.495
1785295800000,345.87,346.25,345.08,345.78,354.216
1785296700000,345.92,346.53,345.43,346.12,37.413
1785297600000,346.14,347.29,345.03,347.29,427.979
1785298500000,347.19,347.19,345,346.88,84.168
1785299400000,346.88,347.35,346.19,346.32,286.399
1785300300000,346.55,347.5,346.02,346.29,44.835
1785301200000,346.6,347.5,346.56,347.5,19.263
1785302100000,347.5,347.67,347.07,347.53,7.872
1785303000000,347.47,347.98,347.33,347.86,32.007
1785303900000,347.78,347.81,347.38,347.75,41.684
1785304800000,347.71,348.27,347.56,348.14,31.601
1785305700000,348.16,350.76,347.37,349.85,187.539
1785306600000,349.82,350.42,349.62,349.98,66.268
1785307500000,349.78,350.42,348.3,350.41,74.937
1785308400000,350.24,351.69,349.67,351.41,406.724
1785309300000,351.42,351.62,348.46,348.61,199.629
1785310200000,349.17,350.05,347.8,348.81,199.196
1785311100000,348.92,350.69,348.32,348.92,283.758
1785312000000,349.05,350.33,348.2,348.2,99.495
1785312900000,348.27,348.95,348.03,348.31,67.191
1785313800000,348.37,349.38,348.37,349.16,17.983
1785314700000,349.18,349.34,347.62,348.27,248.647
1785315600000,348.27,349.05,347.76,347.76,57.782
1785316500000,347.82,348.27,347.61,347.95,18.22
1785317400000,347.99,349.3,346.65,348.6,413.848
1785318300000,348.52,349.5,348.06,349.5,55.634
1785319200000,349.49,349.75,349.44,349.75,11.949
1785320100000,349.66,349.87,349.39,349.83,20.916
1785321000000,349.82,349.82,348.54,349.16,333.339
1785321900000,349.26,349.32,347,347,152.122
1785322800000,347.07,347.98,346.53,347.65,175.364
1785323700000,347.81,348.46,347.25,348.45,81.336
1785324600000,348.46,348.75,347.92,348.38,94.913
1785325500000,348.29,348.92,348.14,348.91,57.817
1785326400000,348.95,348.95,346.18,346.44,112.453
1785327300000,346.4,348.25,345.39,347.71,134.241
1785328200000,347.36,349.12,346.83,349.12,67.286
1785329100000,349.14,349.73,348.51,349.49,106.421
1785330000000,349.48,351.23,349.41,351.14,241.367
1785330900000,350.95,351.25,349.71,351.25,150.438
1785331800000,351.22,352.21,351.22,351.77,384.861
1785332700000,351.87,351.9,350.37,351.54,234.748
1785333600000,351.2,353.22,351.2,352.24,830.739
1785334500000,352.2,353.42,351.71,352.25,388.956
1785335400000,352.35,353.34,351.51,351.72,358.909
1785336300000,351.64,353.57,351.53,352.44,333.861
1785337200000,352.46,353.36,351.87,352.03,309.582
1785338100000,352.04,352.22,350.03,350.89,399.229
1785339000000,350.84,352.27,350.62,351.38,295.033
1785339900000,351.4,352.35,350.52,350.69,357.693
1785340800000,350.69,351.49,350.03,351.49,223.311
1785341700000,351.5,353.78,351.36,353.71,310.348
1785342600000,353.63,353.79,351.8,351.8,73.339
1785343500000,351.58,352.99,351.24,352.08,394.356
1785344400000,352.44,353.5,352.43,352.53,107.542
1785345300000,352.54,353.15,351.36,352.42,74.217
1785346200000,352.3,353.26,352.3,352.77,43.183
1785347100000,352.69,354.43,352.17,354.26,83.994
1785348000000,354.23,354.94,353.59,353.61,309.192
1785348900000,353.71,354.98,353.67,354.87,114.212
1785349800000,354.88,355,353.11,354.63,106.945
1785350700000,354.57,355.19,354.4,354.71,166.541
1785351600000,354.75,354.8,353.82,353.82,61.411
1785352500000,353.79,353.79,350.44,350.82,468.067
1785353400000,351,352.99,350.96,352.27,80.628
1785354300000,352.26,352.34,350.39,351.23,66.844
1785355200000,351.36,352.45,351.24,352.37,87.526
1785356100000,352.36,352.63,351.21,351.21,28.481
1785357000000,351.3,351.5,350.04,350.22,767.798
1785357900000,350.07,351.33,350.06,350.47,89.744
1785358800000,350.7,352.19,349.99,351.99,146.026
1785359700000,351.9,352.5,351.14,352.34,74.388
1785360600000,352.39,352.42,350.24,350.73,809.929
1785361500000,350.69,352.06,350.58,352.06,254.195
1785362400000,351.99,354,351.88,353.91,114.56
1785363300000,353.9,354,352.5,353.03,116.892
1785364200000,353.02,353.17,352.36,352.49,62.613
1785365100000,352.44,353.1,352,352.52,34.574
1785366000000,352.38,353.26,351.75,352.63,62.284
1785366900000,352.69,353.33,352.45,353.26,57.624
1785367800000,353.33,353.82,352.91,353.42,54.864
1785368700000,353.31,353.7,353.15,353.54,32.516
1785369600000,353.41,354,353.41,353.96,160.121
1785370500000,353.86,353.97,352.92,353.86,99.247
1785371400000,353.83,354.18,352.8,352.8,24.882
1785372300000,352.8,352.8,351.46,351.86,133.317
1785373200000,351.92,352.76,351.87,352.51,51.87
1785374100000,352.72,353.76,352.72,353.7,34.606
1785375000000,353.46,354.14,353.39,354.14,108.146
1785375900000,354.03,354.2,353.67,353.88,61.423
1785376800000,353.87,353.95,353.26,353.61,71.249
1785377700000,353.49,353.49,352.68,352.91,108.718
1785378600000,352.89,353.02,352.52,352.92,62.188
1785379500000,352.86,353.46,352.73,353,100.918
1785380400000,352.95,353.14,352.31,352.49,52.152
1785381300000,352.53,353.35,352.53,353.35,46.271
1785382200000,353.34,353.56,353.16,353.56,68.795
1785383100000,353.56,353.59,353.29,353.55,44.153
1785384000000,353.44,353.59,353.11,353.43,15.832
1785384900000,353.39,353.87,353.3,353.63,39.72
1785385800000,353.58,353.61,353.29,353.29,13.16
1785386700000,353.38,353.61,353.26,353.61,21.809
1785387600000,353.52,353.6,352.1,352.95,81.435
1785388500000,353.01,353.81,353.01,353.07,50.85
1785389400000,353.12,353.24,352.79,352.92,18.225
1785390300000,353.06,353.54,352.96,353.54,32.724
1785391200000,353.58,353.91,353.07,353.91,33.702
1785392100000,354,354.89,353.63,354.84,39.053
1785393000000,354.89,356.06,354.85,355.88,394.713
1785393900000,355.88,355.88,355.43,355.79,35.325
1785394800000,355.71,355.91,354.74,355.28,68.685
1785395700000,355.31,355.54,354.79,355.29,18.652
1785396600000,355.25,355.81,354.76,355.79,17.27
1785397500000,355.84,355.99,355.38,355.46,92.163
1785398400000,355.79,355.79,354.74,354.83,89.757
1785399300000,354.96,354.98,354.06,354.88,92.659
1785400200000,355,356.11,354.6,356.06,77.665
1785401100000,356.04,356.29,355.97,356.25,28.534
1785402000000,356.12,356.61,355.45,355.71,95.064
1785402900000,355.74,356.87,355.7,356.87,45.26
1785403800000,356.75,357.12,356.02,357.12,96.286
1785404700000,357.31,357.9,357.05,357.76,57.525
1785405600000,357.76,359.03,357.31,357.56,316.444
1785406500000,357.45,358.34,356.74,357.75,174.043
1785407400000,357.81,358.31,356.16,357.48,92.842
1785408300000,357.38,357.38,356.51,356.93,38.667
1785409200000,356.93,357.77,356.1,357.65,33.227
1785410100000,357.7,358.33,357,357.1,26.315
1785411000000,357.37,360,357.37,359.07,79.853
1785411900000,359.12,360,358.82,359.77,108.11
1785412800000,359.75,360.6,358.7,359.19,131.292
1785413700000,359.21,359.28,357.21,357.75,181.832
1785414600000,357.82,360.47,357.47,359.45,124.335
1785415500000,359.89,360.18,359.45,360.11,337.983
1785416400000,360.1,360.92,359.21,359.92,140.683
1785417300000,360.09,360.97,360,360.97,47.345
1785418200000,360.66,360.73,358.59,359.84,77.797
1785419100000,359.85,361.86,359.85,361.85,48.125
1785420000000,361.76,361.76,359.06,359.15,95.481
1785420900000,359.58,360,358.07,358.08,576.087
1785421800000,358.26,359,357.71,358.67,305.966
1785422700000,358.38,358.89,355.42,355.42,321.366
1785423600000,355.42,356.95,355.42,356.22,178.911
1785424500000,356.23,358.01,356.07,358.01,96.218
1785425400000,357.92,359.63,357.41,359.63,138.709
1785426300000,359.52,359.52,358.56,359.28,57.918
1785427200000,359.33,359.67,358.37,359,64.906
1785428100000,358.59,358.88,358.25,358.42,44.672
1785429000000,358.42,358.59,356.5,356.5,48.437
1785429900000,356.5,358.5,356.48,356.57,69.613
1785430800000,356.78,357.77,356.72,356.72,73.146
1785431700000,356.75,357.41,356.06,356.38,68.842
1785432600000,356.4,358.4,356.4,358.31,64.681
1785433500000,358.49,359.5,357.77,359.14,64.59
1785434400000,358.94,359.7,358.69,359.55,52.915
1785435300000,359.46,360.32,358.94,359.35,104.667
1785436200000,359.29,360.4,358.99,360.4,84.011
1785437100000,360.33,361.06,360.33,360.85,143.269
1785438000000,360.85,361.4,359.94,359.94,179.643
1785438900000,359.86,361.18,359.67,360.7,141.369
1785439800000,360.76,362.39,360.49,362.27,230.114
1785440700000,362.11,363.36,361.75,362.65,327.7
1785441600000,362.55,364.91,362.33,364.03,173.091
1785442500000,363.94,364.36,362.09,362.89,211.443
1785443400000,362.98,365,362.77,364.79,84.291
1785444300000,364.73,365.74,364.72,365.33,153.806
1785445200000,365.34,366.18,364.66,366,145.23
1785446100000,365.85,366.18,364.53,366.07,92.813
1785447000000,366.05,367.46,365.83,367.26,226.105
1785447900000,367.23,367.74,366.42,367.74,100.653
1785448800000,367.6,368,366.6,367.91,283.554
1785449700000,367.9,367.91,367.27,367.78,145.646
1785450600000,367.64,367.87,365.88,366.15,92.352
1785451500000,366.26,366.49,365.54,365.78,100.457
1785452400000,365.82,366.35,365.26,365.72,50.421
1785453300000,365.77,365.9,364.27,364.83,147.935
1785454200000,364.89,364.9,362.61,362.75,305.249
1785455100000,362.66,362.82,359.98,360.23,2874.942
1785456000000,360.58,361.2,360.03,360.32,412.058
1785456900000,360.32,361.04,359.84,360.62,488.295
1785457800000,360.77,361,359.61,360.44,281.057
1785458700000,360.43,360.91,358.01,358.03,409.07
1785459600000,358.03,360.75,358.03,360.68,414.094
1785460500000,360.8,361.37,360.17,360.79,329.379
1785461400000,360.79,361.38,360.05,360.1,265.266
1785462300000,360.12,360.45,359.06,359.39,358.03
1785463200000,359.43,359.74,359.06,359.07,253.824
1785464100000,359.16,359.18,358.49,358.49,286.867
1785465000000,358.48,358.77,358.12,358.21,351.824
1785465900000,358.15,358.2,356.58,356.65,308.082
1785466800000,356.98,357.18,356.4,356.6,288.609
1785467700000,356.61,357.19,356.27,356.33,384.306
1785468600000,356.46,357.19,356.28,357.07,324.62
1785469500000,357.04,357.74,356.81,357.4,303.968
1785470400000,357.51,358.77,357.47,358.48,350.21
1785471300000,358.57,358.75,355.46,355.89,520.283
1785472200000,356.03,356.43,355.06,355.45,307.769
1785473100000,355.45,355.99,354.25,354.53,286.467
1785474000000,354.58,355.32,354.55,355.09,330.608
1785474900000,355.09,356.12,354.77,355.93,359.926
1785475800000,355.93,355.94,355.24,355.6,346.721
1785476700000,355.6,356.21,354.75,355.24,378.63
1785477600000,355.17,355.29,353.51,353.98,426.373
1785478500000,353.88,354.09,353.68,353.96,362.774
1785479400000,353.96,354.13,353.02,353.02,304.066
1785480300000,353.01,353.63,352.54,353.12,317.809
1785481200000,352.96,353.27,352.39,352.68,323.336
1785482100000,352.71,352.82,351.25,351.27,389.384
1785483000000,351.28,352.53,351.27,352.26,379.204
1785483900000,352.31,352.69,351.23,351.28,270.403
1785484800000,351.28,353,351.23,352.89,329.226
1785485700000,352.89,354.59,352.5,354.46,347.032
1785486600000,354.59,355.1,354.22,354.26,313.919
1785487500000,354.13,354.9,353.97,354.72,273.321
1785488400000,354.66,354.83,352.47,353,306.395
1785489300000,353,353.05,351.92,352.56,283.586
1785490200000,352.56,352.71,352.05,352.23,365.776
1785491100000,352.22,352.86,352.12,352.64,295.645
1785492000000,352.62,352.99,352.28,352.3,320.731
1785492900000,352.3,352.96,352.04,352.52,343.073
1785493800000,352.43,352.71,351.68,352.61,337.844
1785494700000,352.73,352.73,351.88,352.38,334.528
1785495600000,352.38,353.11,352.16,352.47,313.556
1785496500000,352.47,352.61,351.49,352.08,390.498
1785497400000,352.03,352.03,350,350.04,383.661
1785498300000,350.08,350.45,349.81,350.09,316.309
1785499200000,350.09,350.67,349.54,349.83,303.53
1785500100000,349.83,350.29,349.58,349.75,431.351
1785501000000,349.81,351.27,349.7,350.59,394.477
1785501900000,350.59,350.89,349.62,350.07,312.56
1785502800000,350.07,350.12,348.69,348.96,367.39
1785503700000,348.97,350.9,348.97,350.24,382.403
1785504600000,350.24,350.35,348.32,348.69,416.829
1785505500000,348.69,348.85,347.76,348.24,332.613
1785506400000,348.15,348.36,347.04,347.87,403.634
1785507300000,347.89,349.23,347.67,349.14,249.47
1785508200000,349.17,352.18,349.08,351.38,240.965
1785509100000,351.38,353.03,351.12,351.14,293.048
1785510000000,351.15,353.09,350.63,352.82,301.945
1785510900000,352.8,353.09,350.17,351.93,296.41
1785511800000,351.97,352.6,351.33,351.68,450.928
1785512700000,351.69,353.27,351.26,352.59,223.385
1785513600000,352.62,356.41,352.5,355.68,399.884
1785514500000,355.68,357.19,355.49,356.87,339.104
1785515400000,356.92,357.22,356.16,357.07,605.516
1785516300000,357.08,358.55,356.67,358.29,422.372
1785517200000,358.29,358.55,357.05,357.38,240.547
1785518100000,357.31,358.41,356.86,357.34,253.172
1785519000000,357.16,357.16,354.1,355.37,642.46
1785519900000,355.46,355.62,354.8,354.8,183.722
1785520800000,354.81,355.08,353.43,353.44,211.929
1785521700000,353.44,353.55,352.4,352.87,313.543
1785522600000,353,353.2,352.28,352.68,194.132
1785523500000,352.75,352.83,352.1,352.36,274.351
1785524400000,352.38,352.9,351.82,352.72,286.708
1785525300000,352.74,353.28,352.49,353.05,218.026
1785526200000,353.05,353.48,352.96,353.1,329.39
1785527100000,353.11,353.54,352.86,352.99,410.719
1785528000000,352.99,353.27,352,352.91,401.989
1785528900000,352.92,353.13,352.29,352.64,226.595
1785529800000,352.64,354.89,351.76,354.89,556.786
1785530700000,354.72,355.77,354.72,355.64,205.073
1785531600000,355.72,355.72,354.99,355.49,169.459
1785532500000,355.54,355.67,354.89,355.27,172.712
1785533400000,355.27,355.83,355.08,355.14,167.959
1785534300000,355.14,355.95,355.08,355.38,199.424
1785535200000,355.38,356.45,355.27,356.24,253.395
1785536100000,356.29,357.65,356.21,357.07,385.142
1785537000000,356.99,358.77,356.98,358.53,358.195
1785537900000,358.52,358.67,357.88,358.52,270.748
1785538800000,358.37,358.68,357.43,358.25,191.249
1785539700000,358.26,358.77,358.03,358.67,231.656
1785540600000,358.66,358.81,358.44,358.44,212.762
1785541500000,358.44,358.71,358.24,358.24,184.142
1785542400000,358.24,359.54,358.24,359.44,324.199
1785543300000,359.4,360.3,359.36,360.19,231.768
1785544200000,360.06,360.54,359.77,360.54,207.983
1785545100000,360.54,360.75,359.93,360.06,190.719
1785546000000,360.06,361,360.05,360.99,483.71
1785546900000,360.99,362.39,360.99,362.37,338.924
1785547800000,362.33,362.55,362.06,362.29,236.419
1785548700000,362.35,362.47,362.18,362.37,257.426
1785549600000,362.36,363.58,362.27,363.42,300.548
1785550500000,363.35,363.74,362.99,363.65,259.586
1785551400000,363.65,363.74,363.14,363.47,273.71
1785552300000,363.47,364.05,363.36,363.93,253.025
1785553200000,363.93,364.4,363.49,364.29,249.792
1785554100000,364.29,364.94,364.13,364.79,372.494
1785555000000,364.77,365.47,364.2,365.46,1320.615
1785555900000,365.39,365.74,365.07,365.16,293.914
1785556800000,365.16,365.74,365.14,365.63,393.544
1785557700000,365.62,367,365.62,366.89,452.118
1785558600000,366.85,367.32,365.74,366.09,343.151
1785559500000,366.09,367.32,366.09,366.98,154.594
1785560400000,367.07,367.23,365.55,365.6,118.185
1785561300000,365.61,365.81,365.45,365.61,40.738
1785562200000,365.61,366,365.24,365.4,81.657
1785563100000,365.34,365.63,364.92,365.35,31.516
1785564000000,365.43,365.46,364.62,365.03,164.802
1785564900000,365.06,365.28,364.26,365.27,49.632
1785565800000,365.28,365.84,364.94,365.14,35.505
1785566700000,365.08,365.21,364.83,365.11,15.073
1785567600000,365.3,367.34,365.11,366.95,68.757
1785568500000,366.96,367.15,365.5,366.09,43.647
1785569400000,366.39,366.65,365.55,365.72,39.338
1785570300000,365.75,365.75,364.1,364.28,84.227
1785571200000,364.2,365.26,364.2,364.54,160.772
1785572100000,364.61,365.28,364.54,365.2,26.28
1785573000000,365.04,365.15,364.42,364.97,35.827
1785573900000,365.02,365.43,364.98,365.23,61.641
1785574800000,365.15,365.88,365.07,365.88,51.877
1785575700000,365.74,366.34,365.74,365.93,178.729
1785576600000,365.81,365.91,364.86,364.86,96.117
1785577500000,364.7,365.27,364.14,364.14,57.386
1785578400000,364.41,364.43,362.68,363.15,566.836
1785579300000,363.41,363.97,362.77,362.86,51.178
1785580200000,362.99,363.51,362.79,363.28,106.648
1785581100000,363.28,363.91,363.28,363.5,104.317
1785582000000,363.55,363.84,363.25,363.66,58.607
1785582900000,363.42,363.54,362.93,363.22,219.408
1785583800000,363.22,363.42,362.98,363.35,14.051
1785584700000,363.35,363.93,363,363.27,263.908
1785585600000,363.19,363.19,362.1,362.1,58.985
1785586500000,362.27,362.66,361.82,361.95,89.9
1785587400000,361.92,362.41,361.43,361.43,98.436
1785588300000,361.66,362.97,361.53,362.83,69.458
1785589200000,362.82,362.87,360.37,360.57,175.247
1785590100000,360.48,360.83,359.79,360.37,445.68
1785591000000,360.69,360.82,360.32,360.68,66.798
1785591900000,360.81,362.31,360.81,362.31,112.801
1785592800000,362.31,362.39,361.2,361.28,116.032
1785593700000,361.3,361.3,360.06,360.16,70.792
1785594600000,360.23,360.97,360.06,360.33,24.537
1785595500000,360.23,360.23,357.96,359.06,178.785
1785596400000,359.07,359.66,358.07,358.07,27.899
1785597300000,358.09,358.77,357.74,358.18,38.67
1785598200000,358.03,360,357.84,358.31,146.091
1785599100000,358.32,359.28,358.22,359.28,282.18
1785600000000,359.32,361.67,359.32,361.36,103.582
1785600900000,361.31,362.69,361.01,361.56,84.887
1785601800000,361.51,363,361.35,362.13,87.162
1785602700000,361.9,362.16,361.51,361.51,17.904
1785603600000,361.52,361.73,360.4,360.93,28.978
1785604500000,360.79,362.03,360.66,361.57,32.182
1785605400000,361.61,363.5,361.37,363.34,253.839
1785606300000,363.12,363.51,362.23,362.99,38.323
1785607200000,363.01,363.58,362.44,362.75,240.076
1785608100000,362.82,363.01,361.31,362.53,54.609
1785609000000,362.52,363.63,361,363.31,68.399
1785609900000,362.9,363.8,362.8,363.49,77.798
1785610800000,363.39,363.87,362.49,362.84,109.285
1785611700000,362.78,364.24,359.78,364.22,452.198
1785612600000,364.2,364.27,364.11,364.21,70.027
1785613500000,364.23,364.27,363.31,363.44,103.979
1785614400000,363.49,364.06,363.22,363.54,23.613
1785615300000,363.58,363.96,362.16,362.22,34.297
1785616200000,362.15,362.55,361.66,362.14,31.066
1785617100000,361.98,362.5,361.61,362.5,60.018
1785618000000,362.62,362.97,362.39,362.66,42.195
1785618900000,362.65,362.9,362.22,362.9,35.61
1785619800000,363,363,361.56,361.74,39.929
1785620700000,361.93,361.93,360.88,361.45,97.264
1785621600000,361.37,361.68,360.98,361,14.341
1785622500000,361.03,362.68,360.93,362.62,22.223
1785623400000,362.61,362.61,361.96,362.15,17.638
1785624300000,362.16,363.51,361.82,363.51,12.623
1785625200000,363.37,363.67,363.33,363.34,64.362
1785626100000,363.39,363.39,362.96,363.24,14.097
1785627000000,363.31,364.05,363.1,364.05,21.028
1785627900000,364.17,364.27,363.64,363.75,363.732
1785628800000,363.81,364.5,363.68,364.5,207.596
1785629700000,364.49,364.57,362.52,362.85,72.043
1785630600000,362.96,364.43,362.6,364.04,441.475
1785631500000,364.04,365,363.69,364.45,290.664
1785632400000,364.38,364.96,363.98,364.96,31.635
1785633300000,364.94,365,364.68,364.68,196.059
1785634200000,364.66,364.91,364.36,364.8,43.717
1785635100000,364.69,365,364.57,364.59,40.507
1785636000000,364.6,365.4,364.15,364.57,168.274
1785636900000,364.6,365.08,364.01,364.14,98.329
1785637800000,364.1,364.51,364.04,364.36,11.422
1785638700000,364.36,365.14,364.36,365.14,9.602
1785639600000,365.32,365.32,363.78,364.14,17.046
1785640500000,364.17,365.36,364.17,364.91,28.097
1785641400000,364.95,364.95,364.31,364.79,86.445
1785642300000,364.85,364.92,364.29,364.88,13.809
1785643200000,364.88,365.21,364.34,365.21,10.937
1785644100000,365.25,365.47,364.99,365.42,20.615
1785645000000,365.15,365.74,365.1,365.59,83.934
1785645900000,365.61,365.73,365.24,365.24,5.941
1785646800000,365.14,365.36,364.84,365.14,12.656
1785647700000,365.13,365.31,364.81,365.16,7.489
1785648600000,365.21,365.53,364.98,365.19,19.077
1785649500000,365.22,365.74,365.2,365.36,14.206
1785650400000,365.38,365.38,364.8,365.15,42.421
1785651300000,365.24,365.24,364.71,364.9,24.137
1785652200000,364.88,365.65,364.84,365.47,42.259
1785653100000,365.33,365.63,365.05,365.16,44.823
1785654000000,365.12,365.27,365.04,365.23,33.83
1785654900000,365.31,366,362.74,362.74,405.008
1785655800000,362.74,362.74,360.74,361.67,162.209
1785656700000,361.63,361.63,359.17,360.04,155.767
1785657600000,360.45,361.2,360.05,360.75,74.664
1785658500000,360.81,361.47,360.62,361.1,67.799
1785659400000,361,361.55,360.94,361.13,12.322
1785660300000,360.98,361.73,360.96,361.64,131.179
1785661200000,361.7,362.46,361.65,362.44,98.498
1785662100000,362.45,362.6,362.04,362.04,76.629
1785663000000,362.13,362.4,362.13,362.4,12.45
1785663900000,362.35,362.44,361.95,362.13,76.206
1785664800000,362.15,362.38,362.08,362.21,36.565
1785665700000,362.28,362.46,361.49,361.49,105.421
1785666600000,361.5,362.02,360.76,361.29,99.147
1785667500000,361.27,362.13,361.27,362.13,32.951
1785668400000,362.1,362.69,361.79,361.92,50.41
1785669300000,361.83,362.26,361.46,361.77,16.439
1785670200000,361.66,362.02,361.42,361.47,19.162
1785671100000,361.36,362.01,361.31,362.01,14.545
1785672000000,361.65,362.02,361.08,361.87,93.583
1785672900000,361.95,362.85,361.95,362.81,137.312
1785673800000,362.75,363.15,362.56,362.56,61.09
1785674700000,362.48,363.45,362.34,363.35,111.055
1785675600000,363.28,363.34,362.51,362.62,88.412
1785676500000,362.6,364.11,362,363.93,112.501
1785677400000,363.97,364.66,363.79,364.64,110.196
1785678300000,364.74,365.38,364.63,364.65,119.572
1785679200000,364.65,364.65,364,364.12,61.066
1785680100000,364.09,364.19,363.37,364.18,205.537
1785681000000,364.19,364.4,364.01,364.31,3.35
1785681900000,364.28,364.69,364.18,364.2,18.008
1785682800000,364.21,364.25,363.37,364.12,60.803
1785683700000,364.15,364.92,363.21,363.5,54.689
1785684600000,363.46,363.94,363.23,363.71,14.907
1785685500000,363.6,363.61,363,363.53,26.143
1785686400000,363.4,363.82,363.23,363.6,46.2
1785687300000,363.93,364.31,363.7,364.3,29.86
1785688200000,364.29,364.29,363.54,363.9,9.314
1785689100000,363.9,365.51,363.66,364.91,47.572
1785690000000,364.56,365.26,364.5,364.57,22.835
1785690900000,364.55,364.83,364.33,364.51,10.278
1785691800000,364.46,364.46,363.61,364.05,39.224
1785692700000,364.16,364.47,363.64,364.01,27.755
1785693600000,364.09,364.13,363,363.77,21.643
1785694500000,363.72,364.41,363.36,363.37,74.309
1785695400000,363.78,364.31,362.92,364.05,35.139
1785696300000,364.1,364.31,363.89,363.91,9.966
1785697200000,363.99,364.31,363.7,363.81,115.519
1785698100000,363.82,365,363.2,364.67,72.283
1785699000000,364.56,364.69,364.32,364.56,17.514
1785699900000,364.5,364.85,364.4,364.47,7.166
1785700800000,364.37,364.72,364.27,364.72,45.863
1785701700000,364.76,364.99,364.34,364.4,55.556
1785702600000,364.41,364.69,364.1,364.43,72.561
1785703500000,364.43,364.78,364.18,364.74,54.517
1785704400000,364.77,365.66,364.56,365.43,25.491
1785705300000,365.54,365.74,364.92,365.03,16.165
1785706200000,365.19,365.33,364.53,365.03,81.978
1785707100000,365.18,365.29,364.55,364.84,26.159
1785708000000,364.84,365.75,364.61,365.75,136.753
1785708900000,365.59,365.74,364.98,365.04,38.704
1785709800000,364.98,364.98,364.3,364.86,14.386
1785710700000,364.89,365.14,364.87,365.14,20.047
1785711600000,365.18,365.18,364.61,364.9,14.37
1785712500000,364.72,365.06,364.52,364.77,4.331
1785713400000,364.64,364.64,364.29,364.52,8.556
1785714300000,364.51,365.01,364.5,365.01,220.979
1785715200000,365,365.59,364.79,365.08,408.843
1785716100000,365.01,365.08,364.46,364.46,34.158
1785717000000,364.47,365,364.39,364.51,6.654
1785717900000,364.61,365.21,364.53,364.66,11.94
1785718800000,364.66,365.12,364.34,364.37,46.281
1785719700000,364.36,365.02,364.07,364.71,90.604
1785720600000,364.83,365.61,364.81,365.61,26.738
1785721500000,365.57,365.74,365.48,365.54,14.427
1785722400000,365.43,365.73,365.15,365.73,41.785
1785723300000,365.75,365.85,364.58,364.76,57.602
1785724200000,364.81,365.54,364.75,365.33,29.604
1785725100000,365.33,365.37,364.8,365.1,21.098
1785726000000,365.1,365.53,364.95,365.35,19.415
1785726900000,365.36,365.59,365.15,365.23,32.197
1785727800000,365.19,365.23,364.38,364.54,53.221
1785728700000,364.67,364.84,364.4,364.67,16.189
1785729600000,364.68,364.69,363.93,363.97,61.223
1785730500000,364.02,364.41,363.75,363.79,79.19
1785731400000,363.89,364.16,363.55,363.57,32.735
1785732300000,363.61,363.61,362.69,363.24,76.516
1785733200000,363.25,364,362.71,363.63,98.369
1785734100000,363.54,363.65,363.01,363.13,9.535
1785735000000,363,363.3,362.83,363.15,59.437
1785735900000,363.17,363.49,363.15,363.18,6.085
1785736800000,363.15,363.15,362.79,362.93,5.715
1785737700000,362.92,363.06,362.62,362.62,4.992
1785738600000,362.69,363.07,362,362,45.541
1785739500000,361.96,362.26,361.84,362.17,55.759
1785740400000,362.16,363.2,361.73,362.86,107.727
1785741300000,362.56,363,362.28,362.73,59.053
1785742200000,362.67,363,362.65,362.84,64.795
1785743100000,363,363,362.77,362.86,43.109
1785744000000,362.58,362.58,361.42,362.1,192.947
1785744900000,362.17,362.93,362.13,362.85,155.556
1785745800000,362.91,363.56,362.51,362.69,164.839
1785746700000,362.97,363.29,361.96,362.65,70.193
1785747600000,362.77,363.6,362.55,363.41,124.568
1785748500000,363.49,363.5,363.16,363.5,106.744
1785749400000,363.5,363.94,363.07,363.25,35.183
1785750300000,363.25,364,363.23,364,136.785
1785751200000,364,364,363.3,363.3,65.661
1785752100000,363.61,364.5,363.61,364.16,90.625
1785753000000,364.11,364.11,363.56,363.75,5.891
1785753900000,363.7,363.79,363.33,363.69,79.782
1785754800000,363.69,363.79,361.6,361.83,156.86
1785755700000,362.12,362.12,361.6,361.66,237.931
1785756600000,361.71,361.82,361.6,361.6,337.815
1785757500000,361.6,361.6,361.23,361.34,49.171
1785758400000,361.25,361.43,360.32,361.22,293.72
1785759300000,361.19,361.2,360.79,360.84,54.227
1785760200000,360.99,362.21,360.99,362.21,340.564
1785761100000,361.95,362.02,361.41,361.54,87.749
1785762000000,361.46,362.77,361.46,362.5,102.63
1785762900000,362.22,362.78,361.46,361.63,119.823
1785763800000,361.57,362.8,361.57,362.52,158.671
1785764700000,362.42,362.97,361.6,361.94,95.67
1785765600000,361.89,361.91,361.34,361.75,86.14
1785766500000,361.67,363.26,361.48,362.96,92.753
1785767400000,362.93,363.99,362.93,363.67,106.318
1785768300000,363.55,363.66,362.97,363.38,38.749
1785769200000,363.44,363.73,362.85,362.91,86.455
1785770100000,362.91,363.75,362.61,362.72,165.148
1785771000000,362.89,363.74,362.33,362.37,66.848
1785771900000,362.39,362.39,361.07,361.14,32.05
1785772800000,361.2,363.29,361.04,363.2,143.574
1785773700000,363.21,363.9,363.07,363.77,26.032
1785774600000,363.87,364.01,363.63,364.01,40.371
1785775500000,364.02,364.1,363.62,363.86,68.162
1785776400000,363.77,363.88,363.01,363.57,89.842
1785777300000,363.79,364,363.06,363.06,34.275
1785778200000,363.24,363.75,362.62,363.61,47.411
1785779100000,363.61,364,362.85,363.5,38.931
1785780000000,363.3,364.1,363.26,363.86,20.237
1785780900000,364.01,364.09,362.7,362.7,28.212
1785781800000,362.77,363.24,362.77,363.05,5.447
1785782700000,363.4,363.62,363.16,363.48,61.367
1785783600000,363.31,363.67,363.12,363.67,31.554
1785784500000,363.78,363.87,362.58,362.58,26.684
1785785400000,362.5,362.74,362.23,362.29,52.616
1785786300000,362.33,362.35,362.04,362.07,63.087
1785787200000,362.06,363.07,362.02,362.79,118.486
1785788100000,362.74,363.09,362.74,362.96,48.989
1785789000000,363.11,363.98,363.11,363.8,58.873
1785789900000,363.75,364.1,363.74,364.09,47.011
1785790800000,364.06,364.1,363.4,363.49,171.39
1785791700000,363.54,363.65,363.22,363.36,73.437
1785792600000,363.36,363.59,363.17,363.47,59.71
1785793500000,363.52,363.67,363.17,363.64,65.425
1785794400000,363.61,364.1,363.49,363.89,207.013
1785795300000,363.95,364.1,363.55,363.56,16.69
1785796200000,363.49,363.62,362.25,362.54,41.559
1785797100000,362.54,362.94,362.53,362.94,117.176
1785798000000,362.94,363.14,362.53,362.53,33.057
1785798900000,362.57,363.04,362.48,363.04,33.655
1785799800000,362.97,363.03,362.69,362.73,60.46
1785800700000,362.84,363.12,362.75,363.08,45.096
1785801600000,363.08,363.6,362.84,363.42,101.647
1785802500000,363.37,363.44,363,363.14,91.919
1785803400000,363.13,363.16,362.68,362.71,63.383
1785804300000,362.76,362.88,362.56,362.61,19.908
1785805200000,362.63,362.86,362.19,362.37,30.38
1785806100000,362.43,362.72,362.1,362.6,14.728
1785807000000,362.83,363.48,362.83,363.48,28.443
1785807900000,363.49,363.8,363.48,363.8,17.691
1785808800000,363.79,363.94,363.05,363.06,57.869
1785809700000,363.02,363.19,362.76,363.12,21.933
1785810600000,362.93,363.49,362.88,363.15,10.03
1785811500000,363.16,363.3,362.7,362.7,9.924
1785812400000,362.83,363.59,362.48,363.15,15.364
1785813300000,363.34,363.53,363.01,363.48,39.574
1785814200000,363.35,363.44,362.92,362.94,10.686
1785815100000,362.93,363.2,362.88,362.89,9.979
1785816000000,362.97,363.08,362.52,362.52,17.572
1785816900000,362.48,362.83,362.45,362.67,10.826
1785817800000,362.64,363.83,362.34,363.59,42.795
1785818700000,363.66,363.83,361.85,362.4,143.905
1785819600000,362.32,362.69,361.81,362.14,49.889
1785820500000,362.41,363.05,362.41,362.89,36.865
1785821400000,362.94,363.19,362.54,363.18,17.749
1785822300000,363.06,363.46,362.86,363.44,15.791
1785823200000,363.26,363.79,363.15,363.65,27.921
1785824100000,363.66,364,363.46,363.46,37.339
1785825000000,363.58,364.1,363.3,364.1,170.77
1785825900000,364.1,364.1,362.76,363.18,75.04
1785826800000,363.21,363.81,363.11,363.51,16.811
1785827700000,363.51,363.82,363.33,363.66,9.449
1785828600000,363.83,364.6,363.83,364.15,153.038
1785829500000,364.47,365.16,364.32,365.16,10.649
1785830400000,365.17,365.55,364.95,365.05,71.31
1785831300000,365.05,366.05,364.87,366.05,125.638
1785832200000,366.05,366.1,365.38,365.9,73.967
1785833100000,365.78,366.18,365.58,365.79,66.261
1785834000000,365.81,365.81,363.57,364.32,88.288
1785834900000,364.08,364.34,363.19,363.37,32.053
1785835800000,363.3,364.01,363.01,363.37,85.227
1785836700000,363.47,364.22,363.3,364.22,12.919
1785837600000,364.35,364.73,364.27,364.64,11.798
1785838500000,364.49,364.49,364.06,364.09,17.864
1785839400000,364.11,364.77,363.89,364.67,39.689
1785840300000,364.74,365.2,364.59,365.2,36.125
1785841200000,365.24,365.8,365.19,365.22,32.282
1785842100000,365.26,365.27,363.75,364.1,70.798
1785843000000,364.1,364.23,362.81,363.11,70.656
1785843900000,363.39,363.73,362.68,362.82,42.941
1785844800000,362.76,363.81,362.42,363.45,65.068
1785845700000,363.53,363.69,362,362.09,17.281
1785846600000,362.24,362.58,362.19,362.38,17.085
1785847500000,362.39,362.39,361.46,361.46,60.793
1785848400000,361.74,361.86,361.34,361.86,115.832
1785849300000,361.69,361.87,361.3,361.76,72.811
1785850200000,362.02,362.22,361.74,362.22,76.588
1785851100000,362.22,362.34,361.41,361.56,404.343
1785852000000,361.49,361.63,360.97,361.11,41.826
1785852900000,361.09,361.09,358.15,358.54,296.198
1785853800000,358.96,359.83,358.78,359.42,141.212
1785854700000,359.48,360,359.36,359.69,13.095
1785855600000,359.61,360.31,358.79,359.56,91.762
1785856500000,359.71,360.18,359.01,359.18,49.242
1785857400000,359.12,360.32,358.47,360.04,84.762
1785858300000,360.13,360.88,360.13,360.52,62.499
1785859200000,360.33,360.97,359.44,360.33,45.113
1785860100000,360.5,360.88,359.89,360.85,42.155
1785861000000,360.99,361.32,359.5,359.97,38.462
1785861900000,360.24,360.24,359.25,360.03,32.11
1785862800000,360.29,362.12,360.29,362.04,169.816
1785863700000,362.02,362.17,361.73,362.12,59.469
1785864600000,362.06,363.18,361.77,362.98,72.479
1785865500000,362.99,363.23,362.61,363.22,47.727
1785866400000,363.25,363.36,362.91,363.09,94.613
1785867300000,363.21,363.3,362.46,362.46,79.471
1785868200000,362.65,362.94,362.33,362.59,27.589
1785869100000,362.59,362.62,361,361.19,74.213
1785870000000,361.41,361.54,359.3,359.82,121.371
1785870900000,360.07,360.13,359.8,359.89,10.123
1785871800000,359.91,360.3,357.25,357.5,184.948
1785872700000,357.51,357.74,355.11,355.23,368.187
1785873600000,355.32,355.9,353.5,354.35,277.025
1785874500000,354.26,354.83,354.02,354.42,87.456
1785875400000,354.52,355.14,354.13,354.79,69.848
1785876300000,354.78,354.78,354,354.2,167.512
1785877200000,354.49,355.2,354.05,355.11,84.299
1785878100000,355.11,355.41,354,354.02,76.911
1785879000000,354.41,354.43,353.5,354.28,133.742
1785879900000,354.27,354.35,353.37,353.5,80.214
1785880800000,353.64,353.96,352.54,353.36,330.499
1785881700000,353.27,353.48,353.01,353.02,33.944
1785882600000,353.01,353.59,352.93,352.93,76.921
1785883500000,353.05,353.05,352.67,352.75,115.02
1785884400000,353.03,353.15,352.94,353.09,17.695
1785885300000,353.1,353.53,352.04,352.1,80.306
1785886200000,352.12,352.37,352,352.06,170.066
1785887100000,352.07,352.21,351.27,351.57,138.698
1785888000000,351.56,352.54,351.3,352.43,244.174
1785888900000,352.43,353.56,352.26,353.05,73.241
1785889800000,353.11,353.81,353.09,353.36,26.515
1785890700000,353.37,353.49,353.07,353.24,97.841
1785891600000,353.63,354.84,353.04,354.69,135.965
1785892500000,354.69,355.34,354.01,355.04,92.535
1785893400000,355.17,355.17,354.37,354.77,33.745
1785894300000,354.71,355.5,354.71,354.97,49.279
1785895200000,354.97,355.93,354.66,355.8,44.673
1785896100000,355.97,357.22,355.57,357.22,14.457
1785897000000,356.77,356.92,356.21,356.91,50.996
1785897900000,356.82,357.54,356.57,356.91,132.989
1785898800000,356.79,357.21,356.55,357.21,8.833
1785899700000,357.03,357.16,354.79,355.02,332.115
1785900600000,355.08,355.24,354.86,354.91,18.5
1785901500000,354.9,355.68,354.9,355.68,31.734
1785902400000,355.74,355.82,355,355.14,79.802
1785903300000,355.14,355.14,354.73,355.1,9.642
1785904200000,355.14,355.34,355,355.17,6.723
1785905100000,354.89,355.21,354.33,355.2,25.65
1785906000000,355.05,355.73,354.97,355.1,93.679
1785906900000,355.07,355.1,354.41,354.71,33.127
1785907800000,354.76,355.32,354.33,355.08,41.353
1785908700000,355.09,356.13,355.01,355.88,97.695
1785909600000,355.73,355.74,351.08,351.68,335.603
1785910500000,351.66,352.25,351.53,352.25,40.784
1785911400000,352.22,352.55,352.03,352.4,49.797
1785912300000,352.24,353.02,352.22,352.84,48.386
1785913200000,352.97,352.97,351.96,352.24,445.506
1785914100000,352.34,353.13,352.3,352.87,32.54
1785915000000,352.87,353.04,352.33,352.45,27.188
1785915900000,352.45,352.8,352.01,352.6,30.686
1785916800000,352.63,352.73,352.27,352.27,58.122
1785917700000,352.17,352.18,351.32,351.5,62.957
1785918600000,351.57,351.8,351.01,351.5,268.643
1785919500000,351.41,351.69,351.15,351.69,92.284
1785920400000,351.66,351.69,350.62,351.01,383.322
1785921300000,350.9,351.41,350.67,351.08,73.301
1785922200000,351.03,352.3,350.78,352.13,327.205
1785923100000,352.14,353.41,352.14,353.21,152.689
1785924000000,353.14,353.6,350.35,350.9,296.6
1785924900000,350.91,351.47,350.41,351.44,66.184
1785925800000,351.51,351.56,350.25,351.46,89.68
1785926700000,351.29,352.47,351.27,352.39,22.489
1785927600000,352.39,353.25,352,352.27,57.467
1785928500000,352.48,352.74,351.84,352.74,37.588
1785929400000,352.59,352.92,352.14,352.91,111.416
1785930300000,353,354.65,352.74,352.74,402.594
1785931200000,353.12,353.88,353.07,353.88,83.251
1785932100000,353.89,355.24,353.69,355.22,310.916
1785933000000,355.14,355.34,354.07,354.27,176.274
1785933900000,354.28,354.28,352.56,353.75,109.414
1785934800000,353.81,354.95,353.72,354.09,358.9
1785935700000,354.18,354.57,353.56,354.24,14.773
1785936600000,354.32,354.33,353.15,353.4,100.958
1785937500000,353.42,354.43,353.28,354.33,95.43
1785938400000,354.15,354.73,354.15,354.73,121.825
1785939300000,354.73,355.35,354.22,354.98,479.312
1785940200000,354.79,354.91,354.17,354.84,90.602
1785941100000,354.83,354.83,353.58,353.64,74.396
1785942000000,353.71,355.12,353.54,354.81,73.495
1785942900000,354.76,355.62,354.51,355.52,36.154
1785943800000,355.46,356.09,355.17,355.52,60.133
1785944700000,355.41,355.97,354.94,355.76,88.406
1785945600000,355.72,356.29,355.08,355.15,58.628
1785946500000,355.33,355.33,353.58,353.58,62.804
1785947400000,353.46,353.65,353.05,353.32,89.509
1785948300000,353.39,354.71,353.09,354.04,35.821
1785949200000,353.99,354.36,353.71,354.14,19.833
1785950100000,354.22,357.39,354.22,357.39,113.172
1785951000000,357.32,357.53,356.89,357.11,117.642
1785951900000,357.01,357.75,356.9,357.27,47.468
1785952800000,357.19,357.66,356.34,356.45,46.827
1785953700000,356.46,356.82,356.07,356.31,37.216
1785954600000,356.36,357.04,356.02,357.04,28.86
1785955500000,357.03,357.42,356.07,356.41,92.605
1785956400000,356.43,359.01,356.28,358.61,322.384
1785957300000,358.52,360.39,358.48,360.39,223.174
1785958200000,360.4,360.89,360.06,360.71,122.839
1785959100000,360.67,361.07,360.07,360.44,131.324
1785960000000,360.5,362.25,360.2,362.25,114.168
1785960900000,362.25,362.94,361.92,362.7,345.713
1785961800000,362.67,363.16,362.37,363.12,191.935
1785962700000,363.07,363.42,362.52,363.17,118.027
1785963600000,363.08,363.19,362.4,362.72,227.367
1785964500000,362.83,363.6,362.81,362.81,270.995
1785965400000,362.7,364.5,362.7,364.25,234.852
1785966300000,364.13,366.77,363.77,366.54,606.655
1785967200000,366.51,366.66,364.95,365.1,153.145
1785968100000,365.11,365.3,363.27,364.13,65.52
1785969000000,364.07,365.63,364.05,365.34,171.955
1785969900000,365.28,365.58,364.77,365.41,71.97
1785970800000,365.38,366.53,365.09,366.39,50.965
1785971700000,366.47,366.47,365.51,366.18,147.684
1785972600000,365.97,366.81,365.94,366.59,125.58
1785973500000,366.45,366.71,365.57,366.11,85.638
1785974400000,366.28,366.85,365.6,366.19,324.694
1785975300000,366.26,367.17,366.02,366.54,169.292
1785976200000,366.4,366.57,366.06,366.22,69.1
1785977100000,366.25,366.55,364.79,365.58,196.702
1785978000000,365.67,366.12,365.25,365.3,21.999
1785978900000,365.68,366.06,365.23,365.23,172.712
1785979800000,365.4,367.37,365.4,367.37,83.291
1785980700000,367.37,367.37,367.02,367.27,28.154
1785981600000,367.22,367.37,365.23,365.55,37.434
1785982500000,365.42,366.22,365.1,365.76,251.101
1785983400000,365.59,365.88,364.61,364.9,53.576
1785984300000,365.09,365.26,363.66,363.73,66.646
1785985200000,363.81,364.39,363.25,363.42,180.885
1785986100000,363.55,364.43,363.55,364.32,145.349
1785987000000,364.33,364.35,363.14,363.26,32.254
1785987900000,363.2,364.19,363.2,364.18,30.836
1785988800000,364.25,364.47,363.92,364.14,59.847
1785989700000,364.45,365.12,364.29,364.41,108.625
1785990600000,364.43,364.66,363.81,364.16,36.375
1785991500000,364.1,364.69,364.1,364.63,53.815
1785992400000,364.51,364.81,364.33,364.49,32.525
1785993300000,364.4,365.17,364.4,364.61,48.442
1785994200000,364.6,365.42,364.6,365.42,72.415
1785995100000,365.4,365.92,365.27,365.76,79.953
1785996000000,365.64,366.39,365.56,366.13,50.368
1785996900000,366.12,367,365.92,367,47.995
1785997800000,366.99,367.27,365.78,366.79,136.818
1785998700000,366.81,366.94,365.65,366.24,166.399
1785999600000,366.09,366.64,365.92,366.43,49.515
1786000500000,366.42,366.53,365.77,366.09,71.337
1786001400000,366.09,366.15,365.58,365.65,301.418
1786002300000,365.65,366.27,365.64,365.84,143.567
1786003200000,365.9,365.91,365.64,365.72,219.297
1786004100000,365.65,366.07,364.47,364.65,79.572
1786005000000,364.68,365.35,364.35,364.63,121.486
1786005900000,364.6,365.2,364,364.09,63.033
1786006800000,364.1,364.32,363.09,363.42,64.911
1786007700000,363.43,364.82,363.35,364.29,80.607
1786008600000,364.31,365.14,364.15,364.94,49.861
1786009500000,364.89,365.44,364.52,364.54,43.893
1786010400000,364.5,364.74,361.93,362.01,354.138
1786011300000,361.94,362.39,360.15,360.46,170.698
1786012200000,360.57,360.63,359.93,360.46,80.633
1786013100000,360.47,360.7,359.92,360.04,345.195
1786014000000,360.12,361.14,360.06,361,71.75
1786014900000,360.99,362.73,360.42,362.68,88.749
1786015800000,362.63,362.88,362.06,362.43,116.344
1786016700000,362.4,362.58,361.85,362.09,59.606
1786017600000,362.09,362.43,361.65,361.88,59.053
1786018500000,361.83,363.19,361.83,362.61,99.93
1786019400000,362.58,363.26,362.09,363.12,51.376
1786020300000,363.24,363.83,363.22,363.47,133.266
1786021200000,363.41,363.81,362.95,363.68,38.687
1786022100000,363.65,363.83,363.36,363.83,133.206
1786023000000,363.55,363.61,362.13,363.11,76.649
1786023900000,362.98,363.83,362.9,363.83,47.593
1786024800000,363.83,364.65,363.77,364.59,168.55
1786025700000,364.65,365.09,364.26,364.92,402.552
1786026600000,364.79,365.33,364.52,365.27,99.004
1786027500000,365.14,365.5,365,365.49,23.77
1786028400000,365.44,366,364.79,365.02,114.425
1786029300000,365.08,365.39,363.73,364.3,38.722
1786030200000,363.94,364.72,363.93,364.14,24.974
1786031100000,364.27,365.1,364.04,364.61,76.137
1786032000000,364.74,365.3,364.12,364.12,34.537
1786032900000,364.17,365.28,363.59,364.74,42.181
1786033800000,364.7,365.3,364.57,364.84,83.909
1786034700000,364.84,365.49,364.67,364.91,537.361
1786035600000,364.85,365.37,364.33,364.59,64.473
1786036500000,364.4,364.76,364,364.11,31.172
1786037400000,364.15,364.45,364.05,364.39,71.626
1786038300000,364.49,365.73,364.49,365.18,88.244
1786039200000,365.21,365.81,365.05,365.79,87.749
1786040100000,365.82,366.61,365.68,366.5,213.533
1786041000000,366.48,366.52,365.31,366.4,280.555
1786041900000,366.37,366.6,365.84,366.04,159.964
1786042800000,366.04,366.61,366,366.51,32.371
1786043700000,366.48,366.48,366.05,366.35,67.083
1786044600000,366.16,366.66,366.04,366.54,37.668
1786045500000,366.53,366.87,366.28,366.28,10.855
1786046400000,366.22,366.79,366.15,366.15,63.6
1786047300000,366.42,367.2,366.33,366.81,60.16
1786048200000,366.85,368,366.63,367.9,421.436
1786049100000,367.98,368.79,367.91,368.78,352.089
1786050000000,368.78,368.78,367.44,368.58,131.818
1786050900000,368.58,368.87,368.34,368.54,55.569
1786051800000,368.87,369.84,368.54,369.48,841.092
1786052700000,369.29,369.84,368.68,369.52,172.766
1786053600000,369.37,369.37,368.06,368.52,98.472
1786054500000,368.48,369.32,368.28,369.09,177.273
1786055400000,369.19,370,369.16,369.73,279.061
1786056300000,369.71,370,369.33,369.99,303.973
1786057200000,369.99,370,368.67,368.82,126.374
1786058100000,368.58,369.58,368.41,368.54,293.823
1786059000000,368.87,369.49,368.67,368.98,122.314
1786059900000,369.06,370.44,368.85,369.71,719.097
1786060800000,369.92,370.97,369.59,370.04,235.027
1786061700000,369.99,370.29,368.76,369.24,291.297
1786062600000,369.53,370,369.2,369.55,170.609
1786063500000,369.69,369.71,369.12,369.33,46.071
1786064400000,369.38,370.23,369.28,369.36,51.217
1786065300000,369.43,369.74,368.94,369.06,46.277
1786066200000,369.16,369.34,368.28,368.46,29.038
1786067100000,368.67,369.27,368.58,369.05,11.997
1786068000000,369,369.54,368.55,368.78,19.045
1786068900000,368.84,369.56,368.84,369.48,17.741
1786069800000,369.54,369.86,369.36,369.8,20.593
1786070700000,369.78,369.79,367.95,368.75,452.468
1786071600000,368.89,369,368.53,368.65,152.442
1786072500000,368.5,368.52,366.96,368,1154.923
1786073400000,368,368.51,367.8,368.05,92.49
1786074300000,367.99,368.76,367.99,368.76,82.67
1786075200000,368.74,369.46,368.31,368.51,209.375
1786076100000,368.51,368.72,367.73,368.72,115.08
1786077000000,368.53,369.78,368.45,369.74,123.453
1786077900000,369.74,370,369.54,369.85,74.261
1786078800000,369.92,369.92,369.29,369.92,261.577
1786079700000,369.92,370,369.75,369.85,131.458
1786080600000,369.89,370.02,369.58,369.85,142.211
1786081500000,369.84,370.57,369.63,370.39,134.452
1786082400000,370.37,371,370.01,371,138.539
1786083300000,371,371.14,370.76,371.11,220.823
1786084200000,371.04,371.54,370.64,371.11,118.68
1786085100000,371.1,371.22,370.12,370.3,168.986
1786086000000,370.39,370.46,369.43,370.41,188.426
1786086900000,370.28,371.99,370.26,371.33,193.035
1786087800000,371.46,371.64,370.96,371.3,146.218
1786088700000,371.29,371.48,370.89,371.02,264.503
1786089600000,371.01,371.38,370.19,370.63,386.666
1786090500000,370.7,371.44,370.23,371.43,223.525
1786091400000,371.43,371.44,370.41,371.33,176.304
1786092300000,371.21,371.44,370.93,371.39,238.028
1786093200000,371.37,371.37,370.32,370.34,177.502
1786094100000,370.38,370.6,369.72,369.73,197.804
1786095000000,369.79,370.06,369.61,369.81,87.247
1786095900000,369.83,370.25,369.31,369.52,35.653
1786096800000,369.52,369.6,368.37,369.6,337.568
1786097700000,369.6,369.61,368.91,369.55,258.274
1786098600000,369.55,369.63,369.02,369.12,88.096
1786099500000,369.17,369.84,368.3,369.25,95.85
1786100400000,369.31,369.96,369.29,369.66,52.252
1786101300000,369.82,370,368.23,368.41,395.363
1786102200000,368.39,369.98,368.23,369.83,99.456
1786103100000,369.94,370,369.69,369.7,146.391
1786104000000,369.83,370.63,369.83,370.52,218.587
1786104900000,370.53,371.44,370.53,371.44,337.575
1786105800000,371.44,371.94,371.2,371.57,116.764
1786106700000,371.51,371.59,371.06,371.32,47.526
1786107600000,371.36,371.88,371.29,371.69,25.701
1786108500000,371.69,371.78,371.6,371.77,32.292
1786109400000,371.66,371.78,371.45,371.78,214.805
1786110300000,371.77,371.78,370.07,370.83,203.174
1786111200000,370.83,371.48,370.5,370.5,138.698
1786112100000,370.54,371,370.01,371,471.308
1786113000000,371,371,369.5,369.66,91.055
1786113900000,369.67,369.94,368.65,368.95,66.522
1786114800000,368.96,370.19,368.94,369.39,111.037
1786115700000,369.38,370.23,369.38,369.87,43.574
1786116600000,369.94,370.63,369.69,370,97.132
1786117500000,370,370,368.96,369.2,159.634
1786118400000,369.21,369.44,368.85,369.37,90.531
1786119300000,369.19,370.24,368.38,368.45,157.601
1786120200000,368.48,368.89,367.91,368.87,151.758
1786121100000,368.87,369.47,368.52,368.63,380.759
1786122000000,368.63,369.31,368.34,369.01,448.396
1786122900000,368.98,369.13,368.66,368.74,111.082
1786123800000,368.65,369.81,368.47,369.64,20.957
1786124700000,369.91,370.41,369.87,370.4,50.298
1786125600000,370.4,370.41,370.3,370.4,41.481
1786126500000,370.4,370.41,369.73,370.31,61.111
1786127400000,370.26,371.23,370.25,371.23,47.409
1786128300000,371.18,371.88,371.18,371.53,357.892
1786129200000,371.45,372.7,371,372.69,551.439
1786130100000,372.69,372.77,371.92,371.98,328.745
1786131000000,371.82,372.69,371.35,372.29,189.396
1786131900000,372.33,373.26,372.32,372.8,139.697
1786132800000,372.6,373.01,372.4,372.53,57.154
1786133700000,372.77,372.77,371.87,372.33,117.666
1786134600000,372.4,374.01,372.19,373.88,62.496
1786135500000,373.8,378.35,373.68,378.11,774.191
1786136400000,378.13,378.68,376.76,376.83,87.527
1786137300000,376.87,377.82,376.62,376.64,100.169
1786138200000,376.78,376.78,375.37,375.53,45.744
1786139100000,375.57,376.4,375.11,376.4,78.88
1786140000000,376.44,377.61,376.31,377.61,56.749
1786140900000,377.55,377.65,376.8,376.8,10.679
1786141800000,376.73,376.73,375.76,376.16,41.521
1786142700000,376.17,376.68,375.07,376.63,109.497
1786143600000,376.55,377.6,376.42,377.51,53.62
1786144500000,377.48,377.48,376.8,377.29,12.207
1786145400000,377.48,377.94,376.96,377.94,49.145
1786146300000,377.78,379.09,377.57,378.97,94.499
1786147200000,379.08,379.09,378.55,379.09,508.938
1786148100000,379.08,381.24,379.08,380.22,808.491
1786149000000,380.09,381.45,379.79,381.13,66.595
1786149900000,381.07,381.07,379.15,379.42,144.126
1786150800000,379.42,380.38,379.29,380.37,21.462
1786151700000,380.38,381.54,380.37,381.16,66.209
1786152600000,381.28,381.45,381.13,381.35,11.507
1786153500000,381.34,381.52,380.83,380.88,42.963
1786154400000,381.12,381.28,380.87,380.95,22.276
1786155300000,381,381.25,380.59,381.2,117.729
1786156200000,381.17,381.21,380.67,381.11,303.756
1786157100000,381.11,381.49,380.98,381.38,117.299
1786158000000,381.35,381.48,380.45,380.7,64.515
1786158900000,380.69,380.95,380.66,380.95,24.904
1786159800000,380.96,381.27,380.76,381.11,120.021
1786160700000,381.18,381.38,380.31,380.53,65.352
1786161600000,380.31,380.91,380.31,380.75,25.682
1786162500000,380.64,380.71,379.76,380.71,362.833
1786163400000,380.72,381.04,380.4,380.85,97.304
1786164300000,380.85,381.17,379.94,380.63,279.871
1786165200000,380.63,381.07,380.32,380.98,99.469
1786166100000,380.94,381.52,380.48,380.5,64.477
1786167000000,380.59,380.91,380.5,380.77,14.917
1786167900000,380.77,380.99,380.11,380.86,55.435
1786168800000,380.66,381.51,380.52,381.45,41.768
1786169700000,381.5,381.51,381.06,381.06,10.842
1786170600000,381.29,381.29,380.38,380.67,124.658
1786171500000,380.65,380.7,378.92,379.84,264.956
1786172400000,379.71,380.66,379.22,380.44,104.593
1786173300000,380.49,380.93,380.2,380.93,28.107
1786174200000,380.94,381.45,380.89,381.21,21.955
1786175100000,381.21,381.8,380.8,381.79,154.7
1786176000000,381.79,382,381.26,381.45,424.544
1786176900000,381.44,381.76,380.66,381.16,139.012
1786177800000,381.25,382,381.24,381.99,65.5
1786178700000,381.99,382,381.78,381.99,274.251
1786179600000,381.9,382,381.64,381.69,272.073
1786180500000,381.87,382,380.84,381.02,88.859
1786181400000,381.13,381.55,380.54,380.54,22.442
1786182300000,380.69,381.24,380.46,380.49,24.822
1786183200000,380.61,380.67,379.13,379.72,132.36
1786184100000,380.03,380.74,379.88,380.04,51.662
1786185000000,380.15,380.15,377.05,377.23,208.163
1786185900000,377.23,377.89,375.22,376.27,154.738
1786186800000,376.2,376.54,375.22,375.87,26.308
1786187700000,375.96,376.65,375.57,376.65,66.316
1786188600000,376.67,378.26,376.67,377.74,77.986
1786189500000,377.59,377.59,376.52,376.85,36.715
1786190400000,377.37,378.53,377.18,377.99,49.126
1786191300000,377.94,378.7,377.94,378.47,62.917
1786192200000,378.57,379.96,378.57,379.96,34.513
1786193100000,379.99,380.71,379.65,380.17,34.108
1786194000000,380.24,382,380.24,381.98,31.201
1786194900000,381.94,381.99,381.41,381.7,9.78
1786195800000,381.76,381.76,380.64,380.93,51.911
1786196700000,381.51,383.15,381.46,383.14,181.539
1786197600000,383.14,385,383.03,384.95,518.733
1786198500000,384.98,384.99,383.99,384.39,92.84
1786199400000,384.42,384.72,382.36,384,94.119
1786200300000,384.3,385,383.78,383.99,268.255
1786201200000,383.85,383.98,382.84,383.28,140.305
1786202100000,383.32,384.24,382.56,383.75,433.338
1786203000000,384.15,385.01,383.74,385,1422.355
1786203900000,385,385.01,384,384,178.515
1786204800000,384,385.05,383.6,384.84,589.484
1786205700000,384.9,386,384.76,385.29,163.957
1786206600000,385.14,385.14,383.3,383.54,582.529
1786207500000,383.65,385.61,383.16,385.07,489.038
1786208400000,385,385.51,385,385.21,120.948
1786209300000,385.21,385.36,384.64,384.82,575.925
1786210200000,384.91,385.4,384.55,384.69,58.947
1786211100000,384.74,384.99,383.66,384.12,192.548
1786212000000,384.27,385,383.51,384.31,100.804
1786212900000,384.32,385.24,384.06,384.62,677.643
1786213800000,384.68,385.02,384.68,385,493.924
1786214700000,385,385.17,384.6,384.6,423.395
1786215600000,384.6,385.28,384.6,385.28,386.601
1786216500000,385.35,385.4,383.5,384.06,106.784
1786217400000,384.01,384.01,383.16,383.59,363.11
1786218300000,383.63,386.13,383.29,384.08,1173.658
1786219200000,384.08,385.25,384,384.11,626.02
1786220100000,384.07,384.33,383.84,384.2,848.597
1786221000000,384.19,384.42,383.7,383.93,603.272
1786221900000,383.91,384.1,382.8,382.82,1125.04
1786222800000,382.82,382.85,381.63,381.74,1400.272
1786223700000,381.74,381.75,375.51,377.12,895.313
1786224600000,377,377.8,375.85,376.03,541.219
1786225500000,376.03,377.18,375.67,377.18,515.339
1786226400000,377.44,378.36,376.6,377.7,70.18
1786227300000,377.67,378,374.72,375.98,139.956
1786228200000,376,379.55,375.99,378.84,178.794
1786229100000,378.71,379.86,378,378.8,433.738
1786230000000,378.76,379.85,377.14,377.23,95.716
1786230900000,377.27,378.39,377.27,377.58,133.617
1786231800000,377.67,378.32,376.62,377.13,159.415
1786232700000,377.46,378.09,377.24,378.09,12.176
1786233600000,378.14,378.71,377.87,378.38,70.92
1786234500000,378.35,379.62,378.29,379.27,153.985
1786235400000,379.33,379.34,377.95,378.03,67.705
1786236300000,378.04,379.01,377.62,379.01,70.842
1786237200000,379.22,379.61,378.61,378.85,213.535
1786238100000,378.89,380.34,378.53,380.12,151.189
1786239000000,380.07,381.09,379.87,381.09,23.996
1786239900000,381.11,382.06,381.11,381.9,120.319
1786240800000,381.91,382.2,380.18,380.42,107.24
1786241700000,380.43,380.67,379.9,379.91,109.356
1786242600000,379.91,380,379.38,379.65,101.301
1786243500000,379.72,380.46,379.72,380.44,30.534
1786244400000,380.53,381.71,380.46,381.55,72.797
1786245300000,381.51,382.55,381.39,382.55,23.516
1786246200000,382.55,383.36,382.53,383.36,243.161
1786247100000,383.36,384.12,383.13,384,53.4
1786248000000,383.69,383.9,383.39,383.65,95.242
1786248900000,383.66,383.66,382.15,383.01,169.731
1786249800000,383.08,383.2,381.48,381.6,57.515
1786250700000,381.52,382.56,381.52,382.45,103.206
1786251600000,382.38,382.46,382.05,382.4,28.679
1786252500000,382.38,382.43,381.83,382.27,53.167
1786253400000,382.38,382.47,381,381.57,41.164
1786254300000,381.6,381.6,380.07,380.36,113.819
1786255200000,380.4,381.32,379.86,380.9,281.192
1786256100000,380.93,381.19,380.42,380.69,34.42
1786257000000,380.51,380.51,379.04,379.75,40.313
1786257900000,379.74,381.41,379.51,380.93,435.395
1786258800000,380.8,381.07,380.08,380.6,68.06
1786259700000,380.37,380.99,380.11,380.68,33.857
1786260600000,381.02,381.39,380.92,381.33,30.656
1786261500000,381.24,381.24,380.21,380.75,57.66
1786262400000,380.63,382.01,380.29,382,382.763
1786263300000,382,382.29,380.7,381.54,1763.233
1786264200000,381.56,382.29,381.53,382.13,133.865
1786265100000,382.13,382.48,382,382.26,162.183
1786266000000,382.07,382.21,382,382.01,58.107
1786266900000,382,382.21,382,382.04,302.928
1786267800000,382,382.49,381.16,381.41,219.955
1786268700000,381.45,382.12,381,381.8,93.115
1786269600000,381.86,382.51,381.76,382.51,57.233
1786270500000,382.61,382.98,382.42,382.42,88.697
1786271400000,382.42,382.68,381.04,381.07,37.827
1786272300000,381,381.25,380.8,380.94,59.514
1786273200000,380.93,381.1,380.21,380.21,413.434
1786274100000,380.21,380.71,380.01,380.46,199.109
1786275000000,380.56,381.54,380.19,380.33,342.036
1786275900000,380.29,380.41,380.01,380.3,90.238
1786276800000,380.33,380.33,380.01,380.14,60.069
1786277700000,380.13,380.36,380.01,380.16,73.338
1786278600000,380.14,381.03,380.01,381.01,828.319
1786279500000,381,382,381,381.63,470.967
1786280400000,381.75,381.93,381.44,381.48,81.754
1786281300000,381.49,382.75,381.4,382.74,232.666
1786282200000,382.75,384.66,382.54,384.66,423.641
1786283100000,384.74,390.06,384.44,389.55,1641.213
1786284000000,389.61,399.68,389.15,398.13,2061.832
1786284900000,398.33,405.34,395.63,405.11,7716.048
1786285800000,405.21,411.23,401.74,411.22,3908.712
1786286700000,411.12,414.37,409.1,412.25,3017.707
1786287600000,412.3,415.43,408.88,409.32,4321.765
1786288500000,409.13,409.13,405.61,407.23,1473.93
1786289400000,407.32,408.04,405,405.01,1953.814
1786290300000,405,405.03,400.05,401.01,3859.406
1786291200000,401,401.97,400,400.11,2424.722
1786292100000,400.12,401.93,399.52,400.01,1829.308
1786293000000,400.01,401.06,398.2,400.41,2154.629
1786293900000,400.4,401.78,400.01,400.02,1220.327
1786294800000,400.03,400.53,396.27,397.17,7034.783
1786295700000,397.27,397.41,396,396.77,751.209
1786296600000,396.76,396.77,395.78,395.79,1292.054
1786297500000,395.78,395.79,391.52,394.73,1002.287
1786298400000,394.73,395.35,393.6,393.83,1289.143
1786299300000,393.83,395.08,392.29,393.31,1482.133
1786300200000,393.31,394.28,391.39,391.8,350.708
1786301100000,391.8,394.36,391.79,394.01,715.942
1786302000000,394,395.27,394,394.17,1011.447
1786302900000,394.15,397.21,394.15,397.01,1950.937
1786303800000,397,400.82,396.9,397.53,3211.381
1786304700000,397.53,398.07,396.57,397.13,1066.381
1786305600000,397.13,397.72,396.2,397.53,373.57
1786306500000,397.5,400.99,397.27,400.49,625.521
1786307400000,400.49,401.16,399.83,400.22,1142.592
1786308300000,400.22,400.56,399.25,399.3,485.31
1786309200000,399.29,399.3,398.01,398.51,529.026
1786310100000,398.51,398.71,392.93,393.41,730.725
1786311000000,393.4,394.16,391.82,393.01,1060.663
1786311900000,393.02,393.11,393,393,1466.217
1786312800000,393.01,394.12,392.11,393.98,1938.802
1786313700000,393.97,395.02,391.89,393.6,932.434
1786314600000,393.6,394.24,393,394.23,777.192
1786315500000,394.24,394.66,393,394.66,1295.218
1786316400000,394.67,395,394.28,394.66,147.131
1786317300000,394.65,395.05,394.5,394.85,182.524
1786318200000,394.84,395.94,394.73,395.94,219.135
1786319100000,395.87,396,395.54,395.95,279.242
1786320000000,395.96,397.48,394.89,396.88,505.302
1786320900000,396.87,397.1,395.8,396.37,471.157
1786321800000,396.37,396.86,395.83,396.02,130.451
1786322700000,395.96,397.46,395.57,397.25,383.528
1786323600000,397.22,399.36,396.93,398.85,718.348
1786324500000,398.85,400.15,398.72,398.99,393.188
1786325400000,398.99,399.02,397.09,397.64,378.34
1786326300000,397.63,399.03,396.53,399.03,889.125
1786327200000,399.14,400.39,399,399.46,294.531
1786328100000,399.46,399.93,399,399.52,1561.491
1786329000000,399.52,399.65,399,399,487.509
1786329900000,399.01,403.94,398.88,399.97,2638.173
1786330800000,399.85,400.01,395.45,395.56,1717.59
1786331700000,395.53,396.62,394.98,396.07,248.42
1786332600000,396.06,398.23,395.52,396.08,409.517
1786333500000,396.08,396.5,396.07,396.4,99.311
1786334400000,396.38,397.01,396.2,396.88,196.569
1786335300000,396.88,396.9,395.3,395.31,351.418
1786336200000,395.31,397.77,395.3,397.61,668.483
1786337100000,397.64,398.45,397.3,397.91,122.533
1786338000000,397.8,398.38,397.5,397.63,49.661
1786338900000,397.56,398.53,397.39,398.35,262.053
1786339800000,398.31,398.43,395.65,395.83,237.261
1786340700000,395.89,395.89,395.25,395.68,87.394
1786341600000,395.67,396.58,395.43,395.99,705.113
1786342500000,395.97,396.99,395.71,396.82,440.866
1786343400000,396.82,397.99,396.82,397.15,129.82
1786344300000,397.15,397.16,395.6,395.88,148.812
1786345200000,395.88,397.32,395.88,396.9,291.566
1786346100000,396.9,398,396.4,396.4,160.699
1786347000000,396.47,396.56,395.33,395.44,305.93
1786347900000,395.46,395.52,393.44,393.46,472.349
1786348800000,393.46,394.46,392.88,393.06,1092.128
1786349700000,393.03,393.22,392.46,392.81,185.296
1786350600000,392.81,393.82,392.54,393.59,169.182
1786351500000,393.58,394.47,393.58,394,94.115
1786352400000,394.04,395.61,393.76,395.41,269.525
1786353300000,395.29,396.4,395.08,395.44,106.128
1786354200000,395.46,396.75,394.07,396.14,106.578
1786355100000,396.13,397.85,395.64,397.73,271.615
1786356000000,397.76,398.21,397.36,397.86,394.751
1786356900000,397.86,398.27,396.97,397.41,145.391
1786357800000,397.41,397.46,395.64,397.17,353.819
1786358700000,397.39,397.44,395.7,396.65,124.493
1786359600000,396.68,398.08,395.77,395.98,115.217
1786360500000,395.98,396.47,395.13,395.23,132.65
1786361400000,395.23,395.81,394.58,395.78,85.169
1786362300000,395.65,397.91,395.5,397.32,381.541
1786363200000,397.32,398.12,396.95,397.81,96.623
1786364100000,397.73,399.07,397.17,398.64,302.089
1786365000000,398.59,401.35,398.15,398.32,1448.89
1786365900000,398.33,398.33,397,398.19,117.184
1786366800000,398.18,399.36,395.7,396.32,175.232
1786367700000,396.33,396.97,395.26,396.25,88.267
1786368600000,396.25,396.25,394.88,395.32,218.037
1786369500000,395.12,396.45,394.03,395.36,343.259
1786370400000,395.29,395.98,393.25,394,193.668
1786371300000,394.08,395.49,392,394.19,300.158
1786372200000,394.14,395.41,393.62,394.61,295.03
1786373100000,394.61,394.98,393.28,393.34,146.177
1786374000000,393.55,394.33,392.74,392.95,129.868
1786374900000,392.9,393.59,391.36,392.4,255.681
1786375800000,392.4,395.7,392.4,395.54,246.558
1786376700000,395.42,395.5,394.03,394.25,205.536
1786377600000,394.26,394.62,393.77,394.22,88.596
1786378500000,394.19,395.61,394.01,394.65,250
1786379400000,394.69,395.14,392.56,392.76,238.599
1786380300000,392.69,392.86,391.52,392.57,314.169
1786381200000,392.54,393.17,391.35,391.45,181.354
1786382100000,391.6,392.78,391.47,392.64,362.324
1786383000000,392.86,393.07,391.07,392.46,264.575
1786383900000,392.42,393.54,392.07,393.11,127.5
1786384800000,393.21,394,393,393.03,77.579
1786385700000,393.03,394.03,392,393.62,250.238
1786386600000,393.59,393.97,391.66,392.01,143.814
1786387500000,392.08,392.39,391.08,391.66,113.976
1786388400000,391.72,392.46,391.63,391.72,180.034
1786389300000,391.67,393.07,391.22,392.53,130.537
1786390200000,392.47,392.84,392.12,392.84,51.226
1786391100000,392.72,393.34,392.21,392.95,43.955
1786392000000,392.96,394.64,392.68,394.55,132.868
1786392900000,394.4,395,393.84,394.47,254.373
1786393800000,394.44,395,392.79,393.23,279.333
1786394700000,393.21,394.37,393.11,394.15,172.527
1786395600000,394.08,395.43,394.05,395.42,195.613
1786396500000,395.42,396.01,393.05,393.34,523.308
1786397400000,393.6,394.36,393.16,393.34,56.729
1786398300000,393.38,395.22,392.9,394.47,263.194
1786399200000,394.53,396.64,394.43,396.14,226.609
1786400100000,396.35,397.99,396.16,397.91,154.86
1786401000000,397.42,398.18,397.07,397.57,208.643
1786401900000,397.58,398.14,397.09,397.46,78.802
1786402800000,397.14,398.07,396.72,397.62,179.808
1786403700000,397.72,398.62,397.45,397.7,280.908
1786404600000,397.69,398.24,397.01,397.58,89.578
1786405500000,397.51,398.56,397.38,398.04,163.191
1786406400000,398.08,398.59,397.2,398.02,467.224
1786407300000,397.9,398.21,397.26,397.51,112.573
1786408200000,397.46,398.21,396.47,397.95,470.142
1786409100000,397.98,399.12,397.88,398.25,259.064
1786410000000,398.26,399.84,397.03,399.55,592.487
1786410900000,399.48,400.33,399.09,399.95,382.569
1786411800000,399.95,401.13,399.28,400.01,664.142
1786412700000,400,400.97,399.4,400.02,310.266
1786413600000,399.81,400.19,397.47,397.88,443.788
1786414500000,397.88,400,397.74,400,404.698
1786415400000,400.05,401.03,400.05,400.81,372.055
1786416300000,400.78,400.79,399.84,400.22,74.301
1786417200000,400.19,400.23,399.39,400.17,292.736
1786418100000,400.17,400.21,398.19,398.37,247.37
1786419000000,398.25,399.58,398.25,399.16,65.255
1786419900000,399.13,399.13,397.26,397.26,276.015
1786420800000,397.72,398,397.58,397.98,113.563
1786421700000,397.99,398,397.7,397.77,175.846
1786422600000,397.77,397.98,397.23,397.46,178.754
1786423500000,397.43,397.57,397.03,397.22,53.294
1786424400000,397.34,397.45,396.45,396.85,216.075
1786425300000,396.84,396.84,396.4,396.46,33.274
1786426200000,396.53,396.92,396.17,396.3,179.133
1786427100000,396.41,396.5,396.15,396.41,201.197
1786428000000,396.4,396.81,396.23,396.36,123.932
1786428900000,396.32,396.6,396.03,396.22,74.442
1786429800000,396.1,397.34,395.88,397.34,134.862
1786430700000,397.5,397.56,396.16,396.49,82.43
1786431600000,396.42,396.62,396.35,396.46,80.1
1786432500000,396.57,396.57,393.17,394.33,102.803
1786433400000,394.71,395.73,394.57,395.57,64.632
1786434300000,395.73,396.52,395.58,396.31,63.137
1786435200000,396.25,396.61,395.37,395.98,180.065
1786436100000,396.04,397.42,395.52,396.95,171.515
1786437000000,396.96,397.78,393.13,395.58,414.63
1786437900000,395.57,396.06,394.69,394.69,90.292
1786438800000,394.86,395.11,393.67,394.8,117.276
1786439700000,394.78,395.55,394.43,394.62,113.878
1786440600000,394.8,394.8,393.22,394.18,343.844
1786441500000,394.21,395.99,394.21,395.93,90.956
1786442400000,395.97,395.97,394.85,395.34,100.448
1786443300000,395.33,397.76,395.24,397.4,301.935
1786444200000,397.46,399.13,397.46,398.46,217.547
1786445100000,398.56,399.41,398.32,398.55,74.364
1786446000000,398.67,399.24,396.52,396.6,137.537
1786446900000,396.59,396.85,396.14,396.59,121.161
1786447800000,396.65,396.88,394.85,395.78,282.366
1786448700000,395.78,397.91,395.61,397.6,58.517
1786449600000,397.66,398.78,397.54,397.84,207.867
1786450500000,397.76,397.97,394.82,395.18,122.179
1786451400000,395.06,395.97,395.05,395.16,97.332
1786452300000,395.43,396.74,394.34,395.29,485.828
1786453200000,395.35,396.14,393.64,394.09,143.076
1786454100000,394.08,394.5,392.15,393.6,245.007
1786455000000,393.6,393.88,392,392,575.962
1786455900000,391.9,392.59,391.42,392.34,221.051
1786456800000,392.57,392.96,391.2,392.12,200.633
1786457700000,392.16,392.55,391.28,391.28,118.43
1786458600000,391.35,391.73,390.74,390.79,499.823
1786459500000,390.7,390.77,388.84,388.99,338.68
1786460400000,388.99,389.3,386.89,388.46,365.792
1786461300000,388.36,390.15,388.31,388.57,160.572
1786462200000,389,389.44,387.34,387.98,100.76
1786463100000,387.99,389.03,387.65,389.03,108.358
1786464000000,389.2,390.84,389.07,390.82,221.426
1786464900000,390.76,391.41,390.36,391.25,118.381
1786465800000,391.18,392.21,390.53,391.52,160.515
1786466700000,391.66,392.4,390.74,392.4,116.482
1786467600000,392.4,392.51,390.51,392,322.046
1786468500000,391.99,392.29,390.49,390.69,97.449
1786469400000,390.72,390.85,389.96,390.42,212.009
1786470300000,390.22,390.33,388.42,388.54,114.739
1786471200000,388.6,388.6,387.61,388.06,166.909
1786472100000,387.87,388.75,387.34,387.54,103.578
1786473000000,387.39,388.64,387.27,388.64,145.845
1786473900000,388.66,388.66,387.11,387.27,44.909
1786474800000,387.33,387.85,385.61,385.63,360.443
1786475700000,385.51,385.52,383.95,384.43,719.577
1786476600000,384.44,384.63,383.33,384.57,225.902
1786477500000,384.51,385.58,383.35,385.51,148.229
1786478400000,385.34,387.74,385.02,387.65,476.093
1786479300000,387.58,387.75,386.39,386.43,127.107
1786480200000,386.25,387.64,385.99,387.06,158.751
1786481100000,387.06,387.14,385.66,386.98,514.498
1786482000000,386.98,387.61,386.49,387.47,181.698
1786482900000,387.33,387.51,385.13,385.19,381.802
1786483800000,385.19,385.19,382.9,383.11,215.256
1786484700000,383.08,383.29,381.81,382.62,131.304
1786485600000,382.59,383.18,382.24,382.6,156.684
1786486500000,382.7,382.76,379.66,379.94,249.403
1786487400000,379.93,380.56,379.61,380.32,226.717
1786488300000,380.45,381.19,379.97,380.18,1035.425
1786489200000,380.18,380.19,378.54,378.57,213.686
1786490100000,378.53,379.76,378.47,379.37,228.351
1786491000000,379.6,379.6,378,378.01,142.578
1786491900000,378.09,378.76,378.09,378.25,190.898
1786492800000,378.38,378.41,377.58,377.83,249.117
1786493700000,377.81,377.81,375.18,376.91,296.455
1786494600000,376.82,377.63,376.03,376.83,476.268
1786495500000,376.81,381.1,376.15,380.09,202.174
1786496400000,380.12,380.38,378.28,378.92,363.462
1786497300000,379,382,378.84,381.95,98.894
1786498200000,382.06,382.69,381.17,381.94,390.723
1786499100000,382.08,382.7,381.31,382.13,73.089
1786500000000,382.08,382.38,381.3,381.3,164.176
1786500900000,381.3,381.87,380.41,380.81,337.864
1786501800000,380.59,380.85,378.88,379.22,98.336
1786502700000,379.14,379.6,378.89,378.9,56.985
1786503600000,378.97,379.6,378.56,379.2,86.987
1786504500000,379.21,379.8,378.61,379.17,184.909
1786505400000,378.95,381.51,378.9,381.47,144.737
1786506300000,381.47,382.61,380.91,382.22,182.207
1786507200000,382.25,383.31,382.1,383.01,116.554
1786508100000,382.99,384,382.83,383.58,108.218
1786509000000,383.66,384.36,383.47,383.97,97.377
1786509900000,383.96,384.35,383.75,384.1,161.45
1786510800000,384.1,389.55,384.1,388.12,498.073
1786511700000,388.26,390.27,388.01,389.15,328.468
1786512600000,389,390.21,388.08,390.06,143.545
1786513500000,389.97,393.54,389.48,392.2,602.022
1786514400000,392.05,395.5,391.58,391.91,391.65
1786515300000,391.89,394.35,391.49,394.07,93.51
1786516200000,393.99,395.96,393.32,395.93,62.313
1786517100000,395.85,397.96,395.68,397.14,135.785
1786518000000,397.18,398.79,396.46,398.29,240.326
1786518900000,398.22,399.49,396.89,399,382.289
1786519800000,399,399.58,397.68,398.57,191.978
1786520700000,398.53,399.78,397.65,398.67,260.991
1786521600000,398.45,399.22,397.12,399.21,132.629
1786522500000,399.29,399.48,398.19,399.16,37.008
1786523400000,399.3,400.15,396.8,396.95,566.905
1786524300000,396.95,398,396.95,398,1306.635
1786525200000,398,399.67,397.14,397.98,996.447
1786526100000,397.88,400.06,397.88,400.06,433.81
1786527000000,400.06,400.29,398.25,398.81,201.064
1786527900000,398.85,400.5,398.82,400.2,71.263
1786528800000,400.04,400.04,398,398.02,59.42
1786529700000,398.17,398.17,395.29,395.29,393.11
1786530600000,395.25,396.86,394.23,395.92,128.953
1786531500000,396.03,396.87,396.02,396.17,78.945
1786532400000,396.32,397.48,396.16,396.96,133.245
1786533300000,397.06,398.49,396.14,398.34,250.327
1786534200000,398.5,400.04,398.34,400.02,134.715
1786535100000,399.91,400.38,399.11,399.76,128.991
1786536000000,399.77,399.86,398.06,398.06,113.699
1786536900000,398.13,399.14,397.42,399.12,90.212
1786537800000,399.18,399.44,394.49,394.8,244.775
1786538700000,394.95,396.01,394.45,395.62,213.605
1786539600000,395.62,396.22,395.17,395.17,318.197
1786540500000,395.27,396.59,394.92,396.54,243.8
1786541400000,396.48,397.04,394.64,394.64,238.6
1786542300000,394.64,396.05,394.12,396.03,151.337
1786543200000,395.91,396.64,394.58,396.41,193.38
1786544100000,396.41,397.87,395.3,395.36,229.705
1786545000000,395.33,397.38,394.72,397.1,159.406
1786545900000,397.1,398.21,395.76,396.74,343.673
1786546800000,396.72,398.95,396.67,398.06,184.52
1786547700000,398.05,399.78,397.65,399.28,285.797
1786548600000,399.3,400.25,398.3,399.96,234.25
1786549500000,400.12,400.87,399.14,399.19,177.032
1786550400000,399.37,399.47,398.36,398.69,180.877
1786551300000,398.62,399.23,396.18,396.41,135.397
1786552200000,396.41,397.36,396.41,397.26,72.71
1786553100000,397.26,397.42,396.04,396.86,147.81
1786554000000,396.86,396.86,395.71,396.09,160.937
1786554900000,396.08,396.93,396.08,396.33,117.742
1786555800000,396.72,397.94,395.64,397.57,150.638
1786556700000,397.54,398.01,397.33,397.45,53.474
1786557600000,397.32,397.32,395.62,396.22,105.877
1786558500000,396.18,396.51,395.86,396.36,123.566
1786559400000,396.36,396.4,395.85,396.15,65.652
1786560300000,396.15,396.43,394.58,395.12,119.176
1786561200000,395.14,395.29,394.87,395.02,43.048
1786562100000,395.1,395.42,393.29,393.49,60.54
1786563000000,393.66,394.06,392.17,392.54,110.256
1786563900000,392.53,393,391.4,392.27,135.64
1786564800000,392.41,393.85,392.26,393.85,90.116
1786565700000,393.84,393.85,392.95,393.63,71.377
1786566600000,393.6,393.69,392.97,393.46,87.814
1786567500000,393.47,393.84,392.13,392.98,200.87
1786568400000,393.03,393.74,393.03,393.09,191.595
1786569300000,393.1,393.1,391.17,391.2,198.736
1786570200000,391.2,391.2,390.4,391.16,626.777
1786571100000,391.16,391.25,390.87,391.12,238.969
1786572000000,391.13,393.83,390.83,393.75,236.572
1786572900000,393.75,393.75,392.43,392.43,111.456
1786573800000,392.08,392.79,391.94,392.66,181.018
1786574700000,392.66,392.84,392.14,392.42,77.588
1786575600000,392.5,392.53,391.15,391.76,109.011
1786576500000,391.77,392.73,391.61,391.86,153.313
1786577400000,391.87,391.87,391,391.75,182.364
1786578300000,391.74,393.93,391.57,393.93,486.194
1786579200000,393.84,395.31,393.47,395.3,308.776
1786580100000,395.38,395.81,395.14,395.74,115.046
1786581000000,395.75,396.3,394.62,394.92,36.227
1786581900000,394.91,395.73,394.53,394.86,59.12
1786582800000,394.32,395,394.16,394.53,231.231
1786583700000,394.54,395.43,394.54,395.28,32.217
1786584600000,395.27,396.38,395.27,395.99,29.274
1786585500000,395.97,396.6,395.63,395.99,239.652
1786586400000,396.05,397.21,396.04,396.93,100.933
1786587300000,396.88,396.88,395.73,396.08,108.7
1786588200000,396.06,396.79,396,396.74,18.955
1786589100000,396.78,396.93,396.23,396.62,58.387
1786590000000,396.61,397.07,395.87,396.83,59.785
1786590900000,396.75,398.04,396.67,397.76,197.383
1786591800000,397.64,398.31,397.64,398.31,97.338
1786592700000,398.28,398.7,398.23,398.23,38.585
1786593600000,398.38,398.38,397.73,397.83,27.775
1786594500000,397.71,398.63,397.5,398.41,25.259
1786595400000,398.49,398.64,397.64,397.66,10.525
1786596300000,397.7,397.83,396.01,396.15,29.803
1786597200000,396.17,396.77,395.86,396.73,54.831
1786598100000,396.76,396.91,395.67,395.78,104.398
1786599000000,395.62,396.01,394.81,394.81,326.261
1786599900000,394.96,396,394.96,395.54,128.652
1786600800000,395.58,395.58,394.17,394.39,147.901
1786601700000,394.25,394.37,393.18,393.72,105.892
1786602600000,393.69,396.16,393.51,396.1,113.272
1786603500000,396.07,397.75,395.75,397.53,75.52
1786604400000,397.44,398.49,397.38,398.24,281.349
1786605300000,398.25,398.5,397.35,398.5,163.21
1786606200000,398.42,398.7,398.03,398.69,55.472
1786607100000,398.69,399.83,398.44,399.41,181.185
1786608000000,399.41,401,399.41,400.09,278.819
1786608900000,399.97,402.56,399.76,402.17,244.428
1786609800000,401.89,403.35,401.45,403.35,250.769
1786610700000,403.42,405.48,402.13,404.85,425.38
1786611600000,404.83,406,402.41,405.88,517.272
1786612500000,405.88,406,405.21,405.5,526.846
1786613400000,405.6,407,405.05,406.59,674.124
1786614300000,406.55,408.13,406,408.12,210.252
1786615200000,408.12,408.12,405.15,405.96,150.171
1786616100000,405.86,406.28,404.18,406.14,279.702
1786617000000,406.29,408.41,406.21,408.37,144.101
1786617900000,408.34,408.97,407.63,407.84,219.733
1786618800000,408.15,408.99,406.3,406.63,130.696
1786619700000,406.69,407.64,405.83,407.34,59.199
1786620600000,407.41,408.88,407.41,408.33,202.572
1786621500000,408.34,409.24,408.18,408.79,70.733
1786622400000,408.63,408.96,406.93,407.39,110.187
1786623300000,407.4,407.98,405.6,405.71,109.369
1786624200000,405.72,405.89,404.56,405.29,70.681
1786625100000,405.32,406.13,404.91,404.93,172.46
1786626000000,405.09,405.75,404.85,405.75,68.835
1786626900000,405.92,405.97,405.39,405.8,36.411
1786627800000,405.7,405.78,403.83,403.96,134.218
1786628700000,403.96,405.06,403.34,403.45,106.72
1786629600000,403.47,405.53,403.32,404.45,95.441
1786630500000,404.42,404.81,403.3,403.3,82.826
1786631400000,403.44,404.42,402.54,404.09,176.473
1786632300000,404.17,404.67,404,404.63,131.854
1786633200000,404.71,405.46,401.35,401.35,401.54
1786634100000,401.3,402.9,401.17,402.32,211.709
1786635000000,402.23,403,401.5,401.5,283.351
1786635900000,401.43,401.56,399.49,400.16,286.6
1786636800000,400.18,402,400.18,401.67,276.761
1786637700000,401.68,402.96,401.27,402.1,167.698
1786638600000,402.03,402.63,401.79,402.04,54.09
1786639500000,401.92,403.2,401.54,402.52,121.227
1786640400000,402.61,402.61,401.27,401.34,66.619
1786641300000,401.17,401.67,399.65,400.92,86.284
1786642200000,400.91,402.73,400.69,401.76,189.91
1786643100000,401.97,402.31,399.44,399.75,201.409
1786644000000,399.62,400.59,398.15,399.79,155.421
1786644900000,399.79,401.17,398.62,398.94,70.987
1786645800000,398.93,399.19,395.33,396.01,197.161
1786646700000,396.33,397.61,395.65,395.99,125.4
1786647600000,395.99,396.78,394.83,395.27,338.594
1786648500000,395.42,395.88,393.82,394,328.963
1786649400000,393.99,395.2,393.53,394.4,132.831
1786650300000,394.53,395.95,394.24,395.89,112.383
1786651200000,395.95,396.16,394.01,394.06,114.76
1786652100000,394.1,394.7,393.75,394.63,65.411
1786653000000,394.66,396.8,394.66,395.99,271.937
1786653900000,395.98,397.61,395.96,397.13,147.088
1786654800000,397.12,398,396.74,397.57,170.257
1786655700000,397.5,397.97,397.1,397.52,54.068
1786656600000,397.53,397.59,396.91,397.1,95.09
1786657500000,397.1,397.56,396.01,396.28,87.224
1786658400000,396.11,397.56,395.34,396.51,86.742
1786659300000,396.3,398.65,395.38,398.15,556.611
1786660200000,398.2,398.6,396.91,396.92,82.528
1786661100000,396.92,397.62,396.92,397.12,34.527
1786662000000,397.02,397.49,395.64,396.58,139.556
1786662900000,396.59,397.29,396.31,396.68,98.591
1786663800000,396.66,397.16,394.45,394.45,61.904
1786664700000,394.45,394.9,393.77,394.22,155.432
1786665600000,394.46,395.38,393.75,395.34,111.621
1786666500000,395.34,395.34,392.54,394.67,248.001
1786667400000,394.67,396.61,394.67,395.39,59.851
1786668300000,395.39,396.26,395.19,396.25,13.197
1786669200000,396.12,396.51,395.83,396.18,44.706
1786670100000,396.19,397.08,395.98,396,60.55
1786671000000,396,396.97,395.99,396.84,180.991
1786671900000,396.85,397.17,396.69,397.17,67.243
1786672800000,397.09,397.43,396.65,396.65,159.006
1786673700000,396.73,396.73,395.24,395.24,64.2
1786674600000,395.19,395.78,394.77,395.43,55.7
1786675500000,395.35,396.06,394.7,395.86,147.186
1786676400000,395.87,395.87,394.82,395.3,76.539
1786677300000,395.45,395.45,394.38,394.66,39.502
1786678200000,394.52,395.83,394.33,395.83,97.198
1786679100000,395.87,396.25,395.2,395.38,194.015
1786680000000,395.37,396.21,395.35,395.89,105.589
1786680900000,395.69,396.02,394.57,395.58,101.721
1786681800000,395.59,396.31,394.92,395.96,43.701
1786682700000,395.95,395.95,395.06,395.22,47.26
1786683600000,395.26,395.26,394.7,395.24,35.392
1786684500000,395.2,396.55,394.99,396.21,154.826
1786685400000,396.34,396.65,395.98,396.63,39.415
1786686300000,396.61,397.33,396.54,396.87,59.003
1786687200000,396.93,397.26,396.74,397.2,187.507
1786688100000,397.18,397.24,396.04,396.1,94.708
1786689000000,396.2,397.4,396.2,397.11,173.69
1786689900000,397.14,397.41,396.26,396.26,138.333
1786690800000,396.14,397.04,396.14,396.52,92.241
1786691700000,396.36,396.51,395.18,395.76,166.336
1786692600000,395.73,396.18,395.24,396.09,50.356
1786693500000,396.23,396.61,395.94,396.29,130.303
1786694400000,396.25,396.29,394.5,394.87,109.565
1786695300000,394.94,395.17,393.48,393.99,57.882
1786696200000,394.1,394.1,393.27,393.55,110.73
1786697100000,393.49,395.74,393.49,394.62,217.607
1786698000000,394.62,397.04,394.61,396.95,156.927
1786698900000,396.91,396.91,396.02,396.02,40.484
1786699800000,396,396.53,394.61,396.53,381.172
1786700700000,396.68,397.27,396.1,396.34,113.863
1786701600000,396.34,397.18,396.32,396.54,64.388
1786702500000,396.5,398.1,396.5,398.1,105.333
1786703400000,398.03,398.99,397.99,398.62,56.995
1786704300000,398.6,399.59,398.24,399.57,107.811
1786705200000,399.58,400.05,398.58,399.49,94.455
1786706100000,399.32,400.23,399.17,399.5,73.044
1786707000000,399.64,400.13,399.21,399.82,44.025
1786707900000,399.98,401.53,399.6,401.43,130.631
1786708800000,401.44,401.45,399.28,400.02,155.179
1786709700000,399.89,401.83,399.26,401.73,160.219
1786710600000,401.9,403.11,401.63,401.64,165.328
1786711500000,401.64,401.76,400.11,401.14,138.371
1786712400000,401.42,401.94,400.6,400.63,104.487
1786713300000,400.75,401.36,398.02,398.18,250.772
1786714200000,398.19,399.39,397.61,399.08,107.055
1786715100000,399.14,399.64,396.99,397.18,109.48
1786716000000,397.19,397.63,396.59,397.58,100.205
1786716900000,397.6,398.5,396.15,398.2,274.602
1786717800000,398.25,398.51,397.03,398.17,65.252
1786718700000,398.26,399.64,398.26,399.35,102.405
1786719600000,399.56,400.24,398.34,398.36,125.859
1786720500000,398.45,399.18,397.31,398.46,130.793
1786721400000,398.45,398.61,397.44,397.62,118.335
1786722300000,397.63,398.7,396.98,398.47,46.923
1786723200000,398.55,399.09,397.79,398.2,109.581
1786724100000,398.2,398.21,396.36,397.35,73.045
1786725000000,397.44,399.25,397.09,399.02,535.456
1786725900000,398.98,399.73,398.67,398.8,117.089
1786726800000,399.55,399.62,397.75,397.75,82.823
1786727700000,397.61,399.25,397.3,399.15,80.65
1786728600000,399.35,399.35,398.66,398.66,118.652
1786729500000,398.94,399.36,397.94,397.95,67.567
1786730400000,398,398.83,397.79,398.78,22.69
1786731300000,398.86,399.83,397.86,397.86,121.267
1786732200000,397.79,397.79,395.53,396.1,131.468
1786733100000,396.21,397.32,396.21,396.95,66.634
1786734000000,396.95,397.11,395.07,395.12,137.854
1786734900000,395.27,396.53,394.57,396.52,119.846
1786735800000,396.48,398.37,396.36,398.3,54.18
1786736700000,398.23,398.32,397.22,397.91,64.69
1786737600000,397.92,398.3,397.56,397.78,42.088
1786738500000,397.98,398.73,397.95,398.02,39.303
1786739400000,397.76,397.76,396.86,397,132.997
1786740300000,397.16,397.16,396.18,397.05,16.928
1786741200000,397.03,397.51,395.38,395.76,101.495
1786742100000,396.09,396.49,395.02,395.38,154.493
1786743000000,395.38,396.75,394.79,396.68,197.326
1786743900000,396.61,398.84,396.55,398.82,156.614
1786744800000,398.84,398.98,398.08,398.3,79.273
1786745700000,398.23,398.95,398.16,398.18,129.404
1786746600000,398.29,399.32,398.29,399.32,31.772
1786747500000,399.28,399.32,398.91,398.94,72.539
1786748400000,398.92,399.17,398.63,399.17,44.557
1786749300000,399.15,399.76,398.52,398.52,178.349
1786750200000,398.56,400.33,398.56,399.84,86.465
1786751100000,399.9,400.7,399.88,400.41,130.481
1786752000000,400.37,401.11,400.25,400.85,243.245
1786752900000,400.87,401.03,400.29,400.77,98.185
1786753800000,400.77,401.29,400.54,400.74,51.599
1786754700000,400.83,400.94,400.2,400.35,57.687
1786755600000,400.36,401.92,400.35,401.8,49.766
1786756500000,401.87,402.57,401.79,402.57,72.796
1786757400000,402.45,404.25,402.33,403.68,79.557
1786758300000,403.68,404.18,403.53,404.07,60.345
1786759200000,404.13,404.45,403.88,404.45,30.102
1786760100000,404.39,404.79,403.38,404,184.897
1786761000000,403.89,404.38,403.14,403.49,59.976
1786761900000,403.51,404.33,403.37,404.33,55.301
1786762800000,404.32,405.4,404.32,405.3,127.27
1786763700000,405.1,406.16,405,405.64,845.622
1786764600000,405.62,405.99,405.08,405.19,93.313
1786765500000,405.12,406.13,405.01,405.26,81.278
1786766400000,405.21,407.1,405.21,406.39,77.185
1786767300000,406.4,407.91,406.4,407.82,121.015
1786768200000,407.72,407.72,406.2,407.59,107.056
1786769100000,407.59,407.96,406.61,406.61,69.136
1786770000000,406.62,408.11,406.17,407.83,38.565
1786770900000,407.82,407.82,406.02,406.05,88.466
1786771800000,406.09,406.24,404.58,404.97,44.41
1786772700000,405.14,405.14,404.66,404.91,18.439
1786773600000,405.05,405.32,404.93,405.17,35.365
1786774500000,405.23,406.48,405.23,406.37,218.887
1786775400000,406.58,408.01,405.93,408.01,66.287
1786776300000,408.05,409,407.63,407.73,192.17
1786777200000,407.85,407.85,406.97,407.16,30.959
1786778100000,407.13,407.97,406.09,406.58,159.395
1786779000000,406.64,406.95,406.23,406.95,86.322
1786779900000,406.69,406.94,405.77,406.41,43.672
1786780800000,406.24,406.42,405.63,405.89,70.736
1786781700000,406.18,406.6,406.08,406.6,31.699
1786782600000,406.5,406.5,403.56,404.03,107.546
1786783500000,404.08,404.23,403.28,403.65,39.304
1786784400000,403.83,404.83,403.37,404.83,37.241
1786785300000,404.78,405.78,404.23,405.65,31.688
1786786200000,405.71,405.72,404.68,404.84,45.478
1786787100000,404.61,404.95,404.49,404.83,22.924
1786788000000,404.91,405.49,404.71,405.13,22.373
1786788900000,405.32,405.6,404.98,405.08,20.392
1786789800000,404.92,405.97,404.92,405.95,14.847
1786790700000,405.9,406.35,405.84,405.97,40.628
1786791600000,405.96,406.44,405.96,406.17,26.113
1786792500000,406.4,406.59,406.35,406.59,37.555
1786793400000,406.54,406.54,403.89,404.59,319.763
1786794300000,404.43,404.69,404.19,404.19,22.96
1786795200000,404.1,404.32,403.8,404.22,59.473
1786796100000,404.24,404.29,403.23,403.36,26.459
1786797000000,403.45,404.34,403.2,404.05,40.731
1786797900000,404.11,404.33,403.5,403.98,198.254
1786798800000,403.76,403.76,401.82,402.05,178.807
1786799700000,402.06,402.39,401.4,401.4,55.646
1786800600000,401.4,401.41,401,401.41,70.256
1786801500000,401.41,401.41,401.01,401.13,10.717
1786802400000,401.34,402.09,401.22,401.77,116.259
1786803300000,401.76,402.99,401.32,402.57,110.949
1786804200000,403,404.32,402.65,404.32,61.696
1786805100000,404.32,404.86,404.11,404.58,99.872
1786806000000,404.65,406.16,404.21,406.16,47.132
1786806900000,406.03,407.54,405.59,407.41,54.328
1786807800000,407.36,408.09,406.41,407.29,97.824
1786808700000,407.2,408.39,407.2,408.25,64.899
1786809600000,408.04,409,407.77,409,556.085
1786810500000,409,411.07,408.82,409.87,822.105
1786811400000,409.93,409.97,408.73,408.91,67.092
1786812300000,409.01,410.53,408.47,409.97,65.93
1786813200000,409.94,411.4,409.44,410.78,88.35
1786814100000,410.61,410.61,407.05,407.3,233.236
1786815000000,407.43,407.91,406.94,407.26,50.663
1786815900000,407.14,407.22,405.39,406.19,94.098
1786816800000,406.31,406.74,405.37,406.29,125.063
1786817700000,406.3,409.63,405.67,409.36,316.783
1786818600000,409.33,411.03,408.83,410.25,432.454
1786819500000,410.14,411.44,410.13,411.4,29.833
1786820400000,411.4,411.44,410.51,410.54,74.215
1786821300000,410.98,412.1,408.87,409.8,253.62
1786822200000,410.05,412.51,409.37,411.53,78.353
1786823100000,411.65,412.8,410.13,412.33,95.857
1786824000000,412.56,413.13,411.8,412.94,71.348
1786824900000,413.03,413.62,412.54,413.31,312.477
1786825800000,413.37,413.87,412.66,413.06,128.18
1786826700000,412.83,413.22,412.17,413.1,176.171
1786827600000,413.1,413.86,411.09,411.7,129.189
1786828500000,411.68,416.53,411.08,413.4,1721.182
1786829400000,413.41,413.41,409.17,410.16,355.835
1786830300000,410.15,410.3,408.92,409.13,145.327
1786831200000,409.18,410.09,409.12,410.04,23.669
1786832100000,410.05,410.79,409.82,410.79,49.86
1786833000000,410.45,410.51,409.35,409.83,135.554
1786833900000,409.81,410.05,409.56,409.75,37.2
1786834800000,409.74,411.03,409.43,410.75,175.855
1786835700000,410.77,411.2,410.3,410.36,179.407
1786836600000,410.44,411.28,410.44,410.58,51.495
1786837500000,410.82,411.78,410.65,411.36,88.611
1786838400000,411.36,412.17,410.65,410.71,111.911
1786839300000,410.71,411.31,410.52,410.66,93.773
1786840200000,410.74,410.74,407.77,408.29,1067.601
1786841100000,408.29,412.05,408.28,410.4,854.224
1786842000000,410.66,411.26,410.34,411.16,12.828
1786842900000,411.16,412.04,411.14,411.8,25.965
1786843800000,411.83,412.45,411.26,412.34,18.845
1786844700000,412.45,412.69,412.1,412.27,44.502
1786845600000,412.31,412.57,412.09,412.44,23.167
1786846500000,412.79,412.96,411.53,411.88,24.708
1786847400000,411.73,411.73,410.36,410.84,19.413
1786848300000,410.77,411.66,410.1,410.2,45.235
1786849200000,410.3,413.55,410.3,413.53,170.302
1786850100000,413.55,413.55,413.2,413.27,41.731
1786851000000,413.27,413.28,412.6,412.95,59.195
1786851900000,412.87,414,412.87,413.96,122.976
1786852800000,413.85,414,412.91,412.91,29.021
1786853700000,412.92,412.92,410.77,411.67,79.277
1786854600000,411.7,411.77,411.44,411.77,4.268
1786855500000,411.78,413.22,411.72,413.09,72.172
1786856400000,412.92,412.92,410.66,411.61,48.929
1786857300000,411.67,411.96,411.13,411.3,20.208
1786858200000,411.28,412,411.05,412,80.96
1786859100000,411.89,412.95,411.68,412.02,269.201
1786860000000,412.18,412.64,411.32,411.33,171.018
1786860900000,411.48,411.58,409.95,410.3,129.063
1786861800000,410.14,410.86,410.14,410.6,14.244
1786862700000,410.61,411.39,410.61,411.29,11.664
1786863600000,411.06,412.31,410.67,412.31,10.644
1786864500000,412.41,413.21,412.17,412.94,24.602
1786865400000,413.23,413.23,412.29,412.37,53.444
1786866300000,412.42,412.56,411.77,412.54,26.03
1786867200000,412.55,412.92,411.93,412.11,44.356
1786868100000,412.03,412.08,410.59,410.75,34.933
1786869000000,410.72,411.57,410.38,411.01,25.831
1786869900000,411.07,411.35,410.71,411.05,38.908
1786870800000,411.11,411.19,410.1,410.22,47.307
1786871700000,410.24,410.32,409.14,409.14,33.629
1786872600000,409.46,410.08,409.27,409.77,59.825
1786873500000,409.9,411.25,409.54,409.54,67.553
1786874400000,409.84,409.84,408.81,409.02,53.025
1786875300000,409.02,409.38,407.5,409.15,78.843
1786876200000,409.06,409.33,408.71,409.05,47.438
1786877100000,409.08,409.3,408,408.5,36.866
1786878000000,408.71,410.41,407.94,410.28,63.876
1786878900000,410.31,413.67,410.31,413.46,169.304
1786879800000,413.53,415.45,413.37,414.95,577.896
1786880700000,414.95,415.04,412.02,412.93,246.45
1786881600000,412.34,412.65,410.79,410.81,62.097
1786882500000,410.81,411.14,410.48,410.66,42.735
1786883400000,410.66,410.98,410.29,410.38,100.827
1786884300000,410.46,410.59,410.08,410.51,53.063
1786885200000,410.58,411.53,410.5,411.28,115.151
1786886100000,411.2,413.92,411.2,413.76,344.103
1786887000000,413.79,415.96,413.72,414.28,93.347
1786887900000,414.25,418.23,414.18,418.23,235.767
1786888800000,418.2,418.92,415.84,415.84,246.086
1786889700000,416.18,416.41,415.82,416.38,40.357
1786890600000,416.2,418.92,416.2,417.99,612.894
1786891500000,417.97,418.08,415.83,415.85,459.866
1786892400000,415.84,417,415.84,416.67,427.139
1786893300000,416.59,417.35,415.33,416.3,635.477
1786894200000,416.3,416.52,415.36,415.5,376.266
1786895100000,415.42,415.86,414.72,415.54,390.428
1786896000000,415.58,416.1,413.91,413.98,680.774
1786896900000,414.09,414.47,412.9,413.05,70.034
1786897800000,413.03,413.4,412.18,412.61,88.387
1786898700000,412.61,412.64,412,412.09,158.186
1786899600000,412.1,412.64,412.01,412.61,81.24
1786900500000,412.59,413.06,412.4,412.72,36.578
1786901400000,412.66,415.71,412.55,414.81,113.243
1786902300000,414.88,415.01,413.75,414.15,147.393
1786903200000,414.26,414.59,412.69,413.18,47.666
1786904100000,413.17,414.41,413.13,413.57,43.046
1786905000000,413.56,413.57,413,413.45,42.529
1786905900000,413.47,413.63,411.2,411.35,161.782
1786906800000,411.26,411.39,410.26,411.05,357.336
1786907700000,411.01,411.17,410.5,410.76,76.043
1786908600000,410.73,410.92,410.32,410.65,100.151
1786909500000,410.71,411.29,410.21,411.25,134.268
1786910400000,411.25,411.68,410.29,410.4,93.831
1786911300000,410.36,411.28,409.16,411.28,560.797
1786912200000,411.22,411.27,410.05,410.06,47.356
1786913100000,410.22,410.23,408.85,409.34,112.586
1786914000000,409.35,410.01,409.11,409.67,101.299
1786914900000,409.54,410.16,407.46,408.96,598.137
1786915800000,408.96,409.84,408.87,409.84,105.715
1786916700000,409.84,410.77,409.7,410.28,62.145
1786917600000,410.4,411.74,410.22,411.48,153.481
1786918500000,411.46,411.73,410.7,411.02,58.143
1786919400000,410.85,412.19,410.82,412.18,60.225
1786920300000,412.25,415.62,411.76,413.32,1285.938
1786921200000,413.32,413.56,408.51,410.48,1354.792
1786922100000,410.48,411.2,410.14,410.34,345.115
1786923000000,410.44,410.88,410.2,410.34,306.303
1786923900000,410.31,410.4,410.1,410.39,290.846
1786924800000,410.4,410.4,410.15,410.4,340.234
1786925700000,410.4,410.4,409.7,410.4,195.6
1786926600000,410.4,410.5,410.39,410.5,94.412
1786927500000,410.49,410.5,410.49,410.5,884.238
1786928400000,410.5,411.72,410.44,411.72,685.623
1786929300000,411.74,412.3,411.72,412.3,49.234
1786930200000,412.28,413.2,412.01,413.16,14.558
1786931100000,413.11,413.3,413.06,413.06,115.914
1786932000000,413.07,413.47,413.04,413.46,42.161
1786932900000,413.46,414.05,413.37,414.05,96.779
1786933800000,413.91,413.94,413.01,413.01,130.812
1786934700000,413,413.19,412.62,413.17,17.735
1786935600000,413.16,413.72,412.54,413.72,45.016
1786936500000,413.63,415.5,413.43,415.37,89.225
1786937400000,415.39,416.41,415.32,415.82,38.498
1786938300000,415.95,416.58,415.93,416.13,34.866
1786939200000,416.05,416.15,415.41,415.79,31.216
1786940100000,415.81,416.25,415.55,416,33.438
1786941000000,415.85,416.34,415.54,415.65,138.54
1786941900000,415.48,416.11,415,415.37,6.493
1786942800000,415.33,416.61,414.19,416.3,13.671
1786943700000,416.56,416.56,414.42,414.42,173.909
1786944600000,415.05,416,415.04,416,64.346
1786945500000,416.23,417.1,416.12,417.08,19.503
1786946400000,417.07,418,416.84,417.7,71.781
1786947300000,417.39,417.56,416.62,416.72,53.146
1786948200000,416.69,417.15,416.13,416.38,78.588
1786949100000,416.38,418.55,415.97,418.55,113.987
1786950000000,418.6,418.75,417.32,418.75,28.278
1786950900000,418.7,418.92,417.71,418.77,185.646
1786951800000,418.79,418.92,417,418.55,72.308
1786952700000,418.17,419.33,417.83,418.29,198.666
1786953600000,418.29,418.58,417.39,418.58,36.573
1786954500000,418.45,419.89,418.19,419.66,48.114
1786955400000,419.76,419.76,417,417.55,156.342
1786956300000,417.67,418.32,417.28,417.29,90.498
1786957200000,417.66,418.52,417.37,418.52,97.058
1786958100000,418.5,418.68,418.14,418.3,50.725
1786959000000,418.31,418.78,417.51,418.78,102.475
1786959900000,418.79,419.68,418.34,419.03,87.442
1786960800000,418.98,419.38,418.57,419.38,88.359
1786961700000,419.35,419.46,418.12,418.37,83.171
1786962600000,418.37,421.12,418.22,420.85,312.866
1786963500000,420.84,421.23,418.81,421.2,114.957
1786964400000,421.2,421.74,418.55,418.72,354.248
1786965300000,418.7,419.58,415.9,416.47,352.41
1786966200000,416.49,418.13,415.25,417.04,211.064
1786967100000,417.04,417.82,415.52,416.81,203.082
1786968000000,416.85,418,415.85,416.32,258.435
1786968900000,416.27,416.27,415.07,415.07,99.827
1786969800000,415,415.11,413.91,414.29,91.518
1786970700000,414.12,415.07,414.12,414.61,206.579
1786971600000,414.56,414.96,413.46,413.51,115.65
1786972500000,413.53,413.61,411.85,412.34,314.243
1786973400000,412.36,414.58,412.02,414.21,459.732
1786974300000,414.21,414.46,413,413.39,129.459
1786975200000,413.34,414.24,412.5,414.04,317.242
1786976100000,414.07,414.95,413.31,413.48,91.52
1786977000000,413.47,414,413,413.62,192.475
1786977900000,413.56,414.5,412.95,413.81,61.425
1786978800000,413.86,414.41,413.51,413.72,47.09
1786979700000,413.86,413.95,413,413.92,78.01
1786980600000,413.92,416.32,413.38,414.07,574.165
1786981500000,414.15,414.49,411.6,412.79,224.105
1786982400000,412.8,414.32,412.74,414.28,84.467
1786983300000,413.57,415.85,412.8,415.41,88.306
1786984200000,415.58,416,415.3,415.73,74.595
1786985100000,415.57,416.41,415.19,416.41,97.366
1786986000000,416.38,416.9,416.28,416.85,103.408
1786986900000,416.85,417.38,416.54,416.91,59.922
1786987800000,416.91,417.22,416.67,417.1,57.995
1786988700000,417,417.15,414.39,414.4,99.329
1786989600000,414.34,414.34,412.31,413.15,385.429
1786990500000,413,413.69,412.25,413.5,30.67
1786991400000,413.04,413.37,411.89,412.52,22.395
1786992300000,412.56,413.98,412.47,413.56,212.226
1786993200000,413.59,413.59,413.38,413.39,93.271
1786994100000,413.3,414.14,412.2,412.62,159.763
1786995000000,412.61,412.62,412.37,412.49,154.557
1786995900000,412.49,412.49,409.88,410.29,500.16
1786996800000,410.45,412,410.45,412,66.079
1786997700000,412,413.18,411.98,412.64,52.027
1786998600000,412.68,414.37,412.49,413.88,369.074
1786999500000,413.95,414.53,413.86,414.42,45.178
1787000400000,414.54,416.95,414.36,415.52,686.856
1787001300000,415.54,415.72,415.09,415.65,75.758
1787002200000,415.67,416.46,415.53,416.4,79.769
1787003100000,416.22,416.69,415.77,416.11,109.806
1787004000000,416.1,416.36,415.17,415.66,81.963
1787004900000,415.66,416.71,415.62,416.61,44.93
1787005800000,416.53,416.93,416.12,416.12,206.464
1787006700000,416.08,416.36,415.83,416.36,34.37
1787007600000,416.28,416.61,415.99,416.45,39.276
1787008500000,416.43,416.68,416.41,416.41,24.051
1787009400000,416.51,416.58,415.85,416.18,68.063
1787010300000,416.19,416.75,416,416.15,163.093
1787011200000,416.15,416.22,414.5,414.73,346.641
1787012100000,414.64,415.4,414.5,415.39,84.978
1787013000000,415.39,415.4,414.62,414.95,35.833
1787013900000,414.92,415.53,414.59,414.65,45.042
1787014800000,414.86,415.02,414.65,414.97,42.983
1787015700000,414.99,415.53,414.97,415.4,71.155
1787016600000,415.35,415.53,415.14,415.4,43.515
1787017500000,415.49,415.51,414.59,414.77,87.587
1787018400000,414.72,415.44,414.72,415.19,67.161
1787019300000,415.23,416.25,415.1,415.5,327.49
1787020200000,415.21,415.65,414.36,414.89,236.557
1787021100000,414.56,415.5,414.43,415.26,64.764
1787022000000,415.18,415.56,413.65,413.74,273.342
1787022900000,414,414.25,413.7,414.24,50.866
1787023800000,414.24,414.99,414.16,414.78,133.156
1787024700000,414.76,414.81,414.59,414.77,83.745
1787025600000,414.77,414.79,414.55,414.79,24.695
1787026500000,414.79,414.79,413.88,414.22,64.84
1787027400000,414.31,415.43,414.19,415.06,100.68
1787028300000,415.31,415.5,415.01,415.27,81.738
1787029200000,415.28,415.5,414.99,415.47,82.015
1787030100000,415.46,416.46,415.38,416.39,67.379
1787031000000,416.48,416.55,415.66,415.91,54.572
1787031900000,415.97,417.02,415.76,416.99,72.347
1787032800000,416.84,417.74,415.8,417.23,171.482
1787033700000,417.42,421.61,417.27,420.13,1080.912
1787034600000,420.09,421.44,420.04,420.42,105.595
1787035500000,420.56,422.1,420.53,422.01,184.628
1787036400000,421.73,422.04,419.55,419.8,436.07
1787037300000,419.93,420,418.34,418.61,201.991
1787038200000,418.78,420,418.78,419.38,179.213
1787039100000,419.4,419.4,417.32,417.95,58.669
1787040000000,418.12,419.53,417.86,418.74,62.515
1787040900000,418.89,419.45,418.7,419.1,57.315
1787041800000,419.02,419.29,417.88,418.15,68.191
1787042700000,418.26,418.87,417.67,417.67,43.783
1787043600000,417.56,418,416.66,418,205.051
1787044500000,418,418,415.25,415.61,266.61
1787045400000,415.85,417.9,411.84,417.46,601.972
1787046300000,417.45,417.67,415.92,416.08,995.236
1787047200000,416.37,416.7,415.81,415.9,71.46
1787048100000,415.82,415.87,411.96,412.19,299.535
1787049000000,412.12,413.69,411.84,412.23,218.521
1787049900000,412.27,412.6,411.62,411.98,70.736
1787050800000,412.07,412.58,411.69,411.69,62.448
1787051700000,411.6,412.94,411.32,412.79,65.692
1787052600000,412.83,413.28,412.49,412.97,46.983
1787053500000,412.95,413.22,410.7,411.6,345.673
1787054400000,411.86,411.94,410.33,411.4,146.27
1787055300000,411.38,412,411.06,411.46,35.589
1787056200000,411.58,412.82,411.06,411.9,66.879
1787057100000,412.02,412.94,411.5,411.82,29.845
1787058000000,411.77,411.9,410.87,411.67,258.833
1787058900000,411.67,411.81,409.25,409.9,635.283
1787059800000,409.72,410.26,409.08,410.14,129.443
1787060700000,410.01,418.17,409.95,413.78,2189.888
1787061600000,414.04,417.07,414,416.92,99.417
1787062500000,416.93,417.26,416.33,417.06,102.587
1787063400000,416.92,417.23,415.43,416.77,380.533
1787064300000,416.8,417.01,415.21,415.21,54.352
1787065200000,415.33,416,414.79,414.95,80.46
1787066100000,415.06,415.8,414.27,415.63,117.248
1787067000000,415.62,416.92,415.62,416.6,51.571
1787067900000,416.79,417.47,415.96,416.87,143.237
1787068800000,416.83,417.22,416.3,416.99,79.811
1787069700000,417.03,419.34,416.88,418.23,146.63
1787070600000,418.23,419.1,417.54,417.66,102.056
1787071500000,418.03,420.24,418.02,419.78,394.444
1787072400000,419.43,419.43,417.17,417.17,101.558
1787073300000,417.27,418.32,416.98,418.18,37.763
1787074200000,418.04,418.4,416.74,418.18,61.657
1787075100000,418.23,418.98,417.79,417.88,75.282
1787076000000,418.01,418.9,417.05,417.39,19.262
1787076900000,417.56,418,417.01,418,93.411
1787077800000,417.87,418.02,415.33,416.29,450.596
1787078700000,416.44,417.4,416.23,417.37,139.676
1787079600000,417.24,417.76,417.1,417.58,33.303
1787080500000,417.53,417.53,416.81,417.39,146.436
1787081400000,417.09,417.2,416.74,416.97,26.748
1787082300000,417.01,417.34,416.2,416.2,92.807
1787083200000,416.24,416.32,414.87,415.01,157.783
1787084100000,415.01,415.01,414.2,414.62,118.425
1787085000000,414.57,414.57,413.64,413.65,29.591
1787085900000,413.7,413.7,412.66,412.84,94.543
1787086800000,412.77,413.84,412,413.22,58.721
1787087700000,413.26,413.34,412.33,413.15,36.119
1787088600000,412.95,414.38,412.88,414.11,36.04
1787089500000,414.02,414.08,412.75,413.12,51.01
1787090400000,413.22,414.48,412.71,413.39,247.08
1787091300000,413.45,413.9,412.71,412.71,150.901
1787092200000,412.71,412.99,412.33,412.33,44.621
1787093100000,412.48,412.81,411.97,412.36,26.818
1787094000000,412.37,413.48,412.36,413.44,54.677
1787094900000,413.38,413.44,413.02,413.39,44.272
1787095800000,413.42,413.55,413.18,413.34,56.983
1787096700000,413.26,413.43,413.19,413.21,9.438
1787097600000,413.35,413.35,413.18,413.27,58.424
1787098500000,413.31,413.36,412.26,413.01,102.051
1787099400000,413.04,413.1,412,412,84.431
1787100300000,412.01,412.01,411.08,411.55,264.957
1787101200000,411.55,411.86,411,411.12,123.869
1787102100000,411.11,413.16,411,413.16,165.447
1787103000000,413.17,413.82,412.86,413.58,109.546
1787103900000,413.6,413.61,412.46,412.46,47.657
1787104800000,412.45,412.72,410.53,410.53,61.897
1787105700000,410.7,411.54,409.77,411.54,71.463
1787106600000,411.59,411.67,410.03,410.31,38.685
1787107500000,410.3,410.93,410.3,410.71,23.022
1787108400000,410.72,411.79,410.48,410.6,179.965
1787109300000,410.78,410.96,410.2,410.2,31.424
1787110200000,410.2,410.38,409.79,410.1,22.987
1787111100000,410.17,410.45,409.69,409.82,19.65
1787112000000,409.9,410.25,409.81,410.07,87.097
1787112900000,410.07,411.54,410.07,411.47,31.391
1787113800000,411.5,411.56,411.04,411.53,8.191
1787114700000,411.43,411.87,411.38,411.39,36.435
1787115600000,411.15,411.62,410.96,410.99,21.967
1787116500000,410.91,412.28,410.54,412.06,34.649
1787117400000,412.21,413.38,411.89,412.6,17.303
1787118300000,412.6,412.64,411.61,411.81,14.192
1787119200000,412.15,412.95,411.26,412.86,56.65
1787120100000,412.9,414.5,412.9,414.09,178.802
1787121000000,414.14,414.34,413.8,413.98,63.408
1787121900000,414.08,414.37,413.5,414.37,69.306
1787122800000,414.25,414.79,413.97,414.12,78.59
1787123700000,414.15,414.24,412.9,412.9,29.839
1787124600000,413,414.21,413,413.95,58.8
1787125500000,414.3,415.54,414.3,415.3,57.029
1787126400000,415.4,415.88,414.4,414.73,30.02
1787127300000,414.83,415.71,414.74,415.59,48.065
1787128200000,415.74,416.12,415.63,415.76,77.419
1787129100000,415.77,415.77,414.64,414.87,68.022
1787130000000,414.88,414.88,412.82,413.09,283.665
1787130900000,412.95,414.11,412.84,414.01,86.601
1787131800000,414.07,414.89,414.07,414.72,29.355
1787132700000,414.7,414.86,414,414.6,50.316
1787133600000,414.59,414.87,413.09,413.59,32.653
1787134500000,413.56,413.56,412.96,413.2,8.167
1787135400000,413.14,413.24,412.49,412.51,28.617
1787136300000,412.46,413.25,412.31,412.77,159.125
1787137200000,412.8,413.08,412.28,412.33,187.905
1787138100000,412.26,413.14,411.58,412.76,80.614
1787139000000,412.76,415.94,412.25,415.87,277.578
1787139900000,415.83,417.34,415.25,415.37,533.125
1787140800000,415.41,415.59,413.96,414.85,94
1787141700000,414.73,415.08,414.11,414.12,70.456
1787142600000,414.44,414.72,413.83,414.72,59.669
1787143500000,414.65,415.02,414.36,414.47,125.566
1787144400000,414.73,415.5,413.81,414.89,127.756
1787145300000,414.74,414.76,414.2,414.29,73.921
1787146200000,414.17,414.95,414.06,414.24,63.995
1787147100000,414.31,415.05,414.05,414.46,112.764
1787148000000,414.15,415.89,413.49,414.42,242.799
1787148900000,414.31,415.39,414.25,414.89,154.312
1787149800000,414.82,415.08,414.37,414.55,44.705
1787150700000,414.65,415.91,414.56,415.5,76.583
1787151600000,415.5,417.7,414.45,415.54,366.309
1787152500000,415.52,421.46,415.21,419.33,1251.84
1787153400000,419.69,420.43,418.19,419.68,442.77
1787154300000,419.87,419.87,417.53,419.04,694.025
1787155200000,419.03,420.16,418.27,419.35,160.008
1787156100000,419.46,420.7,419.21,419.38,168.636
1787157000000,419.39,419.39,417.25,417.43,228.846
1787157900000,417.49,422,416.89,419.55,1000.299
1787158800000,419.45,419.5,412.64,415.42,691.651
1787159700000,415.18,416.37,414.88,414.93,119.731
1787160600000,414.93,415.91,414.48,415.56,181.238
1787161500000,415.87,416,414.79,414.92,76.853
1787162400000,415.1,415.42,410.48,415.21,1337.493
1787163300000,415.24,415.65,414.91,415.27,62.824
1787164200000,415.15,416.24,414.37,415.72,330.569
1787165100000,415.75,416.26,415.1,415.78,74.665
1787166000000,415.82,416.65,414.42,416.18,408.532
1787166900000,416.3,417.48,416.29,417.12,284.696
1787167800000,417.28,417.45,415.71,415.93,216.889
1787168700000,415.93,416.14,414.79,415.09,97.86
1787169600000,415.18,416.79,414.42,416.07,140.759
1787170500000,416.17,418.6,415.7,417.07,400.298
1787171400000,417.16,417.39,416.89,416.94,56.661
1787172300000,417.11,419.58,416.71,417.24,406.246
1787173200000,417.28,421.12,415.93,421.11,565.02
1787174100000,421.11,422,417.84,419.35,1339.471
1787175000000,419.34,420.04,418.23,419.54,103.677
1787175900000,419.69,422,419.48,421.49,799.077
1787176800000,421.55,424.95,420.85,424.72,947.865
1787177700000,424.42,424.86,423.86,424.82,358.805
1787178600000,424.79,424.95,424.02,424.85,234.475
1787179500000,424.79,429.42,422.98,429.31,2421.219
1787180400000,429.13,431,427.85,428.96,996.297
1787181300000,428.86,428.86,422.85,423.64,1428.741
1787182200000,423.96,424.64,422.31,423.12,334.379
1787183100000,423.16,423.24,420.78,423.05,731.29
1787184000000,422.92,424.05,420.14,420.14,271.069
1787184900000,420.2,422.38,419.68,421.26,283.352
1787185800000,421.41,424.59,420.88,424.3,763.194
1787186700000,424.26,424.89,423.02,423.28,104.448
1787187600000,423.3,423.81,416.97,422.92,1706.193
1787188500000,422.87,428.77,422.86,428.12,772.122
1787189400000,428.12,429.46,426.57,428.1,152.999
1787190300000,428.27,433.83,428.26,432.32,559.489
1787191200000,432.34,433.26,427.7,429.46,326.437
1787192100000,429.63,430.84,427,430.21,111.459
1787193000000,430.15,431,429.67,429.87,148.109
1787193900000,429.86,430.76,429.06,430.34,344.644
1787194800000,430.21,430.29,427.87,428.43,159.361
1787195700000,428.38,429.28,427.84,428.68,14.596
1787196600000,428.77,429.91,427.15,428.05,268.202
1787197500000,428.43,429.44,426.02,427.08,84.496
1787198400000,426.96,427.22,425.22,425.91,275.167
1787199300000,425.56,426.15,416.24,419.36,1391.194
1787200200000,419.37,419.91,415.72,417.62,843.893
1787201100000,417.95,418.15,414.06,415.19,192.289
1787202000000,415.41,416.21,414.74,415.83,196.442
1787202900000,415.79,416.94,409.09,409.78,1820.199
1787203800000,409.74,412.61,409.74,411.45,1184.528
1787204700000,411.54,412.96,411.14,412.7,255.477
1787205600000,412.79,413.54,410.94,413.54,207.133
1787206500000,413.43,413.96,412.17,413.76,205.545
1787207400000,413.77,414.31,412.27,413.47,34.879
1787208300000,413.57,413.64,412.57,413.64,157.908
1787209200000,413.28,413.96,412.51,412.53,87.913
1787210100000,412.51,414.37,411.66,414.36,283.244
1787211000000,414.36,414.36,412.28,413.2,193.292
1787211900000,413.2,413.82,412.28,412.52,119.942
1787212800000,412.78,416.31,412.75,415.13,285.885
1787213700000,415.16,417.69,414.05,417.52,251.579
1787214600000,417.51,418,416.8,417.92,192.296
1787215500000,417.83,418.55,417.08,417.46,136.154
1787216400000,417.64,418.39,416.69,418.29,298.403
1787217300000,418.25,418.6,417.61,418.18,47.041
1787218200000,417.92,419.33,417.92,418.78,233.111
1787219100000,418.69,419.39,416.5,419.39,225.286
1787220000000,418.91,419.32,417.78,418.15,66.441
1787220900000,418.35,418.54,417.6,418.16,82.568
1787221800000,418.19,419.41,416.44,417.46,702.229
1787222700000,417.51,419.76,416.9,419.37,57.31
1787223600000,418.91,418.91,416.83,417.34,84.115
1787224500000,417.94,420.2,417.75,419,50.912
1787225400000,418.98,420.69,418.75,420.41,40.592
1787226300000,420.52,421.04,420.02,421.04,206.21
1787227200000,420.87,421.3,418.37,418.45,242.453
1787228100000,418.36,418.58,417.71,418.43,128.344
1787229000000,418.74,419.94,418.73,419.44,248.876
1787229900000,419.58,419.64,417.82,418.57,63.627
1787230800000,418.4,418.6,417.28,418.34,38.016
1787231700000,418.43,418.84,417.48,417.71,139.691
1787232600000,418.16,418.16,416.28,417.92,231.88
1787233500000,417.81,418.17,416.44,418.02,47.357
1787234400000,417.97,419.6,416.67,418.08,375.303
1787235300000,418.22,418.79,416.41,418.79,361.753
1787236200000,418.64,420.56,418.32,419.47,491.892
1787237100000,419.45,420.99,419.27,420.99,418.749
1787238000000,420.81,421.06,419.46,420.63,79.091
1787238900000,420.62,421.03,419.36,421.03,212.852
1787239800000,421.03,421.45,419.54,419.87,201.054
1787240700000,419.8,420.68,419.39,420.56,228.991
1787241600000,420.4,421.44,419.03,421.36,134.294
1787242500000,421.49,423.11,419.47,421.78,605.655
1787243400000,421.71,424.48,421.1,424.18,216.118
1787244300000,424.25,426.12,423.82,425.62,228.416
1787245200000,425.62,425.62,422.41,423.25,361.135
1787246100000,423.26,424.52,420.83,420.83,136.064
1787247000000,420.72,420.72,419.5,419.51,85.49
1787247900000,419.43,419.53,418.26,418.67,62.456
1787248800000,418.71,421.06,417.95,418.79,696.09
1787249700000,419,420.15,418.88,419.51,306.939
1787250600000,419.39,419.59,416.39,416.99,711.651
1787251500000,416.97,416.97,409.09,409.68,944.032
1787252400000,409.62,414.7,407.81,414.49,920.484
1787253300000,414.4,417.07,414.03,416.01,197.573
1787254200000,416.07,419.8,415.76,416.15,753.796
1787255100000,416.06,417.27,413.91,415,608.15
1787256000000,415,415.4,412.43,414.98,134.086
1787256900000,415.32,415.6,409.02,411.14,288.616
1787257800000,411.36,411.8,408.13,408.13,1037.872
1787258700000,408.15,410.39,407.57,410.28,1036.859
1787259600000,410.42,411.24,409.92,410.15,63.71
1787260500000,410.14,410.85,409.82,410.48,70.301
1787261400000,410.73,413.39,410.73,413.23,97.612
1787262300000,413.13,415.9,412.54,415.2,1067.879
1787263200000,414.85,416.17,413.36,415.88,133.645
1787264100000,415.93,418.4,415.88,418.22,121.406
1787265000000,418.23,420,417.42,419.55,107.435
1787265900000,419.59,422.93,419.59,422.29,142.917
1787266800000,422.06,422.72,419,422.31,342.559
1787267700000,422.49,422.49,413.01,414.24,719.092
1787268600000,414.4,417.29,414.26,415.67,133.902
1787269500000,416.13,416.56,408.96,412.06,736.949
1787270400000,412.05,412.18,409.61,410.95,340.96
1787271300000,411.26,414.31,410.46,413.23,1377.942
1787272200000,413.23,418.38,413.23,418.04,392.875
1787273100000,417.86,419,415.33,417.59,269.457
1787274000000,417.24,419.11,413.87,414.93,85.744
1787274900000,414.99,417.08,414.99,416.66,268.527
1787275800000,416.72,417.9,416.59,416.7,54.919
1787276700000,417.01,418.91,415.86,416.52,586.721
1787277600000,416.51,416.89,414.28,416.4,188.754
1787278500000,416.51,416.62,413.35,414.91,797.698
1787279400000,414.8,414.99,413.33,413.52,197.742
1787280300000,413.51,415.45,413.27,415.45,77.317
1787281200000,415.06,416.87,415.01,416.87,160.058
1787282100000,416.2,418,415.96,417.63,111.876
1787283000000,417.92,417.99,417.51,417.99,66.406
1787283900000,418,418.55,417.81,417.93,56.506
1787284800000,417.94,419.66,417.88,419.62,22.839
1787285700000,419.57,419.93,418.72,419.92,100.223
1787286600000,419.79,420.15,418.72,419.18,47.508
1787287500000,419.32,419.84,419.22,419.75,113
1787288400000,419.81,420.9,419.57,420.78,175.602
1787289300000,420.78,420.78,418.71,419.28,96.728
1787290200000,419.35,420.71,419.35,420.57,360.895
1787291100000,420.36,420.96,420.11,420.4,192.964
1787292000000,420.29,420.54,415.3,417.46,253.92
1787292900000,417.47,417.73,416.33,417.73,252.553
1787293800000,417.59,418.64,417,418.41,346.216
1787294700000,418.57,419.37,417.98,419.36,401.178
1787295600000,419.36,419.82,418.07,418.37,356.082
1787296500000,418.26,419.7,418.21,418.87,127.832
1787297400000,418.84,419.81,411.75,411.75,471.632
1787298300000,411.95,415.34,410.92,411.25,1830.604
1787299200000,411.13,414.71,410.79,414.07,1244.17
1787300100000,414.09,414.51,411.87,412.65,837.373
1787301000000,412.51,412.52,408.75,410.75,1205.384
1787301900000,410.69,417,410.68,414.93,813.329
1787302800000,414.81,415.19,410.43,412.67,1260.417
1787303700000,412.22,413.62,408.06,408.14,732.471
1787304600000,408.32,414.73,408.23,413.05,1612.67
1787305500000,412.91,417.23,412.46,415.35,3224.095
1787306400000,415.82,417.19,413.51,415.84,1523.642
1787307300000,415.88,416.4,413.68,414.24,841.113
1787308200000,414.04,415.42,413.89,414.43,405.484
1787309100000,414.45,416.05,413.01,414.75,674.433
1787310000000,414.81,416.95,412.74,414.03,1291.425
1787310900000,414.01,416.34,413.22,416.04,762.185
1787311800000,416.04,416.42,412.68,414.4,951.534
1787312700000,414.43,416.18,413.78,415.31,1302.645
1787313600000,415.34,416.05,413.11,413.64,924.322
1787314500000,413.64,413.97,412.43,412.54,342.821
1787315400000,412.37,414.38,412.06,413.24,408.615
1787316300000,413.11,417.22,411.9,415.45,2132.549
1787317200000,415.5,416.45,414.85,416.21,423.774
1787318100000,416.33,417.99,415.9,416.74,1027.754
1787319000000,416.67,418.11,415.72,417.64,460.833
1787319900000,417.4,417.82,415.54,415.78,952.08
1787320800000,415.64,417.69,415.54,416.73,791.341
1787321700000,416.73,416.93,414.9,415.72,1093.852
1787322600000,415.72,415.93,414.42,415.04,286.021
1787323500000,415.03,415.81,415.03,415.05,201.572
1787324400000,415.06,416.84,414.64,414.72,471.153
1787325300000,414.61,415.41,413.77,414.95,990.914
1787326200000,414.81,414.81,412.26,413.6,314.785
1787327100000,413.61,413.88,411.71,412.61,204.243
1787328000000,412.55,412.97,409.9,409.9,776.452
1787328900000,409.91,413.28,408.59,411.47,1524.563
1787329800000,411.47,411.89,409.6,409.98,208.986
1787330700000,409.87,412,409.86,411.84,314.794
1787331600000,411.97,412.27,410.63,412.15,96.65
1787332500000,412.02,412.02,409.34,409.34,292.283
1787333400000,409.3,409.78,409.09,409.35,512.452
1787334300000,409.43,409.78,408.38,409.03,184.819
1787335200000,409.2,409.78,408.74,409.6,213.931
1787336100000,409.62,409.77,408.63,408.77,261.585
1787337000000,408.82,409.02,405.18,406.83,2033.356
1787337900000,406.74,407.56,404.67,406.18,703.083
1787338800000,406.18,409.12,406.18,408.97,187.384
1787339700000,409,409.32,408.07,408.62,427.902
1787340600000,408.53,409.32,407.45,408.64,307.399
1787341500000,408.82,412.77,408.4,411.47,1731.573
1787342400000,411.1,413.5,407.38,412.99,1702.373
1787343300000,412.82,415.03,411.9,413.83,560.534
1787344200000,413.4,414.07,412.33,413.45,411.462
1787345100000,413.46,414.68,411.94,412.7,321.382
1787346000000,412.87,413,410.39,412.88,208.121
1787346900000,412.67,414.32,411.64,413.49,660.139
1787347800000,413.48,414.45,413.42,414.16,293.201
1787348700000,413.97,414.36,413.25,413.75,386.522
1787349600000,413.62,414.37,412.5,414.18,359.249
1787350500000,413.97,414.38,411.33,411.45,234.514
1787351400000,411.43,413.49,407.79,412.22,1399.489
1787352300000,411.81,412.37,410.64,410.64,75.665
1787353200000,410.74,413.1,410.21,412.86,316.692
1787354100000,412.87,414.04,412.49,412.61,428.477
1787355000000,412.78,412.88,410.65,411.59,451.854
1787355900000,411.35,414.5,411.12,414.29,369.86
1787356800000,414.24,414.7,411.88,413.5,534.47
1787357700000,413.48,413.72,410.13,410.58,412.95
1787358600000,410.65,411.72,409.31,410.35,772.477
1787359500000,410.18,410.18,406.36,408.07,1269.706
1787360400000,408.06,408.52,406.04,406.78,355.313
1787361300000,406.73,409.32,406.67,407.68,302.293
1787362200000,407.61,410.6,407.34,408.31,832.148
1787363100000,408.22,411.17,407.6,410.6,241.824
1787364000000,410.44,413.54,410.44,413.06,639.277
1787364900000,413.15,422.91,412.95,421.91,3022.119
1787365800000,421.64,434.31,421.39,433.9,4809.766
1787366700000,433.99,453.13,432.48,452.29,4983.082
1787367600000,452.91,459.44,449.12,456.82,5418.847
1787368500000,457.16,457.17,449,452.81,3482.726
1787369400000,452.46,458.32,450.48,450.64,4153.759
1787370300000,450.57,456.9,445.52,453.08,1892.372
1787371200000,453.74,454,447.78,450.65,2553.336
1787372100000,450.66,453.48,450.4,451.69,1175.17
1787373000000,451.57,463,450.73,461.85,3300.074
1787373900000,461.65,467.44,460.47,462.01,2415.237
1787374800000,462,464.79,410.47,434.11,8113.206
1787375700000,433.94,437.45,425.52,434.41,3633.823
1787376600000,434.41,440.52,429.86,438.79,3786.27
1787377500000,438.61,442.43,436.93,438.02,1246.379
1787378400000,437.66,438,426,427.12,1311.853
1787379300000,427.05,433.19,426.14,432.91,632.946
1787380200000,432.91,436.63,425.81,436.1,3743.189
1787381100000,436.1,442.08,435.84,439.8,992.002
1787382000000,439.53,441.92,436.48,439.19,913.709
1787382900000,439.34,443.75,436.31,443.68,1005.385
1787383800000,443.71,445.52,441.54,444.1,1075.459
1787384700000,444.09,444.1,438.31,438.83,728.626
1787385600000,438.71,443.56,438.3,442.13,568.752
1787386500000,442.28,442.57,431.69,433.43,717.863
1787387400000,433.49,434.93,429.5,433.3,2104.919
1787388300000,433.13,433.21,427.23,428.78,648.924
1787389200000,428.46,431.65,424,431.43,800.998
1787390100000,431.34,431.34,425.77,426.6,159.474
1787391000000,426.66,427.78,422,422.37,384.987
1787391900000,422,428.93,420.42,428.22,545.917
1787392800000,427.78,429.45,414.48,416.98,1354.486
1787393700000,417.13,421.23,414.29,420.46,1584.594
1787394600000,420.25,426.92,419.43,425.87,1620.377
1787395500000,426.17,426.28,422.72,424.19,626.877
1787396400000,423.9,429.18,422.36,426.62,1656.899
1787397300000,426.29,428.44,424.28,427.81,260.297
1787398200000,427.62,430.05,427.3,429.06,317.684
1787399100000,429.03,429.66,426.91,427.89,258.399
1787400000000,427.99,431.43,427.98,430.62,209.512
1787400900000,430.62,432.03,429.56,429.61,158.366
1787401800000,429.42,429.64,425.23,425.77,311.031
1787402700000,425.82,427.19,425.5,425.87,239.425
1787403600000,425.83,428.96,424.46,428.61,301.026
1787404500000,428.46,431.54,427.7,431.54,241.601
1787405400000,431.19,432.04,426.89,429.48,388.648
1787406300000,429.61,431.61,427.32,428.64,701.924
1787407200000,428.14,430.84,427.32,430.14,347.402
1787408100000,429.89,432.17,411.37,416.16,10005.188
1787409000000,416.37,418.9,413.1,416.52,975.966
1787409900000,416.52,417.67,415.56,417.53,324.889
1787410800000,417.58,420.12,417.43,419.2,373.379
1787411700000,419.14,419.59,415.78,415.9,368.071
1787412600000,415.97,416,414.91,415.2,868.524
1787413500000,415.18,416.01,414,415.69,873
1787414400000,415.59,417.16,415.27,416.55,94.732
1787415300000,416.43,419.27,415.68,416.37,182.163
1787416200000,416.32,417.99,415.91,417.27,205.734
1787417100000,417.11,419.28,413.38,415.5,601.212
1787418000000,415.78,417.09,415.59,416.18,220.932
1787418900000,416.07,416.78,414.57,415.76,77.206
1787419800000,415.65,416.48,413.78,415.43,649.141
1787420700000,415.42,415.83,413.72,414.28,429.164
1787421600000,414.33,418.32,414.32,418.23,509.712
1787422500000,418.03,425.06,418.03,421.96,1168.969
1787423400000,421.68,424.09,421.63,423.05,63.411
1787424300000,422.74,423.98,421.33,423.98,217.61
1787425200000,423.87,423.97,420.74,422.43,94.487
1787426100000,422.33,423.56,420.26,423.14,396.564
1787427000000,423.07,425.5,422.94,425.5,194.901
1787427900000,425.51,427.96,425.27,425.98,317.553
1787428800000,426.05,427.73,425.97,426.86,294.564
1787429700000,426.74,426.74,422.97,424.93,312.658
1787430600000,425.27,426.18,424.3,426.12,63.809
1787431500000,426.18,427.97,423.11,427.84,1155.817
1787432400000,427.82,429.7,426.2,429.61,393.062
1787433300000,429.38,430.9,429.12,430.57,178.574
1787434200000,430.57,430.57,424.36,428.73,859.85
1787435100000,428.33,433.28,427.33,432.65,1552.188
1787436000000,432.69,435.89,430.24,435.73,768.261
1787436900000,435.75,436.19,427.73,431.38,706.656
1787437800000,431.31,435.93,430,435.78,924.619
1787438700000,435.71,440,434.74,439.15,1555.092
1787439600000,439.15,439.34,435.81,439.26,1087.189
1787440500000,439.31,440.84,437.33,438.21,325.096
1787441400000,438.14,439.55,435.66,436.14,1038.766
1787442300000,435.92,437,432.85,433.25,668.911
1787443200000,433.26,437.94,433.03,435.77,271.698
1787444100000,435.57,437.97,435.33,437.1,420.648
1787445000000,437.11,438.71,436.5,436.64,484.298
1787445900000,436.72,438.14,435,435.16,117.372
1787446800000,435.13,436.19,433.8,435.95,327.46
1787447700000,436.12,436.96,434.72,436.03,373.786
1787448600000,435.75,436.48,434,436.27,814.499
1787449500000,436.41,438.36,436.39,438.11,127.174
1787450400000,438.26,443.23,438.07,439.6,348.24
1787451300000,439.85,441.57,433.39,436.93,424.503
1787452200000,436.74,439.23,434.71,435.26,198.027
1787453100000,435.79,439.74,435.68,438.54,73.231
1787454000000,439.07,439.74,436.2,438.8,199.293
1787454900000,438.72,438.75,433.73,434.12,323.146
1787455800000,434.12,434.76,427.72,430.54,2766.794
1787456700000,430.54,433.31,430.54,432.39,97.314
1787457600000,432.21,432.57,427.54,431.69,285.436
1787458500000,431.8,431.91,426,427.83,565.318
1787459400000,427.97,428.2,426.29,426.95,178.815
1787460300000,426.63,429.87,425.52,429.67,376.143
1787461200000,429.8,430.34,428.41,429.15,148.877
1787462100000,429.01,432.08,426.66,431.76,62.486
1787463000000,431.97,432.22,429.48,430.79,49.914
1787463900000,430.88,432.78,429.22,431.92,99.874
1787464800000,431.96,433.89,431.06,433.35,361.145
1787465700000,433.29,434,431.72,432.12,101.641
1787466600000,432.06,434.07,431.12,433.8,226.848
1787467500000,433.73,433.94,430.71,431.74,118.124
1787468400000,431.25,433.78,430.9,433.19,199.244
1787469300000,433.26,433.84,431.46,431.46,126.351
1787470200000,431.27,431.41,427.43,428.59,145.51
1787471100000,428.75,431.08,428.4,430.34,80.759
1787472000000,430.31,430.43,427.65,428.72,165.045
1787472900000,428.66,429.91,428.65,429.52,56.982
1787473800000,429.64,431.71,428.96,431.7,71.833
1787474700000,431.71,436.3,431.6,436.08,781.682
1787475600000,435.99,439.89,435.83,438.97,332.812
1787476500000,438.76,440.18,438.18,439.04,67.803
1787477400000,438.92,439.75,438.04,439.5,206.061
1787478300000,439.5,440.13,439.15,439.6,108.468
1787479200000,439.45,441.02,438.39,440.81,475.085
1787480100000,440.82,440.82,434.7,435.86,1397.442
1787481000000,435.8,436.85,431.66,432.97,1189.99
1787481900000,433.23,434.13,429.7,431.71,355.453
1787482800000,431.72,433.94,430.47,432.16,561.088
1787483700000,432.12,434.45,432.1,434.01,841.489
1787484600000,433.98,434.02,431.43,431.67,303.331
1787485500000,431.72,432.27,429.35,430.46,459.142
1787486400000,430.06,430.65,424.59,430.43,1961.771
1787487300000,430.5,431.49,426.96,426.98,401.149
1787488200000,427.78,428.71,423.03,425.39,1657.445
1787489100000,425.41,425.94,424.24,424.98,643.256
1787490000000,424.84,427.72,423.13,423.81,1007.313
1787490900000,423.75,427.36,422.57,423.36,1666.26
1787491800000,423.35,428,423.02,427.05,865.14
1787492700000,427.13,429.5,426.13,428.27,1129.996
1787493600000,428.12,430.61,427.27,429.29,1916.477
1787494500000,429.44,430.6,426.95,426.95,822.738
1787495400000,427.46,427.94,414.72,420.01,1882.771
1787496300000,419.87,423.64,419.45,421.25,1592.516
1787497200000,421.12,423.28,418.77,420.21,1220.689
1787498100000,420.18,422.03,418.96,421.44,661.659
1787499000000,421.45,422.32,418.81,419,560.012
1787499900000,418.62,418.62,415.44,416.33,998.029
1787500800000,416.36,418.67,415.96,418.62,917.812
1787501700000,418.53,420.51,418.12,419.29,667.274
1787502600000,419.27,423.57,419.1,422.06,653.29
1787503500000,422.08,422.44,419.75,420.23,114.257
1787504400000,420.15,425.93,419.23,425.83,1005.766
1787505300000,425.77,426.48,423.61,424.86,130.172
1787506200000,424.89,425.4,421.89,421.89,256.939
1787507100000,422.09,424,421.28,424,219.647
1787508000000,424.07,428.18,424.07,427.75,1724.927
1787508900000,427.75,428.99,426.81,428.73,489.802
1787509800000,428.77,429.26,428.01,429.04,190.11
1787510700000,429.08,429.39,427.31,428.09,100.765
1787511600000,428.02,428.32,425.36,425.99,124.423
1787512500000,425.99,428.37,425.99,427.79,196.863
1787513400000,427.74,429.46,427.2,429.41,130.259
1787514300000,429.46,429.9,426.78,427.26,452.063
1787515200000,426.87,427.13,423.65,424.7,389.324
1787516100000,424.81,425.84,424.62,424.69,204.271
1787517000000,424.85,426.88,424.59,426.88,155.187
1787517900000,427.04,427.1,423.25,426.81,180.18
1787518800000,426.87,430.3,426.78,430.04,399.916
1787519700000,430.03,431.93,430,431.48,598.154
1787520600000,431.4,431.81,427.91,429.2,173.169
1787521500000,429.2,429.33,427.76,428.07,150.239
1787522400000,428.05,429.4,423.98,425.98,662.308
1787523300000,425.87,429.24,425.12,427.38,579.186
1787524200000,427.42,428.4,427.05,427.94,48.278
1787525100000,427.94,429.7,427.94,429.24,88.937
1787526000000,429,429.17,424.74,425.87,81.212
1787526900000,425.82,426.64,422.92,423.62,194.471
1787527800000,424.25,426.03,423.35,423.4,404.06
1787528700000,423.39,423.5,418.97,422.18,2616.028
1787529600000,422,422.2,418.83,419.04,873.072
1787530500000,419.49,419.79,414.8,417.26,665.578
1787531400000,417.46,419.14,416.3,416.92,156.155
1787532300000,416.81,419.5,416.76,419.32,208.304
1787533200000,419.47,419.49,417.87,418.54,94.402
1787534100000,418.67,418.83,416.75,417.43,213.563
1787535000000,417.51,418.5,416.55,416.55,90.135
1787535900000,416.39,416.8,415.88,416.66,163.391
1787536800000,416.85,419.5,416.85,419.48,108.69
1787537700000,419.49,419.76,415.47,418.33,289.079
1787538600000,419.02,419.54,418.76,418.88,369.293
1787539500000,418.8,419.02,416.84,419.02,167.999
1787540400000,419.02,419.93,414.08,417.3,1157.322
1787541300000,417.61,419.35,417.54,417.82,493.743
1787542200000,417.91,418.14,416.21,417.01,192.792
1787543100000,417.15,420.13,416.99,417.97,749.199
1787544000000,418.15,418.98,418.04,418.43,24.298
1787544900000,418.81,419.16,418.55,418.97,91.925
1787545800000,418.97,419.19,417.29,418.65,79.429
1787546700000,418.8,419.08,415.7,416.74,163.761
1787547600000,416.71,418.4,416.66,418.4,45.004
1787548500000,418.32,418.32,416.27,416.43,31.442
1787549400000,416.57,418.65,415.96,418.13,124.561
1787550300000,417.93,418.56,416.85,417.25,78.512
1787551200000,417.25,417.43,415.64,416.39,67.469
1787552100000,416.41,416.7,415.24,415.63,293.953
1787553000000,415.63,417.63,415.21,417.44,490.012
1787553900000,417.52,419.1,417.52,418.77,250.802
1787554800000,418.77,421.39,418.77,421.39,753.763
1787555700000,421.4,423.67,420.94,422.65,1098.694
1787556600000,422.65,425.51,421.93,424.96,625.494
1787557500000,424.96,428.91,424.26,428.04,825.289
1787558400000,427.82,428.68,424.65,428.57,1233.801
1787559300000,428.44,428.74,423.66,425.3,707.153
1787560200000,425.28,425.91,422.93,425.91,408.243
1787561100000,425.91,425.91,423.5,424.16,489.329
1787562000000,424.23,424.36,421.74,422.98,191.725
1787562900000,423.01,423.03,421.08,421.32,145.25
1787563800000,421.41,422.73,421.14,422.49,110.124
1787564700000,422.39,424.15,421.71,424.08,72.35
1787565600000,424.05,425.64,421.46,425.1,262.805
1787566500000,425.1,425.1,423.68,423.92,70.867
1787567400000,423.75,425.49,423.61,423.61,54.082
1787568300000,423.44,423.58,421.9,422.6,50.644
1787569200000,422.68,424.41,421.36,423.37,169.395
1787570100000,423.41,423.91,422.55,422.73,99.53
1787571000000,423.29,425.68,423.29,425.24,170.365
1787571900000,425.11,425.38,423.16,424.05,159.747
1787572800000,423.72,423.76,421.82,422.01,166.953
1787573700000,422,424.18,420.49,423.3,343.145
1787574600000,423.09,425.26,422.5,424.43,374.647
1787575500000,424.39,426.84,424.39,425.43,232.905
1787576400000,425.51,427.33,425.1,426.89,221.786
1787577300000,426.89,428.38,424.82,424.82,748.523
1787578200000,424.8,424.8,422.2,422.55,883.755
1787579100000,422.45,424.11,422.35,422.74,401.184
1787580000000,422.69,423.87,421.25,423.87,564.747
1787580900000,423.82,425.56,422.87,424.71,297.785
1787581800000,424.75,426.24,423.56,423.7,344.809
1787582700000,423.52,423.7,421.63,421.67,197.691
1787583600000,421.69,423.72,421.21,421.66,202.028
1787584500000,421.72,425.21,420.47,424.85,593.257
1787585400000,424.98,425.37,422.12,422.17,411.021
1787586300000,422.85,423.42,420,421.09,462.086
1787587200000,421.03,427.95,421.03,426.99,811.973
1787588100000,427.02,429.08,426.13,426.49,1390.362
1787589000000,426.61,428.33,425.19,427.98,901.685
1787589900000,427.98,429.04,425.96,427.37,1268.717
1787590800000,427.3,429.84,424.37,428.05,1225.404
1787591700000,427.98,429.22,424.58,426.69,1420.199
1787592600000,426.57,431.09,426.48,430.7,966.69
1787593500000,430.6,434.28,430.52,434.28,558.937
1787594400000,434.23,435.99,432.89,434.29,876.451
1787595300000,434.66,438.03,433.91,437.26,662.357
1787596200000,437.21,447.24,437.16,443.93,2422.557
1787597100000,443.94,449.04,442.46,444.85,1139.663
1787598000000,444.9,448.12,442.74,443.88,1030.102
1787598900000,443.82,445.95,438.06,442.86,738.2
1787599800000,442.87,444.18,440.76,441.39,677.006
1787600700000,441.19,443.86,437.55,438.48,1268.068
1787601600000,438.52,441,438.28,439.94,1100.886
1787602500000,439.92,443.7,439.83,443.7,384.999
1787603400000,443.65,445.66,438.57,439.48,1570.061
1787604300000,439.5,442.08,438.39,440.16,863.706
1787605200000,440.16,443.09,438.71,442.81,1300.798
1787606100000,443.02,443.89,439.89,443.38,721.81
1787607000000,443.69,445.39,441.84,442.01,786.361
1787607900000,441.97,444.41,441.16,442.94,605.57
1787608800000,442.85,445.5,441.43,445.49,611.899
1787609700000,445.49,445.49,441.92,441.92,655.26
1787610600000,441.58,444.58,441.58,442.74,172.065
1787611500000,442.75,445.98,442.59,444.57,461.581
1787612400000,444.45,449.71,444.22,447.77,425.293
1787613300000,447.54,450,442.46,442.46,617.424
1787614200000,442.53,446.99,441.31,442.06,781.49
1787615100000,441.72,444.39,440.32,443.4,1211.037
1787616000000,443.16,445.38,440.53,444.16,1079.72
1787616900000,444.07,445.6,442.83,443.86,708.967
1787617800000,443.87,444.67,442.39,443.39,462.603
1787618700000,443.36,444.29,440.31,440.6,863.941
1787619600000,440.54,442.49,439.8,441.48,479.97
1787620500000,441.45,441.88,440.16,441.31,141.054
1787621400000,441.49,443,441.49,442.72,237.973
1787622300000,442.63,443.72,442.02,443.4,393.13
1787623200000,443.41,443.49,441.55,442.72,131.909
1787624100000,442.72,444.49,442.02,443.81,201.692
1787625000000,443.8,444.49,442.02,442.89,492.372
1787625900000,443.11,443.86,440.22,440.37,497.221
1787626800000,440.37,441.9,440.01,441.75,373.115
1787627700000,441.75,442.01,438.6,440.49,394.295
1787628600000,440.5,442.54,440.31,441.51,285.122
1787629500000,441.59,445.34,441.34,445.15,236.611
1787630400000,445.29,448.78,444.58,448.78,291.042
1787631300000,448.84,450.56,448.29,449.39,320.714
1787632200000,449.15,450.29,446.92,448.53,479.57
1787633100000,448.8,449.25,444.1,446.02,472.237
1787634000000,445.97,447.25,444,445.36,224.044
1787634900000,445.12,448.05,444.3,448.04,112.442
1787635800000,448.04,451.97,448.04,451.93,697.519
1787636700000,451.93,454.16,451.78,453.06,1640.246
1787637600000,453.03,454.71,452.42,454.42,1284.025
1787638500000,454.43,455,451.89,454.62,1646.293
1787639400000,454.62,455,446,447.41,463.563
1787640300000,447.41,447.61,444,445.51,545.724
1787641200000,445.76,448.53,445.62,447.2,268.168
1787642100000,446.57,446.63,443.58,443.72,304.18
1787643000000,443.73,445.5,442.17,444.27,125.981
1787643900000,443.99,446.52,442.7,445.91,208.472
1787644800000,445.96,448.59,445.35,448.53,254.557
1787645700000,448.45,450.63,448.07,450.48,206.361
1787646600000,450.39,450.58,447.83,448.47,163.101
1787647500000,448.41,449.13,444.22,446.16,1292.602
1787648400000,446.16,450.02,445.03,449.42,312.391
1787649300000,449.31,449.52,443.56,446.69,444.498
1787650200000,446.7,447.55,446.3,447.37,155.681
1787651100000,447.48,447.48,444.34,444.62,199.91
1787652000000,444.64,446.95,443.68,446.67,171.983
1787652900000,446.76,449.01,445.13,448.98,107.491
1787653800000,448.95,450,448.89,449.99,414.441
1787654700000,450,450.22,449.47,449.67,155.673
1787655600000,449.65,450.52,449.36,450.15,132.245
1787656500000,450.12,451.53,449.78,450.89,245.075
1787657400000,450.97,451.06,449.17,450.38,192.749
1787658300000,450.36,450.36,443.24,445.86,1267.386
1787659200000,445.57,446.75,443.69,443.73,175.608
1787660100000,443.97,443.99,440.1,441.51,436.811
1787661000000,441.68,443.14,440.64,440.8,297
1787661900000,441.14,443.12,440.69,441.26,172.086
1787662800000,441.23,441.95,439.07,439.8,346.287
1787663700000,440.03,440.03,434.78,434.79,1087.583
1787664600000,435.78,440.7,435.73,440.16,235.543
1787665500000,440.24,444.72,439.7,444.47,153.572
1787666400000,444.62,447.57,442.53,445.76,254.985
1787667300000,445.7,447.7,445.17,447.09,363.59
1787668200000,447.1,448.31,445.88,446.14,712.712
1787669100000,446.18,448.47,445.86,447.66,201.2
1787670000000,447.7,447.96,445.28,446.54,274.6
1787670900000,446.62,449.4,445.38,447.61,340.626
1787671800000,447.43,449.56,444.42,448.22,1753.109
1787672700000,448.23,448.49,446.3,448.39,897.346
1787673600000,448.39,449.14,444.47,445.01,221.43
1787674500000,445.2,445.97,443.87,444.21,314.983
1787675400000,444.1,445.41,443.61,444.67,97.252
1787676300000,444.65,445.22,442.85,443.63,284.179
1787677200000,443.79,443.94,441.9,441.91,316.795
1787678100000,442.18,443.15,440.91,441.25,360.053
1787679000000,441.36,443.3,441.25,443.17,223.921
1787679900000,443.28,443.28,441.92,442.6,206.434
1787680800000,442.62,442.96,441.79,441.79,85.732
1787681700000,441.79,442.41,441.02,441.58,222.49
1787682600000,441.57,443.31,441.18,443.31,255.396
1787683500000,443.31,444.27,442.89,443.81,245.507
1787684400000,443.8,444.22,443.09,444,268.794
1787685300000,444.07,444.2,442.14,442.56,355.808
1787686200000,442.32,442.77,440.88,440.88,180.898
1787687100000,440.88,440.88,438.17,438.27,362.081
1787688000000,438.39,438.64,437.19,438.53,465.679
1787688900000,438.33,439.19,437.05,438.16,1513.773
1787689800000,437.92,438.17,433.23,433.34,1044.044
1787690700000,433.33,433.53,428.2,431.98,2273.352
1787691600000,431.7,432.26,427.61,431.87,1173.595
1787692500000,431.86,432.23,430.09,431.15,422.931
1787693400000,431.01,437.72,430.87,436.97,1349.967
1787694300000,436.85,437.87,436.37,437.87,60.82
1787695200000,437.88,440.03,437.88,439.87,530.959
1787696100000,439.85,439.98,437.2,438.39,173.783
1787697000000,438.39,440.56,437.98,440.33,214.196
1787697900000,440.32,440.71,438.66,440.68,196.536
1787698800000,440.68,441.4,439.63,441.36,837.515
1787699700000,441.2,441.2,439.65,440.21,177.318
1787700600000,440.26,440.34,438.95,439.02,83.498
1787701500000,438.99,440.42,438.02,439.64,98.238
1787702400000,439.9,440.33,439.11,439.13,210.335
1787703300000,439.03,441.56,438.83,441.56,214.58
1787704200000,441.55,442,440.45,441.39,274.862
1787705100000,441.26,442,439.89,440.02,455.131
1787706000000,440.04,442,439.11,439.24,203.559
1787706900000,439.28,440.78,439.28,440.14,99.691
1787707800000,440.06,442.13,440.06,441.67,170.84
1787708700000,441.52,442.86,440.99,442.85,171.261
1787709600000,442.85,443,442.3,442.82,367.281
1787710500000,442.75,443.69,442.06,443.69,272.079
1787711400000,443.69,443.78,443.36,443.46,112.768
1787712300000,443.49,444.67,443.27,444.58,331.101
1787713200000,444.26,444.52,443.72,444.39,56.652
1787714100000,444.47,444.47,442.43,443.79,71.871
1787715000000,443.69,443.78,442.4,443.43,85.852
1787715900000,443.63,444,442.38,443.16,94.482
1787716800000,443,443.92,442.1,443.54,156.202
1787717700000,443.51,444,443.12,443.67,46.772
1787718600000,443.85,444.58,443.67,444.41,27.107
1787719500000,444,444.01,442.86,443.67,56.147
1787720400000,443.37,443.62,442.95,443.28,47.08
1787721300000,443.25,443.48,442.59,443.3,72.864
1787722200000,443.52,445.56,443.52,445.56,576.425
1787723100000,445.56,448.22,445.55,447.98,1269.725
1787724000000,447.98,447.98,444.07,446.38,401.913
1787724900000,446.39,447.12,445.98,446.5,52.736
1787725800000,446.47,448.22,446.27,448.22,328.713
1787726700000,448.22,448.64,446.62,447.75,209.662
1787727600000,447.64,448,445.88,446.52,124.238
1787728500000,446.53,448.22,446.52,448.05,147.833
1787729400000,447.98,447.98,446.54,446.6,65.107
1787730300000,446.55,447.61,445.28,445.59,194.568
1787731200000,445.66,449.42,445.46,449.35,569.987
1787732100000,449.24,450,449.23,449.79,210.187
1787733000000,449.69,450,447.92,448.79,145.856
1787733900000,448.65,450,448.5,449.58,412.856
1787734800000,449.59,450.61,448.85,450.49,420.245
1787735700000,450.5,450.5,446.05,447.16,323.085
1787736600000,447.13,447.19,445.54,445.54,86.989
1787737500000,445.8,446.08,444.31,444.82,271.049
1787738400000,444.76,444.99,443.98,444.51,120.603
1787739300000,444.59,446.22,443.01,446.22,104.274
1787740200000,446.31,447.95,444.89,445.6,135.906
1787741100000,445.19,446.84,445.19,446.21,109.857
1787742000000,445.87,446.52,445.16,445.83,61.847
1787742900000,445.84,446.51,442.59,442.74,224.318
1787743800000,442.9,443.63,441.89,442.62,211.612
1787744700000,442.88,443.18,441.61,442.77,132.28
1787745600000,443.18,443.96,441.23,442.68,106.176
1787746500000,442.37,443.09,440.87,441.97,230.607
1787747400000,442.04,442.42,439.58,440.56,168.062
1787748300000,440.43,440.43,438.1,440.09,89.073
1787749200000,440.2,440.49,436.68,436.72,147.206
1787750100000,436.81,438.95,435.76,438.8,265.845
1787751000000,438.58,440.76,438.58,439.4,119.738
1787751900000,439.39,439.85,437.03,438.66,323.836
1787752800000,438,439.37,436.08,438.05,196.832
1787753700000,438.22,439.43,436.84,437.06,188.048
1787754600000,437.14,438.17,435.44,435.81,620.14
1787755500000,435.69,435.97,433.62,433.62,367.668
1787756400000,433.65,435.6,433.56,433.67,269.928
1787757300000,433.71,434.51,431.92,433.26,219.292
1787758200000,433.38,434.7,433.09,433.78,179.665
1787759100000,433.41,433.75,432.21,433.01,111.258
1787760000000,433.17,433.94,432.42,432.77,68.227
1787760900000,432.87,432.95,431.72,431.72,275.044
1787761800000,431.74,432.43,429.04,429.24,666.356
1787762700000,429.23,431.7,429.23,431.17,153.583
1787763600000,431.15,431.39,430.17,430.4,90.663
1787764500000,430.63,432.98,429.37,432.66,117.203
1787765400000,432.63,432.81,430.65,430.73,138.852
1787766300000,430.58,432.25,430.43,432.25,61.933
1787767200000,431.77,431.92,429.03,429.58,272.562
1787768100000,429.6,432.8,429.15,432.6,207.536
1787769000000,432.52,432.99,431.55,431.98,116.589
1787769900000,432.04,432.04,430.57,430.69,195.359
1787770800000,430.79,433.4,430.56,431.94,124.537
1787771700000,432.15,434.44,432,432.21,144.01
1787772600000,432.12,433.81,431.72,431.88,73.912
1787773500000,431.88,432.4,431.38,431.56,61.185
1787774400000,431.44,431.81,430.66,430.85,146.467
1787775300000,430.41,433.22,430.07,432.69,245.153
1787776200000,432.92,433.88,432.13,432.93,198.938
1787777100000,432.95,433.58,431.88,432.51,202.446
1787778000000,432.5,435.27,432.5,435.14,179.808
1787778900000,435.13,435.82,433.57,435.82,233.453
1787779800000,435.76,437.06,434.79,435.1,348.612
1787780700000,435.08,436.65,434.41,435.62,245.101
1787781600000,435.49,437.35,435.44,437.34,154.923
1787782500000,437.33,438.53,437.06,437.16,167.058
1787783400000,437.08,438.64,436.62,438.59,286.668
1787784300000,438.47,439.13,437.3,437.94,295.296
1787785200000,438.03,439.02,437.2,437.34,134.624
1787786100000,437.13,438,435.91,438,300.989
1787787000000,438,439.02,437.86,438.68,52.331
1787787900000,438.68,438.97,437.65,438.19,346.326
1787788800000,438.23,438.29,435.97,436.34,169.587
1787789700000,436.34,438.48,436.22,437.77,493.422
1787790600000,437.9,438.34,435.93,436.22,313.884
1787791500000,436.44,438.35,435.93,438.35,89.546
1787792400000,438.14,439,437.99,438.82,87.538
1787793300000,438.78,440.1,437.07,440.04,360.631
1787794200000,439.89,440.65,439.42,440.65,49.403
1787795100000,440.65,441.06,440.34,440.76,148.891
1787796000000,440.64,441.61,439.79,439.95,164.465
1787796900000,440.02,440.49,439.23,440.39,38.675
1787797800000,440.26,440.99,439.23,439.83,89.117
1787798700000,439.85,441.19,439.77,440.47,78.377
1787799600000,440.53,440.95,440.23,440.86,75.978
1787800500000,440.82,441.79,440.82,441.38,38.267
1787801400000,441.37,441.37,439.09,439.7,166.373
1787802300000,439.62,441.39,439.44,441.39,80.707
1787803200000,441.32,441.76,441.22,441.61,75.533
1787804100000,441.61,442.23,441.22,442.23,80.573
1787805000000,442.23,442.98,440.04,442.97,156.309
1787805900000,442.82,443,440.34,440.53,164.885
1787806800000,440.66,443.04,439.67,443.04,119.12
1787807700000,442.96,444.45,442.09,444.16,253.295
1787808600000,444.1,446,443.34,446,237.67
1787809500000,446,448.08,446,447.72,402.835
1787810400000,447.73,448.61,445.4,445.41,176.028
1787811300000,445.58,447.25,445.27,446.12,219.781
1787812200000,446.12,446.43,444.02,445.54,221.096
1787813100000,445.5,447.98,444.64,444.76,61.107
1787814000000,444.76,446.29,444.35,445.98,119.08
1787814900000,446.02,446.2,445.7,446.19,41.69
1787815800000,446.2,447.56,445.03,447.56,224.701
1787816700000,447.57,448.12,446.39,446.39,105.063
1787817600000,446.71,448.75,445.62,448.55,272.674
1787818500000,448.49,448.66,447.66,448.15,177.653
1787819400000,448,448.48,447.43,447.59,160.062
1787820300000,447.78,448.2,446.87,447.75,185.725
1787821200000,447.41,448.33,446.03,448.16,54.954
1787822100000,448.22,449.7,448.09,449.7,177.626
1787823000000,449.38,450,448.83,449.85,305.525
1787823900000,449.53,449.9,445.71,449.19,184.081
1787824800000,448.24,450,447.34,449.54,459.259
1787825700000,449.46,450,447.8,448.16,103.196
1787826600000,448.53,452.7,448.53,452.54,137.078
1787827500000,452.53,453.36,450.96,452.58,178.07
1787828400000,452.7,455,451.51,454.33,500.717
1787829300000,454.28,455,453.33,453.81,462.446
1787830200000,453.92,468.75,451.62,464.43,4828.355
1787831100000,464.43,468.75,462.28,468.47,1159.594
1787832000000,468.02,469.26,465.96,467.35,1263.744
1787832900000,467.29,472,467.06,471.34,2801.006
1787833800000,471.37,471.43,465.67,467.62,1218.153
1787834700000,467.76,467.76,460.5,460.84,948.336
1787835600000,460.72,463.38,458.6,458.66,303.997
1787836500000,458.9,459.39,457.67,458.89,181.739
1787837400000,458.89,459.25,455.53,456.18,326.498
1787838300000,456.18,457.92,455.58,457.61,164.567
1787839200000,457.49,462.06,457.49,459.15,532.98
1787840100000,459.08,461.1,455.98,456.26,381.843
1787841000000,456.13,460.17,456.13,458.96,345.034
1787841900000,458.87,462.38,456.7,460.55,149.822
1787842800000,460.58,462.88,458.35,462.85,271.952
1787843700000,462.78,467.69,461.58,466.46,327.06
1787844600000,466.41,468.02,464.19,466.22,218.165
1787845500000,466.2,467.17,464.76,465.9,150.945
1787846400000,466.08,466.91,463.55,465.29,260.299
1787847300000,465.31,469.42,464.92,469.41,172.173
1787848200000,469.36,470,465.29,466.21,157.8
1787849100000,466.66,469.42,465.35,465.68,378.156
1787850000000,465.89,470.1,465.72,468.35,225.919
1787850900000,468.35,469.66,464.22,465.64,154.365
1787851800000,465.64,468.78,465.13,468.54,147.983
1787852700000,468.54,469.45,464.21,464.42,113.524
1787853600000,464.39,464.39,461.86,462.14,427.607
1787854500000,462.13,466.62,458.06,465.55,1846.472
1787855400000,465.62,470.81,463.91,469.71,490.982
1787856300000,469.65,472,469.04,471.4,549.017
1787857200000,471.49,473.75,467.02,468.08,2166.946
1787858100000,468.09,468.31,464.78,465.02,118.2
1787859000000,465.03,465.44,461.4,461.74,428.658
1787859900000,461.69,461.97,459.66,459.99,473.901
1787860800000,459.99,460,459.56,460,538.801
1787861700000,460,460,458.85,459.38,1087.545
1787862600000,459.69,463.05,459.68,462.13,231.377
1787863500000,462.12,463.03,460.48,461.15,285.011
1787864400000,461.37,462.25,460.5,460.73,107.67
1787865300000,460.74,461.08,459.18,459.28,330.048
1787866200000,459.13,461.01,458.7,460.78,208.395
1787867100000,460.78,461.74,458.7,461.74,608.942
1787868000000,461.68,463.51,461.48,463.51,50.684
1787868900000,463.56,464.14,461.7,462.36,112.678
1787869800000,462.34,462.8,459.93,459.96,108.069
1787870700000,459.95,461.45,459.03,461.04,621.526
1787871600000,460.74,461.6,459.3,460.38,645.928
1787872500000,460.38,460.71,459.1,459.7,234.061
1787873400000,459.64,459.94,454.2,454.88,384.253
1787874300000,455.4,456.27,454.3,455.18,289.329
1787875200000,455.24,459.31,454.9,459.2,198.183
1787876100000,459.23,459.73,458.24,459.69,91.871
1787877000000,459.68,460.55,459.59,460.22,83.883
1787877900000,460.19,460.96,460.13,460.52,62.88
1787878800000,460.5,461.93,460.18,461.75,42.945
1787879700000,461.76,461.93,460.5,461.62,76.58
1787880600000,461.76,463.24,460.19,463.24,300.431
1787881500000,462.96,467.1,462.15,466.07,595.156
1787882400000,465.16,465.9,463.22,463.73,249.387
1787883300000,463.71,463.71,460.66,460.93,186.379
1787884200000,460.73,463.48,460,463.47,193.447
1787885100000,463.82,465.9,462.16,465.85,290.267
1787886000000,465.73,467.65,464.82,467.21,243.543
1787886900000,467.31,469.54,466.62,469.49,209.995
1787887800000,469.42,470.69,468.53,469.8,563.292
1787888700000,469.78,469.94,462.46,463.33,868.648
1787889600000,464.05,465.95,463.68,464.4,211.31
1787890500000,464.55,464.88,461.5,462.66,557.927
1787891400000,462.71,462.87,461.35,462.6,128.164
1787892300000,462.53,463.49,461.85,462.5,207.371
1787893200000,462.45,462.81,460.16,460.63,107.004
1787894100000,460.57,460.59,458.71,460.03,96.276
1787895000000,460.03,460.62,459.68,459.82,78.242
1787895900000,459.82,460.84,459.18,460.35,90.687
1787896800000,460.51,462.75,459.83,462.46,173.617
1787897700000,462.44,462.82,461.53,462.82,59.858
1787898600000,462.95,465.8,462.95,463.74,357.319
1787899500000,463.8,464.59,463.05,463.76,178.013
1787900400000,463.63,464.11,460.85,460.92,194.429
1787901300000,461.03,463.77,460.65,463.65,92.923
1787902200000,464,465.52,464,464.79,130.748
1787903100000,464.6,465.29,463.9,465.01,144.532
1787904000000,465.08,469.32,464.53,468.6,397.228
1787904900000,468.77,470.7,467.94,470.08,373.406
1787905800000,469.92,470.94,469.62,470.28,190.956
1787906700000,470.37,472.8,469.49,472.49,276.664
1787907600000,472.41,474.48,471.97,473.59,495.919
1787908500000,473.59,475,469.41,472.09,760.72
1787909400000,472.22,473.46,468.5,468.76,400.879
1787910300000,468.79,471.01,468.54,470.24,676.012
1787911200000,470.29,471.46,468.71,470.93,362.785
1787912100000,471.1,471.61,469.77,471.33,356.391
1787913000000,471.23,471.97,470.78,471.35,187.836
1787913900000,471.33,472.15,470.92,471.48,332.096
1787914800000,471.43,472.09,470.5,470.97,231.198
1787915700000,471.24,471.78,470.93,471.72,149.229
1787916600000,471.6,472.48,471.49,472.18,154.639
1787917500000,472.26,474.67,471.81,474.51,137.967
1787918400000,474.44,477.4,470.54,471.7,990.701
1787919300000,472.08,474.55,472.08,472.92,174.783
1787920200000,472.92,473.47,468.42,469.68,215.136
1787921100000,469.5,477.97,468.57,476.46,881.897
1787922000000,476.45,477.9,474.21,475.69,308.408
1787922900000,475.49,475.49,470.71,470.81,207.391
1787923800000,470.82,473.26,470.17,470.21,91.274
1787924700000,470.13,471.48,469.29,470.02,207.433
1787925600000,469.82,471.31,467.8,468.58,277.54
1787926500000,468.49,470.67,466.15,468.9,384.118
1787927400000,468.95,473.1,467.55,472.93,355.923
1787928300000,472.77,474.31,471.65,474.17,185.828
1787929200000,473.98,475.53,472.23,475.53,259.81
1787930100000,475.55,480,472.52,477.92,918.499
1787931000000,477.12,477.19,471.43,471.54,788.425
1787931900000,471.68,472.12,468.39,469.81,311.324
1787932800000,469.72,470.82,462,462.12,1287.983
1787933700000,462.03,463.57,458.52,463.21,953.822
1787934600000,463.18,466.86,460.92,465.45,407.286
1787935500000,465.52,469.67,465.52,466.62,450.503
1787936400000,466.74,470.04,465.65,469.66,286.069
1787937300000,469.88,470.71,468.54,469.95,188.437
1787938200000,469.4,471.47,467.07,468.28,396.377
1787939100000,468.46,470.25,466.33,467.43,955.098
1787940000000,467.48,469.82,466.62,468.93,205.184
1787940900000,469.17,469.22,464.95,465.39,320.861
1787941800000,465.38,465.38,462.2,462.64,130.708
1787942700000,462.64,463.39,460.32,463.36,871.45
1787943600000,463.37,466.22,463.37,465.4,545.279
1787944500000,465.36,466.59,464.27,466.48,82.401
1787945400000,466.24,466.67,464.82,464.82,94.943
1787946300000,465.08,466.13,464.45,465.16,66.492
1787947200000,465.2,465.95,464.59,465.78,175.951
1787948100000,465.75,467.62,465.18,467.62,193.316
1787949000000,467.62,467.63,464.46,465.73,196.623
1787949900000,465.84,466.4,465.24,466.35,48.617
1787950800000,466.38,467.85,466.1,466.84,118.88
1787951700000,467.04,467.04,464.53,465.07,60.546
1787952600000,465.5,467.12,465.13,466.57,79.304
1787953500000,466.65,467.31,464.86,465.5,239.335
1787954400000,465.5,467.79,465.5,467.45,52.121
1787955300000,467.43,470.72,466.6,470.56,239.697
1787956200000,470.64,470.73,469.04,469.87,385.558
1787957100000,469.95,470.73,468.83,469.23,272.836
1787958000000,469.11,469.41,467.51,469.29,177.415
1787958900000,469.26,470.27,468.56,470.14,562.901
1787959800000,470.15,472.58,470.12,472.57,247.218
1787960700000,472.52,472.58,471.73,472.58,283.265
1787961600000,472.57,473.38,472.35,473.03,414.623
1787962500000,473.03,473.8,472.88,473.36,242.945
1787963400000,473.33,473.43,471.98,472.12,153.816
1787964300000,472.23,472.23,469.93,471.03,125.549
1787965200000,471.02,471.91,469.96,471.54,162.783
1787966100000,471.54,472.61,470.68,472.34,118.765
1787967000000,472.37,472.86,471.49,472.66,140.032
1787967900000,472.67,472.86,470.95,471.16,134.159
1787968800000,471.17,472.5,470.88,471.36,54.916
1787969700000,471.24,471.56,469.51,469.6,113.922
1787970600000,469.56,469.72,469.26,469.69,77.876
1787971500000,469.65,470.44,468.96,469.79,116.274
1787972400000,469.77,470.4,469.09,469.21,163.137
1787973300000,469.34,471.19,469.04,470.63,75.931
1787974200000,470.57,471.37,469.84,469.9,71.608
1787975100000,469.79,470.5,469.63,470.03,119.439
1787976000000,470.16,471,466.67,467.51,119.021
1787976900000,467.32,468.52,466.83,467.57,80.499
1787977800000,467.55,469.08,467.55,468.63,74.832
1787978700000,468.54,469.27,468.45,469.27,17.861
1787979600000,469.51,470.14,469.45,469.7,60.086
1787980500000,469.61,469.95,469.2,469.34,55.779
1787981400000,469.29,469.32,465.54,465.95,149.501
1787982300000,466.18,466.18,464.53,464.53,76.029
1787983200000,464.84,466.25,463.95,464.51,106.288
1787984100000,464.51,464.54,463.19,463.4,49.203
1787985000000,463.23,464.35,462.78,464.06,172.047
1787985900000,464.34,466.88,464.34,466.74,168.662
1787986800000,466.75,468.14,466.55,467.15,195.838
1787987700000,466.97,467.04,464,464.43,52.259
1787988600000,464.36,469.78,464.32,469.52,589.5
1787989500000,469.51,470.6,469,470.07,208.524
1787990400000,469.83,470.69,468.13,469.73,234.551
1787991300000,469.28,469.97,468.4,469.97,61.373
1787992200000,469.9,472.07,469.34,471.73,155.776
1787993100000,471.58,471.58,470.09,470.77,34.047
1787994000000,470.85,470.85,467.88,470.55,80.869
1787994900000,470.46,470.54,467.64,467.98,76.89
1787995800000,468.05,468.99,467.58,467.68,22.876
1787996700000,467.67,468.67,467.35,467.35,21.151
1787997600000,467.42,467.45,465.49,467.01,90.277
1787998500000,467.01,467.94,466.34,467.03,74.139
1787999400000,467.4,467.7,465.89,466.74,16.238
1788000300000,467.03,468.36,467.03,467.35,21.771
1788001200000,467.37,467.6,466.67,467.36,6.033
1788002100000,467.32,467.51,464.95,465.22,125.446
1788003000000,465.38,467.96,465.08,465.51,93.251
1788003900000,465.65,466.62,465.45,465.54,22.096
1788004800000,466.05,467.15,465.25,467.05,60.336
1788005700000,467.18,468.11,466.12,466.78,63.886
1788006600000,466.46,467.67,466.38,467.33,71.747
1788007500000,467.37,468.98,466.89,467.83,247.96
1788008400000,467.92,468.18,464.74,465.58,315.453
1788009300000,465.19,466.64,464.27,464.27,97.698
1788010200000,464.65,466.35,464.17,465.92,97.695
1788011100000,466.02,466.39,465.01,465.36,15.312
1788012000000,465.39,465.39,464.21,464.5,71.822
1788012900000,464.46,464.55,463,463,107.734
1788013800000,463,466,462.25,465.66,453.665
1788014700000,465.52,468.13,465.1,466.28,56.349
1788015600000,466.83,468.38,466.09,466.72,114.7
1788016500000,466.83,467.51,466.83,467.51,6.467
1788017400000,467.16,467.27,466.33,466.61,81.185
1788018300000,466.73,467.48,466,466.52,158.869
1788019200000,466.76,468.16,465.9,466.23,226.965
1788020100000,466.35,467.17,465.02,465.02,162.295
1788021000000,464.95,465.44,463.94,464.65,307.44
1788021900000,464.86,465.94,464.51,465.23,155.763
1788022800000,465.19,465.86,464.45,464.91,48.915
1788023700000,464.82,465.49,463.57,463.75,54.047
1788024600000,463.69,464.57,463.69,464.43,165.209
1788025500000,464.59,464.7,463.55,464.34,84.834
1788026400000,464.37,464.75,463.9,464.52,81.196
1788027300000,464.49,465.46,463.53,464.85,132.26
1788028200000,465.16,468.7,464.95,467.26,95.299
1788029100000,467.5,467.96,466.06,466.09,78.664
1788030000000,466.18,466.42,464.48,464.53,88.442
1788030900000,464.7,464.84,462.38,463.99,233.169
1788031800000,463.92,464.66,463.58,464.66,86.893
1788032700000,464.66,464.66,463.62,463.67,184.858
1788033600000,463.66,464.83,463.63,464.15,165.616
1788034500000,464.06,464.19,462.65,463.7,559.623
1788035400000,463.6,465.62,463.35,465.62,150.107
1788036300000,465.71,467.23,465.59,466.92,269.784
1788037200000,466.9,467.85,466.28,467.24,260.598
1788038100000,467.1,468.12,466.51,467.67,752.258
1788039000000,467.67,468.07,465.61,465.61,138.077
1788039900000,466.13,467.91,465.81,467.57,59.391
1788040800000,467.58,471.34,467.58,470.9,1232.653
1788041700000,470.89,474.44,470.32,471.45,1009.985
1788042600000,471.39,471.39,470.53,471.17,123.012
1788043500000,471.07,471.99,470.43,471.34,240.976
1788044400000,471.33,472.24,470.93,472.24,102.699
1788045300000,471.95,473.71,471.1,471.45,1123.772
1788046200000,471.22,472,469.06,472,149.313
1788047100000,471.79,472.61,471.31,471.89,138.816
1788048000000,471.86,472.16,470.69,472.16,108.367
1788048900000,472.23,472.91,471.58,472.49,127.83
1788049800000,472.43,473.44,472.03,473.37,51.366
1788050700000,473.19,474.84,473.04,473.9,437.519
1788051600000,473.9,474.2,472.41,474.09,857.508
1788052500000,474.08,474.09,471.31,471.34,238.988
1788053400000,471.51,473.68,471.49,472.33,301
1788054300000,472.37,474.45,472.37,474.1,360.87
1788055200000,473.93,474.39,473.02,473.09,98.037
1788056100000,472.91,473.42,472.31,472.78,93.222
1788057000000,472.36,473.42,472,473.1,116.449
1788057900000,473.07,474.83,472.19,472.96,480.12
1788058800000,472.99,474.82,472.91,474.2,324.614
1788059700000,474.2,474.83,474.01,474.83,266.079
1788060600000,474.82,475.79,473.41,473.41,661.798
1788061500000,473.36,474.67,473.34,474.23,37.823
1788062400000,474.1,474.1,471.31,471.33,210.509
1788063300000,471.6,472.26,469.63,469.94,639.184
1788064200000,469.9,470.66,469.07,470.63,535.458
1788065100000,470.31,470.68,469.43,470.21,131.268
1788066000000,470.19,472.17,469.99,471.92,237.936
1788066900000,471.76,471.99,471.29,471.83,198.696
1788067800000,472.03,473.85,471.48,473.68,189.436
1788068700000,473.68,476.14,472.63,474.87,661.904
1788069600000,474.85,475.48,473.94,474.21,83.053
1788070500000,474.28,477.5,473.91,475.66,130.526
1788071400000,475.66,477.09,475.59,476.99,69.26
1788072300000,477.03,477.07,475.72,476.05,78.359
1788073200000,475.97,475.99,474.29,474.92,77.837
1788074100000,475.06,475.15,471.08,473.06,93.601
1788075000000,473.05,475.76,471.82,475.72,162.434
1788075900000,475.62,475.82,474.84,475.71,31.493
1788076800000,475.7,475.7,474.51,475.34,133.343
1788077700000,475.53,476.52,471.21,473.29,280.1
1788078600000,473.25,477.78,473.17,477.72,1217.483
1788079500000,477.72,479.72,477.71,477.85,1049.818
1788080400000,477.79,480,477.66,480,912.808
1788081300000,480,480.12,478.41,478.99,880.54
1788082200000,478.92,485.24,478.35,484.09,3522.03
1788083100000,484.09,485.68,476.09,484.16,5578.219
1788084000000,484.16,487.76,483.02,487.05,3549.37
1788084900000,487.03,487.77,482.78,483.24,2079.398
1788085800000,483.2,485,480.14,485,3942.726
1788086700000,485,485,479.1,479.55,9989.934
1788087600000,479.58,480.96,479.42,479.92,957.888
1788088500000,479.79,480.25,476.88,476.88,966.374
1788089400000,477.06,479.72,476.91,479.07,1244.414
1788090300000,479.15,481.06,477.48,479.17,520.204
1788091200000,479.27,482.52,478.91,482.09,434.619
1788092100000,482.18,485,475.78,480.64,5429.401
1788093000000,480.64,485,478.68,485,1077.4
1788093900000,484.94,486.85,484.34,486.84,1574.622
1788094800000,486.82,487.97,486.33,487.6,1687.992
1788095700000,487.59,495.76,485.23,494.42,4316.926
1788096600000,494.52,501,492.85,500.55,2351.002
1788097500000,500.55,509.6,500.35,508.23,4487.411
1788098400000,508.22,524.67,506.73,517.18,7153.285
1788099300000,516.84,520.79,513.07,520.01,3111.369
1788100200000,520.32,526.15,516.17,524.18,2301.347
1788101100000,524.29,527.62,520.16,526.74,2746.916
1788102000000,526.86,527.52,514.4,514.85,2897.471
1788102900000,515.42,516.58,501.36,505.65,3833.298
1788103800000,505.82,515.06,502.72,515.06,2169.108
1788104700000,514.7,517.16,505.34,510.1,2011.24
1788105600000,509.84,512.64,503.01,503.07,1142.224
1788106500000,503.06,508.67,496.49,496.89,2969.953
1788107400000,497.13,503.31,497.13,498.76,1036.133
1788108300000,498.75,503.14,498.7,502.33,720.443
1788109200000,502.33,505.15,498.4,498.47,870.213
1788110100000,498.4,500.48,494.67,499.49,1657.529
1788111000000,499.55,501.37,494.97,500.98,1108.335
1788111900000,501.17,501.79,496.38,498.75,444.408
1788112800000,498.75,499.35,492.49,493.92,589.096
1788113700000,493.72,493.81,489,490.99,3442.59
1788114600000,491.02,492.99,489.97,492.23,647.465
1788115500000,492.31,494.49,491.8,492.29,308.465
1788116400000,492.48,493.41,486.15,489.12,1093.016
1788117300000,489.39,489.88,485.77,488.6,583.386
1788118200000,488.83,489.43,485.76,489.17,1103.489
1788119100000,489.14,491.59,486,491.59,847.466
1788120000000,491.68,497.55,490.87,497.55,1275.529
1788120900000,497.5,498.01,493.95,495.2,740.092
1788121800000,495.11,499.04,494.88,498.1,693.3
1788122700000,498.17,499.17,496.43,499,326.333
1788123600000,498.96,500.76,494.74,498.91,699.85
1788124500000,498.87,501,497.02,498.23,480.745
1788125400000,498.52,501.17,498.04,501.09,427.092
1788126300000,501.14,502.32,498.33,502.12,642.181
1788127200000,501.48,502.75,498.52,499,595.328
1788128100000,499.01,499.9,490.43,492.46,502.802
1788129000000,492.39,492.39,481.28,482.79,1651.338
1788129900000,482.56,487.64,482.55,487.21,330.384
1788130800000,487.26,493.48,485.29,493.17,795.281
1788131700000,493.16,495.57,487.83,490.45,995.91
1788132600000,490.42,490.92,485.68,486.99,2140.782
1788133500000,487.25,488.93,481.69,488.84,1585.823
1788134400000,488.33,488.79,483.84,485.45,1053.793
1788135300000,485.62,487.92,483.14,483.72,661.728
1788136200000,483.33,488.8,482.39,488.8,651.805
1788137100000,488.69,491.8,488.23,491.2,578.39
1788138000000,490.92,492.06,488.92,490.91,694.507
1788138900000,490.92,491.33,488.88,490.35,493.274
1788139800000,490.52,496.73,490.29,496.73,883.841
1788140700000,496,498.44,494.89,495.97,581.882
1788141600000,495.83,499.61,494.41,499.29,698.242
1788142500000,499.33,501.77,498.14,501.13,710.814
1788143400000,500.42,503.67,500.01,503.5,592.172
1788144300000,503.04,507.93,495.11,496.14,3956.514
1788145200000,496.17,501.51,495.38,500.91,977.858
1788146100000,500.73,510.24,498.15,507.85,1535.553
1788147000000,507.86,507.86,503.09,505.49,706.932
1788147900000,505.6,505.75,499.17,500.43,1110.703
1788148800000,500.34,502.92,497.26,500.21,581.08
1788149700000,500.24,505.43,500.22,505.32,526.217
1788150600000,505.17,508.1,502.36,506.94,536.487
1788151500000,507.07,509.74,505.96,508.98,580.638
1788152400000,508.31,512.4,506.4,511.16,1076.397
1788153300000,510.82,513.31,509.44,511.39,827.543
1788154200000,511.4,517.06,511.38,513.73,1154.044
1788155100000,513.8,520,513.7,518.96,1798.493
1788156000000,518.74,521.25,515.19,517.12,1300.45
1788156900000,516.94,519.54,507.72,508.24,2032.743
1788157800000,508.89,518.25,506.93,517.24,1948.831
1788158700000,517.39,521.38,515.67,520.72,1715.23
1788159600000,520.65,523.35,519.16,520.64,2536.852
1788160500000,520.53,526.15,519.91,521.53,3096.006
1788161400000,521.54,523.2,516.62,522.81,2349.332
1788162300000,522.73,525.99,521.7,524.78,2391.547
1788163200000,524.86,525.38,522.07,524.06,2127.84
1788164100000,524.07,524.35,517.14,520.99,728.872
1788165000000,520.94,526.15,519.38,520.67,1084.157
1788165900000,520.68,526.74,517.77,523.05,1483.984
1788166800000,523,526.98,519.4,525.01,663.316
1788167700000,525.27,533.73,525.2,532.74,1599.619
1788168600000,532.8,542.54,532.47,540.4,4191.855
1788169500000,540.41,548.22,534.69,538.38,3108.394
1788170400000,538.47,541.11,534.5,534.84,994.526
1788171300000,534.97,544.66,532.08,541.41,1507.158
1788172200000,541.34,547.37,538.41,542.22,931.524
1788173100000,542.03,546.38,538.33,538.63,2636.217
1788174000000,538.78,548.37,537.43,548.18,780.865
1788174900000,548.3,549,543.01,543.63,751.824
1788175800000,543.8,545.05,537.47,541.53,388.044
1788176700000,540.99,541.98,534.57,539.31,729.699
1788177600000,539.25,542.95,536.16,538.28,463.875
1788178500000,538.53,543.73,537.02,540.55,745.849
1788179400000,540.56,541.22,518.85,524.27,3233.837
1788180300000,524.29,525.42,512.4,517.83,4959.976
1788181200000,518.18,521.81,509.95,514.25,1606.637
1788182100000,514.18,518,511.11,515.69,686.927
1788183000000,515.6,518.97,513.77,517.75,1154.906
1788183900000,517.64,517.86,509.5,509.66,819.127
1788184800000,510,511.78,505.73,506.25,664.374
1788185700000,506.51,508.66,503.13,508.35,760.843
1788186600000,508.35,513.93,507.2,511.69,443.861
1788187500000,511.74,515.64,509.22,515.64,1453.737
1788188400000,515.95,517.08,514.05,516.53,496.497
1788189300000,516.34,517.16,511.54,512.86,644.552
1788190200000,512.8,523.41,512.47,523.32,1389.741
1788191100000,522.78,524.18,518.92,521.71,414.976
1788192000000,521.71,525.9,520.49,525.14,471.901
1788192900000,524.94,526.86,520.62,522.25,591.379
1788193800000,522.22,523.77,517.16,522.45,1287.703
1788194700000,522.47,525.38,517.53,518.03,734.084
1788195600000,517.54,521.79,517.16,517.4,265.847
1788196500000,517.16,521.76,514.72,519.25,720.607
1788197400000,519.2,523.18,519.2,522.36,418.76
1788198300000,522.95,526.33,515.5,515.54,983.304
1788199200000,515.21,521.85,512.66,521.83,259.203
1788200100000,521.56,539.73,520.78,524.43,8271.122
1788201000000,524.02,529.66,522.58,528.14,672.609
1788201900000,527.57,532.51,525.37,531.6,305.829
1788202800000,531.49,532.89,523.15,529.06,3082.938
1788203700000,528.73,529.73,526.93,526.93,232.642
1788204600000,526.94,530.33,526.72,530.08,288.424
1788205500000,530.06,530.06,523.05,523.73,281.952
1788206400000,523.76,523.77,517.77,522.3,734.345
1788207300000,522.35,524.94,521.4,524.86,223.365
1788208200000,524.72,526,521.98,522.64,205.384
1788209100000,523.06,525.7,521.8,525.7,226.346
1788210000000,525.3,526.05,522.87,523.28,160.419
1788210900000,523.33,525.64,522.5,525.46,182.933
1788211800000,525.41,528.51,524.85,526.79,155.88
1788212700000,526.93,529.84,525.48,525.88,203.573
1788213600000,526.21,527.59,523.36,523.64,189.089
1788214500000,523.49,524.38,521.16,524.01,182.664
1788215400000,523.92,525.64,523.34,524.75,186.607
1788216300000,524.64,525,517.52,517.63,1178.996
1788217200000,517.64,517.64,515.28,517.52,710.771
1788218100000,517.52,519.91,517.02,519.17,260.302
1788219000000,519.12,519.4,514.24,514.63,221.292
1788219900000,514.92,521.7,514.92,521.7,199.283
1788220800000,521.74,524.65,519.18,523.98,291.674
1788221700000,524.03,526.15,522.97,523.62,314.679
1788222600000,523.54,524.12,519.28,520.46,142.79
1788223500000,520.11,522.29,519.21,520.11,70.76
1788224400000,520.12,525.1,520.12,522.91,211.537
1788225300000,522.82,523.26,517.25,517.62,275.717
1788226200000,517.54,518.9,515.49,517.52,263.289
1788227100000,517.6,520.36,517.04,518.25,152.114
1788228000000,518.12,519.45,515.74,516.71,304.527
1788228900000,516.72,516.72,505.04,509.27,5258.615
1788229800000,508.9,512.47,508.32,511.58,350.323
1788230700000,511.37,517.16,511.37,516.06,1150.62
1788231600000,516.04,517.16,514.23,517.1,165.95
1788232500000,517.1,518.3,515.2,515.46,220.879
1788233400000,515.46,518.71,511.21,518.69,624.321
1788234300000,518.49,519.38,515.65,518.94,549.425
1788235200000,519.3,519.46,512.24,516.53,640.412
1788236100000,516.42,518.19,515.84,516.04,519.532
1788237000000,516.07,517.14,509.74,512.45,565.114
1788237900000,512.44,517.75,512.24,517.56,477.708
1788238800000,517.38,517.52,515.12,516.81,448.194
1788239700000,517.04,518.92,515.85,517.73,479.462
1788240600000,517.35,518.92,516.01,516.01,503.35
1788241500000,516.21,518.77,515.19,518.61,744.929
1788242400000,518.61,521.66,516.81,521.57,629.564
1788243300000,521.46,521.8,518.95,521.61,617.794
1788244200000,521.56,523.65,521.29,523.49,512.449
1788245100000,523.54,524.22,520.5,523.6,600.498
1788246000000,523.6,525.9,523.39,524.19,749.272
1788246900000,524.18,525.81,521.46,524.05,623.257
1788247800000,524.24,525.89,519.1,521.66,774.979
1788248700000,521.77,525.86,521.19,525.07,541.121
1788249600000,524.73,526.15,520.31,521.63,491.93
1788250500000,521.59,521.86,518.33,520.65,191.424
1788251400000,520.74,525.5,520.29,525.48,292.132
1788252300000,525.5,526.87,524.09,526.52,197.327
1788253200000,526.64,528.39,524.37,527.78,600.571
1788254100000,527.87,531.63,527.23,527.66,476.32
1788255000000,527.76,531.02,523.54,525.54,277.484
1788255900000,525.54,526.45,522.7,523.89,266.923
1788256800000,523.39,528.79,522.75,527.92,294.394
1788257700000,527.93,530.86,526.53,530.86,219.217
1788258600000,530.86,531.4,528.1,529.81,208.503
1788259500000,529.78,530.74,528.23,529.57,354.788
1788260400000,529.45,529.45,524.76,528.94,260.891
1788261300000,528.94,530,528.13,529.38,282.626
1788262200000,529.32,529.32,525.21,526.09,388.766
1788263100000,525.88,527.67,525.04,527.57,366.36
1788264000000,527.6,527.6,523.41,523.42,568.148
1788264900000,523.51,525.26,521.66,522.71,444.437
1788265800000,522.61,524.85,516.68,519.65,983.077
1788266700000,519.8,521.52,514.6,516.31,399.255
1788267600000,516.36,517.83,508.16,510.52,1151.393
1788268500000,510.43,512.05,509.07,511.45,321.739
1788269400000,511.48,513.47,508.45,512.5,625.036
1788270300000,512.42,513.13,508.69,509.31,1145.446
1788271200000,509.62,513.47,509.06,510.71,284.785
1788272100000,510.58,511.65,509.28,510.68,290.651
1788273000000,510.68,511.31,507.68,510.61,876.626
1788273900000,510.3,510.85,505.5,505.72,783.806
1788274800000,506.15,507.17,503.1,504.91,518.162
1788275700000,505,509.61,504.86,508.66,312.554
1788276600000,508.66,514.21,508.18,512.83,323.184
1788277500000,512.83,514.44,507.16,509.02,283.789
1788278400000,509.19,511.29,508.12,509.43,236.226
1788279300000,509.25,510.22,503.47,506.04,461.374
1788280200000,506.05,506.17,501.4,501.44,271.331
1788281100000,502.02,503.4,498.79,501.1,652.662
1788282000000,500.88,501.36,497.11,499.08,920.551
1788282900000,498.91,500.12,495.71,496.17,647.93
1788283800000,496.25,500.05,496.21,498.77,184.194
1788284700000,498.75,498.79,496,496.42,422.538
1788285600000,496.42,498.7,496,496.82,413.22
1788286500000,496.75,496.75,483.5,486.38,4168.553
1788287400000,486.39,490.81,485.87,486.27,2706.843
1788288300000,486.23,496.46,485.56,496.13,1871.778
1788289200000,495.72,498.87,495.62,498.18,445.35
1788290100000,498.25,499,496.08,496.76,148.519
1788291000000,496.76,505,491.51,503.88,6142.008
1788291900000,503.57,507.32,501.83,502.51,1596.984
1788292800000,502.57,504.55,500,501.28,1398.204
1788293700000,501.34,504.82,500.75,504.14,199.244
1788294600000,504.59,504.67,498.04,498.48,205.388
1788295500000,498.45,501.99,498.24,501.36,186.496
1788296400000,501.27,501.98,494.85,495.58,181.998
1788297300000,495.49,496.58,492.73,496.58,177.95
1788298200000,496.55,496.99,494,495.85,116.151
1788299100000,495.81,497.93,494.46,494.46,195.987
1788300000000,494.22,496.15,493.9,495.89,174.709
1788300900000,495.7,497.87,495.48,497.02,445.032
1788301800000,497.02,497.11,494.35,495.08,187.741
1788302700000,494.99,497.81,494.89,497.81,128.757
1788303600000,497.64,499.88,497.47,499.29,211.561
1788304500000,499.27,501.28,497.68,500.74,126.087
1788305400000,500.6,504.26,500.6,503.46,126.076
1788306300000,504.38,506.98,503.78,505.58,355.208
1788307200000,505.6,505.76,504.09,505.07,292.959
1788308100000,505.04,506.83,503.92,504.03,145.282
1788309000000,504.2,506.64,504.01,504.56,185.178
1788309900000,504.58,506,503.7,504.81,164.079
1788310800000,504.53,505.81,504,505.71,60.376
1788311700000,505.47,505.51,503.27,503.49,82.704
1788312600000,503.61,504.3,501.58,501.98,225.006
1788313500000,502.21,506.6,501.91,506.5,209.889
1788314400000,506.23,506.23,504.36,505.88,71.383
1788315300000,506.64,509.76,506.64,508.48,215.804
1788316200000,508.44,508.76,507.14,508.67,279.263
1788317100000,508.67,515.18,508.63,515.1,1349.942
1788318000000,515.06,515.7,511.63,512.25,561.721
1788318900000,512.65,516.87,512.2,516.76,650.961
1788319800000,516.67,517.32,513.79,516.98,675.734
1788320700000,516.92,517.32,514.19,514.9,681.539
1788321600000,514.73,515.94,512.67,515.04,949.758
1788322500000,514.86,519.3,510.96,519.23,1204.198
1788323400000,519.11,521.65,517.3,521.47,929.127
1788324300000,521.26,521.64,517.83,519.2,555.386
1788325200000,518.9,521.62,517.55,520.58,635.431
1788326100000,520.29,521.66,516.31,519.81,821.069
1788327000000,519.96,521.79,519.75,521.47,703.271
1788327900000,521.35,522.62,518.4,520.68,517.555
1788328800000,520.59,523.87,520.17,523.58,487.404
1788329700000,523.43,524.28,520.24,520.55,706.878
1788330600000,520.47,522.14,518.27,521.42,684.253
1788331500000,521.24,524.26,520.33,524.12,401.386
1788332400000,523.4,527.7,521.85,525.17,761.466
1788333300000,525.12,525.42,522.07,522.81,686.734
1788334200000,522.61,525,521,521.26,664.313
1788335100000,521.34,521.52,517.32,518.79,920.234
1788336000000,518.66,523.1,517.34,523.1,540.857
1788336900000,523.11,524.33,520.27,520.64,1107.351
1788337800000,520.55,520.68,516.85,519.13,1901.532
1788338700000,518.91,519.83,516.53,517.93,649.529
1788339600000,517.92,523.05,517.42,521.05,516.763
1788340500000,521.07,521.07,516.07,519.56,659.15
1788341400000,519.45,520.08,518.65,519.15,262.568
1788342300000,519.08,520.79,517.98,520.56,460.138
1788343200000,520.51,521.18,518,519.8,387.225
1788344100000,519.79,521.73,519.4,520.09,304.671
1788345000000,520.21,524.06,518.7,523.32,494.835
1788345900000,522.9,523.65,519.24,520.68,548.276
1788346800000,520.51,521.77,513.58,515.85,899.442
1788347700000,516.36,516.75,511.47,511.87,1270.568
1788348600000,511.88,515.28,509.89,511.64,557.317
1788349500000,511.99,512,506,510.8,1088.766
1788350400000,510.8,514.59,510.39,513.17,821.08
1788351300000,513.4,515.65,511.36,513.59,551.476
1788352200000,513.64,514.08,507.1,507.39,577.269
1788353100000,507.39,509.4,506,507.81,692.871
1788354000000,507.81,511.05,507.81,509.17,386.788
1788354900000,509.18,511.02,508.16,510.27,352.399
1788355800000,510.45,514.5,509.88,514.21,511.874
1788356700000,514.27,514.28,511.37,511.68,435.284
1788357600000,511.75,513.66,510.11,513.34,649.306
1788358500000,513.47,515.03,512.68,512.97,400.179
1788359400000,513.1,516.85,511.46,516.47,496.196
1788360300000,516.39,519.65,515.84,519.63,553.579
1788361200000,519.51,520.52,515.84,516.98,1508.482
1788362100000,517,518.99,516.02,518.48,578.801
1788363000000,518.59,520.2,517.88,519.81,757.945
1788363900000,519.72,520.71,519.02,519.94,592.792
1788364800000,519.99,520.02,512.7,514.31,751.287
1788365700000,514.34,517.74,513.6,513.85,688.988
1788366600000,514.05,518.89,513.98,518.03,598.771
1788367500000,517.93,519.6,516.11,517.01,929.038
1788368400000,517.11,519,514.59,515.54,844.849
1788369300000,515.71,520.99,515.39,520.26,1385.037
1788370200000,520.14,523.04,519.63,521.54,956.755
1788371100000,521.64,524.21,520.98,523.2,701.655
1788372000000,523.2,527.19,522.64,524.3,789.976
1788372900000,524.27,526.33,523.93,526.25,588.544
1788373800000,526.26,528.57,526.2,528.04,1048.122
1788374700000,528.08,529.76,527.03,529.43,857.678
1788375600000,529.33,529.99,527.86,529.22,1020.529
1788376500000,529.23,534.95,528.65,534.22,1379.891
1788377400000,534.27,544.14,528,534.27,10149.444
1788378300000,534.22,535,488,512.64,37878.441
1788379200000,512.65,517.73,505.52,515.79,5355.251
1788380100000,515.54,516.21,506.37,510.05,1343.104
1788381000000,509.97,512.65,506.32,506.75,909.905
1788381900000,506.85,510.18,506.63,507.99,863.685
1788382800000,508.14,508.33,502.44,507.55,559.124
1788383700000,507.57,507.92,506,507,120.589
1788384600000,507.28,507.31,498.65,500.49,564.838
1788385500000,500.78,503.17,498.95,499.76,456.524
1788386400000,499.94,501.94,498.61,500.44,355.473
1788387300000,500.37,500.92,496.08,500.3,253.717
1788388200000,500.47,507.01,500.47,505.95,556.407
1788389100000,505.98,508.07,498.23,498.23,1082.813
1788390000000,498.35,502.03,497,501.68,417.985
1788390900000,501.29,503.09,499.84,502.7,392.754
1788391800000,502.7,502.7,491.91,495.42,2065.156
1788392700000,495.42,498.32,493.85,494,417.892
1788393600000,494.72,499.3,490.65,494.01,1697.152
1788394500000,494.39,502.78,479.88,499.48,20200.437
1788395400000,499.52,503.67,499.47,503.25,841.964
1788396300000,503.25,505.55,502.08,503.18,1698.704
1788397200000,503.24,508.16,500.67,507.35,1507.221
1788398100000,507.07,511.18,506.94,511.13,1160.029
1788399000000,511.19,519.5,510.94,517.61,2825.402
1788399900000,517.74,519.76,514.2,514.68,1441.424
1788400800000,514.82,517.4,512.28,517.03,1222.091
1788401700000,516.84,517.05,507.69,508.31,803.909
1788402600000,508.53,513.77,508.53,510.29,609.11
1788403500000,510.13,511.64,505.6,508.04,815.945
1788404400000,508.04,515.6,506.6,515.32,462.398
1788405300000,515.35,517.16,514.22,516.71,611.692
1788406200000,517.1,518.37,512.74,512.92,769.785
1788407100000,512.93,513.18,506.57,507.59,341.478
1788408000000,507.59,511.18,507.5,510.3,290.741
1788408900000,510.29,511.2,508.65,509.69,195.6
1788409800000,510,510.09,505.56,508.13,328.181
1788410700000,508.22,511.16,508.22,510.79,375.211
1788411600000,511.03,511.12,508.92,509.54,242.233
1788412500000,509.52,510.77,507.44,510.39,715.768
1788413400000,510.38,511.11,509.07,510.48,263.528
1788414300000,510.61,513.79,510.61,513.22,323.432
1788415200000,513.24,514.03,512.02,512.89,245.468
1788416100000,512.94,515.4,512.88,514.67,529.401
1788417000000,514.63,517.73,514.38,516.06,951.484
1788417900000,516,516.43,511.77,512.84,483.777
1788418800000,513.09,515.53,512.14,515,400.63
1788419700000,514.93,516.62,514.06,516.24,313.616
1788420600000,516.22,516.22,513.79,514.23,253.493
1788421500000,514.15,515.14,512.45,514.93,299.087
1788422400000,514.97,515.89,513.41,515.05,370.956
1788423300000,515.3,516.97,513.3,514.03,657.653
1788424200000,514,516.12,513.45,513.75,300.488
1788425100000,513.75,516.81,513.75,516.25,444.663
1788426000000,516.37,516.6,513.26,513.99,272.231
1788426900000,514.03,514.86,511.64,513.21,259.597
1788427800000,513.29,515.23,512.35,513.55,234.469
1788428700000,513.59,514.95,513.23,513.96,362.711
1788429600000,513.94,514.26,510.88,511.3,286.686
1788430500000,511.31,512.02,510.26,510.52,165.354
1788431400000,510.73,511.69,509.88,511.28,282.374
1788432300000,511.41,511.64,508.16,511.16,355.144
1788433200000,511.25,513.42,510.67,511.82,891.299
1788434100000,512.06,514.98,511.74,514.63,366.225
1788435000000,514.79,515.96,513,513.31,290.486
1788435900000,513.45,513.9,510.31,511.12,613.427
1788436800000,511.06,515.51,510.72,515.24,363.587
1788437700000,515.43,515.94,514.26,514.79,217.247
1788438600000,515.39,516.07,510.87,512.13,243.103
1788439500000,512.15,513.39,510.98,510.98,169.648
1788440400000,511.15,513.45,510.45,511.54,561.453
1788441300000,511.48,514.21,511,511.77,321.695
1788442200000,511.7,514.59,511,514.52,605.485
1788443100000,514.51,514.96,511.97,511.97,174.767
1788444000000,511.79,515.85,511.61,512.86,390.275
1788444900000,512.67,515.92,511.35,515.9,320.183
1788445800000,515.9,516.62,513.5,514.85,256.804
1788446700000,514.76,516.77,514.43,516.42,347.835
1788447600000,516.41,517.83,511.03,512.16,770.024
1788448500000,512.15,521.47,511,521.47,1662.159
1788449400000,521.55,525.57,518.2,522.86,2889.758
1788450300000,522.9,528.34,522,528.11,1513.964
1788451200000,528.11,531.32,522.08,524.02,1959.779
1788452100000,524,524.59,513.66,517.31,1586.41
1788453000000,517.56,521.48,517.01,521.45,783.169
1788453900000,521.02,524.85,519.2,521.25,823.246
1788454800000,521.09,523.98,520.8,522.71,331.378
1788455700000,522.76,523.08,520,521.1,251.89
1788456600000,521.01,524.82,520.75,523.91,339.276
1788457500000,523.54,525.46,522.25,524.67,426.815
1788458400000,524.74,526.15,523.39,524.93,692.959
1788459300000,524.99,525.89,522.33,522.44,206.386
1788460200000,522.48,524.49,520.58,524.13,440.323
1788461100000,524.25,525.43,523.39,523.67,334.929
1788462000000,523.57,527.64,522.69,526.8,496.675
1788462900000,526.59,527.14,523.38,524.05,324.328
1788463800000,524.17,525.53,522.88,525,220.122
1788464700000,525,527.94,524.43,527.65,365.611
1788465600000,527.65,528.16,508.35,516.85,11878.694
1788466500000,516.95,524.31,513.49,523.21,6007.819
1788467400000,523.2,528.23,521.24,525.21,2617.762
1788468300000,525.29,526.3,523.28,523.81,322.901
1788469200000,523.81,526.92,523,525.22,442.401
1788470100000,525.19,527.29,524.86,527.14,265.087
1788471000000,527.09,530.65,525.62,525.92,743.098
1788471900000,525.91,525.91,522.55,523.18,519.736
1788472800000,523.22,523.36,521.02,522.81,785.266
1788473700000,522.85,523.01,520,520.97,576.598
1788474600000,520.11,521.94,519.12,521.94,1101.229
1788475500000,521.91,523.26,521.91,522.23,244.154
1788476400000,522.17,522.22,520,520.61,398.687
1788477300000,520.55,521.28,520,520.41,119.583
1788478200000,520.73,522.98,520.73,522.35,220.195
1788479100000,522.08,522.29,520.71,521.4,160.609
1788480000000,521.29,521.42,518.69,519.67,468.45
1788480900000,519.67,521.84,519.62,521.64,419.797
1788481800000,521.64,523.38,521.23,521.37,390.091
1788482700000,521.14,521.42,517.16,517.17,414.51
1788483600000,517.17,518.79,517.17,517.38,290.138
1788484500000,517.38,518.51,517.29,517.3,174.72
1788485400000,517.29,517.95,517.07,517.21,165.845
1788486300000,517.2,518.85,507.43,508.31,799.67
1788487200000,508.34,512.44,508.13,509.35,526.515
1788488100000,509.48,512.47,509.48,512.35,517.26
1788489000000,512.32,513.64,508.65,509.63,359.816
1788489900000,509.35,511.04,504.51,506.54,891.599
1788490800000,506.62,507.54,504.32,505.9,541.398
1788491700000,505.9,508.52,505.06,508.46,640.861
1788492600000,508.52,509.51,505.21,507.45,745.392
1788493500000,507.39,511.64,503.9,504.7,1295.289
1788494400000,505.1,505.27,499.94,504.86,1487.662
1788495300000,504.6,504.93,502.4,504.68,478.837
1788496200000,504.64,506.44,502.7,503.5,586.987
1788497100000,503.5,504.6,502.01,502.22,349.255
1788498000000,502.27,503.74,500.44,501.01,732.438
1788498900000,501,505.08,500.68,501.76,523.085
1788499800000,501.7,502.88,500.58,502.77,343.596
1788500700000,502.77,503.07,501.06,502.73,279.749
1788501600000,502.85,509.47,502.01,507.56,518.395
1788502500000,507.53,511.72,507.21,510.46,241.334
1788503400000,510.79,521.66,509.11,521.64,1159.447
1788504300000,521.63,535.79,521.63,531.51,2850.495
1788505200000,532,535.46,517.16,532.85,3315.754
1788506100000,532.55,535.54,529.38,534.64,1174.965
1788507000000,534.64,538.34,532.44,538.28,1530.686
1788507900000,538.23,541.62,532.52,540.08,1056.294
1788508800000,540.14,543.74,537.03,539.72,1388.678
1788509700000,539.72,545.5,538.3,545.5,1788.953
1788510600000,545.5,546,539.82,542.76,2622.675
1788511500000,542.76,552.2,541.65,551.5,3345.241
1788512400000,551.43,551.7,547.24,549.75,723.53
1788513300000,550.07,550.6,544.91,547.23,366.231
1788514200000,547.21,554.29,546.72,553.99,2653.84
1788515100000,553.68,567.9,550.9,566.15,3926.478
1788516000000,566.15,569.14,555.28,555.28,1800.136
1788516900000,555.27,560.72,551.5,559.08,824.818
1788517800000,559.08,559.93,551.5,551.72,917.823
1788518700000,551.69,553.03,546.37,551.03,920.004
1788519600000,551.03,551.54,548.83,550.85,815.246
1788520500000,550.57,551.87,549.57,550.68,457.422
1788521400000,549.98,551.37,546.06,546.89,431.794
1788522300000,546.83,548.45,544.7,547.61,340.032
1788523200000,547.53,549.46,540.89,540.89,522.22
1788524100000,541.59,544.01,538.36,542.16,692.279
1788525000000,541.39,541.39,527,531.96,5590.547
1788525900000,531.78,534.66,523.57,528.56,1135.767
1788526800000,528.56,534.09,527.65,533.39,1201.592
1788527700000,533.33,533.94,527.81,531.44,1129.778
1788528600000,531.6,533.73,528.98,530.7,831.171
1788529500000,530.7,533.76,526.13,527.89,2356.112
1788530400000,527.49,528.94,521.37,526.1,1552.875
1788531300000,526.1,531.45,523.74,528.72,786.755
1788532200000,528.6,529.37,520.2,525.19,1602.424
1788533100000,525.17,526.85,518.7,521.45,1618.795
1788534000000,521.56,522.87,519.5,520.48,831.854
1788534900000,520.33,523.63,518.2,522.75,1379.995
1788535800000,522.74,526.5,521.54,522.84,934.602
1788536700000,523.1,526.4,521.73,524.79,767.989
1788537600000,524.69,528.87,522.88,528.68,920.944
1788538500000,528.66,530.89,527.05,528.11,723.452
1788539400000,528.11,535.74,526.58,531.71,1426.954
1788540300000,531.71,536.47,525.65,526.39,957.626
1788541200000,526.39,528.15,524.91,525.83,324.737
1788542100000,525.83,526.78,522.98,523.42,394.461
1788543000000,523.33,525.3,522.7,523.92,276.74
1788543900000,523.91,524.87,521.8,522.08,159.266
1788544800000,522.12,524.42,521.62,524.39,185.613
1788545700000,524.42,525.17,520.4,520.41,329.847
1788546600000,520.41,524.11,520.41,524.08,336.887
1788547500000,524.11,525.82,523.31,525.51,126.281
1788548400000,525.51,528.83,525.08,528.21,511.236
1788549300000,528.21,529.6,526.82,528.29,368.13
1788550200000,528.29,530,527.3,529.45,345.176
1788551100000,529.84,530.53,528.5,529.04,175.803
1788552000000,529.06,535.48,528.98,535.44,665.013
1788552900000,535.44,536.64,532.98,535.95,970.564
1788553800000,535.91,537.84,532.15,537.74,1302.215
1788554700000,537.74,538.66,535.68,537.81,749.981
1788555600000,537.89,538.37,535.2,537.55,729.307
1788556500000,537.47,541.3,524.36,525.02,4796.346
1788557400000,525.21,526.28,520.4,522.28,1690.04
1788558300000,522.32,522.61,513.99,516.05,2144.903
1788559200000,515.96,519.1,515.86,518.3,555.664
1788560100000,518.3,519.49,515,515.48,308.537
1788561000000,515.46,518.1,515.46,517.09,392.787
1788561900000,517.09,518.59,517.02,518.4,313.269
1788562800000,518.43,519.03,517.9,518.45,149.049
1788563700000,518.41,521.7,518.41,521.63,430.958
1788564600000,521.63,523.66,520.94,523.34,285.994
1788565500000,523.3,523.56,521.17,521.8,144.569
1788566400000,521.81,524,519.39,523.83,704.556
1788567300000,523.93,524.71,521.86,524.06,439.399
1788568200000,523.83,528.2,523.42,528.03,502.958
1788569100000,527.96,529.25,526.7,528.12,698.822
1788570000000,527.93,527.93,522.86,525.62,748.945
1788570900000,525.58,529.86,525.43,529.56,440.157
1788571800000,529.56,530.55,528.81,529.82,474.357
1788572700000,529.59,531.03,527.88,529.31,338.002
1788573600000,528.79,531.44,528.79,530.87,322.776
1788574500000,531.33,531.52,523.97,529.63,381.837
1788575400000,529.69,532.6,528.21,532.13,403.426
1788576300000,532.13,534.39,530.62,534.37,449.002
1788577200000,533.3,533.94,529.43,531.64,451.832
1788578100000,531.86,532.92,528.76,531.74,406.183
1788579000000,531.48,534.74,530.38,533.74,377.126
1788579900000,533.77,535.58,533.08,534.33,415.09
1788580800000,534.33,536.89,534.33,535.61,429.191
1788581700000,535.81,536.27,530.02,533.89,579.029
1788582600000,533.91,535.74,533.25,534.42,338.742
1788583500000,534.58,535.37,531.36,534.44,346.397
1788584400000,534.57,534.78,531.07,532.99,346.902
1788585300000,532.73,533.6,531.63,533.15,351.741
1788586200000,532.84,533.45,531.63,532.88,387.737
1788587100000,532.88,533.42,527.67,529.5,965.981
1788588000000,529.85,529.97,526.98,528.54,178.365
1788588900000,528.57,528.87,527.7,528.78,170.038
1788589800000,528.8,529.1,526.71,527.38,127.845
1788590700000,527.39,533.1,527.38,533.1,527.259
1788591600000,533.09,534.8,531.98,533.05,582.994
1788592500000,533.07,533.43,529.34,529.71,41.27
1788593400000,529.54,531.1,529.43,530.75,135.399
1788594300000,530.9,531.2,529.08,530.72,79.056
1788595200000,530.72,530.91,527.45,527.79,290.917
1788596100000,528.06,529.24,527.07,528.76,77.443
1788597000000,528.72,529.51,528.39,529.05,87.252
1788597900000,529.51,532.82,529.51,530.12,395.527
1788598800000,530.47,530.83,529.06,529.29,253.74
1788599700000,529.49,529.99,525.57,525.94,278.772
1788600600000,525.99,526.62,525.24,525.53,113.201
1788601500000,525.56,526.77,525,526.38,114.992
1788602400000,526.48,527.15,524.55,524.74,129.784
1788603300000,524.75,526.76,524.75,525.99,67.636
1788604200000,525.79,530.72,525.58,530.5,439.671
1788605100000,530.7,538.85,530.69,537.64,1283.007
1788606000000,537.57,542.27,536.41,539.53,936.062
1788606900000,538.76,542.95,537.69,542.28,823.049
1788607800000,542.26,542.84,534.56,536,437.966
1788608700000,535.85,538,535.73,538,272.569
1788609600000,538.17,538.97,536.17,536.64,267.892
1788610500000,536.84,543.12,536.84,543.11,727.427
1788611400000,543.1,549.21,541.73,544.16,2685.248
1788612300000,543.45,547.73,542.59,547.73,1183.554
1788613200000,547.72,548.75,545.07,545.73,796.657
1788614100000,545.73,547.54,545.54,546.68,229.394
1788615000000,546.83,546.85,540,540.99,259.433
1788615900000,541.43,541.95,539,541.1,312.665
1788616800000,541.2,542.89,540.83,542.88,215.233
1788617700000,542.37,544,541.21,543.06,248.972
1788618600000,542.7,543.82,537.9,538.15,711.417
1788619500000,538.14,540.75,537.79,540.75,509.644
1788620400000,540.66,541.72,538.8,541.64,531.371
1788621300000,541.69,542.78,540.51,542.69,152.637
1788622200000,542.69,544.22,542.14,543.15,145.931
1788623100000,543.38,543.38,538.71,541.25,2136.904
1788624000000,541.07,542.51,540.51,541.57,203.272
1788624900000,541.49,542.66,540.44,540.72,127.519
1788625800000,540.62,541.54,539.73,541.54,70.074
1788626700000,541.54,542.54,540.24,541.26,298.772
1788627600000,541.02,542.83,540.72,542.83,157.68
1788628500000,542.82,545.56,542.44,545.31,418.851
1788629400000,545.23,545.84,541.72,543.19,248.385
1788630300000,542.92,545.82,542.18,545.82,373.659
1788631200000,545.73,547.57,543.29,543.63,700.809
1788632100000,543.46,543.72,542.04,542.68,222.926
1788633000000,542.47,543,540.73,541.57,616.353
1788633900000,541.42,544.7,540.63,542.31,220.139
1788634800000,542.13,542.97,540.52,541.83,155.824
1788635700000,542,542,540.43,540.96,591.991
1788636600000,540.86,542.39,540.57,541.95,164.52
1788637500000,541.87,542.89,540.54,541.11,265.401
1788638400000,541.23,545.49,540.51,545.48,403.675
1788639300000,545.35,546.7,543.3,544.53,431.453
1788640200000,545.04,546.94,542.74,545.71,264.357
1788641100000,545.84,548.92,544.92,548.53,457.051
1788642000000,548.2,550,547.11,548.5,147.119
1788642900000,548.36,551.44,547.42,549.41,210.703
1788643800000,549.5,551.36,548.61,550.76,217.303
1788644700000,550.76,553.06,550.75,552.42,171.4
1788645600000,552.41,555,550.45,553.38,560.34
1788646500000,553.34,555,551.8,554.06,516.316
1788647400000,554.12,556.74,548.74,549.4,1088.728
1788648300000,549.41,557.63,546.06,557.06,1933.47
1788649200000,557.21,561,553.02,553.33,989.697
1788650100000,553.42,555.86,552.43,555.75,228.159
1788651000000,555.74,555.86,552.13,554.47,545.473
1788651900000,554.65,559.51,552.31,556.96,385.052
1788652800000,556.57,557.12,553.82,554.95,481.054
1788653700000,554.94,557.09,554.35,557.09,308.731
1788654600000,557.08,557.08,553.37,554.11,135.593
1788655500000,554.11,555.04,552.97,553.73,182.154
1788656400000,553.78,556.42,552.94,555.84,291.999
1788657300000,555.79,556.38,553.49,554.03,149.614
1788658200000,553.99,557.02,553.39,555.24,492.364
1788659100000,555.26,559.84,555.12,557,498.502
1788660000000,556.96,558.44,553.85,556.72,735.749
1788660900000,556.72,556.84,553.5,553.5,120.762
1788661800000,553.5,555.29,552.75,554.08,306.709
1788662700000,554.11,557.46,553.21,556.63,588.868
1788663600000,556.62,558.86,556.38,558.12,125.501
1788664500000,558.02,559.94,556.33,557.23,122.817
1788665400000,557.48,558.49,556.12,557.31,163.006
1788666300000,557.31,558.25,557.01,557.93,220.39
1788667200000,557.94,557.94,556.01,556.26,501.1
1788668100000,556.02,556.17,554.28,554.89,121.509
1788669000000,554.89,556.81,554.48,556.81,145.481
1788669900000,556.81,559.67,556.13,558.52,591.733
1788670800000,558.7,560.68,555.22,557.72,914.69
1788671700000,558.04,560.99,555.54,556.08,741.242
1788672600000,556.2,559.73,555.86,556.42,741.393
1788673500000,556.42,556.53,552.04,552.77,508.795
1788674400000,552.63,553.6,549.11,551.68,622.954
1788675300000,551.84,553.16,550.8,552.44,213.352
1788676200000,552.44,553.28,550.32,550.33,114.772
1788677100000,550.35,551.9,549.7,551.89,126.848
1788678000000,551.9,552.42,545.14,546.26,393.165
1788678900000,546.38,548,546.38,547.27,196.415
1788679800000,547.54,548.98,545.4,546.89,547.194
1788680700000,546.95,548.98,546.41,548.67,387.657
1788681600000,548.67,548.93,546.86,547.44,159.266
1788682500000,547.55,547.82,546.16,546.79,140.635
1788683400000,546.78,547.8,546.01,547.35,206.42
1788684300000,547.41,547.43,540.79,544.51,1815.31
1788685200000,544.63,545.65,542.42,545.55,505.767
1788686100000,545.47,546.72,544.61,545.52,401.998
1788687000000,545.39,546.26,543.34,544.71,452.017
1788687900000,544.55,545.88,543.67,545.55,336.993
1788688800000,545.42,546.07,543.97,544.55,453.621
1788689700000,544.23,544.74,540.34,540.66,447.352
1788690600000,540.75,541.51,539,539,806.071
1788691500000,539,539.36,536.01,536.45,492.612
1788692400000,536.46,538.71,536.45,538.03,204.842
1788693300000,538.11,540.08,537.84,539.72,938.036
1788694200000,539.78,540.45,537.51,538.68,220.962
1788695100000,538.67,540.92,538.16,540.27,1000.112
1788696000000,540.27,540.96,535.15,537.15,1482.7
1788696900000,537.45,538.11,534.05,535.96,382.972
1788697800000,536.05,540.02,535.87,539.73,1264.252
1788698700000,539.73,542.3,539.32,540.46,744.952
1788699600000,540.64,542.09,539.18,540.04,151.405
1788700500000,540.05,540.05,526.31,529.65,4793.103
1788701400000,529.66,531.77,529.14,530.46,730.199
1788702300000,530.47,532.82,530.2,530.52,330.004
1788703200000,530.68,531.7,528.23,529.11,392.845
1788704100000,529.35,529.57,528.31,529.34,446.38
1788705000000,529.2,531.16,526.74,530.79,665.819
1788705900000,530.45,531.16,528.71,529.21,301.129
1788706800000,529.23,530.24,526.05,528.83,298.028
1788707700000,528.83,529.07,528,528,131.465
1788708600000,528.04,528.99,526.92,526.92,162.574
1788709500000,527.27,527.28,525.52,525.52,169.34
1788710400000,526.13,527.29,524.19,526.52,368.486
1788711300000,526.52,529.6,526.52,529.59,732.912
1788712200000,529.46,529.57,524.94,527.34,749.936
1788713100000,527.33,528.43,526.78,528.39,271.713
1788714000000,528.39,529.69,528.13,529.52,260.312
1788714900000,529.56,529.87,528.02,528.49,339.252
1788715800000,528.37,530.68,527.25,530.11,724.067
1788716700000,530.13,532.37,529.34,529.99,1300.59
1788717600000,529.97,533.7,529.46,533,946.527
1788718500000,532.99,533.48,532.08,533.3,248.272
1788719400000,533.3,533.3,530.5,530.69,296.424
1788720300000,530.65,531.27,530,530.72,119.551
1788721200000,530.8,531.4,530.25,530.95,299.977
1788722100000,531.13,531.13,524.27,525.28,321.581
1788723000000,525.29,525.97,522,525.97,740.191
1788723900000,525.97,526.43,524.17,524.66,73.339
1788724800000,524.76,525.9,524,524.22,178.648
1788725700000,523.98,526.52,523.24,526.07,261.81
1788726600000,526.25,531.54,526.19,531.16,658.76
1788727500000,531.53,535.21,531.53,535.07,1650.92
1788728400000,535.12,539.18,535.1,535.95,858.299
1788729300000,536.12,536.36,531.37,534,609.06
1788730200000,533.98,537.38,533.78,537.08,703.006
1788731100000,537.09,549.78,537.09,548.78,1594.446
1788732000000,548.98,550.1,539.2,541.08,1889.484
1788732900000,540.76,542.04,537.41,542.04,533.84
1788733800000,541.84,545.82,537.53,538.44,798.54
1788734700000,538.81,541.83,537.9,540.64,489.096
1788735600000,540.68,542.55,539.83,542.22,195.447
1788736500000,542.28,545.55,541.07,544.31,635.901
1788737400000,544.45,545.21,541.83,542.14,284.71
1788738300000,542.2,542.67,538.52,541.17,654.908
1788739200000,541.17,541.55,539.03,541.18,290.906
1788740100000,540.81,542.03,540.08,541.45,700.172
1788741000000,541.39,542.93,539.31,541.41,576.409
1788741900000,541.34,542.2,539,539,399.744
1788742800000,539.11,539.67,537.26,538.03,432.097
1788743700000,537.85,539.77,537.41,538.43,324.921
1788744600000,538.32,538.51,536.18,537.86,222.763
1788745500000,537.91,538.66,534.14,535.84,739.142
1788746400000,535.99,535.99,534.41,535.94,164.41
1788747300000,535.94,536,535.19,535.98,819.663
1788748200000,535.97,539.29,535.1,537.7,2541.463
1788749100000,537.93,538.61,533.49,533.53,612.135
1788750000000,533.88,536,533.4,536,477.058
1788750900000,536.14,539.07,533.94,537.85,594.583
1788751800000,537.87,537.97,531.95,533.34,275.285
1788752700000,533.57,534.06,532.47,533.48,255.606
1788753600000,533.24,534.48,533.24,534.35,326.284
1788754500000,534.46,537.35,534.42,535.73,218.143
1788755400000,535.74,536.19,533.29,534.4,527.435
1788756300000,534.36,535.41,533.44,535.34,189.069
1788757200000,535.22,535.53,533.76,535.53,202.411
1788758100000,535.84,536.88,535.84,536.44,195.047
1788759000000,536.16,536.39,533.86,536.37,263.653
1788759900000,536.42,537.42,535.68,537.21,116.204
1788760800000,537.08,537.75,536.36,536.43,413.274
1788761700000,536.43,536.58,534.28,534.45,124.399
1788762600000,534.44,535.38,533.26,535.02,94.809
1788763500000,534.99,536.98,534.94,536.98,355.207
1788764400000,536.98,539.48,536.61,538.89,560.136
1788765300000,538.87,540.28,535.61,538.26,375.146
1788766200000,538.22,539.44,536.84,537.9,130.237