timestamp,open,high,low,close,volume
1784260800000,538.51,539.98,537.22,537.81,3499.14
1784261700000,537.71,538.43,534.85,537.64,1674.78
1784262600000,537.62,539.11,537,537.52,1128.21
1784263500000,537.51,540.94,537.33,540.54,2130.29
1784264400000,540.27,540.27,537.75,539.14,820.19
1784265300000,539.16,539.17,531.18,531.49,4895.22
1784266200000,531.58,542.54,531.34,539.93,17418.09
1784267100000,539.71,539.71,531.06,532.97,3140.25
1784268000000,532.67,537.9,532.34,534.88,2134.71
1784268900000,534.88,536.92,534.33,536.22,1831.08
1784269800000,536.22,537.16,535.1,535.8,962.52
1784270700000,535.74,535.74,530.63,533.06,3072.22
1784271600000,533.06,533.18,531.09,531.62,862.71
1784272500000,531.63,532.76,530.26,530.87,1397.62
1784273400000,530.88,532.85,527.74,532.44,1737.72
1784274300000,532.22,535.26,531.52,532.91,1164.75
1784275200000,532.92,534.1,532.05,532.5,819.01
1784276100000,532.37,532.41,530.4,531.73,965.16
1784277000000,531.5,531.5,527.97,530.84,847.38
1784277900000,530.7,532.68,529.76,529.92,642.78
1784278800000,529.88,531.98,528.68,531.72,641.56
1784279700000,531.8,533.22,530.69,531.55,495.78
1784280600000,531.56,535.85,530.92,534.62,1026.07
1784281500000,534.62,535.08,532.83,532.83,2092.98
1784282400000,532.77,537.32,532.6,535.63,1242.51
1784283300000,535.52,536.84,534.22,534.22,1063.22
1784284200000,534.2,536.24,533.58,536.09,810.8
1784285100000,536.02,537,534.98,535.32,770.56
1784286000000,535.28,536.13,533.22,534.63,1426.63
1784286900000,534.6,536.56,534,535.14,477.56
1784287800000,535.14,535.24,533.2,534.78,1111.2
1784288700000,534.72,537.45,534.72,536.75,1306.74
1784289600000,536.75,537.27,533.87,534.57,464.22
1784290500000,534.71,535.14,532.37,533.29,1136.89
1784291400000,533.24,534.02,530.37,531.94,2932.03
1784292300000,531.8,532.97,530.35,531.41,696.47
1784293200000,531.49,531.49,525,527.59,3759.67
1784294100000,527.65,529.08,525.29,526.17,1120.52
1784295000000,526.25,534.07,524.24,530.53,2624.06
1784295900000,530.47,542.84,529.89,540.78,6778.42
1784296800000,540.62,549,539.3,543.88,12299.89
1784297700000,543.8,546.13,540.88,541.11,3311.53
1784298600000,540.97,543.41,539.48,541.13,3393.28
1784299500000,541.15,541.17,537.28,539.2,4002.45
1784300400000,539.2,539.28,535,535.66,2400.82
1784301300000,535.63,540.56,534.8,540.35,1328.42
1784302200000,540.35,546.9,539.6,544.7,2815.99
1784303100000,544.69,545.24,541.84,544.09,955.51
1784304000000,544.09,545.59,541.7,541.89,2449.83
1784304900000,541.69,544.18,540.79,543.09,3980.92
1784305800000,543.02,547.94,543,547.78,2789.61
1784306700000,548,551.82,546.13,549.16,4049.15
1784307600000,549.16,557.21,549.16,554.41,3696.18
1784308500000,554.14,555.09,550.12,553.51,3745.94
1784309400000,553.5,553.63,549.73,550.13,1273.14
1784310300000,550.13,551.27,548.68,549.13,886.32
1784311200000,549.13,550.29,546.61,548.67,1005.1
1784312100000,548.5,548.6,545.65,546.76,847.58
1784313000000,546.55,549.51,545.3,549.44,1391.22
1784313900000,549.15,551.54,548.84,549.48,2168.23
1784314800000,549.29,550.04,542.79,544.06,1806.5
1784315700000,544.11,547.55,544.03,547.32,441.27
1784316600000,547.31,548.44,546.34,547.73,1510.3
1784317500000,547.68,548.27,546.37,546.51,456.42
1784318400000,546.55,546.61,543.85,544.96,2136.52
1784319300000,544.93,546.4,544.73,545.16,104.4
1784320200000,545.11,545.46,541.29,542.64,3614.69
1784321100000,542.61,543.69,541.27,542.92,1250.66
1784322000000,543.21,546.31,543.21,545.34,805.24
1784322900000,545.08,545.9,544.12,545.07,603.8
1784323800000,544.75,544.75,543.04,543.83,570.4
1784324700000,543.87,544.59,542.95,543.96,363.16
1784325600000,543.79,545.45,542.52,545.2,296.82
1784326500000,544.88,545.21,542.75,542.77,126.43
1784327400000,543.02,544.15,542.52,543.17,542.54
1784328300000,543.42,544.25,542.95,542.96,236.8
1784329200000,543.17,543.17,538.66,539.72,2084.92
1784330100000,539.72,545,539.65,544.86,724.57
1784331000000,545,547.11,544.67,546.33,1048.32
1784331900000,546.56,548.29,546.21,547.85,480.61
1784332800000,547.64,548.35,545.25,546.71,843.94
1784333700000,546.57,547.69,545.51,546.6,1366.92
1784334600000,546.48,547.69,545.32,545.95,389.84
1784335500000,546.02,547.26,545.84,547.17,616.46
1784336400000,547.16,547.58,545.94,546.4,312.19
1784337300000,546.16,548.34,545.89,547.88,180.8
1784338200000,547.96,549.38,546.66,547.55,249.67
1784339100000,547.45,549.47,547.36,548.36,330.05
1784340000000,548.41,548.89,547.13,547.69,408.14
1784340900000,547.62,550.41,547.62,550.09,632.79
1784341800000,550.17,551.28,548.72,549.23,255.35
1784342700000,549.1,549.28,546.38,546.52,202.11
1784343600000,546.36,548.79,546.08,548.4,244.38
1784344500000,548.1,548.41,546.34,546.55,297.57
1784345400000,546.68,547.53,546.24,546.47,309.18
1784346300000,546.57,547.11,544.77,546.96,509.06
1784347200000,547.13,547.29,545.41,546.36,344.75
1784348100000,546.36,546.36,543.5,544.62,826.33
1784349000000,544.62,545.39,543.6,544.07,325.4
1784349900000,544.06,546.08,544.02,544.63,121.57
1784350800000,544.63,544.63,542.04,542.6,918.04
1784351700000,542.44,543.54,541.71,543.33,506.21
1784352600000,543.24,543.56,541.86,542.15,124.53
1784353500000,542.26,543.16,539.69,540.91,932.03
1784354400000,540.97,540.98,539.36,539.36,161.67
1784355300000,539.35,542.56,538.98,541.99,725.39
1784356200000,542.12,542.12,540.27,540.3,185.1
1784357100000,540.3,541.94,538.8,538.81,2078.29
1784358000000,538.81,538.81,535.08,536.69,6799.13
1784358900000,536.68,538.96,535.88,538.75,1226.38
1784359800000,538.74,540.41,537.51,540.41,1922.2
1784360700000,540.39,541.68,539.97,541.67,1171.89
1784361600000,541.67,541.67,539.13,540.55,393.4
1784362500000,540.53,541.71,540.09,540.79,245.48
1784363400000,540.74,542.74,539.41,540.03,1507.44
1784364300000,540.03,540.3,538.95,539.35,933.58
1784365200000,539.35,540.94,538.47,540.47,1231.62
1784366100000,540.47,540.8,536.8,539.06,2802.6
1784367000000,538.95,539.87,538.05,538.5,196.54
1784367900000,538.55,539.4,538.19,538.76,59.28
1784368800000,538.74,540.1,538.59,539.97,86.8
1784369700000,539.85,539.93,538.22,539.88,228.21
1784370600000,539.54,540.31,538.57,538.9,73.34
1784371500000,538.87,540.28,538.22,540.15,186.32
1784372400000,540.15,540.69,538.82,539.22,281.39
1784373300000,539.25,541.11,539.11,540.57,124.74
1784374200000,540.54,540.95,539.29,540.14,812.31
1784375100000,540.2,543.09,540.2,542.97,1229.5
1784376000000,543.01,547.82,543.01,545.18,1319.16
1784376900000,545.09,545.79,543.64,544.33,521.86
1784377800000,544.44,547.89,544.44,547.2,1284.25
1784378700000,547.18,549.98,547.09,547.1,2650.74
1784379600000,547.09,547.1,541.82,542.53,3044.59
1784380500000,542.55,543.28,540.44,543.13,1169.3
1784381400000,543.01,544.84,543.01,543.86,393.93
1784382300000,543.88,545.16,543.88,544.6,484.85
1784383200000,544.92,548.38,543.94,547.93,1429.56
1784384100000,547.69,548.02,546.08,547.58,583.97
1784385000000,547.68,549.8,547.37,549.52,1677.53
1784385900000,549.5,563.95,548.7,558.54,7185.23
1784386800000,558.53,559.14,554.19,555.5,2455.57
1784387700000,555.51,559.23,555.39,556.42,4683.02
1784388600000,556.38,558.94,553.08,554.94,5471.28
1784389500000,554.95,560.1,554.29,557.56,1418.21
1784390400000,557.57,558.36,555.86,556.66,1228.87
1784391300000,556.66,556.66,554.28,554.99,952.79
1784392200000,554.99,556.73,554.31,556,548.03
1784393100000,556.01,558.37,555.51,556.95,1313.97
1784394000000,556.96,557.07,555.57,555.84,461.88
1784394900000,555.83,556.38,551.79,552.61,1320.24
1784395800000,552.65,559.58,552.26,559.14,1297.32
1784396700000,558.93,562.3,558.7,559.67,1914.98
1784397600000,559.78,560.82,557.72,559.18,1305.25
1784398500000,559.17,562.6,558.01,559.38,775.65
1784399400000,559.29,559.35,557.03,558.1,1948.12
1784400300000,558.22,559.97,557.77,558.57,448.49
1784401200000,558.41,559.36,557.61,557.88,193.56
1784402100000,557.89,560.28,557.85,557.93,1172.94
1784403000000,558.14,558.18,555.18,557.28,793.28
1784403900000,557.31,558.12,556.58,557.23,217.76
1784404800000,557.36,558.17,555.04,556.01,587.12
1784405700000,556,557.51,554.65,555.02,561.66
1784406600000,555.07,558.45,554.65,557.92,1938.83
1784407500000,558.01,559.17,556.59,559.04,322.76
1784408400000,558.97,559.67,557.57,559.62,295.72
1784409300000,559.61,559.61,557.31,557.32,490.88
1784410200000,557.3,557.83,556.15,556.25,121.2
1784411100000,556.18,559.75,555.83,559.51,507.62
1784412000000,559.2,561.84,558.96,558.96,1379.35
1784412900000,558.87,559.75,557.49,557.9,339.93
1784413800000,557.84,560.1,557,559.21,2082.76
1784414700000,559.12,562.56,559.03,561.69,3318.96
1784415600000,561.63,563.65,560.43,560.51,4017.51
1784416500000,560.64,562.46,560.03,561.18,327.66
1784417400000,561.1,561.1,559.33,559.33,974.33
1784418300000,559.72,560.15,559,559.25,278.39
1784419200000,559.26,559.76,557.72,558.1,2533.69
1784420100000,558.12,558.71,556.84,556.91,496.74
1784421000000,557.1,557.83,556.42,557.38,393.86
1784421900000,557.4,557.59,556.04,556.06,188.95
1784422800000,556.09,557.49,555.84,556.91,146.84
1784423700000,556.84,558,556.84,557.16,160.87
1784424600000,557.09,557.37,555,555.08,120.18
1784425500000,555.18,555.9,552.4,555.9,4624.99
1784426400000,555.91,561.57,555.49,561.34,2278.29
1784427300000,561.49,562.37,558.81,559.11,1676.72
1784428200000,558.96,561.89,558.65,558.65,1979.29
1784429100000,558.63,560.21,557.56,559.96,677.24
1784430000000,559.96,560.24,558.8,559.51,684.14
1784430900000,559.52,559.83,555.38,556.08,1307.35
1784431800000,556.04,556.7,555.91,556.11,356.81
1784432700000,556.11,557.31,555.51,556.24,186.57
1784433600000,556.11,556.43,555.13,555.24,435.51
1784434500000,555.62,556.57,554.67,555.73,640.68
1784435400000,555.75,560.31,555.75,558.68,1525.41
1784436300000,558.68,559.9,558.48,559.26,271.01
1784437200000,559.29,560.43,559.11,559.69,534.07
1784438100000,559.72,559.72,557.66,557.8,454.17
1784439000000,557.53,559.7,557.51,559.29,222.8
1784439900000,559.25,561.39,559.25,560.76,1585.54
1784440800000,560.79,560.97,558.33,559.19,1567.17
1784441700000,559.03,559.79,558.25,559.18,923.46
1784442600000,559.18,560.99,559.03,560.14,593.66
1784443500000,559.92,560.67,558.81,559.58,312.55
1784444400000,559.39,560.32,559.38,560.05,468.54
1784445300000,560.06,561.52,559.62,561.15,1388.8
1784446200000,561.05,561.51,559.89,560.4,483.21
1784447100000,560.37,560.73,558.69,560.1,1324.41
1784448000000,560.33,561.55,559.71,560.09,1286.92
1784448900000,559.92,560.82,558.38,560.77,538.26
1784449800000,560.79,569.22,559.68,564.68,3506.95
1784450700000,564.65,565.4,563.73,564.49,859.69
1784451600000,564.67,564.86,562.36,562.58,1124.54
1784452500000,562.47,562.6,558.51,559.47,1469.21
1784453400000,559.47,562.26,559.47,560.66,1150.16
1784454300000,560.52,561.19,559.69,560.66,580.46
1784455200000,560.66,561.27,559.09,560.45,1047.96
1784456100000,560.38,562.19,560.2,562.14,427.13
1784457000000,562.14,562.57,561.01,561.04,1004.84
1784457900000,561,561.44,559.48,559.53,1117.38
1784458800000,559.42,559.42,556.72,558.35,977.48
1784459700000,558.35,559.51,555.99,556.6,2251.29
1784460600000,556.44,557.9,556.3,557.3,467.41
1784461500000,557.3,557.85,555.87,556,2294.12
1784462400000,556,557.02,553.25,554.4,1471.25
1784463300000,554.44,557.61,554.44,555.56,2010.45
1784464200000,555.79,557.38,555.76,557.07,700.75
1784465100000,556.76,557.72,556.23,556.23,616.29
1784466000000,556.29,556.47,554.41,555.22,1915.47
1784466900000,555.26,556.59,555.05,555.84,860.01
1784467800000,555.87,557.99,555.82,556.64,429.99
1784468700000,556.64,558.06,556.34,557.59,387.77
1784469600000,557.71,561.15,557.17,559.07,836.99
1784470500000,559.04,559.14,554.11,555.04,2122.42
1784471400000,555.03,557.05,554.99,555.67,1441.1
1784472300000,555.67,557.81,555.67,556.23,1125.44
1784473200000,556.21,556.59,554.64,554.65,436.56
1784474100000,554.67,555.04,553.14,553.35,907.7
1784475000000,553.32,555.46,553.12,554.93,475.09
1784475900000,554.9,554.94,553.09,553.4,483.83
1784476800000,553.43,554.41,548.98,550.01,6647.5
1784477700000,549.92,552.29,549.03,551.57,1544.57
1784478600000,551.58,552.92,550.66,552.5,440.13
1784479500000,552.49,552.98,551.44,551.55,1084.34
1784480400000,551.59,554.72,549.25,554.35,1419.81
1784481300000,554.62,555.05,553.13,554.42,2974.74
1784482200000,554.24,555.5,553.49,553.94,798.53
1784483100000,553.85,553.85,551.42,551.82,344.58
1784484000000,551.65,552.6,547.38,550.93,709.64
1784484900000,550.9,551.37,548.33,548.33,523.75
1784485800000,548.34,550.24,547.64,549.18,1035.34
1784486700000,549.14,549.77,548.21,549.77,255.34
1784487600000,549.82,550,548.63,549.41,737.62
1784488500000,549.45,550.54,549.45,550.52,178.12
1784489400000,550.54,550.69,549.12,549.96,525.52
1784490300000,550.2,550.83,549.82,550.32,770.98
1784491200000,550.31,554.14,550.17,551.62,1844.76
1784492100000,551.43,551.43,549.28,550.45,585.3
1784493000000,550.5,552.35,550.49,552.21,538.01
1784493900000,552.21,552.68,551.62,552.01,417.38
1784494800000,552.05,552.05,550.5,551.97,525.31
1784495700000,551.74,551.81,550.79,551.45,241.94
1784496600000,551.31,551.35,549.2,549.46,374.24
1784497500000,549.47,549.59,545.5,548.02,1080.65
1784498400000,548.08,551.34,547.79,550.44,1119.87
1784499300000,550.54,553.68,548.06,548.13,1818.89
1784500200000,548.06,549.15,545.73,548.33,1102.48
1784501100000,547.66,547.77,544.01,545.76,1051.06
1784502000000,545.84,546.59,542.4,546.5,733.01
1784502900000,546.44,548.7,545.13,547.43,948.13
1784503800000,547.43,549.1,547.01,548.2,685.48
1784504700000,548.03,548.75,546.9,548.44,537.73
1784505600000,548.47,554.85,545.07,554.23,1480.03
1784506500000,554.23,555.39,550.66,551.46,1465.03
1784507400000,551.52,553.6,550.5,553.36,408.5
1784508300000,553.17,553.28,545.71,546.5,1764.22
1784509200000,546.49,554,546.27,550.88,638.1
1784510100000,551.36,551.41,546.71,549.99,1467.43
1784511000000,550.03,550.19,543.08,543.65,6395.51
1784511900000,543.66,543.69,538.16,539.26,7509.59
1784512800000,539.23,544,538.97,541.75,2899.76
1784513700000,541.9,542.1,537.05,537.45,3799.73
1784514600000,537.53,540.36,536.01,538.31,3022.26
1784515500000,538.28,540.67,537.18,537.97,1849.81
1784516400000,537.97,540.17,536.99,540.08,2991.32
1784517300000,539.8,540.3,532.66,533.67,3712.85
1784518200000,533.4,537.72,533.34,537.5,1786.42
1784519100000,537.6,537.88,535.93,537.29,620.78
1784520000000,537.33,537.41,534.68,534.99,994.92
1784520900000,535.09,537.05,533.17,536.62,5499.18
1784521800000,536.63,538.57,535.65,536.58,1360.2
1784522700000,536.7,536.7,531.91,532.16,1286.97
1784523600000,532.32,532.92,528.1,530.41,7493.17
1784524500000,530.44,533.87,528.94,531.78,1257.61
1784525400000,531.58,532.83,530.92,531.73,1095.89
1784526300000,531.78,533.04,531.09,532.53,570.12
1784527200000,532.66,534.18,531.89,533.38,998.97
1784528100000,533.23,534.03,530.07,531.21,2096.9
1784529000000,531.03,531.54,527.71,530.57,2181.3
1784529900000,530.5,530.6,529.56,530.1,705.66
1784530800000,530.15,531.54,529.9,530.92,1058.83
1784531700000,530.98,533.41,529.86,533.11,4405.02
1784532600000,533.01,533.95,531.45,532.95,2072.93
1784533500000,532.96,533.46,531.62,532.32,207.05
1784534400000,532.15,532.35,528.65,529.06,1236.54
1784535300000,529.08,530.45,528.55,528.85,376
1784536200000,528.94,529.67,525.39,527.27,3681.94
1784537100000,527.28,528.95,527.23,528.48,668.29
1784538000000,528.53,528.53,526.93,527.94,564.52
1784538900000,527.96,530.94,527.74,530.48,2439.22
1784539800000,530.43,531.33,530.05,530.75,501.18
1784540700000,530.91,532.23,530.73,530.77,446.25
1784541600000,530.7,531.99,529.79,530.53,828.52
1784542500000,530.58,535.04,530.07,533.86,2711.75
1784543400000,533.66,534.06,530.61,531.71,1305.09
1784544300000,531.77,533.5,530.96,532.07,638.67
1784545200000,531.96,534.8,531.96,532.85,1375.12
1784546100000,532.85,533.52,531.01,531.8,1276.71
1784547000000,531.8,540,531.8,536.63,4052.02
1784547900000,536.73,540.23,536.73,539.14,917.12
1784548800000,539.11,539.17,534.86,537.71,1715.77
1784549700000,537.72,538.68,536.81,537.86,1842.24
1784550600000,537.86,538.45,536.34,536.92,1358.02
1784551500000,537.02,538.68,536.54,537.99,1188.85
1784552400000,537.84,538.17,536.42,536.85,799.09
1784553300000,536.97,537.2,533.78,534.89,1750.16
1784554200000,535.06,537.49,534.11,535.72,2774.32
1784555100000,535.83,536.15,527.57,529.34,7041.21
1784556000000,529.42,531.33,527.91,527.99,1718.55
1784556900000,528.03,531.15,526.24,531.15,1981.63
1784557800000,531.1,532.43,528.54,530.51,2076.06
1784558700000,530.34,531.49,527.83,529.47,1148.46
1784559600000,529.55,540.25,529.09,537.95,6548.19
1784560500000,538.02,539.46,535.88,537.04,6337.14
1784561400000,537.1,541.58,534.38,541.55,2580.84
1784562300000,541.56,549.15,541.15,547.67,6891
1784563200000,547.62,552.94,544.94,551.59,4395.08
1784564100000,551.51,553.55,549.01,549.98,3289.62
1784565000000,550.18,553.61,548.9,551.5,1733.35
1784565900000,551.44,556.8,551.32,556.64,3544.58
1784566800000,556.55,556.84,554.12,554.36,4764.53
1784567700000,554.27,554.27,552.27,552.56,2488.64
1784568600000,552.59,553,550.6,551.7,2779.09
1784569500000,551.7,553.82,550.64,551.26,10303.82
1784570400000,550.89,555.2,549.61,554.81,2762.63
1784571300000,554.69,556.84,553.31,553.31,3388.41
1784572200000,553.25,553.25,550.96,550.99,828.46
1784573100000,550.85,551.61,546,547.68,1901.93
1784574000000,547.62,549.7,546.06,546.3,1251.91
1784574900000,546.2,547.72,545.44,547.29,1485.76
1784575800000,547.17,548,545.43,547.47,915.62
1784576700000,547.64,551.1,547.09,547.26,1966.29
1784577600000,547.87,548.6,546.35,547.71,650.36
1784578500000,547.71,548.32,546,546,990.8
1784579400000,546,549.66,545.86,547.94,1144.92
1784580300000,547.95,549.31,547.23,548.77,666.72
1784581200000,548.71,549.39,547.15,548.25,2211.51
1784582100000,548.09,550.65,547.08,549.93,903.14
1784583000000,550.11,552.49,550.09,550.18,582.39
1784583900000,550.13,550.18,546.83,547.36,378.88
1784584800000,547.44,548.82,545.51,548.21,621.38
1784585700000,548.22,549.54,547.61,549.23,632.83
1784586600000,549.17,549.54,546.78,548.31,628.72
1784587500000,548.45,548.71,546.09,546.57,251.88
1784588400000,546.61,548.69,545.7,547.29,424.22
1784589300000,547.22,547.66,546.55,546.82,230.12
1784590200000,546.76,547.32,541.98,543.28,1793.26
1784591100000,543.27,544.23,542.25,543.8,522.85
1784592000000,543.79,543.79,540.99,541.13,1852.6
1784592900000,541.06,545.04,540.56,544.71,701.74
1784593800000,544.67,550.12,544.62,549.05,1638.04
1784594700000,549.3,550.67,548.34,548.98,785.61
1784595600000,548.89,549.82,547.12,548.46,963.56
1784596500000,548.46,548.7,546,546.64,549.66
1784597400000,546.66,547.18,544.41,545.59,316.42
1784598300000,545.5,545.55,538.94,540.87,3920.51
1784599200000,540.95,543.54,539.8,541.11,2543.44
1784600100000,541.06,541.51,539.16,540.1,866.76
1784601000000,540.1,542.2,539.93,542.07,805.02
1784601900000,542.07,545.34,541.72,543.99,1417.82
1784602800000,544,554,543.91,552.47,9128.04
1784603700000,552.6,553.41,549.18,551.41,491
1784604600000,551.34,551.52,549.66,550.06,665.77
1784605500000,549.91,550.87,548.24,550.54,2714.07
1784606400000,550.58,552.42,547.58,547.79,1174.87
1784607300000,547.96,549.7,547.43,547.76,600.6
1784608200000,548.11,548.49,546.59,547.1,656.22
1784609100000,547.17,548.95,546.67,547.58,2748.32
1784610000000,547.6,547.6,545.29,546.31,749.41
1784610900000,546.19,550.3,545.72,549.2,526.42
1784611800000,549.09,549.27,547.09,547.4,241.09
1784612700000,547.48,551.24,547.31,550.29,566.31
1784613600000,550.27,552.41,549.23,549.96,1618.09
1784614500000,550,551.82,549.18,550.93,824.31
1784615400000,550.79,556.36,550.58,553.43,2432.06
1784616300000,553.29,553.65,549.45,549.81,1771.12
1784617200000,549.8,551,548.06,548.53,1493.1
1784618100000,548.47,548.99,547.26,548.09,374.75
1784619000000,548.09,549.87,547.06,548.59,1229.76
1784619900000,548.26,551.24,547.92,550.63,804.89
1784620800000,550.64,550.84,546.63,547.75,849.23
1784621700000,547.48,550.08,545.36,546.26,510.42
1784622600000,546.05,547.22,545.37,545.77,380.75
1784623500000,545.64,546.03,541.78,542,1281.61
1784624400000,541.83,541.95,539.47,540.31,1830.23
1784625300000,540.24,540.81,536.34,537.58,7759.91
1784626200000,537.55,540.8,537.48,540.47,1805.51
1784627100000,540.57,542.63,537.63,538.43,1868.8
1784628000000,538.48,539.46,536.98,538.22,1488.33
1784628900000,538.26,540,537.02,538.81,1930.65
1784629800000,538.93,539.78,537.18,537.5,1257.21
1784630700000,537.4,537.55,533.73,536.71,2676.99
1784631600000,536.93,539.92,536.15,539.35,1305.23
1784632500000,539.21,541.95,538.4,541.69,1901.89
1784633400000,541.64,544.61,541.64,543.31,1497.12
1784634300000,543.27,545.36,543.11,545.18,595.66
1784635200000,545.19,545.34,542.85,544.43,680.23
1784636100000,544.3,544.5,541.51,542.03,428.39
1784637000000,542.36,543.92,542.24,543.82,510.03
1784637900000,543.8,544.48,542.89,543.85,774.27
1784638800000,543.7,548.45,541.54,546.47,2053.37
1784639700000,546.47,546.99,544.4,544.58,711.65
1784640600000,544.58,546.21,541.73,542.62,1219.15
1784641500000,542.63,550.26,542.01,549.78,3724.23
1784642400000,549.86,550.58,546.59,548.32,3239.91
1784643300000,548.31,548.31,543.49,544.92,1556.16
1784644200000,544.95,545.83,542.82,545.63,1804.41
1784645100000,545.64,546.02,541.77,542.77,2619.66
1784646000000,542.87,543.07,540.26,542.13,1779
1784646900000,542.12,543.99,538.52,538.54,1805.09
1784647800000,538.6,541.5,538,540.55,757.92
1784648700000,540.55,542.56,539.2,542.11,816.36
1784649600000,542.09,543.48,541.79,542.17,850.07
1784650500000,542.15,542.83,537.48,537.61,2197.86
1784651400000,537.59,539.98,536.91,538.39,1178.56
1784652300000,538.39,541.09,537.83,539.87,419.37
1784653200000,539.73,540.03,535.53,536.39,880.29
1784654100000,536.46,536.68,530.8,532.6,4120.62
1784655000000,532.61,535.6,532,534.83,4812.95
1784655900000,534.82,538.09,534.65,537.22,11984.49
1784656800000,537.35,538.45,535.58,535.58,1318.64
1784657700000,535.59,536.67,535.28,535.84,704.13
1784658600000,535.85,536.1,534.69,535.32,809.61
1784659500000,535.33,535.64,534.18,534.4,604.02
1784660400000,534.41,534.91,530.08,531.62,5492.46
1784661300000,531.63,533.71,531.43,532.01,860.06
1784662200000,531.99,533.4,527.47,532.87,2190.29
1784663100000,532.87,535.27,532.5,532.83,421.27
1784664000000,532.86,534.18,531.87,533.34,544.38
1784664900000,533.33,533.33,531.52,532.01,692.59
1784665800000,532.1,533.93,531.73,531.98,427.69
1784666700000,531.97,531.97,530.09,530.29,1357.98
1784667600000,530.24,534.21,529.55,534.03,2302.13
1784668500000,533.9,536.26,532.4,534.5,2352.43
1784669400000,534.5,535.22,533.51,534.72,611.15
1784670300000,534.67,534.76,533.4,534.37,1325.08
1784671200000,534.37,534.83,533.04,533.52,580.07
1784672100000,533.32,534.43,532.1,534.43,773.65
1784673000000,534.17,534.8,532.85,533.1,425.47
1784673900000,533.13,534.48,532.83,534.48,324.2
1784674800000,534.48,534.48,532.39,533,788.92
1784675700000,533,533.46,531.38,532.48,1369.72
1784676600000,532.41,533.61,532.15,532.34,218.75
1784677500000,532.17,533.24,531.43,533.12,1325.99
1784678400000,533.13,535.95,532.43,535.85,2525.79
1784679300000,535.85,538.44,535.8,536.76,2160.8
1784680200000,536.59,537.93,535.73,536.95,345.77
1784681100000,536.78,537.13,534.7,534.7,870.91
1784682000000,534.79,535.77,533.08,533.13,2066
1784682900000,533.12,533.89,532.03,532.28,391.7
1784683800000,532.27,533.1,531,532.29,1062.91
1784684700000,532.28,534.08,531.36,531.49,834.8
1784685600000,531.55,533,529.92,532.98,1020.04
1784686500000,532.98,533.92,532.03,533.03,992.32
1784687400000,532.9,532.9,531.35,531.78,946.44
1784688300000,531.84,533.06,530.6,530.8,967.16
1784689200000,530.68,532.3,528.13,528.49,1840.01
1784690100000,528.61,531.35,528.3,530.43,2978.8
1784691000000,530.4,530.89,528.47,530.77,2577.29
1784691900000,530.89,531.74,516.93,520.99,19944.55
1784692800000,520.83,522,518.2,522,9083.61
1784693700000,521.92,522,521.5,521.65,3808.91
1784694600000,521.61,523.29,520.97,523.16,3895.03
1784695500000,523.16,523.4,522.23,523.3,1784.39
1784696400000,523.3,523.39,521.2,521.71,898.41
1784697300000,521.7,521.84,519.86,520.9,741.85
1784698200000,520.9,521.85,519.24,520.65,1830.21
1784699100000,520.65,520.79,517.44,518.12,2013.5
1784700000000,518.14,519.99,517.45,519.27,2107.16
1784700900000,519.29,519.8,517.51,518.02,1404.92
1784701800000,518.07,518.96,516.67,518.26,3241.78
1784702700000,518.17,518.17,513.62,513.9,3833.79
1784703600000,513.91,515.52,513.78,514.32,1165.18
1784704500000,514.31,514.35,511.58,512.93,1607.78
1784705400000,512.91,515.23,510.77,514.98,2695.27
1784706300000,514.96,515.23,513.23,514.48,727.92
1784707200000,514.42,517.03,514.42,515.64,1722.36
1784708100000,515.58,518.69,515.22,516.99,674.54
1784709000000,517.01,518.16,516.16,516.37,950.46
1784709900000,516.68,519.26,515.95,516.54,2989.25
1784710800000,516.56,517,515,515.33,664.5
1784711700000,515.49,515.49,513.62,513.95,546.31
1784712600000,513.94,514.94,513.58,514.91,459.54
1784713500000,514.92,516.14,514.54,515.93,926.03
1784714400000,515.9,516.98,515.3,515.57,868.91
1784715300000,515.62,518.09,515.52,517.55,459.09
1784716200000,517.52,518.38,516.89,517.27,165.89
1784717100000,517.35,518.07,516.06,516.41,285.16
1784718000000,516.41,516.87,515.59,516.27,144.79
1784718900000,516.17,516.6,515.35,515.56,107.38
1784719800000,515.52,515.52,512,512.38,567
1784720700000,512.29,513.56,512.29,513.39,1139.16
1784721600000,513.39,514.18,511.83,513.94,391.4
1784722500000,513.99,514.8,512.65,513.66,543.49
1784723400000,513.66,513.89,512.31,513.69,1381.93
1784724300000,513.46,515.04,511.64,513.38,1453.2
1784725200000,513.44,515.33,512.77,514.13,605.65
1784726100000,514.03,515.46,513.81,514.99,958.86
1784727000000,514.94,517.44,514.42,517.38,1447.2
1784727900000,517.28,518.32,515.77,516.91,1413.34
1784728800000,516.9,519.01,515.46,516.27,2336.83
1784729700000,516.2,516.2,511.12,511.35,3489.51
1784730600000,511.24,514.2,509.7,511.7,1743.57
1784731500000,511.6,512.76,510.55,511.56,436.35
1784732400000,511.55,514.22,510.56,514.13,1373.68
1784733300000,514.16,517.98,514.16,517.16,1553.65
1784734200000,517.16,517.56,515.41,516.29,1378.86
1784735100000,516.47,516.68,506.42,508.28,5607.38
1784736000000,508.25,512.61,506.42,512.38,2181.86
1784736900000,512.43,512.87,509.75,511.29,1167.44
1784737800000,511.13,516.33,511.12,514.05,6287.45
1784738700000,513.96,514.44,512.14,513.27,817.2
1784739600000,513.15,517.34,512.01,514.57,998.26
1784740500000,514.64,514.85,510.74,511.07,909.91
1784741400000,511.06,516.28,510.69,515.22,1066.14
1784742300000,515.17,516.52,514.03,516.02,1295.68
1784743200000,516.02,517.2,513.88,514.35,1846.54
1784744100000,514.3,517.34,513.78,513.99,1318.06
1784745000000,513.67,513.68,509.6,510.51,1864.39
1784745900000,510.49,513.24,510.17,512.52,778.18
1784746800000,512.56,512.88,510.43,511.32,290.27
1784747700000,511.14,513.95,511.14,512.49,468.33
1784748600000,512.47,513.13,509.94,510.3,357.78
1784749500000,510.39,510.81,508.9,509.64,909.85
1784750400000,509.63,510.57,508.1,510.55,1342.51
1784751300000,510.65,511.97,510.23,511.97,451.65
1784752200000,511.96,513.43,511.75,513.02,789.03
1784753100000,512.75,513.77,512.45,513.49,342.15
1784754000000,513.43,514.06,511.21,511.73,463.29
1784754900000,511.6,512.15,510,510.79,882.34
1784755800000,510.81,513.14,510.63,513.12,422.5
1784756700000,513.14,514.38,512.83,513.76,560.63
1784757600000,513.76,514.3,512.91,513.67,474.99
1784758500000,513.65,513.68,512.48,512.63,284.5
1784759400000,512.58,512.58,510.91,512.43,604.06
1784760300000,512.3,514.22,511.92,514.07,450.47
1784761200000,513.97,513.97,510.62,511.08,873.88
1784762100000,511.13,511.38,508.86,510.45,1271.11
1784763000000,510.59,511.86,510.04,511.86,719.13
1784763900000,511.84,515.95,511.58,515.37,3323.58
1784764800000,515.48,517.62,514.32,517.3,6579.57
1784765700000,517.27,521.04,516.2,519.06,5742.7
1784766600000,519.07,520.49,518.24,518.32,2306.96
1784767500000,518.33,519.48,515.89,515.95,2368.4
1784768400000,515.94,516.09,513.35,514.97,2085.46
1784769300000,514.94,516.71,513.28,515.91,482.66
1784770200000,515.91,516.01,513.77,515.75,132.48
1784771100000,515.67,517.77,515.37,516.79,1549.46
1784772000000,516.76,517.65,515.9,516.59,220.94
1784772900000,516.53,517.81,515.64,517.61,509.43
1784773800000,517.61,518.68,515.8,516.19,1612.31
1784774700000,516.19,517.32,515.83,516.67,1571.85
1784775600000,516.72,517,514.05,514.74,2003.29
1784776500000,514.74,515.04,512.45,514.46,718.6
1784777400000,514.48,516.23,514.06,514.91,2919.35
1784778300000,514.91,515.65,513.42,513.98,1527.51
1784779200000,513.99,514.68,512.68,514.29,727.85
1784780100000,514.29,515.51,513.64,514.34,1526.32
1784781000000,514.26,514.46,511.96,512.58,477.77
1784781900000,512.58,513.68,511.38,511.84,475.94
1784782800000,512.2,513.48,512.02,513.05,660.17
1784783700000,512.81,516.57,512.21,516.43,1732.83
1784784600000,516.56,517.67,515.79,515.86,458.46
1784785500000,515.78,515.78,513.77,514.66,479.29
1784786400000,514.77,515.45,513.8,515.04,569.42
1784787300000,515.12,515.58,513.99,515.58,412.84
1784788200000,515.46,518.56,514.82,516.06,1303.31
1784789100000,516.05,517.3,515.61,517.3,2372.94
1784790000000,516.99,516.99,513.28,514.64,1394.05
1784790900000,514.55,516.43,513.68,516.15,1422.51
1784791800000,516.19,516.26,513.69,513.81,738.03
1784792700000,513.75,515.33,513.75,514.67,284.52
1784793600000,514.66,516.24,513.83,516.2,767.57
1784794500000,516.21,517.58,515.86,517.22,245.15
1784795400000,517.27,517.73,514.78,515.86,301.51
1784796300000,516.04,516.25,514.51,515.82,172.16
1784797200000,515.75,518.12,515.3,517.13,1001.35
1784798100000,517.16,518.05,517,517.77,626.03
1784799000000,517.58,518.13,515.93,516.02,957.21
1784799900000,516.14,516.72,515.16,516.1,259.63
1784800800000,516.23,517.27,515.32,516.35,1470.58
1784801700000,516.55,516.63,515.01,515.32,193.2
1784802600000,515.3,515.93,515.07,515.26,179.86
1784803500000,515.25,515.48,515,515.01,607
1784804400000,515,516.48,515,516.37,470.78
1784805300000,516.33,516.73,515.01,516.14,426.13
1784806200000,516.17,516.94,515.67,516.63,587.56
1784807100000,516.79,517.81,516.49,517.8,405.61
1784808000000,517.74,518.16,516.3,517.93,578.51
1784808900000,518.15,518.21,515,515.28,667.94
1784809800000,515.15,515.28,510.72,511.81,2315.89
1784810700000,511.72,514.25,509.47,513.77,1028.9
1784811600000,513.62,514.3,511.56,512.38,786.77
1784812500000,512.37,513.87,511.58,513.16,1186.82
1784813400000,513.35,520.15,513.25,517.78,2857.86
1784814300000,518.15,518.15,515.27,515.35,656.64
1784815200000,515.37,517.77,512.52,517.21,900.32
1784816100000,517.27,519.75,517.27,518.42,1975.7
1784817000000,518.42,522,516.81,517.12,7261.75
1784817900000,517.07,517.18,513.43,514.57,2133.66
1784818800000,514.5,514.83,510.43,512.05,3349.36
1784819700000,511.96,516.66,511.96,515.19,3094.43
1784820600000,515.3,515.97,513.81,514.11,892.9
1784821500000,513.92,516.16,513.13,514.99,1463.25
1784822400000,514.99,515.41,512.3,515.06,1397.1
1784823300000,514.95,516.33,512.66,516.14,566.78
1784824200000,516.2,516.23,513.36,514.98,853.15
1784825100000,514.89,515.82,514.28,514.28,596.8
1784826000000,514.16,514.84,513.29,513.56,1156.39
1784826900000,513.6,513.82,512.96,513.07,837.62
1784827800000,513,513.39,509.77,509.97,1269.25
1784828700000,509.97,510.44,503.7,505.08,6472.61
1784829600000,505.1,507.88,504.88,506.62,1800.95
1784830500000,506.72,511.05,502.99,510.53,1749.12
1784831400000,510.4,510.76,506.81,507.77,2584.67
1784832300000,507.74,510.93,507.71,509.44,2310.07
1784833200000,509.63,509.67,506.03,507.17,2087.38
1784834100000,507.16,509,507.16,508.6,1477.8
1784835000000,508.59,509,506.3,506.66,360.54
1784835900000,506.66,506.67,496.07,499.9,24606.61
1784836800000,499.76,504.83,499.25,504.6,2667.93
1784837700000,504.58,505.19,502.84,502.92,2357.71
1784838600000,502.93,503.24,502.02,502.63,1277.53
1784839500000,502.65,504.04,502,503.88,463.17
1784840400000,503.88,506.83,503.57,504,1418.91
1784841300000,503.83,504.73,502.53,503.48,980.88
1784842200000,503.51,504.42,502.06,502.18,1187.82
1784843100000,502.18,503.5,501.93,502.65,799.28
1784844000000,502.69,502.94,500.33,500.51,611.54
1784844900000,500.56,502.11,498.66,500.75,1038.12
1784845800000,500.8,502.21,500.77,501.56,613.2
1784846700000,501.69,502.74,499.98,502.55,632.85
1784847600000,502.5,503.66,502.2,503.46,950.06
1784848500000,503.45,506.08,503.34,505.71,383
1784849400000,505.72,505.83,503.92,504.53,966.95
1784850300000,503.98,505.57,503.35,504.69,1015.28
1784851200000,504.67,505.26,503.89,504.73,435.15
1784852100000,504.74,505.5,502.94,503.73,1675.19
1784853000000,503.67,505.24,502.2,504.8,805.51
1784853900000,504.76,507.89,504.55,507.36,1116.31
1784854800000,507.38,510,506.53,507.62,1325.46
1784855700000,507.62,508.58,506.2,507.91,709.89
1784856600000,507.7,509.44,507.12,508.7,1144.18
1784857500000,508.55,509.4,507.26,507.26,355.63
1784858400000,507.32,507.57,506.02,507.44,648.43
1784859300000,507.18,507.2,505.4,506.41,488.82
1784860200000,506.33,506.33,503.85,505.22,679.46
1784861100000,505.21,505.7,503.68,505.66,477.46
1784862000000,505.72,509.09,505.4,508.83,1290.23
1784862900000,509.11,511.55,509.11,510.38,1645.6
1784863800000,510.37,510.55,509.22,509.79,211.5
1784864700000,509.82,510.59,509.08,509.62,435.9
1784865600000,509.76,510.53,508.58,508.87,629.69
1784866500000,508.93,510.12,508.83,508.98,163.07
1784867400000,508.9,509.13,508.18,508.61,132.03
1784868300000,508.45,510.08,508.34,509.37,144.99
1784869200000,509.36,510.53,507.74,509.66,567.27
1784870100000,509.79,509.79,508.68,509.74,148.38
1784871000000,509.75,509.8,508.49,509.04,144.34
1784871900000,508.89,509.47,507.85,508.46,171.45
1784872800000,508.48,509.8,508.21,509.53,123.61
1784873700000,509.75,510.89,508.47,509.03,851.95
1784874600000,508.98,510.2,508.18,508.83,377.84
1784875500000,508.89,509,506.41,506.61,333.93
1784876400000,506.49,511.19,506.12,510.8,1045.73
1784877300000,510.77,511.04,508.69,510.04,644.24
1784878200000,509.94,510.46,507.56,508.26,838.69
1784879100000,508.42,510.86,508.31,510.86,321.28
1784880000000,510.86,511.62,509.8,510.33,395.68
1784880900000,510.3,511.42,509.65,510.89,434.51
1784881800000,511.13,514,509.86,510.08,923.84
1784882700000,509.74,509.74,508.67,508.85,398.11
1784883600000,508.81,509.18,507.2,507.39,564.5
1784884500000,507.38,507.82,505.79,505.87,444.4
1784885400000,505.76,508.43,505.39,507.51,232.68
1784886300000,507.5,507.84,506.08,506.11,556.54
1784887200000,506.19,506.19,503.64,503.64,339.03
1784888100000,503.77,503.84,501.39,502.37,2065.01
1784889000000,502.36,503.01,499.41,499.72,1522.85
1784889900000,499.66,501.01,499.05,500.15,371.91
1784890800000,500.15,501.17,499.28,501.02,1434.25
1784891700000,501.06,503.43,501.06,502.51,732.2
1784892600000,502.5,502.55,499.83,500.18,633.8
1784893500000,500.2,502.97,499.68,502.74,1006.61
1784894400000,502.31,502.87,501.24,502.07,256.17
1784895300000,502.12,503.85,501.22,502.59,379.56
1784896200000,502.64,502.9,499.5,499.59,330.36
1784897100000,499.76,500.43,497.67,499.09,3219.08
1784898000000,498.74,499.35,493,495.86,4368.97
1784898900000,496.05,499.27,495.29,498.4,1817.44
1784899800000,498.39,500.42,496.92,500.32,2540.91
1784900700000,500.24,501.44,497.37,499.91,1050.38
1784901600000,499.95,500.04,496.09,496.61,2671.15
1784902500000,496.61,499.14,495.06,498.83,1528.93
1784903400000,498.89,498.89,494.45,494.63,1506.19
1784904300000,494.62,499.83,493.95,499.28,1145.3
1784905200000,499.19,499.21,494.01,497.5,2085.13
1784906100000,497.53,498.46,495.96,495.96,664.19
1784907000000,495.96,497.96,495.1,496.5,1661.9
1784907900000,496.46,497.24,495.11,495.11,770
1784908800000,495.27,495.53,492.97,493.41,1162.7
1784909700000,493.38,494.41,490.95,493,2256.86
1784910600000,492.86,493.1,490.9,491.24,772.16
1784911500000,491.35,492.99,490.53,491.93,1753.66
1784912400000,491.93,492.21,488.48,489.7,3426.65
1784913300000,489.64,491.78,489.55,491.44,2614.32
1784914200000,491.43,493.38,491.4,493.24,1716.57
1784915100000,493.1,495.18,492.25,494.46,1955.98
1784916000000,494.35,497.43,493.76,496.34,3076.74
1784916900000,496.32,496.45,493.68,494.6,801.7
1784917800000,494.59,495.33,494.13,495.01,1174.31
1784918700000,495.04,497.28,494.87,495.74,2108.81
1784919600000,495.74,496.21,494.31,494.66,868.93
1784920500000,494.85,496.08,494.85,496.06,219.78
1784921400000,496,496.9,495.89,496.27,552.7
1784922300000,496.27,496.29,494.72,495.82,476.73
1784923200000,495.63,496.45,494.29,494.87,362.8
1784924100000,495,495.97,494.9,495.07,42.22
1784925000000,495.02,495.48,494.3,494.87,794.84
1784925900000,494.76,496.22,494.33,495.92,1549.7
1784926800000,495.93,496.09,494.16,494.85,974.75
1784927700000,494.88,495.08,492.19,492.68,2526.61
1784928600000,492.66,493.29,490.62,491.28,1391.32
1784929500000,491.27,491.28,487,488.03,3314.35
1784930400000,487.98,490.03,484.45,485.98,6647.74
1784931300000,486.03,486.71,483.72,485.57,4723.13
1784932200000,485.57,488.79,484.7,487.91,1101.07
1784933100000,487.91,489.4,486.23,486.45,3119.91
1784934000000,486.49,488.46,486.49,486.85,1000.65
1784934900000,486.67,487.95,486.21,487.95,485.81
1784935800000,487.94,489.01,487.56,487.84,244.23
1784936700000,488.01,489.08,487.64,488.4,264.97
1784937600000,488.35,489.39,487.5,488.96,680.14
1784938500000,488.97,489,487.08,487.22,324.51
1784939400000,487.23,488.34,486.32,486.92,713.23
1784940300000,486.86,488.03,486.12,487.97,414.56
1784941200000,488.02,489.93,487.94,488.71,1292.27
1784942100000,488.63,489.14,487.63,488.5,277.33
1784943000000,488.5,488.82,487.84,488.19,207.91
1784943900000,488.17,488.48,486.4,486.49,159.77
1784944800000,486.77,487.81,486.37,486.87,79.13
1784945700000,486.85,488.11,484.46,488.11,545.81
1784946600000,487.94,488.77,487.5,487.66,167.94
1784947500000,487.54,488.22,486.67,488.22,294.01
1784948400000,488.22,489.58,488.09,488.52,307.88
1784949300000,488.4,489.21,488.12,488.92,286.34
1784950200000,488.82,489.85,488.35,488.73,148.99
1784951100000,488.72,489.05,487.57,488.08,179.6
1784952000000,488,488.2,487.01,488.03,128.95
1784952900000,488.1,488.4,487.27,487.78,208.72
1784953800000,487.78,488.79,487.02,487.94,246.89
1784954700000,487.94,488.46,487.19,487.42,159.84
1784955600000,487.43,488.22,484.4,484.74,562.93
1784956500000,484.85,485.54,484.61,485.44,425.8
1784957400000,485.56,485.59,479.35,481.01,2398.3
1784958300000,480.83,481.33,476.16,476.98,2684.07
1784959200000,476.67,478.67,475.79,478.21,978.52
1784960100000,478.2,478.22,476,476.84,290.09
1784961000000,476.84,478.01,476.26,477.9,927.47
1784961900000,477.9,477.98,476.3,477.62,683.27
1784962800000,477.59,478.49,477.27,477.64,1334.1
1784963700000,477.61,478.39,477.02,477.64,798.64
1784964600000,477.61,478.42,477.41,477.52,291.6
1784965500000,477.51,477.8,473.74,475.26,2062.28
1784966400000,475.26,475.48,473.05,474.99,1680.91
1784967300000,474.86,475.95,474.86,475.86,1389.87
1784968200000,475.86,476.1,475.32,475.51,249.76
1784969100000,475.52,475.53,473.83,474.16,942.09
1784970000000,474.18,475.31,473.47,475.25,353.49
1784970900000,475.08,476.61,474.5,476.52,330.92
1784971800000,476.39,477.69,476.07,477.26,436.6
1784972700000,477.29,478.95,477.24,477.41,750.68
1784973600000,477.55,478.02,477.09,477.82,360.06
1784974500000,477.9,478.43,477.31,478.34,248.1
1784975400000,478.33,478.43,477.38,477.51,197.17
1784976300000,477.5,478.09,477.38,477.74,281.92
1784977200000,477.73,479.39,477,478.97,416.97
1784978100000,478.93,479.23,477.77,477.77,105.28
1784979000000,477.74,478.14,476.71,477.18,306.49
1784979900000,477.28,478.29,476.87,478.29,206.66
1784980800000,478.26,478.75,477.59,478.1,171.06
1784981700000,478.44,478.94,478.07,478.58,132.83
1784982600000,478.58,478.61,477.04,477.72,199.39
1784983500000,477.7,478.33,477.18,478.27,96.81
1784984400000,478.1,479.49,478.05,478.75,1457.67
1784985300000,478.92,478.93,477.8,478.05,93.67
1784986200000,478.08,478.81,477.49,478.77,80.23
1784987100000,478.66,478.95,476.51,476.66,585.29
1784988000000,476.67,476.72,474.98,476.31,837.38
1784988900000,476.19,476.19,475.03,475.2,665.88
1784989800000,475.15,476.2,474.76,475.79,393.35
1784990700000,475.67,476.34,474.41,476.22,1215.87
1784991600000,476.22,478.12,476.05,478,1010.99
1784992500000,477.72,483.5,477.72,479.91,2925.6
1784993400000,479.91,482.35,479.42,481.66,643.72
1784994300000,481.59,482.85,478.58,480.05,1929.22
1784995200000,480.17,481.39,479.07,479.87,5726.21
1784996100000,479.53,479.53,477.68,477.78,460.84
1784997000000,478.04,480.77,477.69,479.85,298.14
1784997900000,479.8,479.88,479.11,479.68,307.7
1784998800000,479.68,480.76,479.27,480.41,153.82
1784999700000,480.39,483.44,480.25,482.14,608.68
1785000600000,482.12,485.47,481.97,484.81,1012.93
1785001500000,484.86,485.59,484.16,484.34,1806.01
1785002400000,484.49,488.77,484.39,488.03,2633.71
1785003300000,488.02,488.64,485.74,485.99,977.74
1785004200000,485.97,487.39,485.64,485.69,730.48
1785005100000,485.68,487.6,485.68,486.49,1297.04
1785006000000,486.51,487.84,485.53,486.92,541.15
1785006900000,486.92,486.92,484.99,484.99,551.96
1785007800000,484.99,485.48,483.49,484.28,953.52
1785008700000,483.96,483.96,482.52,482.74,217.34
1785009600000,482.98,484.65,482.48,483.36,209.08
1785010500000,483.45,484.69,482.85,484.69,90.83
1785011400000,484.69,484.7,479.9,483.1,883.31
1785012300000,483.08,484.15,483.08,484.07,29.26
1785013200000,483.94,484.22,483.2,483.77,400.75
1785014100000,483.6,485.78,482.92,485.51,373.36
1785015000000,485.56,486,484.33,485.08,250.4
1785015900000,485.31,485.61,484.39,485.17,44.9
1785016800000,485.09,485.73,484.08,484.21,162.7
1785017700000,484.04,484.05,483.11,483.59,42.08
1785018600000,483.78,484.03,483.1,484.03,905.09
1785019500000,483.91,484.19,483.36,483.83,74.37
1785020400000,483.78,484.31,483.59,484.31,230.58
1785021300000,484.08,485.27,483.87,485.15,611.68
1785022200000,485.25,485.83,484.7,485.22,84.21
1785023100000,484.9,485.49,484.81,485.35,182.68
1785024000000,485.37,486.32,484.84,486.26,209.68
1785024900000,486.2,488.27,486.18,487.88,350.16
1785025800000,487.89,487.94,486.4,487.78,528.29
1785026700000,487.53,487.83,486.73,487.23,335.15
1785027600000,487.24,487.67,486.1,486.54,229.86
1785028500000,486.45,486.68,485.96,486.51,121
1785029400000,486.52,489.75,486.52,488.1,245.75
1785030300000,487.86,487.89,486.69,486.76,59.46
1785031200000,486.77,487.05,485.45,486.37,210.08
1785032100000,486.49,487.05,486.12,486.12,113.12
1785033000000,486.13,486.13,485.11,485.54,269.77
1785033900000,485.54,487.28,485.35,487.23,184.28
1785034800000,487.28,488.31,487.1,488.2,126.79
1785035700000,488.12,488.12,486.73,486.82,164.06
1785036600000,486.74,488.1,486.49,487.52,120.58
1785037500000,487.52,487.78,486.71,487.78,529.37
1785038400000,487.91,488.46,487.35,487.89,108.42
1785039300000,487.96,489.76,487.29,489.75,158.54
1785040200000,489.71,491,489.3,491,569.15
1785041100000,490.93,493,488.64,488.64,2222.14
1785042000000,488.63,489.34,488.26,489.19,189.62
1785042900000,489.18,490.18,488.62,488.63,519.74
1785043800000,488.63,489.79,487.54,489.76,566.22
1785044700000,489.75,489.89,488.43,488.46,281.17
1785045600000,488.46,489.43,487.66,487.79,225.05
1785046500000,487.76,488.31,486.32,487.93,344.76
1785047400000,487.93,491.52,487.93,489.69,288.93
1785048300000,489.68,492.53,489.63,492.22,313.49
1785049200000,492.16,492.78,491.45,491.62,513.3
1785050100000,491.51,493.47,491.4,492.11,421.96
1785051000000,492.1,492.57,491.24,491.45,181.44
1785051900000,491.39,492.14,491.01,491.36,442.7
1785052800000,491.36,491.61,490.62,491.41,502.12
1785053700000,491.49,491.73,489.88,489.89,439.79
1785054600000,490.07,490.4,489.69,490.11,148.13
1785055500000,490.17,492.69,490.14,491.86,232.36
1785056400000,491.89,494.15,491.89,493.11,262.15
1785057300000,493.1,494.77,492.94,493.03,655.8
1785058200000,493.11,493.13,491.94,491.97,70.65
1785059100000,491.97,492.22,491.43,491.94,353.39
1785060000000,491.88,493.49,491.87,492.97,302.11
1785060900000,492.93,493.13,492.32,492.72,120.23
1785061800000,492.81,493.69,492.81,493.42,165.02
1785062700000,493.45,493.58,492.04,492.58,120.25
1785063600000,492.61,493.75,492.48,492.65,188.04
1785064500000,492.71,493.56,492.71,493.55,156.67
1785065400000,493.55,494.21,493,493.03,184.26
1785066300000,493.22,493.27,492.48,492.96,519.57
1785067200000,493.13,493.78,492.36,493.39,639.3
1785068100000,493.4,494.05,492.51,493.92,320.38
1785069000000,494.14,494.85,493.58,493.96,234.45
1785069900000,493.77,493.77,492.23,492.48,1017.14
1785070800000,492.72,492.74,490,490,614.57
1785071700000,490.09,491.68,490.08,490.48,492.23
1785072600000,490.5,490.5,488.8,489.42,198.17
1785073500000,489.53,489.87,488.23,488.31,174.34
1785074400000,488.31,490.11,487.92,489.43,469.47
1785075300000,488.81,489.88,488.53,488.68,111.65
1785076200000,488.62,489.72,487.9,489,83.01
1785077100000,489.03,490.06,487.82,488.59,199.15
1785078000000,488.41,490.06,487.42,490.06,319.9
1785078900000,490.06,494.2,490.01,493.97,642.38
1785079800000,494.03,495.09,493.79,494.92,1417.73
1785080700000,494.79,495.53,493.32,494.42,1276.39
1785081600000,494.53,494.84,492.15,492.65,1666.79
1785082500000,492.82,495.49,492.67,494.85,564.93
1785083400000,494.81,497.35,494.27,495.87,1268.07
1785084300000,495.84,500.41,494.53,494.77,2975.01
1785085200000,494.77,494.77,492.12,493.44,974.08
1785086100000,493.52,493.61,492.48,492.69,433.41
1785087000000,492.81,493.06,491.61,492.84,195.81
1785087900000,492.86,493.55,492.07,492.55,733.18
1785088800000,492.57,493.23,492.11,492.2,95.28
1785089700000,492.18,492.73,491.65,491.65,511.91
1785090600000,491.68,492.17,491.61,491.83,95.41
1785091500000,491.83,493.13,491.7,491.95,192.75
1785092400000,491.95,492.17,490.8,491.12,271.5
1785093300000,491.05,492.35,491.03,491.68,135.71
1785094200000,491.68,492.28,491.26,491.49,793.31
1785095100000,491.44,491.89,491.26,491.56,263.21
1785096000000,491.65,492.46,491.27,492.4,137.3
1785096900000,492.3,492.37,491.37,491.64,48.58
1785097800000,491.46,492.8,490.96,492.75,247.97
1785098700000,492.74,493.23,492.15,492.6,641.47
1785099600000,492.59,494.36,492.54,493.01,442.43
1785100500000,493.02,495.26,493.02,494.54,1275.58
1785101400000,494.79,496.64,493.78,493.84,520.48
1785102300000,493.77,495.59,493.65,494.97,215.36
1785103200000,495.15,504.63,495.15,504.2,2884.34
1785104100000,504.16,505.51,502.75,504.54,1563.96
1785105000000,504.65,507,504.23,506.14,1105.34
1785105900000,506.12,508.33,505.25,507.71,2218.37
1785106800000,507.65,508.22,505.4,505.61,1994.22
1785107700000,505.78,506.92,504.27,506.92,1944.45
1785108600000,506.92,510.09,506.47,510,8304.65
1785109500000,510.02,510.4,507.53,508.47,2795.16
1785110400000,508.63,509.99,507.56,509.7,5402.44
1785111300000,509.7,509.85,508,508.01,2341.92
1785112200000,508,508.36,507.2,508,2812.94
1785113100000,508.21,508.95,505.25,506.58,2643.32
1785114000000,506.58,507.54,506.07,506.51,376.76
1785114900000,506.48,506.54,503.58,503.73,1906.25
1785115800000,503.66,503.88,501.22,501.88,1378.63
1785116700000,501.83,503.15,501.7,503.11,251.14
1785117600000,503.29,505.9,502.83,504.06,6283.17
1785118500000,504.05,504.05,501.07,503.37,857.06
1785119400000,503.32,506.86,502.32,506.35,1635.19
1785120300000,506.21,508.32,506,507.78,673.7
1785121200000,507.81,508.48,505.69,506.5,792.88
1785122100000,506.55,507.05,504.62,504.99,604.9
1785123000000,504.98,504.98,503.45,503.92,229.82
1785123900000,503.75,504.55,503.53,504.27,113.75
1785124800000,504.24,505.18,502.53,503.4,600.86
1785125700000,503.37,506.05,503.31,504.14,460.62
1785126600000,503.8,505.71,503.1,505.5,210.44
1785127500000,505.56,505.64,503.59,503.66,582.86
1785128400000,503.7,505.5,503.58,505.44,328.18
1785129300000,505.1,507.05,504.61,505.7,283.14
1785130200000,505.73,505.82,502.87,503.19,530.5
1785131100000,503.25,504.39,502.5,504.04,119.62
1785132000000,503.97,507.27,503.78,506.2,398.63
1785132900000,506.24,507.09,504.23,504.71,476.71
1785133800000,504.6,506.58,504.22,505.56,175.33
1785134700000,505.51,505.52,503.75,504.62,95.79
1785135600000,504.33,504.98,503.37,504.38,149.12
1785136500000,504.39,505.59,503.73,503.81,239.58
1785137400000,503.76,504.39,500.29,500.93,1087.61
1785138300000,500.93,501.38,498.78,498.78,1003.97
1785139200000,498.75,499.79,497.8,497.97,628.06
1785140100000,497.98,499.43,497.8,499.24,394.95
1785141000000,499.32,499.32,497.8,497.83,2279.23
1785141900000,497.83,498.51,497.8,498.14,379.04
1785142800000,498.23,499.03,497.8,498.1,1477.5
1785143700000,498.15,500.63,498.13,500.21,617.64
1785144600000,500.21,503.11,499.87,501.94,468.02
1785145500000,501.93,503.16,500.86,501.56,187.79
1785146400000,501.42,502.02,500.13,500.7,349.8
1785147300000,500.83,503,500.83,501.34,302.05
1785148200000,501.34,502.8,500.74,502.77,592.82
1785149100000,502.81,503.6,502.1,503.29,328.08
1785150000000,503.08,503.08,501.78,502.42,140.37
1785150900000,502.32,502.75,501.29,501.56,95.08
1785151800000,501.58,504.37,501.58,503.84,431.75
1785152700000,503.84,504.33,502.85,503.08,180.01
1785153600000,503.4,504.52,502.49,502.71,338.46
1785154500000,502.7,503.61,499.22,499.37,703.89
1785155400000,499.36,502.21,497.99,501.75,1968.58
1785156300000,501.66,504.45,501.66,502.67,1499.2
1785157200000,502.83,503.74,501.97,502.8,481.48
1785158100000,502.99,503.22,501.4,501.4,451.24
1785159000000,501.33,507.64,500.82,507.54,2408.22
1785159900000,507.38,508.95,501.75,501.84,1537.68
1785160800000,501.88,502.47,498.77,501.02,2527.77
1785161700000,501.05,501.7,492.8,492.8,2997.89
1785162600000,492.99,493.64,486.43,486.99,6780.24
1785163500000,487.29,492.87,487.04,491.29,3092.32
1785164400000,491.24,491.99,488.56,490.21,2535.82
1785165300000,490.11,491.45,487.95,489.21,3223.31
1785166200000,489.19,490.3,481.25,484.01,4236.29
1785167100000,484.27,484.7,482.92,483.62,2039.53
1785168000000,483.61,484.92,482.23,484.06,2478.7
1785168900000,484.02,487.09,482.3,485.63,1454.12
1785169800000,485.73,488.55,485.66,488.51,472.56
1785170700000,488.65,489.5,486.75,487.81,900.47
1785171600000,487.82,488.23,486.17,488.16,484.99
1785172500000,488.03,491.27,487.3,490.45,484.07
1785173400000,490.35,491.76,490.23,490.33,991.77
1785174300000,490.33,491.72,489.58,490.96,556.62
1785175200000,491.09,491.29,487.28,487.28,910.59
1785176100000,487.15,487.15,484.46,485.09,1042.55
1785177000000,484.98,485.34,481.83,483.52,2883.11
1785177900000,483.52,485.22,482.28,485.04,963.23
1785178800000,485.09,488.42,484.42,487.83,890.97
1785179700000,487.96,488.24,486.67,488.15,335.85
1785180600000,488.13,489.58,487.7,487.76,204.42
1785181500000,487.95,489.81,487.95,489.16,274.95
1785182400000,489.24,491,488.35,488.46,216.38
1785183300000,488.36,489.35,487.85,489.32,139.89
1785184200000,489.3,489.45,487.14,487.4,226.42
1785185100000,487.23,489.94,486.66,489.88,591.49
1785186000000,489.95,490.07,488.5,488.93,754.05
1785186900000,488.84,489.17,485.87,486.19,461.94
1785187800000,486.5,486.88,485.85,486.02,461.6
1785188700000,486.2,486.21,485.16,485.82,927.56
1785189600000,485.87,486,484.33,485.98,132.53
1785190500000,486.13,486.58,484.2,484.92,452.22
1785191400000,484.7,486.01,481.27,482.13,755.59
1785192300000,481.92,481.92,477.52,478.13,2067.36
1785193200000,478.13,479.02,475.89,478.15,6701.12
1785194100000,478.28,479.18,476.45,476.71,694.72
1785195000000,476.66,477.38,474.22,474.98,838.81
1785195900000,474.8,477.64,474.73,476.95,667.06
1785196800000,476.77,478.85,476.48,478.1,1948.05
1785197700000,478.36,480.31,477.83,479.35,689.18
1785198600000,479.35,479.98,477.54,477.54,1448.11
1785199500000,477.57,477.68,475.25,477.19,335.02
1785200400000,477.24,477.62,471.23,474.27,4653.22
1785201300000,474.3,474.57,472.07,474.55,1333.67
1785202200000,474.49,475.29,473.48,474.29,734.18
1785203100000,474.25,475.06,472.61,473.89,608.69
1785204000000,473.89,474.79,472.84,474.1,828.4
1785204900000,474.03,474.75,473.2,474.32,583.97
1785205800000,474.31,474.34,472.23,472.41,1144.41
1785206700000,472.46,474.62,472.28,474.07,529.86
1785207600000,474.2,474.33,473.07,473.17,524.82
1785208500000,473.06,475.17,472.55,474.51,450.58
1785209400000,474.51,476.13,473.85,476.13,568.12
1785210300000,476.21,476.41,474.62,475.5,289.7
1785211200000,475.34,476.17,475.34,475.87,593.72
1785212100000,475.94,476.29,475.24,475.44,390.54
1785213000000,475.22,475.28,472.99,473.83,846.03
1785213900000,473.75,477.74,473.74,477.18,463.36
1785214800000,477.18,479.46,476.85,478.93,1062.53
1785215700000,478.88,479.69,473.19,473.53,835.93
1785216600000,473.54,473.61,468.49,471.04,3523.96
1785217500000,471.12,471.12,468.16,468.31,2128.55
1785218400000,468.4,469.59,467.53,468.05,2439.96
1785219300000,468.1,469.13,467.07,469,1170
1785220200000,468.99,471,468.89,470.83,1706.77
1785221100000,470.76,473.59,470.66,473.54,3009.62
1785222000000,473.58,474.26,472.38,473.06,436.98
1785222900000,473.18,473.24,471.52,471.84,1143.21
1785223800000,471.84,472.35,467.41,467.6,898.1
1785224700000,467.85,469.77,467.25,469.23,1957.77
1785225600000,469.22,470.15,468.54,468.67,548.21
1785226500000,468.54,468.83,467.67,467.85,1437.3
1785227400000,467.88,468.39,467.47,468.39,663.25
1785228300000,468.39,469.29,468.18,468.77,247.85
1785229200000,468.78,469,467.47,468.17,807.99
1785230100000,468.15,469.16,467.31,469.16,286.41
1785231000000,469.23,470.23,469.04,469.2,291.66
1785231900000,469.02,469.68,467.81,468.84,180.95
1785232800000,468.84,470,468.82,469.62,347.88
1785233700000,469.76,471.02,467.98,468.61,472.9
1785234600000,468.6,469.46,468.04,468.53,545.61
1785235500000,468.86,469.25,468.05,468.16,183.01
1785236400000,468.19,468.44,463.55,464.51,4417.31
1785237300000,464.6,467.57,463.97,464.22,2155.4
1785238200000,464.18,466.1,463.81,464.62,3087.47
1785239100000,464.6,465.83,464.54,464.93,2025.98
1785240000000,464.85,466.06,462.54,465.83,4081.91
1785240900000,465.82,467.59,465.42,466.14,6992.47
1785241800000,466.24,466.8,463.96,464.45,1108.93
1785242700000,464.47,466.46,464.11,464.22,1967.62
1785243600000,464.21,465.89,463.94,464.48,703.69
1785244500000,464.53,464.54,461.97,462.08,2689.58
1785245400000,461.98,463.9,457.39,460.43,6818.72
1785246300000,460.42,462.24,458.98,459.59,2051.9
1785247200000,459.72,465.79,459.7,463.21,4932.61
1785248100000,463.25,463.76,460.87,462.49,1720.86
1785249000000,462.26,464.9,462.16,464.78,929.77
1785249900000,464.74,470.18,464.6,468.83,5753.06
1785250800000,468.95,470.61,467.61,468.86,2223.86
1785251700000,468.74,475.69,467.49,472.33,3654.29
1785252600000,472.33,477.08,471.86,475.53,2365.02
1785253500000,475.53,479.27,474.49,478.78,2942.72
1785254400000,478.8,479.02,474.55,474.73,5608.58
1785255300000,474.79,477.57,474.67,476.01,1631.47
1785256200000,475.58,476.85,474.82,475.81,1388.03
1785257100000,475.81,478,473.77,473.85,2563.86
1785258000000,473.81,473.83,471.34,471.51,2274.94
1785258900000,471.53,471.87,469,469.03,4354.93
1785259800000,469.02,469.08,463.89,464.36,6749.77
1785260700000,464.35,465.96,462.18,465.6,6337.17
1785261600000,465.79,468.5,465.5,467.95,2838.49
1785262500000,467.9,468.66,467.2,467.33,299.6
1785263400000,467.48,468.05,465.54,466.32,271.95
1785264300000,466.38,467.53,465.81,466.03,282.38
1785265200000,466.36,468.57,466.26,468.57,284.11
1785266100000,468.72,470.68,468.08,470.15,824.23
1785267000000,470.38,473.37,469.84,470.21,5334.38
1785267900000,470.31,471.57,469.46,470.11,1061.02
1785268800000,470.28,471.21,467.26,469.73,3546.99
1785269700000,469.6,470.64,469.1,469.24,862.51
1785270600000,469.52,470.09,467.9,469.26,645.86
1785271500000,469.26,470.37,469.07,469.77,257.49
1785272400000,469.76,471.26,468.72,468.72,630.63
1785273300000,468.71,470.05,468.26,469.68,1039.46
1785274200000,469.69,471.2,469.65,470.17,383.34
1785275100000,470.36,470.36,469.2,469.55,677.63
1785276000000,469.57,470.98,468.39,470.14,1306.14
1785276900000,470.4,470.74,467.66,467.66,629.88
1785277800000,467.66,467.66,464.46,464.75,2647.98
1785278700000,464.7,464.75,462.37,462.74,2233.97
1785279600000,462.69,463.69,461.49,462.58,1082.41
1785280500000,462.51,462.57,460.77,461.26,504.37
1785281400000,461.21,464.81,461,463.91,698.33
1785282300000,463.85,466.33,463.48,465.64,521
1785283200000,465.62,469.46,465.38,468.15,1610.35
1785284100000,468.14,469.61,467.63,468.51,659.43
1785285000000,468.27,469.45,465.75,469.07,1358.44
1785285900000,469.1,470.4,466.02,466.02,974.21
1785286800000,465.89,467.18,463.57,463.86,876.16
1785287700000,463.82,465.4,462.86,463.77,1015.13
1785288600000,463.44,463.44,461.01,461.73,559.78
1785289500000,461.72,462.45,458,458.33,4143.56
1785290400000,458.36,461.36,457.58,460.32,4035.36
1785291300000,460.26,462.97,458.61,462.95,1371.54
1785292200000,462.96,465.53,462.67,464.83,3132.41
1785293100000,464.81,464.81,461.6,461.6,1143.28
1785294000000,461.69,462.06,460.17,460.25,937.12
1785294900000,460.28,460.85,458.29,458.29,766.77
1785295800000,458.29,458.29,455.25,455.9,3334.83
1785296700000,456.09,456.33,453.18,453.83,3659.09
1785297600000,453.88,456.68,451.3,456.2,6304.01
1785298500000,456.2,457.55,454.36,456.84,986.74
1785299400000,456.82,461.65,456.31,458.58,7266.2
1785300300000,458.58,460.83,458.18,460.83,1091.32
1785301200000,460.7,463.51,460.41,463.51,1304.46
1785302100000,463.44,463.78,461.67,463.51,857.2
1785303000000,463.17,466.55,462.42,464.9,1716.75
1785303900000,465.02,465.83,464.15,464.96,1314.12
1785304800000,464.94,465.73,462.73,465.6,1701.16
1785305700000,465.62,467.39,464.49,467.33,3131.57
1785306600000,467.37,469.16,467.07,468.82,2861.8
1785307500000,468.74,468.74,466.97,467.17,2919.31
1785308400000,467.26,467.93,465.42,465.91,1597.68
1785309300000,465.92,465.99,463.89,464.93,1096.3
1785310200000,464.95,468.64,464.37,466.41,1376.45
1785311100000,466.38,466.91,465.42,466.58,950.63
1785312000000,466.57,466.79,462.5,462.56,1225.85
1785312900000,462.53,462.71,460.79,461.35,1799.51
1785313800000,461.29,462.93,461.01,462.47,2238.36
1785314700000,462.4,463.81,460.84,460.99,1160.42
1785315600000,460.91,462.52,460.9,461.4,1632.74
1785316500000,461.4,461.79,460.56,460.85,1645.67
1785317400000,460.87,461.68,459.67,460.61,1452.09
1785318300000,460.6,462.16,458.9,461.64,1468.34
1785319200000,461.64,462.9,460.65,460.67,1331.93
1785320100000,460.76,461.04,458.96,459.06,1301.45
1785321000000,459.02,459.58,457.99,458.94,2252.94
1785321900000,458.9,459,456.13,458.16,1884.08
1785322800000,458.13,459.45,457.3,459.07,1483
1785323700000,459.05,459.39,457.51,457.99,589.02
1785324600000,457.89,459.53,457.42,459.32,464.93
1785325500000,459.38,460.91,459.19,459.88,923.67
1785326400000,459.88,460.11,458.54,458.89,475.87
1785327300000,458.68,462.08,457.22,459.72,1030.76
1785328200000,459.72,461.69,459.24,460.7,782.63
1785329100000,460.8,461.07,459.53,459.59,654.38
1785330000000,459.59,460.67,458.95,460.6,309.75
1785330900000,460.63,464.41,459.29,463.94,1174.2
1785331800000,463.93,468,463.21,467.81,2755.01
1785332700000,467.75,467.82,463.1,466.02,1429.28
1785333600000,466.1,467.24,462.52,462.88,991.8
1785334500000,462.93,465.58,461.25,462.51,1447.64
1785335400000,462.39,464.37,461.69,462.87,838.97
1785336300000,462.75,464.14,459.97,460.6,437.4
1785337200000,460.61,463.09,460.45,462.9,545.21
1785338100000,462.68,463.47,461.23,461.79,1201.45
1785339000000,461.93,464.74,460.97,461.75,2459.36
1785339900000,461.45,463.91,461.41,463.91,697.3
1785340800000,463.68,464.07,462.05,463.36,638.54
1785341700000,463.2,466.38,461.75,465.45,1585.8
1785342600000,465.51,466.08,461.32,462.48,411.08
1785343500000,462.64,463.91,461.41,463.25,717.23
1785344400000,463.46,465.22,463.31,465.22,861.28
1785345300000,465.23,465.37,463.98,464.17,243.97
1785346200000,464.19,465.23,462.8,465.18,1024.07
1785347100000,465.04,468.02,464.85,467.83,2094.9
1785348000000,467.77,474.84,467.75,468.95,8720.35
1785348900000,469.06,469.19,464.84,465.95,1851.12
1785349800000,465.91,468.13,462.74,468.13,2718.78
1785350700000,467.94,469.36,466.85,467.78,5279.61
1785351600000,467.78,468.02,465.02,466.05,2472.63
1785352500000,466.18,466.96,462.04,463.07,1205.75
1785353400000,463.19,463.36,460.23,461.68,975.03
1785354300000,461.66,461.93,458.2,459.24,3227.64
1785355200000,459.24,461.85,458.15,461.48,2470
1785356100000,461.47,463.93,459.29,460.2,3568.58
1785357000000,460.27,464.25,459.73,462.39,2262.57
1785357900000,462.5,462.6,458.2,458.4,1232.42
1785358800000,458.2,459.33,456.42,458.36,1033.86
1785359700000,458.47,460.37,457.7,460.37,697.43
1785360600000,460.28,461.45,459.25,459.44,267.62
1785361500000,459.44,462.31,459.19,462.02,373.57
1785362400000,461.97,466.39,461.89,465.63,748.4
1785363300000,465.45,469.36,465.45,469.3,2084.92
1785364200000,469.25,469.36,466.82,467.97,1554.91
1785365100000,468.2,468.57,466.77,467.24,604.33
1785366000000,467.29,467.72,466.38,467.26,319.98
1785366900000,467.34,469.36,467.29,468.98,1086.93
1785367800000,468.93,469.09,467.88,468.89,375.26
1785368700000,468.88,469.28,467.08,467.55,345.61
1785369600000,467.32,468.81,466.91,467.49,1232.49
1785370500000,467.34,467.81,465.95,466.86,1477.29
1785371400000,466.9,466.9,464.04,464.19,1971.9
1785372300000,464.17,465.31,463.61,465.27,2231.33
1785373200000,465.3,468.53,464.89,465.22,2206.91
1785374100000,465.2,468.09,464.84,467.84,3490.55
1785375000000,467.9,469.36,467.06,467.25,3875.79
1785375900000,467.25,470,466.66,468.67,1750.74
1785376800000,468.68,471.86,468.68,470.31,1151.45
1785377700000,470.44,472.91,469.76,471.3,996.89
1785378600000,471.4,473.12,469.72,472.6,408.61
1785379500000,472.55,473,470.17,470.35,453.37
1785380400000,470.45,471.94,467.36,469.02,2893
1785381300000,469,472.7,468.64,472.7,1410.87
1785382200000,472.59,472.83,470.49,472.53,946.11
1785383100000,472.6,474.4,471.81,472.16,1232.54
1785384000000,472.26,473.1,470.79,471.3,764.07
1785384900000,471.5,472.06,470.03,471.05,224.14
1785385800000,471.18,472.66,470.51,470.9,472.95
1785386700000,471.19,471.59,470.16,470.82,287.88
1785387600000,470.9,472.32,470.55,471.21,459.19
1785388500000,471.17,472.72,471.14,472.12,531.7
1785389400000,472.2,476.17,472.2,475.81,1253.64
1785390300000,475.84,478,475.22,476.84,2054.6
1785391200000,476.73,477.5,474.47,475.11,1070.2
1785392100000,474.86,475.11,473.5,474.47,634.06
1785393000000,474.31,475.3,473.62,473.89,504.79
1785393900000,473.89,474.63,472.81,472.9,713.68
1785394800000,472.86,475.98,472.7,474.04,1674.15
1785395700000,474.05,474.13,471.86,472.93,570.97
1785396600000,472.97,475.69,471.31,474.92,1983.04
1785397500000,474.95,475.43,473.06,473.31,692.99
1785398400000,473.42,475.71,473.32,475,425.34
1785399300000,474.79,477.19,474.69,476.17,783.53
1785400200000,476.14,476.66,475.12,475.42,499.66
1785401100000,475.38,476.06,475.3,475.78,528.9
1785402000000,475.77,477,475.58,476.84,952.5
1785402900000,476.81,477.14,475.83,476.08,1143.67
1785403800000,476.14,477.52,475.67,476.59,535.57
1785404700000,476.66,477.53,475.71,476.36,286.74
1785405600000,476.31,478.11,476.19,477.54,935.48
1785406500000,477.52,478.5,477.03,477.03,552.74
1785407400000,477.08,477.12,474.31,474.75,1186.91
1785408300000,474.82,474.99,472.47,473.33,350.15
1785409200000,473.3,475.79,472.81,474.73,394.79
1785410100000,474.67,476.07,473.72,474.01,410.42
1785411000000,474.01,476.13,474.01,475.31,726.49
1785411900000,475.33,477.75,475.07,476.65,1060.66
1785412800000,476.66,478.5,476.66,477.72,2712.47
1785413700000,477.73,477.78,476.12,476.6,383.05
1785414600000,476.94,477.31,474.89,475.26,956.93
1785415500000,475.26,475.82,474.92,475.12,651.45
1785416400000,475.12,476.49,474.66,475.82,1396.96
1785417300000,475.82,476.66,475.19,475.82,430.18
1785418200000,475.79,476.68,472.93,476.6,1572.77
1785419100000,476.27,479,475.09,475.09,1273.29
1785420000000,475.06,475.74,473.19,473.55,1787.98
1785420900000,473.47,476.04,471.55,475.12,898.4
1785421800000,474.86,476.04,473.51,475.67,659.55
1785422700000,475.6,475.65,472.61,474.25,721.25
1785423600000,474.22,476.09,473.55,475.93,555.86
1785424500000,475.86,476.97,474.45,474.66,339.4
1785425400000,474.52,475.69,473.75,475.64,407.1
1785426300000,475.64,477.33,474.44,476.45,1097.29
1785427200000,476.56,477.52,475.33,475.94,318.74
1785428100000,476.05,476.59,474.28,474.86,737.39
1785429000000,474.95,475.09,473.03,473.31,1164.85
1785429900000,473.37,474.81,473.06,474.19,521
1785430800000,474.01,474.07,471.24,471.84,2841.94
1785431700000,471.83,473.75,471.8,473.58,447.01
1785432600000,473.51,474.67,472.16,474.29,953.81
1785433500000,474.14,475.69,474.04,474.86,293.97
1785434400000,474.86,475.04,472.66,472.78,214.65
1785435300000,472.76,474.14,472.64,473.89,183.77
1785436200000,473.8,473.8,471.98,472.87,546
1785437100000,472.78,472.89,471.69,472.43,249.76
1785438000000,472.37,473.9,472.02,473.14,212.02
1785438900000,473.15,475,472.64,474.72,383.62
1785439800000,474.7,475.08,472.76,473.29,832.55
1785440700000,473.34,474.61,472.7,474.34,1733.64
1785441600000,474.28,476.02,473.6,473.94,538.12
1785442500000,473.79,474.82,473.1,473.3,319.31
1785443400000,473.3,474.2,472.91,472.93,568.72
1785444300000,473.2,473.87,472.5,472.5,592.2
1785445200000,472.45,473.01,472,472.65,714
1785446100000,472.64,473.16,471.8,471.8,470.53
1785447000000,471.84,472.59,471.52,471.52,361.8
1785447900000,471.52,472.38,471.02,472.02,381.02
1785448800000,471.98,474.31,470.86,472.61,453.18
1785449700000,472.59,473.28,471.69,473.18,422.58
1785450600000,473.21,473.74,472.2,472.91,165.28
1785451500000,473.02,474.53,472.43,473.3,402.99
1785452400000,473.19,474.12,472.73,473.83,244.36
1785453300000,473.75,473.88,472.44,472.93,442.89
1785454200000,472.67,475.29,471.5,471.66,989.56
1785455100000,471.82,471.98,470.04,470.06,644.06
1785456000000,470.1,471.71,468.72,470.57,665.29
1785456900000,470.41,471.34,469.84,471.34,265.65
1785457800000,471.22,471.8,470.02,471.38,423.77
1785458700000,471.53,472.24,471.12,471.8,316.37
1785459600000,471.87,477.52,471.87,475.88,2445.87
1785460500000,475.86,476.99,473.88,476.34,764.85
1785461400000,475.94,476.06,470.04,470.32,1764.38
1785462300000,470.32,470.43,466.25,466.6,2568.92
1785463200000,466.44,467.97,464.21,464.22,2340.93
1785464100000,464.15,464.49,462.12,462.12,3338.58
1785465000000,462.12,463.24,460.53,460.91,3335.21
1785465900000,460.99,462.54,460.36,462.16,582.66
1785466800000,462.16,462.16,460.33,460.51,515.02
1785467700000,460.64,463.18,460.41,462,394.09
1785468600000,461.95,462.28,460.89,461.82,315.47
1785469500000,461.77,461.77,460.33,460.33,714.75
1785470400000,460.33,460.89,458.79,458.96,1081.6
1785471300000,459.04,459.34,456.78,459.32,1260.72
1785472200000,458.97,458.99,455.69,457.91,648.02
1785473100000,457.84,458.74,457.27,458.74,1399.87
1785474000000,458.75,461.84,458.47,460.98,3166.18
1785474900000,461.05,461.55,459.88,460.06,1992.45
1785475800000,459.93,460.59,459.06,459.1,577.43
1785476700000,459.34,463.74,459.03,461.85,1409.22
1785477600000,461.72,462.41,461.45,461.66,407.85
1785478500000,461.65,463.38,461.09,463.37,302.53
1785479400000,463.16,463.16,459.19,459.22,2859.19
1785480300000,459.28,461.25,459.01,460.52,751.65
1785481200000,460.44,460.44,457.37,457.58,1481.3
1785482100000,457.6,458.43,456.68,457.33,771.82
1785483000000,457.14,458.26,456.82,457.58,737.9
1785483900000,457.71,459.28,457.7,458.56,468.25
1785484800000,458.68,459.56,457.26,458.18,1704.04
1785485700000,458.15,460.42,458,460.23,770.84
1785486600000,460.03,460.46,458.3,458.53,158.19
1785487500000,458.58,459.77,458.58,459.63,225.34
1785488400000,459.84,460.08,457.64,457.75,766.21
1785489300000,457.79,457.83,456.07,457.26,485.27
1785490200000,457.14,458.02,456.79,457.14,318.09
1785491100000,457.12,457.32,455.5,456.42,420.98
1785492000000,456.38,459.46,456.12,458.98,1055.38
1785492900000,458.89,461.03,458.7,461.03,583.27
1785493800000,461.07,461.31,459.97,460.37,486.7
1785494700000,460.26,461.08,459.34,459.39,937.37
1785495600000,459.45,461.93,459.4,460.55,501.07
1785496500000,460.55,461.34,459.53,460.72,93.31
1785497400000,460.64,460.64,459.59,460.25,236.64
1785498300000,460.25,460.76,459.64,460.12,332.53
1785499200000,460.11,460.12,457.73,457.73,582.75
1785500100000,457.62,459.58,457.62,459.29,333.53
1785501000000,459.11,459.11,457.17,457.77,292.95
1785501900000,457.5,458.35,457.41,458.15,180.66
1785502800000,458.33,459.49,458.07,459.49,130.56
1785503700000,459.53,460.69,459.25,460.68,423.62
1785504600000,460.59,461.41,458.56,459.04,564.48
1785505500000,459.05,459.8,457.02,457.48,2228.64
1785506400000,457.49,459.82,452.15,458.16,5425.14
1785507300000,458.17,458.46,455.43,455.69,1620.95
1785508200000,455.69,456.2,452.97,453.97,1661.53
1785509100000,453.96,457.75,453.64,453.92,1340.69
1785510000000,453.83,456.49,452.43,454.51,1254.14
1785510900000,454.6,457.05,453.98,456.93,1657.55
1785511800000,456.54,457.2,453.75,455.69,734.7
1785512700000,455.64,455.84,453.93,454.26,518.36
1785513600000,454.28,458.33,453.9,457.13,874.51
1785514500000,456.8,459,455.84,458.27,4313.16
1785515400000,458.41,460.73,458.41,459.08,3039.11
1785516300000,459.19,460.04,458.09,458.9,2581.97
1785517200000,458.82,460.84,458.65,460.31,773.25
1785518100000,460.33,460.96,459.38,460.96,803.21
1785519000000,460.91,461.8,460.61,460.94,270.69
1785519900000,460.95,462.02,460.69,461.89,719.48
1785520800000,461.89,463.16,460.62,460.91,189.4
1785521700000,461.01,461.01,458.33,458.33,334.52
1785522600000,458.34,459,457.14,458.08,668.28
1785523500000,458.01,459.41,458,458.56,203.58
1785524400000,458.59,459.68,457.68,458.49,113.82
1785525300000,458.49,458.88,457.88,458.75,81.52
1785526200000,458.55,458.55,456.23,457.06,1687.6
1785527100000,457.01,458.21,456.63,456.77,392.42
1785528000000,456.85,457.98,456.55,457.02,480.92
1785528900000,457.03,457.9,456.88,457.52,204.82
1785529800000,457.28,458.93,456.9,457.55,851.89
1785530700000,457.55,458.03,456.33,456.46,219.67
1785531600000,456.46,456.79,455.25,456.35,836.55
1785532500000,456.35,456.4,454.53,454.78,237.62
1785533400000,454.77,455.26,453.48,455.26,716.95
1785534300000,455.26,455.67,454.01,454.64,142.61
1785535200000,454.64,456.08,453.99,455.57,221.59
1785536100000,455.43,456.43,455.43,456.26,288.87
1785537000000,456.1,456.69,455.7,456.18,221.24
1785537900000,456.12,456.22,455.28,455.62,73.64
1785538800000,455.48,457.6,455.47,456.45,337.45
1785539700000,456.44,458.53,456.37,458.5,174.23
1785540600000,458.5,458.89,457.7,458.02,159.65
1785541500000,457.91,457.91,456.79,457.47,87.87
1785542400000,457.61,459.81,457.61,459.3,238.94
1785543300000,459.27,460.45,459.27,459.94,628.29
1785544200000,459.82,460.09,459.13,459.59,262.64
1785545100000,459.65,461.14,458.55,459.26,582.43
1785546000000,459.26,459.7,458.29,459.18,655.35
1785546900000,459.33,460.01,458.63,458.77,211.4
1785547800000,458.72,459.51,458.05,459.28,325.02
1785548700000,459.3,460.89,459.24,460.89,219.03
1785549600000,460.91,461.82,460.6,460.64,236.91
1785550500000,460.56,460.79,459.86,460.38,525.99
1785551400000,460.42,460.59,459.82,460.16,234.85
1785552300000,460.09,461.1,459.85,460.68,187.6
1785553200000,460.66,460.94,459.54,459.54,205.86
1785554100000,459.56,460.47,459.24,460.32,268
1785555000000,460.32,461.17,460.1,460.32,155.69
1785555900000,460.29,464.44,460.09,463.95,783.83
1785556800000,464.03,466.4,464.03,466.06,604.01
1785557700000,465.93,468.6,463.32,464.38,852.12
1785558600000,464.48,465.13,463.89,464.4,196.37
1785559500000,464.35,464.74,463.81,464.55,227.07
1785560400000,464.57,465.57,464.35,464.6,157.73
1785561300000,464.58,464.84,463.23,463.4,351.93
1785562200000,463.41,466.13,462.53,462.7,493.45
1785563100000,462.89,463.14,462.19,463.14,103.25
1785564000000,463.27,464.06,463.08,463.82,68.77
1785564900000,463.9,464.47,463.56,464.01,158.1
1785565800000,463.96,464.48,462.77,463.08,317.84
1785566700000,463.32,464.44,463.27,463.9,93.43
1785567600000,463.89,465.47,463.89,464.56,165.83
1785568500000,464.67,464.74,463.58,464.35,94.68
1785569400000,464.41,465.12,463.84,463.88,78.01
1785570300000,463.92,465.14,463.75,465.07,86.74
1785571200000,465.11,465.86,464.59,464.66,658.31
1785572100000,464.62,465.5,464.23,465.19,66.9
1785573000000,465.36,466.59,465.22,466.59,183.68
1785573900000,466.59,467.38,465.78,465.78,216.9
1785574800000,465.7,467.04,465.63,465.93,154.17
1785575700000,465.89,467.47,465.53,466.9,165.82
1785576600000,466.82,466.82,464.81,464.94,112.87
1785577500000,465,465.26,463.62,463.62,109.89
1785578400000,463.88,464.07,461.88,464.02,150.91
1785579300000,463.77,464.49,463.03,463.08,105.83
1785580200000,463.29,463.98,462.77,463.3,184.43
1785581100000,463.41,463.98,463,463.63,368.4
1785582000000,463.65,464.84,463.11,464.84,95
1785582900000,464.93,464.93,463.89,463.89,92.2
1785583800000,463.93,464.03,463,463.58,61.53
1785584700000,463.6,464.88,463.6,464.88,279.67
1785585600000,464.9,466.14,464.9,466.13,673.2
1785586500000,466.13,466.82,465.76,466.28,480.73
1785587400000,465.99,465.99,464.86,465.3,175.58
1785588300000,465.15,465.58,464.55,464.6,385.48
1785589200000,464.76,467.18,464.35,466.52,507.98
1785590100000,466.49,467.77,465.7,466.43,391.86
1785591000000,466.36,467.23,465.86,466.74,204.32
1785591900000,466.71,467.36,466.31,466.85,520.45
1785592800000,467.09,467.71,466.59,466.6,292.83
1785593700000,466.59,467.93,466.02,467.85,491.27
1785594600000,467.84,469.22,467.61,468.76,1127.87
1785595500000,468.57,471.82,468.31,470.33,2909.67
1785596400000,470.45,471.76,469.25,471.44,1314.17
1785597300000,471.41,471.58,469.66,470.29,695.88
1785598200000,470.26,470.84,468.94,470.18,228.74
1785599100000,470.18,471.27,469.87,469.95,511.05
1785600000000,469.91,470.74,469.05,469.27,350.54
1785600900000,469.23,470.61,468.88,470.34,102.19
1785601800000,470.51,473.41,470.51,473.01,1850.6
1785602700000,473.01,473.45,470.89,471.9,624.69
1785603600000,471.89,472.06,469.3,469.35,816.32
1785604500000,469.37,470.21,468.29,468.94,755.09
1785605400000,469.06,469.43,467.14,467.44,1792.45
1785606300000,467.43,467.43,465.33,466.1,3317.6
1785607200000,466.11,466.19,462.67,462.97,3100.09
1785608100000,462.88,463,461.33,462.87,2979.82
1785609000000,462.87,463.18,458.04,460.97,4864.5
1785609900000,460.98,463.43,458.69,463.43,2284.55
1785610800000,463.43,465.6,463.09,463.72,2784.05
1785611700000,463.61,465.43,462.41,464.15,566.35
1785612600000,464.16,465.1,462.64,462.71,405.47
1785613500000,462.71,464.04,462.33,463.09,89.49
1785614400000,463.08,463.43,462.41,463.31,268.48
1785615300000,463.37,464.76,462.38,462.65,586.36
1785616200000,462.39,462.59,461.2,461.69,397.16
1785617100000,461.61,462.25,461.39,461.89,97.87
1785618000000,462.04,464.3,461.98,463.07,723.61
1785618900000,463.07,463.58,460.29,461.29,327.31
1785619800000,461.2,462.39,461.2,461.58,83.01
1785620700000,461.65,463.31,461.65,463.29,133.46
1785621600000,463.37,463.6,462.46,462.5,347.51
1785622500000,462.74,463.19,462.09,462.95,129.46
1785623400000,462.96,463,461.76,461.76,395.6
1785624300000,461.98,462.32,461.34,461.4,63.31
1785625200000,461.3,462.14,461.3,461.8,32.86
1785626100000,461.79,461.93,461.13,461.7,60.16
1785627000000,461.8,462.64,461.2,461.81,144.2
1785627900000,461.93,462.04,461.28,461.51,50.75
1785628800000,461.4,465.82,461.39,465.23,492.35
1785629700000,465.14,465.48,463.79,463.84,356.53
1785630600000,463.84,464.06,462.49,463.63,853.76
1785631500000,463.67,464.36,463.09,463.44,156.89
1785632400000,463.66,468.36,463.43,468.2,922.02
1785633300000,468.09,469.18,466.92,467.4,405.76
1785634200000,467.47,467.7,466.6,467.47,429.14
1785635100000,467.47,468.46,467.39,467.57,1077.56
1785636000000,467.72,472,466.95,471.83,1213.01
1785636900000,471.9,475.83,471.55,472.45,4792.69
1785637800000,472.59,474.21,471.62,471.62,1298.54
1785638700000,471.93,474.07,471.77,473.29,932.71
1785639600000,473.41,474.17,472.92,473.85,1013.96
1785640500000,473.78,473.78,471.62,471.85,1832.21
1785641400000,471.91,474.49,471.51,474.49,851.85
1785642300000,474.49,474.49,472.68,473.2,266.75
1785643200000,473.34,473.97,472.56,472.78,177.22
1785644100000,472.7,477.19,472.12,475.54,2334.01
1785645000000,475.69,477.05,474.58,474.58,419.25
1785645900000,474.6,475.47,474.42,475.18,1879.04
1785646800000,474.97,475.85,474.62,474.82,687.9
1785647700000,474.81,475,474.35,474.8,212.86
1785648600000,474.9,475.56,473.21,473.39,483.71
1785649500000,473.52,474.65,473.36,473.91,240.32
1785650400000,473.96,474.26,473.42,473.55,223.31
1785651300000,473.42,474.64,472.82,474.41,218
1785652200000,474.2,474.46,472.92,473.71,176.89
1785653100000,473.71,473.75,472.82,472.84,64.82
1785654000000,472.87,475.56,472.86,475.33,952.55
1785654900000,475.1,475.57,474.2,474.76,1283.57
1785655800000,474.74,474.76,472.28,473.04,2569.64
1785656700000,472.94,473.13,471,471.53,2607.46
1785657600000,471.59,473.64,471.25,473.32,3662.83
1785658500000,473.39,474.68,473.29,474.67,1284.21
1785659400000,474.68,474.76,472.84,473.68,563.45
1785660300000,473.68,474.85,473.21,473.63,988.32
1785661200000,473.51,475.55,472.53,475.18,1294.41
1785662100000,475.07,475.08,473.97,474.07,334.18
1785663000000,473.96,475.6,473.96,474.86,174.32
1785663900000,474.59,475.05,474.14,474.58,251.72
1785664800000,474.44,476.24,474.44,475,648
1785665700000,474.87,475.57,473.12,473.91,170.16
1785666600000,473.92,475.84,473.79,474.85,117.33
1785667500000,474.96,475.22,473.92,473.99,107.21
1785668400000,474.03,474.31,473.21,473.84,81.48
1785669300000,473.65,474.2,473.01,473.11,1094.7
1785670200000,473.12,473.12,469.66,469.82,1157.06
1785671100000,469.79,471.41,469.63,470.27,721.19
1785672000000,470.28,471.44,470.28,470.93,203.65
1785672900000,470.92,472.5,470.41,472.23,418.3
1785673800000,472.32,473.88,472.26,473.77,314.68
1785674700000,473.87,474.81,473.55,474.23,266.83
1785675600000,474.12,475,473.2,473.31,325.96
1785676500000,473.24,473.36,472.38,472.78,277.99
1785677400000,472.64,473.16,471.54,472.81,354.52
1785678300000,472.78,473.35,472.19,472.21,344.22
1785679200000,472.23,472.38,471.59,472.02,344.83
1785680100000,471.89,472.3,471.64,471.93,129.99
1785681000000,471.94,472.72,471.61,472.29,93.56
1785681900000,472.23,472.7,470.92,471.15,418.3
1785682800000,471.38,472.65,471,472.62,282.66
1785683700000,472.63,472.69,471.41,471.97,52.52
1785684600000,472.15,473.2,472.02,472.12,145.75
1785685500000,472.09,472.26,471,471.4,383.86
1785686400000,471.4,471.4,469.54,469.82,675.44
1785687300000,469.82,471.48,469.82,471.3,1023.2
1785688200000,471.31,473.45,471.18,473.29,605.02
1785689100000,473.36,473.36,470.76,470.8,452.55
1785690000000,470.8,471.24,470.24,470.95,379.82
1785690900000,470.94,472.02,470.44,470.95,80.43
1785691800000,471.26,472.07,471.1,471.51,300.58
1785692700000,471.62,471.92,470.99,471.2,123.84
1785693600000,470.92,472.04,470.92,471.67,451.06
1785694500000,471.66,472.55,471.29,472.39,264.41
1785695400000,472.42,476.47,472.19,474.49,776.25
1785696300000,474.53,474.8,473.64,474.72,993.11
1785697200000,474.73,475.2,473.87,474.79,537.73
1785698100000,474.8,476.31,474.73,476.22,808.47
1785699000000,476.23,482.14,476.21,480.88,4253.17
1785699900000,480.9,487.12,480.71,485.01,2919.49
1785700800000,485.05,489,485.05,487.08,1721.29
1785701700000,487.12,490,486.18,489.46,1474.44
1785702600000,489.53,492.93,487.97,488.45,1787.78
1785703500000,488.45,491.85,487.86,490.66,1959.37
1785704400000,490.72,493.16,489.88,492.04,4469.61
1785705300000,492.02,493.35,489.7,493.11,3457.15
1785706200000,492.94,495.81,491.23,494.09,986.75
1785707100000,494.09,495.38,490.81,491.81,1143.48
1785708000000,491.88,495.03,491.47,493.49,3786.19
1785708900000,493.36,494.11,490.95,491.19,834.7
1785709800000,491.24,491.42,486.39,488.53,2145.03
1785710700000,488.61,489.28,487.02,488.69,1133.56
1785711600000,488.59,489.3,487.37,488.66,1464.6
1785712500000,488.54,490.46,487.98,489.55,1440.26
1785713400000,489.21,490,487.56,487.57,2002.2
1785714300000,487.49,489.85,486.99,489.81,625.34
1785715200000,489.56,489.93,483.4,483.57,1018.55
1785716100000,483.49,484.28,482.29,482.8,1198.23
1785717000000,482.79,483.56,482.28,482.85,437.45
1785717900000,482.78,485.44,482.67,485.37,306.86
1785718800000,485.3,485.3,478.92,479.72,1521.49
1785719700000,479.74,480.37,478.58,478.8,632.72
1785720600000,478.8,480.48,478.76,480.05,590.68
1785721500000,480.06,480.72,479.01,479.64,467.86
1785722400000,479.62,480.1,477.74,478.1,2307.78
1785723300000,478.15,479.41,476.66,477.55,1919.88
1785724200000,477.44,478.62,476.63,477.19,772.69
1785725100000,477.2,477.46,475.8,477.18,866.64
1785726000000,477.13,477.92,476.08,476.67,266.1
1785726900000,476.68,478.03,476.21,477.19,934.97
1785727800000,477.19,477.99,476.18,477.13,451.6
1785728700000,477.14,477.27,474.74,475.73,1076.93
1785729600000,475.68,477.37,474.68,475.69,1085.16
1785730500000,475.62,477.66,475.29,477.01,418.53
1785731400000,477.07,478.03,476.96,477.12,361.04
1785732300000,477.15,478.08,476.17,476.2,705.13
1785733200000,476.48,477.74,476.01,477.74,287.48
1785734100000,477.74,478.45,476.34,476.35,1090.62
1785735000000,476.3,476.77,475.49,475.92,364.34
1785735900000,475.86,476.93,475.74,476.93,418.46
1785736800000,477.01,477.01,476.01,476.08,245.38
1785737700000,476,476.19,472.12,473.15,2392.16
1785738600000,473.09,473.87,472.92,473.39,464.59
1785739500000,473.07,474.56,472.59,472.8,445.46
1785740400000,472.95,473.21,471.7,471.81,780.68
1785741300000,471.7,472.97,471.51,472.69,362.41
1785742200000,472.69,474.09,471.69,471.81,502.67
1785743100000,471.88,472.4,471.17,471.54,797.53
1785744000000,471.55,473.34,471.11,472.93,1070.03
1785744900000,472.84,473.19,471.27,472.88,374.96
1785745800000,472.53,474.55,472.51,474.34,373.25
1785746700000,474.18,474.44,471.77,473.91,2328.33
1785747600000,473.76,476,473.48,475.48,1441.66
1785748500000,475.31,475.41,474.33,474.54,271.27
1785749400000,474.57,476.09,474.41,475.2,598.28
1785750300000,475.24,476.96,475.23,476.64,415.96
1785751200000,476.55,477.46,475.61,477.07,244.16
1785752100000,477.08,480.63,477.08,480.22,663.61
1785753000000,480.04,480.63,478.79,480,1195.49
1785753900000,480.01,481.68,478.42,481.49,1408.75
1785754800000,481.49,481.6,477.83,478.05,767.89
1785755700000,478.06,480.15,478.06,478.75,303.77
1785756600000,478.77,483.24,478.7,483.12,627.06
1785757500000,483.12,483.38,480.98,481.98,832.64
1785758400000,481.97,483.9,481.62,483.59,1244
1785759300000,483.55,485.54,482.91,483.59,640.22
1785760200000,483.6,485.05,482.96,484.6,1126.59
1785761100000,484.97,485.42,483.37,483.86,568.36
1785762000000,483.74,484.73,482.85,483.72,973.98
1785762900000,483.72,487.48,482.82,483.49,1860.12
1785763800000,483.29,486.88,482.04,486.75,653.92
1785764700000,486.74,493.98,485.88,492.92,5007.2
1785765600000,492.95,493.74,488.2,489.29,2133.35
1785766500000,489.29,494.7,488.2,494.2,2327.67
1785767400000,494.18,494.43,490.63,491.55,1437.04
1785768300000,491.78,491.94,490.36,491.62,731.93
1785769200000,491.72,491.8,488.14,489.45,2184.16
1785770100000,489.4,490.29,488.26,489.22,318.75
1785771000000,489.32,490.22,487.96,488.1,1063.69
1785771900000,488.13,489.21,487.77,488.4,684.36
1785772800000,488.4,489.39,487.75,488.52,543.23
1785773700000,488.57,489.89,488.35,489.89,614.21
1785774600000,489.79,491.82,488.79,491.77,1383.1
1785775500000,491.71,493.21,490.63,491.15,294.69
1785776400000,491.22,492.72,490.67,491.86,1379.57
1785777300000,492.17,492.2,489.54,490.01,345.26
1785778200000,490.02,490.51,489.41,490.43,1339.42
1785779100000,490.45,491.59,490.34,491.03,1089.13
1785780000000,491.1,491.4,490.17,490.91,179.41
1785780900000,490.63,491.22,488.92,489.51,1768.34
1785781800000,489.54,490.14,488.57,488.97,1335.15
1785782700000,488.88,489.31,487.14,487.28,323.88
1785783600000,487.5,488.18,485.26,486.9,1369.95
1785784500000,486.78,487.29,485.81,486.56,594.33
1785785400000,486.47,488.35,486.19,486.31,1244.89
1785786300000,486.31,487.18,485.62,485.63,138.4
1785787200000,485.63,486.73,485.12,486.18,443.33
1785788100000,486.36,488.52,486.28,486.28,369.71
1785789000000,486.32,487.08,485.94,486.8,134.58
1785789900000,486.93,486.93,484.38,484.9,1447.23
1785790800000,484.9,485.36,483.85,483.99,1507.74
1785791700000,483.96,484.47,483.7,484.4,366.62
1785792600000,484.4,484.61,483.66,484.15,890.56
1785793500000,483.83,484.29,483.35,483.73,356.46
1785794400000,483.78,484.22,482.23,482.94,1037.47
1785795300000,483.01,484.99,482.22,482.51,691.53
1785796200000,482.26,482.26,480.26,480.28,2007.51
1785797100000,480.27,481.83,479.7,481.44,1165.09
1785798000000,481.4,481.4,479.63,480.61,369.18
1785798900000,480.4,481.37,480.4,481,497.96
1785799800000,480.9,482.5,479.5,482.03,767.58
1785800700000,481.9,483.82,481.9,483.29,810.27
1785801600000,483.03,484.5,482.96,483.02,971.86
1785802500000,483.02,483.41,481.02,482.03,2763.1
1785803400000,482.03,482.03,479.46,480.62,1338.93
1785804300000,480.49,481.42,478.78,479.4,1501.43
1785805200000,479.68,480.25,478.65,478.87,442.81
1785806100000,478.78,480.22,478.4,479.3,783.5
1785807000000,479.33,483.75,479.04,483.11,986.36
1785807900000,483.18,484,481.98,483.7,839.8
1785808800000,483.68,485.77,483.06,484.59,2219.25
1785809700000,484.67,484.7,482.65,483.5,721.87
1785810600000,483.43,486.68,483.22,485.92,899.41
1785811500000,486,486.06,483.64,485.15,651.74
1785812400000,485.14,485.4,481.71,481.99,399.01
1785813300000,481.98,483.39,481.27,483.29,268.74
1785814200000,483.45,485.63,483.45,484.46,403.3
1785815100000,484.47,487.08,484.16,484.85,651.33
1785816000000,485.06,485.46,484.38,484.91,252.43
1785816900000,484.88,486.54,484.23,484.95,1889.21
1785817800000,484.96,489.57,484.96,487.42,3109.91
1785818700000,487.41,487.71,486.22,486.83,1224.78
1785819600000,486.96,488.77,486.25,487.51,616.61
1785820500000,487.71,488.35,487.46,487.89,660.9
1785821400000,487.85,489.45,487.74,489.22,352.84
1785822300000,489.04,489.57,488.26,488.98,759.01
1785823200000,489.15,489.54,488.32,488.56,393.16
1785824100000,488.56,488.88,486.03,486.03,852.09
1785825000000,486.19,486.83,484.81,485.3,2065.97
1785825900000,485.29,485.52,484.63,485.51,1235.42
1785826800000,485.44,485.8,485.24,485.25,770.76
1785827700000,485.11,486.91,484.3,486.8,674.64
1785828600000,486.86,489.16,486.85,488.67,422.5
1785829500000,488.77,488.98,487.52,487.52,225.72
1785830400000,487.53,488.77,486.37,486.68,212.06
1785831300000,486.77,487.41,486.4,486.69,143.26
1785832200000,486.55,486.74,485.96,486.74,228.55
1785833100000,486.92,486.92,485.57,486.82,127.14
1785834000000,486.92,487.85,486.4,486.58,140.66
1785834900000,486.73,486.83,485.1,486.82,137.12
1785835800000,486.82,487.24,485.99,486.22,92.94
1785836700000,486.25,486.71,485.43,485.95,158.07
1785837600000,486.04,486.11,485.07,485.44,201.66
1785838500000,485.3,486.69,484.84,485.54,267.64
1785839400000,485.47,487.7,484.91,487.45,206.77
1785840300000,487.42,489.68,486.92,488.91,242.57
1785841200000,488.98,489.38,488.26,488.81,245.65
1785842100000,489.05,489.5,488.32,488.69,168.29
1785843000000,488.59,489.14,486.44,489.01,162.53
1785843900000,489,489.52,488.06,488.71,543.28
1785844800000,488.67,488.67,487.08,487.45,1249.67
1785845700000,487.4,487.4,486.1,486.2,1086.47
1785846600000,486.2,488.32,486.08,487.77,367.63
1785847500000,487.77,487.86,486.69,486.99,196.29
1785848400000,486.97,487.29,486.13,486.93,807.37
1785849300000,486.93,488.34,486.07,486.07,431
1785850200000,486.2,487.6,485.22,485.94,591.33
1785851100000,485.91,487.19,484.35,486.58,588.75
1785852000000,486.63,487.4,485.44,487.28,186.73
1785852900000,487.17,489.21,486.09,488.12,941.54
1785853800000,488.21,492.4,487.72,491.89,1264.37
1785854700000,491.89,493.04,490.67,492.35,1698.99
1785855600000,492.35,494.34,491.84,492.33,1243.53
1785856500000,492.14,492.44,490.67,490.93,387.46
1785857400000,491.03,491.83,489.25,491.69,1477.62
1785858300000,491.6,499.87,491.43,498.5,6753.17
1785859200000,498.63,499.76,495.17,495.52,4741.63
1785860100000,495.52,496.99,494.63,494.81,2336.29
1785861000000,494.72,495.58,493.1,493.84,1522.74
1785861900000,493.75,494.92,493.16,494.19,548.41
1785862800000,494.15,499.67,494,499.09,1726.16
1785863700000,499.07,503,498.11,499.68,7455.63
1785864600000,499.57,501.2,498.67,499.79,781.69
1785865500000,499.85,500.92,498.91,499.96,738.05
1785866400000,499.84,503.74,499.66,502.85,3091.39
1785867300000,502.97,504.02,500.65,503.85,5797.06
1785868200000,503.82,506.28,503.63,506.21,7842.81
1785869100000,506.21,508.86,505.01,505.47,4306.91
1785870000000,505.63,508.42,504.99,506.86,1119.97
1785870900000,506.84,508.03,504.82,505.82,1483.34
1785871800000,505.88,507.78,505.01,507.45,1008.36
1785872700000,507.5,508.96,506.12,507.25,1533.42
1785873600000,507.37,507.66,502.82,504.49,1590.3
1785874500000,504.53,504.53,502.32,504.2,1893.73
1785875400000,504.07,507.27,502.74,507.11,2216.35
1785876300000,507.15,507.27,506.01,506.06,2122.25
1785877200000,506.06,506.25,504.7,504.88,1134.42
1785878100000,504.91,507.02,504.49,505.31,768.19
1785879000000,505.27,505.35,502.6,503.1,2010.73
1785879900000,503.14,503.74,502.8,502.84,115.92
1785880800000,502.84,503.51,501.71,503.47,596.87
1785881700000,503.5,506.3,502.3,505.58,4005.06
1785882600000,505.59,508,505.54,507.84,1741.5
1785883500000,507.87,511.27,507.76,509.38,5889.99
1785884400000,509.39,509.67,506.83,507.33,1285.55
1785885300000,507.33,508.01,506.01,506.8,769.5
1785886200000,506.71,507.47,505.35,505.52,855.63
1785887100000,505.48,506.52,505.28,506.44,367.27
1785888000000,506.29,506.52,503.09,503.96,971.26
1785888900000,503.91,505.08,503.19,504.22,864.76
1785889800000,504.11,505.33,503.32,503.84,1036.16
1785890700000,503.52,504.28,503,504.01,435.47
1785891600000,503.92,506.48,503.33,504.84,472.71
1785892500000,504.82,508.2,504.09,506.97,1005.94
1785893400000,507.15,510.72,506.86,509.16,648.04
1785894300000,509.21,511.78,508.85,511.7,572.02
1785895200000,511.75,516.16,511.36,514.62,4301.07
1785896100000,514.64,518.34,514.32,517.06,2830.95
1785897000000,517.09,517.62,513.33,514.15,1844.98
1785897900000,514.16,515.69,513.67,514.5,1013.36
1785898800000,514.56,515.63,513.31,514.58,1208.61
1785899700000,514.38,515.87,509.22,510.26,3110.6
1785900600000,510.1,511.37,510.1,511.19,1771.94
1785901500000,511.2,513.37,510.37,512.68,832.83
1785902400000,512.99,513.72,511.68,513.21,479.66
1785903300000,513.1,513.93,511.52,511.6,552.07
1785904200000,511.65,513.56,511.34,513.55,262.31
1785905100000,513.51,514.12,511.95,512.85,528.48
1785906000000,512.81,517.12,512.53,516.97,471.94
1785906900000,517.18,518,516.71,517.77,470.44
1785907800000,517.56,519.27,517.02,517.31,694.41
1785908700000,517.22,519.72,517.12,518.61,2578.65
1785909600000,518.66,519,517.83,518.7,1421.37
1785910500000,518.48,520.76,516.25,517.64,4814.62
1785911400000,517.65,519.01,516.18,518.79,395.05
1785912300000,518.79,520.52,518.58,519.48,625.34
1785913200000,519.56,520.1,517.76,517.85,667.21
1785914100000,517.86,517.86,515.11,515.47,1326.18
1785915000000,515.51,517.97,515.09,516.76,1000.74
1785915900000,516.77,517.49,515.74,517.49,982.1
1785916800000,517.53,517.71,516.47,516.78,538.56
1785917700000,516.79,520.14,516.49,519.46,777.32
1785918600000,519.46,519.46,516.81,517.2,649.7
1785919500000,517.31,518.15,516.42,517.49,532.86
1785920400000,517.59,518.87,516.86,517.56,1543.05
1785921300000,517.66,518.72,516.53,516.53,684.64
1785922200000,516.52,517.57,516.05,516.39,771.54
1785923100000,516.43,517.21,516.15,516.32,716.27
1785924000000,516.25,518.09,515.55,516.26,1638.46
1785924900000,516.13,518.85,515.75,518.07,564.46
1785925800000,518.25,519.06,517.86,518.67,341.99
1785926700000,518.79,518.8,515.47,515.63,1006.52
1785927600000,515.66,515.71,514.12,514.77,1372.94
1785928500000,514.79,515.25,513.66,515.23,835.91
1785929400000,514.9,517.64,514.9,516.58,514.82
1785930300000,516.38,517.44,516.22,517.44,281.26
1785931200000,517.6,519,516.43,518.27,501.64
1785932100000,518.21,524.82,517.68,523.61,4013.84
1785933000000,523.96,525.94,523.14,523.91,2254.5
1785933900000,523.73,524.24,521.23,522.42,2127.64
1785934800000,522.43,523.1,520.56,521.06,2162.83
1785935700000,521.07,522.38,520.6,520.77,745.67
1785936600000,520.6,521.33,513.97,518.32,5794.69
1785937500000,518.55,519.8,516.43,519.66,2313.42
1785938400000,519.49,524.01,518.35,523.13,2230.62
1785939300000,523.19,523.71,518.64,518.65,1157.06
1785940200000,518.66,518.68,516.03,517.79,1546.92
1785941100000,517.79,519.83,517.44,518.09,1116.82
1785942000000,518.4,521.04,518.29,519.36,816.06
1785942900000,519.29,520.39,517.71,520.14,1460.66
1785943800000,520.19,521.6,518.19,518.38,767.11
1785944700000,518.47,518.65,515.78,516.08,1327.06
1785945600000,516.04,519.62,516.04,519.62,1079.69
1785946500000,519.55,521.54,519.33,521.34,1065.26
1785947400000,521.03,523.3,520.49,521.76,1129.35
1785948300000,521.77,521.99,519.14,521.4,2039.79
1785949200000,521.52,523.96,521.21,522.41,2018.75
1785950100000,522.31,522.48,520.32,521.25,1943.18
1785951000000,521.33,522.46,519.96,521.29,937.19
1785951900000,521.13,521.79,518.31,518.31,1049.06
1785952800000,518.59,520.56,518.44,520.52,1598.37
1785953700000,520.47,521.12,518.88,519.02,305.28
1785954600000,519.02,520.06,518.27,520.06,468.9
1785955500000,520.08,520.84,518.91,520.08,200.52
1785956400000,520.13,522.38,520.13,521.69,842.7
1785957300000,521.55,521.6,517.46,517.54,2082.29
1785958200000,517.75,518.6,515.81,517.94,2721.62
1785959100000,517.85,518.2,516.93,517.36,448.26
1785960000000,517.34,519.82,516.26,519.82,1016.2
1785960900000,519.9,520.27,517.76,520.2,1157.95
1785961800000,520.21,521.85,520.2,520.61,1388.6
1785962700000,520.77,520.84,518.12,518.14,964.39
1785963600000,518.17,518.24,515.8,516.52,3228.7
1785964500000,516.59,517.84,516.59,516.74,393.34
1785965400000,516.83,517.66,516.51,516.59,355.48
1785966300000,516.66,518.7,516.62,518.01,301.73
1785967200000,517.98,518.67,516.89,517.35,128.13
1785968100000,517.22,517.75,516.2,516.9,169.23
1785969000000,516.91,516.94,515.13,515.33,474.54
1785969900000,515.42,516.77,515.36,515.44,1594.37
1785970800000,515.42,516.61,514.28,516.46,3020.57
1785971700000,516.2,516.53,514.8,514.85,355.69
1785972600000,514.77,515.7,513.77,513.87,339.06
1785973500000,513.8,513.8,511.11,512.57,1930.96
1785974400000,512.13,512.54,511.06,511.44,380.9
1785975300000,511.39,512.62,511,511.28,482.34
1785976200000,511.43,511.43,507.06,507.57,1481.66
1785977100000,507.5,510.87,507.18,510.24,1321.74
1785978000000,510.24,510.5,508.01,508.07,339.51
1785978900000,508.07,509.04,505.9,506.79,1460.21
1785979800000,506.64,508.96,506.39,508.14,731.76
1785980700000,508.09,509.99,507.68,507.68,280.73
1785981600000,507.63,508.69,506.88,507.05,535.71
1785982500000,507,507.46,506.16,506.6,1096.77
1785983400000,506.26,508.5,506.15,508.26,961.63
1785984300000,508.19,509.05,506.5,508.35,1737.07
1785985200000,508.25,508.31,506.56,507.08,197.24
1785986100000,506.95,509,506.74,508.62,670.48
1785987000000,508.87,508.94,507.4,507.54,619.41
1785987900000,507.56,509.49,507.56,509.35,1046.11
1785988800000,509.15,509.27,508.08,509.02,480.18
1785989700000,509.09,511.43,509.09,510.6,942.14
1785990600000,510.5,514.82,510.5,512.57,585.32
1785991500000,512.34,512.39,511.34,512.34,451.34
1785992400000,512.27,513.82,511.56,511.56,243.92
1785993300000,511.73,512.35,510.49,511.31,878.33
1785994200000,511.12,511.17,509.49,510.11,285.58
1785995100000,510.19,510.46,508.71,509.51,145.12
1785996000000,509.34,509.43,507.03,507.13,1371.22
1785996900000,507.36,508.58,506.65,508.17,1280.45
1785997800000,508.14,509.3,507.69,508.91,330.64
1785998700000,508.94,509.34,507.96,508.39,548.18
1785999600000,508.42,508.42,507.22,507.69,280.7
1786000500000,507.65,509.86,507.37,509.21,1056.4
1786001400000,509.16,510.41,508.23,508.54,513.99
1786002300000,508.41,509.4,508.18,508.21,300.83
1786003200000,508.24,508.25,504.68,505.12,3561.38
1786004100000,504.97,506.17,503.44,505.52,1339.98
1786005000000,505.37,506.49,504.83,505.92,424.26
1786005900000,505.89,507.44,505.79,506.73,254.92
1786006800000,506.72,507,503.37,503.78,1251.66
1786007700000,503.86,505.27,503.5,504.09,1206.91
1786008600000,504.06,504.06,501.43,501.91,1193.32
1786009500000,501.88,503.94,501.57,503.59,240.84
1786010400000,503.61,503.79,501.84,501.93,271.18
1786011300000,501.97,502.51,501.5,502.2,818.63
1786012200000,502.11,502.45,498.4,499.1,3199.83
1786013100000,499.09,499.95,494.53,495.01,4859.63
1786014000000,495.24,495.38,491.9,492.61,5259.53
1786014900000,492.79,494.8,492.42,493.64,2005.08
1786015800000,493.68,495.68,493.68,494.94,3073.79
1786016700000,494.94,496.02,494.25,494.77,635.85
1786017600000,494.77,494.87,492.42,492.64,1047.02
1786018500000,492.78,494.21,492.73,493.25,888.93
1786019400000,493.38,494,489.62,491.63,3030.17
1786020300000,491.62,492.58,491.05,492.27,1499.99
1786021200000,492.2,492.2,488.69,489.83,1521.88
1786022100000,489.7,490.83,489.3,490.83,925.26
1786023000000,490.73,494.97,490.2,493.96,2116.98
1786023900000,493.97,495.22,492.83,493.18,1932.77
1786024800000,493.09,493.92,490.79,490.91,563.27
1786025700000,491.01,495.56,490.52,493.64,1994.15
1786026600000,493.53,495.38,492.07,494.81,1204.07
1786027500000,495,495.38,493.75,495.03,915.13
1786028400000,495.04,498.61,494.78,497.65,2764.47
1786029300000,497.73,498.34,495.75,497.02,2019.12
1786030200000,497.03,497.8,494.27,495.24,1134.83
1786031100000,495.34,496.43,492.11,492.46,2350.99
1786032000000,492.61,494.21,492.55,493.53,1401.45
1786032900000,493.37,494.72,492.34,493.3,1966.63
1786033800000,493.3,494.84,492.2,494.07,462.78
1786034700000,494.18,495.91,493.08,495.75,692.48
1786035600000,495.91,496.79,495.29,495.49,876.49
1786036500000,495.62,498.23,495.21,496.87,2822.09
1786037400000,496.82,497.88,496.18,496.18,1194.24
1786038300000,496.22,497.16,495.53,497.16,496.37
1786039200000,497.15,497.16,494.16,495.68,2368.78
1786040100000,495.7,497.36,495.54,497.27,300.92
1786041000000,497.41,497.41,495.61,496.08,286.11
1786041900000,495.86,496.28,494.68,495.4,588.54
1786042800000,495.3,497.16,495.05,496.53,401.56
1786043700000,496.49,496.59,493.7,493.87,447.62
1786044600000,493.84,494.14,492,492.86,2112.71
1786045500000,492.97,494.45,492.67,492.93,359.94
1786046400000,493.04,495.04,492.84,494.78,715.36
1786047300000,494.73,495.43,493.57,494.01,788.9
1786048200000,493.93,495,493.32,494.47,214.17
1786049100000,494.47,494.51,493.44,493.5,328.55
1786050000000,493.85,495,493.85,494.78,569.56
1786050900000,494.82,495.11,493.96,494.93,255.57
1786051800000,495.05,496.5,495.05,495.55,288.86
1786052700000,495.53,496.26,494.89,495.24,412.69
1786053600000,495.47,495.98,494.46,495.08,833.06
1786054500000,495.08,496.2,494.93,495.67,471.16
1786055400000,495.71,497.23,494.92,495.17,363.26
1786056300000,495.18,495.8,494.77,495.63,790.49
1786057200000,495.37,496.48,495.21,495.66,750.8
1786058100000,495.67,495.8,493.83,495.47,1148.46
1786059000000,495.32,496.4,495.23,496.26,276.99
1786059900000,496.49,502.99,496.39,502.5,2679.88
1786060800000,502.49,505.27,501.95,502.93,1600.89
1786061700000,503,504.29,499.64,504.29,931.46
1786062600000,504.3,504.7,502.59,504.07,542.05
1786063500000,504.06,506.6,503.72,505.92,842.38
1786064400000,505.99,507.56,503.77,504.61,1911.23
1786065300000,504.62,504.75,503.17,504.6,416.31
1786066200000,504.56,505.73,503.84,504.73,734.33
1786067100000,504.59,506.86,504.48,506.11,475.81
1786068000000,505.7,507.61,502.88,505.13,1164.4
1786068900000,505.04,507.3,501.51,503.27,1188.57
1786069800000,503.3,505.14,503.18,504.81,309.53
1786070700000,504.6,505.98,504.6,505.2,202.89
1786071600000,505.45,506.27,504.11,505.35,145.88
1786072500000,505.34,505.39,503.49,504.17,427.46
1786073400000,504.19,504.75,503.79,503.95,286.35
1786074300000,504.09,504.19,503.38,504.1,106.36
1786075200000,504.11,505.49,503.88,504.83,169.48
1786076100000,505.09,505.42,504.06,504.53,68.66
1786077000000,504.38,505.11,503.51,504.33,122.12
1786077900000,504.19,504.37,501.81,503.71,902.7
1786078800000,503.62,505.15,502.06,502.24,1357.79
1786079700000,502.28,502.34,498.63,498.63,2173.55
1786080600000,498.73,500.23,498.21,499.86,1651.35
1786081500000,499.78,504.29,499.29,503.65,1737.5
1786082400000,503.69,504.94,501.89,504.76,1554.63
1786083300000,504.9,505.77,504.04,504.35,1082.91
1786084200000,504.28,504.64,502.41,502.58,400.1
1786085100000,502.68,502.68,500.88,501.49,300.32
1786086000000,501.57,503.6,500.41,502.48,1104.33
1786086900000,502.47,502.62,501.6,502.32,204.13
1786087800000,502.29,502.88,501.9,502,146.11
1786088700000,502.09,502.88,502.07,502.19,61.77
1786089600000,502.23,504.83,502.23,504.59,1987.96
1786090500000,504.63,505.24,503.28,504.22,482.74
1786091400000,504.25,505.6,504.17,505.19,573.92
1786092300000,505.38,505.6,504.94,505.3,384.18
1786093200000,505.33,507.09,504.87,505.23,813.48
1786094100000,505.17,505.94,503.89,504.29,450.88
1786095000000,504.22,511.15,504.06,508.63,3000.34
1786095900000,508.79,511.54,508.52,511.5,634.79
1786096800000,511.51,513,509.48,509.48,1018.99
1786097700000,509.62,510.31,507.79,509.37,293.62
1786098600000,509.43,509.63,508.18,508.34,77.06
1786099500000,508.5,509.56,508.32,508.87,593.91
1786100400000,508.67,512.8,508.67,512.23,3300.46
1786101300000,512.5,512.99,510.66,510.69,1424.54
1786102200000,510.78,511.45,509.42,509.86,745.07
1786103100000,509.71,513.03,508.44,511.66,1634.8
1786104000000,511.9,515.02,511.52,512.31,1292.35
1786104900000,512.34,512.8,510.36,510.85,576.11
1786105800000,511.09,514.17,507.91,509.6,2155.03
1786106700000,509.55,512.47,508.89,511.57,531.67
1786107600000,511.55,511.66,509.75,510.57,329.25
1786108500000,510.52,512.22,510.51,512.22,690.83
1786109400000,511.83,513.16,510.68,511.83,579.3
1786110300000,512,512.29,510.09,510.39,2084.91
1786111200000,510.46,510.56,506.6,506.77,2735.6
1786112100000,506.77,510.33,506.57,510.18,1221.12
1786113000000,510.18,511.24,509.11,510.15,1120.82
1786113900000,510.02,510.42,507.87,509.11,895.59
1786114800000,509.19,509.48,507.29,508.29,767.94
1786115700000,508.18,509.36,507.61,509.29,714.14
1786116600000,509.22,512.83,509.15,511.97,2180.77
1786117500000,511.91,512.72,511.65,512.05,696.76
1786118400000,512.09,516.81,512.09,516.48,1583.52
1786119300000,516.34,517.14,512.17,512.23,1433.99
1786120200000,512.29,514.6,511.99,513.62,1305.46
1786121100000,513.55,515.41,513.55,514.35,458.75
1786122000000,514.3,514.76,509.52,509.67,2460.36
1786122900000,509.68,511.5,509.03,511.01,1076.39
1786123800000,510.91,512.57,510.2,511.55,638.99
1786124700000,511.56,511.84,509.51,511.75,610.13
1786125600000,511.75,513.42,511.67,512.85,764.84
1786126500000,513.05,513.05,510.85,511.32,339.24
1786127400000,511.32,511.83,508.93,509.94,1168.06
1786128300000,509.93,510.31,509.27,509.8,111.29
1786129200000,509.8,512.62,509.57,512.62,453.02
1786130100000,512.65,514.85,512.65,514.61,1109.46
1786131000000,514.6,515.2,513.39,514.01,535.53
1786131900000,513.87,514.77,513.26,513.95,1216.29
1786132800000,513.92,513.92,512.51,513.24,365.71
1786133700000,513.27,513.3,511.9,512.06,803.52
1786134600000,512.05,512.31,510.7,511.12,521.1
1786135500000,511.14,511.57,510.85,511.41,260.91
1786136400000,511.34,512.14,510.84,511.7,400.05
1786137300000,511.67,511.79,510.31,511.59,624.3
1786138200000,511.63,512.53,511.14,511.38,397.84
1786139100000,511.38,511.94,509.26,510.42,942.39
1786140000000,510.33,511.17,509.01,511.17,421.11
1786140900000,511.18,511.19,509.1,509.4,731.94
1786141800000,509.39,509.78,507.47,508.23,1693.06
1786142700000,508.07,509.7,507.99,509.33,638.37
1786143600000,509.44,510.37,509.25,510.34,159.06
1786144500000,510.24,510.44,509.15,509.15,120.92
1786145400000,509.03,512.83,508.79,511.82,381.53
1786146300000,511.82,512.7,511.25,511.34,142.84
1786147200000,511.25,511.54,509.53,510.18,244.28
1786148100000,510.23,510.26,508.26,508.45,257.69
1786149000000,508.44,508.93,508.17,508.5,98.26
1786149900000,508.48,508.48,506.83,506.94,224.74
1786150800000,506.82,507.94,505.89,507.84,731.56
1786151700000,507.78,508.86,507.67,508.38,422.17
1786152600000,508.39,508.66,507.62,507.88,1380.57
1786153500000,507.9,507.9,506.91,506.97,435.3
1786154400000,506.96,507.67,506.16,506.16,243.41
1786155300000,506.3,506.35,504.53,505.32,1046.19
1786156200000,505.32,506.32,505.07,506.32,608.5
1786157100000,506.24,506.88,505.76,506.77,84.99
1786158000000,506.8,507.79,506.67,507.51,289.73
1786158900000,507.5,509.6,507.5,509.54,195.35
1786159800000,509.5,510.18,508.6,508.65,976.48
1786160700000,508.62,509.9,508.6,509.71,50.96
1786161600000,509.72,510.54,507.76,507.94,469.37
1786162500000,507.89,508.39,507.55,508.1,66.65
1786163400000,508.12,509.81,508.01,509.72,110.59
1786164300000,509.72,509.72,508,508.03,76.13
1786165200000,508.03,508.28,507.48,507.82,324.26
1786166100000,507.93,508.42,507.48,508.35,62.9
1786167000000,508.21,508.36,507.5,507.56,42.23
1786167900000,507.55,507.7,506.5,507.24,848.21
1786168800000,507.14,507.61,506.85,507.02,122.59
1786169700000,506.86,507.21,505.35,505.93,676.87
1786170600000,505.92,505.92,504.81,505.46,1187.65
1786171500000,505.49,505.71,504.85,505.43,222.34
1786172400000,505.43,506.69,505.14,505.59,352.07
1786173300000,505.57,505.66,504.35,504.39,285.55
1786174200000,504.51,505.8,504.45,504.97,154.63
1786175100000,505.15,505.48,503.49,504.54,214.68
1786176000000,504.25,505.16,504.1,505.15,162.28
1786176900000,505.08,505.75,504.87,505.72,679.18
1786177800000,505.71,506.44,505.57,506.1,157.05
1786178700000,506.18,506.76,505.39,506.76,139.14
1786179600000,506.65,507.62,506.44,507.03,522.95
1786180500000,507.19,507.5,506.76,506.85,393.56
1786181400000,506.88,507.73,506.23,506.4,148.01
1786182300000,506.23,506.46,505.55,505.91,169.06
1786183200000,505.94,507.53,505.94,507.08,202.88
1786184100000,507.17,508.55,507.15,507.98,605.39
1786185000000,507.93,508.51,507.24,507.52,272.54
1786185900000,507.55,507.58,505.44,505.44,330.58
1786186800000,505.36,505.88,503.28,503.57,638.7
1786187700000,503.41,503.41,499.14,499.97,3266.13
1786188600000,499.86,500.13,497.87,498.02,1171.83
1786189500000,497.89,499.83,497.87,498.36,2395.57
1786190400000,498.32,500.99,497.73,500.53,5855.15
1786191300000,500.65,501.75,499.32,500.23,4946.31
1786192200000,500.31,501.28,497.66,500.06,6420.13
1786193100000,500.09,500.57,499.8,500.29,352.81
1786194000000,500.29,502.58,500.27,501.95,531.41
1786194900000,501.81,502,500.03,501.99,994.19
1786195800000,501.88,502.85,501.69,502.63,819.8
1786196700000,502.85,503.2,502.17,502.4,168.09
1786197600000,502.36,502.65,501.7,502.65,179.96
1786198500000,502.65,504.6,502.23,503.36,226.78
1786199400000,503.35,504.17,501.94,502.18,217.14
1786200300000,502.19,505.21,502.19,505.19,432.37
1786201200000,505.33,506.55,504.9,504.91,1051.76
1786202100000,504.91,505.25,503.91,504.55,539.37
1786203000000,504.57,505.36,503.83,505.36,137.25
1786203900000,505.36,505.9,504.2,505.3,185.2
1786204800000,505.22,506.02,504.47,505.08,285.82
1786205700000,505,505.51,503.87,504.17,285.02
1786206600000,503.95,505.55,503.85,505.4,203.71
1786207500000,505.37,507.96,505.37,507.76,1223.34
1786208400000,507.91,508.04,506.53,506.99,437.53
1786209300000,506.94,507.42,506.09,506.43,246.17
1786210200000,506.43,507.64,506.17,507.18,687.01
1786211100000,507.14,507.38,506.59,507.1,405.42
1786212000000,507.04,507.11,505.41,505.62,309.76
1786212900000,505.62,505.65,504.38,504.68,246.45
1786213800000,504.61,505.2,503.99,505.01,663.18
1786214700000,505.01,505.66,504.9,505.57,73.25
1786215600000,505.56,507,505.2,507,134.93
1786216500000,507,511.78,507,509.32,2467.43
1786217400000,509.28,510.32,509.28,509.55,1188.46
1786218300000,509.55,510.51,509.46,510.07,173.7
1786219200000,510.14,510.8,509.97,510.29,2590.47
1786220100000,510.28,510.67,509.84,510.01,2045.17
1786221000000,510.02,512,509.98,511.03,2837.23
1786221900000,511,511,509.41,509.99,321.5
1786222800000,510,510.61,509.78,509.78,431.72
1786223700000,509.73,510.04,507.76,508.18,239.76
1786224600000,508.25,510.26,508.25,509.79,208.47
1786225500000,509.8,510.74,509.41,510.42,386.09
1786226400000,510.49,511.34,509.58,509.58,181.44
1786227300000,509.4,510.04,508.41,508.58,163.36
1786228200000,508.7,508.88,507.87,508.27,196.65
1786229100000,508.15,508.15,506.71,506.86,1493.97
1786230000000,506.86,507.6,506.57,506.84,242.48
1786230900000,506.98,508.54,506.67,507.73,311.39
1786231800000,507.65,507.97,507.29,507.59,12.25
1786232700000,507.86,508.35,507.63,508.07,24.9
1786233600000,507.9,508.56,507.67,508.33,211.96
1786234500000,508.23,509,506.61,507.29,208.16
1786235400000,507.29,507.5,505.14,505.9,392.13
1786236300000,505.91,508.5,505.77,508.38,1023.04
1786237200000,508.27,509.97,508.24,508.86,471.08
1786238100000,508.85,509.65,507.64,508.4,2171.54
1786239000000,508.16,511.48,507.96,511.23,3232.87
1786239900000,511.23,515.12,511.19,513.18,1935.64
1786240800000,513.23,515.04,512.43,514.89,537.2
1786241700000,514.88,514.88,513.7,513.7,981.18
1786242600000,513.68,513.68,511.8,511.8,617.4
1786243500000,511.81,512.8,511.79,512.18,242.07
1786244400000,512.04,512.04,510.82,511.01,669.52
1786245300000,510.97,512.7,510.79,511.95,292.95
1786246200000,511.92,512.76,511.47,511.77,277.39
1786247100000,511.7,512.85,510.26,511.12,456.71
1786248000000,511.15,512.5,511.15,511.83,165.04
1786248900000,511.74,513.62,511.74,513.35,474.32
1786249800000,513.41,513.53,511.82,512.26,732.59
1786250700000,512.16,513,512.06,512.54,524.2
1786251600000,512.5,512.64,511.49,511.97,455.57
1786252500000,512.02,512.33,509.92,510.1,319.16
1786253400000,510.01,510.39,509.43,509.68,212.93
1786254300000,509.58,510.29,508.98,510.28,344.3
1786255200000,509.97,510.1,508.83,509.25,331.19
1786256100000,509.24,510.76,509.14,510.68,81.28
1786257000000,510.37,511.23,510,510.18,173.76
1786257900000,510.18,510.84,509.55,509.92,683.69
1786258800000,509.84,513,509.84,512.14,332.62
1786259700000,512.17,513.51,512.14,512.44,698.58
1786260600000,512.39,513.18,512.19,512.49,129.73
1786261500000,512.72,512.95,511.95,512.78,410.6
1786262400000,512.78,513.48,511.36,511.74,1032.8
1786263300000,511.53,514,511.14,513.97,466.24
1786264200000,514,514.4,511.84,512.03,1309.7
1786265100000,512.08,513.21,511.66,512.76,280.61
1786266000000,512.85,521.1,512.85,518.63,2334.96
1786266900000,518.52,519.99,516.11,516.16,904.07
1786267800000,516.09,518.72,515.23,518.53,1420.45
1786268700000,518.63,521.85,518.13,521.28,1652.17
1786269600000,521.32,528.62,521.32,526.26,3690.19
1786270500000,526.43,527.4,523.76,524.8,1954.62
1786271400000,524.79,526.41,524.76,526.19,455.16
1786272300000,526.39,527.16,524.81,525.11,208.37
1786273200000,525.11,525.65,523.47,524.54,460.66
1786274100000,524.6,525.15,523.08,523.84,313.85
1786275000000,523.9,525.1,522.88,524.19,219.79
1786275900000,524.32,524.66,522.94,524.4,212.77
1786276800000,524.39,524.78,520.67,521.36,364.01
1786277700000,521.33,523.25,521.12,522.05,359.57
1786278600000,522.05,523.76,521.69,523.46,398.34
1786279500000,523.46,523.88,522.2,522.2,157.88
1786280400000,522.41,525.7,521.91,524.47,451.46
1786281300000,524.68,527.06,524.5,526.62,1746.12
1786282200000,526.45,526.7,525.07,525.36,813.52
1786283100000,525.37,525.58,523.02,523.37,246.69
1786284000000,523.39,524.77,523.1,524.19,467.74
1786284900000,524.3,524.45,523.27,523.64,760.35
1786285800000,523.73,524.74,523.03,523.43,617.38
1786286700000,523.43,524.1,523.07,523.85,173.13
1786287600000,523.81,523.9,522.83,523.11,417.69
1786288500000,523.18,523.31,521.6,522.03,760.88
1786289400000,522.03,522.64,521.33,522.53,526.72
1786290300000,522.53,523.67,522.22,523.17,446.79
1786291200000,523.28,523.64,518.54,518.59,1185.79
1786292100000,518.7,519.45,515.82,516.26,2354.58
1786293000000,516.29,518.8,516.27,518.27,632.68
1786293900000,518.39,518.82,517.9,518.42,331.16
1786294800000,518.41,518.66,517.88,518.44,125.06
1786295700000,518.41,518.59,514.52,515.46,872.59
1786296600000,515.7,516.91,515.51,516.7,259.65
1786297500000,516.69,516.69,513.8,514.98,988.41
1786298400000,514.83,515.4,514.44,515.36,392.89
1786299300000,515.39,516.07,515.03,515.99,147.22
1786300200000,515.98,516.06,514.35,514.96,428.55
1786301100000,514.95,515.9,514.79,515.14,971.36
1786302000000,515.15,515.72,514.99,515.62,113
1786302900000,515.63,516.15,515.5,515.52,256.14
1786303800000,515.51,516.23,515.03,515.72,646.48
1786304700000,515.72,516.21,515,515.49,1049.08
1786305600000,515.46,516.14,514.99,515.02,2927.5
1786306500000,515.02,515.45,514.99,515.45,98.18
1786307400000,515.41,516.32,515.38,515.74,98.55
1786308300000,515.7,516.57,515.6,516.46,100.52
1786309200000,516.47,517.48,516.31,517.15,615.75
1786310100000,517.17,517.89,516.21,517.4,977.75
1786311000000,517.4,518.11,517.1,517.97,369.28
1786311900000,517.97,519.95,517.49,519.09,620.3
1786312800000,519.3,520.93,518.3,520.3,594.15
1786313700000,520.4,520.52,518.11,518.29,789.41
1786314600000,518.44,518.52,514.66,515.12,1674.77
1786315500000,515.1,515.1,512.24,513.62,583.72
1786316400000,513.37,514.65,512.83,512.97,719.96
1786317300000,512.78,513.11,511.5,511.88,1265.52
1786318200000,511.59,511.82,509.81,511.11,2352.72
1786319100000,511.06,511.65,509.78,509.98,315
1786320000000,509.98,516.18,509.11,514.02,1607.54
1786320900000,514.09,515.23,511.86,512.19,860.85
1786321800000,512.06,512.6,508.17,508.55,2515.87
1786322700000,508.55,511.49,507.55,508.07,2249.39
1786323600000,508.07,509.35,506,508.3,3075.21
1786324500000,508.29,511.02,508.17,509.55,1060.33
1786325400000,509.54,510.1,508.6,508.94,862.56
1786326300000,509.07,513.72,508.98,511.94,506.63
1786327200000,512.15,512.25,509.81,510.3,894.52
1786328100000,510.27,510.71,507.24,507.84,1918.56
1786329000000,508.02,510.69,508.02,510.57,862.73
1786329900000,510.6,511.21,509.54,511.13,718.79
1786330800000,511.12,511.5,507.9,507.9,1292.28
1786331700000,508.01,509.44,507.65,508.19,601.96
1786332600000,508.27,509.42,507.64,508.28,337.5
1786333500000,508.55,509.18,507.99,508.29,85.72
1786334400000,508.04,508.54,507.43,508.4,700.59
1786335300000,508.43,509.56,508.01,508.01,234.99
1786336200000,508,508.75,507.02,508.36,99.6
1786337100000,508.37,508.89,505.46,506.28,651.2
1786338000000,506.28,507.65,505.76,507.05,213.89
1786338900000,507.05,509.42,507.03,509.32,503.57
1786339800000,509.32,509.59,508.48,509.2,710.65
1786340700000,509.43,510.8,509.05,510.04,160.9
1786341600000,510.29,510.74,509.35,510.15,816.34
1786342500000,510.15,510.88,509.36,509.85,364.94
1786343400000,509.96,511.48,509.55,511.36,328.9
1786344300000,511.28,511.48,510.31,511.16,297.73
1786345200000,511.27,511.27,509.64,510.51,151.9
1786346100000,510.74,511.45,508.93,509.25,181.79
1786347000000,509.22,510.13,508.88,509.65,611.53
1786347900000,509.58,509.62,508.24,509.03,679.45
1786348800000,508.95,510.8,508.49,510.55,2566.17
1786349700000,510.55,513.48,510.04,511.83,1808.39
1786350600000,511.79,512.52,509.48,510.22,593.21
1786351500000,509.97,511.34,509.59,511.31,433.44
1786352400000,511.27,511.3,509.95,510.27,586.42
1786353300000,510.28,510.28,508.62,509.11,220.65
1786354200000,509.06,509.06,506.44,506.73,654.69
1786355100000,506.71,506.94,503.32,504.39,2482.39
1786356000000,504.38,506.93,504.3,506.31,1314.23
1786356900000,506.09,507.79,505.83,506.44,363.86
1786357800000,506.57,507.36,506.13,507.24,77.29
1786358700000,507.24,507.86,507.05,507.35,60.98
1786359600000,507.24,507.63,506.41,507.04,160.92
1786360500000,507.01,508.57,506.75,508.35,227.32
1786361400000,508.41,508.62,507.9,508.3,180.48
1786362300000,508.3,508.67,508,508.66,113.59
1786363200000,508.61,509.3,507.06,507.3,835.01
1786364100000,507.29,507.59,500.72,501.5,6892.27
1786365000000,501.69,503.34,499.31,502.83,6412.44
1786365900000,502.83,503.93,502.17,502.95,1667.9
1786366800000,502.97,505.11,502.94,505.08,306.61
1786367700000,504.9,505.94,504.56,505.86,897.91
1786368600000,505.87,506.45,503.6,503.97,1705.96
1786369500000,503.91,507,503.74,506.62,1232.43
1786370400000,506.68,508.29,505.92,506.2,411.54
1786371300000,506.04,506.15,504.37,504.6,782.74
1786372200000,504.6,505.35,503.77,503.89,1240.33
1786373100000,503.89,504.16,502.11,502.87,1680.84
1786374000000,502.39,504.1,499.56,500.91,2032.34
1786374900000,500.89,502.56,498,500.6,883.28
1786375800000,500.39,500.94,499.45,500.8,555.7
1786376700000,500.69,501.8,500.64,501.8,814.36
1786377600000,501.55,504.13,501.29,502.9,1012.5
1786378500000,503.04,503.66,500.51,500.51,765.26
1786379400000,500.53,500.54,498.38,498.98,1651.18
1786380300000,499.06,499.35,493.72,497.25,5921.28
1786381200000,497.25,497.3,493.59,496.86,2649.29
1786382100000,496.94,497.31,495.41,495.95,671.61
1786383000000,495.91,497.56,495.17,496,1313.83
1786383900000,495.86,497.54,495.23,497.12,836.27
1786384800000,497.16,498.62,496.4,497.57,1455.04
1786385700000,497.59,498.61,497.13,498.22,1231.5
1786386600000,498.19,498.72,497.17,497.89,576.04
1786387500000,497.91,498,496.19,496.34,1689.62
1786388400000,496.34,497.78,496.34,497.78,729.27
1786389300000,497.85,500.69,497.85,500.47,1138.65
1786390200000,500.6,501.68,499.01,499.01,1356.88
1786391100000,499.13,499.33,497.82,498.28,1323.44
1786392000000,498.22,499.44,497.46,499.28,976.65
1786392900000,499.35,500.51,499.09,499.66,448.97
1786393800000,499.65,500.08,497.77,498.7,1935.92
1786394700000,498.72,498.86,498.08,498.12,373.81
1786395600000,498.11,498.62,496,496.23,756.01
1786396500000,496.22,497.59,495.77,497.53,806.09
1786397400000,497.53,497.74,496.47,496.81,550.18
1786398300000,496.83,498.38,496.6,498.27,362.04
1786399200000,498.27,498.96,496.33,498.27,952.03
1786400100000,498.47,498.96,496.63,497.95,358.36
1786401000000,497.74,497.94,496.02,496.48,215.23
1786401900000,496.3,496.88,495.85,495.86,636.98
1786402800000,495.9,496.1,495.03,495.99,515.11
1786403700000,496.16,498.05,496.16,497.87,324.9
1786404600000,497.87,498.28,496.21,496.23,564.12
1786405500000,496.2,496.58,494.91,496.07,662.13
1786406400000,496.04,496.99,495.31,496.94,618.83
1786407300000,496.84,496.94,495.3,496.21,682.07
1786408200000,496.24,496.24,495.11,495.73,362.01
1786409100000,495.8,495.93,494.41,495.45,671.45
1786410000000,495.45,495.45,491.21,491.94,1778.45
1786410900000,491.94,492.49,490.16,490.91,2552.42
1786411800000,490.84,491,489.66,489.81,1627.72
1786412700000,489.74,493.73,489.67,492.44,1896.15
1786413600000,492.4,493.59,491.33,491.92,904.08
1786414500000,491.92,493.21,491.87,493.19,560.78
1786415400000,492.98,493.21,491.71,492.57,305.99
1786416300000,492.57,493.97,492.44,493.69,590.26
1786417200000,493.68,494.55,493.35,493.79,1499.02
1786418100000,493.92,495.03,493.65,494.44,362.11
1786419000000,494.44,494.44,492.79,493.12,914.54
1786419900000,493.17,494.11,492.88,493.73,459.05
1786420800000,493.71,494.5,492.69,493.61,471.77
1786421700000,493.6,494.28,492.68,492.68,374.08
1786422600000,492.68,493.23,492.07,492.47,611.18
1786423500000,492.38,493.7,492,493.51,450.47
1786424400000,493.51,493.85,492.35,492.44,1038.02
1786425300000,492.44,492.65,490.92,492.61,1132.76
1786426200000,492.63,493.88,492.13,492.7,432.12
1786427100000,492.69,492.76,491.13,491.81,434.58
1786428000000,491.81,492.22,490.26,490.33,1024.82
1786428900000,490.36,490.87,489.8,490,861.5
1786429800000,490.11,490.9,489.48,490.37,752.35
1786430700000,490.39,491.07,489.83,490.83,567.78
1786431600000,490.92,490.94,487.73,488.94,1395.12
1786432500000,488.73,488.73,485.92,486.54,1541.41
1786433400000,486.81,488.78,486.79,488.4,488.68
1786434300000,488.36,488.51,487.45,487.59,827.97
1786435200000,487.72,488.12,486.26,486.26,815.96
1786436100000,486.27,486.67,485.47,485.59,647.58
1786437000000,485.6,485.92,484.14,485.91,815.51
1786437900000,485.92,486.85,485.87,486.67,469.16
1786438800000,486.62,486.68,485,485.15,501.11
1786439700000,485.07,486.88,484.79,485.5,899.2
1786440600000,485.51,485.87,484.97,485.73,410.17
1786441500000,485.85,487,485.39,486.85,756.79
1786442400000,486.84,486.84,484.8,484.8,313.21
1786443300000,484.8,485.17,483.65,484.82,1180.13
1786444200000,484.82,485.74,484.75,484.86,409.22
1786445100000,484.72,485.81,483.66,483.78,390.55
1786446000000,484.03,489.68,484.01,488.58,1118.47
1786446900000,488.6,490.18,488.12,489.63,911.69
1786447800000,489.82,489.83,488.7,489.67,738.07
1786448700000,489.45,489.6,489.02,489.32,310.8
1786449600000,489.21,489.57,487.78,488.81,665.84
1786450500000,488.64,488.64,485.47,485.89,842.39
1786451400000,485.9,487.27,485.52,486.89,598.46
1786452300000,486.91,486.92,485.1,485.78,503.73
1786453200000,485.77,488,485.77,486.83,761.58
1786454100000,486.82,486.94,485.83,486.47,1242.48
1786455000000,486.55,486.62,485.77,486.33,1377.15
1786455900000,486.22,486.55,484.51,485.64,774.47
1786456800000,485.65,485.91,481.13,481.63,3265.24
1786457700000,481.64,483.11,480,480.63,4532.89
1786458600000,480.5,480.5,477.83,479.17,7380.29
1786459500000,479.31,479.9,474.55,477.46,8342.31
1786460400000,477.46,477.62,474.95,475,2524.9
1786461300000,475.07,475.73,473.7,474.22,4956.59
1786462200000,474.18,475.2,470.2,470.45,7005.29
1786463100000,470.43,472.9,470.33,471.28,4074.57
1786464000000,471.34,472.56,469.58,470.03,5043.25
1786464900000,470.24,470.39,466.8,468.23,7465.34
1786465800000,468.31,470.46,467.23,468.48,927.9
1786466700000,468.55,469.3,467.63,467.8,802.34
1786467600000,468.02,470.36,467.21,469.1,2637.11
1786468500000,469.12,473.57,468.83,473.31,2726.66
1786469400000,473.2,474,472.28,473.51,1244.79
1786470300000,473.53,474.2,470.79,470.79,1894.17
1786471200000,470.85,472.71,470.85,472.58,353.26
1786472100000,472.48,473.8,471.99,471.99,434.98
1786473000000,472.23,473,471.71,472.55,389.02
1786473900000,472.55,472.82,470.91,472.72,1068.47
1786474800000,472.72,472.91,471.99,472.5,250.8
1786475700000,472.57,473.81,472.57,472.98,322.14
1786476600000,472.99,474.56,472.49,474.56,1062.97
1786477500000,474.46,477.27,474.25,477.05,2622.41
1786478400000,476.89,477.83,476.59,476.69,1167.69
1786479300000,476.68,477.51,475.86,476.1,726.88
1786480200000,476.21,477.87,476.21,477.48,767.33
1786481100000,477.36,478.9,477.2,478.9,561.88
1786482000000,478.69,481,478.42,480.27,1222.31
1786482900000,480.27,480.55,479.36,479.83,1152.67
1786483800000,479.81,482.55,479.14,482.15,1190.13
1786484700000,482.13,482.48,480.28,481.22,1652.21
1786485600000,481.38,484.5,481.38,482.61,4199.25
1786486500000,482.61,482.67,480.28,481.4,819.2
1786487400000,481.41,481.91,480.42,480.6,945.77
1786488300000,480.58,480.79,479.58,480.29,265.15
1786489200000,480.3,480.33,478.62,478.62,797.89
1786490100000,478.71,480.51,478.51,480.01,367.13
1786491000000,479.94,480.55,478.7,480.55,422.83
1786491900000,480.54,482,480.24,481.49,354.75
1786492800000,481.53,481.66,480.42,481.48,694.63
1786493700000,481.47,483,481.17,482.16,1051.45
1786494600000,482.22,483.22,482.22,482.68,382.81
1786495500000,482.65,483.1,481.73,482.51,217.09
1786496400000,482.52,484.62,481.46,484.08,1384.75
1786497300000,483.97,483.97,481.74,481.74,880.72
1786498200000,481.63,482.34,481.03,482.34,243.07
1786499100000,482.23,482.25,480.04,480.06,461.35
1786500000000,480.23,481.88,480.01,481.24,386.64
1786500900000,481.17,481.4,480.23,481.05,1061.74
1786501800000,481.1,481.1,479.43,480.36,490.25
1786502700000,480.46,481.97,480.46,481.59,177.99
1786503600000,481.7,482.55,480.97,481.51,214.56
1786504500000,481.51,482.35,481.47,482.35,445.17
1786505400000,482.34,483.13,482.01,482.53,189.76
1786506300000,482.48,482.95,482.06,482.45,59.54
1786507200000,482.5,483.02,481.66,482.88,978.26
1786508100000,482.88,483.75,482.3,482.34,927.07
1786509000000,482.25,482.6,481.21,482.49,220.93
1786509900000,482.41,483.43,482.28,482.54,87.44
1786510800000,482.54,482.72,481.88,482.27,310.38
1786511700000,482.27,482.9,481.81,482.18,253.23
1786512600000,482.23,483.66,482.23,482.78,164.07
1786513500000,482.78,484.56,482.78,483.48,171.1
1786514400000,483.46,485.82,482.53,483.46,1523.12
1786515300000,483.32,483.86,481.86,481.86,249.04
1786516200000,481.83,481.89,476.99,476.99,2034.67
1786517100000,477.38,478.79,476.63,477.61,460.21
1786518000000,477.66,479.19,477.27,478.64,171.32
1786518900000,478.75,479.11,478.25,478.47,101.81
1786519800000,478.46,479.58,478.36,478.75,134.77
1786520700000,478.81,479.93,478.15,479.39,1431.84
1786521600000,479.18,479.63,478.22,478.44,345.58
1786522500000,478.44,478.44,477.42,477.54,372.4
1786523400000,477.49,477.66,476.59,476.73,202.62
1786524300000,476.66,476.66,474.21,474.9,1399.83
1786525200000,474.91,477.45,474.53,477.21,736.32
1786526100000,477.3,480.37,477.17,480.23,1324.69
1786527000000,480.32,481.5,478.99,479.33,758.31
1786527900000,479.29,480.26,478.46,479.52,914.59
1786528800000,479.53,483.51,479.06,482.58,3364.19
1786529700000,482.6,482.8,481.02,481.53,586.95
1786530600000,481.42,484.93,481.29,483.99,3264.86
1786531500000,484.13,486,483.97,485.49,756.6
1786532400000,485.69,486.73,484.88,485.6,1071.18
1786533300000,485.69,489.7,485.67,489.08,2493.47
1786534200000,489.21,489.82,488.45,488.87,645.29
1786535100000,488.87,492.41,488.71,490.73,2243.6
1786536000000,490.74,491.74,490.34,490.62,427.24
1786536900000,490.63,494.52,490.55,494.27,1203.84
1786537800000,494.27,495.36,490.19,490.54,3673.11
1786538700000,490.55,493.84,489.07,493.13,2522.85
1786539600000,493.11,494.9,492.72,493.44,1067.27
1786540500000,493.44,494.56,491.68,491.95,1859.76
1786541400000,491.99,492.35,488.85,489.75,765.58
1786542300000,489.75,490.86,488.48,488.98,867.83
1786543200000,488.78,490.25,486.16,489.15,1184.76
1786544100000,489.14,489.14,487.66,488.11,886.49
1786545000000,488.03,488.76,484.63,486.19,1480.68
1786545900000,486.08,487.91,486.06,486.48,434.75
1786546800000,486.48,488.83,485.3,485.74,608.49
1786547700000,485.81,486.82,484.05,485.21,576.65
1786548600000,485.39,486.21,483.47,484.26,4023.08
1786549500000,484.46,486.48,484.46,485.56,755.26
1786550400000,485.51,486.17,483.13,484.08,1252.21
1786551300000,484.33,485.59,483.59,485.48,712.39
1786552200000,485.48,485.59,484.45,485.09,587.3
1786553100000,485.02,486.31,485,485.87,644.2
1786554000000,485.7,498.23,485.68,497.88,3703.34
1786554900000,497.73,498.12,494.02,494.02,2689.43
1786555800000,494.02,499,494,497.04,1502.86
1786556700000,497.15,497.93,496,496.58,880.33
1786557600000,496.57,497.99,496.2,496.66,1434.97
1786558500000,496.72,496.9,494.57,496.63,1569.86
1786559400000,496.63,498.85,496.4,497.89,884.09
1786560300000,497.88,498.43,496.63,496.68,352.67
1786561200000,496.65,496.92,493.17,493.95,1232.67
1786562100000,493.76,494.37,489.94,491.83,2135.11
1786563000000,491.84,491.9,490.39,490.89,392.98
1786563900000,490.88,491.31,490.22,491.07,701.63
1786564800000,491.2,491.36,490.45,490.73,521.21
1786565700000,490.72,490.73,489.67,490.52,407.08
1786566600000,490.52,493.48,490.52,491.95,898.88
1786567500000,491.98,493.27,491.7,493.27,293.43
1786568400000,493.13,493.28,491.53,491.99,444.27
1786569300000,491.79,492.37,488.5,489.12,379.92
1786570200000,489.07,490.74,488.5,490.42,707.42
1786571100000,490.75,491.03,489.39,489.52,1152.13
1786572000000,489.38,490.88,488.71,490.54,493.91
1786572900000,490.51,491.81,490.34,491.3,222.04
1786573800000,491.22,491.22,489.65,489.93,504.27
1786574700000,489.89,490.27,489.27,490.27,321.15
1786575600000,490.27,490.33,489.39,489.95,157.45
1786576500000,489.98,490.6,489.67,489.75,325.74
1786577400000,489.89,490.25,489.3,489.5,128.73
1786578300000,489.42,490.59,488.85,490.01,416.02
1786579200000,489.88,496.11,489.49,494.65,1035.12
1786580100000,494.71,495.72,492.65,493.41,973.64
1786581000000,493.34,493.58,491.82,491.9,193.26
1786581900000,491.87,494.27,491.83,493.77,340.44
1786582800000,493.58,494.02,492.37,493.57,887.32
1786583700000,493.32,493.35,487.42,488.49,675.09
1786584600000,488.76,489.84,487.72,487.93,897.18
1786585500000,487.72,488.47,487.35,487.8,344.01
1786586400000,487.72,487.72,484.17,484.52,1357.63
1786587300000,484.51,486.65,484.51,486.37,407.12
1786588200000,486.37,486.37,484.5,485.71,371.7
1786589100000,485.72,489.51,485.35,489.39,393.2
1786590000000,489.39,489.83,488.61,489.55,417.49
1786590900000,489.67,493.28,488.89,491.79,978.08
1786591800000,491.98,494.97,491.73,494.97,882.97
1786592700000,494.86,494.86,492.57,493.64,341.98
1786593600000,493.91,494.88,492.98,494.18,595.22
1786594500000,494,494.34,492.72,492.95,252.49
1786595400000,492.94,493.58,492.74,493.44,462.31
1786596300000,493.46,494.66,493.32,494.51,440.87
1786597200000,494.68,497.64,494.35,495.4,907.89
1786598100000,495.43,497.64,495.43,497.62,329.01
1786599000000,497.64,498.66,496.78,497.91,572.64
1786599900000,497.92,497.92,496.42,496.42,463.78
1786600800000,496.48,496.7,494.4,494.94,355.82
1786601700000,495.1,496.45,495.1,495.84,147.32
1786602600000,495.85,496.11,494.5,495.57,106.91
1786603500000,495.58,497.15,495.58,496.92,391.89
1786604400000,496.99,496.99,495.4,495.76,120.21
1786605300000,495.76,496.29,495.34,495.67,65.08
1786606200000,495.73,496.97,494.86,495.12,1603.17
1786607100000,495.12,495.7,494.95,495.45,364.23
1786608000000,495.44,496.8,495.26,496.23,448.88
1786608900000,496.11,496.62,495.8,495.98,584.23
1786609800000,496.06,496.98,495.91,496.54,420.29
1786610700000,496.53,496.65,496.04,496.65,488.54
1786611600000,496.68,497.08,494.1,494.36,1070.85
1786612500000,494.37,495.86,494.09,495.86,383.23
1786613400000,495.95,496.47,494.93,495.86,192.99
1786614300000,495.48,497.41,495.32,496.29,859.77
1786615200000,496.47,496.59,494.12,494.66,865.39
1786616100000,494.61,495.65,493.82,494.66,301.48
1786617000000,494.56,494.56,492.61,493.4,1001.73
1786617900000,493.54,494.29,493.53,494.12,198.39
1786618800000,494.12,494.45,493.46,494.45,205.31
1786619700000,494.36,494.36,491.73,491.91,250.48
1786620600000,491.98,491.98,490.08,490.16,726.39
1786621500000,490.07,490.37,489.52,489.52,246.4
1786622400000,489.51,491.72,489.24,491.45,359.13
1786623300000,490.99,491.83,490.8,491.36,238.42
1786624200000,491.17,492.32,490.43,490.6,261.49
1786625100000,490.61,490.61,489.43,490.18,246.21
1786626000000,490.35,493.44,489.93,491.38,652.67
1786626900000,491.36,491.37,489.04,489.33,374.84
1786627800000,489.15,492.28,487.55,491.85,1269.73
1786628700000,491.84,492.07,489.88,490.11,582.68
1786629600000,490.29,491.65,489.83,490.48,532.35
1786630500000,490.48,493.13,490.48,491.38,672.21
1786631400000,491.29,496.22,490.88,495.21,1090.24
1786632300000,495.21,496.37,493.52,494.08,700.01
1786633200000,494.34,495.94,493.76,494.42,652.24
1786634100000,494.34,495.3,491.42,491.9,484.81
1786635000000,491.6,492.69,491.3,491.79,776.38
1786635900000,491.77,492.24,487.66,487.98,1364.69
1786636800000,487.94,489.38,485.93,487.27,2723.2
1786637700000,487.26,488.35,485.72,486.58,785.09
1786638600000,486.77,487.61,482.56,484.13,2854.38
1786639500000,484.13,487.34,483.72,486,1899.93
1786640400000,486.18,487.92,485.82,487.26,1457.82
1786641300000,487.27,487.95,486.44,487.39,412.49
1786642200000,487.58,487.83,486.17,487.05,387.21
1786643100000,486.86,487.25,485.44,485.44,288.04
1786644000000,485.46,486.22,483.43,483.43,275.08
1786644900000,483.54,483.89,482.77,482.87,621.49
1786645800000,482.93,484.51,482.79,484.45,736.17
1786646700000,484.42,484.94,483.64,484.21,1175
1786647600000,484.21,485.98,483.74,485.3,711.49
1786648500000,485.27,485.27,484.35,484.51,210.77
1786649400000,484.71,485.67,483.7,483.99,373.65
1786650300000,484,485.01,483.95,484.92,159.07
1786651200000,484.96,485.72,484.72,485.19,176.35
1786652100000,485.36,487.26,485.28,486.94,402.22
1786653000000,486.87,487.09,485.1,485.4,624.1
1786653900000,485.37,485.43,484.25,484.93,442.62
1786654800000,485.02,486.04,484.97,485.58,323.35
1786655700000,485.56,486.22,485.56,485.99,172.26
1786656600000,486.04,486.63,485.39,486.61,465.31
1786657500000,486.64,486.64,485.46,485.48,203.87
1786658400000,485.59,487.99,485.47,487.58,1357.02
1786659300000,487.62,490.63,487.14,490.58,936.91
1786660200000,490.62,491.21,489.73,490.01,766.66
1786661100000,489.95,490.9,488.88,489.02,468.15
1786662000000,489.07,489.15,488.32,488.8,163.84
1786662900000,488.4,488.46,487.69,488.25,125.61
1786663800000,488.4,491.05,488.4,491.05,196.15
1786664700000,491.07,491.39,490.19,490.66,225.67
1786665600000,490.7,491.65,490,490,241.81
1786666500000,490.36,492.29,489.69,491.28,381.71
1786667400000,491.03,491.03,489.1,490.16,1021.1
1786668300000,489.88,492.2,489.28,491.55,346.56
1786669200000,491.46,491.64,489.51,489.51,231.21
1786670100000,489.6,492.71,488.63,491.57,345.41
1786671000000,491.36,491.63,490.43,490.92,422.65
1786671900000,490.87,492.26,490.41,492.04,1023.39
1786672800000,492.1,493.25,492.01,493.03,463.8
1786673700000,493.17,493.95,492.25,493.93,348.52
1786674600000,493.85,493.96,492.54,492.55,381.93
1786675500000,492.55,493.3,492.17,492.17,235.43
1786676400000,492.18,494.49,491.54,493.26,1973.29
1786677300000,493.23,494.56,492.83,493.65,318.04
1786678200000,493.65,493.66,492.23,492.47,287.02
1786679100000,492.33,492.45,491.73,491.9,1166.9
1786680000000,491.87,491.97,490.77,491.97,965.14
1786680900000,491.97,493.51,491.96,492.73,1124.7
1786681800000,492.48,493.31,492.01,492.23,200.02
1786682700000,492.23,492.23,490.88,491.08,65.76
1786683600000,491.09,491.85,489.58,490.12,589.27
1786684500000,490,491.08,489.06,490.96,414.47
1786685400000,490.78,491.02,489.49,490.29,277.07
1786686300000,490.28,491.44,489.12,491.44,476.61
1786687200000,491.35,495,490.92,492.77,1026.92
1786688100000,492.82,492.82,489.39,489.52,134.25
1786689000000,489.65,491.22,489.51,490.54,127.64
1786689900000,490.37,490.84,487.17,487.17,578.41
1786690800000,487.14,488.91,487.14,488.46,239.49
1786691700000,488.51,488.51,486.25,487.05,2634.71
1786692600000,487.22,487.3,485,485.36,1832.63
1786693500000,485.31,486.41,484.83,485.55,1740.55
1786694400000,485.58,487.08,485.58,486.4,2780.72
1786695300000,486.46,487.35,485.4,486.55,1895.22
1786696200000,486.56,490.01,486.18,488.58,1510.81
1786697100000,488.49,489.11,487.96,488.36,567.27
1786698000000,488.39,490.13,488.21,489.51,337.93
1786698900000,489.39,491.16,488.38,489.53,682.94
1786699800000,489.54,489.63,485.86,486.5,828.52
1786700700000,486.54,488.43,486.54,487.41,369.22
1786701600000,487.29,489.67,487.2,489.48,111.78
1786702500000,489.4,490.14,488.12,488.93,301.33
1786703400000,488.75,489.2,487.97,487.97,166.78
1786704300000,488.02,488.04,486.74,486.74,132.04
1786705200000,486.6,487.43,484.99,485.43,356.9
1786706100000,485.34,487.59,485.33,487.23,129.91
1786707000000,487.22,487.22,485.3,485.54,782.51
1786707900000,485.53,486.05,485.13,485.13,479.1
1786708800000,485.21,486.05,484,484.17,304.14
1786709700000,484.34,486.21,484.29,486.07,512.3
1786710600000,485.97,486.21,483.33,483.33,687.37
1786711500000,483.42,484.74,483.08,483.71,236.15
1786712400000,483.77,484,482.57,483.29,649.63
1786713300000,483.25,486.52,482.95,485.79,884.61
1786714200000,485.71,486.15,484.54,485.55,243.47
1786715100000,485.58,485.95,483.31,483.66,798.58
1786716000000,483.69,483.94,481.3,481.38,684.8
1786716900000,481.37,482.03,480.39,481.62,1491.55
1786717800000,481.74,483.69,481.54,482.8,745.55
1786718700000,482.88,484.44,482.88,483.22,806.55
1786719600000,483.22,483.6,482.36,482.61,408.94
1786720500000,482.63,485.12,482.42,485.12,586.91
1786721400000,485.18,489,484.57,488.47,1625.53
1786722300000,488.5,489.01,486.96,487.77,1914.35
1786723200000,487.84,488.73,487.01,488.04,747.81
1786724100000,488.03,489.08,487.74,488.75,438.26
1786725000000,488.79,490.75,488.63,489.32,699.73
1786725900000,489.31,490.01,488.65,489.34,501.17
1786726800000,489.45,489.72,488.97,489.45,588.97
1786727700000,489.45,493.1,489.45,492.07,1891.59
1786728600000,492.18,492.62,490.73,490.84,1114.44
1786729500000,490.9,491.14,489.93,490.26,552.5
1786730400000,490.3,490.3,488.9,488.95,479.96
1786731300000,489,489.93,487.98,487.98,335.01
1786732200000,487.99,488.81,486.22,487.8,435.27
1786733100000,487.85,488.31,486.18,487.94,935.27
1786734000000,488.05,488.33,487.09,487.1,195.4
1786734900000,486.93,487.86,486.45,487,102.64
1786735800000,486.93,490.07,486.73,489.97,264.21
1786736700000,489.97,492.97,489.97,491.85,1587.37
1786737600000,491.85,493.16,491.6,492.01,393.11
1786738500000,492.08,492.21,491.41,491.74,152.8
1786739400000,491.74,493.03,491.27,491.98,630.57
1786740300000,492.11,493.01,491.5,493,567.32
1786741200000,493,494.04,490.04,490.12,782.98
1786742100000,490.16,491.16,489.78,491.03,218.16
1786743000000,491.1,491.1,489.85,489.96,403.2
1786743900000,489.96,490.73,489.82,490.66,274.86
1786744800000,490.66,492.02,490.42,490.66,741.05
1786745700000,490.39,490.84,489.74,489.76,598.95
1786746600000,489.7,491.07,489.53,490.88,349.56
1786747500000,490.94,491.28,490.52,491.06,91.81
1786748400000,491.07,491.29,490.1,490.93,135.23
1786749300000,490.98,491,489.37,489.85,110.83
1786750200000,489.79,493.78,489.72,493.59,767.21
1786751100000,493.62,493.77,492.82,493.27,579.01
1786752000000,493.27,495.7,493.03,494.15,1921.63
1786752900000,494.16,495.16,493.8,493.87,682.14
1786753800000,493.92,494.87,492.89,492.91,170.11
1786754700000,492.97,493.44,491.77,492.11,249.73
1786755600000,492.1,492.15,490.62,492.04,252.89
1786756500000,492.02,495.66,491.87,495.02,331.21
1786757400000,494.86,498.75,494.15,496.9,861.72
1786758300000,497.01,497.43,496.38,496.77,667.24
1786759200000,496.78,498.05,495.65,495.99,764.56
1786760100000,496.05,496.52,494.27,494.44,477.91
1786761000000,494.5,495.21,494.18,494.36,207.23
1786761900000,494.36,494.45,493.36,494.27,820.15
1786762800000,494.28,495.3,493.77,494.49,533.07
1786763700000,494.65,495.74,494.47,494.47,114.79
1786764600000,494.37,494.7,492.84,492.94,239.7
1786765500000,493.03,494.13,493.01,493.14,59.26
1786766400000,493.33,494.51,493.06,494.51,146.54
1786767300000,494.44,495.42,494.35,494.8,366.92
1786768200000,494.72,494.72,493.51,494.12,207.26
1786769100000,494.15,494.15,492.47,493.46,410.53
1786770000000,493.32,494.71,493.3,493.3,143.51
1786770900000,493.3,493.56,491.62,491.69,95.62
1786771800000,491.61,491.66,490.09,491.28,329.04
1786772700000,491.27,491.85,490.9,491.29,138.14
1786773600000,491.31,492.26,491.03,491.78,403.54
1786774500000,491.83,492.07,491.35,491.53,92.51
1786775400000,491.55,492.22,491.55,491.97,121.89
1786776300000,491.92,492.12,491.68,491.88,117.61
1786777200000,491.88,492.08,490.95,491.36,130.08
1786778100000,491.62,491.62,490.25,490.3,126.72
1786779000000,490.34,490.57,490,490.3,231.92
1786779900000,490.27,490.28,489.01,489.78,431.62
1786780800000,489.81,490.73,489.42,489.6,343.75
1786781700000,489.68,490.33,489.6,490.04,151.62
1786782600000,490.04,490.29,488.77,489.25,227.63
1786783500000,489.14,489.86,488.2,488.34,140.8
1786784400000,488.34,489.13,487.73,488.75,373.19
1786785300000,488.72,489.25,488.51,489.06,103.5
1786786200000,489.11,489.21,488.32,488.4,67.52
1786787100000,488.39,489.54,488.39,489.46,366.5
1786788000000,489.47,490.26,489,489.05,58.17
1786788900000,489.15,489.15,488.57,489.08,100.38
1786789800000,489.06,489.06,487.5,487.59,137.42
1786790700000,487.52,489.24,487.52,489.03,68.4
1786791600000,488.95,488.95,487.85,487.85,145.6
1786792500000,488.06,488.77,487.98,488.76,80.58
1786793400000,488.76,492.39,488.53,492.39,232.67
1786794300000,492.35,492.36,490.63,491.07,97.52
1786795200000,491.08,491.98,490.92,491.78,72.12
1786796100000,491.69,492.09,490.23,490.29,199.27
1786797000000,490.28,490.63,489.83,489.96,557.47
1786797900000,489.86,489.97,489.08,489.97,162.05
1786798800000,489.97,490.87,489.37,490.87,269.25
1786799700000,490.86,491.63,489.98,490.05,1213.89
1786800600000,490.11,490.99,489.95,490.99,320.71
1786801500000,490.9,491.04,488.89,489.36,369.98
1786802400000,489.49,489.52,488.72,488.82,116.31
1786803300000,488.66,488.88,487.56,488.38,205.89
1786804200000,488.4,489.08,488.24,488.56,60.69
1786805100000,488.56,489.62,488.4,489.3,80.56
1786806000000,489.3,489.43,488.66,488.75,124.45
1786806900000,488.61,489.91,488.5,489.29,152.34
1786807800000,489.37,490.24,489.15,490.01,217.15
1786808700000,490.01,490.89,489.38,489.55,250.05
1786809600000,489.59,490.06,489.23,489.96,87.44
1786810500000,489.96,492.36,489.67,491.11,1286.74
1786811400000,491.11,491.53,490.84,491.35,240.63
1786812300000,491.34,491.91,490.97,491.42,365.93
1786813200000,491.42,491.52,489.44,489.52,187.74
1786814100000,489.44,489.79,488.44,488.58,324.06
1786815000000,488.57,488.57,488.07,488.21,271.15
1786815900000,488.22,488.96,488.2,488.53,88.31
1786816800000,488.52,488.61,487.79,488.29,721.48
1786817700000,488.27,488.37,485.86,486.15,975.6
1786818600000,486.13,488.96,486.11,488.69,892.7
1786819500000,488.61,489.53,488.52,488.89,94.97
1786820400000,488.74,489.45,488.51,489.43,75.64
1786821300000,489.39,489.76,489.12,489.22,69.85
1786822200000,489.22,490.03,489.2,489.82,110.4
1786823100000,489.82,490.05,489.67,489.83,173.39
1786824000000,489.85,489.93,488.95,489.03,47.58
1786824900000,489.03,489.03,488.24,488.3,59.47
1786825800000,488.27,488.35,488.05,488.25,108.05
1786826700000,488.25,489.71,488.04,489.07,183.49
1786827600000,489.06,489.59,488.82,488.82,192.35
1786828500000,488.92,489.91,488.91,489.91,51.68
1786829400000,489.91,490.25,489.24,490.25,76.68
1786830300000,490.31,490.49,489.67,489.77,479.82
1786831200000,489.74,490,489.33,489.56,101.22
1786832100000,489.56,489.75,488.96,489.45,63.61
1786833000000,489.54,489.98,488.71,489.84,188.27
1786833900000,489.83,489.84,488.41,488.41,70.63
1786834800000,488.42,488.53,486.5,487.64,82.39
1786835700000,487.65,487.77,487.13,487.27,50.62
1786836600000,487.16,487.38,486.71,486.9,64.21
1786837500000,486.79,487.94,486.79,487.68,122.35
1786838400000,487.73,487.77,486.7,486.7,116.18
1786839300000,486.68,487.29,486.59,487.29,396.17
1786840200000,487.35,487.35,486.55,486.9,190.96
1786841100000,486.87,488.06,486.74,487.67,150.35
1786842000000,487.66,487.66,484.72,485.31,568.95
1786842900000,485.32,485.59,484.79,485.09,610.14
1786843800000,485.17,486.16,484.64,486.16,175.43
1786844700000,486.17,486.22,485.6,485.62,88.56
1786845600000,485.64,486,484.83,484.83,125.63
1786846500000,484.87,487.27,484.45,487.06,1524.73
1786847400000,487.06,487.51,486.92,487.51,159.5
1786848300000,487.5,487.5,485.75,485.99,157
1786849200000,485.98,487.2,485.53,487.01,487.29
1786850100000,487.01,487.01,486.06,486.26,88.84
1786851000000,486.14,486.99,486.04,486.52,137.95
1786851900000,486.52,486.86,486.44,486.65,70.83
1786852800000,486.53,486.92,486.27,486.27,81.75
1786853700000,486.28,487.61,485.89,486.96,117.18
1786854600000,486.98,487.35,486.3,486.57,86.76
1786855500000,486.56,487.42,486.37,487.09,212.71
1786856400000,487.04,488.84,487.04,488.02,241.27
1786857300000,488.16,488.3,486.9,487.18,56.9
1786858200000,487.17,487.4,486.67,486.67,75.86
1786859100000,486.58,486.72,486.27,486.42,51.96
1786860000000,486.42,486.91,485.8,485.81,461.09
1786860900000,485.87,486.01,483.97,485.51,853.57
1786861800000,485.57,487.81,485.52,487.58,114.56
1786862700000,487.63,488.73,486.76,486.86,51.47
1786863600000,486.85,486.91,486.37,486.55,26.04
1786864500000,486.55,487.16,486.38,487.16,31.27
1786865400000,487.16,487.5,487.16,487.42,56.02
1786866300000,487.45,487.8,487.3,487.77,156.86
1786867200000,487.67,487.77,487.03,487.49,76.03
1786868100000,487.5,488.05,487.2,487.2,126.68
1786869000000,487.28,487.59,487.01,487.56,193.09
1786869900000,487.56,487.62,487.2,487.36,90.1
1786870800000,487.38,487.61,486.72,487.61,91.05
1786871700000,487.62,489.23,487.62,489.14,358.2
1786872600000,489.13,489.39,486.75,487.19,234.3
1786873500000,487.12,487.67,486.94,487.3,46.51
1786874400000,487.24,487.28,485.39,485.52,171.25
1786875300000,485.61,485.86,485.07,485.76,238.44
1786876200000,485.53,485.86,485.44,485.71,88.09
1786877100000,485.7,486.18,485.58,485.86,296.1
1786878000000,485.95,486.01,485.44,485.73,204.59
1786878900000,485.8,486.54,485.74,486.31,271.78
1786879800000,486.31,486.31,485.88,485.9,28.14
1786880700000,485.9,486.08,485.21,485.82,117.14
1786881600000,485.81,485.81,484.6,484.6,60.47
1786882500000,484.53,484.85,484.26,484.77,204.02
1786883400000,484.77,484.77,484.33,484.67,313.23
1786884300000,484.66,484.77,484.46,484.77,467.04
1786885200000,484.77,485.88,484.77,485.61,262.11
1786886100000,485.61,487.67,485.61,486.5,1264.52
1786887000000,486.49,486.74,486.33,486.72,99.36
1786887900000,486.78,490.38,486.78,489.96,698.83
1786888800000,490.07,492.37,490.05,490.62,783.38
1786889700000,490.62,493.5,490.62,492.59,1065.14
1786890600000,492.53,493.82,491.95,492.05,155.17
1786891500000,492.11,493.92,492.06,493.67,488.84
1786892400000,493.76,495.54,493.2,493.35,990.52
1786893300000,493.36,493.96,492.56,492.94,297.73
1786894200000,492.88,495.32,492.53,492.96,4104.03
1786895100000,492.96,494.17,492.95,494,270.56
1786896000000,494,494.33,493.32,494.05,642.86
1786896900000,494.05,494.43,492.75,493.29,1672.61
1786897800000,493.31,494.25,493,493.54,284.27
1786898700000,493.57,494.06,492.63,493.03,204.47
1786899600000,493.09,493.35,492.02,493.12,274.56
1786900500000,493.14,493.66,492.77,493.64,390.48
1786901400000,493.54,493.68,491.03,491.46,188.04
1786902300000,491.43,491.45,489.85,490.97,569.1
1786903200000,490.8,491.14,490.31,490.92,230.47
1786904100000,490.86,491.74,490.39,491.18,42.25
1786905000000,491.04,491.4,490.83,490.99,179.03
1786905900000,490.98,491.33,490.54,490.56,208.71
1786906800000,490.51,491.28,490.51,491.24,29.9
1786907700000,491.22,492.41,491.22,492.3,69.2
1786908600000,492.26,492.43,490.91,491.05,309.42
1786909500000,490.96,491.48,490.68,491.09,113.25
1786910400000,491.17,492.21,491.09,491.15,140.96
1786911300000,491.12,491.25,490.38,490.43,422.56
1786912200000,490.42,490.47,488.77,489.8,215.36
1786913100000,489.67,490.07,488.21,488.37,361.1
1786914000000,488.38,489.05,487.09,488.55,1559.07
1786914900000,488.53,488.85,487.59,487.7,207.42
1786915800000,487.67,487.87,484.47,486.4,3421.83
1786916700000,486.18,487.01,485.37,486.33,220.36
1786917600000,486.21,487.29,485.22,486.81,515.66
1786918500000,486.73,487.18,485.96,486.12,513.21
1786919400000,486,486.26,485.08,486.25,297.07
1786920300000,486.25,486.98,485.96,486.88,214.21
1786921200000,486.97,487.42,486.63,486.73,226
1786922100000,486.65,487.1,486.05,486.2,122.31
1786923000000,486.38,487.49,486.29,486.57,124.2
1786923900000,486.5,487.05,485.98,486.17,175.75
1786924800000,486.01,487.13,486,486.42,282.51
1786925700000,486.28,486.79,484.81,486.78,434.6
1786926600000,486.8,486.84,485.39,486.42,311.41
1786927500000,486.32,486.37,485.11,485.85,93.28
1786928400000,485.84,492.14,485.68,490.28,1676.65
1786929300000,489.95,492.02,489.41,490.97,268.61
1786930200000,491.04,492.05,490.64,491.78,107.69
1786931100000,491.89,492.55,490.32,490.39,907.2
1786932000000,490.39,490.92,489.05,490.28,248.43
1786932900000,490.19,492.03,489.57,491.87,217.73
1786933800000,491.79,493.57,491.32,492.48,334.81
1786934700000,492.44,494.47,492.18,493.38,1572.97
1786935600000,493.58,494.09,493.05,493.3,350.28
1786936500000,493.54,494.13,492.41,492.78,468.69
1786937400000,492.77,492.77,491.56,491.74,189.83
1786938300000,491.73,493.14,491.68,492.86,302.46
1786939200000,493.1,494.3,493.04,493.84,324.25
1786940100000,493.75,493.79,491.86,492.89,203.5
1786941000000,492.88,493.56,492.36,492.58,302.53
1786941900000,492.58,493.43,491.61,492.1,1443.4
1786942800000,492.06,492.72,491.68,492.2,1320.91
1786943700000,492.29,498.29,492.22,496.35,1354.81
1786944600000,496.38,496.48,494.82,495.18,946.65
1786945500000,495.19,495.59,494.32,494.41,273.04
1786946400000,494.44,503.91,493.99,502.63,4908.47
1786947300000,502.7,502.91,499.51,502.29,1875.41
1786948200000,502.42,519.09,502.42,517.77,8917.39
1786949100000,517.77,520.01,513.62,515.31,4455.41
1786950000000,515.5,516.38,512.73,514.26,2631.24
1786950900000,514.14,515.57,513.59,513.9,1027.01
1786951800000,513.89,514.77,513.1,513.73,1873.65
1786952700000,513.77,514.83,513.64,514.13,367.91
1786953600000,514.11,514.78,510,510.64,2498.42
1786954500000,510.64,512.51,508.99,512.36,2439.78
1786955400000,512.35,512.88,509.02,509.1,1098.75
1786956300000,509.09,509.76,507.62,508.99,682.67
1786957200000,508.99,512.16,508.99,511.96,1581.68
1786958100000,511.97,512.73,510.14,510.16,1205.18
1786959000000,510.1,510.52,508.92,510.45,1369.64
1786959900000,510.44,510.44,508.88,509.18,275.02
1786960800000,509.18,509.74,508.32,508.81,593.22
1786961700000,508.85,510.97,508.57,510.64,442.3
1786962600000,510.74,512.11,510.42,511.95,1020.07
1786963500000,511.95,515.06,511.27,513.49,1641.7
1786964400000,513.48,513.81,513.04,513.15,504.49
1786965300000,513.21,513.46,512.28,513.09,92.01
1786966200000,513.19,513.53,511.86,513.02,191.17
1786967100000,513.04,513.67,512.57,512.67,362.26
1786968000000,512.67,512.98,510.6,511.22,923.39
1786968900000,511.15,512.35,511.03,511.3,185.26
1786969800000,511.31,511.71,510.53,510.73,572.52
1786970700000,510.73,511.38,509.78,510.94,318.43
1786971600000,510.94,511.09,509.53,510.68,202.88
1786972500000,510.67,510.67,508.68,508.85,562.52
1786973400000,508.76,513.9,508.69,513.04,1711.97
1786974300000,513.04,514.6,512.13,513.38,1060.67
1786975200000,513.45,514.82,512.82,513.1,474.24
1786976100000,513.19,513.51,511.76,512.28,339.12
1786977000000,512.24,512.83,511.42,512.2,1503.19
1786977900000,512.2,515.75,511.94,514.95,2006.05
1786978800000,514.96,515.86,512.75,512.88,2630.93
1786979700000,512.96,515.08,512.81,514.51,785.75
1786980600000,514.48,514.8,513.13,513.13,1474.79
1786981500000,513.13,515.91,512.83,513.91,3646.46
1786982400000,513.98,514.31,510.3,510.3,2259.8
1786983300000,510.41,513.42,510.41,512.22,4437.98
1786984200000,512.27,513.44,511.41,511.41,2449.56
1786985100000,511.51,511.79,510.67,510.89,1410.29
1786986000000,510.98,511.04,508.96,509.14,2375.63
1786986900000,509.13,510.55,508.13,509.62,7461.84
1786987800000,509.62,509.9,508.31,509.37,1548.81
1786988700000,509.34,512.27,509.29,510.9,2138.36
1786989600000,510.9,511.95,510.7,511.36,235.43
1786990500000,511.36,513.25,511.36,512.6,407.59
1786991400000,512.7,519,512.59,516.67,1549.36
1786992300000,516.67,517.45,515.07,516.57,3152.6
1786993200000,516.56,516.56,515.07,515.07,408.81
1786994100000,515.09,517.12,515.09,515.52,714.94
1786995000000,515.49,517.57,515.08,516.83,1490.49
1786995900000,516.8,516.8,514.35,515.32,435.84
1786996800000,515.27,515.78,514.35,514.35,436.1
1786997700000,514.39,517.13,513.72,517.1,462.59
1786998600000,517.1,522.38,517.1,520.25,5126.39
1786999500000,520.3,520.52,517.06,518.01,2922.77
1787000400000,518.01,519.39,518.01,518.51,1385.11
1787001300000,518.51,519.16,515.9,516.51,1078.88
1787002200000,516.51,516.96,516.04,516.21,316.52
1787003100000,516.21,516.36,515.64,515.96,161.15
1787004000000,515.96,516.48,514.01,514.01,306.51
1787004900000,514.01,514.1,511.68,512.13,802.5
1787005800000,512.03,513.21,511.89,512.94,535.21
1787006700000,512.93,512.99,512.01,512.11,263.95
1787007600000,512.1,514.29,511.69,514.29,633.89
1787008500000,514.29,514.95,513.12,514.2,763.7
1787009400000,514.25,514.97,513.17,513.25,367.69
1787010300000,513.33,516.79,513.1,514.32,580.57
1787011200000,514.3,515.21,513.81,515.21,574.68
1787012100000,515.19,516.22,513.64,513.65,983.91
1787013000000,513.7,513.91,511.6,513.22,607.57
1787013900000,513.25,518.99,512.93,518.73,3611.13
1787014800000,518.69,518.96,514.88,515.41,3194.68
1787015700000,515.33,515.89,514.5,514.71,182.18
1787016600000,514.71,514.98,514.5,514.51,436.23
1787017500000,514.5,514.51,511.23,513,1245.22
1787018400000,513,514.18,512.5,512.83,498.53
1787019300000,512.8,513.44,510.61,511.07,1911.21
1787020200000,511.06,512.35,509.89,510.14,2205.58
1787021100000,510.14,511.49,509.67,510.71,1715.23
1787022000000,510.7,512.11,510.51,510.96,219.64
1787022900000,510.92,512.12,510.49,510.82,355.08
1787023800000,510.82,510.86,509.01,510.43,282.48
1787024700000,510.45,510.74,509.97,510.73,319.43
1787025600000,510.66,510.74,507.69,509.71,1243.73
1787026500000,509.74,510.37,509.22,509.98,214.93
1787027400000,509.97,512.39,509.87,511.37,599.15
1787028300000,511.36,511.82,510.09,510.24,71.14
1787029200000,510.22,512.76,509.6,512.58,342.28
1787030100000,512.67,513.05,509.73,509.87,648.92
1787031000000,509.86,509.86,506.96,508.39,1237.5
1787031900000,508.4,509.47,508.1,508.59,181.09
1787032800000,508.59,509.78,507.83,509.54,762.49
1787033700000,509.46,511.07,509.12,510.87,465.09
1787034600000,511,511.99,511,511.99,415.01
1787035500000,511.99,512.4,509.85,510.3,124.47
1787036400000,510.4,510.71,509.45,510.43,366.76
1787037300000,510.43,511.75,508.59,508.62,637.29
1787038200000,508.61,510.08,508.43,508.86,563.22
1787039100000,508.85,508.85,504.79,506.6,2138.19
1787040000000,506.59,506.59,503.45,504.84,1096.18
1787040900000,504.84,506.53,504.84,505.83,505.33
1787041800000,505.82,507.53,505.66,506.42,494.02
1787042700000,506.42,506.64,505.82,506.16,447.68
1787043600000,506.15,507.15,505.6,506.88,455.32
1787044500000,506.88,507.01,505.2,505.47,577.21
1787045400000,505.41,506.44,505.17,505.67,301.44
1787046300000,505.66,506.52,505.27,506.52,182.84
1787047200000,506.54,507.11,504.75,504.8,462.74
1787048100000,504.8,506.12,504.65,505.44,234.12
1787049000000,505.44,506.4,505.44,506.03,79.36
1787049900000,506.03,506.08,505.39,505.62,197.78
1787050800000,505.61,507.56,505.51,507.17,604.22
1787051700000,507.1,507.3,506.13,506.73,84.38
1787052600000,506.58,506.82,505.48,506.02,68.11
1787053500000,505.97,506.39,505.84,505.87,61.64
1787054400000,505.92,506.2,504.18,504.75,315.29
1787055300000,504.74,505.34,503.79,505.12,187.48
1787056200000,505.11,505.38,504.17,504.39,244.7
1787057100000,504.38,505.54,504,504.84,71.56
1787058000000,504.93,505.43,504.27,504.51,220.01
1787058900000,504.5,505.43,503.85,503.94,393.18
1787059800000,504.08,505.64,503.64,504.34,1192.78
1787060700000,504.26,504.56,500.72,501.05,1625.6
1787061600000,501.17,504.01,500.87,501.78,1459.09
1787062500000,501.78,510.76,501.4,509.98,2137.51
1787063400000,509.99,511.03,505.75,505.76,2623.33
1787064300000,505.75,508.38,505.49,506.9,1711.13
1787065200000,506.89,508.72,506.45,508.66,1008.44
1787066100000,508.56,513.21,508.31,513.04,1641.52
1787067000000,513.1,514.91,511.97,512.48,2642.89
1787067900000,512.49,513.51,510.12,510.35,942.9
1787068800000,510.31,514.02,510.09,510.75,2450.48
1787069700000,510.75,512.05,507.13,507.17,3298.21
1787070600000,507.11,509.65,507.11,509.1,764.06
1787071500000,509.17,509.93,508.34,509.61,359.95
1787072400000,509.53,509.86,506.8,506.8,1201.52
1787073300000,506.77,507.3,502.81,506.7,3711.64
1787074200000,506.79,506.83,504.99,505.44,967.46
1787075100000,505.38,506.11,504.62,504.81,699.58
1787076000000,504.81,506.7,504.56,506.6,340.26
1787076900000,506.6,507.23,506.01,507.1,181.41
1787077800000,507.11,507.61,505.83,506.87,4138.2
1787078700000,506.87,507.53,506.49,507.5,599.69
1787079600000,507.42,509.84,507.31,509.49,1444
1787080500000,509.44,511.01,508.89,510.38,452.15
1787081400000,510.15,511.36,509.7,509.72,901.41
1787082300000,509.76,510.45,509.22,509.73,440.46
1787083200000,509.7,511.01,508.9,510.93,360.01
1787084100000,510.85,510.85,509.46,510.23,706.27
1787085000000,510.24,512.05,508.9,508.9,412.26
1787085900000,509.07,509.13,507.53,507.92,1247.74
1787086800000,507.93,510.99,507.93,510.57,602.06
1787087700000,510.55,510.8,509.6,509.7,923.71
1787088600000,509.67,510.81,509.23,510.74,569.45
1787089500000,510.74,510.74,508.38,508.67,256.95
1787090400000,508.72,511.78,508.1,510.71,405.26
1787091300000,510.65,510.65,508.63,509.76,214.59
1787092200000,509.8,510.56,507.99,508.13,335.05
1787093100000,508.14,508.35,506.54,508.07,1260.82
1787094000000,508.11,510.65,508.01,509.32,466.52
1787094900000,509.36,509.81,508.84,508.84,195.38
1787095800000,508.89,510.38,508.84,509.81,200.89
1787096700000,509.79,510.36,508.67,509.13,372.3
1787097600000,509.24,509.31,506.66,506.72,427.74
1787098500000,506.7,506.89,505.36,505.49,637.28
1787099400000,505.55,506.83,504.04,506.01,843.77
1787100300000,505.91,506.61,504.54,504.61,661.67
1787101200000,504.62,507.43,503.76,506.27,629.42
1787102100000,506.17,506.39,504.91,506.01,256.55
1787103000000,505.88,507.97,505.61,507.32,187.54
1787103900000,507.11,507.77,506.52,506.65,184.35
1787104800000,506.63,507.17,506.03,506.53,236.39
1787105700000,506.57,506.59,505.8,505.9,618.01
1787106600000,505.95,506.71,505.7,505.83,1313.94
1787107500000,505.84,506.48,505.73,505.99,344.31
1787108400000,506.13,506.44,504.78,506.3,336.48
1787109300000,506.44,507.03,504.78,504.78,241.18
1787110200000,504.97,505.68,504.76,505.35,510.22
1787111100000,505.27,505.92,504.66,504.86,211.43
1787112000000,504.95,505.89,504.38,504.47,1238.94
1787112900000,504.52,505.5,504.29,504.82,341.96
1787113800000,504.81,505,503.54,503.95,349.83
1787114700000,504.05,504.91,503.43,504.44,671.72
1787115600000,504.38,504.69,502.41,503.76,1368.98
1787116500000,503.77,504.03,502,503.82,506.4
1787117400000,503.73,504.74,503.62,504.05,283.63
1787118300000,504.19,504.19,502.31,502.93,1548.35
1787119200000,502.99,503.26,501.3,501.48,939.61
1787120100000,501.48,504.24,501.39,502.19,1010.06
1787121000000,502.21,503.79,501.09,503.54,1069.18
1787121900000,503.54,504.94,503.18,504.32,1400.36
1787122800000,504.37,504.55,502.45,503.85,1167.27
1787123700000,503.97,503.97,502.63,502.68,988.55
1787124600000,502.8,503.48,502.01,502.42,1175.57
1787125500000,502.39,503.38,502.29,502.49,1481.22
1787126400000,502.48,505.22,502.21,504.84,364.64
1787127300000,504.87,505.92,504.65,505.63,215.72
1787128200000,505.61,509.96,505.28,509.16,702.07
1787129100000,509.17,509.79,507.76,507.76,800.28
1787130000000,507.77,509.14,507.51,507.51,787.1
1787130900000,507.48,508.66,507.14,507.56,271.62
1787131800000,507.67,508.14,507.13,507.31,589.3
1787132700000,507.31,507.65,506.62,507.2,114.43
1787133600000,507.2,507.38,504.69,504.95,244.33
1787134500000,504.96,505.52,504.86,505.2,1182.88
1787135400000,505.19,506.13,504.96,506.13,160.42
1787136300000,506.12,506.27,505.1,506.22,143.9
1787137200000,506.25,508.77,505.66,507.82,1962.61
1787138100000,507.83,508,507.2,507.26,432.47
1787139000000,507.26,507.81,507,507,804.42
1787139900000,507.01,507.17,506.6,506.7,363.26
1787140800000,506.7,507.37,506.57,506.65,412.8
1787141700000,506.66,508.06,506.29,507.65,530.75
1787142600000,507.67,513,507.58,513,2513.53
1787143500000,512.87,514.28,512.08,513.69,3364.36
1787144400000,513.69,513.9,509.8,512.54,3820.03
1787145300000,512.48,513.23,511.6,512.65,2480.4
1787146200000,512.65,513.26,509.49,511.5,1944.85
1787147100000,511.5,515.32,511.43,513.38,6859.17
1787148000000,513.56,517.33,513.56,515.29,6432.26
1787148900000,515.23,519.5,515.17,519.3,4334.78
1787149800000,519.26,525.49,518.09,525.19,6916.39
1787150700000,525.19,543.85,524.58,541.03,20601.27
1787151600000,541.02,553.59,537.88,544.18,36663.54
1787152500000,544.19,554.99,544,550.38,26889.51
1787153400000,550.2,552.19,546.39,551.17,8865.83
1787154300000,551.17,551.67,546.79,551.16,5996.82
1787155200000,551.1,556.96,549.69,551.26,15051.28
1787156100000,551.26,556.41,550.7,555.68,6305.14
1787157000000,555.65,557.94,553.96,555.32,4228.73
1787157900000,555.31,563.02,554.92,556.17,8325.67
1787158800000,556.17,558.29,550.59,551.87,10574.81
1787159700000,551.81,553.25,547.14,548.42,6706.4
1787160600000,548.42,551.35,544.76,550.66,8746.63
1787161500000,550.61,554.72,550.61,553.64,7422.18
1787162400000,553.71,553.94,547.07,550.65,5352.38
1787163300000,550.65,552.14,550.08,550.99,600.82
1787164200000,550.87,551.72,549.91,551.29,1405.01
1787165100000,551.13,552.79,550.61,551.64,1318.87
1787166000000,551.59,555.64,549.86,552.08,4070.68
1787166900000,552.1,555.29,550.01,550.74,6365.03
1787167800000,550.68,552,547.64,549.85,4782.96
1787168700000,549.98,552.56,549.77,551.84,1855.97
1787169600000,552.07,555.41,550.33,554.52,2859.03
1787170500000,554.6,557.16,554.12,554.68,2618.16
1787171400000,554.53,557,553.93,554.34,2405.86
1787172300000,554.38,568.82,553.68,560.32,11380.64
1787173200000,560.44,589,559.84,574.5,40610.21
1787174100000,574.46,575.33,567.2,570.18,10695.11
1787175000000,569.97,571.79,562.46,566.53,6107.17
1787175900000,566.64,579.15,566.64,575.41,3995.69
1787176800000,575.54,577.67,568.62,569.73,8530.06
1787177700000,569.05,570.4,563.48,563.99,8098.32
1787178600000,563.76,565.72,560.49,562.49,3354.77
1787179500000,562.33,563.1,558.51,561.65,2907.32
1787180400000,561.65,563.77,560.65,563.27,1342.4
1787181300000,563.17,565.3,562.67,564.22,1211.38
1787182200000,564.3,568.39,562.1,567.12,4102.75
1787183100000,567.29,567.47,563.24,565.75,3511.33
1787184000000,565.76,566.36,563.15,564.95,3282.53
1787184900000,564.96,566.94,563.56,564.81,1270.14
1787185800000,564.93,565.56,563.81,564.45,534.69
1787186700000,564.33,565.67,561.48,563.13,3122.55
1787187600000,563.12,565.46,559.88,560.27,4418.67
1787188500000,560.2,561,557.36,559.75,2350.67
1787189400000,559.78,563.69,559.56,563.59,1777.7
1787190300000,563.49,564.8,563.37,564.12,653.53
1787191200000,564.12,564.3,561.16,561.39,596.02
1787192100000,561.39,562.32,560.39,560.47,293.32
1787193000000,560.48,560.5,558.38,559.68,810.74
1787193900000,559.69,559.69,556.63,557.42,1380.85
1787194800000,557.31,557.31,553.05,555.03,3164.94
1787195700000,554.9,555.81,552.22,552.83,2732.52
1787196600000,552.73,554.55,552.66,554.09,1279.21
1787197500000,554.1,556.01,553.7,554.45,2237.61
1787198400000,554.49,556.11,553.22,554.72,1094.39
1787199300000,554.72,554.73,551.1,553.48,4941.03
1787200200000,553.49,553.7,551.4,551.69,1097.24
1787201100000,551.75,554.71,551.4,553.5,1308.67
1787202000000,553.26,554.45,552.72,553.1,611.72
1787202900000,553.09,555.84,552.88,554.13,1385.4
1787203800000,554.06,554.77,553.06,553.55,534.77
1787204700000,553.56,553.56,552.21,552.32,225.4
1787205600000,552.32,553.39,551.5,552.44,517.68
1787206500000,552.28,554.8,551.33,552.24,1270.18
1787207400000,552.32,556.96,552.09,556.08,3708.55
1787208300000,555.98,558.02,555.71,556.92,4150.87
1787209200000,556.92,560.99,556.85,558.68,3131.74
1787210100000,558.72,559.78,557.18,559.22,1364.49
1787211000000,559.23,559.49,556.69,558.14,2232.6
1787211900000,558.01,559.5,557.93,559.18,1070.99
1787212800000,559.18,566.14,558.27,565.61,6880.01
1787213700000,565.6,566.22,559.75,563.04,5275.9
1787214600000,563.08,563.96,561.12,563.09,3303.67
1787215500000,563.15,563.67,561.14,562.88,1507.38
1787216400000,562.78,563.91,560.39,562.38,1330.16
1787217300000,562.46,562.59,557.38,557.39,4842.54
1787218200000,557.34,559.74,553.98,558.81,3965.29
1787219100000,558.82,560,555.54,558.17,1945.9
1787220000000,558.09,562.88,557.49,562.59,6354.22
1787220900000,562.43,570.65,561.7,569.66,5572.09
1787221800000,570.04,575.24,566.49,566.49,5657.31
1787222700000,566.46,567.47,563.73,563.97,2164.07
1787223600000,563.9,565.15,561.41,562.93,2388.71
1787224500000,562.93,564.91,562.54,564.72,589.31
1787225400000,564.67,570.61,564.52,568.23,3109.44
1787226300000,568,569.39,565.87,566.34,3030.38
1787227200000,566.35,569.12,562.19,563.59,4121.29
1787228100000,563.36,564.91,561.48,564.65,2005.45
1787229000000,564.91,566.85,562.38,563.89,3541.21
1787229900000,563.92,572.1,562.51,572.1,1938.9
1787230800000,572.09,573.13,569.59,570.01,1835.02
1787231700000,569.95,570.54,566.12,566.2,1537.93
1787232600000,566.2,566.29,561.58,566.14,3269.88
1787233500000,566.42,570,563.71,569.7,2912.56
1787234400000,569.67,570.37,567.5,568.32,824.43
1787235300000,568.26,568.26,562.26,563.18,1732.71
1787236200000,563.18,564.56,561.3,561.35,1526.18
1787237100000,561.34,561.85,558.18,561.18,3657.16
1787238000000,561.02,566.61,560.49,564.81,7844.12
1787238900000,564.78,564.83,558.75,563.39,3403.83
1787239800000,563.42,568.05,561.59,565.35,4161.26
1787240700000,565.38,572.45,565.32,571.57,7375.73
1787241600000,571.63,575,570.41,572.57,7210.23
1787242500000,572.58,579.38,571.6,578.35,9958.57
1787243400000,578.37,599.2,578.05,595.38,38058.08
1787244300000,595.1,595.1,587.19,589.02,6599.03
1787245200000,589.17,591.27,582.6,585.41,4652.98
1787246100000,585.43,585.43,581.15,582.4,1996.86
1787247000000,582.35,584.12,580.21,580.89,4817.59
1787247900000,580.88,583.12,575.38,575.79,4473.09
1787248800000,576.15,578.26,565.56,565.98,11710.18
1787249700000,565.97,567.79,562.92,566.54,4281.16
1787250600000,566.53,567.18,561.57,564.23,3678.04
1787251500000,564.23,565.21,562,562.56,1808.82
1787252400000,562.47,566.77,561.92,564.82,1923.12
1787253300000,564.82,573.85,564.13,573.73,6101.87
1787254200000,573.72,574.95,571.57,571.57,3749.71
1787255100000,571.63,572.71,569.7,570.51,2142.05
1787256000000,570.55,577.2,570.49,577.01,4512.01
1787256900000,576.93,579.11,575.57,577.22,4240.91
1787257800000,577.22,579,575.79,576.96,3024.81
1787258700000,577.13,578.72,577.11,578.22,1422.08
1787259600000,578.21,578.75,576.43,578.27,1833.81
1787260500000,578.17,580.87,573.06,574.63,2685.99
1787261400000,574.66,575.31,571.36,572.15,1550.94
1787262300000,572.1,572.51,570.19,571.61,328.49
1787263200000,571.62,572.62,567.39,569.11,826.63
1787264100000,569.11,573.07,566.66,570.01,941.32
1787265000000,569.93,576.14,567.75,574.33,1648.28
1787265900000,574.25,576.07,571.87,571.89,846.96
1787266800000,571.9,574.99,571.9,574.13,1256.85
1787267700000,574.05,577.82,573.6,575.02,943.98
1787268600000,574.93,578.78,569.62,569.78,1814.97
1787269500000,569.89,570.4,567.03,569.84,1423.36
1787270400000,569.72,570.88,566.75,570.39,1238.24
1787271300000,570.35,571.46,567.15,571.24,3120.73
1787272200000,571.39,574.82,567.03,568.69,4434.72
1787273100000,568.41,574.38,567.05,571.63,1868.62
1787274000000,571.47,574.69,570.12,573.63,2417.43
1787274900000,573.59,577.67,571.78,574.59,3535.81
1787275800000,574.59,577.15,573.12,575.46,3738.41
1787276700000,575.33,584.07,572.48,572.61,10680.19
1787277600000,572.65,577.46,570.14,575.79,7918.6
1787278500000,575.83,577.63,571.54,575.42,3210.74
1787279400000,575.32,577.34,571.7,573.44,5150.53
1787280300000,573.45,574.12,568.87,570.01,6156.75
1787281200000,570.04,572.88,567.9,568.85,3541.07
1787282100000,568.94,571.82,568.48,570.34,4853.26
1787283000000,570.18,571.67,568.7,570.48,2436.24
1787283900000,570.58,573.17,570.38,571.01,2958.68
1787284800000,571.11,574.89,571.11,572.9,3265.25
1787285700000,572.95,576.1,572.94,575.14,2026.07
1787286600000,575.14,587.78,574.96,587.25,6538.11
1787287500000,587.17,596.22,586.3,589.97,20616.93
1787288400000,589.99,602.72,589.42,598.89,13356.37
1787289300000,598.88,613.67,598.28,607.25,14158.69
1787290200000,607.26,612.54,604.26,605.17,6538.74
1787291100000,605.2,605.2,597.56,598.17,10647.04
1787292000000,598.18,607.05,597.97,600.24,5856.11
1787292900000,600.24,601.47,596.18,598.61,3588.71
1787293800000,598.62,602.94,598.52,601.3,2644.34
1787294700000,601.37,604.22,599.5,601.99,1461.98
1787295600000,602.01,608.23,601.72,608.21,3563.6
1787296500000,607.99,627.76,607.56,625.85,18472.59
1787297400000,625.86,650,624.15,645.43,54442.7
1787298300000,645.17,645.41,631.77,638.86,23067.51
1787299200000,638.86,643.57,634.21,636.02,7657.55
1787300100000,636.02,645.12,632.76,636.15,6933.94
1787301000000,636.18,641.37,634.41,634.63,7171.83
1787301900000,634.57,642.97,634.52,641.41,12167.53
1787302800000,641.08,641.45,623.05,630.75,12280.61
1787303700000,630.38,640,624.83,639.98,6782.42
1787304600000,639.93,660.65,637.97,649.08,19367.46
1787305500000,649.14,660.09,645.91,647.27,17651.44
1787306400000,647.44,648.98,635.58,646.33,8688
1787307300000,646.32,651.2,644.88,649.81,5436.89
1787308200000,649.81,650.86,644.25,650.74,3692.04
1787309100000,650.79,668.2,650.76,658.61,14641.35
1787310000000,658.61,662,654.24,657.53,4706.39
1787310900000,657.59,657.59,643.71,644.17,10300.16
1787311800000,644.46,645,634.85,638,9423.56
1787312700000,637.91,642.7,633.32,640.29,7376.83
1787313600000,640.27,641.11,629,635.81,6913.33
1787314500000,635.54,637.07,634.36,635.4,2114.03
1787315400000,635.3,648.04,634.33,647.13,4208.67
1787316300000,647.13,651.4,643.14,646.65,7369.86
1787317200000,646.61,657.85,644.2,655.06,9506.93
1787318100000,655.06,656.65,646.64,649.7,6799.63
1787319000000,649.66,650.69,640.36,646.61,7916.15
1787319900000,646.51,652.07,645.07,651.15,5396.95
1787320800000,651.11,654.67,646.25,650.35,5901.63
1787321700000,650.46,655.79,646.85,653.13,8155.67
1787322600000,653.13,661.83,650.76,655.48,6311.41
1787323500000,655.13,660.51,654.86,657.79,2834.76
1787324400000,657.62,663.52,656.74,660.31,5568.15
1787325300000,660.31,662.17,652.65,653.43,8449.13
1787326200000,653.34,656.92,651.1,652.53,2926.33
1787327100000,652.53,658.91,651.89,655.04,3397.17
1787328000000,655.15,661.53,651.5,658.52,24832.03
1787328900000,658.53,677.96,657.87,676.82,35475.68
1787329800000,676.89,682.02,669.95,671.18,18550.02
1787330700000,671.24,679.63,670.81,675.39,9044.43
1787331600000,675.45,684.85,672.15,672.6,13500.69
1787332500000,672.33,677.19,663.81,670.74,17684.03
1787333400000,671.1,678.22,669.91,670.44,6057.39
1787334300000,670.44,673.84,666.71,669.7,5459.11
1787335200000,669.84,674.21,667.53,671.79,3424.59
1787336100000,671.79,674.62,666.72,668.97,5149.81
1787337000000,669.07,672.65,665.57,667.52,3259.14
1787337900000,667.52,677.32,660.65,675.04,13017.51
1787338800000,675.04,677.35,669.34,676.09,5595.89
1787339700000,676.09,688.58,671.24,685.17,8258.43
1787340600000,685.5,687.15,674.85,675.96,5733.64
1787341500000,675.97,684.37,675.77,681.04,6161.54
1787342400000,680.98,696.36,678.29,694.39,21465.1
1787343300000,694.42,722.48,692.55,702.7,52523.92
1787344200000,702.7,708.14,694.33,707.18,19410.57
1787345100000,706.83,712.09,699.98,709.23,13929.03
1787346000000,709.57,724.44,707.42,720.59,7955.37
1787346900000,720.41,723.78,710.81,712.06,9372.41
1787347800000,712,728,712,719.56,11097.22
1787348700000,719.49,727.99,716,725.88,5503.01
1787349600000,725.85,739,725.67,734.08,20506.72
1787350500000,734.07,735.57,720.27,724.13,20748.59
1787351400000,723.99,738.79,718.01,734.5,15961.42
1787352300000,734.4,739,729.63,734.72,12239.15
1787353200000,734.71,744.49,733.54,735.81,8322.05
1787354100000,735.71,737.84,730.42,732.72,4704.28
1787355000000,732.59,737.43,725.07,727.7,5326.73
1787355900000,727.69,736.55,726.22,735.31,3828.43
1787356800000,735.3,744.11,729.06,741.21,14496.27
1787357700000,741.2,744.45,735,735.4,7026.87
1787358600000,735.54,742.41,733.81,736.78,8429.25
1787359500000,736.76,740.83,734.55,735.23,6053.23
1787360400000,735.21,737.76,731.49,736.79,4460.05
1787361300000,736.57,752.14,736.05,747.62,9392.83
1787362200000,747.51,766.95,747.51,757.33,21442.93
1787363100000,756.93,819.71,756.93,812,42357.77
1787364000000,807.88,836.41,803.24,813.7,41356.73
1787364900000,813.71,819.3,807,817.46,13061.25
1787365800000,817.28,828.77,814.1,820.53,15021.03
1787366700000,820.9,823.89,810.72,818,10127.07
1787367600000,818,833.06,814.35,815.5,12990.35
1787368500000,815.96,825.62,815.96,822.99,4757.54
1787369400000,822.9,850.87,821.52,838.14,28679.89
1787370300000,838.3,861.71,834.96,837.67,16861.53
1787371200000,837.81,841.12,809.13,819.15,19378.12
1787372100000,818.94,826.99,803.43,822.66,23683.38
1787373000000,822.75,833.3,817.16,828.89,11571.24
1787373900000,829.41,831.03,818.42,823.69,8220.1
1787374800000,823.66,827.83,690,803.56,93108.14
1787375700000,805.94,807.73,758.9,793.29,33468.04
1787376600000,793.93,811.46,774.65,781.46,30716.36
1787377500000,781.32,806.74,779.26,793.32,13527.48
1787378400000,793.73,802.7,780.6,784.05,16059.16
1787379300000,784.05,796.63,780.98,786.68,11009.56
1787380200000,786.6,795.06,774.6,793.36,8586.67
1787381100000,793.45,804.94,792.91,798.25,6514.91
1787382000000,798.33,822.86,796.48,817.52,20906.3
1787382900000,817.66,834.98,812.51,823.56,23805.43
1787383800000,823.79,830.14,802.31,814.62,18107.11
1787384700000,814.62,816.71,806.01,812.11,7556.85
1787385600000,812.32,825,808.09,823.9,8881.23
1787386500000,824.2,824.43,780.09,781.92,45932.65
1787387400000,781.92,796.31,772.46,794.53,11460.86
1787388300000,794.35,799.85,787.04,792.34,5042.14
1787389200000,792.8,797.05,783.83,794.43,3641.55
1787390100000,794.43,796.75,788.08,790.51,2087.03
1787391000000,790.56,797.82,789.14,795.44,3387.14
1787391900000,795.45,797.72,785.69,796.5,4969.91
1787392800000,796.63,796.9,782,784.73,7026.53
1787393700000,784.56,788.63,766.25,786.43,9784.53
1787394600000,786.41,802,786.25,797.2,5105.13
1787395500000,797.28,797.77,789.42,790.5,1998.46
1787396400000,790.69,791.49,782.37,784.29,3991.62
1787397300000,784.02,787.22,777.51,783.35,6080.23
1787398200000,783.53,795.7,782.66,791.85,5133.05
1787399100000,791.81,798.08,790.86,794.66,6193.3
1787400000000,794.78,809.46,793.96,802.27,9047.63
1787400900000,802.28,810.02,799.19,805.07,3882.31
1787401800000,805.44,805.82,795.61,800.6,4469.09
1787402700000,800.57,804.94,797,797.61,3996.15
1787403600000,797.64,799.84,789.7,796.9,8249.05
1787404500000,796.9,797.94,786.2,787.12,2610.25
1787405400000,787.44,793.42,787.14,792.4,1835.41
1787406300000,792.52,800.06,790.71,796.27,3434.7
1787407200000,796.68,799.64,786.78,791.73,2145.55
1787408100000,791.79,796.23,789.57,793.22,842.21
1787409000000,793.13,796.93,789.55,792.34,3941.5
1787409900000,792.42,792.76,782.6,790.72,3936.15
1787410800000,790.72,797.43,788.38,795.06,2706.91
1787411700000,795.34,802.85,791.4,795.21,2666.57
1787412600000,795.09,796.54,785.81,790.5,6889.61
1787413500000,790.6,793.03,787.51,789.85,3080.16
1787414400000,789.86,793.65,785.9,791.22,1096.1
1787415300000,791.31,814,791.31,813.17,15840.37
1787416200000,813.18,823.43,805.58,821.28,12388.64
1787417100000,821.51,823.99,813.55,815.95,6078.05
1787418000000,816.07,821.44,814.6,817.97,2567.05
1787418900000,817.87,838.88,817.87,824.22,19776.37
1787419800000,824.25,832.39,824.24,824.88,5036.35
1787420700000,825.15,829.18,822.45,824.89,5085.39
1787421600000,824.91,838,824.91,835.52,5723.13
1787422500000,835.78,838.72,827.83,832.75,10229.47
1787423400000,832.87,839,832.61,835.49,5204.92
1787424300000,835.48,838.45,827.72,837.59,3915.6
1787425200000,836.99,846,835.39,844.15,9878.15
1787426100000,844.15,844.28,830.1,834.17,5705.3
1787427000000,834.18,845.78,834.07,844.17,3723.49
1787427900000,844.17,853,841.87,848.08,6233.58
1787428800000,848.85,857,839.54,840.2,11038.93
1787429700000,840.43,844.37,835.3,836.41,7289.48
1787430600000,836.57,842.97,830.01,839.64,10760.08
1787431500000,839.63,844.78,835.16,835.5,3391.77
1787432400000,835.35,837.67,818,819.05,11368.88
1787433300000,819.07,822.02,813.59,816.73,8948.49
1787434200000,816.75,818.77,791.33,807.4,21188.26
1787435100000,807.48,807.61,793.76,799.69,14055.93
1787436000000,799.85,806.32,795.07,804.55,9524.21
1787436900000,804.58,809.71,802.45,809.43,10815.71
1787437800000,809.48,810.68,801.24,801.84,8698.8
1787438700000,801.74,808.27,795.11,797.68,5362.69
1787439600000,797.53,798.93,788.32,793.71,10933.98
1787440500000,793.67,801.08,792.46,795.75,2396.88
1787441400000,795.75,798.83,792.26,795.68,2264.87
1787442300000,795.72,809.36,795.72,802.17,6056.08
1787443200000,802.36,807.81,784.28,794.54,12569.15
1787444100000,794.19,803.23,792.05,801.25,3807.42
1787445000000,801.02,804,797.44,798.35,3365.36
1787445900000,798.4,806.85,797.97,803.96,1851.81
1787446800000,803.98,805.9,795.87,803.87,2622.19
1787447700000,803.87,807.05,801.83,804.46,2111.64
1787448600000,804.49,805.39,800.28,802.71,1571.12
1787449500000,802.71,804.97,792.35,794.85,3341.76
1787450400000,794.97,795.34,787.21,787.91,4493.73
1787451300000,788.43,795.44,787.57,794.07,2096.46
1787452200000,794.18,798.47,793.43,796,2154.42
1787453100000,796.12,797.15,793.43,795.67,687.67
1787454000000,795.83,796.39,787.16,789.18,5714.38
1787454900000,789.18,791.08,785.26,787.45,1642.26
1787455800000,787.45,787.9,774.72,780.44,10630.99
1787456700000,780.41,788.84,780.41,782.45,2154.55
1787457600000,782.22,786.54,775.22,785.99,3318.69
1787458500000,786.08,787.49,778,783.27,2059.5
1787459400000,783.21,783.99,772.98,776.68,4249.59
1787460300000,776.69,780.4,765.67,777.02,11604.55
1787461200000,776.52,781.9,773.91,775.42,3844.53
1787462100000,775.07,796.57,775.05,789.49,11626.88
1787463000000,789.84,795.71,787.92,789.03,3213.15
1787463900000,789.07,790.74,780.1,780.24,2767.63
1787464800000,780.3,789.24,776.88,788.57,3006.51
1787465700000,788.06,792.74,787.02,789.07,1527.99
1787466600000,789.03,792.73,789.03,790.99,2608.98
1787467500000,790.85,792.75,784.66,786.71,1241.51
1787468400000,786.81,796.25,785.82,795.44,2502.45
1787469300000,795.69,805.19,795.35,801.4,5739.83
1787470200000,801.41,801.97,796.46,799.94,1571.79
1787471100000,799.88,805.5,797.64,802.79,1411.03
1787472000000,802.81,823.66,802.24,811.3,8882.96
1787472900000,811,812.3,807.06,810.77,1365.28
1787473800000,811.07,819.38,806.71,808.88,4888.03
1787474700000,808.61,810.83,806.14,809.84,1204.35
1787475600000,810.24,816.01,809.51,811.67,956.3
1787476500000,812.03,813.84,808,810.52,2936.24
1787477400000,810.37,811.56,801.23,804.28,8249.73
1787478300000,804.37,806.92,802.99,803.11,1481.76
1787479200000,803.04,818.7,802.54,817.91,8508.67
1787480100000,817.78,818.91,810.5,813.14,4968.85
1787481000000,813.08,817.57,813.08,816.46,1720.32
1787481900000,816.24,817.79,811.86,812.04,1736.76
1787482800000,811.97,818.12,811.25,817.55,1504.66
1787483700000,817.54,825,816.43,820.14,5192.11
1787484600000,820.19,829,819.26,824.58,3337.05
1787485500000,824.58,826.14,820.85,825.23,1262.48
1787486400000,825.23,828.55,815.26,817.51,2557.06
1787487300000,817.86,819.56,813,815.29,2192.32
1787488200000,815.28,817.9,814.19,816.63,901.73
1787489100000,816.61,816.61,814.18,815.02,723.46
1787490000000,814.79,824.12,814.52,822.53,2872.2
1787490900000,822.59,842,822.03,834.53,11975.05
1787491800000,834.86,868.78,833.59,853.29,27887.92
1787492700000,853.38,858.17,842.96,850.12,11907.2
1787493600000,850.29,878.23,849.41,859.91,17527.49
1787494500000,859.91,864.96,855,859.7,6284.04
1787495400000,859.11,866.82,830.11,844.61,14728.38
1787496300000,844.61,861.59,844.57,855.03,12751.73
1787497200000,855.19,859.15,844.64,846.03,7689.95
1787498100000,845.82,846.9,840.18,843.97,5709.91
1787499000000,843.97,846.42,840.85,845.31,3018.11
1787499900000,845.4,845.43,835.17,836.19,5596.36
1787500800000,835.99,847.55,835.98,845.66,4735.66
1787501700000,845.61,847.43,834.82,840.03,4083.3
1787502600000,839.56,847.45,838.51,845.75,4791.04
1787503500000,845.67,864,844.73,860.95,13105.29
1787504400000,860.99,865.41,852.49,856.27,7589.57
1787505300000,856.29,868.9,852.15,860.29,12628.93
1787506200000,860.62,861.18,855.25,856.1,3007.6
1787507100000,856.32,861,854,857,3580.44
1787508000000,856.9,875,854.65,872.49,11870.59
1787508900000,872.95,889.6,872.95,878.53,22667.86
1787509800000,878.55,882.31,871.81,876.47,7004.88
1787510700000,876.5,876.51,869.11,871.57,3806.45
1787511600000,871.72,874.54,865.18,870.81,4151.36
1787512500000,870.85,873.39,863.19,865.93,2887.88
1787513400000,865.93,866.99,860.34,863.02,3973.31
1787514300000,863.02,864.52,857.11,857.27,3928.76
1787515200000,857.28,857.77,839.27,842.64,16661.31
1787516100000,842.4,848.99,840.01,847.31,3037.17
1787517000000,847.32,856.39,845.58,853.15,4470.42
1787517900000,853.15,853.23,850.42,851.35,3678.61
1787518800000,851.38,866.94,851.37,865.82,6519.16
1787519700000,865.52,873.78,865.13,871.5,4900.5
1787520600000,871.46,874.85,861.48,863.15,5343.08
1787521500000,863.15,871.24,856,861.28,5851.57
1787522400000,861.28,864.4,854.96,857.81,3855.92
1787523300000,857.81,866.66,852.71,863.42,5369.16
1787524200000,863.42,864.58,856.38,856.42,3210.35
1787525100000,856.36,859.23,854.46,856.43,2405.4
1787526000000,856.11,856.93,841.63,845.6,6506.09
1787526900000,845.64,853.02,835.79,852.41,10882.86
1787527800000,852.4,858.72,848.55,854.46,6144.82
1787528700000,854.37,857.67,848.86,854.03,5146.81
1787529600000,853.54,854.27,844.47,848.59,8329.37
1787530500000,848.59,848.84,832.46,840.71,19136.2
1787531400000,840.71,844.18,832.99,834.13,7224.38
1787532300000,834.12,839.9,820,838.78,15445.54
1787533200000,838.92,839.49,825.46,826.16,2894.04
1787534100000,826.1,834.18,824.47,830.6,2844.39
1787535000000,830.65,833.1,828.25,830.45,1499.06
1787535900000,830.48,834.8,826.63,828.07,1701.71
1787536800000,828.08,833.48,822.4,833.04,2719.5
1787537700000,833.19,850.46,832.08,848.48,10191.15
1787538600000,848.42,848.42,840.95,842.66,5154.5
1787539500000,842.7,843.83,837.81,842.31,4452.98
1787540400000,842.33,844.55,831.54,833.28,2693.03
1787541300000,833.16,837.95,831.42,833.3,823.58
1787542200000,832.8,836.41,831.63,832.66,1831.86
1787543100000,832.46,836.86,828.55,830.01,1964.85
1787544000000,830.01,833.33,828.06,831.4,2750.88
1787544900000,831.41,835.85,830.87,834.96,665.36
1787545800000,835.14,837,832.07,835.65,1696.09
1787546700000,835.69,836.26,825.4,835.57,2284.27
1787547600000,835.57,840.73,831.84,840.73,903.6
1787548500000,840.82,841.61,835.08,835.68,660.14
1787549400000,835.78,844.63,829.51,841.47,1327.77
1787550300000,841.37,845,838.5,843.39,825.64
1787551200000,843.39,847.16,841.39,846.21,808.04
1787552100000,846.26,848.89,842.5,844.16,1259.84
1787553000000,843.98,844.52,835.23,835.57,2153.22
1787553900000,835.45,846.34,834.95,844.22,2053.91
1787554800000,844.39,855.1,841.92,851.75,5561.6
1787555700000,851.76,852.74,846.01,846.9,4531.95
1787556600000,846.77,846.77,831.99,833.58,5932.68
1787557500000,833.7,839.13,833.34,836.82,1511.59
1787558400000,836.88,837.53,828.94,830.5,3813.61
1787559300000,830.5,833.06,825,826.59,8654.09
1787560200000,826.38,835.1,825.53,834.96,4537.91
1787561100000,834.8,834.88,828.37,828.37,1415.31
1787562000000,828.51,833.36,824.79,832.99,1976.11
1787562900000,832.96,834.79,828.23,830.07,1762.63
1787563800000,830.08,832.01,828.59,830.2,908.55
1787564700000,830.3,833.23,829.78,832.32,800.72
1787565600000,832.11,840.66,830.85,838.43,4125.02
1787566500000,837.92,841.76,836.39,837.91,2839.67
1787567400000,837.91,844.57,837.12,841.97,3813.73
1787568300000,841.98,845.78,837.75,839.17,2387.09
1787569200000,839.22,839.41,828.57,833.96,4473.13
1787570100000,833.81,836.36,830.5,835.77,1264.77
1787571000000,836.01,850.55,835.23,847.71,10371.07
1787571900000,847.69,848.32,834.66,845.03,10249.88
1787572800000,845.03,847.26,837.63,837.63,1977.07
1787573700000,837.61,858.6,835.54,852.87,6462.17
1787574600000,852.42,857.39,848.02,851.7,7753.79
1787575500000,851.56,859.8,850.71,856.33,6626.56
1787576400000,856.34,859.7,850.91,855.09,4980.32
1787577300000,855.07,855.37,846.33,847.16,6380.31
1787578200000,847.12,847.56,835.31,836.71,16426.69
1787579100000,836.72,842.65,832.09,841.39,7121.91
1787580000000,841.67,848.73,836.52,848.38,10543.46
1787580900000,848.39,859.23,848.39,855.89,5772.62
1787581800000,855.91,871.75,855.89,864.62,12545.78
1787582700000,864.5,866.52,857.24,860.71,4790.98
1787583600000,860.62,861.83,851.53,851.53,7912.88
1787584500000,851.47,859.87,844.51,858.02,8176.41
1787585400000,857.94,858.09,837.59,839.99,8748.33
1787586300000,839.99,844.01,830.18,833.86,10687.13
1787587200000,833.9,844.02,833.84,839.33,7137.85
1787588100000,839.16,846.31,838.8,843.41,3677.76
1787589000000,843.58,845.86,837.7,837.7,2263.91
1787589900000,837.82,837.97,827.16,827.63,5887.87
1787590800000,827.56,836.03,813.65,828.71,22599.64
1787591700000,828.53,829.11,809.57,810.66,17599.14
1787592600000,810.5,816.67,806.22,810.2,11707.63
1787593500000,810.25,815.74,807.95,813.11,4673.46
1787594400000,813.06,822.7,811.28,822.7,8334.77
1787595300000,822.48,823.01,815.52,822.04,4795.57
1787596200000,822.07,822.46,809.03,815.13,3103.32
1787597100000,815.13,816.67,801,807,4940.03
1787598000000,807.08,809.17,801.56,803.36,6565.93
1787598900000,803.36,807.55,797.13,807.24,8791.37
1787599800000,806.87,811.22,804.31,805.67,3890.13
1787600700000,805.66,810.65,804.8,810.3,3365.28
1787601600000,810.53,815.5,809.97,813.81,2652.36
1787602500000,813.8,817.04,810.58,815.38,1066.49
1787603400000,815.45,823.31,815.25,821.91,5282.5
1787604300000,821.71,824,819.33,820.48,1933.44
1787605200000,820.49,826.99,820.48,825.85,1339.18
1787606100000,825.78,826.17,820.65,824.15,1550.37
1787607000000,824.5,826.92,821.55,826,1488.43
1787607900000,825.6,828.78,825.16,828.17,2112.38
1787608800000,828.17,836,827.21,830.99,6985.85
1787609700000,830.99,835.71,830.3,831.76,2620.19
1787610600000,831.86,837.5,831.86,832.12,1887.05
1787611500000,832.12,833.19,824.18,824.18,4466.35
1787612400000,824.8,828.84,820.28,824.03,3989.23
1787613300000,824.23,828.48,821,824.9,2769.78
1787614200000,824.97,830.86,823.61,829.45,2598.44
1787615100000,829.78,830.98,826.5,830.85,1445.31
1787616000000,830.85,833.59,827.79,829.87,1523.25
1787616900000,828.83,831.73,823.44,828.08,2954.82
1787617800000,827.96,842.53,827.39,841.87,4443.4
1787618700000,841.88,849.86,835.88,836.45,11879.73
1787619600000,836.49,846.97,834.01,834.68,4234.67
1787620500000,834.77,839.93,832.51,837.25,1938.16
1787621400000,837.5,839.14,832.76,832.99,1156
1787622300000,833,834.9,829.39,834.9,1326.91
1787623200000,834.87,837.58,831.97,833.62,576.31
1787624100000,834.12,864.85,831.89,864.7,17760.52
1787625000000,864.7,865.76,855.73,861.24,7614.19
1787625900000,861.21,863,853.2,854.21,7131.63
1787626800000,854.21,866.44,853.83,860.26,8482.49
1787627700000,860.16,862.7,856,858.84,2485.09
1787628600000,858,861.33,853.16,854.18,2568.83
1787629500000,854.18,856.42,848.92,850.41,1984.48
1787630400000,850.46,853.73,848,850.17,1059.78
1787631300000,850.41,850.7,842.58,843.64,6669.52
1787632200000,843.72,847.37,840,844.79,4379.58
1787633100000,844.6,847.77,843.58,847.77,7015.23
1787634000000,847.77,855.21,847.42,852.15,3546.33
1787634900000,851.79,855.16,851.06,852.33,2070.12
1787635800000,852.34,858.06,849.22,853.67,3377.69
1787636700000,853.6,857.25,852.32,852.48,1152.4
1787637600000,852.72,854.6,847.82,851.02,1145.49
1787638500000,850.87,853.5,849.78,851.92,1114.25
1787639400000,851.91,852.3,844.57,847.81,2124.31
1787640300000,848,856.66,847.19,851.42,1584.91
1787641200000,851.36,864.32,850.95,859.81,3322.75
1787642100000,859.66,861.13,858.11,859.57,1301.34
1787643000000,859.44,860.37,854.33,859.52,2111
1787643900000,859.83,868,847.19,853.14,12511.94
1787644800000,852.76,854.66,848.55,849.54,2332.41
1787645700000,849.12,855.18,848.64,849.55,3115.67
1787646600000,849.67,854.1,843.1,846.69,4616.47
1787647500000,846.7,847.99,840.45,842.18,4076.55
1787648400000,842.36,845.46,839.8,844.47,1998.99
1787649300000,844.63,851.88,843.73,848.53,2411.72
1787650200000,848.54,854.56,847.7,853.78,1540.42
1787651100000,853.74,854.47,837,839.81,8405.93
1787652000000,839.5,843.61,835.15,842.24,5201.59
1787652900000,842.25,843.58,838.03,840.37,2182.61
1787653800000,840.22,841.6,837.17,840.36,987.68
1787654700000,840.42,845.87,840.18,842.74,2412.74
1787655600000,842.77,843.8,834.15,836.54,2155.14
1787656500000,836.1,842.45,834.29,837.87,4872.71
1787657400000,837.92,839.94,834.16,834.21,1253.31
1787658300000,834.15,837.92,831.89,836.84,1567.04
1787659200000,836.83,840,829.35,839.64,2147.18
1787660100000,839.64,842.1,828.69,832.34,5948.78
1787661000000,832.4,835.21,830.45,834.64,3451.44
1787661900000,834.64,848,833.47,843.69,11078.3
1787662800000,843.78,844.82,822.73,823.74,8889.9
1787663700000,824.06,826.04,815,815.47,10067.54
1787664600000,815.47,831.44,815,818.78,8592.5
1787665500000,818.54,821.34,806.12,818.11,16367.72
1787666400000,818.25,822.27,815.46,816.21,7840.61
1787667300000,816.22,829.57,814.31,827.84,11315.32
1787668200000,827.92,831,821.37,822.86,10334.84
1787669100000,823,825.11,812.95,818.24,9114.67
1787670000000,818.42,818.42,807.12,809.2,16640.53
1787670900000,808.81,813.83,801.2,806.62,11994.67
1787671800000,806.59,810,805.68,809.64,6083.78
1787672700000,809.65,818.22,806.2,816.93,8486.84
1787673600000,817.18,817.51,800.39,807.28,16007.25
1787674500000,807.18,807.18,794.71,801.4,16762.76
1787675400000,801.4,809.46,800.64,809.06,4630.99
1787676300000,809.07,811.23,796.57,799.08,8863.32
1787677200000,799.08,805.97,797.34,802.05,10887.26
1787678100000,802.05,803.5,792.74,795.19,5251
1787679000000,795,799.11,794.2,798.61,9450.82
1787679900000,798.64,802.51,797.67,798.98,5309.96
1787680800000,799.11,800.96,791.22,796.07,4487.48
1787681700000,796.07,800.32,793.74,800.03,3193.12
1787682600000,800.03,800.16,795.51,799.6,1769.23
1787683500000,799.59,801.69,795.63,796.44,2124.23
1787684400000,796.32,798.31,793,796.67,2825.72
1787685300000,796.71,798,787.13,788.26,8025.54
1787686200000,788.25,790.02,777.78,781.28,16477.24
1787687100000,781.19,788.74,781.19,787.11,7683.92
1787688000000,787.11,787.65,779.45,784.19,2775.95
1787688900000,784.17,787.27,782.8,784.26,3771.38
1787689800000,784.08,787.41,780,780.74,3400.4
1787690700000,780.72,781.57,772.73,772.81,13785.05
1787691600000,772.74,774.85,751.57,766.76,49222.09
1787692500000,766.8,766.8,756.52,766.2,15211.17
1787693400000,766.08,780,764.88,778.41,13148.21
1787694300000,778.24,782.78,775.62,777.87,6536.5
1787695200000,777.78,784.67,776.94,782.32,8517.04
1787696100000,782.11,784,769.89,774.04,6674.23
1787697000000,774.05,779.15,772.5,774.85,2926.39
1787697900000,774.94,787,774.94,783.96,3119.28
1787698800000,783.61,789.21,778.89,781.62,6776.68
1787699700000,781.62,784.72,777.56,782.42,3625.47
1787700600000,782.55,782.69,773.88,775.25,2511.27
1787701500000,775.22,775.22,766.89,767.78,7545.73
1787702400000,767.78,769.99,763.31,765.33,8373.99
1787703300000,765.34,776.92,762.87,774,14243.18
1787704200000,774,776.1,769.2,772.83,13753.88
1787705100000,773.15,781.52,772.94,777.22,13240.53
1787706000000,777.23,783.96,774.45,776.3,5855.81
1787706900000,776.3,780.55,773.41,779.51,3945.17
1787707800000,779.59,784.85,779.24,783.17,3363.49
1787708700000,783.16,783.44,779.27,780.78,2182.85
1787709600000,780.86,782.09,778.09,778.35,1668.2
1787710500000,778.35,788.22,778.35,787.63,4923.29
1787711400000,787.45,788.21,781.87,784.15,3815.33
1787712300000,784.22,789.01,782.9,784.38,6176.88
1787713200000,784.38,787.9,780.26,782.54,5300.57
1787714100000,782.57,785.52,781.88,784.38,1302.26
1787715000000,784.38,787.09,781.12,784.55,11666.28
1787715900000,784.37,787.06,781.88,783.8,5885.24
1787716800000,783.8,786.66,780.65,785.25,621.56
1787717700000,785.36,792.22,783.96,787.55,2408.23
1787718600000,787.51,790.19,786,788.12,2097.12
1787719500000,787.85,788.68,783.87,784.07,1969.5
1787720400000,784.07,788.61,783.77,784.88,1080.14
1787721300000,784.85,788.1,782.4,786.67,992.15
1787722200000,786.68,794.31,785.29,792.87,2682.45
1787723100000,792.76,792.76,789.47,789.92,7136.71
1787724000000,789.92,793.5,789.1,789.35,4739.64
1787724900000,789.28,790.4,784.89,786.13,1609.71
1787725800000,786,788.84,783.28,788.5,2723.55
1787726700000,788.5,789.44,786.55,787.31,952.22
1787727600000,787.26,793.59,786.32,792.87,3105.21
1787728500000,793.12,796.91,790.07,791.22,2226.53
1787729400000,791.21,791.59,788.4,789.37,1312.2
1787730300000,789.17,791.63,786.24,787.66,2137.1
1787731200000,787.65,792.56,785.96,790.04,3858.02
1787732100000,790.11,792.58,786.51,789.22,1834.14
1787733000000,789.23,790.1,786.8,786.8,1116.5
1787733900000,786.82,787.39,778.88,782.63,7283.55
1787734800000,782.62,785,782.01,784.54,1192.22
1787735700000,784.45,788.19,777.31,786.05,18195.19
1787736600000,785.94,791.45,783.51,783.51,2857.65
1787737500000,783.51,786.59,782.37,785.76,3363.81
1787738400000,785.62,789.05,784.44,788.7,1489.52
1787739300000,788.69,790.76,784.81,790.46,3630.9
1787740200000,790.34,795.36,788.81,793.56,2439.11
1787741100000,793.77,795.36,792.64,792.84,1651.04
1787742000000,792.79,795.85,792,792.76,2215.29
1787742900000,792.81,792.81,787.82,790.14,1499.21
1787743800000,790.19,790.4,782.79,782.9,5576.24
1787744700000,782.9,785.05,781.74,783.76,2065.76
1787745600000,783.75,786.31,782.76,784.03,1266.93
1787746500000,784.03,792.44,782.89,792.25,3190.3
1787747400000,792.25,792.47,780.95,781.13,7140.04
1787748300000,781.04,783.65,780.36,781.52,4279.14
1787749200000,781.1,784,771.56,773.23,9367.35
1787750100000,773.31,776.36,758.01,765.85,27115.01
1787751000000,765.84,779.88,764.65,776.05,11125.3
1787751900000,776.21,777.2,764.92,773.25,5602.8
1787752800000,773.26,778.47,769.9,774.25,2816.4
1787753700000,774.24,776.95,764.49,766.17,4340.37
1787754600000,765.99,770.97,764.23,767.03,3710.13
1787755500000,766.88,768.58,762.69,765.84,6171.71
1787756400000,765.84,769.42,760.28,769.42,6188.01
1787757300000,769.35,778.94,766.98,778.02,7707.43
1787758200000,778.17,780,770.01,774.48,9123.06
1787759100000,774.47,777.87,769.75,770.25,3593.36
1787760000000,770.26,776.72,766.29,771.19,4936.22
1787760900000,771.28,774.12,764.06,767.26,4892.46
1787761800000,767.25,769.62,758,759.81,4436.05
1787762700000,759.8,773.13,759.8,770.22,12868.23
1787763600000,770.22,773.98,767.9,772.46,9688.19
1787764500000,772.46,780.69,772.17,779.36,6417.51
1787765400000,779.36,780.87,777.31,777.56,3615.97
1787766300000,777.7,779.65,774.89,778.09,2894.71
1787767200000,778.09,781.62,775.23,777.7,5064.01
1787768100000,777.94,780.99,776.98,779.8,3006.62
1787769000000,779.81,781.12,776.77,779.08,1050.79
1787769900000,779.07,788.32,779,786.04,3469.77
1787770800000,786.03,787.82,781.25,782.47,2173.27
1787771700000,782.46,787,781.74,787,1658.24
1787772600000,787,789.97,781.65,782.06,3849.07
1787773500000,782.06,784.6,781.86,782.94,1218.57
1787774400000,783.25,786.03,781.25,783.91,1967.79
1787775300000,783.82,784.92,776.98,784.29,3757.36
1787776200000,784.28,785.25,781.84,784.56,1970.13
1787777100000,784.53,785.65,783.56,784.22,608.66
1787778000000,784.22,787.4,782.87,786.22,2339.71
1787778900000,786.31,794.44,786.31,792.63,6163.91
1787779800000,792.11,794,787.58,787.58,1662.95
1787780700000,787.84,790.9,783.02,790.31,3371.36
1787781600000,790.01,795.65,789.28,794.76,2834.05
1787782500000,794.75,817.42,794.62,813.92,16032.18
1787783400000,814.02,815.96,808.9,811.34,4515.1
1787784300000,811.42,814.3,806.76,811.59,3976.35
1787785200000,811.55,820.06,811.02,814.02,6878.82
1787786100000,813.9,819.24,813.2,817.4,4648.26
1787787000000,817.41,818.98,814.5,817.8,2787.23
1787787900000,817.83,818.62,814.29,816.99,2698.57
1787788800000,817.08,817.97,809.05,810.96,3563.92
1787789700000,810.96,815.23,809.86,811.83,1835.29
1787790600000,811.81,811.81,802.96,806.39,3274.06
1787791500000,806.39,808.82,802.39,803.17,1481.07
1787792400000,803.17,805.05,797.29,800.72,5614.01
1787793300000,800.74,809.18,799.65,808.66,2458.99
1787794200000,808.57,808.62,800.7,801.1,2332.17
1787795100000,800.73,802.17,792,796.3,12959.55
1787796000000,796.3,799.52,793.69,794.17,4688.27
1787796900000,794.14,796.13,787.54,790.29,6125.28
1787797800000,790.29,791.32,777.63,779.78,14000.72
1787798700000,779.99,784.48,779.96,781.51,3229.74
1787799600000,781.76,785.29,781.47,784.01,2994.78
1787800500000,784.01,789.28,779.85,788.77,2864.19
1787801400000,788.4,788.43,780.23,781.45,1877.4
1787802300000,781.44,783.19,777,780.16,2539.67
1787803200000,780.19,782.47,778.03,780.44,937.85
1787804100000,780.58,782.01,778.21,779.42,1027.53
1787805000000,779.4,779.4,772.32,778.08,2594.82
1787805900000,778.08,778.41,775.03,777.79,592.48
1787806800000,777.78,778.31,774.37,777.09,1601.52
1787807700000,776.99,781.46,774.54,777.15,1385.57
1787808600000,777.11,778.31,774.03,777.74,2266.43
1787809500000,777.73,783.75,777.73,782.7,2643.85
1787810400000,782.69,782.69,776.34,778.06,1318.55
1787811300000,777.77,779.88,776.21,779.68,564.32
1787812200000,779.67,786.3,779.53,782.78,3717.4
1787813100000,782.77,787.74,782.77,787.31,2265.36
1787814000000,786.98,786.98,784.64,785.88,593.92
1787814900000,785.42,787.2,783.61,784.18,447.43
1787815800000,784.22,786.16,783.12,783.89,605.84
1787816700000,783.75,787.63,783.66,786.57,827.54
1787817600000,786.42,796.46,784.7,793.28,5322.16
1787818500000,793.3,795.27,787.49,795.25,2073.25
1787819400000,795.49,799.16,794.18,797.3,2981.18
1787820300000,797.36,799.92,791.22,793.49,2132.63
1787821200000,793.64,799.87,791.71,797.84,3080.48
1787822100000,797.98,806.31,795.06,804.65,3248.43
1787823000000,804.39,805.06,795.27,796.16,6295.38
1787823900000,796.16,798.92,791.06,794.74,4663.54
1787824800000,794.74,799.51,792.22,795.05,1385.8
1787825700000,795.04,796.45,777.44,785.12,4127.17
1787826600000,785.19,785.2,776.44,780.96,5946.59
1787827500000,780.96,784.68,777.56,781,4867.85
1787828400000,780.96,785.25,780.08,784.56,3282.7
1787829300000,784.46,786,778.47,779.35,2243.46
1787830200000,779.28,782.87,778.45,782.63,1213.99
1787831100000,782.39,784.55,779.46,784.04,615.21
1787832000000,783.96,787.42,782.82,785.86,2254.69
1787832900000,786.15,789.81,784.17,784.88,2084.14
1787833800000,784.41,784.41,779.26,779.26,2152.21
1787834700000,779.26,783.17,779.26,780.81,1433.27
1787835600000,780.85,787.05,780.77,785.69,1696.29
1787836500000,786.34,796.69,786.34,796.65,3944.38
1787837400000,796.69,796.69,788.69,791.09,7849.99
1787838300000,791.09,794.29,783.84,793.76,7837.02
1787839200000,793.52,795.66,789.03,790,2319.72
1787840100000,790.19,797.47,789.61,796.83,2284.9
1787841000000,796.78,803.19,795.04,801.82,5277.76
1787841900000,801.89,802.45,793.51,795.59,3178.71
1787842800000,795.59,801.6,792.81,799.41,4192.85
1787843700000,799.33,804.42,794.19,803.22,6874.51
1787844600000,803.21,804.86,794.09,799.27,6179.2
1787845500000,799.21,810.8,797.77,804.45,10055.36
1787846400000,804.43,808.75,799.37,804.27,3769.92
1787847300000,804.27,815.82,804.07,815.53,5981.16
1787848200000,815.37,818.28,809.75,817.59,7454.72
1787849100000,817.6,819.22,812.79,813.02,7973.4
1787850000000,813.14,829,811.48,823.5,9055.67
1787850900000,823.5,831.07,822.07,825.09,10430.86
1787851800000,825.33,835.68,823.99,825.28,8894.28
1787852700000,825.55,830.24,822.41,823.34,4604.14
1787853600000,823.5,824.21,809.33,809.73,8472.38
1787854500000,810.25,815.01,805.11,806.87,8566.94
1787855400000,806.87,813.72,804.08,812.57,9317.96
1787856300000,812.62,816.79,811.33,816.67,1903.26
1787857200000,816.66,820.97,814.92,817.73,2536.86
1787858100000,817.73,821.67,816.55,821.33,2250.21
1787859000000,821.33,824.19,813.93,816.5,4428.52
1787859900000,816.21,821.28,814.92,816.68,2887.46
1787860800000,816.59,819.9,815.27,816.49,1380.71
1787861700000,816.62,824.66,816.4,818.56,3509.07
1787862600000,818.56,819.77,816.81,819.51,724.39
1787863500000,819.5,820.7,813.81,817.28,3270.93
1787864400000,817.94,817.94,812.49,813.75,1603.81
1787865300000,813.64,813.83,809.02,809.71,5225.82
1787866200000,809.71,812.54,806.09,807.57,1677.22
1787867100000,807.63,810.38,807.18,809.28,904.38
1787868000000,809.47,816.66,809.47,813.32,2379.07
1787868900000,813.43,817.27,811.9,813.47,1600.15
1787869800000,813.47,815.81,812.53,813.93,850.07
1787870700000,813.93,814.59,812.14,813.68,2160.03
1787871600000,813.68,814.6,809.9,810.24,759.47
1787872500000,810.24,816,810.13,815.7,810.97
1787873400000,815.63,817.6,812.74,812.75,602.96
1787874300000,812.81,812.93,809.58,810.24,371.27
1787875200000,810.29,810.42,807.18,809.35,1503.46
1787876100000,809.15,813.76,809.15,813.5,535.97
1787877000000,813,817.51,813,813.11,1177.1
1787877900000,813.11,813.58,809.84,810.62,1199.49
1787878800000,810.62,817.61,810.13,813.78,4916.1
1787879700000,813.48,822.5,812.35,821.13,7355.2
1787880600000,821.03,824.15,811.28,811.56,4244.51
1787881500000,811.41,812.94,801.11,802.49,6139.15
1787882400000,802.43,802.51,792.91,794.6,8301.85
1787883300000,794.51,795.04,786.29,786.85,11390.49
1787884200000,786.91,787.91,779.56,781.99,14469.89
1787885100000,781.98,786.63,779,785.76,8371.95
1787886000000,785.58,785.58,778.41,782,5208.11
1787886900000,782.19,789.14,782,788.9,3053.2
1787887800000,789.08,791.5,786.75,787.47,741.38
1787888700000,787.36,788.9,786.6,788.17,1022.86
1787889600000,788.19,790.91,783.58,789.72,1925.83
1787890500000,789.6,791.74,786.69,787.01,1641.83
1787891400000,787.13,787.88,783.9,786.72,1187.55
1787892300000,786.62,786.94,785,786.27,1191.92
1787893200000,786.28,787.68,784.67,786.51,1063.63
1787894100000,786.55,787.81,784.18,787.8,602.08
1787895000000,787.63,791.54,787.58,788.77,2095.81
1787895900000,788.49,789.96,788.35,788.43,348.7
1787896800000,788.42,794.48,788.41,793.95,1156.13
1787897700000,794,794.25,791.82,792.72,1351.27
1787898600000,793.06,794,792.24,794,522
1787899500000,794.05,796.03,793.05,793.32,1281.22
1787900400000,793.48,793.65,787.36,788.58,887.05
1787901300000,788.86,790.84,788.77,790.19,489.73
1787902200000,790.41,790.7,788.26,789.44,1259.74
1787903100000,789.55,791.06,789.25,790.02,685.24
1787904000000,789.86,793.57,789.86,791.77,576.29
1787904900000,791.74,793.57,791.15,791.24,613.07
1787905800000,791.17,792.94,790.29,790.78,893.26
1787906700000,790.61,791.19,785.26,786.24,2036.9
1787907600000,786.24,792.41,785.15,791.12,3855.09
1787908500000,790.97,791.51,789.02,789.4,312.36
1787909400000,789.31,792.7,787.3,787.41,4801.04
1787910300000,787.59,790.49,787.59,790.09,810.22
1787911200000,790.01,790.34,786.07,788.94,1218.18
1787912100000,789.02,790.1,787.98,790.1,322.71
1787913000000,790.1,794.68,790.1,792.91,1392.42
1787913900000,792.74,797.43,792.73,797.42,806.38
1787914800000,797.42,803.72,797.18,803,2915.14
1787915700000,803.03,804.06,800.63,801.11,1566.88
1787916600000,801.2,804.08,797,799.67,4040.82
1787917500000,799.67,800.04,797.89,799.58,1204.68
1787918400000,799.58,808.16,798.97,804.29,2662.95
1787919300000,804.3,808.23,801.6,801.89,1406.94
1787920200000,801.81,802.05,790.45,793.36,5356.3
1787921100000,793.36,798.22,792.93,797.3,3609.09
1787922000000,797.16,799.3,794.85,796.86,1792.75
1787922900000,796.84,799.19,794.27,794.59,2700.15
1787923800000,794.51,798.08,791.83,792.43,1585.47
1787924700000,792.34,800.01,791.16,797,2925.08
1787925600000,797,802.07,775.18,784.78,24103.25
1787926500000,784.81,795.08,781.74,794.21,8503.56
1787927400000,794.07,817,790.57,814.49,25238.71
1787928300000,814.66,817.92,807.17,812.09,7535.68
1787929200000,811.98,816.85,803.4,805,7698.07
1787930100000,804.72,816.54,803.88,809.33,8400.4
1787931000000,809.33,813.67,802.64,803.12,6757.37
1787931900000,803.19,809.41,801.75,807,11516.65
1787932800000,806.99,812.76,788.72,789.89,19265.44
1787933700000,789.88,794.41,776.01,791.25,23589.56
1787934600000,790.95,802.28,790,797.39,7881.76
1787935500000,797.82,811.01,797.62,799.21,14060.95
1787936400000,799.12,806.04,794.77,805.46,7119.46
1787937300000,805.67,805.71,791.93,795.14,3888.52
1787938200000,795.25,795.59,786.76,791.29,4936.84
1787939100000,791.45,796.44,789.52,793.79,3436.63
1787940000000,793.48,795.04,787.72,788.16,2309.9
1787940900000,788.15,789.44,782.36,785.03,6770.05
1787941800000,785.04,786.05,782.27,783.75,1890.05
1787942700000,783.97,790.63,780.87,790.63,3994.22
1787943600000,790.28,799.1,788.77,797.04,8470.55
1787944500000,797.04,799,794.32,797.32,1632.79
1787945400000,797.32,801.06,796.76,799.3,3348.13
1787946300000,799.31,801.33,793.99,797.54,4702.93
1787947200000,797.44,801.4,792.34,793.24,4625.31
1787948100000,793.25,796.35,793.02,794.71,2270.37
1787949000000,794.34,797.15,790.59,796.15,4322.56
1787949900000,796.09,800.58,795.24,797.41,2287
1787950800000,797.42,798.55,793.82,794.47,2391.37
1787951700000,794.48,797.65,792.11,797.41,2779.38
1787952600000,797.61,800.77,795.52,796.32,2742.8
1787953500000,796.32,796.49,791.31,795.02,3027.24
1787954400000,795.02,799.75,791.45,799.65,1573.79
1787955300000,799.66,800.5,796.53,799.5,2417.11
1787956200000,799.51,801,796.92,800.94,2427.26
1787957100000,800.67,803.05,799.82,802.54,2853.17
1787958000000,802.53,803.39,799.8,802.71,2960.6
1787958900000,802.79,807.62,799.99,805.72,2842.13
1787959800000,805.71,805.99,803.09,804.26,1026.15
1787960700000,804.26,804.26,800.4,800.91,1674.19
1787961600000,801.25,806.9,800.55,805.29,1287.15
1787962500000,805.29,808.11,804.71,807.17,2276.86
1787963400000,807.17,808.36,803.71,804.13,3569.77
1787964300000,804.13,804.13,799.77,799.96,2133.46
1787965200000,799.98,800.02,795.81,797.67,2653.18
1787966100000,797.68,807.35,797.68,805.94,2703.98
1787967000000,805.78,808.52,804.54,805.88,2959.53
1787967900000,805.87,807.73,804.04,805.55,1884.38
1787968800000,805.55,807.72,803.04,803.08,710.1
1787969700000,803.26,804.52,799.29,802.08,2226.47
1787970600000,802.08,804.95,800.39,802.47,1119.59
1787971500000,802.91,812.27,802.27,808.73,2827.72
1787972400000,808.71,809.93,806.71,807.51,1251.82
1787973300000,807.52,808.5,805.78,806.1,538.91
1787974200000,806.19,807.14,803.55,804.27,912.69
1787975100000,804.35,804.96,798.77,799.3,2132.88
1787976000000,798.98,801.17,793.98,798.69,3443.71
1787976900000,798.69,800.9,797.89,799.18,519.65
1787977800000,799.31,799.68,795.26,796.79,634.98
1787978700000,796.79,801.85,796.17,801.01,625.37
1787979600000,801.01,802.67,798.96,801.41,627.08
1787980500000,801.41,801.85,797.19,799.67,701.39
1787981400000,799.67,803.62,798.23,802.39,5598.76
1787982300000,802.26,802.96,799.92,800.99,235.25
1787983200000,800.99,800.99,795.41,795.41,725.22
1787984100000,795.32,797.54,792.35,795.67,1321.07
1787985000000,795.51,796.75,794.19,794.68,788.54
1787985900000,794.67,796.39,793.88,794.52,578.51
1787986800000,794.55,798.24,794.55,795.17,747.76
1787987700000,795.16,796.01,793.33,793.34,523.03
1787988600000,793.25,795.55,791.37,793.49,461.82
1787989500000,793.48,795.8,792.58,793.13,330.15
1787990400000,792.88,794.29,790.74,792.36,557.75
1787991300000,792.48,793.45,790.94,792.39,874.59
1787992200000,792.39,792.43,789.88,791.05,1943.41
1787993100000,790.96,793.22,789.69,792.96,762.11
1787994000000,793.15,794.53,790.67,794.48,474.29
1787994900000,794.5,794.94,792.94,793.47,525.53
1787995800000,793.47,798.81,792.54,797.71,1469.36
1787996700000,797.65,800.14,795.54,797.98,1109.07
1787997600000,798.09,799.42,794.69,799.42,319.49
1787998500000,799.42,807.46,799.41,806.6,2495
1787999400000,806.65,806.73,803.18,803.84,1674.26
1788000300000,803.49,809.99,802.74,805.75,5803.91
1788001200000,805.49,808,804.34,807.52,1418.45
1788002100000,807.68,812.14,806.57,807.77,3068.48
1788003000000,807.58,808.75,805.77,806,894.85
1788003900000,806,807.1,804.44,805.07,2001.82
1788004800000,805.29,810.89,804.37,810.56,1959.09
1788005700000,810.59,815.48,808.61,809.72,1702.07
1788006600000,809.68,811.83,807.99,809.49,544.82
1788007500000,809.49,809.99,806.65,806.93,2275.05
1788008400000,807.19,811.67,806,811.01,1501.96
1788009300000,811.01,813.01,810.63,811.1,3144.24
1788010200000,811.11,811.6,808.71,810.06,884.02
1788011100000,810.03,813.06,809.51,811.24,1737.83
1788012000000,811.23,814.43,810.94,813.96,1209.54
1788012900000,813.91,817.29,811.54,816.66,3003.4
1788013800000,816.7,824,815.17,820.51,12143.64
1788014700000,820.96,854.53,820.61,839.99,16710.67
1788015600000,840,840.91,833.24,837.81,6088.88
1788016500000,837.94,840.18,834.53,835.8,2828.16
1788017400000,835.83,839,833.81,837.23,3330.43
1788018300000,837.03,837.99,832.13,834.99,4386.68
1788019200000,835.16,836.89,832.47,836.85,3970.37
1788020100000,836.95,839.43,835.03,836.18,4085.59
1788021000000,836.38,840.03,834.61,840.03,2726.31
1788021900000,840.03,844.52,833.73,835.57,5289.77
1788022800000,835.57,838.7,835.56,836.93,2019.55
1788023700000,837,838.14,826.33,828.69,3559.41
1788024600000,828.92,836.58,828.22,834.9,2323.45
1788025500000,835.18,838.52,834.56,837.1,861.06
1788026400000,837.06,838.72,833.69,834.66,895.08
1788027300000,834.67,836.62,831.42,834.96,1802.9
1788028200000,834.94,843.88,834.16,839.05,3341.26
1788029100000,839.31,842.03,834.56,834.99,2108.61
1788030000000,834.83,838,834.83,838,886.57
1788030900000,837.98,838,835.08,837.38,1133.97
1788031800000,837.32,837.66,830.35,832.05,1775
1788032700000,832.06,833.54,830.06,833.46,1102.64
1788033600000,833.93,837.77,833.37,836.57,2017.61
1788034500000,836.48,839.28,834.91,835.58,1529.1
1788035400000,835.44,836.6,832.98,835.89,1321.75
1788036300000,835.77,839.23,834.12,838.74,1092.23
1788037200000,838.79,843,837.45,840.94,3183.55
1788038100000,841.05,843,838.6,838.96,749.35
1788039000000,838.95,841.21,837.67,837.68,2671.46
1788039900000,837.68,841.47,837.68,838.64,1039.82
1788040800000,838.74,842.12,837.34,837.34,1649
1788041700000,837.53,839.09,836.05,838.93,1364.13
1788042600000,838.93,841.99,838.88,840.92,1486.3
1788043500000,840.92,842.83,839.83,841.08,1224.93
1788044400000,841.07,843.9,838.9,840.01,2224.24
1788045300000,840.01,842.15,838.86,841.54,948.55
1788046200000,841.55,846.19,841.42,843.44,1544.49
1788047100000,843.34,846,842.19,842.41,1303.45
1788048000000,842.41,842.79,837.92,841.2,989.85
1788048900000,841.19,844.71,839.91,840.83,1011.11
1788049800000,840.98,844.17,834.76,837.54,5698.82
1788050700000,837.55,839.83,836.61,837.2,1206.45
1788051600000,837.2,839.47,835.46,836.35,1343.08
1788052500000,836.35,838.47,831.67,832.51,1037.98
1788053400000,832.5,835.56,831.06,832.63,1348.48
1788054300000,832.61,835.84,831.08,832.19,753.71
1788055200000,832.29,835.59,830.36,831.18,1331.55
1788056100000,831.28,834.8,830.36,832.69,739.91
1788057000000,832.69,835.41,831.81,833.51,1020.22
1788057900000,833.52,836.34,831.92,831.92,769.35
1788058800000,832.11,833.86,831.5,833.04,1363.33
1788059700000,833.04,834.64,831.37,834.62,1285.36
1788060600000,834.48,835.2,832.55,833.78,408.42
1788061500000,833.78,833.86,831.25,831.73,455.79
1788062400000,831.78,833.2,824.69,825.96,4615.22
1788063300000,826.02,829.57,826.02,828.43,964.8
1788064200000,828.48,829.39,825.22,827.91,995.07
1788065100000,827.92,830.82,827.12,830.63,1058.53
1788066000000,830.57,832.23,828.94,829.06,618.75
1788066900000,829.06,829.22,828.08,829.19,646.25
1788067800000,829.22,830.51,828.36,828.91,1354.85
1788068700000,828.91,832.63,828.61,832.1,1403.38
1788069600000,832.12,833.62,830.91,832.99,813.65
1788070500000,832.99,835.75,832.19,835.28,1035.91
1788071400000,835.27,839.3,834.87,838.18,1908.16
1788072300000,838.03,839.3,836.73,838.06,1164.89
1788073200000,838.08,838.29,836.59,837.29,948.77
1788074100000,837.21,839.3,836.58,839.17,1605.84
1788075000000,839.09,839.16,834.2,834.96,914.17
1788075900000,834.95,838.48,832.63,835.96,993.28
1788076800000,836.17,837.08,832.99,833.09,735.25
1788077700000,833.08,834.95,832.9,834.28,513.97
1788078600000,834.27,835.32,832.57,833.21,705.86
1788079500000,833.2,836.48,832.22,836.08,919.39
1788080400000,836.07,838.49,835.53,838.32,1072.36
1788081300000,838.31,839.3,835,835,1086.09
1788082200000,835.02,836.72,833.61,836.56,624.48
1788083100000,836.56,837.45,833.96,835.5,662.04
1788084000000,835.4,839.01,834.12,836.61,1227.35
1788084900000,836.52,838.88,835.72,837.35,742.89
1788085800000,837.41,840.48,837,839.16,1037.7
1788086700000,839.14,842,838.68,841.57,1472.58
1788087600000,841.51,842.47,839.56,840.12,2034.88
1788088500000,840.35,840.5,838.05,840.02,599.27
1788089400000,839.91,842.71,838.79,840.18,1968.8
1788090300000,840.58,842.79,837.27,840.87,1763.27
1788091200000,840.76,848.71,839.11,845.5,6599.46
1788092100000,845.06,847.22,842.42,846.91,1586.21
1788093000000,846.81,851.74,844.21,847,5866.1
1788093900000,847.01,849.82,844.79,849.26,1831.74
1788094800000,849.38,856.56,844.17,844.26,9968.12
1788095700000,844.55,847.36,843,844.98,3399.83
1788096600000,844.81,847.5,844.72,847.07,1563.91
1788097500000,846.83,853.71,846.61,851.75,4833.16
1788098400000,851.73,855.72,848.22,853.96,4242.28
1788099300000,853.9,854.18,847.62,852.62,4056.43
1788100200000,852.69,854.17,849.85,850.63,4047.97
1788101100000,850.63,854.93,849.74,850.83,4330.86
1788102000000,850.95,865.16,849.73,854.27,7298.18
1788102900000,854.18,859.91,853.88,859.44,2343.58
1788103800000,859.43,875.7,859.41,867.6,14352.15
1788104700000,867.39,869.74,865.14,867.41,2058.61
1788105600000,867.39,871.1,864.13,870.26,4006.23
1788106500000,870.29,875.55,866.8,869.16,3147.66
1788107400000,869.37,876.67,869.37,873.11,3956.27
1788108300000,872.99,888,872.68,887.9,21337.17
1788109200000,887.52,888,876.32,876.95,4679.36
1788110100000,876.62,876.87,866.19,869.01,9312.85
1788111000000,868.51,874.12,868.19,874.12,2141.85
1788111900000,874.16,874.87,869.92,873.48,2656.73
1788112800000,873.66,874.13,866.39,869.95,1544.52
1788113700000,869.91,873,866.44,869.26,2440.1
1788114600000,869.46,872.78,869,871.1,1068.35
1788115500000,871.1,871.72,868.56,869.64,717.58
1788116400000,869.73,872.09,866.22,871.09,1600.23
1788117300000,871.32,871.82,863.88,867.3,5414.19
1788118200000,867.35,868.53,860.64,862.44,3627.25
1788119100000,862.47,865.43,860.64,864.53,6581.13
1788120000000,864.48,868.04,862.71,866.05,1478.32
1788120900000,866.05,868.36,863.89,864.17,1173.97
1788121800000,863.96,864.15,850.05,852.14,12249
1788122700000,851.97,856.7,851.97,852.98,8483.37
1788123600000,853.17,859.44,844,859.1,8345.43
1788124500000,859.09,861.55,856.94,858.5,4114.34
1788125400000,858.51,877.4,858.34,870.9,14310.17
1788126300000,870.91,875,868.87,873.71,4244.23
1788127200000,874.06,879.38,870.96,871.27,3863.47
1788128100000,871.11,871.12,858.38,861.31,5798.96
1788129000000,861.54,865.17,857.73,863.66,2522.65
1788129900000,863.61,864.12,857.76,861.38,5997.69
1788130800000,861.38,862.67,858.66,859.31,1892.17
1788131700000,859.4,862.89,842.08,843.01,9288.73
1788132600000,842.8,847.36,828.79,838.06,25734.23
1788133500000,838.12,838.48,816.57,834.82,26768.29
1788134400000,834.81,839.27,827.72,830,15503.06
1788135300000,829.98,841.35,828.85,835.52,13650.19
1788136200000,835.51,842.02,833.68,838.55,5973.62
1788137100000,838.54,838.55,834.01,834.89,1056.08
1788138000000,834.88,835.94,825.48,830.46,7859.3
1788138900000,830.55,839.22,828.67,835.91,6226.34
1788139800000,836.08,836.37,829.5,830.08,3517.66
1788140700000,830.05,832.88,820,822.02,4822.77
1788141600000,822.18,833.27,819.7,831.37,7891.19
1788142500000,831.4,833.26,826.86,827.7,2805.77
1788143400000,827.77,829.41,823.06,823.36,2558.66
1788144300000,823.3,824.01,802.38,807.97,41283.07
1788145200000,807.97,817.85,805.85,816.44,18841.81
1788146100000,816.45,818.19,812.89,816.19,8141.37
1788147000000,816.13,821.45,813.79,821.4,14711.09
1788147900000,821.41,822.62,817.93,820.13,7779.8
1788148800000,820.28,820.65,814.25,817.31,2332.94
1788149700000,817.35,817.91,813.97,814.89,2609.57
1788150600000,814.95,818.75,813.98,818.06,2687.16
1788151500000,818.06,820.04,814.83,819.42,1841.77
1788152400000,819.43,825.52,816.83,823.38,3600.32
1788153300000,823.47,834.11,822.02,828.15,6919.5
1788154200000,828.24,831.56,827.68,829.09,5462.87
1788155100000,829.13,831.27,828.24,829.44,1517.07
1788156000000,829.5,833,827.34,830.62,2517.67
1788156900000,830.61,833.92,829.22,830.33,1773.08
1788157800000,830.42,830.53,824.67,824.97,2254.12
1788158700000,824.98,825.8,821.71,824.48,2059.59
1788159600000,824.6,826.93,823.7,826.16,1960.53
1788160500000,826.31,829.44,825.37,827.14,1608.3
1788161400000,827.14,827.26,823.39,826.15,1193.88
1788162300000,826.16,827.11,825.32,825.95,1402.29
1788163200000,825.99,832.88,821.83,829.16,1913.01
1788164100000,829.13,830.23,825.64,828.34,596.2
1788165000000,828.38,834.32,828.38,832.19,1743.04
1788165900000,832.15,835.17,831.64,832.43,2160.91
1788166800000,832.48,835.24,829.26,830.57,2462.03
1788167700000,830.53,832.23,828,828.07,3456.28
1788168600000,828.13,830.74,827.31,828.81,1318.32
1788169500000,829.05,830.8,826.51,827.23,1386.91
1788170400000,827.51,828.18,823,827.93,1626.03
1788171300000,827.93,831.86,823.76,829.45,713.38
1788172200000,829.57,833.53,828.4,833.28,596.03
1788173100000,833.26,839.34,831.28,835.06,2789.68
1788174000000,835.2,843.64,834.15,840.13,4370.3
1788174900000,840.14,841.5,837.74,838.24,1873.09
1788175800000,838.24,838.53,835.69,836.71,3634.76
1788176700000,836.99,838.86,835.84,837.84,868.66
1788177600000,837.84,846.37,836.94,843.08,5053.51
1788178500000,842.94,842.99,832.67,836.11,2083.96
1788179400000,836.1,836.13,821.06,823.66,17953.57
1788180300000,823.7,824.17,820.08,821.6,4801.13
1788181200000,821.6,827.96,821.14,824.35,4801.38
1788182100000,824.35,827.62,821.78,824.16,2319.16
1788183000000,823.83,828.24,820.6,822.16,4835.22
1788183900000,822.12,822.15,816.72,818.32,6527.12
1788184800000,818.65,824.53,817.62,821.85,2899.97
1788185700000,821.09,826.41,820.39,825.83,1933.76
1788186600000,825.93,837.91,823.1,835.06,4476.99
1788187500000,835.31,838.28,827.79,833.32,2012.76
1788188400000,833.5,835.45,830.05,830.85,1218.33
1788189300000,830.5,838.88,829.81,837.67,1234.7
1788190200000,837.84,845,835.98,842.33,5833.12
1788191100000,842.25,846.13,840.25,842.93,4468.68
1788192000000,842.97,845.33,838.59,843.89,3168.86
1788192900000,843.71,844.27,836.92,838.58,4197.89
1788193800000,838.58,844.33,837.78,844.06,1776.14
1788194700000,844.36,845.78,839.12,839.15,2525.46
1788195600000,839.13,842.58,838.25,840.34,2208.57
1788196500000,840.32,841.89,829.31,833.26,7314.79
1788197400000,833.26,846.4,833.26,843.77,6070.54
1788198300000,843.77,852.45,843.56,850.96,11015.31
1788199200000,851,861.58,848.15,861.37,7174.18
1788200100000,861.38,872.15,858,860.94,12409.5
1788201000000,860.89,865.92,856.54,862.71,3601.43
1788201900000,862.9,868.99,859.69,864.48,8118.82
1788202800000,864.48,872.25,864.35,868.12,4479.83
1788203700000,868.15,869.69,861.6,862.95,3795.27
1788204600000,862.86,864.57,857.49,861.12,4623.05
1788205500000,861.11,863.71,857.03,857.49,6190.78
1788206400000,857.49,860.35,856.96,858.74,1934.36
1788207300000,858.79,861.41,851.57,853.16,7006.58
1788208200000,853.16,855.87,850.69,854.53,3266.87
1788209100000,854.53,860.65,854.52,856.22,4567.01
1788210000000,856.19,861.96,851.26,852.41,9083.66
1788210900000,852.4,860.97,849.52,858.65,4932.5
1788211800000,858.62,861.53,855.62,857.91,4550.41
1788212700000,857.9,860.86,854.01,855.25,2359.54
1788213600000,855.25,855.76,849.2,850.33,3903.96
1788214500000,850.25,850.96,846.76,849.68,1813.58
1788215400000,849.7,851.07,846.11,846.59,2246.15
1788216300000,846.52,849.27,846.52,848.86,1344.85
1788217200000,848.87,848.87,845.41,845.58,879.08
1788218100000,845.59,848.78,845.1,848.47,966.45
1788219000000,848.31,848.63,846.51,847.34,815.75
1788219900000,847.34,850.1,847.29,848.41,992.31
1788220800000,848.37,854.78,847.57,854.1,1776.04
1788221700000,854.08,860,853.9,857.82,2436.63
1788222600000,857.73,859.11,854.86,856.06,1003.53
1788223500000,856.17,860.72,854.78,857.33,1651.59
1788224400000,858,860.93,853.42,854.31,677.51
1788225300000,854.2,856.65,851.61,853.3,833.35
1788226200000,853.25,857.61,850.74,857.21,773.1
1788227100000,857.32,858.19,853.27,854.19,555
1788228000000,853.97,854.54,846.62,849.68,1824.98
1788228900000,849.63,852.62,847.93,848.59,810.56
1788229800000,848.76,850.88,847.65,849.14,1079.23
1788230700000,849.17,852.94,848.63,851.44,845.66
1788231600000,851.13,855.08,850.88,854.08,1039.29
1788232500000,853.91,855.22,851.21,854.49,1424.32
1788233400000,854.5,862.3,854.4,858.97,10139.25
1788234300000,858.9,859.26,856.15,856.9,1544.14
1788235200000,857.12,858.77,855.32,855.6,1036.49
1788236100000,855.84,858.17,852.35,853.16,2922.34
1788237000000,853.15,853.58,849.79,850.66,2308.02
1788237900000,850.67,852.56,847.68,852.55,3718.89
1788238800000,852.77,857.19,852.73,855.14,654.68
1788239700000,855.15,865.66,854.25,860.04,2651.95
1788240600000,860.27,870.66,859.1,865.69,2820.09
1788241500000,865.64,866.18,863.35,864.53,2819.76
1788242400000,864.39,864.39,860.63,863.03,1084.7
1788243300000,863.02,864.87,858.39,861.74,4451.77
1788244200000,861.73,862.79,859.59,861.23,2021.2
1788245100000,861.47,862.18,858.51,858.67,771.98
1788246000000,858.56,860.63,852.36,854.22,5567.35
1788246900000,854.3,858.94,854.26,855.54,1758.83
1788247800000,855.88,856.07,851.29,853.93,3029.59
1788248700000,853.76,853.95,851.22,851.83,1083.7
1788249600000,851.83,855.01,848.67,848.84,1877.14
1788250500000,848.97,849.91,835.63,838.24,5484.81
1788251400000,837.93,846.35,837.93,844.89,2120.85
1788252300000,844.91,846.94,843.2,844.41,765.59
1788253200000,844.39,845.39,838.47,838.69,3675.63
1788254100000,838.73,843.33,838.59,841.41,1776.24
1788255000000,841.4,842.68,840.5,842.68,799.12
1788255900000,842.93,842.93,839.84,840.77,767.5
1788256800000,840.76,843.85,839.79,840.73,3282.34
1788257700000,840.74,845,838.28,842.51,1681.8
1788258600000,842.52,849.56,841.92,845.9,5089.36
1788259500000,845.89,847.09,841.94,844.51,1813.13
1788260400000,844.19,844.19,839.83,842.05,4913.5
1788261300000,842.12,847.05,841.8,846.44,2199.95
1788262200000,846.44,862.55,845.25,857.11,9525.17
1788263100000,857.12,865.25,856.68,858.26,2579.64
1788264000000,858.22,858.99,855.6,857.88,816.93
1788264900000,858.56,862.68,854.93,856.9,3332.18
1788265800000,856.99,857.73,841.96,849.07,16253.98
1788266700000,849.1,851.42,846.57,846.62,2087.75
1788267600000,846.62,848.02,840.69,847.35,3301.69
1788268500000,847.3,848.98,844.96,846.81,1930.28
1788269400000,846.81,850.06,840.74,848.65,6744.9
1788270300000,848.59,860.89,848.04,852.45,13065.39
1788271200000,852.85,863.85,852.31,858.37,9161.16
1788272100000,858.35,861.4,853.94,855.22,3077.28
1788273000000,855.22,858.75,853.45,858.54,1340.82
1788273900000,858.59,862.48,853.07,854.34,5544.94
1788274800000,854.35,854.97,845.02,847.15,11235.99
1788275700000,847.15,854.9,845,854.86,3078.37
1788276600000,854.89,858,852.32,857.1,4739.62
1788277500000,857.1,859.58,853.57,853.88,1340.3
1788278400000,854.15,855.43,846.86,847.13,4301.34
1788279300000,847.12,850.24,831.96,840.51,13952.71
1788280200000,840.51,841.63,831.68,834.61,5242.62
1788281100000,834.56,840.99,834.25,838.13,2745.92
1788282000000,838.15,839.86,835.9,836.16,2267.06
1788282900000,836.08,839,833.81,836.37,2364.04
1788283800000,836.5,839.97,835.78,836.46,2679.34
1788284700000,836.32,837.65,827.3,828.5,9542.31
1788285600000,828.47,831.82,823.33,824.74,11212.64
1788286500000,825.47,826.02,818.41,824.1,11728.54
1788287400000,824.09,826.56,819,821,9773.12
1788288300000,820.78,832.18,820.13,829.66,9430.05
1788289200000,829.34,831.84,826,826.94,6284.91
1788290100000,826.93,833.64,826,832.34,2159.67
1788291000000,832.3,833.92,829.05,831.68,2233.34
1788291900000,831.68,832.85,828.2,831.55,4214.36
1788292800000,831.54,831.92,825.7,829.83,3592.94
1788293700000,829.83,830.4,821.09,825.25,9233.85
1788294600000,825.24,828.45,822.82,823.54,3176.2
1788295500000,823.42,827.32,821.85,826.64,2625.38
1788296400000,826.63,826.98,819.69,820.29,3963.93
1788297300000,820.36,825.55,816.8,824.38,4693.29
1788298200000,824.38,824.38,819.47,821.64,1426.41
1788299100000,821.63,825.03,821.44,822.93,1349.56
1788300000000,822.93,825.67,821.98,825.2,1077.02
1788300900000,825.19,826.08,823.11,823.28,616.9
1788301800000,823.27,826.95,823.13,825.75,676.82
1788302700000,826.26,829.96,826.16,827.37,1276.68
1788303600000,827.42,829.76,826.8,826.8,816.86
1788304500000,826.82,828.81,825.38,828.81,371.47
1788305400000,828.85,831.74,828.54,831.1,1298.38
1788306300000,830.84,832.43,829.35,829.95,930.35
1788307200000,830.29,834.02,830.22,832.56,857.52
1788308100000,832.52,834.09,829.96,829.96,307.05
1788309000000,829.84,831.58,825.69,826.16,911.82
1788309900000,826.21,831.24,826.01,829.95,946.11
1788310800000,829.79,832.23,826.28,830.41,1491.65
1788311700000,829.86,830.94,826.18,826.18,1150.1
1788312600000,826.18,828.46,821.65,822.4,1067.74
1788313500000,822.4,823.11,818.85,821.45,2582.36
1788314400000,821.43,827.36,818.43,824.76,5794.29
1788315300000,824.77,835.08,824.59,833.58,3733.92
1788316200000,833.57,833.97,830.25,831.31,2679.22
1788317100000,831.13,833.63,830.75,832.53,1078.95
1788318000000,832.69,839.14,832.5,837.35,2110.64
1788318900000,837.5,842.34,836.4,838.83,2299.8
1788319800000,838.84,840.73,836.8,840.38,2097.69
1788320700000,840.33,842.43,838.47,839.78,1291.67
1788321600000,839.89,839.89,832.07,834.22,3162.68
1788322500000,834.12,836.42,832.07,835.33,1216.13
1788323400000,835.57,838.36,835.05,837.73,857.44
1788324300000,837.77,839.6,836.72,837.98,1435.62
1788325200000,837.95,839.51,835.65,839.42,478.46
1788326100000,839.35,841.82,838.82,839.6,1043.84
1788327000000,839.6,839.76,835.65,837.52,664.44
1788327900000,837.6,838.54,835.1,835.6,504.16
1788328800000,835.93,836.57,832.21,832.6,1230.57
1788329700000,832.71,836.53,828.95,834.56,853.88
1788330600000,834.55,838.85,832.97,837.46,725.93
1788331500000,837.46,839.09,834.04,835.84,488.67
1788332400000,835.86,839.89,835.55,839.49,365.06
1788333300000,839.56,839.56,835.09,835.11,737.24
1788334200000,835.16,836.73,834.48,834.48,1050.96
1788335100000,834.54,836.67,832.95,834.31,694.71
1788336000000,834.27,834.92,830.35,830.65,1341.09
1788336900000,830.67,833.09,830.51,830.51,1109.16
1788337800000,830.56,830.56,822.35,822.74,1258.55
1788338700000,822.73,824.48,817.59,820.86,8020.71
1788339600000,820.86,828.21,820.85,824.09,1909.91
1788340500000,824.18,824.86,817.98,823.07,3630.38
1788341400000,823.31,823.31,800.75,806.4,22117.28
1788342300000,806.4,810.46,805.32,810,2124.16
1788343200000,809.94,809.95,801.46,804.19,4442.03
1788344100000,804.18,806.05,803.28,804.21,1107.1
1788345000000,804.21,806.26,802.38,805.71,2912.97
1788345900000,805.72,805.95,792.39,801.12,19685.97
1788346800000,801.13,801.13,792,794.56,5606.3
1788347700000,794.66,794.83,788.02,789.75,8196.62
1788348600000,790.13,794.01,788.67,793.31,11211.21
1788349500000,793.31,799.98,792.54,798.86,5778.91
1788350400000,798.73,800.05,793,793.85,5137.55
1788351300000,793.82,804.86,792.63,803.11,4019.47
1788352200000,802.84,803.69,798.2,800.36,3138.94
1788353100000,800.35,800.35,793.64,794.97,1962.44
1788354000000,794.88,801.47,794.87,798.22,2330.52
1788354900000,798.33,803.1,798.04,801.12,696.75
1788355800000,801.11,816.36,798.42,815.17,4125.08
1788356700000,815.16,818.93,807.11,809.75,3128.16
1788357600000,809.61,813.91,807.87,812.96,1876.74
1788358500000,812.98,817.17,809.8,815.87,1933.06
1788359400000,815.74,819.3,809.79,817.27,8524.8
1788360300000,817.28,821.36,812,812.44,7545.7
1788361200000,812.48,815.33,805.58,806.68,3943.43
1788362100000,806.94,813.42,806.93,811.88,2536.93
1788363000000,812.18,818.12,810.91,816.63,3306.77
1788363900000,816.77,816.77,811.91,814.84,1293.29
1788364800000,815.08,817.97,812.11,817.16,1865.49
1788365700000,817.19,822.27,814.85,817.45,4614.21
1788366600000,817.51,818.72,813.61,813.61,1286.68
1788367500000,813.5,816.57,811.42,812.87,1239.33
1788368400000,813.16,814.15,806.18,807.37,4923.25
1788369300000,807.26,808.91,805.13,807.97,1935.41
1788370200000,808.24,812.26,807.88,812.26,808.17
1788371100000,812.72,814.3,812.02,813.46,565.54
1788372000000,813.58,814.45,811.83,813.66,894.82
1788372900000,813.91,815.71,810.94,811,737.1
1788373800000,811.25,812.56,810.16,811.93,1076.73
1788374700000,812.03,813.93,811.75,812.77,997.11
1788375600000,812.43,813.4,810.64,812.76,917.87
1788376500000,812.63,813.28,807.63,807.79,598.06
1788377400000,807.62,811.67,806.15,811.57,3020.83
1788378300000,811.48,813.28,808.98,812.86,7016.7
1788379200000,813.16,819.26,811.5,813.61,2995.94
1788380100000,813.3,816.81,809.4,813.66,956.2
1788381000000,813.46,816.17,812.42,812.77,1568.19
1788381900000,812.41,815.3,810.41,814.28,285.85
1788382800000,814.31,814.93,811.65,813.71,175.6
1788383700000,814.14,814.18,811.78,812.09,631.52
1788384600000,812.05,819.52,810.62,816.87,670.56
1788385500000,816.88,817.57,813.52,814.29,1001.37
1788386400000,814.24,814.69,810.69,811.93,846.52
1788387300000,811.71,812.96,810.54,812.14,521.77
1788388200000,812.5,812.5,810.57,811.16,1234.18
1788389100000,810.88,812.39,809.58,809.58,567.72
1788390000000,809.76,816.21,809.34,816,948
1788390900000,816,816,812.77,814.03,383.84
1788391800000,813.97,815.53,811.07,811.56,737.17
1788392700000,811.64,817.34,811.36,816.19,1223.43
1788393600000,815.98,817.59,813.17,813.31,599.86
1788394500000,813.3,813.56,810.57,811.06,738.47
1788395400000,811.05,812.61,806.46,810.42,3156.73
1788396300000,810.61,811.86,809.01,809.25,1078.84
1788397200000,809.2,817.79,805.49,817.44,1836.21
1788398100000,817.16,819.99,816.3,819.95,930.73
1788399000000,819.96,822.91,816.77,817.63,2184.09
1788399900000,817.63,818,814.05,814.95,1175.63
1788400800000,814.95,820.16,814.4,819.64,717.1
1788401700000,819.81,821.92,818.59,820.86,1257.73
1788402600000,820.8,828.52,820.1,824.78,3938.59
1788403500000,824.58,826.73,824.01,824.63,827.49
1788404400000,824.81,824.81,820.75,823.36,719.86
1788405300000,822.9,824.21,819.39,819.41,827.74
1788406200000,819.39,821.54,817.71,817.98,1067.44
1788407100000,817.9,820.49,817.7,819.58,220.34
1788408000000,819.55,823.24,818.63,818.9,524.83
1788408900000,818.75,818.85,816.37,818.03,349.02
1788409800000,817.83,819.03,815.91,816.52,1030.31
1788410700000,816.62,825.5,816.62,824.03,511.72
1788411600000,824.13,825.39,820.87,822.5,407.11
1788412500000,822.49,822.64,813.2,816.19,1678.99
1788413400000,815.55,823.6,815.3,823.37,799.17
1788414300000,823.39,828.97,822.09,827.28,1047.7
1788415200000,826.85,830.8,825.96,829.75,1270.45
1788416100000,829.79,835.08,829.77,830.44,1748.6
1788417000000,830.43,834.36,829.96,833.96,1125.67
1788417900000,833.77,833.77,830.84,831.31,551.76
1788418800000,830.94,837.59,830.93,834.14,1489.8
1788419700000,834.22,834.91,829.76,830.75,620.94
1788420600000,830.77,834.66,828.8,831.66,726.62
1788421500000,831.66,832,825.92,827.66,908.87
1788422400000,827.66,833.34,827.66,830.75,1380.28
1788423300000,830.76,831.28,827.98,830.17,399.03
1788424200000,830.25,830.92,827.82,828.42,263.7
1788425100000,828.34,829.98,826.96,828.86,609
1788426000000,828.87,832.58,828.3,831.14,601.8
1788426900000,831.23,832.28,828.82,828.94,686.54
1788427800000,828.83,831.13,828.17,830.29,294.03
1788428700000,830.61,831.73,828.12,829.43,256.83
1788429600000,829.42,832.99,829.06,830.08,1129.64
1788430500000,830.22,834,829.45,830.78,749.04
1788431400000,830.77,831.89,827.63,828.69,537.66
1788432300000,828.68,833.51,828.68,833.3,403.37
1788433200000,833.38,836.65,832,836.09,1697.25
1788434100000,836.23,845.61,836.23,845,2676.33
1788435000000,845.01,848.32,842.43,844.56,3402.31
1788435900000,844.7,846.7,842.08,845.82,1258.34
1788436800000,845.86,846.8,842.78,846.47,1422.35
1788437700000,846.47,849.48,842.16,842.21,2892.21
1788438600000,842.72,850.13,842.51,844.77,1956.08
1788439500000,844.61,849.54,843.11,847.19,1606.38
1788440400000,847.24,848.95,844.45,848.01,1465.8
1788441300000,848.11,850.4,845.88,850.2,1957.21
1788442200000,850.2,860.3,850.2,858.44,8752.07
1788443100000,858.83,859.45,853.48,856.57,3802.48
1788444000000,856.58,864.37,854.99,863.97,11368.84
1788444900000,863.92,865.77,859.66,863.29,6221.63
1788445800000,863.44,866.36,858.25,858.97,7766.81
1788446700000,858.8,874.98,858.45,872.11,21261.72
1788447600000,872.02,875.66,864.68,871.9,17620.74
1788448500000,871.94,917.29,870.71,914.99,43658.54
1788449400000,915.27,930,910.95,925.62,32746.42
1788450300000,925.63,968.42,918.39,955.4,34444.72
1788451200000,955.99,959.1,935.84,947.14,17050.12
1788452100000,946.92,946.92,934.2,938,6919.96
1788453000000,937.91,943.54,936,941.87,5733.95
1788453900000,941.82,950.99,939.79,941.35,9712.67
1788454800000,941.35,948.86,938,947.28,3944.08
1788455700000,947.33,950.84,941.21,945.18,4492.59
1788456600000,945.38,954.21,943.32,949.06,4640.24
1788457500000,948.99,953,946.66,948.55,3985.89
1788458400000,948.56,956.72,946.34,955.36,2989.46
1788459300000,955.36,966.77,953.31,958.98,6701.52
1788460200000,958.88,966,957.08,959.37,4510.35
1788461100000,959.36,965,957,964.54,4306.37
1788462000000,964.78,975,960.3,961.94,9594.56
1788462900000,961.92,978.34,961.8,968.57,10622.64
1788463800000,968.65,980.92,964.04,977.48,6107.02
1788464700000,977.5,977.99,965.32,967.21,4561.24
1788465600000,967.22,972.12,959.31,965.83,6197.42
1788466500000,965.86,969.29,960.54,966.37,2281.89
1788467400000,966.66,967.38,957.11,959.68,4158.25
1788468300000,959.64,962.46,954.82,956.49,3530.58
1788469200000,956.41,962.81,956.41,961.82,2409.28
1788470100000,962.06,963.56,956.82,962.01,1433.02
1788471000000,962.31,970.4,954.47,955.02,3754.6
1788471900000,955.07,955.34,946.67,950.58,5681.74
1788472800000,950.58,952.08,944.61,948.41,2829.17
1788473700000,948.43,949.44,938.06,939.4,5089.76
1788474600000,939.33,949.38,938.08,947.31,6933.75
1788475500000,947.32,953.89,945.86,953.08,1584.48
1788476400000,953.08,954.62,944.62,945.77,2615.34
1788477300000,945.67,951.85,945.67,951.78,1556.9
1788478200000,951.79,955.78,948.64,950.67,1652.61
1788479100000,950.68,954.12,950.09,953.17,992.05
1788480000000,953,954.36,943.8,946.5,3887.12
1788480900000,946.86,948.09,941.25,943.8,3213.25
1788481800000,943.88,952.75,943.81,946.25,2432.34
1788482700000,946.4,947.02,938.38,939.45,2382.73
1788483600000,939.51,943.67,938.36,938.96,7017.85
1788484500000,938.93,943.4,938.21,939.34,4972.58
1788485400000,939.31,940.92,932.75,935.06,4925.6
1788486300000,935.36,943.53,934.7,940.8,731.37
1788487200000,941,942.44,938.11,940.21,1441.45
1788488100000,940.23,943.81,937.95,938.52,1228.07
1788489000000,939,940.39,936.28,937.02,966.19
1788489900000,937.01,940.47,935.15,940.02,692.69
1788490800000,940.02,951.99,939.97,948.35,2946.89
1788491700000,948.32,949.31,943.81,945.52,1094.76
1788492600000,945.83,949.7,943.23,949.64,996.11
1788493500000,949.63,949.64,945.96,946.08,588.98
1788494400000,946.06,951.39,945.54,951.39,1013.13
1788495300000,951.22,956.46,948.75,955.41,1339.98
1788496200000,955.36,955.84,950,950.14,1391.29
1788497100000,950.05,951.65,947.59,947.8,1064.65
1788498000000,947.78,952.5,945.61,951.36,807.71
1788498900000,951.35,959.77,950.45,954.32,4953.84
1788499800000,954.05,958.66,952.56,957.58,3344.82
1788500700000,957.69,961.7,953.1,957.26,1292.74
1788501600000,957.41,958.2,954.29,956.2,565.02
1788502500000,956.21,957.94,950.13,950.57,1045.95
1788503400000,950.59,955.34,949.2,955.34,1601.96
1788504300000,955.13,960.22,953.58,958.83,651.91
1788505200000,958.84,974.26,958.53,969.69,9260.94
1788506100000,969.84,976.97,968.05,972.87,6372.89
1788507000000,972.88,977.78,964.98,970.47,5290.26
1788507900000,970.45,974.09,965.48,968.01,1080.68
1788508800000,967.98,972.7,966.68,970.49,1180.91
1788509700000,970.6,970.87,965.37,967.74,3507.5
1788510600000,967.91,974.82,966.96,971.8,1630.84
1788511500000,971.84,1031.1,969.51,1022.7,40988.7
1788512400000,1023.4,1026.9,1005.4,1010.6,22944.55
1788513300000,1010.6,1017.1,1001.2,1005.5,11251.49
1788514200000,1005,1008.1,996.25,1003,8690.38
1788515100000,1003.1,1008.1,1001.7,1004.5,2749.24
1788516000000,1004.3,1005.5,997.6,998.74,2175.63
1788516900000,999.15,999.4,989.16,995.83,3124.53
1788517800000,995.88,1005.1,993,1001.9,1702.1
1788518700000,1001.9,1008.8,1000.8,1004.5,4501.07
1788519600000,1004.1,1005.1,998.33,1002.2,2160.02
1788520500000,1002.5,1006.6,1001.2,1005.2,3088.06
1788521400000,1005.1,1013.5,1004,1009.9,2791.02
1788522300000,1009.6,1014.9,1009.1,1011.2,1911.97
1788523200000,1011.1,1012.7,1007.6,1010,2759.95
1788524100000,1010.2,1020,1006.3,1018.5,2311.11
1788525000000,1018.6,1018.8,970.59,981.84,29552.72
1788525900000,983.03,993.95,979.45,987.64,8316.67
1788526800000,987.45,992.31,962.28,969.39,17362.93
1788527700000,969.39,980.83,966.91,976.79,10154.6
1788528600000,976.73,994.09,967.66,989.24,11228.07
1788529500000,989.23,1003.6,987.52,987.87,9401.05
1788530400000,987.93,993.3,973,980.73,6320.21
1788531300000,980.8,989.55,974.94,985.87,4449.55
1788532200000,985.39,987.2,966.99,969.78,4900.43
1788533100000,969.76,978.66,967.7,974.8,4958.45
1788534000000,975.11,987.45,971.25,987.44,4502.09
1788534900000,987.44,988.71,981.56,982.92,3107.46
1788535800000,982.85,986.55,975.25,985.91,3328.62
1788536700000,985.9,987.41,981.58,987.3,1681.77
1788537600000,986.92,998.68,985.48,991.71,4893.11
1788538500000,991.91,1004.2,991.91,1002.3,5733.17
1788539400000,1002.3,1028.9,1002.3,1021.1,10747.08
1788540300000,1021.4,1046.8,1018.6,1033.4,18939.05
1788541200000,1033.5,1049.5,1033.4,1039.4,16635.51
1788542100000,1039.5,1039.5,1012.2,1020.8,20367.89
1788543000000,1020.4,1028.6,1012.2,1015.5,9838.49
1788543900000,1015.1,1015.1,998.2,1008.4,11862.24
1788544800000,1008.3,1018.4,1008.3,1010.8,4221.4
1788545700000,1010.9,1019.9,1010.8,1018.9,1758.57
1788546600000,1019,1030.3,1018.2,1027.9,2802.69
1788547500000,1028,1029.8,1025,1025.7,1646.56
1788548400000,1025.8,1030.3,1021.3,1026.1,2575.74
1788549300000,1026.2,1041.1,1025.8,1036.4,9315.69
1788550200000,1036,1038.3,1031.8,1035.8,2016.39
1788551100000,1035.9,1042,1034.1,1040,2175.95
1788552000000,1040.1,1043.3,1036.7,1037.1,4476.17
1788552900000,1037,1039.2,1031.2,1035.4,1720.94
1788553800000,1035.4,1041.5,1030.6,1033.7,2340.03
1788554700000,1033.7,1035.2,1021.9,1024.5,5066.86
1788555600000,1024,1027.9,1022.7,1022.8,2329.39
1788556500000,1022.9,1032.3,1021,1021.9,1763.34
1788557400000,1021.9,1023,1016.2,1019.9,1973.13
1788558300000,1019.9,1021.9,1014.7,1017.8,1098.67
1788559200000,1017.7,1022.6,1013,1018.2,2616.8
1788560100000,1018.2,1025.2,1017.5,1022.7,1730.88
1788561000000,1022.9,1025.6,1019.7,1021.1,2655.04
1788561900000,1021.1,1028.7,1021,1023,1394.58
1788562800000,1022.9,1031.6,1022.3,1027.8,2812
1788563700000,1028,1034.9,1026.4,1027.1,1491.71
1788564600000,1026.9,1031.3,1017.2,1028.6,4274.59
1788565500000,1028.3,1030.3,1023.4,1023.7,1407.09
1788566400000,1023.2,1026.7,1019.6,1022.8,1400.55
1788567300000,1022.4,1022.5,1016,1018.6,846.7
1788568200000,1018.4,1026.3,1017.7,1023,690.56
1788569100000,1023,1026,1017.6,1019.1,347.65
1788570000000,1019.4,1023.2,1015.8,1018.9,948.89
1788570900000,1018.9,1020.6,1015.6,1019.1,643.75
1788571800000,1019,1021,1017.1,1020.4,613.46
1788572700000,1020.5,1020.5,1013,1013,580.09
1788573600000,1013,1018.2,1011.2,1015.9,1111.57
1788574500000,1015.8,1021,1015.4,1019.5,595.98
1788575400000,1019.5,1028.3,1019.5,1028,999.15
1788576300000,1028,1031.6,1025.5,1030.8,1045.67
1788577200000,1030.7,1037.2,1023.9,1026.6,1848
1788578100000,1026.6,1033.7,1024.3,1030.3,985.69
1788579000000,1030.4,1030.8,1026.1,1030.5,1300.03
1788579900000,1030.1,1030.2,1024.1,1024.9,3561.07
1788580800000,1024.8,1028.9,1023.5,1025.3,525.15
1788581700000,1025.3,1026.5,1023.7,1024.7,754.33
1788582600000,1024.7,1025.3,1017.9,1018.8,1004.28
1788583500000,1018.8,1021,1015.1,1016.4,511.48
1788584400000,1016.4,1023.6,1011.2,1022.7,1250.63
1788585300000,1022.3,1023.8,1018.7,1023.2,311.02
1788586200000,1023.2,1027,1020.5,1020.7,405.12
1788587100000,1021,1021.1,1015.5,1016.2,538.34
1788588000000,1016.3,1021.5,1012.6,1014.9,5544.91
1788588900000,1014.9,1016.5,1012.4,1014.3,1286.15
1788589800000,1014.5,1019.3,1013.8,1015.6,846.58
1788590700000,1015.7,1018,1013.1,1015.9,832.21
1788591600000,1016,1018.3,1007.3,1007.3,2272.53
1788592500000,1007.3,1012.8,1007.3,1010.3,817.4
1788593400000,1010.2,1012.7,1007.3,1008.9,684.34
1788594300000,1009.1,1012.1,1000.4,1002,2713.35
1788595200000,1002.1,1007.8,1000,1006.2,2016.04
1788596100000,1006.2,1008.2,1003.7,1006.9,1043.94
1788597000000,1006.8,1007.1,1000,1004.5,3497.53
1788597900000,1004.5,1005.7,999.82,1004.8,3499.99
1788598800000,1004.9,1011.9,1004.7,1010.2,788.73
1788599700000,1010.3,1010.4,1005.5,1007.7,1013.81
1788600600000,1007.8,1012.8,1006.8,1010.8,586.27
1788601500000,1010.8,1012.4,1007.2,1010,2995.74
1788602400000,1010.1,1012.6,1008.8,1009.6,294.47
1788603300000,1009.5,1012.8,1008.1,1012.8,531.05
1788604200000,1012.7,1015.4,1010.7,1011.6,978.03
1788605100000,1011.4,1012.9,1010.1,1010.1,358.57
1788606000000,1010.2,1010.5,1004.4,1007,837.73
1788606900000,1006.3,1009.6,1004.9,1009.5,906.62
1788607800000,1009.5,1011.8,1007.7,1008.8,984.05
1788608700000,1008.7,1015.1,1008.1,1014.8,2990.97
1788609600000,1014.8,1019.9,1013.4,1014.5,934.57
1788610500000,1013.8,1014.6,1010,1010.1,1337.95
1788611400000,1010,1017.9,1008.4,1012.2,562.82
1788612300000,1012.3,1015,1008.8,1014,3208.19
1788613200000,1014.3,1015.7,1012.1,1015,729.34
1788614100000,1015,1023.2,1014.6,1016.7,1857.79
1788615000000,1016.8,1022.4,1014.1,1016.3,3443.82
1788615900000,1016.2,1019,1011,1014,2607.14
1788616800000,1014,1016.6,1012.2,1012.8,914.73
1788617700000,1012.8,1014.6,1010,1012.9,1786.16
1788618600000,1012.8,1019.1,1012.1,1014.3,6267.56
1788619500000,1014.4,1017.5,1013.3,1014.1,1138.99
1788620400000,1014.1,1020.3,1014.1,1019.1,787.15
1788621300000,1019.6,1023,1017.4,1018.3,2063.25
1788622200000,1018.3,1019.6,1015.1,1018.7,1327.48
1788623100000,1018.3,1019.3,1015.5,1016.2,319.01
1788624000000,1016.4,1029.4,1015.7,1025.1,3377.27
1788624900000,1025.2,1026.9,1021.9,1022.9,1113.92
1788625800000,1022.8,1028.2,1022.2,1023,1063.22
1788626700000,1022.8,1045.1,1020.7,1035.8,4655.66
1788627600000,1035.9,1040.6,1034.9,1036.5,4356.22
1788628500000,1036.7,1037.5,1024,1028.3,2379.42
1788629400000,1028.5,1033.8,1026.1,1030.1,993.75
1788630300000,1030.4,1032,1026.4,1029.4,1216.07
1788631200000,1030.2,1033.8,1027,1031,1649.55
1788632100000,1031,1036.7,1027.4,1028,1715.21
1788633000000,1027.7,1029.8,1023.7,1026.3,895.14
1788633900000,1026.2,1028.8,1023.3,1025.2,371.4
1788634800000,1025.2,1028.9,1019.2,1022.7,1986.18
1788635700000,1023,1026.4,1021.2,1021.3,357.8
1788636600000,1021.5,1023.5,1012.1,1017.5,2813.23
1788637500000,1017.4,1018.7,1012,1015.8,1668.98
1788638400000,1015.8,1016.2,1009.3,1011.5,3983.21
1788639300000,1011.5,1013.3,1006.9,1009.3,1825.57
1788640200000,1009.2,1012.9,1005,1011.8,735.37
1788641100000,1011.9,1012.8,1008.6,1009.3,223.74
1788642000000,1009.1,1015.8,1008.5,1014.3,963.23
1788642900000,1014.3,1015,1012.5,1012.7,1435.86
1788643800000,1012.6,1017.7,1011.4,1016.1,740.33
1788644700000,1015.4,1018.8,1014.3,1016.1,850.21
1788645600000,1016.3,1020.4,1014.5,1020.1,841.42
1788646500000,1019.6,1020.4,1016,1017.8,454.31
1788647400000,1018.1,1020.2,1018.1,1019.4,350.93
1788648300000,1019.5,1022.8,1018.5,1019.9,968.77
1788649200000,1019.7,1023.4,1018.5,1018.8,396.4
1788650100000,1018.6,1025.6,1018.3,1024.5,857.17
1788651000000,1024.3,1028.5,1022.3,1023.9,934.6
1788651900000,1024,1027.7,1023.8,1026.6,277.81
1788652800000,1026.7,1029.1,1024.2,1028,1247.45
1788653700000,1028,1039.3,1027.5,1035,5094.68
1788654600000,1035.3,1036,1030.9,1033.7,1675.78
1788655500000,1033.4,1034.1,1029,1030.7,743.38
1788656400000,1030.7,1087.4,1030.7,1077.7,23639.93
1788657300000,1077.5,1082,1070.8,1072.2,3619.3
1788658200000,1072.1,1079.1,1067.7,1069.3,3608.02
1788659100000,1069.3,1073.3,1062.4,1063.2,2529.43
1788660000000,1063.2,1072.8,1063.1,1065.5,1130.48
1788660900000,1065.6,1069.7,1064.3,1065.1,1389.14
1788661800000,1064.9,1068.9,1062.9,1064.7,787.64
1788662700000,1064.8,1068.5,1063.1,1066.1,595.46
1788663600000,1066.2,1068.3,1063.3,1066.2,610.01
1788664500000,1066.2,1072.8,1064.4,1065.4,687.89
1788665400000,1065.3,1072.7,1064.5,1071.1,1125.2
1788666300000,1071.2,1077.4,1070.2,1074.1,3782.49
1788667200000,1074.1,1076.6,1071.7,1074.6,982.02
1788668100000,1074.7,1077.1,1065.7,1069,910.34
1788669000000,1069,1135.7,1068.5,1115,15041.33
1788669900000,1115.3,1180,1112.2,1140,26265.6
1788670800000,1140.2,1159.9,1134.9,1150.3,5848.61
1788671700000,1150.2,1159.5,1148.3,1156.5,8209.45
1788672600000,1156.3,1195.3,1152.4,1183.3,17234.91
1788673500000,1183.4,1183.5,1159.7,1169.1,10515.84
1788674400000,1169.2,1175.7,1157.6,1173.2,4830.61
1788675300000,1173.6,1176.9,1165.6,1171.4,3128.98
1788676200000,1171.5,1177.9,1167.3,1175.2,3424.12
1788677100000,1175.6,1184.7,1172.8,1179.4,3196.51
1788678000000,1180.1,1181.2,1157.8,1166,6549.17
1788678900000,1165.9,1170.9,1161,1162.8,2819.46
1788679800000,1163.1,1166.6,1152.1,1158.1,2637.88
1788680700000,1158.1,1165.9,1156,1164,1435.02
1788681600000,1163.9,1176.2,1161.6,1172.1,2235.92
1788682500000,1172.1,1176.5,1162,1165.2,1027.44
1788683400000,1165.3,1176.6,1163.7,1169.2,1198.66
1788684300000,1169.2,1174.4,1164.1,1173,2660.37
1788685200000,1173,1219.3,1168.1,1193.2,16138.65
1788686100000,1193.2,1214.2,1188,1199.7,13556.68
1788687000000,1199.7,1199.7,1181.8,1184.6,7600.46
1788687900000,1184.3,1187.8,1181.2,1184,2300.92
1788688800000,1184,1190.2,1182.2,1184.1,2021.42
1788689700000,1184,1189.3,1183,1186.8,1806.15
1788690600000,1186.3,1189.8,1182,1185.3,900.85
1788691500000,1185.6,1192.7,1184,1187.9,1242.61
1788692400000,1187.5,1190.3,1185.1,1188.9,2395.34
1788693300000,1188.9,1188.9,1156.6,1173.9,7239.73
1788694200000,1173.9,1177.7,1165.3,1175.3,5248.59
1788695100000,1175.4,1189.3,1174,1185.5,2921.67
1788696000000,1186,1186.1,1170.7,1172.9,2227.04
1788696900000,1173.1,1182.6,1172.3,1178.5,1496.29
1788697800000,1178.5,1178.6,1167.6,1168,2527.69
1788698700000,1167.7,1173,1167.2,1172,2313.19
1788699600000,1172,1185.7,1169.8,1183.3,2478.81
1788700500000,1183.4,1207.4,1179.6,1183.1,10560.53
1788701400000,1183.4,1193.5,1182.4,1186.6,3071.94
1788702300000,1186.3,1188.3,1180,1183.5,1207.13
1788703200000,1183.2,1186.4,1173.3,1178.6,1966.37
1788704100000,1178.3,1180.5,1145.8,1156.2,10693.21
1788705000000,1156.1,1164.3,1126.9,1160.2,14289.81
1788705900000,1160.2,1170.4,1152.3,1163.1,6310.72
1788706800000,1163,1163.9,1152.8,1161.4,2373.32
1788707700000,1162,1165.2,1157.3,1165.1,1061.88
1788708600000,1165,1170.5,1161.9,1165.6,3668.51
1788709500000,1165.4,1175.5,1164.8,1168.9,3469.2
1788710400000,1169,1179.7,1166.8,1176.4,6514.66
1788711300000,1177.1,1180,1172.9,1179.1,2994.55
1788712200000,1179.6,1186.5,1169.2,1180.1,14559.95
1788713100000,1180.1,1184.3,1177.9,1183.9,1852.24
1788714000000,1183.5,1194.2,1181.7,1186.6,4921.91
1788714900000,1186.7,1203.3,1185,1188.3,7237.04
1788715800000,1188.2,1241,1188.1,1225.3,20529.22
1788716700000,1225.1,1226.7,1199.1,1207.5,5050.62
1788717600000,1208,1221.9,1203.9,1218,5341.87
1788718500000,1218.1,1235,1214.8,1222.5,6485.27
1788719400000,1222.7,1236.4,1217.7,1230.1,5698.06
1788720300000,1230.1,1235.2,1221.4,1226.6,5272.72
1788721200000,1227.2,1230.1,1216.3,1219.3,4819.15
1788722100000,1220.1,1225.6,1208.6,1224.4,5072.16
1788723000000,1223.6,1225.3,1214.9,1216.9,3740.02
1788723900000,1216.8,1220.7,1212.8,1214.9,4128.75
1788724800000,1214.9,1221.6,1212,1217.1,3419.3
1788725700000,1217.7,1223.8,1213.2,1217.2,1419.57
1788726600000,1217.2,1221,1213.4,1221,1384.42
1788727500000,1221,1228,1215.1,1224.2,2507.88
1788728400000,1224.6,1231.3,1217.1,1226,3053.14
1788729300000,1226.2,1235,1224,1234.9,3882.79
1788730200000,1235,1250.2,1226.3,1239.5,7578.01
1788731100000,1239.6,1253.9,1238.7,1246.4,5622.53
1788732000000,1246.5,1246.9,1215,1219,7360.65
1788732900000,1219,1226.5,1213,1217.8,2988.05
1788733800000,1217.8,1228.3,1217.4,1223.8,2125.02
1788734700000,1224.4,1232.8,1221.1,1231,2856.95
1788735600000,1231,1245.6,1228.8,1240.7,5310.53
1788736500000,1240.5,1240.5,1226.8,1228,3369.71
1788737400000,1228.1,1230.7,1223,1228.1,2267.38
1788738300000,1228.3,1233.3,1226.2,1227.9,737.87
1788739200000,1228,1230.6,1219.6,1222.1,3724.79
1788740100000,1221.3,1224.4,1216.2,1217.1,2182.24
1788741000000,1217.7,1219.1,1189.4,1199.5,9666.75
1788741900000,1199.8,1203.1,1188.9,1196.5,4683.03
1788742800000,1196.9,1197,1176.1,1186.2,4993.7
1788743700000,1186.3,1190.2,1180,1189.8,1689.34
1788744600000,1189.9,1190.7,1180.4,1182.2,2175.01
1788745500000,1182.3,1185.8,1172.7,1184.2,6225.14
1788746400000,1184.3,1188.8,1181.1,1188.4,1824.35
1788747300000,1187.8,1188.2,1183.7,1186,1761.82
1788748200000,1185.7,1199.9,1179.5,1197.3,4795.21
1788749100000,1197.1,1197.1,1187.7,1191.1,882.12
1788750000000,1191.2,1194.2,1183.6,1193,2255.97
1788750900000,1192.6,1196,1186.2,1188.5,1062.97
1788751800000,1188.8,1192.4,1184.8,1190.2,905.08
1788752700000,1190.3,1195.3,1188.1,1191.8,1367.53
1788753600000,1191.7,1195,1185.1,1190,2067.68
1788754500000,1190,1195.8,1188.4,1194,2433.22
1788755400000,1194,1199.6,1190,1192.3,1795.52
1788756300000,1192.3,1195.8,1190,1194.2,912.02
1788757200000,1194.1,1222.3,1193,1215,4305.54
1788758100000,1215.4,1219.3,1207,1209.2,2317.73
1788759000000,1208.8,1214.6,1206.9,1210.1,1254.53
1788759900000,1210.2,1211.8,1189.9,1199.5,1738.59
1788760800000,1199.4,1219.1,1196.6,1213.5,7823.91
1788761700000,1213.4,1217.9,1210.3,1212.3,1137.69
1788762600000,1212.3,1216.5,1210.6,1211.5,1592.44
1788763500000,1211.6,1214,1203.7,1209.7,4959.53
1788764400000,1209.8,1210.8,1203.8,1204.6,2174.8
1788765300000,1205,1206.3,1191.6,1192.2,7246.85
1788766200000,1193.1,1195.8,1182.8,1186.7,3173.84