timestamp,open,high,low,close,volume
1609459200000,28924.9,29015,28687.1,28750.9,38.46912144
1609460100000,28752,28863.5,28729.8,28827.3,20.92114259
1609461000000,28827.4,28936.9,28827.4,28926.6,14.09641598
1609461900000,28927.1,29023.3,28890.8,28990.9,12.72250869
1609462800000,28990.9,29385,28958.5,29381.9,66.59979489
1609463700000,29381.9,29412.8,29249.1,29387.5,63.47720387
1609464600000,29387.4,29469.5,29318.9,29325,23.96437637
1609465500000,29324.1,29428.9,29316.7,29407,15.70847904
1609466400000,29408.9,29462,29206.5,29245.2,18.72881804
1609467300000,29244.9,29382.4,29244.9,29300.1,13.44494403
1609468200000,29300.1,29300.1,29125.2,29270.7,28.40112764
1609469100000,29266.7,29338.4,29158.3,29191.3,10.64688126
1609470000000,29192.9,29284.1,29192.9,29267.6,6.54181305
1609470900000,29265.8,29304.1,29152,29206.5,9.86117828
1609471800000,29215.7,29346.4,29195.2,29277.7,15.01752655
1609472700000,29277.7,29316.2,29244.5,29279.5,8.41008388
1609473600000,29279.6,29336.7,29279.6,29286.6,9.08953385
1609474500000,29289.6,29380.3,29289.6,29337.6,8.49026811
1609475400000,29337.7,29380.4,29058.2,29171.5,21.94722977
1609476300000,29173.8,29229.3,29173.8,29222.7,26.35430612
1609477200000,29222.6,29237.5,29100.4,29122.1,17.6073568
1609478100000,29122,29190.5,29122,29167.9,9.0333203
1609479000000,29167.8,29203.8,29118.7,29181.7,6.1666093
1609479900000,29181.7,29212.2,29148.9,29181.1,9.23437496
1609480800000,29185.3,29258.2,29185.3,29217.3,14.82051147
1609481700000,29223.6,29236.2,29112.9,29112.9,10.22861933
1609482600000,29111.2,29200,29098.5,29191.7,9.24335526
1609483500000,29191.8,29200.1,29090.9,29169.9,7.76099989
1609484400000,29170,29186.3,28800,28934.7,39.1596817
1609485300000,28927.8,29036.3,28914.9,29015,15.20638146
1609486200000,29010.4,29102,29001.8,29092.6,11.73607984
1609487100000,29092.6,29098.9,29058.3,29095.4,6.26041139
1609488000000,29095.4,29177.5,28986.4,29012.1,17.21035901
1609488900000,29009.1,29048.6,28882.9,29038.6,21.21307884
1609489800000,29038.6,29118.9,28951,28984.5,12.00143373
1609490700000,28984.2,29074,28937.3,29000.2,9.06147807
1609491600000,29000.1,29145,28971.4,29126.8,10.46108598
1609492500000,29126.8,29225.8,29094.4,29184.9,13.63829156
1609493400000,29181.9,29308.9,29181.9,29228.8,10.69450407
1609494300000,29228.9,29276.9,29186.4,29199.3,12.09380079
1609495200000,29199.3,29312.1,29164.6,29277.6,12.94018812
1609496100000,29277.5,29350,29223.5,29223.5,15.07973884
1609497000000,29228.4,29308.3,29212.6,29267.2,8.97016712
1609497900000,29270,29299.9,29216.8,29222.1,8.03479126
1609498800000,29230.4,29343.5,29220.6,29304.9,12.55901874
1609499700000,29304.9,29383.5,29269.8,29371.8,16.98391356
1609500600000,29371.8,29411.8,29263.3,29278,14.33578554
1609501500000,29278.1,29312.7,29242.6,29312.7,9.80091859
1609502400000,29312.7,29318.9,29199.8,29263.2,12.28419556
1609503300000,29263.3,29448.8,29241.5,29445.4,18.84582098
1609504200000,29445.5,29607.1,29429,29500.9,75.19140818
1609505100000,29498,29498,29155.2,29233.6,50.26078548
1609506000000,29233.6,29380.9,29207,29380.9,9.68859313
1609506900000,29381.8,29412.1,29303,29391.9,17.23409556
1609507800000,29391.9,29429.3,29360.7,29393,7.89175303
1609508700000,29393,29466.3,29393,29460.7,8.77083112
1609509600000,29460.7,29531.1,29360.1,29461.7,21.04176764
1609510500000,29461.7,29465.9,29397.8,29429.4,11.72044179
1609511400000,29427.4,29443.3,29335.2,29394.2,12.983519
1609512300000,29401.7,29401.8,29280.7,29330.3,16.1589657
1609513200000,29330.3,29389.9,29261.1,29350.6,11.9319189
1609514100000,29350.5,29361.3,29224.1,29298.6,21.46341709
1609515000000,29298.5,29298.5,29034.4,29138,33.76123396
1609515900000,29131.5,29239.5,29131.5,29195.9,15.62427838
1609516800000,29196,29265.5,29131.4,29224.4,17.85544124
1609517700000,29224.3,29323.8,29220.1,29281.2,14.14352221
1609518600000,29281.1,29311.1,29257.6,29292.8,6.61623072
1609519500000,29292.8,29358,29278.7,29302,21.15346571
1609520400000,29302,29318.7,29260.6,29310.4,4.77969679
1609521300000,29310.4,29338.3,29228,29280.7,12.92616895
1609522200000,29280.6,29280.6,29127.1,29163,26.12598218
1609523100000,29163,29163,28941.5,29078.1,37.36012344
1609524000000,29078.1,29258.6,28991,29217.4,35.41602325
1609524900000,29217.4,29233.2,29015.5,29020.9,22.50432775
1609525800000,29020.8,29096.5,28858.4,28889.4,36.39059249
1609526700000,28883.2,29085.9,28633,29070.9,72.27294726
1609527600000,29070.9,29070.9,28960,29018.3,17.0636224
1609528500000,29018.4,29118.9,28982.6,29057.9,15.73773978
1609529400000,29052.3,29107.8,29029,29093.4,8.70383832
1609530300000,29093.3,29120,29014.4,29035.4,12.76260357
1609531200000,29035.5,29156.2,28890.7,29154.6,32.78985973
1609532100000,29157.5,29240.1,29141,29221.7,15.41359639
1609533000000,29217.2,29220.9,29160.5,29180.8,8.24858442
1609533900000,29180.8,29275.4,29152.5,29206.5,12.61385114
1609534800000,29203.7,29230.4,29186.9,29193.8,6.95674099
1609535700000,29193.8,29238.2,29172.8,29226.4,6.92261047
1609536600000,29226.3,29286.1,29220.2,29221,8.63335902
1609537500000,29220.9,29230.7,29149,29172.6,7.96118809
1609538400000,29172.7,29234.4,29115,29234.4,11.34056783
1609539300000,29234.4,29300,29234.4,29269.2,10.21601058
1609540200000,29270.4,29327,29240.4,29304.2,11.83606054
1609541100000,29304.1,29305,29252.1,29266.8,4.39804391
1609542000000,29266.8,29300.7,29249.5,29254.1,10.58607839
1609542900000,29254.2,29303.2,29233.9,29275.5,7.28947922
1609543800000,29275.6,29328.4,29270.9,29284.8,10.08550837
1609544700000,29283.1,29333.2,29259.8,29333.2,6.21892872
1609545600000,29333.2,29333.4,29211.8,29311.4,20.65157738
1609546500000,29308.3,29308.3,28949.2,29030,45.69084043
1609547400000,29030,29200,28981.9,29186.3,26.00579852
1609548300000,29191.1,29200,29133.3,29195,8.64749314
1609549200000,29195,29199,29099.7,29117.7,12.60944623
1609550100000,29109.8,29230.7,29109.8,29209.2,14.2289063
1609551000000,29209.3,29382.1,29205.1,29351.5,13.23556762
1609551900000,29351.6,29405,29322.5,29361.6,21.302113
1609552800000,29361.6,29411.8,29332.3,29395.7,12.44010064
1609553700000,29395.7,29464.6,29359.6,29413.6,12.24943891
1609554600000,29413.5,29423.4,29346.6,29367.3,20.13293095
1609555500000,29367.3,29396.7,29326,29326.9,6.94582231
1609556400000,29326.7,29380,29283.9,29367.1,10.22186492
1609557300000,29367,29367,29304.6,29314.1,6.88690029
1609558200000,29314.2,29336.7,29260,29274.1,10.76365658
1609559100000,29274.2,29358.2,29274.2,29347.9,14.33480473
1609560000000,29348,29355.1,29225.2,29251,12.6571552
1609560900000,29251,29314.4,29236.7,29303.5,8.60609889
1609561800000,29303.4,29368.8,29247.7,29353.2,17.01536734
1609562700000,29353.3,29391.8,29340.1,29356.9,10.02399518
1609563600000,29353.2,29441.5,29353.2,29409.3,14.83399299
1609564500000,29413.2,29523.9,29400.2,29499.3,16.50992014
1609565400000,29499.3,29557.8,29467.8,29508.8,24.53867043
1609566300000,29508.8,29595.7,29492.8,29595.4,19.38002016
1609567200000,29597.1,29658.5,29468.9,29655.1,37.51262934
1609568100000,29655.2,29668.8,29556.6,29657.7,23.38320651
1609569000000,29657.9,29678.1,29554.7,29602.5,22.23745183
1609569900000,29602.4,29749.9,29602.4,29709.4,29.48354969
1609570800000,29709.5,29775,29692.9,29771.3,28.75687643
1609571700000,29771.3,29775,29682.6,29714.5,17.24293419
1609572600000,29714.5,29735.9,29642.6,29733.1,17.78373986
1609573500000,29731.6,29816.2,29731.1,29753.8,22.65787125
1609574400000,29753.8,29844.4,29745.1,29753.8,22.44312072
1609575300000,29753.8,29810.6,29701,29723.7,20.00280449
1609576200000,29723.7,29778,29643.5,29777.5,9.3305381
1609577100000,29777.6,29844,29777.5,29837.2,16.75043255
1609578000000,29837.2,29860.7,29731.1,29735.5,11.82822812
1609578900000,29735.6,29817.2,29684.3,29698.6,9.35260824
1609579800000,29698.6,29766,29594.2,29754.3,25.20238644
1609580700000,29754.2,29899,29571.9,29612.8,45.04080222
1609581600000,29612.7,29708.9,29473.5,29676.8,40.05929732
1609582500000,29680.9,29824.8,29680.9,29783.2,17.37009499
1609583400000,29783.3,29806.8,29700,29731.4,6.69192943
1609584300000,29731.4,29757.7,29673.9,29678,6.98433918
1609585200000,29678.3,29774.5,29678.3,29734.5,4.04868435
1609586100000,29734.6,29737.1,29636.2,29670.9,6.72231974
1609587000000,29664.6,29740.1,29647.3,29714.5,5.31842659
1609587900000,29714.6,29769.3,29714.5,29760.4,8.01433841
1609588800000,29756.4,29897.7,29744.2,29880.4,25.77067146
1609589700000,29880.4,30430.7,29778.9,30293.2,163.46481953
1609590600000,30293.2,30693.9,30159.3,30693.8,94.58666089
1609591500000,30693.8,30881,30542,30605.9,88.73478446
1609592400000,30605.9,30811.9,30525.5,30746,47.20448415
1609593300000,30755.7,30890.5,30700.2,30849.9,57.59390948
1609594200000,30850,31380,30757.1,31275.2,118.292876
1609595100000,31275.3,31530.6,31095.5,31530.6,73.28830746
1609596000000,31531.4,31556,31311.8,31372.3,64.57476208
1609596900000,31372.2,31395.7,31074,31083,69.51837156
1609597800000,31083.1,31266.7,31083.1,31201.6,46.98547587
1609598700000,31201.6,31328,31141.1,31292.8,30.38215778
1609599600000,31290.1,31389.6,31244.8,31258.9,23.4944745
1609600500000,31258.9,31399.9,31258.9,31369.5,20.2058594
1609601400000,31369.5,31759.5,31339.4,31667.2,58.39362004
1609602300000,31667.2,31818.9,31583.5,31701.9,59.20746112
1609603200000,31704.3,32304.2,31703.2,32041.1,176.87153269
1609604100000,32042.6,32410,31985.1,32306.5,97.64880261
1609605000000,32306.5,33032,32291.9,32593.4,211.36103849
1609605900000,32593.2,32799.6,32135.8,32480.9,220.93062739
1609606800000,32472.2,32627.9,32400,32565.1,106.76325861
1609607700000,32567,32739.6,32546.9,32610.3,52.5548721
1609608600000,32601.4,32724.6,32501.4,32667,44.34386853
1609609500000,32667.1,32968,32667,32859.2,61.82237596
1609610400000,32859.1,32915.5,32449.5,32605.9,64.73266267
1609611300000,32604.7,32752.1,32522.2,32752.1,29.53975546
1609612200000,32740.7,32784.8,32621.8,32772.6,19.59758969
1609613100000,32774.2,33286.8,32744.7,32989.1,137.6916238
1609614000000,32996.4,33109,32699.1,32963.1,102.28630349
1609614900000,32963.1,33031.9,32879.7,33016.1,34.42871721
1609615800000,33020.3,33147.5,32987.4,33094.3,43.41818492
1609616700000,33094.3,33217.8,30669.6,33007.6,135.42977343
1609617600000,33011.8,33042,32232.7,32782.4,145.21885124
1609618500000,32782.5,32786.4,32123,32235.3,135.79551174
1609619400000,32235.2,32411.8,31500,32081,161.5074761
1609620300000,32080.9,32081,30650.4,30671.1,265.85692648
1609621200000,30685.2,31806.1,30300,31468.7,321.47341785
1609622100000,31468.6,31918.3,31427.4,31626.7,117.2873237
1609623000000,31617,31693.1,31392,31616,68.18158053
1609623900000,31623.2,31866.6,31553.4,31698.3,57.17393569
1609624800000,31699.6,31699.6,31403.5,31655.2,50.10481497
1609625700000,31655.8,32199.2,31655.8,32199.1,60.70410988
1609626600000,32199.4,32292.3,32056.5,32165.5,51.12186347
1609627500000,32157.4,32259.1,32089.6,32150,27.00507488
1609628400000,32150,32189.5,31634,31865.3,105.59316473
1609629300000,31871.6,32030.2,31821.6,31960.5,68.1572566
1609630200000,31960.4,32022.3,31629.5,31906.7,83.10864051
1609631100000,31906.7,32240,31906.7,32185.4,31.48273531
1609632000000,32181.3,32255.2,31960,32105.4,62.80020551
1609632900000,32105.5,32192.6,31995.6,32192.6,35.28766
1609633800000,32192.6,32443.9,32192.6,32397.4,44.96087819
1609634700000,32412.6,32489.2,32371.1,32445,29.55384514
1609635600000,32445,32472.5,31500,32411.3,51.26357278
1609636500000,32411.2,32634.7,32396.9,32630.2,35.28123597
1609637400000,32629.6,32772.4,32555.8,32613.1,39.96409865
1609638300000,32613.4,32803.9,32552.9,32590.6,37.00996999
1609639200000,32564.4,32714.1,32564.4,32646.2,18.70034205
1609640100000,32646.2,32801.4,32600,32782.7,24.48471652
1609641000000,32783.4,32884,32738.1,32810.1,18.91157972
1609641900000,32825.9,32890.4,32712.1,32737,25.39291524
1609642800000,32737,32749.5,32590.4,32600.1,31.35577665
1609643700000,32600.1,32694.5,32596.5,32646.5,12.06540299
1609644600000,32646.5,32646.5,32427.7,32556.5,62.64953344
1609645500000,32556.6,32723.9,32539.4,32575.8,44.08332794
1609646400000,32575.8,32704.3,32575.4,32629.9,14.7738008
1609647300000,32630,32632,32458.9,32572.6,15.73076027
1609648200000,32577.9,32729,32577.9,32712.7,17.36470116
1609649100000,32712.6,33249.9,32712.6,33206.5,74.19217062
1609650000000,33196.6,34056.6,33121.5,33811.3,248.50537125
1609650900000,33811.3,34048.5,33683.9,33972.5,125.21919612
1609651800000,33973.3,34170.8,33762.1,33946,105.63832871
1609652700000,33938.9,34049.3,33630.2,33742.2,78.39302641
1609653600000,33750,34097.6,33612.1,33793.9,117.49763898
1609654500000,33794.7,33973.4,33406,33852.8,91.48296532
1609655400000,33852.8,34079.9,33836.7,33987.3,68.59567758
1609656300000,33987.3,34066.3,33842.1,33965.9,20.22484688
1609657200000,33966,34025,33755.7,33999.1,35.17391208
1609658100000,33998.6,34544.6,33949.7,34485.3,86.8878103
1609659000000,34478.5,34700,34400,34641.5,100.59052657
1609659900000,34636.8,34766,34031.8,34443.9,148.24443071
1609660800000,34443.9,34542.3,33320.8,34078.2,126.11870147
1609661700000,34081.3,34446.5,33946.4,34409,63.69982577
1609662600000,34408.9,34657,34288.6,34617.4,32.75415454
1609663500000,34619.1,34619.2,34263.3,34370.9,37.85223766
1609664400000,34370.8,34569.6,34084.3,34230.3,56.92958831
1609665300000,34231.9,34304.6,33862,34027.2,44.34240696
1609666200000,34029.5,34177.5,33816.8,34048.6,73.54464688
1609667100000,34053.9,34244.3,34020.6,34185.4,33.54993706
1609668000000,34187.3,34345.8,33992.4,34055.3,39.59060615
1609668900000,34053.2,34113.5,33457.1,33734.9,106.95791234
1609669800000,33742.3,33955.9,33540.6,33936.2,49.61829712
1609670700000,33936.2,34110.4,33805.8,33879.1,33.18570073
1609671600000,33882.4,34193.2,33794.9,34089.1,36.17715142
1609672500000,34089.2,34165,33921,33938,34.69102134
1609673400000,33946.6,34140.6,33934,34107.4,26.92298526
1609674300000,34107.5,34427.1,34107.4,34413,36.93048345
1609675200000,34402,34587.6,34211.8,34500.6,67.96280702
1609676100000,34496.7,34514,34208.4,34277.3,36.30659979
1609677000000,34278.9,34342.6,33924.8,34123.9,47.18545021
1609677900000,34124,34213.4,34010.6,34096.2,20.21697649
1609678800000,34096.2,34366.8,34096.1,34336.4,26.12096452
1609679700000,34335,34361.2,34142.9,34156.7,22.17511407
1609680600000,34156.6,34175.5,33803.2,34053.1,55.25676849
1609681500000,34052.6,34150.2,33810.7,33875.4,46.63918303
1609682400000,33876.6,34091.1,33388.4,34050.1,69.77004178
1609683300000,34050.1,34148.7,33935.3,33935.3,35.43984856
1609684200000,33933,34075.4,33813.2,33880.8,45.99956878
1609685100000,33880.8,33883.4,33457.7,33820.1,69.25315248
1609686000000,33811.1,33857.9,33026.7,33355.6,107.21745541
1609686900000,33355.7,33571.3,32950,33031.2,122.80499501
1609687800000,33027.7,33460.5,32564.6,33379.1,111.84990732
1609688700000,33379.1,33647.1,33340.1,33516.2,62.2816328
1609689600000,33504.3,33835.7,33504.3,33631.6,89.15853989
1609690500000,33628.1,33702.2,33358.9,33426.6,68.49689323
1609691400000,33426.5,33521.8,33195.9,33256.7,79.01267804
1609692300000,33244.6,33274.8,32654.8,32700,110.28469145
1609693200000,32693.2,33030.4,32488.2,32611.2,150.09690851
1609694100000,32604.7,33190.2,32501.1,33085.7,100.74595545
1609695000000,33084.6,33170,32840.1,33020.2,57.83425561
1609695900000,33020.1,33241.3,32813.3,32895.9,56.34534196
1609696800000,32909.6,33024.3,32721.2,32978.7,51.19927551
1609697700000,32978.6,32978.6,32511.8,32532.4,73.27228052
1609698600000,32532.4,32722.2,32218.6,32605.2,88.34211665
1609699500000,32595.3,32837.8,32590.9,32776,31.53828903
1609700400000,32776,32921.3,32668.1,32845.3,35.57614512
1609701300000,32845.3,32927.8,32559.2,32629,42.89501532
1609702200000,32635.3,32729.1,32481.6,32504.2,50.62391554
1609703100000,32499.6,32796.3,32467.8,32780,32.29630091
1609704000000,32780,33353.5,32740.5,33313.4,90.58563187
1609704900000,33314.7,33728.5,33281.4,33696.1,81.21020842
1609705800000,33696.2,33811.6,33537.3,33584.6,89.9278435
1609706700000,33585.5,33798.1,33447.2,33722.5,56.41958608
1609707600000,33722.5,33855.9,33600.1,33677.8,50.22989657
1609708500000,33677.8,33728,33555.2,33721.3,31.57790512
1609709400000,33721.3,33762.7,33590,33739.7,24.73283182
1609710300000,33739.6,33739.7,33522.7,33566.8,19.73912409
1609711200000,33566.8,33566.8,33230.5,33270.8,38.87307152
1609712100000,33275.5,33640.6,33275.5,33504.6,18.32537919
1609713000000,33504.7,33597.3,33086.7,33251,52.553524
1609713900000,33251,33309.7,33000,33122.7,45.28129002
1609714800000,33122.7,33410.6,32939.8,33378.8,86.85833958
1609715700000,33388.8,33599.5,33235.9,33503.3,25.44653688
1609716600000,33509.2,33587.4,33285.9,33285.9,50.09599603
1609717500000,33285.9,33295.9,32668.2,33000.4,93.75932257
1609718400000,33005.9,33077,32668.5,32771.2,81.75675935
1609719300000,32763.9,33103.1,32763.9,32788,67.37267579
1609720200000,32788.1,32813,32407.8,32636.6,100.46456262
1609721100000,32636.1,32875.5,32632.2,32842.4,32.03989643
1609722000000,32843.6,33070.5,32717.6,32762.4,48.29817396
1609722900000,32771.6,32852.6,32572.3,32693.5,49.612273
1609723800000,32693.6,33156.8,32578.7,33095.5,78.03016023
1609724700000,33099.1,33318.4,33099.1,33195.3,32.75649814
1609725600000,33195.2,33313.7,33075.3,33196.4,20.56242532
1609726500000,33202.3,33219.8,32923.5,33069,33.71250332
1609727400000,33069,33153.3,32971.7,33153.2,19.14037178
1609728300000,33153.2,33577.2,33148.4,33459.9,76.33137915
1609729200000,33457.2,33499.2,33359.1,33403.3,33.20490344
1609730100000,33403.3,33467,33307.3,33307.3,27.78778567
1609731000000,33307.3,33331.8,33256.2,33261.6,19.74797211
1609731900000,33256.2,33505.7,33160.1,33505.5,26.82436879
1609732800000,33505.5,33600.2,33391.8,33455.3,39.61238246
1609733700000,33455.2,33481.3,33267.5,33315.4,21.43395609
1609734600000,33310.4,33367.3,33118.5,33252.5,48.25255292
1609735500000,33252.6,33364.9,33087.3,33256.1,45.8501459
1609736400000,33256.1,33295.8,32775.2,33166.1,79.62313783
1609737300000,33166,33306.4,33154.9,33241,37.7288394
1609738200000,33236,33295.9,32960.4,33042.6,27.20105911
1609739100000,33042.6,33096,32812.9,32822.1,45.57764268
1609740000000,32814.8,33090.7,32814.8,33035.9,32.33213209
1609740900000,33035.9,33357.1,33005.3,33236.2,59.28831792
1609741800000,33242.8,33254.2,32929.2,32954.9,60.55197192
1609742700000,32954,33148.3,32847,33110.1,52.80963177
1609743600000,33104,33155.2,32771,32795.2,67.30540784
1609744500000,32795.1,32875.8,31672.8,32365.1,248.95273894
1609745400000,32365,32512.4,31971.7,32003.9,119.88199075
1609746300000,32003.8,32206.7,31847.3,32093.4,113.10955365
1609747200000,32093.8,32571.3,32093.8,32410.1,90.23666543
1609748100000,32410.2,32473.6,32108.1,32174.4,47.32194976
1609749000000,32168.8,32296.2,31775,31775,87.16207475
1609749900000,31765.9,32097.9,31263.2,32052.1,132.37688711
1609750800000,32049.3,32145.1,31668.6,31734.7,59.11666239
1609751700000,31733,32012.5,31532.5,31606.8,89.59591942
1609752600000,31605.1,31605.1,30300.9,30947.1,250.73050413
1609753500000,30947.1,31269.4,30669.3,31053.6,135.16630398
1609754400000,31038.2,31238,29635.6,29703.3,188.61815463
1609755300000,29691.5,29780.5,27500,29054.5,513.5121942
1609756200000,29054.5,29721.2,28810.1,29711.4,245.34887743
1609757100000,29711.4,30441.4,29711.4,30267.7,188.95866632
1609758000000,30267.7,30508.9,29313.2,29924.3,222.66118415
1609758900000,29924.4,30322.6,29615.1,30214.3,191.84181009
1609759800000,30214.3,30267.1,29900.6,30259.3,94.75273379
1609760700000,30259.4,30874.8,30092.5,30740.3,125.4816713
1609761600000,30740.3,30920,30442.1,30901.5,100.68495108
1609762500000,30901.9,31217.1,30786.1,31017.4,135.1575832
1609763400000,31017.3,31292.3,30867.3,31258.8,59.78177655
1609764300000,31261,31414.2,30986.7,31218.5,71.97153423
1609765200000,31218.5,31223.7,30850,30927,62.84244341
1609766100000,30927,31174.4,30601.7,31144.1,82.65445587
1609767000000,31149.3,31248.9,30897.6,30993.5,43.34824969
1609767900000,30987.2,31400,30825.1,31400,63.47016957
1609768800000,31400.7,31787.6,31400.7,31555.7,97.87893116
1609769700000,31555.7,31778.8,31555.7,31730.1,50.76049686
1609770600000,31730,31922,31645.6,31920.3,72.19798925
1609771500000,31920.3,32133,31776,32108.6,67.47805715
1609772400000,32108.7,32175.7,31804.4,31819.8,81.89044648
1609773300000,31819.8,32025.4,31677,32025.4,57.18104566
1609774200000,32026.4,32026.4,31708.5,31839.7,50.11396184
1609775100000,31839.7,31839.7,31558.5,31739.3,67.68881609
1609776000000,31739.2,31899.2,31140.4,31229.1,129.13091591
1609776900000,31240,31430.1,30724.9,31068.7,123.28608536
1609777800000,31075.6,31190.8,30700,31157.4,123.77871067
1609778700000,31157.3,31409.5,31036.8,31315.5,58.36701913
1609779600000,31315.7,31513.1,30934.6,31006.9,58.98028742
1609780500000,30996,31294.5,30900,31012,67.42358426
1609781400000,31010,31092.6,30799.9,30821.1,72.64058724
1609782300000,30816.5,31062.8,30606.9,31015.8,63.17502443
1609783200000,31011.3,31277.4,31003.1,31170.6,42.57954332
1609784100000,31170.6,31437.2,31014.1,31437.2,54.63229458
1609785000000,31437.2,31457.3,31254.4,31321,55.48600418
1609785900000,31321,31367.3,31107.8,31157.7,47.06620417
1609786800000,31157.8,31338.9,31114.7,31125.3,33.40308603
1609787700000,31125.3,31462.9,31106.8,31404.3,38.80132455
1609788600000,31404.2,31865.8,31402.5,31692.4,73.40055377
1609789500000,31692.9,31730.5,31590.9,31667,37.47752397
1609790400000,31668.5,31834.4,31473.8,31548.5,60.56837166
1609791300000,31548.4,31659.2,31351.1,31377.3,38.03018525
1609792200000,31377.3,31493.2,31287,31368.1,30.34063373
1609793100000,31368.1,31463.7,31210.1,31247,37.88640839
1609794000000,31245.6,31571.4,31245.6,31571.4,28.13475915
1609794900000,31565,31565,31029,31088.4,61.68726774
1609795800000,31088.4,31181.2,30877.1,30909,57.11530277
1609796700000,30903.7,31100,30869.4,31012.9,43.13364189
1609797600000,31011.8,31215.5,30958.3,31196.2,21.8371281
1609798500000,31196.2,31324.4,31164.4,31303.1,31.91827981
1609799400000,31303.2,31459.5,31233.4,31459.5,18.03984532
1609800300000,31459.5,31471.9,31322.1,31331.8,31.67289549
1609801200000,31331.8,31392.8,31207.8,31281.7,20.83836711
1609802100000,31281.7,31833,31158,31750.1,49.8580289
1609803000000,31750.1,31943.3,31587.7,31895,69.60601783
1609803900000,31894.9,32021.7,31810.9,31993,49.7996338
1609804800000,31993.1,32495.4,31993.1,32495.4,101.3241277
1609805700000,32495.4,32497.6,32221.9,32325.5,61.21406117
1609806600000,32321.8,32838.5,32281.7,32801.8,92.21961272
1609807500000,32808.9,32830.6,32314.6,32427.1,64.73911417
1609808400000,32432,32615.7,32266.1,32454,46.99778989
1609809300000,32450.6,32544.9,32255,32536.7,33.43860395
1609810200000,32536.8,32705.6,32494,32537.3,36.19269912
1609811100000,32537.4,32788.5,32442.5,32785.5,39.20640663
1609812000000,32785.6,32816.4,32642.6,32688.9,24.28856577
1609812900000,32692.2,32796.8,32432.1,32505.2,38.07659605
1609813800000,32505.1,32516.2,32268.1,32286.3,30.83300158
1609814700000,32292.4,32450.1,32230.9,32308.7,18.20743051
1609815600000,32308.7,32527.9,32308.7,32461.8,23.24564272
1609816500000,32461.8,32487.6,31810.2,31870.6,47.31799705
1609817400000,31875.5,32087.9,31571.4,31716.8,57.6594537
1609818300000,31716.9,31748.6,31032,31175.2,132.6491885
1609819200000,31181.6,31524.9,30552.4,30690.3,140.93629134
1609820100000,30699.4,31437,30429.7,31252.9,103.74586258
1609821000000,31253.7,31540,31110.5,31425.2,72.43105098
1609821900000,31402.7,31467.4,30803,30863.9,59.5000107
1609822800000,30863.9,31359.9,30845.9,31082.4,70.07262007
1609823700000,31075.8,31166.5,30694,30964.2,72.04098044
1609824600000,30964.2,31240.6,30804.3,30862.9,65.1028185
1609825500000,30862.8,30909.2,29806.1,30431.8,179.86904679
1609826400000,30435,30603.5,29891.7,30039.6,135.57767377
1609827300000,30036.7,30541.4,30032.8,30523.2,108.5846939
1609828200000,30529.2,31070.3,30512.1,30921.4,113.12331035
1609829100000,30921.9,31261.7,30904.1,31124,49.6212732
1609830000000,31124,31308.1,31000.1,31127,56.69655267
1609830900000,31116.7,31268.3,30902.1,31099.6,32.0063953
1609831800000,31099.7,31100,30855.7,31080.7,33.81021971
1609832700000,31077.5,31077.5,30759.7,30831.8,29.44307439
1609833600000,30813.4,31421.4,30813.4,31371.2,66.7663587
1609834500000,31365.4,31511.7,31213.9,31213.9,42.43655556
1609835400000,31213.1,31317.7,31019.6,31032.1,26.29655442
1609836300000,31028.2,31207.8,31024.2,31197.4,24.74029107
1609837200000,31197.4,31398.9,31174.9,31332.1,36.08416406
1609838100000,31332,31469.3,31320.3,31464.3,31.71758251
1609839000000,31464.4,31800,31459.3,31793.3,93.20204111
1609839900000,31799.7,31807.9,31476.5,31576.4,52.24217689
1609840800000,31571.8,31682.4,31422,31500,68.62208448
1609841700000,31499.9,31669.1,31499.9,31581.8,27.23136166
1609842600000,31580.7,31580.7,31091.8,31247,54.11497025
1609843500000,31244.1,31428,31092.8,31342.3,26.44215734
1609844400000,31344.8,31545.3,31328.6,31422.3,22.00308303
1609845300000,31422.3,31459.1,31286,31401.5,14.73385139
1609846200000,31393.7,31675.3,31353.3,31666.2,29.95783652
1609847100000,31666.3,31777.1,31571.2,31776.5,24.3925614
1609848000000,31776.6,31979.4,31665,31848.2,53.85248833
1609848900000,31848.2,32055,31717.8,31799.1,53.28215793
1609849800000,31800.5,31845.5,31675.4,31773.4,26.41375364
1609850700000,31773.4,31893.4,31571.3,31584.8,32.06863885
1609851600000,31584.8,31844.4,31584.8,31831.5,13.48357728
1609852500000,31832.9,31888.5,31674,31709.1,14.33221114
1609853400000,31707.3,31810.1,31594.4,31810.1,15.86470333
1609854300000,31811.4,31811.4,31431.6,31453.6,30.26227849
1609855200000,31461.5,31512.1,31117,31376.6,53.57657143
1609856100000,31376.6,31544.1,31293.8,31514.5,32.04594683
1609857000000,31514.5,31941.1,31431.9,31939.1,60.26696288
1609857900000,31936.1,32374.6,31851.4,32363.9,102.50604288
1609858800000,32343.9,32364.2,32023.6,32066.8,48.37862253
1609859700000,32066.8,32294.2,32066.8,32151.5,31.7790561
1609860600000,32151.5,32151.5,31927.7,31949.2,41.70218461
1609861500000,31949.3,32126.4,31949.2,32099.1,21.78170652
1609862400000,32094.6,32245.9,31777,32206.8,63.20441753
1609863300000,32206.8,32679.7,32206.7,32504,81.19955757
1609864200000,32501.4,32621.8,32330.5,32478,43.87203656
1609865100000,32478.1,32514.2,32332.5,32453.5,33.83185096
1609866000000,32469.6,32645.2,32420.9,32420.9,31.37196515
1609866900000,32421,32478.9,32279.9,32312.8,31.51903682
1609867800000,32312.8,32456.9,32259.1,32427.6,24.28153718
1609868700000,32427.7,32787.5,32427.6,32741.8,44.44827142
1609869600000,32741.9,33155.4,32658.6,33142.3,72.34526182
1609870500000,33142.3,33190.2,32922.8,33051.8,61.43920391
1609871400000,33051.8,33331.7,32862.2,33298.6,81.79409367
1609872300000,33298.7,33432,33254,33370,65.7762872
1609873200000,33379.5,33508,33090.7,33507.6,68.988137
1609874100000,33502.7,33945.6,33470.7,33824.7,84.12343313
1609875000000,33824.7,34169.8,33594,33704.3,132.09532341
1609875900000,33723.1,34070.6,33700,33704.4,64.30380319
1609876800000,33700.2,33736.3,33362.8,33533.9,69.28058681
1609877700000,33533.9,33800,33429.6,33800,36.89794081
1609878600000,33800,33967.1,33657,33872.6,47.82436272
1609879500000,33875,34040.8,33733.3,33973.2,62.65583816
1609880400000,33971.5,33984.9,33681.6,33820.2,43.68197449
1609881300000,33820.2,33918.2,33733.4,33845.8,28.3246465
1609882200000,33845.9,33989.8,33802.4,33815.2,30.21309085
1609883100000,33815.1,33815.2,33490,33699.5,54.01922385
1609884000000,33699.5,34100,33699.5,34047.8,42.31083737
1609884900000,34047.8,34315.9,34047.8,34110.4,73.16040267
1609885800000,34110.5,34371,34067.1,34340.3,56.12228722
1609886700000,34346.1,34347.1,34096.3,34178.5,65.22003476
1609887600000,34178.5,34268.1,33950.5,34037.9,34.07206859
1609888500000,34037.9,34057.2,33655.3,33822.5,66.64699363
1609889400000,33830.4,33975.9,33827.9,33879.7,37.82948757
1609890300000,33876.3,34051.5,33702.5,33938.6,46.77321309
1609891200000,33946.6,34093.7,33457.6,33787.2,77.03083457
1609892100000,33787.2,33787.2,33310.9,33624,87.57247077
1609893000000,33624,33872.7,33607.5,33822,45.35406421
1609893900000,33814.1,34020,33725.4,33921.4,29.01834489
1609894800000,33914.4,34011.5,33769.9,33896.2,24.12508917
1609895700000,33895.4,33985.4,33681.3,33725.9,24.59794243
1609896600000,33725.9,33745.9,33502.1,33665,29.02765277
1609897500000,33666.2,33863.7,33559.4,33810.2,27.70646795
1609898400000,33810.1,34057.7,33806.8,34001.6,21.29782565
1609899300000,34003.4,34125.4,33776.6,33916.8,40.65981475
1609900200000,33918.3,34111,33848.2,33975.7,16.56641196
1609901100000,33975.8,34112.5,33829,33865.5,25.22314285
1609902000000,33874.8,34044.6,33760.1,33878,24.69072389
1609902900000,33869,33869,33686.9,33724.1,18.24871567
1609903800000,33728.4,33935.2,33656.5,33742.8,23.25723041
1609904700000,33742.7,34161.9,33742.7,34127.8,38.66486534
1609905600000,34122,34608,34112.2,34601.6,122.2132548
1609906500000,34599.6,35772.8,34506.2,35507,188.25203345
1609907400000,35507,35726.4,34958.8,35198,194.02013506
1609908300000,35187.3,35494.2,34973.7,35318.7,112.90465204
1609909200000,35328.8,35560.3,35146.8,35207.2,79.06695842
1609910100000,35220.1,35300.7,35012.9,35118.3,77.14952866
1609911000000,35124.4,35215.4,34600,34675.6,106.95181941
1609911900000,34666.1,34981.5,34512,34974.6,72.35195008
1609912800000,34974.6,35144.8,34841,35100,51.04983554
1609913700000,35099.9,35234,34983.9,35126.5,28.86436592
1609914600000,35123.4,35133.1,34795.7,34902.7,46.31973644
1609915500000,34902.4,35200,34881.9,35132.8,39.1492768
1609916400000,35120.2,35248.4,34956.5,34992.4,49.48199163
1609917300000,34987.6,35046,34829.7,35020.9,33.8578149
1609918200000,35020.6,35027.8,34739.6,34838.3,40.77727592
1609919100000,34838.3,34838.4,34328.5,34682.1,88.58911133
1609920000000,34682,34956.4,34663.8,34663.8,56.24853798
1609920900000,34659.9,34667.1,34156,34187.5,46.78081757
1609921800000,34184.1,34511.5,33879.9,34466.5,73.8602996
1609922700000,34466.5,34613.7,34407.8,34589.1,22.3915025
1609923600000,34593.7,34596.5,33796.8,34024.3,85.92891013
1609924500000,34022.9,34096.2,33627,33948.3,130.90687819
1609925400000,33952.3,34099.9,33842.5,34063.4,49.39864408
1609926300000,34062.5,34141.9,33884.8,33917.9,32.45394624
1609927200000,33917.8,34360.3,33845.2,34302.5,40.96989469
1609928100000,34302.5,34387.7,34202,34209.2,38.41594544
1609929000000,34209.2,34479.6,34197.6,34376.4,26.52394617
1609929900000,34376.3,34554.8,34376.3,34426.7,27.4125815
1609930800000,34426.8,34962.6,34353.1,34945.9,62.65588421
1609931700000,34946.6,35200,34655.7,34671.2,82.4189583
1609932600000,34672.1,34879.8,34660.7,34768.1,47.33714111
1609933500000,34768,34972.5,34551.7,34908.6,83.77144269
1609934400000,34908.6,35065.9,34691.9,34978.8,53.68850569
1609935300000,34983.7,34983.7,34737.7,34875.7,33.51854427
1609936200000,34883.7,34883.7,34531.2,34588.9,51.76793017
1609937100000,34595.6,34944.6,34421.6,34916.6,43.50510049
1609938000000,34916.7,35037.9,34522,34546.7,66.6910858
1609938900000,34546.7,34698.2,34444.7,34583.3,45.4126028
1609939800000,34574.2,34642.1,34310.5,34455.5,45.32537004
1609940700000,34455.5,34575.7,34322.7,34546.5,34.32871039
1609941600000,34542.6,34542.6,34069.2,34120.3,51.21665442
1609942500000,34124.1,34387.8,34093.7,34383.1,44.12557006
1609943400000,34383.1,34589.7,34218.6,34515.1,47.43578409
1609944300000,34515,34537.5,34141.2,34218.4,45.88596455
1609945200000,34218.4,34544.7,34154.3,34542.1,30.45289063
1609946100000,34542.1,34756.6,34532.4,34642,32.79841809
1609947000000,34641.9,34793.5,34628.4,34737.3,34.57745699
1609947900000,34736.8,34736.8,34444.7,34571.9,35.7025378
1609948800000,34571.9,35078.1,34570.3,34940.1,77.78472973
1609949700000,34940.2,34991.5,34759.5,34793.9,38.91644507
1609950600000,34793.9,35009.4,34637.2,34729.9,50.4219865
1609951500000,34730,34792.1,34352.4,34607.9,60.86830676
1609952400000,34617,34808.1,34560.5,34784.9,32.93192473
1609953300000,34785.8,34968.6,34656.6,34925.9,27.08033144
1609954200000,34925.9,35058.9,34878.3,35051,30.76237174
1609955100000,35051,35051,34823.9,34886.1,31.16316221
1609956000000,34905.1,35200,34905,35177.9,29.73751943
1609956900000,35177.9,35181.4,34929.8,34970.9,31.64157682
1609957800000,34971,35199.8,34935.8,35181.5,31.02306779
1609958700000,35181.6,35223,35080.9,35216.8,49.6760314
1609959600000,35216.9,35590.5,35132.3,35546.6,66.17576446
1609960500000,35546.8,35683.6,35441.4,35619,45.34938998
1609961400000,35619.9,35695.3,35346.1,35609.5,52.22581167
1609962300000,35609.5,35612.5,34659.8,34823.3,76.06051246
1609963200000,34823.3,35120.5,34121.8,34330.4,226.17782093
1609964100000,34330.4,35363.1,34282.1,35218.3,111.95026837
1609965000000,35217.3,35474.9,35109.9,35401.1,85.40540616
1609965900000,35401.1,36226,35380.6,36017,183.9920769
1609966800000,36017.1,36466.2,35696.7,36278.9,110.52393281
1609967700000,36278.8,36383.1,35833.7,36010.7,98.65871175
1609968600000,36004.2,36268.9,35866.1,35954.9,59.76206817
1609969500000,35954.9,36028.9,35672.6,35868.2,66.55955196
1609970400000,35868.3,36128.7,35687.5,36083.8,43.89248217
1609971300000,36083.7,36276.1,36051.7,36276,25.21075143
1609972200000,36276,36380,36034.5,36223.4,27.52088813
1609973100000,36223.3,36269.9,35967.5,35992.3,38.36140198
1609974000000,35992.2,36389.3,35961,36269.5,42.93406199
1609974900000,36257.5,36434.8,36135.5,36234.1,33.60935308
1609975800000,36234,36726.1,36218,36707.4,64.31946811
1609976700000,36707.4,36933.6,36562.5,36750.6,75.51758269
1609977600000,36750.5,37070.6,36516.7,36619,110.48219501
1609978500000,36624.3,37035.6,36425.2,36995.3,53.57417092
1609979400000,36995.3,37286.2,36995.3,37193.2,62.73766297
1609980300000,37199.3,37200,36856.4,37144.2,50.20205637
1609981200000,37147.5,37206.7,36907.5,36908.5,66.99911606
1609982100000,36907.6,37100,36787.1,36915.9,74.42905674
1609983000000,36915.9,37000.3,36670.1,36850.7,62.82322358
1609983900000,36850.7,36900,36641.6,36869.8,36.91248682
1609984800000,36882.4,37055.5,36788.3,36791.8,61.41639478
1609985700000,36791.8,36814.5,36434,36659.8,49.37042151
1609986600000,36668.1,36869.9,36541.3,36833.2,46.09589853
1609987500000,36833.2,37001.3,36699.5,36958.7,28.13329877
1609988400000,36958.8,37155.3,36939,37112.6,43.22776137
1609989300000,37112.6,37654.1,37019.5,37607,83.29579838
1609990200000,37612.2,37668.5,37432.5,37642,39.98738392
1609991100000,37642,37650,37273.3,37451.1,42.77935151
1609992000000,37451.1,37520.3,37120.1,37305.8,51.76528492
1609992900000,37305.8,37353.7,37075.6,37242.5,59.41044759
1609993800000,37242.4,37490,37164.3,37484.6,39.98803139
1609994700000,37484.7,37518.1,37408.1,37439.3,72.44897377
1609995600000,37443.5,37483.2,37142.9,37343.5,53.02765715
1609996500000,37343.5,37542.4,37263.6,37475.2,31.21321912
1609997400000,37475.2,37677.3,37337.7,37346.6,57.21269419
1609998300000,37346.8,37555.3,37276.6,37345.9,67.53495877
1609999200000,37341.8,37433.6,37182.3,37225.7,29.33615446
1610000100000,37247,37330.9,36713.1,36815.7,51.50388677
1610001000000,36822.7,37158.8,36822.7,37037.4,34.98063617
1610001900000,37037.4,37216.3,37023.9,37133.8,13.80812394
1610002800000,37130.8,37276.7,36940.4,37272.3,26.95330973
1610003700000,37278,37296.2,37039.1,37115.5,38.7701782
1610004600000,37115.5,37115.5,36897.9,37063.8,25.97195722
1610005500000,37063.8,37063.9,36715.8,36863.1,65.85706266
1610006400000,36863,37038,36856.3,36857.8,25.20986092
1610007300000,36857.8,36897.5,36305.2,36878.1,79.50271676
1610008200000,36872.3,37223.7,36822.1,37215.4,23.28377734
1610009100000,37215.4,37361.7,37127.6,37209,34.57477913
1610010000000,37215.7,37263.1,36981.1,37027.4,33.16386205
1610010900000,37027.5,37170.6,36921.4,37095.1,36.82016733
1610011800000,37069.9,37264.6,36905.9,37264,34.24672418
1610012700000,37264.1,37493.5,37261.7,37485.8,47.20337352
1610013600000,37485.8,37493.4,37163.8,37244.9,36.26938752
1610014500000,37245,37337.2,37121,37126,24.57381894
1610015400000,37120.1,37283,37017.3,37030.8,26.12130781
1610016300000,37025.3,37133.8,36924.7,37035.9,28.48245509
1610017200000,37045,37265.7,37044.9,37247.8,22.29083918
1610018100000,37246,37314.2,37133.5,37185.5,14.13567903
1610019000000,37185.6,37562.8,37162,37401.1,35.8663988
1610019900000,37401.1,37944.1,37401.1,37817.9,53.89155927
1610020800000,37817.9,38129.2,37719.7,37862,118.07271359
1610021700000,37862,38020.7,37527.9,37948.1,53.59381716
1610022600000,37948.2,38046.2,37771.5,37952.4,47.39448144
1610023500000,37952.4,38089,37778.8,37951.1,34.65088986
1610024400000,37944.7,38328.5,37902.6,38278.7,60.79983699
1610025300000,38278.7,38422.7,38169.5,38355.9,25.86340363
1610026200000,38342.1,38348.1,38114.2,38208.4,34.57197498
1610027100000,38208.3,38250,38028.4,38158.5,32.33794956
1610028000000,38158.5,38541.4,38080.1,38515.3,51.65688315
1610028900000,38514,38613.2,38288,38496.8,44.84064153
1610029800000,38496.8,38591,38371.7,38382.3,49.19639001
1610030700000,38386.3,38458.8,38156.7,38447.3,52.57760987
1610031600000,38447.4,38498.3,38080.4,38204.8,37.15204163
1610032500000,38207.1,38334.5,38122.9,38316.3,32.68718813
1610033400000,38301.6,38611.2,38266.5,38611.2,37.21331339
1610034300000,38611.2,38944.9,38507.7,38944.9,76.59038697
1610035200000,38944.9,39544.1,38944.9,39047.2,156.67478527
1610036100000,39047.5,39339.8,39015.7,39171.1,48.94133987
1610037000000,39169.6,39400,39100.7,39214,42.40083483
1610037900000,39213.9,39300,38966.5,39136.7,55.67684809
1610038800000,39122.2,39388.1,39109.3,39388.1,48.42129047
1610039700000,39388,39711,39345,39678.4,53.83284763
1610040600000,39681.1,39761.1,39382.1,39652.6,64.97691326
1610041500000,39649.6,39771.1,39469.8,39740.4,44.53744075
1610042400000,39740.4,40218.8,39683.4,40168.6,119.78952548
1610043300000,40168.6,40350,36000,39031.2,417.52387336
1610044200000,39031.2,39336.7,37621.1,37817.2,277.39577748
1610045100000,37805.5,38911.7,35700,38827.9,204.59206254
1610046000000,38850.7,38965.1,37550,38204.9,268.12236515
1610046900000,38210.5,38773.8,37827.6,38699.7,141.28897141
1610047800000,38699.7,39175.4,38492.9,39152.6,128.62620819
1610048700000,39157.1,39223.9,38820.7,39052.6,121.78067578
1610049600000,39052.6,39187.3,38273.6,38875.6,98.44205899
1610050500000,38878.3,38943.8,38393,38400.4,85.35848174
1610051400000,38401.1,39052.6,38389,38975.4,76.98066389
1610052300000,38975.4,39164.1,38922.6,39107.3,62.41271556
1610053200000,39111.3,39540.8,39111.3,39369.3,92.48606015
1610054100000,39370.7,39486.9,39253.5,39462.1,48.79463726
1610055000000,39463.1,39856.1,39463.1,39766.2,53.90887759
1610055900000,39758.3,39900,39262.8,39696.1,84.03693292
1610056800000,39696.3,39710.4,39165.3,39609.1,60.70085136
1610057700000,39609.1,39728.6,39362.1,39711.9,40.62726137
1610058600000,39711,39966.1,39584.5,39700,66.03144963
1610059500000,39700,39906.3,39457.6,39669.9,44.70992181
1610060400000,39669.8,39671.7,38653.9,38919.8,158.09120364
1610061300000,38922.9,39273.6,38502.6,38863.3,155.37550487
1610062200000,38863.3,39238.4,38863.3,38927.1,53.56774399
1610063100000,38909.9,39517.5,38842.7,39439.5,64.57081168
1610064000000,39439.5,39698.2,39236.5,39620,58.54359944
1610064900000,39600,39638.9,39347.9,39457.2,41.7990948
1610065800000,39447,39494.5,39167.2,39182.9,52.91659048
1610066700000,39182.9,39272.3,38787.2,38787.2,52.59280526
1610067600000,38782,38958.4,38356.3,38743.3,120.38327422
1610068500000,38743.2,38993.5,38414.7,38501.9,82.3008032
1610069400000,38509.4,38651.5,37809.6,38205.5,171.1300752
1610070300000,38206.2,38702.7,38077.5,38679.8,75.31136155
1610071200000,38679.9,38699,38142.9,38158.1,40.79225665
1610072100000,38158.2,38251.1,37126.5,37822.8,270.31546593
1610073000000,37821.2,37832.4,36268,36621.4,306.37372569
1610073900000,36622.9,37500,36232,37163,230.3359314
1610074800000,37172.4,38135.5,37061.3,37993,116.76610901
1610075700000,37993,38368.2,37787.6,38207.5,83.57505984
1610076600000,38207.5,38332.5,37966.9,38103.2,59.28530059
1610077500000,38099.9,38424.7,37944.7,38330.2,57.53709742
1610078400000,38330.2,38687.2,38152,38528.2,52.24505707
1610079300000,38528.3,38762.7,38340.7,38711.3,45.20190534
1610080200000,38695,38805.9,38441.8,38753.9,69.47234959
1610081100000,38755,38942,38609.5,38687,69.64915321
1610082000000,38687.1,38703.2,38336.1,38438.9,40.72236433
1610082900000,38438.9,38600,38225.1,38369.8,64.52594665
1610083800000,38369.8,38619.4,38257.3,38391.9,49.31330944
1610084700000,38406.8,38411.2,37900.1,37974.1,55.07347512
1610085600000,37972.9,38279.9,37566.6,38213.9,91.23948048
1610086500000,38222.7,38566.6,38210.7,38566.6,45.31832836
1610087400000,38570.5,38659.8,38351.8,38388.1,38.98306617
1610088300000,38396.4,38681.9,38345.2,38535.3,33.52738687
1610089200000,38544.9,38572.9,38298.3,38355.6,23.48478077
1610090100000,38359.3,38934.7,38359.3,38903,34.74887305
1610091000000,38903.1,38999,38781.4,38876.8,45.11769279
1610091900000,38871.8,39125.1,38727.3,38926.7,47.74879622
1610092800000,38926.7,38984.9,38534.4,38681.2,55.95250042
1610093700000,38672.6,38950.2,38582.3,38795.1,33.60669116
1610094600000,38795,38795,38421.1,38499.9,37.06773302
1610095500000,38490.7,38687.1,38421,38644.5,22.55563427
1610096400000,38650.8,38783,38218.1,38285,58.33066072
1610097300000,38277.4,38801.7,38214.2,38769.2,31.68151692
1610098200000,38769.4,38984.5,38641.8,38850.3,12.46283386
1610099100000,38848.2,39388,38804.3,39358.7,19.47971353
1610100000000,39363.5,39728.6,39230.8,39592.8,24.68250278
1610100900000,39592.9,39965,39516.5,39944.1,60.20039325
1610101800000,39936,40808.1,39684.2,40613,148.64715839
1610102700000,40610,41076,40398.7,40710.9,88.66203435
1610103600000,40713.3,41500,40403.8,41320.4,90.06288117
1610104500000,41304.7,41500,40909.3,41160.4,73.92286619
1610105400000,41157.8,41234.9,40558.9,41184.9,67.8309882
1610106300000,41189.2,41317,40795.3,41288.2,62.52651347
1610107200000,41284.2,41699.4,40911.7,41633.6,148.90926481
1610108100000,41628,41778.2,41235.2,41574.3,53.86040757
1610109000000,41574.4,41592.3,41348,41520.5,58.80730575
1610109900000,41520.5,41520.5,40839.6,41315.1,153.9245384
1610110800000,41315.1,41324.9,40682.9,40970.3,63.39618863
1610111700000,40982.4,41387.6,40880.5,41330.6,58.32257449
1610112600000,41330.6,41540.4,41149.1,41425.5,43.91009454
1610113500000,41425.6,41634,41168,41320.6,48.47821181
1610114400000,41320.6,41562.4,41124.7,41334.7,42.35992824
1610115300000,41340.1,41399,40990.1,41216.6,40.5870893
1610116200000,41216.6,41479.4,41100,41324.8,43.98349268
1610117100000,41331.7,41445.2,41133.5,41437.2,40.12897356
1610118000000,41447.5,41948.3,40940.6,41065,103.59424629
1610118900000,41069.6,41280.3,40054.6,40459.9,267.8645046
1610119800000,40459.9,40785.7,39665.7,40643.7,226.48866528
1610120700000,40652,40965.5,40521.1,40816.2,94.09020094
1610121600000,40825.6,41077,40627.7,40703.7,111.10595703
1610122500000,40700.1,41166.5,40373.4,41163.2,71.85707373
1610123400000,41163,41567.2,41087.7,41441.5,64.5229174
1610124300000,41441.5,41600,41264.8,41302.5,38.30961546
1610125200000,41302.5,41480,41047.4,41452.5,45.49321062
1610126100000,41452.4,41563.6,41211.8,41267.6,41.72517245
1610127000000,41254.4,41389.3,40954.8,41095.2,43.98767859
1610127900000,41103.1,41197.3,40835.3,41014.6,39.60801887
1610128800000,41014.7,41155.2,40603.1,40703.1,50.7484267
1610129700000,40701.4,40817.2,40136.2,40219,87.63400867
1610130600000,40228.7,40830.4,39975,40361.2,91.66802038
1610131500000,40395.3,40733.2,39784.2,39923.4,86.81582749
1610132400000,39923.7,40601.1,39923.7,40438.3,58.03257409
1610133300000,40438.3,40464.2,40124.1,40224.8,46.4401678
1610134200000,40217.4,40638.1,40217.4,40285.1,43.24102695
1610135100000,40288.9,40698.3,40235.2,40361.1,38.0661133
1610136000000,40359.9,40430.2,39367,39954,121.38832103
1610136900000,39953.7,40501.3,39408.2,39646.2,84.37156552
1610137800000,39642.6,39824.6,39099.9,39140.1,116.9997657
1610138700000,39168.6,39646.3,38926.4,39059.7,135.45967787
1610139600000,39059.7,39533.3,38653.4,39533.3,106.45666444
1610140500000,39535.5,39898.3,39414.1,39699.5,65.33441666
1610141400000,39699.5,40130.3,39453.2,39758.3,107.96197435
1610142300000,39753.7,40066.8,39474.7,40066.8,54.1177
1610143200000,40066.8,40200,39849.1,39950.8,43.01541406
1610144100000,39950.7,40200,39762,40114.9,24.40626241
1610145000000,40115,40749.2,40115,40592,59.05821044
1610145900000,40584.3,40799,40432.1,40677.8,27.54423344
1610146800000,40677.8,40779.5,40480.2,40633.2,32.49361944
1610147700000,40633.2,40904.2,40626.7,40791.2,29.32561083
1610148600000,40822,40940.2,40623.3,40713.6,38.74835076
1610149500000,40724.5,40808.2,40561.1,40574.7,31.57337743
1610150400000,40578.8,40967.5,40578.8,40766.8,44.85713564
1610151300000,40776.1,40971.2,40703.4,40768.6,40.06078809
1610152200000,40768.6,40777,40217.4,40280.2,43.68218557
1610153100000,40273.9,40403.1,39988.8,40284.2,66.074912
1610154000000,40296.1,40309.6,39941.7,40260.2,49.27822847
1610154900000,40263.7,40288.1,39765,40166.8,103.59898961
1610155800000,40148.7,40221.9,39796,39999.8,48.09305563
1610156700000,39999.8,40239.7,39959.1,40190,32.47124945
1610157600000,40195.5,40554.2,40142.9,40407.6,50.23249687
1610158500000,40414.4,40530.6,40202.7,40272.7,25.54988879
1610159400000,40268.7,40268.8,39591.7,39724.8,49.66036614
1610160300000,39730.9,40022.3,39501.5,39972.3,58.46705497
1610161200000,39972.3,40121.9,39723.9,40023.7,26.71021454
1610162100000,40031.6,40317,39845,40223.4,40.62332962
1610163000000,40223.4,40386.7,40092.9,40172,28.05907321
1610163900000,40171.9,40264,40043.1,40224.5,17.66404019
1610164800000,40224.4,40224.4,39894.7,39947.3,34.4096674
1610165700000,39947.7,40283.8,39816.4,40193.8,26.92173554
1610166600000,40210.3,40485.9,40122.6,40318.3,35.12050188
1610167500000,40318.3,40425,40159.8,40210.9,18.67585993
1610168400000,40210.7,40210.7,39853.2,39970.1,33.71187305
1610169300000,39969.8,39969.8,39669.1,39718.1,41.43210432
1610170200000,39718.2,39846.8,39396.4,39825,40.71978506
1610171100000,39825,39830.3,39160,39300,50.63005412
1610172000000,39299.7,39608.2,39001.1,39460.3,84.58381373
1610172900000,39460.2,39517.1,38901.9,39181.2,89.88936731
1610173800000,39185.8,39393.4,38905.7,39061.8,41.77730465
1610174700000,39063.4,39466.4,38946.3,38985,41.71999413
1610175600000,38984.9,39219.1,38734.2,39154.3,43.06622002
1610176500000,39154.4,39455.9,39154.4,39401.9,30.66316211
1610177400000,39388.7,39689.6,39375.7,39551,31.80264298
1610178300000,39551,39643.1,39355.9,39643.1,23.13301004
1610179200000,39643.1,39791.3,39300,39756.6,35.51885728
1610180100000,39756.6,39763.5,39491.2,39521.4,15.61290896
1610181000000,39521.4,40054.7,39521.3,40011.2,39.38110476
1610181900000,40011.2,40244.1,40011.2,40160.9,26.1821552
1610182800000,40165.4,40673,40165.4,40622,57.72439561
1610183700000,40617.5,40773.8,40483.8,40544.4,24.72085997
1610184600000,40529.4,40630.1,40279.7,40385.2,34.25448308
1610185500000,40385.2,40447.8,40242.8,40325.9,26.65147614
1610186400000,40344.2,40469.7,40100.1,40201.3,40.66230993
1610187300000,40201.3,40620.2,40166.6,40614.3,27.18399889
1610188200000,40614.4,40759.6,40435.1,40450,37.08544301
1610189100000,40454.8,40475.2,40283.8,40375.6,17.78596648
1610190000000,40375.7,40524.4,40256.4,40439.9,24.74110107
1610190900000,40439.7,41204.7,40410.5,41050.4,66.67999937
1610191800000,41054.1,41207.4,40898.3,40965.7,54.89327678
1610192700000,40965.7,41015.7,40391,40555.5,74.72284637
1610193600000,40558,40786.2,40558,40781.2,20.56439595
1610194500000,40781.3,40899.1,40522.6,40669.6,25.68231096
1610195400000,40669.7,40796,40404.7,40598.2,22.69254685
1610196300000,40600,40856.4,40589.3,40856.4,22.16992073
1610197200000,40857.4,40985.2,40763.7,40819.5,32.27458431
1610198100000,40826.6,41051.8,40635,40895.2,33.03340855
1610199000000,40890.7,41235.8,40815.5,41046.7,35.7143998
1610199900000,41046.8,41155.6,40920.8,41048,27.29497521
1610200800000,41047.9,41400,41046.6,41283.8,37.29298761
1610201700000,41283.8,41283.8,41005.4,41077,39.1677801
1610202600000,41068.8,41142.8,40811.7,40952.9,35.04634406
1610203500000,40952.9,41021.6,40707.6,40818.8,29.69057537
1610204400000,40818.7,40948.4,40236.3,40292.5,61.9417993
1610205300000,40299.6,40600.8,40237,40542.4,42.58965851
1610206200000,40542.5,40719.2,40477.2,40718,27.68070491
1610207100000,40718,40718,40439.9,40527.9,20.35645702
1610208000000,40521.2,40615,40315.4,40341.3,40.28061684
1610208900000,40347.6,40409.8,40061.7,40102.3,50.46229288
1610209800000,40111.5,40415,40104.5,40231.7,37.22634306
1610210700000,40231.8,40332.5,39888.1,39997.4,66.55666663
1610211600000,39997.3,40400,39983.3,40377.1,29.20065915
1610212500000,40377.2,40557.4,40361.4,40443.5,22.05760352
1610213400000,40443.4,40586.6,40357.4,40539.5,20.27169218
1610214300000,40539.4,40575.2,40361.4,40422.5,13.67523536
1610215200000,40428,40753.3,40425.1,40668.5,22.92543028
1610216100000,40668.5,40687.2,40590.7,40664.6,13.08219723
1610217000000,40664.6,40793.6,40641.6,40678.3,16.28507185
1610217900000,40678.3,40694.6,40576.3,40644.9,11.10537872
1610218800000,40644.9,40772.2,40479.8,40760.9,21.24673768
1610219700000,40761,40876.8,40711.5,40812.8,15.53798597
1610220600000,40814.4,40836.7,40660.2,40672.8,18.76758225
1610221500000,40672.8,40766.7,40614.4,40665.1,9.67303181
1610222400000,40666,40765.6,40063.6,40259.7,54.21293247
1610223300000,40259.8,40554.8,40158.6,40496.7,35.97022327
1610224200000,40496.6,40566.6,40385.1,40440.7,38.81453148
1610225100000,40440.7,40614.3,40347.6,40614.3,32.94808409
1610226000000,40614.3,40731.6,40530.7,40663.7,34.32875216
1610226900000,40663.7,40753.2,40614.7,40699.9,24.62394788
1610227800000,40700,40752.5,40485.3,40578.1,30.37782623
1610228700000,40578,40750.2,40574.5,40722.1,15.81024321
1610229600000,40724.7,40746.8,40511.1,40560.6,22.31134085
1610230500000,40560.6,40561.9,40350.2,40381.7,21.24510036
1610231400000,40381.7,40430.3,40152.9,40238.2,36.63117065
1610232300000,40238.2,40321.2,40134.3,40277.5,19.92678466
1610233200000,40277.9,40407,39920,40108.4,38.42207358
1610234100000,40108.7,40289,40018.2,40237.5,34.63959973
1610235000000,40237.5,40349.1,40234.1,40264,21.11357751
1610235900000,40264,40282.5,39973.1,40096.6,25.4430482
1610236800000,40096.6,40503.8,40096.6,40411.5,32.3533973
1610237700000,40411.4,40543.1,40371.8,40511.6,18.74098172
1610238600000,40511.7,40724.9,40432,40674.9,22.3961638
1610239500000,40675,40694.3,40545,40578.7,18.50126844
1610240400000,40578.8,40643.3,40453.6,40597.5,16.2952309
1610241300000,40597.9,41228.6,40597.9,41191.5,92.58908876
1610242200000,41191.4,41290.5,41067.9,41269.7,33.65472829
1610243100000,41269.7,41330.9,41025.6,41144.4,24.73653816
1610244000000,41144.5,41144.5,40915.6,41062.1,29.06301093
1610244900000,41061.4,41100,40844.5,40849.5,24.28932122
1610245800000,40859.6,41126.2,40859.6,41050.5,18.04531432
1610246700000,41044.2,41047.8,40913.9,40948.1,24.50054589
1610247600000,40948.1,40993.2,40504.3,40675,31.47330023
1610248500000,40675.1,40696.8,40313.4,40451.6,40.69177853
1610249400000,40451.6,40638.3,40433.5,40487.4,22.89349254
1610250300000,40487.4,40599.9,40257,40334.6,17.39435185
1610251200000,40327.9,40590.7,40267.8,40590.6,17.50762343
1610252100000,40590.6,40599.9,40361.4,40362.2,9.71434474
1610253000000,40362.2,40450,40071.5,40203.9,32.0828689
1610253900000,40196.5,40443,40179,40337.1,22.53544988
1610254800000,40349.3,40557.3,40263.7,40444.3,16.37129631
1610255700000,40444.4,40649.6,40444.4,40565.3,25.17770742
1610256600000,40565.2,40565.2,40432.7,40470.8,18.18050644
1610257500000,40470.7,40632.6,40396.9,40452.4,25.01592761
1610258400000,40452.4,40719.3,40390.2,40702.6,19.60623679
1610259300000,40707.7,40729.1,40601,40659.9,10.80316042
1610260200000,40659.8,41014.8,40596.2,40975.9,34.46008182
1610261100000,40971.7,41086.4,40872.7,40903.6,32.2998841
1610262000000,40905.6,41050.3,40763.3,41037.7,18.42756307
1610262900000,41037.7,41059,40874.4,40897.9,18.81867276
1610263800000,40897.9,40909.8,40691.1,40769.3,16.71562464
1610264700000,40769.2,40979.4,40769.2,40979.4,16.30551679
1610265600000,40979.4,41036.8,40614.8,40753.7,41.76439808
1610266500000,40763.2,40770.3,40642.1,40661.8,10.5346426
1610267400000,40661.8,40768.8,40635.1,40731,10.38672991
1610268300000,40731,40833.2,40557.5,40806.5,30.83086224
1610269200000,40804.8,41026.5,40768.6,41026.5,20.68595111
1610270100000,41023,41048.1,40868.2,40930.1,30.96521656
1610271000000,40920.7,41009.7,40771.2,40842,37.18590257
1610271900000,40862.6,40896.2,40723.8,40761.9,18.15594504
1610272800000,40761.8,40851.7,40657.6,40764.5,27.08027131
1610273700000,40764.5,40831.2,40333.7,40382,39.00329751
1610274600000,40382.1,40514.7,39988.7,40449.9,102.97494001
1610275500000,40447.6,40621.5,40336.7,40410.6,27.89753867
1610276400000,40412.8,40420.6,40071,40154.5,40.19320598
1610277300000,40148.5,40290.2,39056.5,39303.4,205.02418313
1610278200000,39303.3,39688.4,38883.9,39296.8,113.34121625
1610279100000,39296.8,39606.1,39142.8,39157.1,94.44658229
1610280000000,39168.9,39553,38500,39490.4,197.61655774
1610280900000,39494.9,39721.7,39413.1,39616.1,76.29580922
1610281800000,39624,39756.2,39418.9,39501.7,40.39321502
1610282700000,39506.2,39647.7,39318.6,39537.4,33.11525711
1610283600000,39538.7,39933.2,39436.2,39862.6,48.90336008
1610284500000,39862.6,40039.5,39830.5,39901,49.36676238
1610285400000,39901.9,40099.6,39796,39831.9,35.25807724
1610286300000,39831.9,39916,39685.4,39792.8,37.88885536
1610287200000,39792.9,39800.1,39506.7,39669,46.451711
1610288100000,39669,39800,39400,39758.1,31.75697941
1610289000000,39761.2,39837.6,39451,39515,30.94171347
1610289900000,39505.5,39556.4,39261,39424.7,49.80948524
1610290800000,39438.2,39493.3,39069,39473.3,64.33608588
1610291700000,39478.3,39818,39468,39739.6,30.42554276
1610292600000,39739.6,39912,39668.3,39823.8,30.37030225
1610293500000,39823.8,39922.4,39676.7,39676.7,35.1952201
1610294400000,39675,39750,39442.7,39631.6,50.18439768
1610295300000,39631.6,39631.6,39343.1,39397.5,25.68024382
1610296200000,39397.6,39544.4,39211.2,39366.9,36.61141225
1610297100000,39367.1,39537,39180,39249.9,32.68993032
1610298000000,39239.5,39372.8,38836.6,38992.1,89.45701682
1610298900000,38996.9,39003.2,38000,38157.1,168.70845105
1610299800000,38157.2,38433.3,37110,37741.5,242.42799251
1610300700000,37741.5,38804.9,37600,38580.1,121.9740953
1610301600000,38567.9,38755,38403.4,38569.8,74.69863998
1610302500000,38569.8,38608.5,38011.2,38012.4,80.05949998
1610303400000,38043.3,38373.8,37700,38106,86.86996806
1610304300000,38090.2,38170.4,37785.7,38093.9,82.80482305
1610305200000,38093.9,38532.8,37968.7,38489.9,42.5793187
1610306100000,38490.4,38493.1,38161.9,38251.9,27.76214214
1610307000000,38251.9,38251.9,37810.2,37848.6,39.23418924
1610307900000,37835.5,38137.9,37018.1,37441.8,109.03701716
1610308800000,37441.9,37808.7,36769.2,36781.7,123.00756034
1610309700000,36781.7,37249.3,34329,35834.4,295.42218129
1610310600000,35834.3,37433.2,35722.4,37338.5,214.65624393
1610311500000,37343.6,37733.9,37239.2,37717.3,101.02639389
1610312400000,37711.7,38268.7,37707.4,37930.2,127.44514368
1610313300000,37929.3,38061.9,37538.8,37579.7,94.84358976
1610314200000,37579.7,38150,37576.4,37832,79.69209925
1610315100000,37831.9,38085.6,37746.2,38051.9,49.57475956
1610316000000,38051.9,38834.8,37856.4,38708.2,77.8336342
1610316900000,38708.8,38998.5,38655.9,38815.5,56.17456309
1610317800000,38810.6,38913.4,38608.3,38812.1,30.88862443
1610318700000,38812.8,38859.6,38397,38431.1,59.33189092
1610319600000,38431.1,38683.7,38264.1,38494.9,63.77354803
1610320500000,38487.5,38502.1,38142.9,38297.5,63.06297676
1610321400000,38287,38476,37959.9,38466.2,73.3143983
1610322300000,38468.8,38476.8,38142.8,38160.7,32.39648674
1610323200000,38160.7,38255.9,37373.9,37580.9,107.4091298
1610324100000,37580.9,38047.8,37419.1,37621.4,66.87144404
1610325000000,37615.9,37932.7,37185.7,37235,67.48134845
1610325900000,37234.2,37409.3,36600,37189,142.46601665
1610326800000,37192.9,37673.2,36989.1,37671,77.94748392
1610327700000,37669.2,37810.1,37539.9,37702.7,38.69929773
1610328600000,37702.7,37762,37084.5,37158.2,64.21197772
1610329500000,37161.5,37358.3,36706.3,37238.9,118.85786171
1610330400000,37238.9,37400.8,36150.8,36831,185.78428305
1610331300000,36831,36831,36223.5,36657.7,147.29122153
1610332200000,36652.5,37132.4,36614.1,37048.5,85.10279934
1610333100000,37046.8,37120.1,36292.1,36362.3,103.79626368
1610334000000,36363.4,36675.5,35612.2,35690.9,181.36741053
1610334900000,35724.1,35950,35000,35359.9,280.06644219
1610335800000,35355.5,35355.5,33600,34143.4,509.56834851
1610336700000,34144,35719.1,34144,35426.4,441.18967055
1610337600000,35435.1,36000,35295.6,35849.2,221.26801145
1610338500000,35831.1,35952.1,34313.5,34694,272.45321809
1610339400000,34693.9,35199.9,34427.3,35176.2,253.67536941
1610340300000,35176.2,35716.5,35073.9,35544.8,109.10823393
1610341200000,35539.3,35912.8,35378,35691.4,83.47979946
1610342100000,35691.4,35831.6,35000,35636.2,163.56239758
1610343000000,35645.6,35723.1,34745.7,34904.9,144.14171845
1610343900000,34903.2,35171.9,34517.9,34912.7,175.22166293
1610344800000,34912.7,34912.7,33722.3,33732.5,251.26249577
1610345700000,33732.5,34469.2,33566.6,34348.5,267.65519115
1610346600000,34334.8,34632.1,33361.4,33592.8,195.5271816
1610347500000,33568,33757.1,32500,32841.2,394.27908687
1610348400000,32855.6,33774.8,32541.6,33036,302.26338129
1610349300000,33036.2,33715.7,32623,33714.2,326.59463626
1610350200000,33717.2,34686.3,33717.1,34508.3,131.50498767
1610351100000,34490.8,34734.1,33871.5,34370.6,168.65791029
1610352000000,34378.3,35543.6,34119.6,35328.6,164.41791637
1610352900000,35326.4,35635.8,35157,35270.6,109.28419046
1610353800000,35270.5,35832.6,35251.6,35759.5,84.31600439
1610354700000,35770.7,35871,35391.4,35435,85.05813299
1610355600000,35435.1,35578.5,34875.1,35131.3,94.34747282
1610356500000,35131.2,35570.3,35026.7,35557,55.02761421
1610357400000,35540.3,35558.2,35094.3,35186.5,75.40383685
1610358300000,35186.4,35750,35098.3,35749.8,68.98227586
1610359200000,35749.8,36337,35600.1,36177.9,64.58098269
1610360100000,36180.9,36181.1,35541.2,35700,76.18883503
1610361000000,35699.9,35823.6,35236.2,35418.2,81.62651894
1610361900000,35418.3,35596,35282.4,35374.8,52.72631006
1610362800000,35374.7,35466.3,34659.2,34728.5,93.9685653
1610363700000,34729,35055.8,34500,34614.6,133.78810832
1610364600000,34611.7,35153.5,34611.7,34913,79.75597656
1610365500000,34926.9,34933,34048.8,34181.2,84.68015081
1610366400000,34181.2,34282.1,33513.8,33712.2,186.473812
1610367300000,33703,34880.5,33333.1,34861.7,155.0232686
1610368200000,34868.8,35096.4,34587.5,34653,91.77281146
1610369100000,34648.9,34959,34004.5,34273.9,143.65103577
1610370000000,34273.1,34419.6,33779.4,33997.4,153.24371752
1610370900000,33981.2,33981.2,33108.6,33409.4,219.15474851
1610371800000,33388.8,33789.5,32855.8,33630.8,248.63210246
1610372700000,33631.1,33823.8,32792.8,32816.2,191.23587315
1610373600000,32814.5,33225.2,31089.1,31123.5,409.1933126
1610374500000,31120.1,33415.8,31042.3,33083.4,411.65226615
1610375400000,33085.4,33500,32510.6,33396.5,196.42482775
1610376300000,33397.1,33771.7,33130.6,33295,116.43168321
1610377200000,33295,33678.7,32791.7,32791.7,141.20498544
1610378100000,32791.7,33263.5,32636.4,32660.8,139.47622228
1610379000000,32660.8,32815.2,31609.8,31938.3,222.23473333
1610379900000,31929.3,32286.5,31418.6,31556.3,244.12515712
1610380800000,31556.3,32218.9,30777.7,30777.7,358.89610818
1610381700000,30777.7,31755.4,30575.3,31143.4,282.63495682
1610382600000,31144.4,31385.9,30425.1,30562.4,259.55037354
1610383500000,30551.1,31897.8,30426.3,31771.2,193.44818849
1610384400000,31775.4,31784.9,30711.4,31160,215.13630789
1610385300000,31158,32682.5,31153.1,32592.1,256.07701269
1610386200000,32586.4,33602.2,32585.6,33058.3,141.39790297
1610387100000,33058.4,33066.3,32356.4,32835.2,242.75230779
1610388000000,32835.2,33026.9,32428.5,32848.9,117.46995598
1610388900000,32857.3,33023.1,32601.3,32997.9,91.95456057
1610389800000,32997.8,33244.5,32696.9,33195,80.75798616
1610390700000,33192.3,33299.9,32477.2,32556.8,109.87000427
1610391600000,32556.7,32727.8,31698.2,31714.9,88.99157625
1610392500000,31711.2,31919.9,31372,31379.7,137.19652963
1610393400000,31380.5,32413.9,31235,32149.4,123.70247476
1610394300000,32162.5,32563.8,32162.4,32258.9,132.73800766
1610395200000,32252,32266.9,31428.6,31600.1,137.42777488
1610396100000,31600,32203.2,31553.7,31790.9,117.8391277
1610397000000,31790.9,32272.5,31593.8,32224,133.03832872
1610397900000,32230.5,33461.2,32230.5,33445.6,198.90660797
1610398800000,33435.8,33963.8,33110,33947.2,158.25873539
1610399700000,33947.3,34450,33723.3,34433,141.86743094
1610400600000,34417.1,34450,33612.2,34168,145.99207626
1610401500000,34168,34249.9,33806.2,33955.7,92.13851576
1610402400000,33961,34341.2,33675,34340.9,69.98720192
1610403300000,34340.9,34870.9,34340.9,34631.6,78.32755978
1610404200000,34631.7,34745.3,34230.7,34475.9,81.59327539
1610405100000,34476,34561.6,34050.7,34370.5,95.48628196
1610406000000,34370.6,34962.3,34370.6,34933,111.86756475
1610406900000,34934.6,35276.7,34845.5,35078.5,153.42054425
1610407800000,35074.6,35422,34811.6,35339.7,95.35631685
1610408700000,35344.6,35622.1,35295.3,35392.3,113.17382706
1610409600000,35395,35536.7,34677.9,34772.2,128.95264452
1610410500000,34776.6,34962.5,34238.1,34583.6,139.33173486
1610411400000,34574.4,35113,34449.6,35113,81.90941725
1610412300000,35122.4,35248.4,34801.4,34937.3,86.0450819
1610413200000,34949.5,35456.2,34949.5,35364.4,40.46259776
1610414100000,35364.3,35444.4,34930.6,34941.9,53.7145012
1610415000000,34959.6,35026.9,34144.6,34402.4,166.48424191
1610415900000,34402.4,34402.4,33842,34283,112.97481077
1610416800000,34283.1,34512.8,33776.2,33781.9,101.64224599
1610417700000,33806.2,34123.4,33714.2,33896.4,63.03719517
1610418600000,33896.4,34411.3,33894.5,34354.5,76.55661914
1610419500000,34354.5,34620.5,34219.2,34402.9,75.18733316
1610420400000,34400.3,34660.1,34206.8,34267.6,67.58489265
1610421300000,34277.2,34974.3,34277.2,34967.9,56.95861854
1610422200000,34968.5,34968.5,34676.9,34815.1,43.56834037
1610423100000,34815.1,34993.3,34549,34989.2,42.78694232
1610424000000,34989.3,35265.3,34907.6,34942.7,90.97216847
1610424900000,34942.5,34999.7,34743.8,34923.2,48.45658321
1610425800000,34920.3,34934.6,34595.8,34776.5,39.22557393
1610426700000,34780.5,35324.3,34527.7,35285.4,120.049283
1610427600000,35285.9,35500,35278.2,35356.4,65.74449099
1610428500000,35356.3,35356.3,34985.5,35082.8,54.1338703
1610429400000,35088.8,35392.2,35009.7,35288.8,39.28750645
1610430300000,35288.9,35886.4,35288.9,35886.4,62.6627654
1610431200000,35886.4,36121.6,35723.2,35760.4,78.43082413
1610432100000,35760.4,36259.1,35754.2,36233.2,55.9682463
1610433000000,36228.2,36338.5,35977.1,36078.3,45.52426593
1610433900000,36078.2,36258.7,35877.5,35993.4,43.86774692
1610434800000,35996.5,36110,35634.3,35768.1,45.47840988
1610435700000,35768.2,35907.1,35628.9,35801.3,36.86180438
1610436600000,35812.5,36632.8,35806.7,36594.1,67.42757865
1610437500000,36594.1,36613.6,36333.8,36412.5,74.49310377
1610438400000,36412.5,36499.9,36017.1,36116.6,59.10854161
1610439300000,36116.7,36149.6,35789,36107.4,58.06511421
1610440200000,36108.9,36285.2,35925,36166,37.18193821
1610441100000,36172.1,36192,35599,35777.1,67.79782455
1610442000000,35776.3,36003.3,35482.8,35941.4,61.18175631
1610442900000,35947.1,36016.9,35649.5,35839.2,44.08359839
1610443800000,35822.9,36139.9,35804.7,36033.1,38.75085233
1610444700000,36033.2,36141.7,35871.2,35925.3,31.18349363
1610445600000,35925.2,36134.9,35319,35338.7,76.64095774
1610446500000,35337.1,35388.6,34885.6,34900.7,78.48778022
1610447400000,34900.6,35414.8,34798.7,35158.5,106.74203623
1610448300000,35159.5,35314.8,34967,35087.3,43.84778667
1610449200000,35087.4,35593.2,35087.4,35458.7,55.85822657
1610450100000,35463.9,35837.6,35444.1,35587,58.76418321
1610451000000,35572.8,35725,35186.9,35291.7,50.72851498
1610451900000,35291.7,35499.9,35193.6,35393.5,39.38973247
1610452800000,35411.4,35684.5,35351.1,35647.8,33.66383538
1610453700000,35646.9,35646.9,35220.7,35334.7,35.68053545
1610454600000,35346,35367.4,34958.8,34977.7,38.52112536
1610455500000,34981.1,35228.5,34891.7,35021.7,43.15521216
1610456400000,35012.4,35387.2,35012.4,35287,33.52964716
1610457300000,35290,35290.1,34386.3,34568.2,99.78192399
1610458200000,34568.8,34693.2,33800,33935.6,125.08661091
1610459100000,33935.5,34104.8,33258.7,33291,164.66577632
1610460000000,33281.3,34037.2,33281.2,33811.4,139.41654609
1610460900000,33802.6,34052.8,32830.1,32924.8,132.67786211
1610461800000,32924.8,33373,32542.9,33225.8,179.37029555
1610462700000,33225.9,33488.2,32959.6,33410.2,93.30478711
1610463600000,33411.6,33930,33411.6,33705.9,85.05773028
1610464500000,33703.8,34274.6,33617.3,34072.5,70.83835242
1610465400000,34076.6,34079,33673.7,33836.3,90.63366462
1610466300000,33836.2,34179.2,33745.1,33822.3,66.73414821
1610467200000,33829.7,34568.9,33827.6,34405.7,114.01237684
1610468100000,34405.8,34781.9,34289.9,34571.2,83.61227348
1610469000000,34570.9,34741.1,34400.3,34658.4,55.79193815
1610469900000,34656.1,34994.5,34509.3,34992.3,74.17709252
1610470800000,34989.7,35290.5,34798.1,35085.5,77.02307336
1610471700000,35085.5,35100,34614.3,34618.7,56.90396515
1610472600000,34618.7,34902.8,34574.5,34684.5,43.62332905
1610473500000,34684.4,35128.8,34607.3,35008,51.22639796
1610474400000,35008,35490.9,34825.1,35376.9,71.68776594
1610475300000,35376.9,35531.9,35231.4,35323,82.44734819
1610476200000,35328.5,35350.9,34936.8,35069.1,48.88107876
1610477100000,35069,35255.1,34848.7,35029.6,50.10390746
1610478000000,35038,35038.4,34647.7,34878.4,53.57012505
1610478900000,34880.6,34972.7,34431.6,34571.8,58.93643905
1610479800000,34576,34694.9,34262,34267.7,68.73376634
1610480700000,34261.3,34800.7,34191.6,34683,52.19956839
1610481600000,34682.1,34682.2,34200,34318.2,70.62991192
1610482500000,34308.2,34320.6,33865.7,34210.7,90.39834042
1610483400000,34228.9,34228.9,33742.2,33968.7,86.61689545
1610484300000,33958.1,34328.1,33870.7,34291.1,58.92792051
1610485200000,34289.9,34463.2,34221.3,34356.9,47.33986549
1610486100000,34356.9,34421.2,34026.9,34106.1,43.91671369
1610487000000,34111.5,34328.2,33819.3,34265.6,78.30218209
1610487900000,34265.6,34880.8,34244.4,34732.5,86.86037084
1610488800000,34729.3,35028.3,34691.5,34775.9,43.96508771
1610489700000,34775.8,34775.8,34348.1,34395.3,31.29989002
1610490600000,34395.3,34624.4,34142,34199.6,37.84264344
1610491500000,34198.4,34198.4,33359.5,33732.9,151.70901739
1610492400000,33755.8,34041.3,33305,33964.1,111.9115103
1610493300000,33964.1,34020.2,33330,33457.4,99.05262604
1610494200000,33457.4,33896.2,33328.8,33798.6,129.11306498
1610495100000,33802.8,34130.3,33645.1,34063.5,81.48859557
1610496000000,34050,34050.1,33469.4,33818.1,101.92467087
1610496900000,33825.9,33924,32902.8,33082.5,123.66483306
1610497800000,33082.9,33265.2,32800.5,33166.9,122.96729082
1610498700000,33173,33187.9,32361.8,32508.1,184.42343377
1610499600000,32513.2,33166.6,32489.9,33136.4,123.28925485
1610500500000,33121.5,33176.2,32530.7,32603.7,97.47768818
1610501400000,32605.9,33027.1,32564.8,32677.5,71.76986613
1610502300000,32681.7,33256,32681.7,33131,105.28127511
1610503200000,33125.8,33549.9,33072.5,33207,75.99318087
1610504100000,33211.4,33384.6,32751.9,32812.4,72.43253139
1610505000000,32799.4,32871.6,32563.7,32841.4,83.20046223
1610505900000,32836.1,33146,32662.8,33033.5,99.56229902
1610506800000,33038.5,34242.6,32989.1,34062.3,164.3638659
1610507700000,34063,34387.7,33840.2,33912.4,125.17033203
1610508600000,33912.3,34081.6,33826.8,33842.2,70.78180097
1610509500000,33851.3,34017.1,33650.7,33814.6,72.18317843
1610510400000,33818.8,33906.6,33487.9,33673.1,58.86752962
1610511300000,33663.2,33736.3,33422.5,33708.3,58.08870565
1610512200000,33708.3,33775.3,33172.6,33236.4,80.91686693
1610513100000,33236.4,33361.7,33099.5,33181.9,61.23523363
1610514000000,33181.9,33510.5,33170.3,33474.3,39.52832513
1610514900000,33474.6,33484.4,32969,33034.8,46.17460557
1610515800000,33034.8,33286.8,32808.6,33085,80.91302648
1610516700000,33080,33318.6,32823.6,33317.7,66.76084605
1610517600000,33318.9,33584.6,33225,33522.2,60.09842311
1610518500000,33537.7,33889.2,33461.6,33834.9,72.28602378
1610519400000,33835.9,33979.5,33634.1,33979.5,47.76775789
1610520300000,33981.1,34199.2,33745.7,33753,87.5308291
1610521200000,33772.8,34028.8,33647.4,33941.8,68.21979686
1610522100000,33941.8,34688.4,33805.5,34620.6,73.16345171
1610523000000,34620.7,34933.4,34617.6,34832,84.35885936
1610523900000,34836.7,35161.8,34833.5,34967.1,84.59354031
1610524800000,34979,35062.7,34619.5,34733.1,79.4409016
1610525700000,34726.3,34839.8,34571.5,34653.6,51.88846076
1610526600000,34653.5,34773.8,34406.3,34614,56.29008372
1610527500000,34617.5,34829.2,34502.8,34522.2,40.80123682
1610528400000,34518.9,34894,34518.8,34773.7,37.12511015
1610529300000,34773.7,35098.6,34717.8,34717.8,77.39021196
1610530200000,34714.9,34798.4,34221.5,34316.3,49.80311117
1610531100000,34316.2,34476.1,34170,34356.2,57.46954061
1610532000000,34352.4,34894,34352.4,34794.3,46.30935364
1610532900000,34789.5,34988.2,34688.9,34766.8,41.03943115
1610533800000,34766.7,35065.9,34460,34614.4,93.38003095
1610534700000,34614.4,34945.8,34539.6,34925.9,50.86871487
1610535600000,34925.6,34972.5,34530.6,34643.2,53.0138684
1610536500000,34647.8,34972.4,34642.1,34871.9,43.99767953
1610537400000,34871.9,35255.8,34516.4,34616.3,91.83730386
1610538300000,34607.4,34642.8,34244.4,34383.2,82.13760141
1610539200000,34391.1,34508.5,34046.2,34250.4,107.54762431
1610540100000,34252.1,34412.4,34043.1,34145.1,61.00835876
1610541000000,34155,34417.2,34155,34351.9,35.60013047
1610541900000,34367.8,34420.9,34239,34271.2,25.48585845
1610542800000,34271.2,34527.5,34073.8,34487.5,48.37088184
1610543700000,34487.5,34700.5,34425.4,34544.8,37.64404858
1610544600000,34538.3,34781.1,34538.3,34636,37.54418487
1610545500000,34630.2,34692.5,34408,34563.8,39.08330271
1610546400000,34572.7,34629.2,34390.2,34601.2,29.50920274
1610547300000,34603.6,35100.1,34587.6,34883.3,91.55257402
1610548200000,34883.2,34891.4,34680.7,34688.2,43.38534547
1610549100000,34695.2,34845.4,34222.2,34271.1,70.22029899
1610550000000,34264.3,34436.6,34188.6,34414.2,33.59997149
1610550900000,34411.9,34635.7,34379.4,34630,23.03912748
1610551800000,34634.2,34724.9,34570.1,34685.1,23.83319818
1610552700000,34685.2,34859.9,34518.5,34672.2,55.18334953
1610553600000,34672.2,34934.2,34500,34565.5,83.20214404
1610554500000,34565.5,34660.6,34443.5,34443.5,39.20040214
1610555400000,34443.5,34630.3,34395.7,34577.4,29.20553926
1610556300000,34577.4,34785.7,34577.4,34783.2,20.36123197
1610557200000,34784.4,34962.4,34673.8,34924.5,34.9771636
1610558100000,34924.5,34933.7,34656.3,34876,28.8652275
1610559000000,34876,34999,34794.1,34880.3,27.99450722
1610559900000,34888.9,34993,34759.5,34813.1,29.30406784
1610560800000,34822,34902.7,34732.2,34815.4,23.01464248
1610561700000,34815.3,35119.9,34763.9,35112.8,22.79984425
1610562600000,35112.8,35807.5,35112.8,35712.5,124.85465067
1610563500000,35719.7,35919.6,35643.3,35719.9,70.44717442
1610564400000,35720,35972.7,35720,35846.5,49.45723527
1610565300000,35846.4,35847.3,35571.5,35811.6,33.34184433
1610566200000,35807.8,36175.6,35698.4,36048.5,70.90948108
1610567100000,36048.5,36160,35994.3,35999.1,36.07537623
1610568000000,35999.6,36379.8,35999.6,36303.2,32.05383226
1610568900000,36303,36463.4,35864.6,35947.4,70.37041218
1610569800000,35948,36045.5,35723.3,35965,75.59475367
1610570700000,35965,36267,35781.5,36225.4,51.45695943
1610571600000,36225.4,36396.9,36141,36306.2,34.06656978
1610572500000,36299.7,36500,36099.2,36212.3,55.85831425
1610573400000,36212.4,36486.7,36163.9,36435.5,27.51850339
1610574300000,36435.4,37426.2,36414.3,37287.1,141.79365197
1610575200000,37296,37823,37241.3,37269.4,95.33077476
1610576100000,37268.5,37593.4,37267.9,37337.7,58.95801241
1610577000000,37337.7,37508.1,36848.1,37102.5,75.01972471
1610577900000,37105.2,37369.2,37019.2,37186.3,34.39463764
1610578800000,37204.9,37434.7,37204.8,37327.2,32.60578288
1610579700000,37327.3,37577.1,37251.2,37251.2,45.54638472
1610580600000,37252.2,37338.8,37017.4,37075.2,53.51395143
1610581500000,37075.2,37396.6,37010.1,37388.3,39.51479965
1610582400000,37364.5,38182.4,37364.5,37938.7,141.41925076
1610583300000,37938.8,38004.5,37655,37874.6,72.03779762
1610584200000,37874.6,37938.9,37673.6,37764.4,39.88858975
1610585100000,37770,37864.4,37656.2,37773.9,36.79003059
1610586000000,37779.6,37790,37450,37528.5,45.85786219
1610586900000,37536.9,37757.7,37363.8,37757.6,38.29161321
1610587800000,37757.7,37760.7,37417.7,37468.8,32.98678397
1610588700000,37464,37590.3,37395.4,37450.9,30.88486992
1610589600000,37451,37588.8,37213.5,37224.3,32.3057
1610590500000,37221,37378.3,37050,37289.6,44.89564178
1610591400000,37289.6,37695.9,37254.9,37582.9,40.01281104
1610592300000,37583.1,37626.3,37376.2,37438.5,25.32085843
1610593200000,37448.4,37471.3,37221.6,37390.4,29.8549358
1610594100000,37390.8,37439.6,37165,37341.5,28.93638487
1610595000000,37341.5,37472.6,37307.9,37430.8,13.49051198
1610595900000,37430.7,37499.9,37000.5,37056.3,45.32506829
1610596800000,37061.3,37192.6,36747.1,36889.8,54.61010951
1610597700000,36889.8,37288.5,36887.1,37234,24.30031686
1610598600000,37240.1,37465.6,37177,37350.5,27.14664087
1610599500000,37341.1,37510.1,37271.9,37510.1,21.04812166
1610600400000,37510.1,37576,37300.7,37361.2,21.53745122
1610601300000,37347.2,37591.2,37347.2,37431.3,15.14570803
1610602200000,37431.2,37718,37392,37572.3,19.96296734
1610603100000,37577.9,37796,37514.8,37533.9,27.09631478
1610604000000,37534,37695.1,37448.8,37695.1,17.42246964
1610604900000,37695.2,38098,37640.9,37995.4,41.99313048
1610605800000,38008.5,38047.9,37824.8,37876.8,32.14323385
1610606700000,37876.7,37931,37777.1,37840.8,28.2051871
1610607600000,37840.8,38395.2,37717,38317.5,60.62183852
1610608500000,38328.9,38589.3,38263.7,38563.8,52.39416497
1610609400000,38563.8,38563.8,38346.9,38377.4,30.94455664
1610610300000,38377.9,38493.9,38144,38225.4,37.58549074
1610611200000,38216.4,38782.9,38201.6,38683.6,74.96363905
1610612100000,38679.5,38788.6,38377.3,38396.3,71.71376899
1610613000000,38397.4,38591.5,38396.2,38498.3,22.91034742
1610613900000,38498.3,38643.2,38355.6,38379.5,26.60785298
1610614800000,38375.3,38490,38160,38210.3,43.53201316
1610615700000,38216.5,38318.4,37959.2,38054.9,65.5587759
1610616600000,38054.9,38361.2,38054.9,38350.5,35.7603921
1610617500000,38350.5,38350.5,37856.8,37925.2,56.11874637
1610618400000,37922.3,38355.3,37865.2,38197.4,47.35288224
1610619300000,38196.8,38342.9,38137.5,38176.2,29.47502402
1610620200000,38176.2,38254.1,37997.3,38019,23.29310714
1610621100000,38018.4,38494.4,37989.5,38494.3,31.91850237
1610622000000,38494.3,38604.8,38334.2,38361.1,46.91773364
1610622900000,38361.1,38447.4,38133.1,38156.4,18.85822231
1610623800000,38156.4,38234.6,38064.2,38117.1,40.48758668
1610624700000,38117,38371.4,38106.6,38358.3,23.77847733
1610625600000,38358.4,38412.8,37957.6,38020,39.50822277
1610626500000,38020.1,38106.8,37700,37930.4,56.7707845
1610627400000,37933.2,38200,37862.4,38167.9,23.91667269
1610628300000,38167.8,38308.4,38103,38258.7,16.37970569
1610629200000,38258.7,38461.1,38165.7,38409.9,27.21202741
1610630100000,38409.9,38717.2,38336.2,38623.4,41.44138206
1610631000000,38620.7,38850.1,38405.5,38672.3,55.02466386
1610631900000,38672.3,38998,38587.9,38972.3,41.24524752
1610632800000,38972.4,39293.4,38805.4,39234.9,53.39089222
1610633700000,39245.1,39400,39134.6,39268.5,56.16027418
1610634600000,39268.5,39750,39266.7,39600.1,120.15142753
1610635500000,39603,39749.1,39535.7,39576.6,51.47623499
1610636400000,39584.1,39668.9,39313.6,39516,58.77065044
1610637300000,39516,39888.6,39516,39862.5,51.41362384
1610638200000,39861.1,40099.9,39607.5,39607.5,103.70395985
1610639100000,39606.8,39726.9,39442.7,39545.3,54.0242395
1610640000000,39545.4,39967,39545.4,39943.4,80.17170124
1610640900000,39950,40014.1,39568.5,39713.1,59.48646241
1610641800000,39712.5,39874.9,39600,39831.7,46.25961098
1610642700000,39831.7,39831.7,39200,39296.4,68.39184333
1610643600000,39291.9,39643.1,39291.9,39615.5,46.52951808
1610644500000,39627.8,39883.7,39536,39798.5,38.76524243
1610645400000,39785.8,39854,39559.9,39566,27.00306093
1610646300000,39569.4,39619.1,39412.8,39437.5,28.76039679
1610647200000,39424.9,39605.6,39400,39579.1,29.53822002
1610648100000,39579.1,39584.8,39316.5,39395.9,23.55128854
1610649000000,39395.9,39549.7,39274.2,39275.8,25.37147303
1610649900000,39275.8,39480.3,39262,39333.7,23.31527321
1610650800000,39334.8,39631.4,39334.7,39512.4,26.12126928
1610651700000,39512.4,39755.1,39512.4,39652,39.24352037
1610652600000,39652.1,39754.4,39500,39620.4,19.29811789
1610653500000,39626.9,39916.5,39223.1,39871.1,46.71501619
1610654400000,39871,39932,39621,39690.7,54.94999675
1610655300000,39690.6,39700,39512,39564.3,24.73869923
1610656200000,39563.8,39734.1,39516.2,39734.1,22.22860122
1610657100000,39736.7,39746.5,39304.1,39318.2,32.13526512
1610658000000,39317.4,39442.6,38834.8,39014.2,66.29722956
1610658900000,39014.2,39236.4,38315.8,38457.5,102.68001379
1610659800000,38463.6,38654.3,38275.2,38458.5,77.23879004
1610660700000,38466.2,38911,38370.4,38783,37.87637598
1610661600000,38783,38938.2,38625.5,38779.1,28.92686754
1610662500000,38779.1,38800.6,38475.8,38543.6,22.23145381
1610663400000,38543.6,38675.7,38359.6,38584.7,28.70549183
1610664300000,38584.8,39131.4,38584.8,38986.5,40.8776081
1610665200000,38987.6,39085.7,38864.8,38992.9,29.26763267
1610666100000,38980.2,39233.9,38880.1,38880.1,23.60376281
1610667000000,38880.1,39031.6,38755.1,38957.5,21.33755026
1610667900000,38957.5,39330.8,38957.5,39150.6,35.69787305
1610668800000,39150.6,39659.5,39028.7,39494.8,65.28598718
1610669700000,39498.7,39600,39400,39400.1,28.61110452
1610670600000,39400,39737.3,39386.2,39503.6,37.0273743
1610671500000,39503.5,39633,39399.1,39453.9,27.23864015
1610672400000,39453.9,39590,39380.4,39589.9,18.35196239
1610673300000,39590,39760,39394.9,39460.7,39.6665618
1610674200000,39460.6,39630,39456.1,39468.3,40.02926559
1610675100000,39468.4,39468.4,39022,39175.2,32.6071433
1610676000000,39179.3,39370.4,38737.8,39356.1,38.3839952
1610676900000,39350.8,39472.5,39210,39422.2,30.87816093
1610677800000,39410.7,39480,39245.2,39265.1,27.61309726
1610678700000,39265.1,39338.6,39093.7,39281.5,15.28365305
1610679600000,39266.5,39336,38951.7,38969.8,26.09356606
1610680500000,38969.8,38984.6,38725,38781.7,25.5825361
1610681400000,38781.6,38926.3,38643.6,38655.9,25.87143728
1610682300000,38665.9,38781.1,38443.1,38703.4,38.60256903
1610683200000,38693.4,38830,38447.2,38512,34.05336982
1610684100000,38502.3,38582.3,38357.8,38482.3,32.87526813
1610685000000,38482.3,38755,38364.7,38656.8,36.52631602
1610685900000,38659.4,38740,38428.4,38428.4,16.09970217
1610686800000,38428.4,38730.6,38421.1,38730.6,12.39572311
1610687700000,38730.7,38844,38649.8,38752.9,22.3039738
1610688600000,38746,38746,38462.1,38462.1,17.81105977
1610689500000,38467.6,38467.6,37816.8,37816.8,63.30184906
1610690400000,37816.8,37971.2,37582.8,37809.5,91.52493589
1610691300000,37809.5,38013.5,37657.3,37969.1,40.47298144
1610692200000,37969,38086.5,37900.9,37989.4,19.23541876
1610693100000,37991.9,38084.7,37886.2,38038.8,11.55674212
1610694000000,38039.8,38300,37726.5,38286.1,17.80378515
1610694900000,38296,38456.1,38154.1,38413.8,17.33213423
1610695800000,38419.4,38487.2,38315.7,38339.7,6.608693
1610696700000,38331,38471.7,38245.3,38471.7,8.84478084
1610697600000,38476.7,38607.8,38250,38307.4,11.24203452
1610698500000,38307.4,38469.5,38156.4,38453.5,20.18872149
1610699400000,38457.9,38537.5,38257.2,38488.5,18.47758714
1610700300000,38488.4,38642.6,38206.3,38285.6,27.57808933
1610701200000,38285.6,38290,38011,38139.2,30.1485971
1610702100000,38139.1,38499,38139.1,38473.3,18.66479493
1610703000000,38472.9,38642.6,38363.5,38636.8,28.6655654
1610703900000,38626.3,38722,38511.2,38679.6,15.58716815
1610704800000,38679.5,38790.9,38544.4,38628.5,16.65316749
1610705700000,38628.5,38646.6,38445.1,38568.8,13.0997565
1610706600000,38575.4,38590.3,38401.6,38464.9,14.58025015
1610707500000,38465,38627.8,38326.6,38444.1,10.78211301
1610708400000,38444,38584.2,38084.4,38162.8,21.13495163
1610709300000,38157.6,38300,38086.4,38159.9,17.34724326
1610710200000,38160,38369,38160,38267.9,26.1821604
1610711100000,38259,38259.1,37931.8,38107.5,28.96534641
1610712000000,38108,38194.7,37823,38075.1,23.93151256
1610712900000,38075.1,38075.1,37330.2,37426.5,40.14198507
1610713800000,37435.5,37594.4,37206.9,37573.5,70.24168721
1610714700000,37573.5,37801.6,37516.4,37771.9,46.93673577
1610715600000,37771.8,37890.1,37543.6,37651.3,34.98838625
1610716500000,37651.2,37673.1,37253.2,37477.5,58.63928517
1610717400000,37478.9,37740.5,37365.1,37727.9,52.41265683
1610718300000,37731.1,37734.3,37492.8,37679,33.09851608
1610719200000,37679,37778.1,37388.5,37477.6,36.28419218
1610720100000,37488.3,37492.9,37050,37210.3,72.83333373
1610721000000,37211.3,37287.4,36762.9,36934.3,106.66194963
1610721900000,36930.3,37148.1,36605,36910.4,100.51491412
1610722800000,36924.5,36924.5,36370,36378,78.5627108
1610723700000,36373.3,36787.3,36373.3,36786.2,77.57075377
1610724600000,36791.9,36963,35921.6,36343.1,117.55698777
1610725500000,36329.7,36329.7,35212.6,35607.7,159.02203561
1610726400000,35607.7,35607.7,34364.1,35381.3,226.26198796
1610727300000,35382.1,36134.9,35063.6,36009.6,157.59262634
1610728200000,36009.6,36259,35811.4,36139.3,97.85394293
1610729100000,36158,36333.3,35867.6,36153.8,74.92301933
1610730000000,36158.5,36164,35320.2,35572.1,87.02623557
1610730900000,35585,36077,35571.2,35996.2,103.43886722
1610731800000,35996.1,36079.8,35589.6,35698.1,73.32964588
1610732700000,35693.5,36007.5,35416.1,35955.6,82.58944222
1610733600000,35953.8,36455,35934.8,36039,86.81279218
1610734500000,36041.3,36261.5,35838.3,35894.7,54.48871364
1610735400000,35894.8,35930,34800,35308.4,106.10313996
1610736300000,35345.7,35490.3,34813.7,35418.9,119.36738345
1610737200000,35422.8,35793.3,35157.8,35793.3,81.63988824
1610738100000,35793.2,35917.6,35669.8,35805.4,40.69306566
1610739000000,35805.4,35898.3,35376.5,35607.8,61.57631607
1610739900000,35598.4,35734.4,35144.6,35217.9,68.29305867
1610740800000,35217.8,35378.8,34811.5,35319.5,117.09646686
1610741700000,35331.8,35346.2,34907.8,35285.9,104.48388939
1610742600000,35292.1,35494.8,34960.6,35406.2,94.97622011
1610743500000,35417.7,35731,35406.2,35610.5,69.39029786
1610744400000,35610.4,35853.8,35558.1,35712.4,45.42755816
1610745300000,35712.3,35916.3,35629.1,35904.6,40.17677813
1610746200000,35907.2,36299.9,35907.2,36272.3,53.96310982
1610747100000,36272.3,36420.9,36062.9,36232.2,56.8786941
1610748000000,36232.2,36363.7,35962,36217.6,28.79439481
1610748900000,36217.6,36285.6,36095.9,36285.6,13.59612929
1610749800000,36285.6,36813.8,36285.6,36753.3,50.61960262
1610750700000,36754.7,36882.4,36565.4,36600,52.38457988
1610751600000,36604.2,36627.9,36412.5,36468.8,46.6333354
1610752500000,36468.8,36781.4,36435.2,36622.2,55.17057559
1610753400000,36622.1,36871,36547.1,36868,39.34315171
1610754300000,36868,36875.6,36640.5,36748.2,37.99449283
1610755200000,36745.1,37391.5,36734.6,37327.3,101.81979328
1610756100000,37327.3,37342.3,37148.1,37192.5,37.60306049
1610757000000,37194.2,37451.7,37073,37148.1,42.3363446
1610757900000,37145.1,37302.9,37080.8,37161.4,36.2416024
1610758800000,37161.4,37488,37161.4,37417.3,31.62049798
1610759700000,37406.6,37652.9,37401,37402,60.83603476
1610760600000,37402.1,37472.9,36913.8,36914.2,36.49601482
1610761500000,36917.3,37179.8,36916.9,37012,36.53172626
1610762400000,37009.7,37224.2,36944.1,37161.3,27.72777619
1610763300000,37160.4,37185.2,36466.7,36685.5,57.43876052
1610764200000,36684.7,36818.6,36478.7,36500,48.92845201
1610765100000,36495.4,36690.5,36060.3,36219.2,75.52511512
1610766000000,36219.1,36466,35961,36380.5,57.33208165
1610766900000,36376.5,36597,36331.3,36453.1,38.11150142
1610767800000,36457.2,36529.6,36177.4,36177.4,40.7613509
1610768700000,36183.9,36688,36183.8,36533.5,41.93323302
1610769600000,36531.7,36689.2,36302,36383.4,36.10779264
1610770500000,36383.5,36502,36119.9,36266,30.12477498
1610771400000,36273.2,36469.9,36183.7,36324,18.73530559
1610772300000,36326.5,36602.9,36326.5,36579.4,19.48445212
1610773200000,36579.5,36647.8,36314.7,36346.7,20.45324749
1610774100000,36354.4,36432.8,35700,35858.2,46.84025214
1610775000000,35859.2,35976.7,35527.8,35748.8,66.52767763
1610775900000,35760.1,35885.1,35605.1,35860.9,37.13339371
1610776800000,35860.9,36172.9,35831,36121.1,46.06131081
1610777700000,36121.1,36266,35944.3,36203.9,38.32045682
1610778600000,36203.9,36370.2,36195.1,36211.9,34.28065545
1610779500000,36216.1,36335.3,36089.4,36103,30.0548763
1610780400000,36108.2,36862.5,36079.9,36749.9,63.42432707
1610781300000,36758.4,36966,36605.9,36708.9,62.53756308
1610782200000,36708.9,36814.9,36552.9,36623.6,39.90025126
1610783100000,36623.6,36750,36564.3,36577.7,23.82741159
1610784000000,36582.2,36853.1,36548.7,36750.3,37.32836313
1610784900000,36750.2,36782.7,36387.8,36611.7,37.96674589
1610785800000,36611.7,37465,36548.1,37396.8,69.28454364
1610786700000,37400.7,37500,37122.8,37463.4,46.45883864
1610787600000,37463.4,37646.9,37214.6,37298.3,67.30719687
1610788500000,37298.3,37388.8,37240,37271.4,31.0542803
1610789400000,37271.3,37471.4,37271.3,37297.1,35.67211305
1610790300000,37297.1,37485.7,37200.1,37440.6,19.79595098
1610791200000,37449.3,37934.9,37449.3,37836.8,47.33993045
1610792100000,37848.1,37865.9,37658.1,37706.2,31.740168
1610793000000,37706.3,37706.3,37344.1,37402.1,40.20571495
1610793900000,37402.1,37522,37302.9,37419,29.69643377
1610794800000,37411.7,37475.9,37193.2,37380.3,28.22590871
1610795700000,37384.3,37558.8,37187.6,37552,28.4886974
1610796600000,37551.9,37839.7,37474.4,37763.8,31.45562115
1610797500000,37761.3,37761.3,37531.5,37673.1,20.68438229
1610798400000,37673.4,37877.4,37656.6,37749.9,25.16004987
1610799300000,37760.1,37760.1,36832.8,36934.2,61.59217342
1610800200000,36935.8,37334.3,36751.3,37292.5,68.56010909
1610801100000,37292.5,37448.6,37206.9,37366.8,29.95570522
1610802000000,37356.9,37673.1,37353.1,37519.8,47.56327034
1610802900000,37519.7,37661.3,37321.6,37653.5,31.06594086
1610803800000,37653.4,37653.4,37191.4,37262.8,44.41976421
1610804700000,37259.6,37412.3,37072,37147.3,27.43091325
1610805600000,37147.3,37295.3,36975.4,37264.1,28.82145353
1610806500000,37264.1,37344,36696.1,36723.2,54.22551869
1610807400000,36742.2,37131.9,36702.9,37064.9,40.05023895
1610808300000,37063.3,37306,37037.5,37224.8,33.83357771
1610809200000,37224.9,37349.7,37000,37203.7,35.18046588
1610810100000,37208.1,37311.5,37056.1,37173.5,37.93712338
1610811000000,37173.5,37699.8,37173.5,37508.4,52.8709998
1610811900000,37508.4,37600.7,37340.9,37455.6,43.76630968
1610812800000,37457.3,37734.2,37275.4,37342.7,83.81581382
1610813700000,37355.8,37388.1,36990.9,37254.2,66.28632529
1610814600000,37254.2,37308.8,37044.8,37076.2,32.27763439
1610815500000,37076.8,37254.7,36930.1,37209.8,37.43409341
1610816400000,37218.7,37296.9,36927.3,36937.3,35.25050728
1610817300000,36929.7,37015.3,36823.8,36948,41.83467211
1610818200000,36948,37109.4,36915.4,37054,21.21409657
1610819100000,37054.1,37115.2,36859.1,36859.1,41.64624823
1610820000000,36859.1,37026.5,36741.2,37022.7,26.33836272
1610820900000,37022.7,37142.8,36984.5,37080.1,21.13892076
1610821800000,37071.6,37147.4,36815,36957.2,27.19740699
1610822700000,36957.2,37025.9,36407.9,36487.7,55.73710113
1610823600000,36487.6,36603.5,36201.7,36464.1,86.23577927
1610824500000,36464,36550.6,36289,36310.9,43.4630213
1610825400000,36310.9,36527,36217.7,36316.4,54.3266759
1610826300000,36327.2,36450.2,36276.8,36380.2,21.95144394
1610827200000,36375.3,36513.6,36240.1,36404.2,62.98102564
1610828100000,36401.4,36695.1,36325.1,36671.8,49.79196546
1610829000000,36671.8,36778.1,36641.8,36673.9,22.93461518
1610829900000,36669.5,36720.9,36546.7,36708.9,19.22727866
1610830800000,36711.1,36712.9,36440.4,36487,19.9203105
1610831700000,36476.6,36491.3,36333.5,36444.3,31.88895549
1610832600000,36444.3,36462.2,35800,35841.1,84.37223912
1610833500000,35845.7,36038.5,35711,35903.6,56.28189827
1610834400000,35903.6,35914.7,35378,35700,52.10329569
1610835300000,35699.9,35951.6,35699.9,35834.2,31.81379738
1610836200000,35834.2,36077.9,35823.3,35987.5,23.73329887
1610837100000,35987.5,36183.9,35920,36130,26.42302428
1610838000000,36129.9,36283.2,35961.7,36113.1,43.00906361
1610838900000,36113,36134.5,35887.6,36120.2,23.37056605
1610839800000,36122.4,36451.7,36064.8,36260.9,30.23805143
1610840700000,36260.8,36327.7,35981.6,35992.7,38.63000185
1610841600000,35992.7,36002.3,35624.6,35740.7,57.29483187
1610842500000,35747.5,35964.1,35524.5,35934.8,39.10456532
1610843400000,35934.9,36347.6,35904,36199.6,33.99937417
1610844300000,36199.6,36477.9,36153.9,36402.6,33.47490547
1610845200000,36402.6,36402.6,36188.2,36351.6,23.66862843
1610846100000,36351.5,36456.5,36210.8,36456.5,19.83891603
1610847000000,36456.5,36527.5,36186.3,36264.1,27.48510326
1610847900000,36273.4,36725.2,36250,36721.7,32.52981933
1610848800000,36723,36738.2,36500.4,36502.1,31.27859688
1610849700000,36500.1,36605.2,36402.9,36435.1,21.24148197
1610850600000,36435.2,36506.8,36278.8,36308.6,16.98400068
1610851500000,36308.2,36452.9,36235.7,36421.7,29.82424653
1610852400000,36420.9,36541.8,36306,36513.2,21.67621748
1610853300000,36523.5,36523.5,36254.2,36254.3,19.13609935
1610854200000,36254.2,36287.4,35988.4,36093.1,36.14842799
1610855100000,36096.4,36276.4,36057,36187.5,25.57909187
1610856000000,36177.9,36329.2,36110.4,36284.6,19.80527322
1610856900000,36284.6,36374.6,36108.9,36224.5,11.35390751
1610857800000,36224.4,36312,36054.3,36078.4,13.32275738
1610858700000,36078.5,36100.3,35825.9,35852.5,30.98554025
1610859600000,35852,35992.6,35689.8,35861.4,32.84538549
1610860500000,35862.5,35867.1,35549.4,35710.1,31.90246007
1610861400000,35714.3,35857,35500,35674,30.71846372
1610862300000,35673.9,35783.3,35484.1,35544.5,25.32385059
1610863200000,35543.8,35726.6,35300.2,35647.6,47.42011892
1610864100000,35647.6,35678.9,35050,35152.7,66.3386574
1610865000000,35158.6,35366.3,35133.1,35334.9,43.89181431
1610865900000,35324.8,35503.1,35294,35382.2,45.74839804
1610866800000,35382.1,35469.2,35145.4,35458.8,35.18984279
1610867700000,35459.7,35519.5,35156,35245.4,46.13300969
1610868600000,35250.8,35256.1,34613.1,34796,78.54924463
1610869500000,34780.5,34930.1,34526.1,34780.5,75.45716977
1610870400000,34770,34770,34298.3,34572.4,90.03694371
1610871300000,34577,34800,34487.9,34741.2,50.3572761
1610872200000,34741.2,34826.2,34440.7,34488.4,39.83894506
1610873100000,34497.1,34727.8,34304.4,34727.8,70.48443779
1610874000000,34727.8,35175.7,34640.2,34970.2,53.91198931
1610874900000,34970.2,35077.2,34856,34873.4,22.49416608
1610875800000,34882.2,34882.2,34367.8,34493.1,43.41252347
1610876700000,34492.9,34556.7,33998.2,34172.1,81.10832505
1610877600000,34179.6,34499,33804.9,34448.8,74.76617179
1610878500000,34445.1,34768.9,34334.8,34674.6,49.29240714
1610879400000,34674.7,34893,34612.2,34759.8,35.83214125
1610880300000,34759.8,35076,34750.5,34824.1,56.11982506
1610881200000,34822.3,35018.7,34775.4,35010.7,38.27800064
1610882100000,35016.4,35084.1,34743.7,34915.3,40.26270652
1610883000000,34915.3,35317,34791,35300.2,51.95398885
1610883900000,35300,35416.1,35194.9,35271.2,35.79528441
1610884800000,35271.2,35367.3,35109.1,35298.6,42.18274176
1610885700000,35292.4,35565.1,35271.3,35364.6,35.14743114
1610886600000,35364.6,35460.6,35181.4,35206.8,29.77174653
1610887500000,35206.9,35324.8,35000,35132.7,39.11620754
1610888400000,35132.7,35397.2,35039.9,35321.4,27.10096811
1610889300000,35321.3,35429.2,35306.1,35348.7,19.16862757
1610890200000,35345.4,35495.4,35034.7,35123.7,50.68059856
1610891100000,35123.1,35204.1,34788.3,34840.9,29.38486485
1610892000000,34837.5,34923.5,34691.8,34854.8,33.32318308
1610892900000,34854.9,35058.6,34738.8,34969.6,21.38985504
1610893800000,34966.6,35163.9,34890.9,35070.3,22.85197514
1610894700000,35070.2,35234,34754.2,34763.8,30.92120325
1610895600000,34751.8,35449.9,34751.8,35407.7,53.54021096
1610896500000,35407.8,35853.4,35407.7,35835.7,74.10965169
1610897400000,35835.7,35969.9,35637,35931.5,43.11070508
1610898300000,35938.2,35948.1,35674.3,35744.7,33.11203507
1610899200000,35730.2,35815.8,35584.6,35743,60.59409491
1610900100000,35734.2,35969.9,35697.3,35816.4,35.42924288
1610901000000,35828.8,36170,35828.8,35974,37.57104765
1610901900000,35974,35999.1,35804.1,35908.5,17.2217935
1610902800000,35911.2,36112.7,35861.4,35880.9,17.45993261
1610903700000,35880.9,36077.9,35847.8,35861.3,23.59823922
1610904600000,35861.3,35861.4,35647.5,35676.7,32.11448189
1610905500000,35676.7,35841.8,35607.5,35840,21.45639047
1610906400000,35839.9,35908.6,35695.4,35745.8,14.52191661
1610907300000,35745.7,35890.3,35628.8,35852.4,16.6188722
1610908200000,35844.3,35896.7,35673.4,35701.7,26.34505366
1610909100000,35700.7,35809.7,35637.7,35679.4,20.16988836
1610910000000,35679.5,36003.3,35679.5,35934.4,27.5878002
1610910900000,35934.4,35999.1,35883,35969.5,23.2412363
1610911800000,35969.4,36003.6,35793.8,35796.4,17.94094769
1610912700000,35795.2,35843.6,35530.6,35624.3,25.01541144
1610913600000,35626.9,35765.4,35608.7,35709.8,20.50567819
1610914500000,35714.3,35736.1,35564.4,35636.2,21.06291501
1610915400000,35636.1,35812.6,35636.1,35780.6,16.38506071
1610916300000,35780.6,36092.1,35780.5,36068.7,32.88608569
1610917200000,36068.7,36576.1,36068.7,36518.3,58.95007634
1610918100000,36518.3,36723.1,36518.2,36699.6,32.88351026
1610919000000,36714.3,36843.6,36571.9,36625.3,21.71596535
1610919900000,36625.4,36685,36494.1,36551.6,19.72629298
1610920800000,36553.6,36693.8,36553.6,36575.5,21.77047408
1610921700000,36575.4,36598.5,36414.9,36486.8,16.1993691
1610922600000,36486.8,36685.9,36365.7,36394.7,27.68752801
1610923500000,36394.7,36427.6,36017.8,36178.7,39.76297609
1610924400000,36178.7,36293.7,36043.1,36116.4,31.93478112
1610925300000,36116.5,36406.3,36096.5,36371.4,29.49432073
1610926200000,36371.5,36402.7,36181.7,36187.5,19.51262269
1610927100000,36187.6,36229.9,35482.6,35836.2,98.62389791
1610928000000,35824.4,35967.7,35573.7,35752.6,58.69745962
1610928900000,35752.6,35928.1,35693.9,35839.9,29.53100883
1610929800000,35843.4,36007.2,35782.5,35851.1,64.32315514
1610930700000,35855.1,36008,35828.6,35972.4,18.6605617
1610931600000,35972.4,36079.2,35635.3,35696,30.34751195
1610932500000,35696,35803.8,35608.7,35759.8,24.54313634
1610933400000,35770.8,36043.6,35770.8,36009.9,25.42600972
1610934300000,36009.8,36168.3,35939.2,36085.9,31.86852855
1610935200000,36124.5,36198.4,35921.4,36055.3,15.75464673
1610936100000,36055.3,36109.3,35917.6,36090.1,16.02237392
1610937000000,36087.7,36095.7,35794,35916.6,23.42644747
1610937900000,35909.8,35950.6,35689.2,35768.9,20.63678871
1610938800000,35768.9,35842.7,35619.4,35784.2,15.38815258
1610939700000,35784.3,35789,35139.2,35160.5,71.78928004
1610940600000,35164.5,35218,34965.1,35081.6,76.14855749
1610941500000,35088.8,35186.2,34841.9,35097.6,50.02775233
1610942400000,35097.6,35204,34990,35157.2,21.29355323
1610943300000,35157.2,35298.9,35055.4,35228.1,19.1587784
1610944200000,35223.1,35223.1,34918.8,35143.7,20.52802357
1610945100000,35139.2,35213.1,34915.4,35130.3,27.01608058
1610946000000,35130.2,35242.7,35070,35141.6,17.69365574
1610946900000,35141.6,35141.6,34807.5,34843.4,35.14565577
1610947800000,34843.3,35287.2,34783.1,35273.4,30.41770042
1610948700000,35273.8,35473.7,35253,35347.5,27.61455831
1610949600000,35347.5,35449.3,35244.1,35291.3,21.15779667
1610950500000,35297.7,35340.3,35181.4,35252.6,20.27522323
1610951400000,35252.6,35368.6,35079.8,35133.6,18.10607354
1610952300000,35147.2,35248.6,35079.7,35192.6,24.95064045
1610953200000,35193.3,35960.9,35163.9,35905,63.09144131
1610954100000,35905.1,36129.7,35905.1,36029.3,36.70006652
1610955000000,36029.3,36258.7,36029.3,36083.5,27.07897663
1610955900000,36083.5,36147.6,35982.4,36099.4,17.63060514
1610956800000,36099.5,36236.4,36078.5,36210.4,15.87526359
1610957700000,36210.4,36450,36202.3,36237.6,43.90294609
1610958600000,36236.8,36283.5,36124.1,36202.5,19.17063311
1610959500000,36202.5,36334.6,36128.1,36231.2,16.07368292
1610960400000,36231.1,36640.4,36212.4,36573.5,56.9455686
1610961300000,36573.4,36580.4,36369,36383.5,26.23201377
1610962200000,36383.6,36448.8,36307.2,36375,24.05778059
1610963100000,36375,36584.9,36335.4,36580.8,23.39105862
1610964000000,36580.8,36630,36325,36351.2,29.60852212
1610964900000,36351.2,36374.6,36127.4,36266.1,39.83693414
1610965800000,36266.1,36326.5,36144,36302.6,22.70588831
1610966700000,36306.4,36365,36162.7,36216.6,21.36101936
1610967600000,36216.7,36265.6,35736,35963.3,63.65440861
1610968500000,35963.4,36049.9,35868.1,36012.5,24.19252982
1610969400000,36013.6,36035.2,35861.5,35939.1,21.22663204
1610970300000,35939.1,36525.8,35825.2,36434.7,42.37015165
1610971200000,36434.8,37343.2,36384.7,37272,93.9411769
1610972100000,37272,37481.7,37066.4,37087.1,84.84302378
1610973000000,37085.5,37203,36947.3,36990.6,46.29122738
1610973900000,36990.5,37012.8,36916.8,36980.2,30.99647069
1610974800000,36980.3,37091.4,36707.5,36895.3,57.73849153
1610975700000,36891.3,36959.9,36755.7,36810.1,29.52414814
1610976600000,36810.1,36998.9,36719.6,36856.3,23.71442933
1610977500000,36856.2,36961.8,36761.1,36775.5,16.85145216
1610978400000,36775.6,37000,36761,36847.2,28.83525433
1610979300000,36847.3,36890,36804,36819.3,19.01890443
1610980200000,36817.6,36842.6,36039,36396.5,72.92804458
1610981100000,36392,36458.6,36153.5,36448.3,36.8415305
1610982000000,36448.2,36603.4,36267.1,36590.8,28.95886894
1610982900000,36588.2,36588.2,36234.9,36277.5,60.76703252
1610983800000,36277.4,36354.6,36250,36338.1,17.7583814
1610984700000,36339.8,36449.1,36110.4,36412.9,26.51162491
1610985600000,36412.9,36590,36045.1,36135.8,51.40808639
1610986500000,36122.7,36248.6,35845,36201.7,41.84009921
1610987400000,36199,36288.4,36137.9,36206.4,21.7710907
1610988300000,36206.4,36279.9,35994.9,36156.9,25.91451287
1610989200000,36185.9,36290.9,35877.9,35887.1,35.68753186
1610990100000,35884.1,35988.8,35529.6,35529.6,59.01378536
1610991000000,35529.4,35711.1,35408.1,35629.5,50.81497682
1610991900000,35629.6,35748.4,35610.8,35674.4,26.25993118
1610992800000,35674.5,35857.8,35532,35705.2,41.20167172
1610993700000,35705.2,35880.3,35641.3,35822.2,15.7156024
1610994600000,35816,35893.3,35732,35841,17.41369737
1610995500000,35839.5,35878.4,35631.4,35764.7,16.58283616
1610996400000,35756.7,35995.7,35697.2,35976.4,23.1034919
1610997300000,35976.4,36051,35833.1,35878.1,30.15393232
1610998200000,35882.5,35921.9,35844.9,35874,8.66503299
1610999100000,35874,36055.8,35802.4,35953.7,20.79940238
1611000000000,35953.7,36018.9,35804.1,35877.8,21.54609044
1611000900000,35877.7,36034.5,35820.7,36009.6,22.68449824
1611001800000,36014.3,36385,36014.3,36237.8,43.85816589
1611002700000,36237.3,36267.1,36097.1,36099,24.53188795
1611003600000,36099.1,36230.4,35973.2,36151.9,20.46213775
1611004500000,36151.9,36182.9,36071.4,36146.9,14.81925974
1611005400000,36146.8,36229.5,36067.8,36171.4,24.65454524
1611006300000,36174,36288.1,36173.9,36204.7,15.33788287
1611007200000,36204.8,36419.7,36204.8,36304.2,15.98199543
1611008100000,36304.2,36304.2,36169.1,36206.4,10.73262285
1611009000000,36206.4,36429.7,36206.4,36414.5,12.22203442
1611009900000,36408.9,36527.9,36321.5,36478.1,16.54657924
1611010800000,36480,36544.3,36281.7,36311.6,14.11999962
1611011700000,36312.7,36438.9,36292.5,36430.2,34.34460943
1611012600000,36430.2,36746,36418.6,36688.8,30.23670397
1611013500000,36688.8,36788.8,36552.5,36620.7,22.11417803
1611014400000,36630.2,36909,36574.2,36714.1,57.29897452
1611015300000,36714,36848.2,36464.8,36521.9,31.40313132
1611016200000,36518.6,36588.2,36479.3,36530.3,18.57833012
1611017100000,36530.2,36726.9,36383.3,36672.2,22.64287386
1611018000000,36672.3,36968.2,36650.9,36829.5,35.67073498
1611018900000,36829.5,36928.2,36724,36758.7,43.55365846
1611019800000,36759.9,37080.3,36759.9,37018.4,59.55328741
1611020700000,37009.4,37299.2,36758.8,36926.6,51.76312683
1611021600000,36926.6,37011.7,36824.7,36916.4,32.36849313
1611022500000,36908.4,36989.8,36657.8,36757.7,43.73359661
1611023400000,36757.7,36895.7,36665.6,36670.7,22.17696018
1611024300000,36666.4,36830.5,36600,36800.7,20.72173162
1611025200000,36800.6,36835.8,36664,36664.1,15.18708781
1611026100000,36664.1,36664.8,36538.9,36626.1,14.80809934
1611027000000,36626.2,36696.6,36502.8,36654.9,24.43440098
1611027900000,36654.9,36674.8,36439.4,36473.3,15.3963804
1611028800000,36467.5,36602.9,36432.6,36597.8,17.51927246
1611029700000,36597.7,36645.5,36483.8,36530.8,14.22322463
1611030600000,36530.7,36585,36408.5,36526.5,15.487294
1611031500000,36526.6,36526.6,36238.6,36273.7,26.35355955
1611032400000,36280.6,36388.5,36271,36361.4,11.91482401
1611033300000,36364.2,36545.5,36355,36477.6,15.70638716
1611034200000,36477.5,36536.6,36171.6,36229.8,19.7943573
1611035100000,36230.5,36293.8,36158.5,36252.2,20.18497764
1611036000000,36252.3,36489.9,36177.5,36462.5,19.54179152
1611036900000,36462.6,36531.8,36425.1,36501.4,18.51836955
1611037800000,36501.5,36712.2,36501.4,36606.6,21.68555682
1611038700000,36606.6,36749.1,36474,36599.3,22.23522069
1611039600000,36599.4,36714,36540.7,36577.9,18.38068897
1611040500000,36578,36674.4,36478.4,36674.4,20.64386362
1611041400000,36671.4,36777,36536.4,36684.1,16.05702271
1611042300000,36684.1,37253.1,36673.9,37188.1,53.42321899
1611043200000,37192.7,37310,36922.6,37001.9,52.0744778
1611044100000,37002,37484.8,37001.9,37425,60.5786049
1611045000000,37425,37528,37196.3,37232.1,36.67594081
1611045900000,37232.1,37346.9,37003.4,37197.6,31.94340745
1611046800000,37200,37374.6,37154.9,37181.1,16.00539274
1611047700000,37183.7,37349.8,37152.9,37299.8,14.81090928
1611048600000,37299.9,37441.5,37182.1,37329.3,25.43227525
1611049500000,37329.3,37391.5,37015.8,37049.7,23.08806376
1611050400000,37049.8,37235.1,37048.8,37233.7,10.2559834
1611051300000,37236.2,37292,37116,37154.5,12.63743979
1611052200000,37154.5,37154.5,36705.5,36915.6,31.01244411
1611053100000,36915.7,37130.5,36915.7,37100.8,20.62197138
1611054000000,37100.7,37168.9,36951.9,36976.2,24.25152753
1611054900000,36976.1,37158.5,36916.5,37015.6,17.57846918
1611055800000,37015.6,37115.5,36857.1,36875.8,24.58585543
1611056700000,36875.8,37295.8,36814.5,37294,40.37014198
1611057600000,37294,37480.5,37215.8,37222,43.12840016
1611058500000,37222,37396.1,37110.6,37126.5,27.55440712
1611059400000,37126.5,37193.4,36767.4,36767.4,36.77771362
1611060300000,36763.5,36875.6,36567.6,36780,37.2467038
1611061200000,36776.3,36938.2,36776.3,36859.3,12.57357149
1611062100000,36859.3,37030.6,36842.4,36967.3,17.51058281
1611063000000,36967.2,37030.5,36899.3,36958.5,10.56291267
1611063900000,36958.5,37140.3,36958.5,37082.5,15.45205549
1611064800000,37095.4,37260.9,37019.3,37144.6,26.04893816
1611065700000,37144.6,37200,36915.8,37184.7,21.7659842
1611066600000,37185.1,37220.8,37084.7,37173.1,17.20989871
1611067500000,37167.4,37240.9,36965.8,36990.6,17.95029992
1611068400000,36990.6,37092.4,36790.3,36996.4,26.73590856
1611069300000,36996.3,37123.2,36882.9,37123.2,21.7621429
1611070200000,37124,37199.9,37067.5,37112.7,12.87017734
1611071100000,37112.7,37340,37081.2,37317.2,23.8811423
1611072000000,37321.6,37859.3,37220,37666.4,87.59261472
1611072900000,37659,37796.9,37500.2,37605.9,42.22450204
1611073800000,37605.9,37635.4,37400.6,37486,26.63062036
1611074700000,37499.8,37530.3,37320.6,37377,26.90847432
1611075600000,37377,37522.8,37080,37202.6,43.88219106
1611076500000,37202.5,37301.8,37021,37034.3,13.84248286
1611077400000,37023.2,37295.2,37023.2,37237.7,15.16307873
1611078300000,37237.7,37299.9,37156.8,37163.7,19.05306154
1611079200000,37163.8,37163.8,36821.2,36894.6,38.48590156
1611080100000,36905,37042.2,36731.1,37012.6,38.20005307
1611081000000,37012.6,37060.1,36773.7,36903.5,22.67875305
1611081900000,36902.5,36921.2,36468.2,36498.1,48.51258993
1611082800000,36498.1,36727.3,36462.8,36675.9,31.18253798
1611083700000,36676,36754.8,36303.3,36431,44.59249062
1611084600000,36431.8,36574.5,36103.9,36176.3,57.29055321
1611085500000,36176.3,36477.3,36058.2,36290.5,36.31504086
1611086400000,36284.6,36571.1,36102.9,36410,39.70956108
1611087300000,36410,36443.1,36187.6,36366.9,24.23637487
1611088200000,36366.9,36501.5,36313.5,36410.9,14.26220269
1611089100000,36411.8,36579.7,36250.5,36446.1,17.5813805
1611090000000,36446,36771.7,36396.6,36544.3,30.3270577
1611090900000,36543.9,36705.3,36494.2,36544.7,21.19427349
1611091800000,36554.2,36615.6,36462.3,36590.1,12.71704522
1611092700000,36589.8,36671.2,36447.1,36455.8,12.86684639
1611093600000,36455.8,36645,36324.1,36588.3,14.80049583
1611094500000,36588.3,36650,36504.1,36509.6,12.67360792
1611095400000,36509.6,36574.2,36394.7,36567.5,7.79306925
1611096300000,36567.5,36780,36567.5,36635.7,16.39962785
1611097200000,36633.3,36713.7,36357.7,36393,43.6192017
1611098100000,36388.6,36475.2,36257.3,36309.4,20.26586944
1611099000000,36309.3,36399,36100,36232.9,33.28524113
1611099900000,36232.8,36326.3,35866.8,35899.3,44.52665057
1611100800000,35899.3,36052.6,35618.5,35954.8,67.66396357
1611101700000,35947.9,36202.8,35947.9,36163.4,23.01533112
1611102600000,36163.4,36339.7,36082.1,36313,16.484392
1611103500000,36310.3,36344.9,36177.9,36319.9,14.24292093
1611104400000,36317.9,36404.4,36183,36301.6,22.37428488
1611105300000,36301.6,36310.6,36061.2,36171.5,20.04643163
1611106200000,36172.2,36258.1,36004.7,36137.9,24.98237621
1611107100000,36137.9,36367.4,36087.7,36110.1,17.60088959
1611108000000,36110.1,36124.5,35779.5,35899.8,28.56778328
1611108900000,35896.2,35941.9,35714.3,35888.4,22.2840073
1611109800000,35888.4,36054.1,35858.7,36028.1,14.61110446
1611110700000,36025.8,36087,35903.5,36076.2,18.39073531
1611111600000,36076.1,36091.7,35895.3,35924.5,15.15888644
1611112500000,35924.4,35935.4,35455.6,35530.1,46.52699791
1611113400000,35530,35666.8,35100,35325,62.97522949
1611114300000,35324.9,35386.5,34994.3,35057.5,56.75209341
1611115200000,35057.5,35230.6,34888.6,34984.5,72.81221554
1611116100000,34987.2,35291.3,34750,35235.8,46.17219056
1611117000000,35238.7,35291,35091.8,35162.9,26.17432205
1611117900000,35168.4,35432,35059.1,35262.5,32.15783494
1611118800000,35258.3,35411.3,35210.3,35275,18.8336042
1611119700000,35279.8,35461.5,35202.1,35452.6,11.66505997
1611120600000,35452.5,35452.5,35300.6,35314.9,13.41363218
1611121500000,35314.9,35495.5,35257.5,35475.8,12.65780458
1611122400000,35476.7,35587.4,35396.2,35438.4,19.97902552
1611123300000,35438.3,35535.1,35283,35515.7,20.99868452
1611124200000,35510.1,35625,35454.1,35500.6,21.75154787
1611125100000,35500.6,35565.8,35114.1,35252.6,27.65195478
1611126000000,35255.6,35579.5,35204,35576,23.17928865
1611126900000,35576,35830.3,35519.1,35788.3,30.35415498
1611127800000,35783.2,35805.5,35667.7,35749.3,18.78120122
1611128700000,35749.3,35784.4,35652.4,35678.1,17.18950476
1611129600000,35678.1,35784.2,35516,35527.3,15.95404905
1611130500000,35523.5,35950,35350.1,35853.1,35.82244647
1611131400000,35853.1,35885.7,35532.7,35585.6,20.38880297
1611132300000,35596.6,35658.2,35454.5,35480.4,19.7987626
1611133200000,35480.4,35568.4,35236.6,35297.7,18.75191705
1611134100000,35297.9,35473.8,35297.9,35309.7,15.60622986
1611135000000,35306.9,35335.2,34540.9,34836.6,52.62360622
1611135900000,34836.5,34955.6,34509.1,34803.2,61.19787559
1611136800000,34803.2,34803.2,34350,34708,70.52438909
1611137700000,34706.7,34896.9,34647.6,34772,39.71918849
1611138600000,34772,34913.6,34576.2,34822.3,32.93972653
1611139500000,34822.2,34970.8,34719.5,34729,26.51809072
1611140400000,34723.1,34867.1,34437.1,34437.1,32.9097568
1611141300000,34437.2,34492.8,34002,34199.1,106.80752537
1611142200000,34201.3,34561.6,34130.8,34519.9,46.46371807
1611143100000,34514.4,34600.9,34340.3,34417.8,24.23222177
1611144000000,34424.5,34696,34005.9,34526.7,75.4634373
1611144900000,34519.3,34719.6,34412.9,34710.5,48.77763293
1611145800000,34719.5,34790.8,34566.2,34626.9,33.06204221
1611146700000,34627,34733.6,34480.9,34714.4,23.38593199
1611147600000,34714.5,34757.5,34313.2,34418,32.11947374
1611148500000,34406.9,34599.6,34216.3,34467.8,45.32679282
1611149400000,34467.8,34796.6,34437.9,34761.7,35.9316436
1611150300000,34756.6,34962.9,34756.6,34959,29.40265038
1611151200000,34959,35094.5,34856.5,34904,31.07177909
1611152100000,34904.1,35139.1,34884.5,35102.9,17.33089488
1611153000000,35104.1,35109.8,34800,34908.1,27.36976889
1611153900000,34908.2,35059,34819.9,34868,14.28960323
1611154800000,34868.6,35043.6,34822.8,34959.7,18.63522731
1611155700000,34959.7,34996.2,34502,34505.6,28.31016397
1611156600000,34505.5,34638.5,34479.6,34590.7,26.68522533
1611157500000,34590.7,34599.4,34000,34189.2,59.22584245
1611158400000,34187,34187,33396.2,34182.5,180.64858465
1611159300000,34182.4,34428.9,33997.8,34315.2,115.1337779
1611160200000,34315.2,34497.8,34255.1,34259.2,64.01128161
1611161100000,34259.2,34750,34250,34698.3,48.7418085
1611162000000,34697.2,34820.2,34536.2,34733.6,50.53074151
1611162900000,34733.6,34815.1,34616.2,34682.8,30.24105843
1611163800000,34681.6,34996.2,34568.7,34988.4,23.07652736
1611164700000,34988.5,35039.7,34795.9,34847.2,30.78587758
1611165600000,34847.2,34941.7,34780.8,34866.8,20.27213246
1611166500000,34866.9,35114.2,34863.4,34943.7,31.33129546
1611167400000,34942.1,34991.7,34802.4,34861.5,16.04382884
1611168300000,34861.5,35275.8,34844.8,35245.4,25.13614404
1611169200000,35243.7,35254.8,35062.9,35088.5,24.72272554
1611170100000,35088.5,35156.6,34962.5,35003.5,20.58028996
1611171000000,35003.5,35240.4,34865.1,35239.4,25.48684293
1611171900000,35239.4,35308.6,35129.1,35199.1,26.79307557
1611172800000,35200.4,35314.8,35018,35018,51.3189642
1611173700000,35018.1,35124.3,34941.3,34963.5,18.70637337
1611174600000,34958.1,35070,34745.9,34924.3,27.404337
1611175500000,34928.5,35097.5,34919,34957.9,19.88824362
1611176400000,34957.9,35102.9,34653,34712.2,31.64375501
1611177300000,34714.1,34793.3,34496,34685.2,28.47017244
1611178200000,34685.3,34803.8,34661.3,34755.1,16.28335351
1611179100000,34755,34955.6,34755,34899.6,22.02119131
1611180000000,34899.6,34943,34752.7,34798.3,10.09725217
1611180900000,34800.2,35077.5,34800.1,34972.6,12.32177806
1611181800000,34972.7,35082.3,34867.2,34982.7,20.11010206
1611182700000,34982.7,35105,34945.2,34961.6,16.24408389
1611183600000,34961.6,35039.2,34820.8,35028,13.22722534
1611184500000,35023.7,35648.2,35023.7,35647.9,31.40341437
1611185400000,35647.9,35661,35508.5,35610.2,27.09759817
1611186300000,35609.7,35642,35346.8,35474.7,26.75602819
1611187200000,35469.6,35597.5,35312.4,35335.1,23.64439247
1611188100000,35335.1,35408,35266.6,35312.9,15.20745859
1611189000000,35308.6,35315.1,35165.2,35231.2,11.76024596
1611189900000,35224.6,35367.3,35100.1,35297.1,20.03062319
1611190800000,35297.1,35371,34908.9,34954.3,27.92456048
1611191700000,34945,35025.6,34894.1,34967.8,14.91989771
1611192600000,34967.9,35092.3,34766.9,34766.9,28.45179646
1611193500000,34765.3,34871.1,34655.5,34789.1,28.85273706
1611194400000,34783.5,34828.1,34606.5,34757.4,18.22908189
1611195300000,34762.1,34806,34525.4,34642.7,19.53696224
1611196200000,34646.6,34696.9,34378.4,34520.6,45.18276905
1611197100000,34522,34703.3,34417.9,34576.3,21.63091007
1611198000000,34564.9,34820.6,34543.2,34658.9,26.74943078
1611198900000,34658.9,34754,34405.4,34487.2,23.59514167
1611199800000,34492.1,34563.9,34235.7,34421.6,41.37037297
1611200700000,34425.9,34646.3,34402.9,34586.5,18.42608042
1611201600000,34571.3,34829,34517.7,34708.7,29.73310452
1611202500000,34708.6,34756.5,34615.2,34723.4,18.04316785
1611203400000,34723.3,34914.4,34517,34572,24.17296924
1611204300000,34572.9,34573,34107,34239.5,94.94213405
1611205200000,34239.6,34360.6,34052.5,34321.1,43.35258196
1611206100000,34321.2,34335.7,33971.9,34177.2,50.73298995
1611207000000,34177.2,34479.4,34177.2,34469.3,24.07385099
1611207900000,34469.2,34616.7,34411.9,34572.5,18.83928608
1611208800000,34563.3,34680.9,34512.6,34640.3,24.84941366
1611209700000,34632.1,34729.6,34556,34634.6,21.12418278
1611210600000,34634.5,34777.1,34507.9,34697.9,23.50436096
1611211500000,34692.5,34796.1,34648.2,34667.7,19.3051164
1611212400000,34667.6,34851.9,34640.3,34682.3,29.35903866
1611213300000,34682.2,34928.1,34557.6,34893.2,22.41776365
1611214200000,34893.2,35048,34789.1,34857,31.4905469
1611215100000,34857,34899.5,34589.4,34622.7,29.87410926
1611216000000,34622.7,34679.5,34297.7,34381.3,40.80220306
1611216900000,34381.4,34454.5,34158.2,34272.7,36.216394
1611217800000,34267.5,34281.1,33635.7,33738.3,129.54144581
1611218700000,33738.3,33918.7,33150,33243.8,176.9107177
1611219600000,33235.9,33478,32802.3,32934.6,196.82347796
1611220500000,32934.2,33235.7,32680.1,32762.3,131.45090091
1611221400000,32762.3,33110.7,32550,32977.2,196.32206304
1611222300000,32956,33169.9,32669.3,32875.9,102.06125737
1611223200000,32882.7,32982.8,32314,32492.3,145.25957627
1611224100000,32492.2,32516.2,32023,32516.2,145.01867908
1611225000000,32516.2,32963.8,32474,32836.2,110.16270672
1611225900000,32840,33045,32755.2,32820.9,40.1726578
1611226800000,32820.9,32985.9,32482.8,32706.9,71.51454323
1611227700000,32706.9,32830.9,32343.4,32453.7,88.33245115
1611228600000,32442.1,32739.5,32302.1,32730.4,68.0035376
1611229500000,32730.4,32791.4,32174.7,32207.7,65.23910454
1611230400000,32207.6,32343.3,31307.2,31427.4,249.50645073
1611231300000,31427.2,31956.3,31334.9,31709.2,120.8981808
1611232200000,31709.2,32507.6,31655.7,32492,97.84751078
1611233100000,32492,32680.5,32391.6,32483.5,80.81333044
1611234000000,32476.5,32654.2,32230.4,32603.4,83.86299197
1611234900000,32600.2,32732.5,32417.6,32625.5,48.23314914
1611235800000,32625.6,32788.6,32514.1,32560.3,47.61301813
1611236700000,32557.3,32669.2,32205.5,32311.3,47.18194199
1611237600000,32318.8,32448.9,31740.5,31814.5,91.53149793
1611238500000,31807.5,32188.2,31527.9,31621.9,113.97765734
1611239400000,31624.3,31916.4,31048.6,31217.3,209.89012229
1611240300000,31216.5,31795.7,31122.5,31186.7,167.75111517
1611241200000,31196.9,31900.9,31088.1,31784.7,143.02688008
1611242100000,31780.2,32050.6,31394.7,31446.1,95.12007409
1611243000000,31452.9,31795,31250,31610.6,100.0068581
1611243900000,31613.6,31768.1,31307.2,31397.6,116.31732927
1611244800000,31390.1,32132.1,31130.6,32114.8,183.51337037
1611245700000,32115,32190,31815.1,31909.6,77.95275142
1611246600000,31911.4,32185,31341.5,31400.1,105.84990682
1611247500000,31390.2,31514.8,31047.8,31078.2,134.41311867
1611248400000,31086.2,31694.9,31043,31436.4,114.85361848
1611249300000,31436.4,31797.7,31200.7,31725.1,104.69639563
1611250200000,31725,31986.2,31527.9,31868,76.18990662
1611251100000,31872.6,32004.1,31810.3,31915.1,46.5405901
1611252000000,31915.2,31975,31522.6,31620.7,41.92595201
1611252900000,31617.6,31938.6,31444.7,31799.7,63.38785845
1611253800000,31799.2,31935.4,31723.8,31813.5,28.01861447
1611254700000,31819,32089.5,31628.1,31743.6,67.92747185
1611255600000,31743.7,31974.9,31600,31946.4,38.38896036
1611256500000,31950,32571.3,31950,32570.8,69.97256607
1611257400000,32570.8,32719.2,32415.9,32635.2,47.70977065
1611258300000,32630.5,32664,32477.7,32478.1,35.08310156
1611259200000,32478.2,32553,32222,32421.7,38.44025398
1611260100000,32414.6,32521,32156.9,32230.6,32.61482514
1611261000000,32230.6,32341.4,32101.7,32105.3,26.45859633
1611261900000,32105.2,32282.7,31877.7,31880.1,42.16084203
1611262800000,31885.9,32074.4,31840.7,31908.2,43.46685307
1611263700000,31909.5,32149.1,31900.8,31941.7,36.11930419
1611264600000,31943.2,31949.6,31652.8,31784.1,40.42748982
1611265500000,31768.1,31770.5,31210.1,31222.4,72.33137549
1611266400000,31222.4,31240.6,30560.7,30597.1,171.10852393
1611267300000,30596.8,31000,30250.1,30253.6,111.22951086
1611268200000,30252.2,30752.2,30064.7,30610.7,156.2828207
1611269100000,30610.7,30938.9,30607.7,30906.1,86.01153832
1611270000000,30906,31545.4,30826,30826,108.4367699
1611270900000,30825.9,31277.4,30811.2,30978.4,80.4191404
1611271800000,30983.7,31484.3,30983.7,31187,82.4621428
1611272700000,31190.2,31282.4,30595,30860.8,129.90922273
1611273600000,30860.8,30860.9,30362.7,30499,178.34323189
1611274500000,30498.9,30498.9,29220,29732.6,282.81308808
1611275400000,29732.6,29896.5,29214.8,29774,320.82536475
1611276300000,29774,30229.9,29452,29528.1,224.1923708
1611277200000,29528.1,29806.5,29100,29100.1,230.12982264
1611278100000,29100.1,29654.9,28856,29495.3,238.24696478
1611279000000,29495.2,29979.5,29424.3,29921.1,133.11023897
1611279900000,29921.1,30324.7,29763.2,30069.6,163.54357221
1611280800000,30068.6,30577,29803.8,30438.5,129.03147263
1611281700000,30448.1,30518.6,30227.7,30467.9,96.94797601
1611282600000,30467.9,30840.4,30341.9,30574.2,121.40642727
1611283500000,30566.4,30744.3,30438.2,30711.8,65.81003636
1611284400000,30713.1,30789,30391.5,30508,54.48128682
1611285300000,30508.9,30538,30306.2,30481.2,51.93034819
1611286200000,30488.9,30800,30451.1,30799.9,61.78312933
1611287100000,30799.9,31026.2,30634.9,30943.6,69.94273437
1611288000000,30945.9,31394.5,30841.2,31394.4,70.43241876
1611288900000,31393.6,31393.7,31070.3,31117.1,52.86737247
1611289800000,31121.5,31194.6,30835.5,30874,38.99170409
1611290700000,30874,31042.9,30774.7,30919.9,48.7347511
1611291600000,30919.9,31006.4,30714.2,31006.4,32.54952019
1611292500000,31006.4,31553,31006.4,31483.7,69.42297976
1611293400000,31483.6,31836.2,31483.6,31712,86.95634102
1611294300000,31699.2,31919.1,31648.2,31816.7,45.25393737
1611295200000,31814.8,31869.8,31612.1,31622.6,53.0532796
1611296100000,31615.7,32069,31587.4,31936.9,63.75617821
1611297000000,31929.5,31991.7,31657.9,31678.9,36.48723444
1611297900000,31678.8,31740,31502.7,31543.2,48.88927743
1611298800000,31543.2,31847.6,31543.2,31789.8,42.44967698
1611299700000,31789.9,31864.5,31212.6,31212.6,44.63237145
1611300600000,31212.7,31411.4,30854.6,30923.7,78.04900465
1611301500000,30923.7,31072.2,30625,30852.2,114.35785321
1611302400000,30841.9,31030,30468.6,30786.1,108.73631789
1611303300000,30786.1,30997.4,30625,30915.4,73.28917502
1611304200000,30923,31075.9,30855.1,31009.6,36.67585126
1611305100000,31009.6,31634,30728.9,31522,75.6173956
1611306000000,31522.1,31737.2,31257.1,31592.7,67.59005152
1611306900000,31592.7,31617.8,31328.9,31608.8,65.71897391
1611307800000,31617.6,31617.6,31361.1,31427,46.341607
1611308700000,31432.1,31795.7,31352.9,31421.1,44.61658153
1611309600000,31417.3,31729.8,31350.8,31545.4,63.41727544
1611310500000,31545.4,31645.3,31095.4,31176.1,74.32860845
1611311400000,31176.1,31440.8,31063.2,31233.6,34.99677546
1611312300000,31212.3,31428.3,31135.9,31385.7,40.24882727
1611313200000,31385.8,31918.2,31377.2,31805.7,83.29407381
1611314100000,31804.4,31999,31756.8,31758.8,48.92341343
1611315000000,31765.8,31898.3,31562.5,31668.5,33.69404792
1611315900000,31671.1,31765.8,31546.1,31713.7,31.00601927
1611316800000,31712.5,31984.2,31622.5,31653.9,59.36372397
1611317700000,31653.8,31715.6,31579.8,31602.2,38.23372957
1611318600000,31601.2,31861.2,31333.2,31375.8,55.92587956
1611319500000,31375.2,31565.8,31348.5,31550.3,45.24230904
1611320400000,31550.3,31891.7,31352.5,31817.9,44.94279744
1611321300000,31817.8,32267.9,31714.6,32209.8,98.07766746
1611322200000,32209.9,32298.3,32139.7,32249.7,42.91048705
1611323100000,32249.7,32312.9,32145.4,32146.6,42.35601102
1611324000000,32146.7,32437.1,32146.5,32395.8,65.62699538
1611324900000,32395.8,32521.9,32359.9,32500,57.22191522
1611325800000,32500,32528,32211.7,32289.9,40.98556303
1611326700000,32289.9,32512.2,32289.9,32512.2,24.13473549
1611327600000,32512.2,32701.9,32400.1,32701.9,35.81754321
1611328500000,32701.9,32744.1,32431,32486.3,35.08744458
1611329400000,32483.8,32529.3,32285.8,32367.4,34.18495267
1611330300000,32367.3,32499.4,32273.1,32457.9,27.6161285
1611331200000,32462.9,32558.3,31974.3,32014.1,49.71165827
1611332100000,32014.2,32589.3,32014.2,32580.8,50.20728539
1611333000000,32580,32624.3,32445.1,32511.4,30.1932021
1611333900000,32511.4,32518.1,32299.4,32374.6,46.83692292
1611334800000,32382.3,32490,32260.3,32431.5,33.22920708
1611335700000,32431.4,32503.5,32259.2,32336.9,35.1103631
1611336600000,32336.9,32442.6,32136.7,32152.4,45.33554297
1611337500000,32155.3,32345.3,32087.1,32326.2,32.52925169
1611338400000,32326.3,32474.5,32191.4,32431.8,34.23308555
1611339300000,32431.8,32584.5,32416.7,32501.7,50.7100694
1611340200000,32499.4,32950.9,32477.4,32950.2,87.69644078
1611341100000,32941.8,33308.4,32868.9,33271.4,60.54536923
1611342000000,33273.4,33303.6,33107.1,33251.2,40.93663209
1611342900000,33251.3,33619,33173.6,33576.3,59.22637947
1611343800000,33576.4,33619.2,33407.5,33407.5,30.93084651
1611344700000,33406.3,33607.5,33371.4,33587.1,35.69072635
1611345600000,33587.3,33696,33330.1,33487.3,41.59104395
1611346500000,33487.3,33814.4,33472.3,33788.5,35.78995266
1611347400000,33781.9,33812.9,33602.5,33636.5,25.48469687
1611348300000,33633.7,33735.8,33390.8,33497.6,42.38130467
1611349200000,33497.7,33613.6,33420,33465.4,28.05419183
1611350100000,33463.2,33543,33302.5,33509.4,29.37686172
1611351000000,33509.4,33652.3,33504.8,33504.8,28.9666437
1611351900000,33504.7,33504.7,33199.4,33275.8,72.22538735
1611352800000,33275.7,33493.5,33272.5,33356.4,23.06766457
1611353700000,33355.7,33595,33353.5,33515.8,12.37083596
1611354600000,33517.2,33517.2,33275.5,33305.4,18.76417199
1611355500000,33305.3,33336,32752.1,32845.2,59.52206644
1611356400000,32845.2,33059.5,32750.4,32999.1,53.9882787
1611357300000,32996.6,33171.4,32913.6,33108.8,31.70586548
1611358200000,33090.6,33137.1,32748,32763.8,35.52193968
1611359100000,32763.8,33083.6,32606.2,32958.6,51.2116179
1611360000000,32951.6,32972,32425.7,32479.1,127.12592611
1611360900000,32479.3,32700.7,32422.1,32627.6,43.55736604
1611361800000,32626.8,32707.2,32501.2,32582.5,29.75643113
1611362700000,32582.6,32814.3,32425.3,32697.6,27.34255078
1611363600000,32704,32773.4,32300.9,32311.3,32.42711147
1611364500000,32311.9,32544.6,32252.6,32544.6,41.84852019
1611365400000,32545.9,32922.5,32508.2,32834.1,42.83103774
1611366300000,32834,32898.4,32646.9,32706.5,36.88821047
1611367200000,32706.4,32854.3,32616.5,32618.9,33.56120228
1611368100000,32616.5,32664,32134,32262.8,53.32116478
1611369000000,32263.5,32359.8,32059.8,32095.2,26.74734968
1611369900000,32084.6,32350.3,32075.8,32254.5,28.40017892
1611370800000,32254.6,32407.4,32182.9,32357.4,31.43832028
1611371700000,32364.9,32550,32313.7,32398.3,17.34407273
1611372600000,32398.3,32610.6,32333.8,32518,22.58199827
1611373500000,32516.2,32571.4,32350,32372.7,16.99212443
1611374400000,32366.5,32594.7,32307,32591.9,20.59970587
1611375300000,32590.3,32814.8,32578.1,32724.4,57.00745195
1611376200000,32717.7,32811.2,32559.8,32575.9,21.84214899
1611377100000,32577,32700,32544.4,32584,10.07824739
1611378000000,32584,32627.6,32318.9,32376.5,29.7087313
1611378900000,32376.5,32417.5,32243,32409.6,23.85034769
1611379800000,32413.8,32995.8,32366.1,32928,34.83101839
1611380700000,32928,33360.9,32928,33334,52.4724559
1611381600000,33345.8,33444.9,33189.5,33222.7,35.34627692
1611382500000,33222.7,33272.4,33025.7,33142,24.43172653
1611383400000,33141.4,33147.2,33007.4,33028.7,19.29212516
1611384300000,33028.7,33163.4,32790.4,32821.7,33.20217789
1611385200000,32821.6,32952.3,32688.1,32869.4,26.70237238
1611386100000,32869.4,33142.7,32840.1,33043.9,21.15075592
1611387000000,33044,33145.7,32714.3,32780.8,19.00856733
1611387900000,32780.8,32935,32732.8,32929.8,15.70506174
1611388800000,32930.6,32930.6,32626.2,32783.2,31.14034561
1611389700000,32783.2,32998.8,32698.9,32920.5,15.31683179
1611390600000,32927.4,32983.5,32755.1,32829.6,22.62546145
1611391500000,32831.8,32968.5,32631.9,32939.9,24.95259055
1611392400000,32945.1,33108.1,32832.7,32832.7,36.36664548
1611393300000,32831.3,33007.1,32465.7,32512.7,55.54045038
1611394200000,32512.6,32636.2,32465.9,32610,33.8741557
1611395100000,32610,32793.5,32357.1,32461.8,48.33078163
1611396000000,32451.5,32520,32196.3,32395.9,48.78887022
1611396900000,32395.5,32448.4,32241.4,32300.1,39.79742064
1611397800000,32294.2,32365.5,32182.7,32272.4,35.40134143
1611398700000,32274.1,32423.1,32235.6,32346.9,21.45759155
1611399600000,32332.5,32535.4,32230.8,32247,24.22384088
1611400500000,32247,32247,31640.3,31715.1,83.67105366
1611401400000,31713.6,31851,31525.2,31802.1,50.10061389
1611402300000,31798.7,31876.1,31572.6,31652.8,26.35427298
1611403200000,31652.3,31990,31492.2,31822.4,51.85439592
1611404100000,31832.9,31887.3,31695.5,31730.6,29.04979361
1611405000000,31735,31900,31638,31823.3,31.58257928
1611405900000,31812.2,31814.8,31600,31600.3,37.75252637
1611406800000,31600.3,31771,31398,31734.8,50.47269927
1611407700000,31743,31967.8,31720.6,31925.7,38.48185003
1611408600000,31925.7,32284.7,31868.9,32113,37.02328698
1611409500000,32113,32168.2,31845.8,31869.1,22.9178517
1611410400000,31869.1,31921.1,31677.6,31765.9,36.46466209
1611411300000,31765.9,31974.9,31696.9,31890.2,28.42695299
1611412200000,31882.7,31911.8,31770.9,31885.3,23.51609336
1611413100000,31890.3,31936.4,31650,31722.3,29.58450921
1611414000000,31720.8,32040.7,31618.4,32007.4,27.29131215
1611414900000,32007.5,32172.6,32007.4,32073.7,24.96109991
1611415800000,32073.7,32111.6,31911.6,31973,19.06413729
1611416700000,31976.2,32002.2,31860,31876.4,19.04349385
1611417600000,31876.3,31939.1,31765.1,31875.1,27.53969395
1611418500000,31875.1,32171.3,31875.1,32137.1,23.59098815
1611419400000,32137,32323.1,32081.3,32149.6,28.32589697
1611420300000,32145.6,32217.2,32050.4,32127.8,17.91130035
1611421200000,32127.7,32198.5,32066,32180.5,20.16925421
1611422100000,32174.9,32180.4,32045.9,32117.8,12.06089477
1611423000000,32117.8,32371.2,32074.1,32300.7,23.36028722
1611423900000,32305.5,32403.2,32195.1,32222.1,28.20245535
1611424800000,32236.9,32343.1,32121,32132.2,22.01103466
1611425700000,32132.2,32186.6,31837.4,31948.5,40.58816627
1611426600000,31943.3,32113.6,31879.2,32113.6,21.28531828
1611427500000,32113.1,32210,32080.3,32172.4,19.57180081
1611428400000,32172.4,32374.2,32143.6,32321.9,17.68727451
1611429300000,32321.9,32366.5,32225.4,32324.9,14.40792701
1611430200000,32318.6,32349.2,32219.6,32300.9,17.06755844
1611431100000,32300.9,32493.9,32250.4,32340.5,23.33441345
1611432000000,32340.5,32388.3,32135.8,32210.9,26.85978536
1611432900000,32216.7,32231.8,32128.1,32226.2,20.89683555
1611433800000,32226.3,32226.3,32030.7,32169.3,15.90643278
1611434700000,32169.3,32230.6,32111.2,32194.9,8.4415226
1611435600000,32194.9,32217.9,32103.8,32184,18.71561234
1611436500000,32183.5,32264.3,32106.1,32138.8,19.19765766
1611437400000,32138.8,32267.1,31802,32264.8,43.88523903
1611438300000,32264.8,32436.3,32264.8,32343.7,25.61826416
1611439200000,32343.8,32509,32309.9,32354.6,28.17158651
1611440100000,32354.6,32354.7,32185.2,32234.9,14.25235734
1611441000000,32235,32255.9,32022.2,32029.4,15.43192045
1611441900000,32029.4,32177.9,31981.8,32049.1,19.06873937
1611442800000,32049.2,32118.2,31910.9,31980.7,29.02551374
1611443700000,31980.6,32076.5,31944.1,31969,26.30554223
1611444600000,31971.9,32095.4,31842.8,32010.2,21.50490425
1611445500000,32010.2,32092.8,31933.9,32075.4,20.03955827
1611446400000,32073.6,32080.9,31628.8,31841.3,59.392602
1611447300000,31841.3,31939.9,31741.5,31876.2,20.21024172
1611448200000,31871.1,32005.5,31871.1,31941.7,16.76841301
1611449100000,31953.8,31998.9,31851.3,31882.5,9.84157426
1611450000000,31877.4,32055.7,31762.9,31975.1,12.74064695
1611450900000,31975.1,32079.9,31963.1,31983.5,22.34963727
1611451800000,31974.4,32071.2,31808.6,32020.7,40.81142321
1611452700000,32020.7,32037.1,31867.1,31867.1,11.17587406
1611453600000,31866.4,31945.8,31781,31927.8,15.2562674
1611454500000,31927.8,32207.8,31908.2,32144.3,34.05310022
1611455400000,32144.2,32300,32134.8,32142.1,21.67193002
1611456300000,32142.1,32185.8,32092.8,32092.8,12.29501051
1611457200000,32092.9,32196.1,32082.5,32101.8,19.62245916
1611458100000,32098.5,32142.5,32048.1,32089.6,13.41913014
1611459000000,32094.6,32292.8,32029.9,32276.1,23.4585653
1611459900000,32272.5,32477.8,32233.6,32477.8,33.49983911
1611460800000,32478.2,32612.5,32439.3,32450.1,32.5779722
1611461700000,32450.1,32488.1,32354.7,32390.5,30.62959094
1611462600000,32390.5,32476.2,32369.2,32432.2,15.25431496
1611463500000,32443.2,32881.9,32443.2,32815.8,36.81697587
1611464400000,32815.9,32979.8,32720.9,32875,39.52834698
1611465300000,32875.1,32933.3,32802.5,32843.8,23.65052687
1611466200000,32853.1,32917,32782,32821.8,15.15984288
1611467100000,32821.8,32885.7,32737.5,32860.1,16.22012875
1611468000000,32868.3,33068.2,32685.4,32685.4,48.45220145
1611468900000,32691.1,32753.1,32672.9,32730,11.87098187
1611469800000,32730.1,32730.1,32575.8,32705.8,15.30157196
1611470700000,32705.7,32798,32675.8,32758.9,10.33274262
1611471600000,32752.1,32838.6,32631.7,32660.8,11.44147476
1611472500000,32660.8,32683.9,32515.8,32647.7,17.11550418
1611473400000,32656.6,32714.2,32531.1,32692.7,12.63427329
1611474300000,32692.7,32840.8,32632.8,32798.2,17.9283771
1611475200000,32798.2,33009.4,32786.4,32802.1,26.79766933
1611476100000,32801,32812.3,32626.2,32647.7,15.39187707
1611477000000,32652.5,32685.8,32587,32630.2,9.82160434
1611477900000,32630.2,32707.8,32574.3,32634,11.241809
1611478800000,32633.9,32725.7,32540.5,32590.4,11.32678142
1611479700000,32590.3,32744.6,32581.2,32744.5,21.39045719
1611480600000,32744.5,32751,32658.2,32668.2,12.46687871
1611481500000,32667,32729.2,32617.6,32644.1,11.24051184
1611482400000,32644.2,32687.2,32608.6,32621.7,9.31525602
1611483300000,32621.6,32635.9,32477,32525.1,12.53057327
1611484200000,32525.1,32619.9,32514.4,32590.9,8.58777427
1611485100000,32591,32713.4,32573.1,32695.5,11.15100417
1611486000000,32695.6,32844.6,32695.6,32773.5,16.5681363
1611486900000,32773.4,32888.4,32710.5,32774.7,15.54766131
1611487800000,32774.7,32832.3,32720.4,32763.4,8.67566927
1611488700000,32763.3,32880.7,32705.4,32823.3,8.89356967
1611489600000,32823.3,32930.9,32488.6,32590.7,29.36381512
1611490500000,32590.6,32608.8,32510,32581.4,12.97123765
1611491400000,32580.3,32580.3,32223.4,32392.9,50.0962866
1611492300000,32392.9,32476.9,32309.2,32370,15.77430904
1611493200000,32362,32414,32271.2,32346.8,21.87483966
1611494100000,32357.3,32397.9,32233.4,32295.5,21.98991883
1611495000000,32295.5,32381.2,32261.6,32306,15.97012924
1611495900000,32305.9,32342.3,32115,32231,26.26551537
1611496800000,32231,32353.4,32176,32275.5,14.62110854
1611497700000,32280.7,32318.6,32211.2,32240.8,11.81090815
1611498600000,32240.7,32296,32035.5,32090.4,28.07653966
1611499500000,32085.4,32189,31922.9,32054.8,23.83506913
1611500400000,32060.3,32162.4,32033.2,32128.5,19.95193486
1611501300000,32124.6,32176,32068.7,32139.5,14.09639304
1611502200000,32145.7,32251.7,32109.7,32119.7,16.42139805
1611503100000,32119.7,32173.9,31862.1,31949.4,27.817158
1611504000000,31949.4,32138.9,31731.6,31786.2,38.76499985
1611504900000,31786.2,31860.5,31617.6,31673.3,35.3343218
1611505800000,31673.3,31816.8,31532,31692,43.05924198
1611506700000,31691.9,31824.6,31691.9,31724,16.67583457
1611507600000,31724.9,31939.4,31646.1,31836,29.20769993
1611508500000,31830.7,31885,31776.5,31820.9,13.79691888
1611509400000,31820.9,31979.7,31802,31875.5,21.33401035
1611510300000,31881.9,31975.3,31831,31871.8,20.34932131
1611511200000,31869.3,31891.7,31784.6,31891.4,34.31470172
1611512100000,31891.4,31934.6,31786.8,31792.6,15.22354077
1611513000000,31791.5,31875.1,31771.4,31873.4,15.51540797
1611513900000,31873.4,31934.9,31818.2,31832.3,12.22588015
1611514800000,31823.2,31838.4,31400,31460.4,33.96491346
1611515700000,31464.4,31464.4,31087.2,31159.6,98.96920695
1611516600000,31159.6,31306.6,30920.4,31204.1,77.5691319
1611517500000,31204,31340.3,31181.1,31300.8,29.49871911
1611518400000,31300.8,31461,31248.2,31350.7,33.52638625
1611519300000,31350.8,31480.8,31276.4,31435,17.6102391
1611520200000,31435,31749.4,31435,31669.4,32.36198388
1611521100000,31669.3,31687,31562.1,31669.4,31.73331343
1611522000000,31669.3,31686.8,31598.6,31680.7,21.03145556
1611522900000,31680.7,31818.9,31572.8,31713.1,22.5989209
1611523800000,31713,31770.2,31681.1,31708.7,11.44436697
1611524700000,31708.8,31970,31677.6,31908.3,18.01584488
1611525600000,31908.1,31908.1,31811,31818.6,7.61757447
1611526500000,31818.7,31903.8,31662.7,31903.8,17.94697383
1611527400000,31905.7,32337.7,31904,32229.8,48.20268046
1611528300000,32229.8,32270.4,32098.1,32124.8,25.59674624
1611529200000,32124.9,32274.4,32098.1,32098.2,23.42556645
1611530100000,32098.2,32174.2,32020,32073.8,25.52393725
1611531000000,32069.7,32255.7,32028.2,32215.5,18.99149664
1611531900000,32226.1,32351.8,32172.5,32255.3,25.46035369
1611532800000,32255.2,32481.3,32183.7,32435,27.81806785
1611533700000,32426.8,32702.6,32399.1,32691.9,49.6262205
1611534600000,32691.8,32739.6,32521.3,32666.7,49.63329243
1611535500000,32666.7,32824,32565.6,32574.6,55.62683075
1611536400000,32577.9,32659.5,32457.8,32603.4,35.80888093
1611537300000,32603.4,32702.6,32535,32567.8,24.84204939
1611538200000,32566.2,32654.3,32417,32617.2,23.56415633
1611539100000,32617.2,32893.9,32560.2,32878.9,41.18259614
1611540000000,32869.9,32993.2,32755,32755.1,23.37696744
1611540900000,32769.1,32812,32664.5,32809.6,17.26640062
1611541800000,32811.9,32885.6,32652.9,32668.6,16.20983541
1611542700000,32669.2,32802.4,32659.7,32775.2,15.86738308
1611543600000,32770.7,32870.1,32599.4,32603.1,36.77315087
1611544500000,32603.1,32759.3,32587.1,32743.1,20.85662653
1611545400000,32742.1,33305.9,32701.2,33252.4,52.75933844
1611546300000,33252.4,33672.4,33252.4,33563.5,47.34076244
1611547200000,33563.4,33783.9,33478.8,33554.4,41.12389151
1611548100000,33554.4,33557.9,33370.5,33456.1,34.88685939
1611549000000,33457.3,33538,33362.3,33362.3,18.79123078
1611549900000,33360.1,33479.6,33312.3,33383.8,18.62242973
1611550800000,33380,33455.8,33252,33269,16.1337886
1611551700000,33264.4,33406.4,33264.4,33343.9,14.13152572
1611552600000,33343.9,33450,33317.9,33317.9,11.01496736
1611553500000,33317.1,33331.2,33195.3,33328.7,14.18668347
1611554400000,33328.7,33471,33328.7,33392,14.80779867
1611555300000,33392,33434.1,33157.2,33203.3,18.71914904
1611556200000,33197.2,33315.1,33166.9,33315.1,19.11694141
1611557100000,33310.7,33547,33292.8,33482.8,15.12552004
1611558000000,33482.8,33547.3,33482.7,33547.1,1.12729074
1611558900000,33547.1,33547.1,33547.1,33547.1,0
1611559800000,33547.1,33547.1,33006,33261.7,11.29424355
1611560700000,33267.8,33343.7,33052,33341.7,13.84111876
1611561600000,33341.8,33385.2,33200,33235.6,6.56901052
1611562500000,33250.1,33393.9,33218.3,33265.9,9.42778543
1611563400000,33263.3,33415.7,33195.4,33415.7,7.9950686
1611564300000,33412.2,33491,33357.7,33443.5,7.2051603
1611565200000,33444.5,33539.7,33302.5,33334.7,11.17065615
1611566100000,33336,33391.8,33188.3,33270.3,12.84616149
1611567000000,33270.2,33271.9,32997.7,33032.5,22.19527729
1611567900000,33027.7,33087.2,32867.8,32987.1,30.38700396
1611568800000,32982.5,33075.7,32913.2,32914.2,16.23253541
1611569700000,32913.2,33156.4,32750,33022.3,30.92808638
1611570600000,33024.8,33142.7,33016.4,33066.6,12.93661612
1611571500000,33066.6,33171.8,33047.7,33122.4,16.10947816
1611572400000,33122.5,33170,33041.9,33095.6,11.29648646
1611573300000,33095.6,33332.4,33048.6,33266.5,11.01030962
1611574200000,33266.4,33319.2,33121.5,33148.8,15.36746271
1611575100000,33148.2,33241.3,33121.6,33178.4,9.62271655
1611576000000,33181.9,33416.6,33055.2,33388.8,21.10451494
1611576900000,33384.3,33624.5,33384.3,33558.9,26.51774226
1611577800000,33558.9,33995,33514.8,33965.1,40.78027488
1611578700000,33965.1,34311,33965.1,34179.2,69.74438293
1611579600000,34179.2,34489.7,34099.5,34256.6,51.93085379
1611580500000,34259.6,34629,34196.6,34604,57.4108964
1611581400000,34602,34683.5,34404.9,34523,58.48980787
1611582300000,34523.1,34663.4,34441.6,34539.5,19.09775668
1611583200000,34539.4,34853.3,34494.7,34778.1,45.81188945
1611584100000,34770.6,34795.7,34577,34612.7,27.45342917
1611585000000,34609.3,34735.7,34585.3,34609.5,16.33830512
1611585900000,34607.5,34629.8,34344.1,34471.3,34.95459681
1611586800000,34471.3,34586.3,34261,34264.9,31.76036825
1611587700000,34264.9,34467.9,34215.2,34367.3,33.03222985
1611588600000,34378.6,34521.4,34361.2,34399.4,16.45109348
1611589500000,34402.7,34488.9,34300.1,34442.4,16.43740151
1611590400000,34457.3,34619.8,34084,34113.3,85.48064597
1611591300000,34113.8,34229.9,33842.4,33848.5,61.90732034
1611592200000,33843.8,33932.5,33640.6,33747.6,64.03762751
1611593100000,33751.4,33896.9,33671.1,33896.3,29.57297745
1611594000000,33896.7,34236,33883.6,33916.3,39.85476271
1611594900000,33916.9,34015.6,33791.1,33890.2,32.10215648
1611595800000,33890.2,33930.3,33719.5,33863.7,22.00546826
1611596700000,33863.7,33889.5,33695.4,33789.2,31.72395484
1611597600000,33789.3,34011.9,33681.8,33900.2,35.09947742
1611598500000,33900.2,34022.6,33886.7,33960,20.30216626
1611599400000,33960.1,33990.3,33718.8,33720,45.26458989
1611600300000,33714.3,33873.6,33521.5,33670,69.23075002
1611601200000,33667,33762.8,33532.2,33739.3,41.02451295
1611602100000,33739.4,33781,33629.5,33695.2,20.06470343
1611603000000,33696,33747.3,33500,33663.5,22.10963975
1611603900000,33670.2,33726.7,33356.5,33411.8,38.88293617
1611604800000,33409.5,33418.9,33055.2,33151.4,95.90381543
1611605700000,33148.2,33391.6,33116.1,33359.6,29.21583704
1611606600000,33364,33458.3,33242,33351.3,24.78528845
1611607500000,33346.7,33463.9,33205.6,33461.7,24.50945257
1611608400000,33461.5,33461.5,32845.4,32868,73.67271734
1611609300000,32867.6,32967.5,31677.6,32653,140.3529855
1611610200000,32655.3,32655.3,32175,32608.6,161.54745539
1611611100000,32608.5,32758.2,32421.5,32717.6,53.8618841
1611612000000,32718.1,32728.3,32195.5,32267.8,47.03993899
1611612900000,32267.9,32443.5,31982.6,32059.2,46.80887068
1611613800000,32059.7,32505.1,31922.5,32489.9,53.71851386
1611614700000,32490,32574.4,32318.9,32464.8,39.45385411
1611615600000,32464.8,32704.3,32259.2,32588.3,51.68933118
1611616500000,32588.3,32636.5,32463.2,32476.2,29.02780648
1611617400000,32476.1,32659.9,32242.5,32416.2,48.90952974
1611618300000,32413.4,32532.5,32215.3,32268.8,22.99228189
1611619200000,32253.6,32570.5,31743.3,32570.5,141.59234331
1611620100000,32570.4,32711.8,32470.6,32541.1,31.68745006
1611621000000,32538.8,32649.3,32419,32613,26.89990828
1611621900000,32613.1,32674,32450.8,32467.4,27.67236454
1611622800000,32475.8,32475.8,32206.1,32408.9,40.95143922
1611623700000,32408.9,32413.2,32226.7,32288.6,27.23083387
1611624600000,32288.7,32709.4,32252.7,32709.4,27.21033953
1611625500000,32713,32825.8,32648.1,32752.4,28.21690169
1611626400000,32757.3,32757.3,32509.5,32576.1,16.47308094
1611627300000,32576.1,32642.6,32347.7,32488.9,23.94773768
1611628200000,32492.2,32493.1,32320.6,32329.1,16.75168723
1611629100000,32344.6,32426.6,32200,32313.6,35.20290798
1611630000000,32313.6,32357.4,32256.3,32262.8,19.00527944
1611630900000,32262.8,32262.8,31833.4,31849.8,56.38844472
1611631800000,31862.2,32009.8,31595.7,31605.3,79.86981685
1611632700000,31605.3,31723.4,31469.6,31521.4,72.62684271
1611633600000,31521.3,31834.6,31435.8,31711.9,38.06536448
1611634500000,31713.4,31837.7,31648.8,31749.4,37.87201396
1611635400000,31754.6,31938,31686,31924.5,20.22260807
1611636300000,31919.2,32176.7,31852.1,32007.4,41.41538184
1611637200000,32006.8,32062.7,31925.2,31956.4,27.84909185
1611638100000,31956.4,32043.8,31784.9,31907.5,22.8886014
1611639000000,31906.9,32193.4,31896.1,32113.7,22.03391124
1611639900000,32113.8,32304.2,32066.1,32066.1,27.59394219
1611640800000,32065.8,32072.3,31805,31851.9,36.13084609
1611641700000,31845.8,31916.8,31703.3,31814.4,32.2756518
1611642600000,31802.7,31910.1,31507,31507,41.45577791
1611643500000,31515.9,31692,31324.8,31598.3,56.60821957
1611644400000,31585.2,31659.3,31334.4,31471.3,49.43316199
1611645300000,31471.2,31590,31110.3,31278,82.27001596
1611646200000,31280.6,31407.2,31218.8,31341.7,33.00311012
1611647100000,31341,31741.1,31268.6,31637.8,56.9441552
1611648000000,31640.6,31873.4,31519.1,31600.1,39.79817248
1611648900000,31600.1,31780.8,31600.1,31694.6,19.43248114
1611649800000,31704.2,31974.2,31704.2,31810.7,28.37799758
1611650700000,31810.6,31902.9,31736.6,31888.3,22.06611072
1611651600000,31888.3,32077.5,31760.5,31824,47.44567904
1611652500000,31824,31824,31533,31598.2,30.403317
1611653400000,31598.2,31757.5,31530.7,31662.6,28.08998701
1611654300000,31657,31841.9,31375.1,31798.7,51.89655114
1611655200000,31805,32177.5,31805,32078.3,76.70375903
1611656100000,32072.4,32438,32069.9,32306.6,62.30249095
1611657000000,32306.6,32351.3,32227,32276.9,20.29470791
1611657900000,32279,32342.6,32128.7,32246.6,18.06548745
1611658800000,32246.6,32249.2,32116.6,32137.3,16.47970918
1611659700000,32137.3,32176.7,31823,31962,24.01301293
1611660600000,31962,32042.9,31743.3,32042.9,24.99653838
1611661500000,32042.9,32044.7,31662.5,31789.6,33.64985376
1611662400000,31800.1,31928,31593.2,31837.3,34.28826975
1611663300000,31837.3,31966.9,31550.8,31616.8,34.21047221
1611664200000,31612.2,31747.4,31501,31622.2,30.77047792
1611665100000,31607.8,31625.6,31224.7,31303.3,62.33882649
1611666000000,31295.4,31540,31200,31496.7,76.68221405
1611666900000,31499,31637.3,31408.2,31428.7,33.80990242
1611667800000,31424.7,31725.6,31424.7,31553.1,32.28081125
1611668700000,31554.2,31948.5,31534.6,31715.5,40.01251594
1611669600000,31715.6,31782.6,31435,31563.4,40.51081135
1611670500000,31564.2,31625.2,31364.7,31433.8,36.02107717
1611671400000,31434.3,31510.2,31000,31045.2,82.51543899
1611672300000,31036.4,31357.2,30824.1,31256.6,106.87881115
1611673200000,31256.7,31537.6,31250,31503.5,42.18876875
1611674100000,31501.4,31638,31367,31553.6,38.38917339
1611675000000,31550.1,31827.5,31520.1,31752.1,66.21107312
1611675900000,31752,31881.8,31662.9,31756.2,35.62946968
1611676800000,31755.9,32114.6,31464.3,31474.5,149.3680044
1611677700000,31474.8,31589.5,31293.2,31582.5,61.46430577
1611678600000,31582.6,31966.8,31533.7,31949.3,54.95531124
1611679500000,31944.1,32067.7,31840.7,31980.6,53.04877071
1611680400000,31980.2,32219.7,31980.1,32048.8,48.04018715
1611681300000,32057,32162.9,31917.7,32030.2,58.05984504
1611682200000,32030.2,32083,31914,32008,30.23815675
1611683100000,32009.2,32219.8,31976.1,32180.4,31.53562987
1611684000000,32187.9,32241.2,31914.7,32009.2,36.92150448
1611684900000,32011.8,32182.1,31978.5,32157.3,24.67528626
1611685800000,32157.4,32338.5,32033.7,32065.6,39.39342826
1611686700000,32065.6,32317.4,32010.3,32230.7,26.91000706
1611687600000,32228.4,32400,32228.4,32233.2,37.99038671
1611688500000,32233.2,32296.7,32071.2,32103.3,28.60761452
1611689400000,32103.3,32238.1,32073,32208.6,22.68731982
1611690300000,32211.4,32282.9,32044.8,32199.9,31.39633583
1611691200000,32199.9,32400,32153,32321.7,21.31785569
1611692100000,32320.5,32379.4,32085.1,32085.1,25.54677002
1611693000000,32085.2,32133.9,31866.4,31928.9,38.4215679
1611693900000,31929,32024.2,31880.1,31973.9,22.66789564
1611694800000,31976.4,32097.8,31900,32080,15.14830412
1611695700000,32080,32258.4,31954.6,32243.5,17.43558646
1611696600000,32243.9,32332,32055.8,32148.5,33.58896449
1611697500000,32157.4,32175.6,31941.6,31994.5,26.01059848
1611698400000,31987.6,32098.6,31900.7,32048.6,14.56634906
1611699300000,32050,32218,31963.1,32215.7,12.74194293
1611700200000,32215.6,32303.6,32175.3,32303.5,18.46414689
1611701100000,32303.5,32740.2,32240.7,32740.2,48.7806829
1611702000000,32741.5,32911,32568.8,32616.2,54.61970273
1611702900000,32617.6,32754.9,32617.6,32725.6,23.68095088
1611703800000,32723,32782.4,32528,32556.3,23.64550529
1611704700000,32556.3,32633.8,32477.4,32477.4,23.39907109
1611705600000,32475.3,32546.9,32224.2,32241.5,42.92435318
1611706500000,32241.2,32338.1,32221.8,32294.2,17.89192198
1611707400000,32299.5,32443.1,31924.9,32071.3,46.24452896
1611708300000,32071.4,32335.1,31897.3,32331.7,27.88810063
1611709200000,32333.4,32445.3,32132.7,32193,23.4722572
1611710100000,32193,32306.2,32018.9,32122.9,28.80093462
1611711000000,32135.1,32325.3,32044.2,32115.1,29.43052121
1611711900000,32115.2,32134.6,31961.4,32077.4,23.20886268
1611712800000,32082.8,32219.9,32004,32148.2,13.45043808
1611713700000,32144.7,32254.1,32122.6,32124.9,13.01295231
1611714600000,32124.9,32229.3,32027.4,32082.6,12.09585983
1611715500000,32090.7,32182.6,31780.1,31797.9,37.25732839
1611716400000,31800.7,31915.9,31737.1,31807.9,31.07690103
1611717300000,31807.9,31826.1,31573.3,31773.7,24.16152777
1611718200000,31773.7,31841.7,31713.1,31771,15.5958469
1611719100000,31766.2,31855.3,31709.1,31795.4,31.00227866
1611720000000,31795.4,31795.4,31523.5,31573.2,23.12543697
1611720900000,31584.9,31867.2,31541,31857.4,24.75521744
1611721800000,31850.7,31853.2,31771.8,31809,15.08883325
1611722700000,31809,32014.5,31700.8,31865.9,20.25162102
1611723600000,31865.8,31908.6,31646.7,31681.7,23.03900998
1611724500000,31693.3,31722.5,31433.8,31543.5,41.40944916
1611725400000,31543.5,31569.7,31415,31451.5,19.94700143
1611726300000,31451.7,31536.9,31371.4,31498,18.27548978
1611727200000,31498.3,31579.3,31380.2,31380.2,11.68906578
1611728100000,31380.2,31637.5,31361.2,31597.1,20.16943951
1611729000000,31590.9,31660.5,31540.6,31637.1,9.25259117
1611729900000,31637,31720.4,31580.5,31658.1,12.27026025
1611730800000,31667.3,31695,31556.7,31658.8,14.2474679
1611731700000,31666,31888.3,31666,31771.9,21.13792842
1611732600000,31772,31832.6,31694.5,31699.2,8.88536727
1611733500000,31700.3,31819.4,31677.7,31753.9,12.26314141
1611734400000,31749.6,31754.2,31545.1,31599.7,24.98436608
1611735300000,31599,31725,31557.1,31663.8,13.34674914
1611736200000,31663.7,31684,31268.5,31336,38.24625384
1611737100000,31336.1,31385.2,31142.7,31175.5,25.92566608
1611738000000,31175.5,31274.5,30904.2,30919,64.14438389
1611738900000,30918.9,31118.6,30693.6,30967.8,73.20539542
1611739800000,30967,31289.4,30906.4,31210,46.17442878
1611740700000,31210,31263.9,31087.7,31204.7,21.04436027
1611741600000,31203.8,31339,31094,31272.7,24.97586287
1611742500000,31285.6,31394.5,31196.4,31358.7,29.81488705
1611743400000,31367.8,31379.6,31228.8,31284,17.15549946
1611744300000,31288.2,31374.9,31138.4,31374.9,22.16904586
1611745200000,31374.9,31608.7,31355.3,31550.4,35.481681
1611746100000,31550.3,31568.6,31421.8,31454.3,15.84929145
1611747000000,31454.2,31587.6,31130.1,31169.9,20.94243943
1611747900000,31157,31161.8,30579.7,30628.7,85.51696055
1611748800000,30629.4,30880,30378.2,30395.4,89.90548602
1611749700000,30396,30723.9,30347.4,30592.4,67.41690537
1611750600000,30591,30839.9,30575,30732.2,32.52033633
1611751500000,30730.7,30867.7,30685.3,30755.5,33.68694286
1611752400000,30758.1,31046.3,30650.9,30781,59.55434415
1611753300000,30780.6,30786.4,30505.7,30683.2,37.56886128
1611754200000,30682.2,30682.2,30457.7,30592.4,52.62596085
1611755100000,30592.4,30725.9,30250,30270.7,51.10354462
1611756000000,30273.3,30452.8,30039,30408.4,103.74114867
1611756900000,30405.7,30505.7,30177.5,30206.2,49.99555314
1611757800000,30206.2,30223.3,29490.8,29574,156.49101607
1611758700000,29574.4,29695.9,29254.1,29573.4,159.56643369
1611759600000,29573.4,29879.1,29396.3,29750.1,116.95137035
1611760500000,29750.1,29914.2,29595.5,29799.8,62.06414532
1611761400000,29799.7,30136.3,29705.1,30097.9,80.10219879
1611762300000,30097.9,30432.1,30075.1,30325.5,100.39064214
1611763200000,30325.4,30803.5,30211.1,30752.4,106.04689893
1611764100000,30752.4,30919.7,30567.4,30912.8,52.07414155
1611765000000,30913.8,30938.9,30550.2,30652.7,41.53219047
1611765900000,30652.8,30794.4,30510.5,30531.8,41.52521471
1611766800000,30531.7,30742.6,30418.1,30688.5,45.44356069
1611767700000,30688.5,30837.9,30506.6,30528.8,41.3990941
1611768600000,30522.1,30539.8,30103.2,30332.4,72.37845145
1611769500000,30332,30551.2,30215.5,30531.5,67.02983578
1611770400000,30520.6,30531.5,30196.1,30213,51.83142069
1611771300000,30213,30384.2,30066.2,30084.2,58.89127824
1611772200000,30078.7,30171.1,29643.9,29673.7,79.14236615
1611773100000,29676,29814.1,29504.5,29711,106.8392788
1611774000000,29718.9,30765.5,29712.9,30632.8,140.60152425
1611774900000,30632.9,30816.8,30500.6,30587.7,58.27738701
1611775800000,30585.9,30853.2,30585.9,30711.8,35.1053725
1611776700000,30711.8,30825.9,30371.6,30728.1,70.26405394
1611777600000,30728.1,30961.9,30518.9,30873.1,68.09816529
1611778500000,30873.2,31469.8,30853.6,31386.9,98.63071288
1611779400000,31386.9,31411.4,31024.3,31161.7,58.64506856
1611780300000,31162.5,31555,31142.3,31509.6,77.79191356
1611781200000,31518.9,31635.6,31157.7,31301.8,76.96211424
1611782100000,31292.3,31323.6,31134.4,31189.9,31.25785823
1611783000000,31189.9,31202.9,30841.9,30976.6,52.52935083
1611783900000,30976.7,31050.3,30746.6,30960.2,43.89411645
1611784800000,30960.2,31035.9,30777,30911,28.11323184
1611785700000,30907.8,31040.4,30873.5,30957.3,18.01444365
1611786600000,30953.7,30953.8,30386.8,30477.7,58.42943218
1611787500000,30475.9,30584.8,30331.4,30512.7,32.61500986
1611788400000,30512.7,30708.9,30172.9,30277.1,66.21532553
1611789300000,30283.7,30486.2,30109.3,30249,54.19442207
1611790200000,30249,30465.5,30049.4,30096.8,69.62449287
1611791100000,30103.4,30420,30096.8,30343.9,47.32345463
1611792000000,30353.9,30579,30080.3,30082.3,73.41457701
1611792900000,30082.2,30264.3,29847.5,30197.4,68.65101345
1611793800000,30200.1,30332.8,30096.9,30285.6,45.91364159
1611794700000,30285.6,30712.1,30274.1,30672.2,39.47814177
1611795600000,30662.6,30727.1,30531.8,30625.8,26.04163317
1611796500000,30623.6,30623.6,30378.5,30561.8,23.6500226
1611797400000,30561.8,30846.9,30429.7,30532,35.52039604
1611798300000,30532,30907.1,30479.3,30869.3,25.67039192
1611799200000,30876.3,31171.5,30793.8,31036,52.83569275
1611800100000,31042.8,31206.8,30932.5,30932.5,30.09232626
1611801000000,30931,31154.5,30915.6,31053.9,46.19889455
1611801900000,31049.6,31080.5,30918.4,30989.3,21.04541156
1611802800000,30983.3,31276.1,30919.7,31094.4,33.96542387
1611803700000,31093.8,31262.2,31057.5,31076.4,30.98657251
1611804600000,31076.4,31174.8,30962.2,31165,50.9555017
1611805500000,31161.6,31499,31161.6,31409.5,38.61323676
1611806400000,31407.5,31587.7,31300.3,31316.2,56.51611434
1611807300000,31316.2,31331.4,30940.4,31285.6,57.43655027
1611808200000,31285.6,31314,31049.7,31191.7,27.22620416
1611809100000,31191.1,31361.4,31122.3,31307.2,56.30688757
1611810000000,31307.2,31368.9,31070,31203.4,25.43115714
1611810900000,31206,31268,31077.5,31107.2,22.3032667
1611811800000,31103.9,31477.3,31073.9,31439.3,27.75138557
1611812700000,31435.9,31800,31427.6,31736.3,74.42268304
1611813600000,31736.4,31877,31685.9,31877,64.41006967
1611814500000,31876.9,31879.6,31693.2,31693.2,24.1945471
1611815400000,31689.3,31750.8,31590.1,31662.2,14.62114524
1611816300000,31657,31699.8,31530.1,31553.6,23.67488279
1611817200000,31569.4,31592.9,31262,31276.8,27.9192454
1611818100000,31276.8,31326.1,31184.9,31268.3,25.10664558
1611819000000,31268.3,31293,31137.4,31287.9,19.72526626
1611819900000,31292.2,31303.4,31090.9,31174.9,24.7240696
1611820800000,31174.9,31298,31060.1,31244.7,37.92049726
1611821700000,31244.8,31249,31014,31027.4,25.79413217
1611822600000,31027.4,31240.1,31027.4,31196,22.83086265
1611823500000,31196,31271.4,31045,31076.1,35.31225821
1611824400000,31075,31099.9,30820.1,30908.6,40.92408223
1611825300000,30912.9,31255.9,30912.9,31236.5,42.50058184
1611826200000,31237.9,31304.6,31156.2,31174.4,30.1879486
1611827100000,31174.4,31480.8,31136.9,31466.9,23.31968755
1611828000000,31467.3,31515,31356.9,31371.2,26.23518785
1611828900000,31370.6,31384.7,31050,31066.7,19.15491036
1611829800000,31066.7,31227.8,31035.9,31195.6,13.14228678
1611830700000,31195.6,31579.3,31173.5,31489.2,38.4005963
1611831600000,31489.3,31593.2,31393.8,31515.4,25.99363531
1611832500000,31515.3,31538.9,31359.2,31404,43.43992861
1611833400000,31408.5,31430.4,31307.3,31357.6,34.45145981
1611834300000,31357.7,31459.2,31193,31441.1,21.50105513
1611835200000,31441,31581.9,31284.3,31543.3,34.18728573
1611836100000,31544.6,31706.8,31480.8,31521.3,33.01180823
1611837000000,31521.3,31559.6,31420.5,31471.7,17.21108549
1611837900000,31471.7,31541,31364.1,31472.6,21.86227516
1611838800000,31475.5,31495.8,31167.9,31212.9,28.12377852
1611839700000,31209.4,31333.4,31169.1,31290.1,14.76268794
1611840600000,31292.4,31635.1,31253.7,31582.7,27.65883626
1611841500000,31582.8,31830.1,31582.8,31776.3,28.15662668
1611842400000,31776.3,32146.4,31623.1,31943.3,77.75106062
1611843300000,31944.2,32033.4,31733.3,31815.9,45.90468211
1611844200000,31806.6,31866,31712.5,31758.1,18.41132059
1611845100000,31758,31988.9,31758,31834.7,42.16476824
1611846000000,31832.8,32113.9,31680.7,31765,56.06330141
1611846900000,31764.9,32198.4,31764.9,32018.5,56.2328745
1611847800000,32018.5,32099.9,31874.7,31939.4,34.73187611
1611848700000,31939.3,32087.5,31823.7,31919.6,40.00671381
1611849600000,31919.5,32074.4,31805.1,31806.8,48.550657
1611850500000,31811.5,31871.6,31657.9,31854.6,31.5987315
1611851400000,31854.6,32193.8,31819.6,32112.1,41.88719966
1611852300000,32112.1,32423.4,32112.1,32423.4,44.43917838
1611853200000,32423.4,32478.2,32202.5,32297.8,51.55350086
1611854100000,32301.7,32351.7,32171.3,32216.7,25.5662081
1611855000000,32212.1,32412,32172.7,32228.4,29.04249061
1611855900000,32233.4,32319.5,32225.8,32273.3,13.34929397
1611856800000,32278.5,32403.6,32240,32240,27.91498744
1611857700000,32237.1,32312.7,32080.7,32193.7,23.01767936
1611858600000,32193.7,32452.6,32193.6,32443.5,16.56158868
1611859500000,32443.9,32668.8,32343.2,32626.9,43.26116286
1611860400000,32631.2,32665.5,32465.8,32479.7,30.90333222
1611861300000,32479.8,32588.4,32466.8,32537.9,19.7489561
1611862200000,32537.9,32743,32537.9,32579.9,28.70154301
1611863100000,32580,32635.6,32502.5,32565.4,18.72747515
1611864000000,32565.4,32858.4,32544,32857,48.64958525
1611864900000,32856.3,32889.3,32638.3,32652.6,44.32673492
1611865800000,32652.7,32652.7,32500,32507.3,30.44254799
1611866700000,32508.7,32608.3,32401.9,32565.7,46.94795979
1611867600000,32565.7,32858.4,32565.7,32858.3,29.31469503
1611868500000,32855.4,32945.9,32775.2,32891.5,20.82112114
1611869400000,32892.6,32899.3,32729.6,32883,17.55390121
1611870300000,32883.5,33307.3,32835.7,33186.4,45.7138858
1611871200000,33186.4,33389,33123,33389,60.94703003
1611872100000,33389,33423,33160,33264.6,27.13784661
1611873000000,33264.7,33427.2,33236.9,33374.9,23.59303174
1611873900000,33375,33475.2,33235.6,33455,38.9319617
1611874800000,33455.1,33498.6,33281.5,33494.8,48.72395145
1611875700000,33494.8,33761.2,33494.8,33589.6,49.27163518
1611876600000,33589.6,33603.9,33278.8,33357.5,43.53674075
1611877500000,33363.3,33433.9,33026.8,33353.1,67.12329298
1611878400000,33351.6,33884.3,33332.9,33844.6,81.13708542
1611879300000,33844.7,34189.6,33844.7,34174,113.89379659
1611880200000,34172,34296.7,33810.1,33839.7,65.03666867
1611881100000,33839.8,34160.2,33839.8,34145.3,41.8445228
1611882000000,34149.7,34298.7,33988.1,34119.1,45.85659323
1611882900000,34119.2,34127.9,33822,33902.1,28.03257501
1611883800000,33902,33945.9,33672.8,33804.4,43.60580597
1611884700000,33804.3,33941.4,33791.1,33911.6,31.77239854
1611885600000,33909.4,33986.8,33812,33941.2,45.36812881
1611886500000,33936.5,34197.8,33905.6,34040.9,35.19194024
1611887400000,34040.8,34072.4,33780.5,33842.2,44.09878534
1611888300000,33842.2,33958.5,33834.5,33958.5,25.67646168
1611889200000,33962.4,34077.8,33844.7,33955.8,25.92356377
1611890100000,33947.9,34102,33903.5,33928.6,45.49619201
1611891000000,33928.6,33996.7,33581.2,33633.4,46.04616977
1611891900000,33633.5,33842.4,33509.1,33723,42.02447351
1611892800000,33731.1,33925.9,33125.2,33308.1,93.46786962
1611893700000,33308.1,33308.3,32923.9,33020.6,109.94495457
1611894600000,33020.6,33061.4,32808.6,32985.1,119.6366798
1611895500000,32985.6,33125.3,32937.8,33059.5,66.07609739
1611896400000,33059.5,33178.7,32910.5,33090.8,41.10728705
1611897300000,33095.3,33102.4,32770,32899.3,39.95325338
1611898200000,32899.3,33093.8,32828.5,33064.4,23.71740497
1611899100000,33064.4,33097.6,32894.4,32982,38.18472701
1611900000000,32982,32982,32622.7,32740.4,56.61276422
1611900900000,32740.4,32881.7,32644.6,32828.4,52.68293104
1611901800000,32829.7,32835.5,32466.9,32484.6,49.67696772
1611902700000,32482.9,32623.5,32339,32473.2,31.63506456
1611903600000,32473.1,32615.6,32330.6,32398.2,38.88303852
1611904500000,32398.1,32441.6,32098.1,32174.7,42.63710109
1611905400000,32174.7,32287,31924.6,32041.2,75.18948776
1611906300000,32041.2,32328.3,32041.2,32273.4,55.03377726
1611907200000,32271.5,32585.3,32245.8,32462.3,51.94923526
1611908100000,32459.5,32459.5,32010,32026.8,69.56657599
1611909000000,32023.9,33384.4,32014.9,33327.9,147.45679754
1611909900000,33331.5,36731,33331.5,36215.2,528.15944237
1611910800000,36213.5,37000,34432.8,35923.1,520.40208815
1611911700000,35923.2,37575,35627.7,37470.4,234.22649883
1611912600000,37479.6,37991,36191.6,36241.1,314.05447233
1611913500000,36241.1,37188,36047.6,36896.7,228.23574094
1611914400000,36896.7,37163,36195.1,36554.2,143.64898769
1611915300000,36533.2,36598.2,35509.8,35635.5,159.22032853
1611916200000,35642.8,36685.7,35620.9,36264.5,138.91620783
1611917100000,36264.5,36867,36258.9,36622,71.75355026
1611918000000,36618.8,37076.5,36588.5,36808.8,89.55571626
1611918900000,36808.7,37058.9,36436.1,36976.5,108.71910224
1611919800000,36976.4,37197.7,36820,36923.4,84.83638297
1611920700000,36938.4,37149.6,36726.9,37035.5,57.97685128
1611921600000,37024.1,37109,36567.1,36725.7,95.94384658
1611922500000,36716.9,37121.9,36583,37121.9,52.64267112
1611923400000,37121.9,37480.3,37036.4,37472.3,78.48645037
1611924300000,37477.9,37882.6,37262,37848.6,87.66646615
1611925200000,37853,37881.2,37026.6,37274.4,76.12510535
1611926100000,37278.4,37487.6,37084.4,37373.3,46.32890034
1611927000000,37373.2,37764.2,37369,37627.1,52.14227847
1611927900000,37623.3,38527.2,37623.3,38247.1,204.24704894
1611928800000,38248,38430.4,37719.9,38076.4,265.0662369
1611929700000,38076.4,38113,37750.6,38111.1,128.06364439
1611930600000,38111,38111,36525.5,36668.2,449.13595253
1611931500000,36668.2,37200,36400,37065.1,296.78554421
1611932400000,37063.2,37498.6,37063.2,37480.9,157.14859178
1611933300000,37480.8,37502.9,36911.3,37205.5,182.35388424
1611934200000,37205.4,37295.9,36880.1,37123.5,140.6920006
1611935100000,37125.9,37217,36760.7,37114.1,31.26998096
1611936000000,37123.3,37483.2,37123.3,37370.1,92.66072936
1611936900000,37370.1,37564.3,36994,37005.8,45.86259358
1611937800000,37002.4,37094.2,36624.9,36625,58.91556264
1611938700000,36624.9,36823.1,35713.6,36031.3,126.60531447
1611939600000,36024.1,36235.8,35553.2,35995.2,126.12187839
1611940500000,35998.2,36431.9,35942.6,36114.6,73.17128413
1611941400000,36114.5,36362.9,35872.5,36010.1,64.00106328
1611942300000,36015.3,36205.1,35589.4,35730.1,89.39684798
1611943200000,35736.2,35992.2,35240.8,35299.3,122.76288708
1611944100000,35277.4,35411.1,34991.1,34996.8,91.31117056
1611945000000,34999.6,35377.8,34876.2,34876.2,51.36452745
1611945900000,34876.2,35220,34595.4,35189,98.35202844
1611946800000,35189,35375.5,34935.6,35084.3,54.69261501
1611947700000,35085.5,35089.1,34460.9,34460.9,94.37766531
1611948600000,34460.8,34670.8,33880.8,34124.4,160.7551863
1611949500000,34113.2,34346.6,33492,34314.4,169.2213507
1611950400000,34320.9,34493.9,33868,34085.8,106.05386344
1611951300000,34074.5,34701.8,34074.5,34588.3,74.7943986
1611952200000,34593.4,34942.9,34526.8,34665.9,90.95840061
1611953100000,34663.8,34880,34432.8,34585.8,50.0419827
1611954000000,34580.7,34748,34180.2,34208.6,59.93769306
1611954900000,34200.1,34781.2,34134.3,34719.3,57.33311811
1611955800000,34719.3,34739,34351.1,34456,54.31273786
1611956700000,34463.2,34805.6,34303.1,34639.1,51.9685391
1611957600000,34646,35322.8,34597.7,35210.1,49.69541432
1611958500000,35204.3,35349.2,34800.1,34932.4,44.96656225
1611959400000,34932.4,34958,34677.3,34796.1,34.05861387
1611960300000,34796.1,34979.8,34252.5,34482.2,50.64799593
1611961200000,34482.2,34640,33705.5,34164.8,90.98293053
1611962100000,34152.1,34278.3,33890.6,34064.9,43.29224049
1611963000000,34092.5,34235,33701.1,34021.8,58.56824125
1611963900000,34026.4,34373.6,34026.4,34240.3,35.64535043
1611964800000,34240.7,34839.6,34221.7,34706.2,73.54237314
1611965700000,34713.8,34850.3,34600.5,34697.3,37.3333186
1611966600000,34697.2,34795.9,34293.9,34443.8,46.52748231
1611967500000,34443.8,34640.1,34250,34250,52.97323732
1611968400000,34245.2,34753,34216.5,34724.4,28.51211711
1611969300000,34724.5,34914.9,34681.4,34757.8,44.75025464
1611970200000,34757.9,34757.9,34174.4,34272.2,40.19064703
1611971100000,34272.2,34322.7,33923.6,34117.5,59.30979062
1611972000000,34117.5,34247.8,34003.1,34003.1,44.48896233
1611972900000,34003,34379.9,33679.2,34355.8,53.46429347
1611973800000,34356.5,34431.2,34174.1,34188.8,22.71657277
1611974700000,34192.7,34224.4,33799.3,33852.5,39.93801855
1611975600000,33855.7,33984.3,33597.4,33603.3,37.942165
1611976500000,33600,33823.9,33203.9,33394.4,83.29961729
1611977400000,33382.1,33435.7,32843.1,33241.4,95.87367487
1611978300000,33241.2,33323.3,32810,33280.2,88.37349138
1611979200000,33273,33484.5,33137.6,33353.4,59.33173984
1611980100000,33367.3,33595.3,33148.2,33471.4,70.04748209
1611981000000,33476.6,33588.3,33267.8,33588.3,32.8629473
1611981900000,33588.3,33651.5,33384.6,33498.5,30.72286434
1611982800000,33500.6,33556.1,33178.6,33492.9,34.01264445
1611983700000,33495.5,33588.3,33394.5,33525,30.25655812
1611984600000,33516.2,33987.2,33341.5,33766.7,79.03711264
1611985500000,33766.1,33879.5,33480.5,33509.5,19.5364861
1611986400000,33509.5,33593.9,33149.4,33216.7,43.24677801
1611987300000,33216.7,33488.8,33211.5,33454.1,24.08696919
1611988200000,33437.5,33551.1,33300.1,33303,25.67599098
1611989100000,33302.9,33845.3,33264.3,33822.7,44.89345175
1611990000000,33811.5,33830.7,33672.7,33678.5,23.15948298
1611990900000,33678.5,33916.8,33662.7,33803.2,23.12093955
1611991800000,33814.8,33832.1,33416.9,33522.9,28.99792114
1611992700000,33520,34190.7,33473.1,34036.5,56.09011778
1611993600000,34045.3,34355.5,34026.9,34253,44.21207203
1611994500000,34250.4,34312.6,34097.3,34212.3,29.62523988
1611995400000,34216,34228.3,34000.8,34018.3,15.5642445
1611996300000,34018.3,34084.3,33778.2,33897,27.41231913
1611997200000,33884.2,34418,33819.7,34301.7,44.53242683
1611998100000,34301.7,34302.8,34039.2,34105.1,24.81738454
1611999000000,34093.8,34279.9,34005,34188.6,22.98940767
1611999900000,34188.6,34342.8,34136.1,34250.1,20.99417373
1612000800000,34250,34364.5,33887,33979.2,29.57762058
1612001700000,33979.3,34111,33880.8,34022.4,21.63690132
1612002600000,34024.4,34272.1,34013,34250,21.55666756
1612003500000,34250.1,34386.9,34125.5,34291.2,42.62093838
1612004400000,34301.3,34321.6,34067.5,34087.6,22.05839486
1612005300000,34087.5,34272.5,33932.2,34168.7,21.39341296
1612006200000,34161.5,34175.9,33543.6,33791.3,47.19879313
1612007100000,33791.9,33882.1,33514.7,33652.3,30.30349661
1612008000000,33654.5,33799.7,33473.7,33756.2,37.22088362
1612008900000,33762.8,33769.5,33486.4,33494.6,29.23282852
1612009800000,33494.6,33760,33487.5,33667.3,14.08755371
1612010700000,33660.4,33828.4,33632.4,33755.9,24.52318798
1612011600000,33755.9,33859.8,33658.7,33750,17.3881715
1612012500000,33750.1,33968.3,33740.2,33904.9,23.51027387
1612013400000,33905,34008.8,33791.2,33832.1,29.49137887
1612014300000,33823.4,34351,33818.1,34241.7,50.71497186
1612015200000,34235.6,34400,34118.4,34194,31.99396192
1612016100000,34194,34227.4,34093,34136.5,25.72402301
1612017000000,34122.7,34246.6,34005.1,34085.6,32.13296918
1612017900000,34085.6,34252.2,34085.5,34232.3,26.65241966
1612018800000,34232.4,34306.3,34064.8,34069.1,19.4432891
1612019700000,34065.2,34267.3,34062.5,34219.7,18.68232921
1612020600000,34219.8,34341.8,34165.3,34324,25.42226267
1612021500000,34324,34490.9,34181.8,34220.3,46.20685533
1612022400000,34218,34255.7,33681.4,33754.8,77.73275261
1612023300000,33754.7,33910,33524.6,33534.9,77.51391968
1612024200000,33534.9,33875.2,33534.9,33835.6,70.26306797
1612025100000,33829.6,34025,33791.2,33948.3,41.29915135
1612026000000,33948.3,34196.7,33945.1,34095.4,38.27424318
1612026900000,34095.4,34282.4,34019.8,34189.9,59.882633
1612027800000,34189.8,34229.7,34057.3,34098.4,27.85295369
1612028700000,34098.4,34351.7,34078.1,34250.2,25.80998515
1612029600000,34250.3,34335.4,34066.1,34202.4,39.03503302
1612030500000,34202.5,34350,34202.5,34270.9,24.15263389
1612031400000,34270.8,34293.2,34138.4,34178.8,26.12361991
1612032300000,34187.8,34354.8,34163.7,34343.6,19.49436839
1612033200000,34343.6,34398.5,34296.3,34368,17.34542581
1612034100000,34366.3,34367.2,34026.1,34129.9,34.35359018
1612035000000,34129.8,34275.1,34095.9,34241.9,18.65504954
1612035900000,34242,34334.6,34240.6,34286.9,13.86570414
1612036800000,34297.8,34368.8,34268.2,34340.5,24.25723529
1612037700000,34344.6,34443.7,34154.3,34396.7,45.39427284
1612038600000,34396.8,34422.9,34236,34256.2,25.82738004
1612039500000,34256.1,34327.8,34078.1,34157.9,26.63120028
1612040400000,34158,34196.9,34123.6,34142.2,19.52782112
1612041300000,34145.1,34236,33982.8,34219.1,28.15065695
1612042200000,34219.1,34378,34163.3,34338.7,22.5845851
1612043100000,34345.9,34673.5,34327,34663.8,23.25356488
1612044000000,34671.9,34776.2,34529.6,34697.7,37.69526125
1612044900000,34697.7,34705.1,34543.9,34558,17.42302672
1612045800000,34557.9,34658.5,34544.3,34617.3,15.96843342
1612046700000,34617.3,34628.7,34524.7,34528.6,14.81281647
1612047600000,34526.4,34557.5,34350,34383.6,26.40350428
1612048500000,34383.6,34383.6,34236,34316.5,32.6040893
1612049400000,34316.6,34366.5,34181.6,34337.6,25.90976365
1612050300000,34340.4,34350,34195,34273.2,16.51989609
1612051200000,34274.3,34338.8,34031,34215.8,31.36205526
1612052100000,34215.9,34268.1,34086.3,34105,13.48699454
1612053000000,34104.9,34152.9,33875.3,33939.6,35.52608799
1612053900000,33947,34119.2,33926.8,34073.5,19.22964536
1612054800000,34068.1,34133,33960,34028.2,18.20089408
1612055700000,34028.2,34213.8,33992.8,34088.5,16.44410257
1612056600000,34088.5,34160.6,34064.6,34109.5,10.61226718
1612057500000,34109.7,34247.9,33932.5,34185.7,21.71869352
1612058400000,34192.8,34236.8,34078,34082.4,10.19172908
1612059300000,34094.2,34111.1,33756.4,33876.4,27.48984262
1612060200000,33876.3,33918.6,33688,33747,25.3268922
1612061100000,33741.1,33826.3,33718.2,33752.3,16.29918386
1612062000000,33752.2,33932.8,33648.3,33932.8,16.90299902
1612062900000,33932.8,34024.5,33877.3,33977.6,19.39064235
1612063800000,33979.3,34035.2,33941.3,34024.4,14.48233414
1612064700000,34024.4,34024.4,33857.9,33929.9,11.38395322
1612065600000,33929.9,34112.1,33793.4,34034.7,14.85615398
1612066500000,34034.8,34090.1,33926.8,33926.8,16.75477712
1612067400000,33926.8,33983,33825,33888.7,14.37776875
1612068300000,33878.5,34063.1,33874.1,34031.1,9.99305271
1612069200000,34031.1,34051.3,33888,33947.7,12.9465233
1612070100000,33954.6,33954.6,33772.2,33817.4,12.94064124
1612071000000,33817.5,33873.3,33674.8,33693.7,15.95098805
1612071900000,33691,33811.4,33688.3,33752.2,16.5080952
1612072800000,33752.1,33842.4,33602.1,33840.4,21.10625533
1612073700000,33840.4,33840.4,33655.7,33802.3,17.46969696
1612074600000,33802.3,33844.7,33702.1,33749.4,14.27137246
1612075500000,33749.4,33765.7,33576.7,33654.7,20.45718947
1612076400000,33654.7,33787.2,33579.9,33782.9,16.17253244
1612077300000,33782.9,33838.9,33736.6,33779.2,10.96945593
1612078200000,33779.2,33779.2,33656.9,33712.5,6.27680164
1612079100000,33712.4,33721.9,33450.2,33598.7,26.42676343
1612080000000,33598.4,33762.1,33315.3,33760.2,45.22157575
1612080900000,33760.2,33823,33715.2,33743.3,13.79618325
1612081800000,33743.3,33767.2,33553.8,33626.2,16.2148545
1612082700000,33626.2,33626.2,33505.3,33586.8,18.2407175
1612083600000,33596.9,33765.2,33540.1,33658.3,17.57701326
1612084500000,33660.2,33660.2,33457.2,33532,15.32265105
1612085400000,33519,33594.6,33428.5,33473.7,19.1010503
1612086300000,33473.5,33524.6,33282,33298.4,19.94117743
1612087200000,33298.4,33580,33213,33573.1,29.80939976
1612088100000,33573.9,33610.6,33465.8,33610.1,14.33811297
1612089000000,33610.1,33700,33583.2,33630.6,22.71422939
1612089900000,33620.5,33741.5,33602.8,33654.9,18.92850471
1612090800000,33648.9,33780,33537.8,33631.1,31.65633504
1612091700000,33631,33730.5,33579,33654.6,19.45024441
1612092600000,33654.7,33696.8,33518,33583.2,13.70119085
1612093500000,33583.2,33619.1,33477.7,33569.5,18.14707709
1612094400000,33566.3,33566.4,33406.3,33416.7,19.13519141
1612095300000,33416.7,33945.4,33372.1,33945.4,29.6951987
1612096200000,33945.1,34222.4,33945.1,34145.9,65.10284091
1612097100000,34145.8,34147.6,33910.7,33982.2,20.80889483
1612098000000,33982.2,34052.1,33789.5,33835.6,16.65271262
1612098900000,33835.6,33852.5,33740.8,33811,12.44643087
1612099800000,33811,33849.1,33653.4,33684.7,22.08056527
1612100700000,33684.6,33755,33612.5,33693.5,14.55300463
1612101600000,33693.6,33733.2,33529.5,33593.1,23.48325983
1612102500000,33593.1,33659.9,33481.9,33559,27.60902336
1612103400000,33559,33626.5,33270,33413.1,37.82874904
1612104300000,33413,33672.6,33322.3,33340.3,40.85131712
1612105200000,33332.1,33466.3,33109.9,33198.5,54.37436835
1612106100000,33200.1,33200.2,33017.4,33041.4,72.63928963
1612107000000,33041.3,33041.3,32510.7,32759.2,102.04730125
1612107900000,32759.1,33009.9,32625,32856.2,63.48403984
1612108800000,32862.5,33037.6,32611.7,32945.5,79.62380839
1612109700000,32949.1,33020.2,32831.4,32916.9,31.84431218
1612110600000,32916.8,33062.5,32808.9,32966.6,34.15472926
1612111500000,32963.2,33018.2,32886.8,32897.8,16.2071842
1612112400000,32897,33071,32725.5,32886,36.64922239
1612113300000,32886.1,32944.8,32695,32930.8,38.67533373
1612114200000,32930.8,33006.8,32725.5,32802.9,36.41158219
1612115100000,32802.2,32802.2,32190,32297.6,83.97859488
1612116000000,32300.6,32465,32120.9,32464.9,56.70038145
1612116900000,32465,32566.8,32382.5,32549.4,29.70456826
1612117800000,32549.4,32707.9,32515.7,32670,22.00460555
1612118700000,32666.1,32832.4,32436.4,32449.5,34.53289146
1612119600000,32449.5,32821.9,32414.1,32772.8,45.99419538
1612120500000,32772.9,32809.8,32633.7,32638.7,19.51182374
1612121400000,32639.3,32767.4,32639.3,32752.6,18.64195611
1612122300000,32755.6,32927.1,32731.8,32817,19.85369609
1612123200000,32810.8,32810.8,32496.5,32585.1,22.7022115
1612124100000,32588.4,32872.1,32537.8,32813.9,24.11112252
1612125000000,32808.8,32915.8,32798,32892.8,18.73424347
1612125900000,32891.7,32918.3,32823.3,32855.4,17.67637211
1612126800000,32855.4,32897.2,32764,32800,22.54302479
1612127700000,32800,32812.2,32655.4,32753.8,18.80110497
1612128600000,32748.6,32760,32568.3,32616.5,12.31856026
1612129500000,32614.7,32726.9,32521.7,32562.2,25.29209872
1612130400000,32567.5,32728.4,32567.4,32709.7,8.49885434
1612131300000,32709.7,32888.1,32671.9,32888.1,11.76606103
1612132200000,32888,33082.8,32873.2,33065.8,14.81334565
1612133100000,33065.8,33065.9,32903.2,32977.7,15.98175589
1612134000000,32977.6,33187.9,32937.8,33054.2,24.83600273
1612134900000,33054.2,33242.5,33029.1,33130.2,25.47820193
1612135800000,33129.7,33168.9,33050.3,33107.7,20.04261652
1612136700000,33110.9,33237.6,33055.3,33100.8,26.86150849
1612137600000,33100.7,33100.7,32467.1,32596.9,76.40078465
1612138500000,32596.7,32643.5,32300,32414.4,60.92436381
1612139400000,32415.5,32624.1,32338.9,32563.3,41.46330568
1612140300000,32563.4,32588.1,32449.9,32545.7,16.70318531
1612141200000,32545.7,32650,32478.2,32649.9,21.60613218
1612142100000,32650,32984,32555.4,32918.3,34.42354452
1612143000000,32915.7,33471.6,32807.8,33470.6,63.64548802
1612143900000,33470.5,33535.3,33327.7,33422.8,48.32250089
1612144800000,33424.2,33464,33200,33429.9,30.69366802
1612145700000,33429.9,33833.1,33419.4,33541.9,58.11049607
1612146600000,33541.9,33702.8,33489.6,33510.3,37.6859354
1612147500000,33520,33714.1,33520,33652.2,15.03265514
1612148400000,33652.1,33727.2,33544.7,33591.5,13.06588478
1612149300000,33597.3,33688.2,33472.5,33532.2,31.59401802
1612150200000,33532.2,33760,33526.3,33638.8,35.58650487
1612151100000,33638.9,33713.6,33526.1,33571,30.65463338
1612152000000,33571,33790,33428.6,33690.1,41.62205707
1612152900000,33690.2,33931.8,33640.8,33738.1,52.2644122
1612153800000,33738.1,33766,33568.4,33614.4,27.04596246
1612154700000,33614.3,33637.6,33530.8,33561.3,28.80099552
1612155600000,33560.4,33691.5,33505.4,33576,30.91305594
1612156500000,33582.3,33585.3,33428.9,33550.8,30.10857135
1612157400000,33550.8,33681.4,33550.8,33644.4,23.00278996
1612158300000,33643.2,33881.6,33643.2,33760.2,35.70495383
1612159200000,33752.2,33932.4,33700.3,33848.6,49.47032216
1612160100000,33843.9,33908.4,33809.5,33889.9,12.13602308
1612161000000,33889.9,34405.3,33616.8,33835.1,102.06673986
1612161900000,33835.1,33864.8,33292.4,33523,177.43608322
1612162800000,33523,33642.7,33403.7,33605.2,24.60241252
1612163700000,33600.6,33701.1,33483.6,33603.4,26.53879167
1612164600000,33613.4,33758.8,33607.1,33746.6,24.65800768
1612165500000,33746.6,33861.2,33591.5,33803.3,40.79551678
1612166400000,33800.8,33890,33697.9,33761.7,47.00612062
1612167300000,33761.8,33834.7,33625,33700.9,34.30200198
1612168200000,33706.9,33856.2,33591.4,33856,41.91330013
1612169100000,33858.5,34473.7,33840.3,34448.4,51.49147814
1612170000000,34459.5,34693.8,34440.4,34565.3,98.57160071
1612170900000,34565.3,34678.5,34376.7,34376.7,51.48877466
1612171800000,34375,34487.8,34313.1,34351.7,50.3749108
1612172700000,34351.7,34422.1,34283.7,34359.2,19.7785831
1612173600000,34359.2,34395,34059.8,34242.9,40.21812227
1612174500000,34240.2,34510.4,34186.8,34424.3,36.56743186
1612175400000,34428,34461.6,34115.1,34115.1,35.70710861
1612176300000,34114.2,34186.2,34022.7,34154,33.59753178
1612177200000,34153.1,34286.7,34030,34084.9,25.54438416
1612178100000,34084.8,34161.8,33931.3,34107.9,50.3410528
1612179000000,34107.8,34234.2,34004.4,34234.2,48.83047269
1612179900000,34234.2,34391.6,34153.6,34174.7,62.25548186
1612180800000,34174.8,34429.3,34171.1,34300.1,70.05720576
1612181700000,34300.2,34311.4,34023.1,34033.1,49.85605468
1612182600000,34033.1,34109.7,33833.3,33918.1,50.33793617
1612183500000,33918,33918,33596.3,33760.7,80.38428431
1612184400000,33760.7,33997,33734.6,33977.3,41.60651229
1612185300000,33977.7,33977.7,33794.4,33808.9,63.66947668
1612186200000,33808.9,33954.5,33801.4,33922.8,78.83631317
1612187100000,33922.8,33966.7,33658.7,33695.7,61.05448124
1612188000000,33695.7,33828.6,33380.1,33413.1,112.19470181
1612188900000,33414.4,33717.4,33396.8,33709.7,32.36588915
1612189800000,33709.7,33864.8,33675.3,33704.3,35.3103651
1612190700000,33714.5,33752.5,33511,33529.3,33.06736879
1612191600000,33531.6,33618,33348.3,33452.7,46.56353853
1612192500000,33458.1,33583.3,33411.4,33534.8,28.98229791
1612193400000,33534.9,33606.7,33500.7,33580.4,27.19747288
1612194300000,33575.6,33628.9,33150,33157.4,51.6851987
1612195200000,33155.7,33388.7,33109.9,33329.7,36.38332841
1612196100000,33337.7,33423.3,33284.8,33388.6,15.27841146
1612197000000,33388.7,33545.3,33245.3,33494.7,26.6490477
1612197900000,33494.8,33594.5,33427.4,33450,30.80762575
1612198800000,33450,33562.5,33384.6,33492,25.92519983
1612199700000,33496.2,33568.4,33445.4,33562.2,18.25727456
1612200600000,33562.1,33708.3,33560.5,33615,25.38365439
1612201500000,33619.1,34065.8,33619.1,33979.3,41.97601115
1612202400000,33979.3,34029.6,33827.3,33827.3,24.53480589
1612203300000,33827.2,33888.4,33780.1,33846.5,17.65279808
1612204200000,33846.5,33846.5,33743.3,33806.6,14.56691349
1612205100000,33801,33939.3,33662.7,33731.8,16.54613727
1612206000000,33739.8,33958.7,33705.2,33828.3,14.080089
1612206900000,33828.4,33875,33788.4,33856.7,19.54357609
1612207800000,33856.7,34064.7,33848,33916,26.45278629
1612208700000,33918.8,34014.6,33826.5,33834.4,17.09227382
1612209600000,33834.3,34037.4,33826.4,33948.3,24.1284274
1612210500000,33948.2,34031.9,33882.8,33882.9,20.095216
1612211400000,33882.9,33909.1,33772.1,33815.3,25.74137014
1612212300000,33815.3,33897.1,33727.3,33833.4,21.99012947
1612213200000,33833.4,33833.4,33700.7,33821.9,21.99229967
1612214100000,33821.8,33850,33770,33820.6,11.82299537
1612215000000,33820.7,33827,33577,33640.2,18.01274411
1612215900000,33640.1,33718.4,33613.3,33656.7,20.36196773
1612216800000,33656.8,33730.5,33514.9,33712.6,17.28514686
1612217700000,33718.9,33779.4,33645,33699.1,22.62561994
1612218600000,33699.1,33699.1,33541.8,33588.2,19.26369898
1612219500000,33588.2,33635.6,33508.4,33538.4,24.73588838
1612220400000,33538.3,33749.3,33491.1,33695.2,28.0895217
1612221300000,33695.2,33775.1,33627.7,33663.8,18.91382461
1612222200000,33663.8,33663.8,33450.8,33455.9,14.18975108
1612223100000,33453.5,33589.7,33440,33522.5,23.35680106
1612224000000,33523,33899.9,33411.4,33879.3,45.97468032
1612224900000,33879.3,34154,33879.3,33992.4,54.12949197
1612225800000,33992.4,34048.8,33835,33852.9,25.23899496
1612226700000,33847.3,33887.5,33737.1,33760.2,24.46365995
1612227600000,33760.3,33771.8,33621.1,33665.6,21.4515262
1612228500000,33665.5,33681.2,33577.7,33594,13.79397397
1612229400000,33594,33722.2,33540.4,33575.4,21.28675087
1612230300000,33575.4,33797.3,33516,33742.8,29.95889045
1612231200000,33742.7,33844.7,33643.6,33655.6,24.69007572
1612232100000,33660.3,33710,33624,33640.6,15.4533819
1612233000000,33640.6,33780.9,33631.4,33702.2,22.1524565
1612233900000,33702.3,33878.3,33597.4,33648.4,26.62212998
1612234800000,33648.4,33659.9,33509.6,33633,19.31618124
1612235700000,33633,33691.6,33601.2,33648,20.79090367
1612236600000,33648,33695.2,33581.7,33665.9,19.52568943
1612237500000,33666,33684.7,33531,33551.8,13.66920066
1612238400000,33551.9,33617.3,33505.2,33587.9,23.73405126
1612239300000,33601.1,33917.5,33597.5,33870.7,27.72565841
1612240200000,33870.6,33954.1,33842.8,33844.8,13.39874
1612241100000,33842.8,33915.1,33824,33873.6,10.29574287
1612242000000,33876.6,33917.1,33816.3,33844.6,10.33843556
1612242900000,33844.6,33950,33775.1,33832.1,16.90912768
1612243800000,33823.3,33940.7,33809.2,33940.7,14.12436542
1612244700000,33943.7,34100,33887.3,33995,35.80268234
1612245600000,33995,34052.1,33933.1,33976.8,21.60212384
1612246500000,33976.9,34071.8,33943.3,33988.3,12.4702142
1612247400000,33988.3,34204.8,33938.3,34186.4,22.48649578
1612248300000,34186.4,34317.6,34084.9,34286.9,46.28457112
1612249200000,34287.4,34397,34180.3,34194.5,22.50752931
1612250100000,34192,34215,34134.7,34167.4,18.96764536
1612251000000,34167.4,34370.9,34143,34290.6,16.85919523
1612251900000,34299.8,34343.9,34225.7,34225.7,17.20640148
1612252800000,34225.7,34478.5,34225.6,34404.4,28.75278239
1612253700000,34411.4,34448,34244.8,34266,31.3017709
1612254600000,34266,34312.4,34098.4,34214.2,25.52606865
1612255500000,34224.5,34666,34191.4,34665.4,46.03410433
1612256400000,34663.7,35456.8,34661.1,35315.5,132.41532284
1612257300000,35312.6,35668.1,35163.4,35229.9,95.83792688
1612258200000,35238.7,35549.8,35152.2,35286.6,68.95802361
1612259100000,35299.9,35375.7,35172.1,35327.8,36.61891023
1612260000000,35327.8,35499.9,35135.2,35174.6,41.14380412
1612260900000,35174.1,35279.8,34971.4,35235.9,39.53196329
1612261800000,35235.9,35340,35140,35148.5,20.79383281
1612262700000,35148.4,35189.7,35040,35153.1,23.68301804
1612263600000,35161.8,35270.7,35106.1,35232.7,19.95019131
1612264500000,35232.7,35253.5,34883.1,34885.1,43.17854213
1612265400000,34897.5,35032.6,34835.2,34914.4,28.97221063
1612266300000,34914.5,34936.4,34648.5,34710.4,25.5921484
1612267200000,34713.6,34896,34547.7,34860.5,39.86536825
1612268100000,34860.5,34990.2,34819.7,34904.3,13.83934951
1612269000000,34904.2,34936.8,34811.3,34896,9.52011283
1612269900000,34891.6,34925.2,34709,34774.3,16.85356
1612270800000,34774.4,34942,34747.4,34942,16.87807449
1612271700000,34942,35199.9,34942,34967.9,32.39865469
1612272600000,34967.8,34967.9,34813.2,34825.7,24.59111386
1612273500000,34825.6,34858.6,34750.1,34837.8,12.2937896
1612274400000,34841.6,34922,34775,34795.9,16.18612378
1612275300000,34795.8,34845.5,34512.7,34583.4,51.38131137
1612276200000,34583.4,34776.3,34338.7,34736.1,49.82849106
1612277100000,34736.1,34834.4,34703.6,34790.7,18.05714067
1612278000000,34790.8,34852.3,34629.9,34847.3,20.11786334
1612278900000,34836.1,35144.3,34748.4,34757.2,78.34766432
1612279800000,34757.2,34757.7,34568.5,34670.2,34.12228733
1612280700000,34664,34716.8,34587.5,34715.6,27.5169527
1612281600000,34715.6,34838,34572,34754.8,53.82139736
1612282500000,34754.8,34884.4,34583.1,34871.4,37.65808263
1612283400000,34877.3,35179.4,34874.8,35020.5,101.89522672
1612284300000,35021.6,35064.2,34857.8,34960.3,30.31660692
1612285200000,34962.9,35015.6,34838.4,34880.1,27.0952635
1612286100000,34879.1,34916.5,34762,34864.3,26.20213121
1612287000000,34861.8,34912.2,34800,34839.3,13.51455854
1612287900000,34839.4,34887.4,34747,34847.6,20.70410606
1612288800000,34847.6,34937.4,34787.8,34862.8,26.12373958
1612289700000,34862.9,34927.9,34800.1,34852.3,14.34857919
1612290600000,34852.2,35046.4,34843.2,34994.3,21.33089839
1612291500000,35004.5,35302.2,34994.4,35269.5,34.63649676
1612292400000,35269.4,35511.4,35167.2,35261.8,54.34631111
1612293300000,35261.8,35524.4,35213.1,35414.7,34.56913718
1612294200000,35414.7,35527.5,35340.7,35411.9,21.07855003
1612295100000,35414.7,35797.1,35414.7,35755.4,49.43943982
1612296000000,35755.5,35974.7,35715,35817.4,83.83946414
1612296900000,35817.5,35827.6,35588.5,35638.1,42.41420923
1612297800000,35638.1,35641.3,35540.7,35590.9,33.85836495
1612298700000,35584.6,35818.5,35574.3,35786.9,39.54420543
1612299600000,35788.7,35873.8,35606.6,35650,36.28160746
1612300500000,35650,35680,35566.5,35647.8,13.99962955
1612301400000,35647.8,35870,35647.8,35808.3,19.08777499
1612302300000,35808.3,35885.2,35643.3,35653.9,41.47348771
1612303200000,35653.9,35695.1,35600.1,35642.9,24.91798136
1612304100000,35619.8,35809.7,35598.6,35771.1,16.20070999
1612305000000,35771,35772,35537.3,35564.6,18.19655225
1612305900000,35564.6,35741.9,35564.6,35575.3,12.58989294
1612306800000,35575.5,35697.6,35491.3,35525.5,20.88226808
1612307700000,35525.4,35656.4,35522.4,35640.2,18.43802776
1612308600000,35640.2,35664.9,35488.5,35647.6,15.26059588
1612309500000,35644.2,35650.7,35474.2,35481.7,17.47065326
1612310400000,35480.2,35622.7,35377.6,35571.4,36.27139532
1612311300000,35571.3,36212.7,35563.7,36212.2,68.88365184
1612312200000,36212.2,36228.6,36062,36198.4,50.94403335
1612313100000,36198.5,36229.9,36086,36139.3,29.63442985
1612314000000,36139.2,36344.6,36115,36140,51.20073275
1612314900000,36140,36208.6,35978.1,35985,25.75660139
1612315800000,35978,35986.1,35894.8,35953,25.45858114
1612316700000,35953,35999.4,35862.2,35886.8,18.4798403
1612317600000,35886.9,35944.6,35833.9,35902.8,14.84007882
1612318500000,35902.8,35996.9,35881.5,35911,21.29548073
1612319400000,35913.5,35985.3,35850.6,35971.3,27.95764371
1612320300000,35981.8,36118.4,35888.1,35896.9,16.37653446
1612321200000,35896.8,36090.8,35887.5,36082.2,14.81923024
1612322100000,36083.8,36187,36059.1,36162.1,16.99686992
1612323000000,36158.3,36193.6,36063.1,36193.6,15.56947701
1612323900000,36193.6,36497.5,36186.4,36410,31.8957896
1612324800000,36409.7,36830.3,36409.6,36735.5,88.8737449
1612325700000,36735.4,36798.2,36654.4,36687.3,26.07140571
1612326600000,36687.3,36820.3,36463.6,36608.1,40.61433545
1612327500000,36608.1,36707,36500,36619.5,36.18649979
1612328400000,36628.5,36677.7,36535.9,36554.2,14.60213502
1612329300000,36554.1,36554.1,36421.1,36465.6,18.79371482
1612330200000,36465.7,36517.1,36408.7,36415.1,14.23476155
1612331100000,36415.1,36480.5,36376.4,36462.9,8.93252142
1612332000000,36462.9,36671.4,36442.4,36591.8,13.83033096
1612332900000,36591.8,36688.5,36539.7,36584.7,14.68264006
1612333800000,36584.7,36783.3,36549.6,36708.9,16.64752058
1612334700000,36700.5,36737.3,36439.9,36527.3,13.97343651
1612335600000,36511.9,36585.2,36457,36501.6,18.60050361
1612336500000,36501.6,36544.3,36408.6,36510.8,15.09019817
1612337400000,36510.8,36510.8,36394.6,36426.6,13.30845538
1612338300000,36426.5,36426.5,36220.1,36291.2,19.78564783
1612339200000,36291.3,36291.8,35878.1,35929.5,53.61269934
1612340100000,35929.5,36056.2,35896.8,36028,41.20510204
1612341000000,36027.9,36044.2,35670.5,36034.5,51.18247454
1612341900000,36033.7,36110.2,35955.2,36009.5,15.4050508
1612342800000,36009.4,36028.3,35627.7,35639.2,29.6478247
1612343700000,35639.3,35820,35524.7,35803.8,41.03458102
1612344600000,35803.7,35914.6,35749.9,35822.5,23.25714451
1612345500000,35822.5,35986.1,35736.2,35851.4,14.45580108
1612346400000,35851.4,35868.4,35658.9,35733.9,17.1856046
1612347300000,35737.9,35900,35725,35873.7,22.08702209
1612348200000,35868.4,35922.7,35810.9,35873.8,8.90596505
1612349100000,35873.8,36036.5,35873.8,35988.5,15.01348913
1612350000000,35987.5,36139.8,35968.7,36004.6,15.71238942
1612350900000,36006.3,36099.7,35991.1,36043,8.90166041
1612351800000,36043,36236.6,36016.7,36146.6,15.36544792
1612352700000,36147.8,36186.1,35867.1,35963.7,29.26504008
1612353600000,35966.2,36308.8,35818.9,36306.5,59.94633893
1612354500000,36306.5,36306.5,36170,36170,15.87345689
1612355400000,36170.1,36278.1,36036.6,36206.6,15.32046321
1612356300000,36206.5,36239.5,36082.9,36183.3,21.37755416
1612357200000,36183.3,36403.2,35951.7,36309.9,43.4205512
1612358100000,36303,36705.7,36265.9,36636,68.15415482
1612359000000,36638.9,36705,36503,36634.5,24.85686114
1612359900000,36633.6,36633.6,36483.3,36545.1,14.23493654
1612360800000,36545.1,36758.3,36533.2,36583.5,25.76186427
1612361700000,36583.4,36644.7,36508.1,36578.7,18.12025225
1612362600000,36578.7,36598,36378.7,36464.2,21.53004642
1612363500000,36464.3,36603.5,36384,36545.8,21.13719725
1612364400000,36545.8,36651.6,36543,36590.2,18.04376871
1612365300000,36590.2,36827.3,36583.3,36759.2,27.82863645
1612366200000,36759.2,36893.4,36694.5,36797.4,35.65682502
1612367100000,36797.4,36904.9,36707.1,36851.8,26.95005565
1612368000000,36851.9,37119.6,36816.3,36870.1,79.88717292
1612368900000,36870,36895.7,36682.9,36769.5,53.99682221
1612369800000,36769.8,37104.8,36695.1,36995.2,42.54660009
1612370700000,36995.2,37230.8,36887.1,37156.3,51.57842646
1612371600000,37156.2,37156.3,36991,37043.2,41.30760028
1612372500000,37043.1,37179.1,36990,36990,41.02546503
1612373400000,36990.1,37109.6,36938.1,37026.9,30.29278696
1612374300000,37026.8,37187.9,36964.7,37186.7,26.39665792
1612375200000,37186.8,37203.5,36962.8,36967.8,33.74679887
1612376100000,36967.5,37070,36726.5,37047,78.46908142
1612377000000,37049.6,37176,36888.8,37066.5,29.57526228
1612377900000,37060.8,37171.5,36997.3,37117.4,21.21426654
1612378800000,37123.4,37138.8,36884.9,36930,39.62261208
1612379700000,36929,36957.6,36809.9,36908.2,21.14623169
1612380600000,36917.4,36924.1,36819.3,36865.5,20.74005845
1612381500000,36865.5,36939.9,36792,36801.5,27.3415748
1612382400000,36792.4,36809.8,36637.7,36776.1,32.95931101
1612383300000,36776.1,36896.9,36669.3,36813.9,29.74097107
1612384200000,36813.9,37034.5,36811.7,36982.2,28.58926423
1612385100000,36971.1,37076.8,36909,37052.3,20.76228099
1612386000000,37039.1,37130.4,36981.8,37053,12.73291458
1612386900000,37053,37168.1,36969.3,37166.8,20.80668356
1612387800000,37159.5,37392.3,37159.5,37387.1,37.34359404
1612388700000,37387.2,37440.2,37194.9,37256.9,29.76156563
1612389600000,37256.9,37444.8,37228.8,37444.7,14.23965548
1612390500000,37444.7,37494.4,37275.6,37372.7,22.91319861
1612391400000,37368.8,37477.6,37287.9,37369.3,21.67925215
1612392300000,37369.3,37435.5,37248.2,37275.6,18.54325098
1612393200000,37275.7,37467.9,37270.8,37456.7,14.64647796
1612394100000,37456.8,37610.8,37456.8,37552.1,35.57065553
1612395000000,37555.6,37650,37432.8,37479.9,20.09583775
1612395900000,37479.4,37651,37409.4,37618.7,41.27499581
1612396800000,37612.1,37926.6,37612.1,37871.3,53.98453237
1612397700000,37871.2,37985.4,37809.5,37985,17.15480439
1612398600000,37984.9,38121.3,37817.8,37845.8,53.88193342
1612399500000,37845.8,38076.4,37822.5,38068.6,25.29112602
1612400400000,38068.6,38280.4,38064.9,38176.4,42.18026149
1612401300000,38175.9,38258.4,37872.7,38065.1,33.97779552
1612402200000,38065.2,38065.8,37890.1,37978,31.82971623
1612403100000,37978,38288.4,37975.3,38141.2,26.05863927
1612404000000,38141.2,38209.3,37800,37874.3,38.89538165
1612404900000,37875.3,37896.8,37505.4,37710,69.06422716
1612405800000,37710,37873,37671.9,37813.1,25.83758077
1612406700000,37816.4,37904.2,37700,37893.1,31.13844355
1612407600000,37893,38003.8,37691.5,37700.2,18.5840018
1612408500000,37705.2,37752.1,37558.3,37690.8,32.24181747
1612409400000,37690.8,37813.5,37586.2,37599,30.4079147
1612410300000,37599,37683.3,37371,37471.8,48.08642744
1612411200000,37481.9,37646.1,37335,37646.1,27.30421009
1612412100000,37646.2,37673.4,37561.2,37627,27.69411844
1612413000000,37624.7,37771.5,37566,37657.4,26.93911791
1612413900000,37657.4,37788.6,37613.2,37672.4,30.29759389
1612414800000,37672.4,37748.4,37540.9,37674.9,18.08629582
1612415700000,37674.8,37919.9,37655.2,37818.4,37.63667503
1612416600000,37818.4,37830.8,37572.6,37646.1,16.92507616
1612417500000,37646.1,37712.2,37490.7,37581.2,24.86720001
1612418400000,37581.1,37821.9,37537.9,37749.7,22.52647668
1612419300000,37749.7,38000,37719.9,38000,26.34182376
1612420200000,38000.8,38100,37905.3,38067.1,25.01551594
1612421100000,38069,38195.4,37978.6,38076,19.27673074
1612422000000,38077,38127.1,37983,38016.2,14.43559984
1612422900000,38016.1,38031.1,37937.9,38004.4,15.64226495
1612423800000,37998.1,38168.4,37865.1,37865.2,23.36592535
1612424700000,37864.8,38005.8,37816.2,37840.3,28.98833673
1612425600000,37843.4,38443.4,37843.4,38435.5,34.76933797
1612426500000,38435.1,38700,38314.3,38662,71.4060253
1612427400000,38662,38694.9,38158.6,38234.3,57.93703806
1612428300000,38230.1,38271.2,37062.7,37334.7,98.85473127
1612429200000,37334.7,37619.3,36750,37272.2,213.3674198
1612430100000,37290.8,37397.9,37020.4,37180.6,67.51746383
1612431000000,37180.7,37213.6,36935.4,37131.8,70.96411979
1612431900000,37132.1,37537.9,36973.8,37513.4,68.46398668
1612432800000,37514.8,37556.3,37336.4,37422.7,30.38587474
1612433700000,37422.8,37518.3,37219.1,37470.3,25.94394568
1612434600000,37470.3,37736,37364.2,37726.2,35.65269503
1612435500000,37726.3,37762.9,37593.1,37634.1,24.40932218
1612436400000,37624.7,37712.8,37464.6,37675.4,39.33966373
1612437300000,37678.9,37894.5,37668.8,37808.5,26.00804043
1612438200000,37805.8,37903.4,37627.1,37669.7,32.23022982
1612439100000,37653.5,37708.7,37322.4,37326.2,29.93620573
1612440000000,37326.3,37517.1,37046.5,37407.6,69.46083286
1612440900000,37407.6,37575.1,37405.1,37516.5,21.8464637
1612441800000,37516.5,37749.3,37332,37664.4,33.95039262
1612442700000,37668,37724.3,37607.2,37621.3,18.24857119
1612443600000,37621.2,37621.3,37458.5,37517.9,20.42922838
1612444500000,37517.9,37540.3,37359,37421.9,24.82476936
1612445400000,37421.8,37543.2,37275.2,37512.9,34.16979098
1612446300000,37512.9,37686.2,37405.5,37588.3,58.75462961
1612447200000,37588.6,37658.6,37509.9,37623.4,21.64605849
1612448100000,37623.4,37712.3,37414.7,37491.8,28.17865452
1612449000000,37491.8,37523,37062.7,37144.2,40.55417872
1612449900000,37150.5,37214.3,36664,36799.7,81.27412865
1612450800000,36799.7,36953.2,36552,36637.7,121.40550516
1612451700000,36639.8,36750.4,36155.4,36336.5,134.88130834
1612452600000,36336.5,36624.5,36288,36558,50.01406669
1612453500000,36558,36670,36471.5,36566.2,32.89698654
1612454400000,36562.7,36710,36414.9,36623.4,46.2044005
1612455300000,36623.4,36817.3,36533.9,36817.3,23.43343084
1612456200000,36817.3,36819.2,36701.3,36744,21.1399253
1612457100000,36743.9,36978.2,36693.6,36932.8,26.12368645
1612458000000,36932.8,37062.7,36835.7,36852.5,30.3071172
1612458900000,36855.9,36993.8,36785.9,36800.6,26.86979303
1612459800000,36795.2,37014,36795.2,36995.8,17.19720621
1612460700000,36995.7,37008.3,36825.5,36878.9,23.13307904
1612461600000,36879,36958.3,36776.7,36957.1,18.6960545
1612462500000,36957.1,37412.5,36940.1,37366.9,43.67878329
1612463400000,37366.8,37391.8,37087.5,37101.5,27.16694856
1612464300000,37101.5,37150,36913.5,37136.5,41.99426679
1612465200000,37136.5,37260,36987,37081.4,42.31596239
1612466100000,37078.6,37255,37055.1,37231.4,31.74107175
1612467000000,37231.4,37301.7,37091.1,37271.4,23.36484564
1612467900000,37274.9,37498,37200.1,37466,42.73908156
1612468800000,37465.8,37772.9,37422.4,37706.2,37.07581617
1612469700000,37706.2,37706.2,37473.5,37493.8,17.46944688
1612470600000,37488.7,37602.7,37406.9,37425.2,24.41608862
1612471500000,37425.9,37615.3,37369.8,37607.1,21.8778141
1612472400000,37607.1,37724.8,37470.3,37567.6,32.3636417
1612473300000,37585.7,37596,37319.1,37330.6,20.02826238
1612474200000,37330.7,37545.8,37328.5,37545.7,21.61326967
1612475100000,37545.8,37670.7,37415.9,37638.5,22.24711811
1612476000000,37638.5,37682.8,37354.4,37354.4,23.94583559
1612476900000,37354.3,37374.8,37000,37192.5,45.94119115
1612477800000,37192.5,37217.1,37047.8,37200.2,24.62927035
1612478700000,37200.1,37280,36983.6,37244,21.66268328
1612479600000,37243.9,37374.6,37125.2,37215.7,24.08719715
1612480500000,37215.6,37339.6,37180.7,37294.7,19.6116804
1612481400000,37294.8,37322.4,37030.4,37066.5,25.1518936
1612482300000,37063.6,37078.5,36850.2,36948.5,45.1010287
1612483200000,36936.4,37161.8,36803.5,36997.7,43.99728455
1612484100000,36997.8,37147.2,36932,37083.6,37.17167109
1612485000000,37083.6,37219.1,37037.1,37150,16.19493362
1612485900000,37149.9,37199.8,36965.1,36985.8,17.84400172
1612486800000,36986.5,37228.7,36914.2,37222,23.31694312
1612487700000,37222.1,37299.9,37161.5,37169,15.99400977
1612488600000,37169,37224.7,36924,36980.3,17.30839323
1612489500000,36973.5,36973.5,36575.7,36638.6,32.30192375
1612490400000,36635.3,36837.4,36615.2,36799.3,29.72641999
1612491300000,36796.7,36831,36606,36720.1,39.09341811
1612492200000,36720,36849.9,36707.7,36809.3,20.68500216
1612493100000,36809.4,36984.9,36781.8,36963.4,20.3526712
1612494000000,36960.7,37279,36914.3,37273.9,32.71786366
1612494900000,37273.8,37352.3,37179.8,37233.6,20.0409743
1612495800000,37233.5,37388,37211.3,37340,16.20202285
1612496700000,37340,37347.9,37234.6,37346.6,13.00690732
1612497600000,37354.6,37397.2,37249.8,37344.1,19.22747588
1612498500000,37344.2,37489.9,37215.7,37340.2,21.04950406
1612499400000,37339.2,37362.4,37200.1,37320.2,15.08542028
1612500300000,37323.2,37329.7,37210.5,37265.4,8.17453133
1612501200000,37265.4,37341.2,37237.6,37286.8,19.5105807
1612502100000,37286.8,37315.9,37003.6,37116.1,14.71571509
1612503000000,37113.9,37229.8,37071.8,37200.9,15.92499379
1612503900000,37200.9,37265.6,37064.8,37064.9,13.02483421
1612504800000,37064.9,37215.5,37031.2,37201.9,14.46096102
1612505700000,37202,37614,37157.1,37476.3,24.28626044
1612506600000,37481.3,37646.9,37380.3,37437.8,22.70069221
1612507500000,37437.7,37495.9,37314,37377.3,18.90192206
1612508400000,37377.3,37563.4,37377.3,37418.3,23.95308941
1612509300000,37416.5,37717.9,37412.7,37653.2,31.64720012
1612510200000,37654.1,37672,37517.5,37560.3,17.25982025
1612511100000,37552.7,37673.4,37507.7,37649.5,13.12650202
1612512000000,37649.5,37776.9,37609,37730.1,30.1278398
1612512900000,37730.1,37730.1,37420.4,37480.2,36.26944669
1612513800000,37480.2,37569.1,37431.2,37542.2,15.36404569
1612514700000,37542.2,37735.9,37542.2,37707.4,23.97088215
1612515600000,37711.9,37748.5,37615.9,37667.9,19.68171596
1612516500000,37667.1,37683.4,37506.5,37567.5,21.4054954
1612517400000,37555.5,37600.9,37489,37521.7,9.74368179
1612518300000,37521.7,37579.6,37219.3,37257.6,25.16629107
1612519200000,37255.5,37500.1,37205.1,37478.8,25.95024622
1612520100000,37478.8,37649.2,37478.7,37522.2,16.28103093
1612521000000,37528.6,37544.5,37413.9,37496,14.73622702
1612521900000,37491.1,37491.1,37359.5,37400,15.24720826
1612522800000,37394.4,37547.4,37394.4,37504,14.24752016
1612523700000,37509.8,37717,37320.2,37716.6,83.05748394
1612524600000,37716.7,37735.8,37568.2,37585.7,22.78976925
1612525500000,37595.5,37705.1,37577.2,37686.5,19.11013275
1612526400000,37686.6,37697,37539.5,37607.9,12.55303132
1612527300000,37607.9,37994.9,37580.9,37943.6,26.14544802
1612528200000,37943.4,38140.4,37943.3,38041.4,34.41901723
1612529100000,38041.5,38079.9,37808.6,37854.8,26.70560588
1612530000000,37854.8,37985.1,37845.5,37972.3,20.12009592
1612530900000,37957.7,37973.7,37853.2,37919.1,13.7135394
1612531800000,37919,37951.5,37785.7,37951.2,11.21478156
1612532700000,37952.7,38300,37923.5,38289,47.49819245
1612533600000,38289,38298.4,38119.4,38134.3,31.99808369
1612534500000,38134.4,38148.1,37972.4,38097.2,44.59201773
1612535400000,38097.2,38195.1,38035.8,38193.4,19.39170897
1612536300000,38193.5,38250.1,38080.3,38099.5,39.69827901
1612537200000,38099.6,38157.3,37917.8,37982.4,29.81740732
1612538100000,37982.3,38141.6,37970,38048,32.73447078
1612539000000,38047.3,38289.1,38027.7,38140.6,26.3479725
1612539900000,38140.7,38190.7,37900,37964.9,22.93071081
1612540800000,37968,38163.3,37697.1,37997.7,70.13743708
1612541700000,37997.6,38124.4,37983.5,38021.6,26.1034506
1612542600000,38021.7,38074.5,37815.5,37866.8,35.50112386
1612543500000,37866.8,37926,37680.5,37816.5,44.00582798
1612544400000,37816.4,37939.6,37739.7,37818.8,27.99794518
1612545300000,37818.8,37899.2,37774.1,37871.4,20.74576381
1612546200000,37871.4,37950,37816.1,37950,20.41425791
1612547100000,37847.4,37946.2,37789.8,37879.2,17.64249773
1612548000000,37889.1,37916.6,37766.7,37781.8,19.07333068
1612548900000,37781.8,37800,37721,37728.2,22.20644308
1612549800000,37724.6,37809.3,37604.7,37613.8,26.67064218
1612550700000,37617.7,37659.6,37269.6,37406.2,44.83738061
1612551600000,37409.4,37566.3,37236.8,37310.1,39.68939165
1612552500000,37318.2,37538.3,37305.2,37490.2,20.73359818
1612553400000,37488.8,37633.1,37487.4,37597.3,19.05629377
1612554300000,37597.1,37673.5,37575.5,37625.2,18.12386354
1612555200000,37624.9,37687,37500.2,37665.1,20.05834299
1612556100000,37665.2,37691.4,37584,37639.9,13.38042954
1612557000000,37637.7,37745.4,37617.6,37715.5,39.48745501
1612557900000,37715.6,37783.4,37685.2,37740.9,12.6455291
1612558800000,37740.9,37908.5,37672,37837.3,16.44051069
1612559700000,37859.9,37859.9,37740.1,37750.6,13.44437487
1612560600000,37750.6,37834.3,37685.5,37799.8,18.03308788
1612561500000,37799.9,37843.5,37757.3,37820,8.67475174
1612562400000,37820,37842.4,37668.2,37713.5,13.53203559
1612563300000,37713.9,37969.4,37707.7,37944.9,25.31875816
1612564200000,37944.8,37944.8,37796.2,37845.2,16.62938855
1612565100000,37846.3,37874.3,37777.9,37787.6,14.17520818
1612566000000,37787.6,37993,37755.5,37951.4,24.85804018
1612566900000,37951.3,37973,37913,37940.9,13.8733779
1612567800000,37940.9,37940.9,37867.3,37895.6,15.01791451
1612568700000,37895.5,38300,37892.1,38294.4,31.56960768
1612569600000,38294.4,38613.6,38217.5,38425.8,81.7567953
1612570500000,38425.7,38425.7,38269.4,38405.7,44.12280826
1612571400000,38405.8,38772.8,38366.8,38643.6,56.54248825
1612572300000,38643.5,38853.6,38553.5,38745.7,40.26217511
1612573200000,38752.1,38988.6,38628,38955.8,37.82739851
1612574100000,38955.8,39400.2,38836.5,39341.4,84.03950778
1612575000000,39340.2,39473.6,39067.3,39269,111.60956653
1612575900000,39269,39269,38301.6,38815.5,173.52584027
1612576800000,38815.5,39076.7,38625.4,38784,100.74312317
1612577700000,38782.9,39010.3,38711.1,38971.6,44.28000016
1612578600000,38971.5,39500,38837,39473.1,72.6496502
1612579500000,39473.1,39500,39200,39375,78.79764428
1612580400000,39375.1,39500,39210.9,39338.8,61.71559858
1612581300000,39338.6,39705.1,39315.2,39353.6,76.73094698
1612582200000,39362.9,39492.5,39243.5,39293.4,48.72676558
1612583100000,39293.3,39422,39247.3,39383.1,24.70179464
1612584000000,39381.8,39381.8,38921.5,39090.5,80.23715495
1612584900000,39080.6,39264.5,38942.6,39247.9,47.67724079
1612585800000,39247.8,39314.3,39180.5,39255.5,16.75306357
1612586700000,39255.5,39277.3,39140.7,39180,18.69544558
1612587600000,39180,39226,38757.9,38836.8,47.39586057
1612588500000,38846.2,39071,38845.6,39071,24.80411201
1612589400000,39071,39074.1,38864.4,38936.3,27.98473461
1612590300000,38936.4,39094.3,38936.4,39010.5,26.8376486
1612591200000,39021.5,39174.3,39002.4,39095.2,19.53324497
1612592100000,39095.2,39396.7,39095.2,39383.3,27.97766397
1612593000000,39383.3,39423.3,39249,39352.9,37.59839517
1612593900000,39352.9,39384.7,39253.8,39257.5,18.20856886
1612594800000,39268.5,39489.1,39207.9,39380.1,16.6052895
1612595700000,39380.1,39445.8,39264.8,39303.4,22.8235816
1612596600000,39303.3,39336.2,39215.5,39269.4,14.35571673
1612597500000,39269.4,39394.3,39168.2,39347.6,16.59708172
1612598400000,39353,39619.8,39353,39550.8,26.55496778
1612599300000,39550.8,39685.6,39533.6,39593.8,23.9539399
1612600200000,39593.9,39595.3,39392.7,39501,21.13077853
1612601100000,39507,39520.9,39374.3,39421.9,18.37559925
1612602000000,39421.9,39839.6,39400.1,39733.5,34.23486193
1612602900000,39733.5,39769.9,39509.9,39669.9,30.56238346
1612603800000,39670.6,39810,39578.7,39698.9,21.43803522
1612604700000,39699,39886.2,39606.4,39886.1,19.93952185
1612605600000,39886.1,39912.4,39648,39826.2,28.02720996
1612606500000,39824.6,39857.6,39692.1,39749.2,20.72961959
1612607400000,39749.2,39785.2,39529.7,39771.8,24.53579402
1612608300000,39770.4,40000,39738.9,39999.9,32.29699978
1612609200000,40000,40303.7,39999.9,40284.7,63.78301112
1612610100000,40284.8,40406.6,40148.1,40332.7,47.29916109
1612611000000,40332.8,40422.3,40076.8,40399.6,41.58071462
1612611900000,40390.6,40458.4,40149.4,40200.6,25.4695412
1612612800000,40200.6,40336.6,39989,40047.4,53.15639703
1612613700000,40047.4,40315.6,40047.3,40306.4,30.69946116
1612614600000,40299.8,40442.4,40270.8,40282.5,23.3224762
1612615500000,40282.5,40282.5,39879.8,39901.7,63.4549046
1612616400000,39901.7,40119,39901.7,40075.2,26.70111958
1612617300000,40075.2,40242.4,39986.4,40198.2,17.92834931
1612618200000,40200.5,40243.7,40093.5,40190.7,14.36908981
1612619100000,40190.8,40245.9,40100,40138.2,17.63189469
1612620000000,40138.3,40340,40138.2,40293.5,26.14135374
1612620900000,40293.6,40470,40267.5,40312.1,22.77507781
1612621800000,40296.7,40564.7,40259,40486.7,33.58467757
1612622700000,40487.2,40505.4,40245.1,40273.5,25.20799042
1612623600000,40273.5,40470.6,40177,40444.8,22.28745222
1612624500000,40441.6,40554,40420,40475.8,23.55465791
1612625400000,40457.2,40700,40403.1,40608.7,31.63998252
1612626300000,40601.8,40879.6,40556,40866.5,53.67459869
1612627200000,40866.5,40964.2,40681.8,40742.6,72.32504927
1612628100000,40742.7,40743.2,40557,40682.2,47.47759628
1612629000000,40682.2,40753.6,40532,40600.2,29.48832907
1612629900000,40600.2,40624,40483.1,40603.7,26.17729303
1612630800000,40603.7,40652.8,40516.6,40520,29.94064345
1612631700000,40520.1,40521.7,40345.5,40503.2,29.60691237
1612632600000,40493.3,40620.2,40406.5,40619.1,19.49283777
1612633500000,40619.1,40648.8,40144.1,40191.7,33.27452952
1612634400000,40205.5,40281.1,40050,40123.9,28.80358058
1612635300000,40125,40408.2,40097,40347.4,30.80250273
1612636200000,40347.4,40418,40251.8,40383.3,23.83842216
1612637100000,40383.3,40435.6,40227.1,40261,34.44495261
1612638000000,40269.5,40361.9,40205,40350,14.9543866
1612638900000,40351.2,40404.1,40247.5,40254.8,15.37241637
1612639800000,40254.7,40272.9,39948.9,40063.8,57.13504817
1612640700000,40063.9,40186.8,40058.3,40170.2,24.26121487
1612641600000,40170.2,40170.2,39955.9,39994,25.81586058
1612642500000,39994,39994,39627.4,39815.4,98.86377888
1612643400000,39815.4,39833.7,39598.9,39775.3,55.40593665
1612644300000,39775.3,40084.7,39752.7,40083.7,41.67125179
1612645200000,40083.9,40230.7,40061.7,40093.7,28.99114904
1612646100000,40093.7,40243.2,40093.6,40179,32.06967998
1612647000000,40179,40233.4,40050.6,40092.7,34.07341635
1612647900000,40099,40148.8,39994.6,40028.9,28.43230349
1612648800000,40028.9,40400,39914.5,40375.5,39.73778816
1612649700000,40375.5,40459.2,40237.6,40245.9,43.88587119
1612650600000,40246,40298,40152.6,40238.8,15.07137446
1612651500000,40238.7,40238.8,39929.6,40001.5,32.55982236
1612652400000,40001.5,40001.5,39255.7,39384.4,84.21211072
1612653300000,39388.2,39506.6,39168.3,39316.5,100.51820787
1612654200000,39315.3,39510.1,39050,39237.8,90.04022909
1612655100000,39237.9,39349.2,39032.3,39195.5,45.39158456
1612656000000,39195.4,39235.4,38394,39231.8,137.75116138
1612656900000,39231.9,39417.9,39190.7,39384.5,30.89346654
1612657800000,39384.6,39623.6,39352.7,39504.2,25.77585341
1612658700000,39504.2,39583.2,39433.3,39564.5,16.7417829
1612659600000,39564.5,39595.4,39236.8,39333.5,19.85491176
1612660500000,39348.2,39447.7,39133.1,39309.1,48.6534008
1612661400000,39309,39504.4,39235.7,39265.8,24.83618048
1612662300000,39265.7,39265.7,38500,38621,127.73767236
1612663200000,38638.4,38795,38500,38701,72.16447401
1612664100000,38688.1,38688.8,38363.6,38677,90.17756962
1612665000000,38677,38717.7,38546.2,38603.8,35.31788318
1612665900000,38607.6,39012,38523.7,38756.9,37.73335906
1612666800000,38757,38925.9,38638,38865.3,42.67958544
1612667700000,38865.3,38920,38741.3,38809.8,22.23253316
1612668600000,38809,38835.4,38571,38736.6,26.81250013
1612669500000,38736.7,38884.5,38640.1,38837.7,17.17899519
1612670400000,38837.7,38837.7,38633.7,38730.1,25.52223206
1612671300000,38722.7,38737.5,38427,38453.3,35.02318644
1612672200000,38453.3,38481,38029.5,38184.5,71.27785226
1612673100000,38188.2,38347.5,37898.3,38303.3,54.17711453
1612674000000,38303.3,38453.3,38220.3,38429.5,32.46680471
1612674900000,38429.6,38456.9,38265.8,38309.4,29.73694891
1612675800000,38309.3,38641.7,38174.7,38598.7,37.90202763
1612676700000,38598.7,38683.2,38512.8,38525.2,32.04104293
1612677600000,38525.2,38525.2,38525.2,38525.2,0
1612678500000,38525.2,38525.2,38525.2,38525.2,0
1612679400000,38525.2,38525.2,38525.2,38525.2,0
1612680300000,38525.2,38525.2,38525.2,38525.2,0
1612681200000,38525.2,38525.2,38525.2,38525.2,0
1612682100000,38525.2,38525.2,38525.2,38525.2,0
1612683000000,38525.2,38525.2,38525.2,38525.2,0
1612683900000,38525.2,38525.2,38525.2,38525.2,0
1612684800000,38525.2,38525.2,38525.2,38525.2,0
1612685700000,38525.2,38525.2,38525.2,38525.2,0
1612686600000,38525.2,38525.2,38525.2,38525.2,0
1612687500000,38525.2,38525.2,38525.2,38525.2,0
1612688400000,38525.2,38525.2,38525.2,38525.2,0
1612689300000,38525.2,38525.2,38525.2,38525.2,0
1612690200000,38525.2,38525.2,38525.2,38525.2,0
1612691100000,38525.2,38525.2,38525.2,38525.2,0
1612692000000,38525.2,38525.2,38525.2,38525.2,0
1612692900000,38525.2,38525.2,38525.2,38525.2,0
1612693800000,38525.2,38525.2,38525.2,38525.2,0
1612694700000,38525.2,38525.2,38525.2,38525.2,0
1612695600000,38520.1,39300.6,38520.1,39118,36.53702301
1612696500000,39100.7,39147.5,38937.5,39083.6,8.74269057
1612697400000,39093,39136.8,38734.7,38845.2,13.18000081
1612698300000,38821.2,39099.6,38815.3,39066.9,11.34382182
1612699200000,39046,39261.5,38950.1,39137.4,10.43490851
1612700100000,39137.4,39137.4,38541.2,38666.2,22.6731746
1612701000000,38658.4,38856.7,38550.2,38645.8,18.50691496
1612701900000,38635.9,38826.5,38635.9,38824.4,8.38178587
1612702800000,38826.4,39099.9,38774.1,39071.5,11.18011981
1612703700000,39071.5,39109,38894.6,38977.1,10.76071052
1612704600000,38970,38970,38393.7,38513.4,37.07083172
1612705500000,38518,38728.9,38479.3,38642.8,14.87632345
1612706400000,38632.1,38632.1,38200,38315.5,48.11767266
1612707300000,38309.2,38589.8,38309.2,38542.4,29.21989375
1612708200000,38540.4,38697.6,38432.1,38504.3,11.50753771
1612709100000,38490.5,38543,38182.4,38209.5,24.40541923
1612710000000,38209.5,38387.2,38022.6,38024.4,19.96962985
1612710900000,38035.1,38165.2,37500,37802.4,105.74353388
1612711800000,37802.5,38073,37739,38053.9,16.69258553
1612712700000,38053.9,38141.9,37812.6,37919.7,17.78524421
1612713600000,37919.2,38091.2,37558.5,37565,58.53442535
1612714500000,37558.5,37778.7,37341.4,37716.9,69.21858418
1612715400000,37710.1,37874.8,37632.7,37853.8,26.0483605
1612716300000,37849.3,38217.5,37828.6,38172.5,35.9730255
1612717200000,38172.5,38186.3,38021,38081.1,24.1465551
1612718100000,38090.4,38204.5,37950,38019.3,21.5187148
1612719000000,38022.8,38184.7,37884.7,38005.7,22.54577971
1612719900000,38005.7,38064.2,37700.2,37872,28.62940562
1612720800000,37872,38132.2,37857.4,38038.9,34.31913126
1612721700000,38038.9,38129,37994.9,38082.8,15.66427329
1612722600000,38085.6,38180,38002.1,38179.7,16.74395068
1612723500000,38179.8,38342.8,38143.4,38252.8,27.63474555
1612724400000,38252.8,38411.5,38252.8,38349.7,20.88608874
1612725300000,38352.6,38406.8,38236.8,38381.8,25.34443264
1612726200000,38381.8,38450,38293.5,38302.2,20.61435178
1612727100000,38302.2,38349.7,38001,38057.6,22.55381758
1612728000000,38057.6,38128.2,37730.1,37973.6,49.62727517
1612728900000,37973.7,38119.1,37913.5,38056.4,15.86368813
1612729800000,38056.5,38332.5,38056.5,38330.7,29.49660953
1612730700000,38330.7,38481.7,38299.3,38466.3,28.46188894
1612731600000,38466.4,38617.2,38413,38456.7,27.026284
1612732500000,38446.2,38492.2,38369.8,38433.3,23.11208914
1612733400000,38433.4,38615.8,38415.3,38519.7,9.57985462
1612734300000,38519.6,38633.2,38478.9,38546.2,17.71739209
1612735200000,38546.2,38613,38400,38567.1,14.37086994
1612736100000,38567.1,38650.1,38316.9,38320.5,22.55431
1612737000000,38320.5,38476.2,38311.9,38451.5,11.90118883
1612737900000,38451.5,38831.3,38451.5,38796.6,20.05687549
1612738800000,38796.6,39040.2,38716.1,38976.6,24.01968199
1612739700000,38975.6,39073.4,38909.4,38981.2,19.01598487
1612740600000,38981.2,39034.8,38940.5,38993.6,12.32457749
1612741500000,38993.6,39030.2,38800,38807.6,22.6456263
1612742400000,38807.6,39128.8,38713,39067.3,23.42103774
1612743300000,39067.2,39087.2,38785.2,38821.9,19.85491074
1612744200000,38821.8,38844.4,38525.4,38743.3,27.0124796
1612745100000,38743.2,38790.8,38673.6,38724.5,12.34418399
1612746000000,38724.6,38896.7,38602.9,38881.9,25.56854154
1612746900000,38881.7,38881.7,38610.1,38638.1,14.69092985
1612747800000,38638.1,38638.2,38416.6,38553.4,23.82686599
1612748700000,38541.6,38610.8,38509,38521.1,16.9199086
1612749600000,38521.2,38644.2,38365.2,38588.6,15.7426176
1612750500000,38589.1,38630.2,38366.7,38531.1,14.81724303
1612751400000,38531,38565.4,38277.2,38415.4,21.69292749
1612752300000,38415.4,38426.7,38091.8,38247.1,27.24229941
1612753200000,38253.3,38375,38136.5,38357.3,14.0102877
1612754100000,38357.2,38487.8,38231.3,38357.7,17.76062428
1612755000000,38357.8,38473.4,38263,38422.6,11.34862257
1612755900000,38422.6,38449.9,38020,38081,30.03365277
1612756800000,38065.8,38419.9,38010,38389.2,18.43572047
1612757700000,38389.2,38639.9,38377.1,38610.3,29.00941863
1612758600000,38610.4,38676.4,38534.6,38594.6,18.98254934
1612759500000,38594.7,38658.5,38544.9,38582,13.1193508
1612760400000,38582,38707.2,38459.2,38595.5,12.42830034
1612761300000,38595.5,38764.9,38557,38656.4,15.93734449
1612762200000,38656.4,38870.3,38632.1,38828.2,19.39887102
1612763100000,38828.2,38854.9,38645.4,38686,12.60675726
1612764000000,38683.5,38988.9,38625.6,38988.8,12.38247422
1612764900000,38988.8,39220,38973.8,39135.3,24.56213232
1612765800000,39135.4,39147.3,39029.2,39055.3,9.79157632
1612766700000,39055.4,39097.2,38894.7,39000.3,12.18167394
1612767600000,39013.6,39055.2,38883.2,38973,12.09826797
1612768500000,38973,39110,38927.6,39110,7.31940942
1612769400000,39113.3,39369.1,39113.3,39269.3,16.70376045
1612770300000,39269.3,39338.9,39187.9,39265.3,11.18845859
1612771200000,39265.2,39339,39114.8,39236.4,18.4802996
1612772100000,39224.3,39298.6,39117.5,39199.1,21.17816364
1612773000000,39199,39265.8,39076.7,39084.2,14.75131091
1612773900000,39084.2,39188.5,39000,39171.5,20.07823079
1612774800000,39171.5,39353.1,39171.5,39250,11.06081894
1612775700000,39257.6,39328.3,38980.8,39028.8,14.77349777
1612776600000,39028.9,39121.5,38932.5,39018.9,14.05463662
1612777500000,39018.9,39079.3,38891.8,38944.6,10.67132418
1612778400000,38951.5,39035.4,38859.2,38987.3,15.11468002
1612779300000,38987.3,39098.1,38943.1,39076,9.36411753
1612780200000,39076.1,39296,39069.2,39272.2,17.30533893
1612781100000,39276.7,39414.2,39208.9,39411.7,16.85105781
1612782000000,39411.7,39496.9,39374.5,39413.8,21.844324
1612782900000,39413.8,39433.5,39302.1,39388.4,15.8725136
1612783800000,39388.5,39459.2,39330.2,39394,13.22796588
1612784700000,39393.9,39435.1,39334.2,39411.5,17.32599727
1612785600000,39412.3,39553,39179.7,39188.9,35.65798958
1612786500000,39188.9,39287.3,39170.8,39222.9,24.58247558
1612787400000,39223,40367.8,39100,40308.3,66.40017606
1612788300000,40308.4,43294.7,40297.3,42936.2,409.51651033
1612789200000,42936.4,43344.9,40800,42439.8,299.06322615
1612790100000,42440,44500,42400,44000,262.73873772
1612791000000,44000,44330.8,43409.3,43698.1,132.06767925
1612791900000,43709.2,44139.3,42875.1,42877.8,212.03654645
1612792800000,42904.5,43654.2,42824.7,43463.2,148.33532298
1612793700000,43463.2,44031,43453.7,43653,117.19658485
1612794600000,43653.1,43718.2,43075.5,43095.2,79.0008374
1612795500000,43095.2,43648.6,43087.4,43566.7,78.54981754
1612796400000,43561.1,43957.8,43407.1,43420.8,63.60277334
1612797300000,43418.2,43850,43355.1,43677.6,73.58239609
1612798200000,43677.6,43849,43423.8,43632.7,79.96836175
1612799100000,43632.8,44116.1,43469.5,43691.1,70.61622687
1612800000000,43718.4,44289.2,43718.4,44175.8,95.59045865
1612800900000,44175.8,44230,43332.5,43442.3,105.3559435
1612801800000,43442.3,43516.2,43000,43292.9,65.2628332
1612802700000,43292.9,43424.5,43160.2,43192.9,61.10200123
1612803600000,43193,43400.9,42500,42767.2,97.37014345
1612804500000,42769.6,43153,42696.8,42933.7,89.68436568
1612805400000,42927.4,43202.5,42922.2,43086.4,42.40621857
1612806300000,43086.3,43228.3,43007.5,43088.9,41.62192384
1612807200000,43083.6,43144.1,42802.9,42928.4,43.91447561
1612808100000,42928.4,43417.2,42678.3,43226.9,45.918224
1612809000000,43226.9,43235.6,42771.6,42797.8,45.24380904
1612809900000,42797.8,42941.6,42542,42681.8,48.54676392
1612810800000,42680.2,43130,42680.2,42910.6,53.44662188
1612811700000,42901.9,43106.3,42694.4,42992.3,36.91988959
1612812600000,42980.4,43104.6,42884.5,42916.4,26.07560158
1612813500000,42916.5,43051.9,42651.1,43047.2,30.28507689
1612814400000,43047.1,43275.9,42946.3,43151.3,31.11739892
1612815300000,43151.3,43175.5,42922,43074.5,30.66981814
1612816200000,43074.5,43682.5,43048.4,43441,68.08779151
1612817100000,43440.9,44250,43440.9,44144.8,86.36198742
1612818000000,44145.7,44178.1,43907,43988.1,41.83457919
1612818900000,43988,44388.5,43905.9,44388.5,50.51140562
1612819800000,44390,44637,44107.4,44341.3,69.47466449
1612820700000,44341.3,44800,44222.9,44650.9,43.47523794
1612821600000,44646.7,44966.5,44414.5,44560,73.89721362
1612822500000,44560,44560,44250,44415.1,45.87286573
1612823400000,44417.7,44777,44332.8,44727.8,56.0158117
1612824300000,44727.9,45002.9,44566,44684.7,67.39672995
1612825200000,44684.7,45393.8,44604.9,45271.9,71.91549664
1612826100000,45271.9,46767.9,45252.6,46200.6,172.0139577
1612827000000,46200.6,46499.1,45730.6,46025,111.96992687
1612827900000,46024.9,46564.4,45760.6,46373.5,54.88494083
1612828800000,46374.6,47480,46294.1,47124.6,133.64154916
1612829700000,47124.6,47124.6,46509.4,46704.8,84.74380154
1612830600000,46710.2,47203.3,46682.1,47135.8,71.31263704
1612831500000,47126.9,47146.9,46532.8,46763.8,79.08547122
1612832400000,46763.7,46763.7,46219.5,46536.6,83.84666389
1612833300000,46536.5,46726.3,45936.9,46032.3,66.655273
1612834200000,46054.5,46291.3,45801.3,46247.7,66.10590079
1612835100000,46261.3,46301.6,45866.2,46144.2,56.64921044
1612836000000,46145.1,46206,45500,45830.9,54.0905277
1612836900000,45823.5,46149.5,45783.9,46079.1,42.54598837
1612837800000,46090.7,46329,45962.3,46151.5,43.93915472
1612838700000,46153.8,46193.7,45683.8,45692.7,46.87112609
1612839600000,45694,45961.8,45488.6,45922.8,58.95217078
1612840500000,45922.9,46376.9,45922.8,46235.9,35.15757934
1612841400000,46235.9,46662.8,46204.3,46624.5,35.9838014
1612842300000,46630,46744,46404.3,46596.8,27.1516937
1612843200000,46601.9,46664.8,46306.6,46341.1,45.24555057
1612844100000,46341.1,46553.1,46269,46414.2,32.59168834
1612845000000,46414.2,46558.6,46201.9,46549,31.96782969
1612845900000,46551.9,46864.2,46350,46827.7,55.69005593
1612846800000,46828.8,47022.1,46801,46812.2,39.7926404
1612847700000,46812.2,46820.8,46604.7,46745.1,41.338568
1612848600000,46745,46935.6,46476.9,46560.2,33.07671265
1612849500000,46560.2,47214.4,46524.4,46865.9,59.0229868
1612850400000,46865.8,46915.2,46549.4,46828.5,35.85641377
1612851300000,46837.9,47171.9,46832.1,47051.1,44.9702487
1612852200000,47051.2,47680,46957.5,47640.2,61.10808285
1612853100000,47673,48130.1,47500,48121.4,63.6461139
1612854000000,48121.5,48139.3,47466.8,47934.6,61.89616649
1612854900000,47934.6,48027.2,47608.1,47617.9,35.41394407
1612855800000,47611.4,47796.6,47424.9,47531.9,53.73136729
1612856700000,47531.8,47764.8,47388.6,47526.5,33.3831174
1612857600000,47511.8,47885,47464.8,47479,54.13283921
1612858500000,47479,47479,46800,46968.4,76.21280272
1612859400000,46966,46974.4,46631.5,46771.9,60.83590955
1612860300000,46789.8,47155.2,46789.7,47110.3,30.51154565
1612861200000,47110.3,47152.7,46672.4,46672.4,42.00710526
1612862100000,46672.4,46950.9,46662.7,46718.2,40.44827685
1612863000000,46711.7,46711.8,45980.5,46009,62.1242409
1612863900000,46013.2,46563.3,46000.2,46403.7,51.14289942
1612864800000,46403.6,46530.1,45922.6,46205.9,54.73775739
1612865700000,46207.2,46450,46078.2,46301,35.81076943
1612866600000,46301.1,46575,46217.4,46294.1,24.40487684
1612867500000,46294.1,46368.6,45571.5,45629.3,41.3306367
1612868400000,45644.5,45995,45629.5,45761.7,54.25046594
1612869300000,45761.8,46276.2,45611,46228.8,38.45979534
1612870200000,46228.7,46553,46139.3,46467.9,28.32173723
1612871100000,46468,46586.8,46308.1,46389.5,21.65332317
1612872000000,46389.5,46806,46203.9,46703,47.24183915
1612872900000,46703,46728.6,46344,46419,23.78406145
1612873800000,46421.2,46435.2,45764.4,45802.5,34.80917961
1612874700000,45794.4,46016.7,45134.8,45309.5,81.33181116
1612875600000,45309.5,45642.2,44961,45502.2,66.94173854
1612876500000,45516.3,45714.5,45152.9,45215.3,32.60432846
1612877400000,45215.4,46043.2,45134.8,45639.6,65.16010555
1612878300000,45632.9,46410,45632.7,46285.3,44.53150054
1612879200000,46285.2,46328.6,46076.9,46185.8,45.67164928
1612880100000,46185.8,46541.2,46127.7,46288.7,45.23643187
1612881000000,46293.6,46499.1,46186.4,46274.2,36.60349557
1612881900000,46273.6,46683.6,46159,46620.4,35.89525866
1612882800000,46620.4,46673.8,46384.1,46462.3,33.63193845
1612883700000,46472.2,47041.6,46320,47035.5,50.34922066
1612884600000,47035.4,47099.1,46790.6,47057.3,40.45557937
1612885500000,47057.4,47068.5,46630.4,46782.8,25.47899801
1612886400000,46782.7,47126.9,46325,46477,66.82639802
1612887300000,46479.4,46507.3,46000,46356.7,44.37862305
1612888200000,46356.7,47000,46299.7,46823.8,46.90654386
1612889100000,46823.1,46924.4,46455.8,46478.9,41.41910158
1612890000000,46475.5,46926.5,46371.8,46759.8,51.19663146
1612890900000,46777.9,46816.8,46390,46442.8,54.35748954
1612891800000,46442.8,46518.1,46181,46370.2,30.86773434
1612892700000,46366.3,46512,46241.3,46479.6,38.15846169
1612893600000,46479.7,46777,46261.5,46730,34.93678973
1612894500000,46729.9,46970.1,46664,46958.3,51.5481292
1612895400000,46950.1,47441.1,46845.3,47301.1,55.76841421
1612896300000,47301.1,47301.1,46905.9,47006.5,27.92378546
1612897200000,47006.6,47172.9,46824.1,46847.9,28.93645256
1612898100000,46848,47040.9,46760.1,46849.6,33.92294794
1612899000000,46849.6,46889.8,46751.7,46859.2,19.59288753
1612899900000,46860.9,47271.4,46860.9,47058.4,29.34981461
1612900800000,47058.3,47058.4,46681.4,46976.6,33.92847384
1612901700000,46975.7,47007.7,46746,46884.3,32.57409906
1612902600000,46884.3,47458.3,46862.5,47257.5,61.99048307
1612903500000,47258.6,47370.7,47089.8,47089.8,32.12240869
1612904400000,47089.9,47323.1,47007,47127.1,20.05072278
1612905300000,47127.1,47452.6,47114.4,47417.1,28.8397701
1612906200000,47423.3,47430.3,47063,47090.3,27.29064676
1612907100000,47090.3,47322.7,47066,47252.5,19.82109596
1612908000000,47250.3,47250.3,46490.5,46715.1,80.10305542
1612908900000,46721.8,47014.8,46676.8,46877.8,25.8361599
1612909800000,46876.9,46937.8,46586,46715.9,22.91337719
1612910700000,46716,46896.7,46568,46838.5,27.37511501
1612911600000,46838.6,46853.9,46212,46329.7,36.26691101
1612912500000,46329.7,46502.7,46258.3,46493.4,24.79369257
1612913400000,46494,46589.6,46328.9,46467.4,36.30350199
1612914300000,46462.3,46647.5,46423.3,46434.8,22.85267503
1612915200000,46430,46553.5,46054.8,46553.5,50.22221527
1612916100000,46553.6,46892.4,46524.8,46802.1,43.73780255
1612917000000,46788.2,46842.7,46633.3,46680.2,29.49646782
1612917900000,46678.8,46700,46457.3,46514.2,27.38407402
1612918800000,46511.8,46516.8,46182.2,46288.3,27.06695011
1612919700000,46288.2,46363.7,46000.1,46160.1,50.00277438
1612920600000,46161.9,46346,46115.5,46279.4,43.50074902
1612921500000,46279.4,46418,46075.3,46248.1,55.43185607
1612922400000,46248.1,46640.5,46248.1,46433.1,56.65984685
1612923300000,46433.1,46560.5,46429.6,46558,33.75179001
1612924200000,46558.1,46649.2,46441,46486.2,32.84109416
1612925100000,46486.2,46783.5,46255.6,46278.9,43.80728425
1612926000000,46278.8,46679.9,46147.8,46679.9,32.27154096
1612926900000,46679.9,46721.4,46436.1,46450,30.41102628
1612927800000,46455.2,46455.2,46226.6,46262.4,25.96568255
1612928700000,46252.6,46418.4,46159.4,46219.2,37.00416252
1612929600000,46219.1,46304.4,45531.8,45600.5,76.44822794
1612930500000,45600.5,45913,45600.5,45845.8,59.12609779
1612931400000,45845.8,45977.6,45791.5,45864.1,29.64104061
1612932300000,45864.1,46048.3,45862.8,46009.9,28.88859779
1612933200000,46010.4,46248.8,45829.9,46175.4,41.5003409
1612934100000,46175.3,46274.5,46045.4,46203.7,25.5436352
1612935000000,46196.7,46411.9,46052,46315.1,26.23632139
1612935900000,46317.5,46343.8,46046.7,46115.6,34.18577009
1612936800000,46120.3,46488.5,46095.1,46452.3,42.89171726
1612937700000,46452.2,46565.1,46394.4,46496.9,25.10361483
1612938600000,46496.8,46632.6,46425,46496.2,24.13744125
1612939500000,46496.2,46563.8,46447.1,46495.5,21.26065141
1612940400000,46500.2,46644.6,46404.5,46511,16.30098491
1612941300000,46513,46788.9,46477.5,46566.4,26.83936961
1612942200000,46566.5,46914.2,46522,46914.2,17.98728215
1612943100000,46914.1,46914.2,46532.4,46559.9,23.00410352
1612944000000,46559.8,46823.6,46527.4,46527.8,43.06228011
1612944900000,46527,46547.2,46278.8,46422.2,38.53697147
1612945800000,46427.7,46507.1,46323.3,46421.1,25.58984974
1612946700000,46421.1,46702.9,46392.2,46664.1,26.81582948
1612947600000,46664.1,46777.1,46625.1,46720.7,25.18707338
1612948500000,46720.7,46890.3,46669.6,46820.2,38.75379701
1612949400000,46820.2,46875.1,46656.5,46689.3,23.10582877
1612950300000,46689.3,46714.6,46467.1,46552.8,30.44082348
1612951200000,46552.8,47153.9,46416.8,47147.9,35.65088076
1612952100000,47147.9,47300,46917.6,46949.9,38.00945706
1612953000000,46967,47174.2,46633,46729.5,40.16688978
1612953900000,46729.5,46742.2,46491.5,46637.2,26.35311887
1612954800000,46637.2,46689.7,46303.4,46480.1,36.56659583
1612955700000,46477,46553.6,46308.9,46482.5,21.51024556
1612956600000,46482.4,46571.7,46348.9,46487.8,28.06064369
1612957500000,46487.8,46580,46431,46580,20.23869244
1612958400000,46582,46584.4,46059.9,46252.7,73.00007574
1612959300000,46250.1,46414.4,46025.4,46148.3,49.89460073
1612960200000,46148.3,46204,44399.4,45132.1,295.9140892
1612961100000,45132,45820.5,45126.7,45664.6,125.92740645
1612962000000,45659.5,45953.4,45415.5,45802.6,102.11178301
1612962900000,45802.5,45802.5,45359.5,45498.3,46.76941774
1612963800000,45498.3,45802.1,45412.9,45756.5,47.27979621
1612964700000,45756.5,45866.4,45520,45619,30.83336454
1612965600000,45619,45960,45278.4,45836.8,52.49136706
1612966500000,45836.8,45887.8,44657.9,45374.3,67.4292879
1612967400000,45373.2,45411.6,44954.2,45206,71.08582049
1612968300000,45210.5,45383.1,44820.3,44941.2,70.66163171
1612969200000,44951.4,45179.2,44450,45011.9,180.21105197
1612970100000,45011.2,45203.6,44350,44445.9,118.61621737
1612971000000,44445.9,44623,44005.6,44041.1,91.24713017
1612971900000,44037.7,44392.5,43687.5,44330.2,132.67968521
1612972800000,44330.3,44555.3,43816.4,44535.3,85.29067562
1612973700000,44529.4,44720.6,44495.6,44656.7,65.77788543
1612974600000,44656.7,44702,44400,44618.4,60.4011816
1612975500000,44617,44863.1,44471.3,44746.3,47.24598137
1612976400000,44746.4,44764.6,44465,44554.9,31.34592535
1612977300000,44554.8,44784.8,44444.5,44784.8,43.62167895
1612978200000,44784.8,45009.8,44784.8,44990.6,50.99663014
1612979100000,44990.6,45057.8,44910.7,44975.1,27.39496694
1612980000000,44968.7,45152.3,44725.5,44898.3,54.26149488
1612980900000,44898.2,45167.7,44784.8,45005,58.06083531
1612981800000,45002,45079.9,44870.9,44890.3,26.23743325
1612982700000,44890.3,45149.5,44879.9,45090.3,25.99103513
1612983600000,45081.2,45186.6,44601,44777,35.39005128
1612984500000,44789.5,45023.6,44454.1,44678.2,58.13295565
1612985400000,44678.1,45195.7,44665.9,45167,30.07126604
1612986300000,45167,45232.2,45079.3,45196.5,25.84756024
1612987200000,45196.6,45236.1,45007.2,45055.6,30.67794536
1612988100000,45054.1,45061.2,44842.9,44890.1,18.25056767
1612989000000,44890.1,44938.7,44633.2,44645.4,25.38133288
1612989900000,44645.5,44736.3,44435,44567.4,31.71153409
1612990800000,44563.1,44734.3,44350,44533.1,35.19682514
1612991700000,44533.1,44775,44443.1,44631.7,22.87895667
1612992600000,44631.8,44830.3,44551.8,44789.2,33.49627987
1612993500000,44789.1,45021,44789.1,44991.6,30.04350229
1612994400000,44991.9,45084.5,44883.8,45077.7,15.51769294
1612995300000,45071.5,45323.4,45036.6,45166.5,41.28588491
1612996200000,45166.5,45201.5,45119.2,45201.5,18.04533602
1612997100000,45201.4,45207,45000.1,45198.3,19.3174877
1612998000000,45198.4,45198.4,44981.6,45137.1,18.97409427
1612998900000,45137,45181.3,45000,45112.2,21.39710619
1612999800000,45107.7,45309.2,45107.6,45174.3,26.29371611
1613000700000,45174.2,45174.2,44789.3,44812.2,44.46104209
1613001600000,44806.1,45063.7,44441.8,44461.6,52.60213224
1613002500000,44461.6,44843.2,44448.7,44801.7,41.2365442
1613003400000,44801.6,44973.9,44622,44652.7,29.58583675
1613004300000,44652.7,44655.7,44005.8,44257,92.88737482
1613005200000,44255.2,44362.9,44016.1,44207.2,41.35411724
1613006100000,44209.4,44387.5,44043,44387.4,47.92354302
1613007000000,44387.5,44498.2,44241.4,44458.5,21.65135586
1613007900000,44458.6,44539.9,44181.3,44181.5,19.63940745
1613008800000,44181.5,44687.5,44181.5,44662.1,30.98847885
1613009700000,44661.1,44674.2,44505,44509.4,122.90205632
1613010600000,44509.4,44714.7,44509.4,44650,49.55538663
1613011500000,44650,44829,44616.2,44746.3,33.46720401
1613012400000,44746.4,45016.3,44677.4,44905,23.89175575
1613013300000,44904.9,44999,44756.1,44873.8,39.69629039
1613014200000,44888,44896.3,44731,44731.1,16.6729079
1613015100000,44731.1,45660.3,44731,45434.4,66.01053568
1613016000000,45434.9,45753.8,44926.3,45036.8,57.7944178
1613016900000,45036.8,45062,44755.2,44904,44.40224839
1613017800000,44899.3,44904.1,44602,44664.9,39.77721463
1613018700000,44665,44767.1,44583.8,44706.7,27.71903717
1613019600000,44706.8,44958,44654,44678.1,40.3660784
1613020500000,44676.4,44860.9,44509.3,44595.8,26.51286342
1613021400000,44599.2,44918.1,44514.9,44832.7,20.43606092
1613022300000,44832.7,44896,44651,44651.3,15.9779623
1613023200000,44651.3,44816.5,44551,44749.9,22.05179852
1613024100000,44749.9,44911,44708,44715.6,20.26926164
1613025000000,44721.9,44826.4,44404,44512.8,23.46438396
1613025900000,44512.8,44609.6,44437.9,44566.3,17.10876519
1613026800000,44566.3,45120,44566.3,45066.7,40.35620493
1613027700000,45071.9,45100,44923.1,44952.9,25.11726328
1613028600000,44953,45045.6,44869.6,44876.9,21.11173166
1613029500000,44876.8,44961.6,44675.6,44722,18.28129413
1613030400000,44705.8,44883.8,44510.1,44558.2,29.62546029
1613031300000,44534,44720.7,44529.9,44720.7,20.93637651
1613032200000,44720.8,45064.6,44720.8,45064.6,18.0007169
1613033100000,45064.5,45100,44902.9,45014.3,24.34314043
1613034000000,45014.4,45100,44809.6,44909,22.87323749
1613034900000,44908.4,45036.9,44907.8,45025.9,20.17515458
1613035800000,45025.9,45181.9,44963.3,45138.6,24.30108245
1613036700000,45129.8,45593.9,45129.7,45497.4,38.91433068
1613037600000,45498.6,45697.8,45420.1,45429.5,24.39322341
1613038500000,45429.5,45585,45352,45403.7,18.70736357
1613039400000,45404.1,45930.3,45371.6,45904.7,24.22628738
1613040300000,45904.7,46360.4,45904.7,46285.5,52.72021004
1613041200000,46275.5,46438.4,46088.5,46241.7,33.07000138
1613042100000,46241.7,46295.9,46129.1,46259.7,16.28092561
1613043000000,46259.7,46269.5,46124.3,46200,22.93938987
1613043900000,46200,46537.5,45854.7,46053.7,49.70006699
1613044800000,46053.1,46611.6,46053.1,46368.9,37.85166948
1613045700000,46362.9,46433.6,46253.4,46320.9,19.56016873
1613046600000,46321,46477.3,46267.9,46431.4,23.3581135
1613047500000,46431.4,46541.3,46275.7,46507.6,27.44453289
1613048400000,46507.7,47369.2,46507.7,47314,44.1591475
1613049300000,47314.6,48366.7,47233.8,48042.2,185.82162942
1613050200000,48042.7,48271.8,47500,47833,129.55421523
1613051100000,47832.7,47859.5,47347.5,47521,55.77689828
1613052000000,47521,47723.6,47250,47392,54.27324674
1613052900000,47390.2,47776.8,47376.9,47648.3,57.60312501
1613053800000,47648.3,48000,47648.3,47903.1,49.41707923
1613054700000,47912.1,48109.1,47790.1,47860.3,34.2734443
1613055600000,47860.4,48171,47572,47677.4,76.61861577
1613056500000,47691.4,48082.9,47691.4,47816.4,45.10114183
1613057400000,47838.1,47998,47727.3,47782.8,26.91508327
1613058300000,47782.9,48123.3,47782.9,47958.6,35.69110991
1613059200000,47958.7,48289.8,47692,47829.2,69.59369533
1613060100000,47828.6,48050,47728,47792.9,36.12976157
1613061000000,47797,47861.6,47513.6,47556,42.83764559
1613061900000,47556.1,47702.7,47365.3,47598.2,29.88454276
1613062800000,47597.1,47664.6,46953.4,47070.6,69.19490925
1613063700000,47070.6,47357,47000.3,47322.7,40.91734059
1613064600000,47314.4,47349.9,47097.5,47288.5,38.98293821
1613065500000,47288.6,47450,47209.6,47360,25.32770625
1613066400000,47362,47666,47350,47577.8,48.74290679
1613067300000,47577.8,47887.5,47526.6,47883.7,30.60860258
1613068200000,47883.5,48000,47679.4,47714.6,31.75260699
1613069100000,47714.7,47784.3,47550.7,47658.1,28.06580276
1613070000000,47658.2,47851.7,47539.6,47811.5,28.66877171
1613070900000,47811.5,47985.2,47811.4,47938.5,22.37418997
1613071800000,47937.1,48025.2,47710.3,48008.9,33.74755701
1613072700000,48008.9,48035.7,47723.6,47769.3,31.25630319
1613073600000,47769.3,47950.8,47601.1,47911.9,42.74413056
1613074500000,47911.9,48647.6,47897.2,48584,78.21048246
1613075400000,48584,48594.4,48266.7,48377.9,62.93690606
1613076300000,48377.9,48398.7,47008.9,47038.3,172.93884559
1613077200000,47038.3,47350,47018.3,47229,58.99061226
1613078100000,47228.9,47293,46571,46956.9,108.18594368
1613079000000,46956.9,47100,46700,46759.7,70.04324778
1613079900000,46744.1,46931.1,46744.1,46880.1,32.83174953
1613080800000,46880.1,47225.5,46868.2,47150.8,32.09233342
1613081700000,47150.8,47375,47105,47260.3,21.92478202
1613082600000,47260.4,47484.4,47260.4,47470.7,19.62134609
1613083500000,47470.7,47726.4,47369.7,47725.9,30.28752944
1613084400000,47726,47929.4,47586.5,47813.9,39.32120031
1613085300000,47813.9,47899.9,47670.5,47710.9,42.21902247
1613086200000,47699.6,47983.4,47670.5,47815.8,31.72321217
1613087100000,47815.9,48074.7,47669.8,47941.5,58.32450853
1613088000000,47963.1,48950,47898.8,48433.1,107.33671066
1613088900000,48433.1,48958.8,48171.4,48458.6,101.65859222
1613089800000,48452.3,48703.2,48357.8,48584.3,31.76408059
1613090700000,48574.3,48605.4,47839.1,47992.6,94.23142031
1613091600000,47992.6,48212.4,47750,48212.4,45.61182165
1613092500000,48212.5,48273,47874.4,48064.8,25.32245511
1613093400000,48064.9,48366.7,48064.9,48366.7,29.60136029
1613094300000,48366.7,48530.8,48280.2,48480.3,53.16626365
1613095200000,48480.3,48480.3,48153,48177.1,31.12503656
1613096100000,48177.1,48409.3,48045.1,48056.1,27.78997213
1613097000000,48056.1,48124.1,47894.4,47961.3,32.63365399
1613097900000,47961.3,47961.3,47750,47942.4,34.44544001
1613098800000,47942.4,47946.5,47682.2,47864.4,25.31432596
1613099700000,47862.8,47981.3,47628.1,47852.9,20.23031171
1613100600000,47848.7,47882.3,47403.5,47555.9,31.4013518
1613101500000,47565.4,47709,47435.3,47589,22.99285239
1613102400000,47589,47589,47195.4,47375.6,62.6250249
1613103300000,47375.6,47375.6,46904.2,47273.3,68.56777727
1613104200000,47272.1,47364.6,46904.5,47219.9,54.36098431
1613105100000,47208.2,47360,46977.4,47280.4,32.61242013
1613106000000,47279.1,47521.4,47092.4,47359.3,48.299337
1613106900000,47359.3,47442,47171.2,47409.7,30.7468499
1613107800000,47405.1,47472.3,47202.8,47433.1,24.35533963
1613108700000,47418.3,47461.8,47244.4,47257,14.41436026
1613109600000,47247.9,47247.9,46753.6,46841.1,51.39120143
1613110500000,46841,47396.4,46795.9,47387.4,31.46731105
1613111400000,47387.5,47541.6,47254.9,47448,19.72898384
1613112300000,47447.9,47520.5,47329.6,47382,12.86230318
1613113200000,47382.1,47382.5,47039.8,47144.7,16.99562563
1613114100000,47144.7,47249.7,47030.3,47030.3,25.57665938
1613115000000,47030.3,47444.6,46912.1,47360.9,26.98776208
1613115900000,47357.5,47465.9,47151.8,47325,19.71835542
1613116800000,47325,47471,47177.4,47254.7,24.46729613
1613117700000,47254.8,47693.2,47225.9,47616.5,23.67618611
1613118600000,47616.6,47639.2,47363.6,47466,20.17246184
1613119500000,47466,47466,47087.1,47108,23.80281633
1613120400000,47117.5,47332,47043.2,47183.9,20.02819606
1613121300000,47183.9,47252.8,47034.7,47221,17.96649017
1613122200000,47221,47391,47122.6,47311.7,15.0266639
1613123100000,47312.3,47391,47141.5,47350,15.444144
1613124000000,47348.7,47453.7,47340.1,47392.1,15.75634414
1613124900000,47389.4,47700.2,47367.8,47591.6,26.05509135
1613125800000,47591.5,47600.5,47470,47595.3,18.95967415
1613126700000,47568.3,47605.3,47355.6,47379.3,20.73659315
1613127600000,47379.3,47492.5,47347.8,47410.9,15.91794724
1613128500000,47410.9,47852.6,47277.2,47852.6,20.55649931
1613129400000,47852.6,47963,47656.6,47720.5,27.28148306
1613130300000,47720.5,47720.5,47564.8,47568.5,9.89646743
1613131200000,47568.5,47734.9,47331.5,47517.8,25.6189355
1613132100000,47517.7,47721.2,47460.8,47702.7,18.65038079
1613133000000,47702.7,47955,47702.7,47810.6,27.63877514
1613133900000,47811.2,47851.8,47640.1,47682.5,18.55900642
1613134800000,47682.4,48103.1,47657.5,48081.6,32.70627096
1613135700000,48080.8,48116.4,47648.9,47819.8,31.17663846
1613136600000,47819.8,47899.9,47774.6,47833.7,25.6736876
1613137500000,47833.6,48074.6,47809.7,47870.8,26.3656185
1613138400000,47874.2,47883.6,47570.9,47737.3,28.5328598
1613139300000,47737.2,47761.2,47315.9,47396.1,21.30373815
1613140200000,47387.1,47430.2,46330.8,46701.9,139.95983483
1613141100000,46699.4,46699.4,46181.2,46562.2,100.79777597
1613142000000,46562.2,46907.3,46540.4,46907.3,59.37827262
1613142900000,46907.2,46988.9,46774.3,46988.8,33.37201053
1613143800000,46988.8,47129.9,46795.1,47084.4,41.15387688
1613144700000,47084.3,47149.7,46980.2,47025.4,38.06152731
1613145600000,47025.4,47255.3,47008.9,47253.7,39.3905448
1613146500000,47250.3,47817.2,47216.1,47776.9,45.28997867
1613147400000,47786.7,47954.3,47541.4,47543.4,44.28957757
1613148300000,47543.3,47684.1,47543.3,47601.8,19.70871198
1613149200000,47601.8,47675.1,47391.6,47556.1,42.14554118
1613150100000,47556.1,47847,47556.1,47721.2,21.14585408
1613151000000,47721.3,47755.9,47471.1,47675.7,25.45522417
1613151900000,47675.7,47886.8,47654.8,47711.6,25.35766198
1613152800000,47711.6,47779.2,47576.5,47728.9,24.16953666
1613153700000,47725.8,47796.3,47085.2,47350.3,49.75519788
1613154600000,47352.2,47464.4,47020,47255.4,38.7817501
1613155500000,47255.5,47385.1,46947.6,47271.1,50.87204242
1613156400000,47276.8,47385.4,47169.9,47170,17.68986299
1613157300000,47169.9,47332.5,47169.9,47299.9,34.3939421
1613158200000,47307.7,47451.9,47218.1,47260.2,21.05621209
1613159100000,47257.2,47324.3,47093.1,47273.1,23.60748978
1613160000000,47273.2,47384.7,47243.3,47311.6,24.03224771
1613160900000,47311.6,47368.8,47105.1,47320.5,24.73295596
1613161800000,47320.6,47561.6,47293.3,47496.8,28.51132246
1613162700000,47496.9,47652.5,47494.5,47585.6,30.70215536
1613163600000,47585.6,47774.2,47559.3,47628.8,36.14255321
1613164500000,47628.8,47780,47578.7,47682.7,45.00297067
1613165400000,47683,48128.9,47683,47811.4,59.77581089
1613166300000,47811.5,47939,47696.6,47877.5,53.07992422
1613167200000,47877.5,47936,47757.5,47757.6,19.84856895
1613168100000,47757.6,47832.3,47681.2,47730.4,30.7418558
1613169000000,47730.4,47811.6,47550,47741.1,49.88283676
1613169900000,47741.1,47851.9,47650,47840.7,26.09223387
1613170800000,47840.7,47855,47500,47695.5,37.71841622
1613171700000,47695.5,47697.4,47421.4,47541.5,66.83667508
1613172600000,47546,47561.9,47123,47364.7,40.31271147
1613173500000,47364.6,47545.2,47300,47310.7,19.46644584
1613174400000,47305.4,47519.5,47169,47461.5,65.99136799
1613175300000,47454,47475.7,47175.6,47259.9,73.210216
1613176200000,47260.8,47551.2,47234.7,47430,34.67242727
1613177100000,47447.3,47537.6,47391.8,47462,22.64053992
1613178000000,47462,47809.8,47421.5,47669.7,31.23454453
1613178900000,47669.7,47752.2,47631.1,47659.8,19.0411853
1613179800000,47659.8,47702.7,47609.9,47641,10.76581204
1613180700000,47641,47796.9,47594.1,47628.1,34.40050309
1613181600000,47628.1,47686.9,47558.2,47607.6,11.23672324
1613182500000,47607.6,47622.9,47529.9,47587.3,15.29084609
1613183400000,47590,47797.9,47576.4,47797.9,17.34387255
1613184300000,47799.8,47912.8,47795.4,47836.4,52.73742086
1613185200000,47836.5,48120.5,47801,47943.3,40.2293138
1613186100000,47943.3,47949.1,47825.8,47861.1,22.37769316
1613187000000,47861.2,47863.7,47713.2,47796.1,25.74422698
1613187900000,47784,47844.3,47723.6,47828.2,19.4613428
1613188800000,47828.1,47892.8,47619,47697.9,43.41506773
1613189700000,47701.3,47832.4,47694.7,47698,12.16008081
1613190600000,47698.1,47784.5,47611.5,47760.6,16.15501441
1613191500000,47760.7,47913.5,47760.7,47913.5,16.28909846
1613192400000,47912.8,47913.8,47691.5,47756.7,10.58666673
1613193300000,47756.7,47827.9,47459.6,47476.8,30.78878658
1613194200000,47476.8,47750.9,47395.1,47744.7,22.77182184
1613195100000,47744.6,47919.9,47690.3,47877.4,11.41404989
1613196000000,47877.8,47916.9,47663.9,47677.9,21.96452163
1613196900000,47677.9,47745,47556.9,47633.3,13.08595991
1613197800000,47627.8,47662.9,47490.3,47618.3,23.08104565
1613198700000,47629.7,47758.1,47618.8,47727.2,8.58380957
1613199600000,47727.3,47782,47494.2,47494.3,14.64599756
1613200500000,47494.3,47585.6,47436.5,47550.1,13.54825099
1613201400000,47550.1,47584.9,47133.7,47344.6,31.51493755
1613202300000,47336.6,47359.5,47003.2,47005,29.45617397
1613203200000,47005.1,47304,46601.1,47232.4,76.62288822
1613204100000,47232.5,47411.4,47109.3,47370.8,20.59290549
1613205000000,47370.9,47494,47263.5,47484.5,11.56633295
1613205900000,47491.6,47491.6,47365.7,47446.2,13.39443238
1613206800000,47446.1,47470.6,47304.2,47415.7,22.83651636
1613207700000,47415.7,47567,47374.3,47374.5,15.83693708
1613208600000,47374.5,47482.2,47132.4,47260.2,15.41516309
1613209500000,47260.1,47330.9,47070.8,47205.3,21.18393243
1613210400000,47205.2,47241.2,47057.3,47126.2,16.22753794
1613211300000,47126.3,47196.9,46945.8,47108.6,25.17006606
1613212200000,47108.7,47194.4,46993.6,47001.5,21.32181135
1613213100000,47001.5,47241.1,46668.7,46696.6,41.81495153
1613214000000,46701.4,46814.6,46254.2,46582.7,98.86611341
1613214900000,46592.9,46897.3,46468.4,46697.2,54.88077342
1613215800000,46701.8,46959.7,46590.1,46741.7,66.84151946
1613216700000,46742.3,46749.9,46292.3,46591.7,60.45520363
1613217600000,46591.6,46810,46225.5,46762.9,46.34566401
1613218500000,46762.8,47200,46762.8,47181.1,42.73937124
1613219400000,47181.2,47199.9,46844.5,46914.2,22.79476511
1613220300000,46914.2,47024.9,46844.4,46890.9,18.39325123
1613221200000,46890.9,46994.1,46573.8,46771.7,50.07696171
1613222100000,46762.7,46988.6,46650,46910.9,37.24044791
1613223000000,46914.2,47141.7,46838.2,47026.3,28.05247695
1613223900000,47026.2,47103.2,46886.1,46965.9,16.49004845
1613224800000,46965.8,46968.5,46753.6,46785.5,19.44058558
1613225700000,46785.5,46959.4,46662.7,46792.5,25.09651295
1613226600000,46792.7,46897.3,46670.7,46767.5,16.19471585
1613227500000,46767.5,47031.5,46672,46948.9,24.64882261
1613228400000,46948.9,47310.3,46891.2,47135,25.44398229
1613229300000,47146.6,47170.3,46931.6,47005.9,29.43753338
1613230200000,47005.9,47237.8,46930.2,47178.9,28.18695864
1613231100000,47179,47285.1,47076.1,47097.3,18.6726589
1613232000000,47083.7,47215.1,46963.8,47177.9,21.93627737
1613232900000,47181.8,47370.9,47035.6,47053,58.1877751
1613233800000,47062.5,47100,46880.5,47083.1,33.10452247
1613234700000,47091.5,47290.5,47090.1,47140.7,22.83914821
1613235600000,47140.7,47165.9,46904.5,46961.5,40.03027462
1613236500000,46956.2,47100,46833.1,47053,33.34727041
1613237400000,47053.1,47173.8,46896.8,46896.8,23.54741287
1613238300000,46896.8,47020.9,46749.8,46848.9,33.46310773
1613239200000,46840.6,47005,46749.1,46908.5,31.09781713
1613240100000,46908.6,46994.5,46850.6,46916.5,29.03147067
1613241000000,46916.5,47018.4,46800,46870.9,22.74527562
1613241900000,46864.1,46945,46761.9,46795.1,47.14772394
1613242800000,46795.1,46912.1,46692.2,46880.7,27.99182892
1613243700000,46880.7,47079.9,46843,47014.7,23.37709456
1613244600000,47014.2,47059.7,46846.6,46893,24.608838
1613245500000,46893,46925.4,46804.5,46873.8,11.78269937
1613246400000,46866.7,46922.4,46663.5,46727.5,18.34704649
1613247300000,46727.6,46803.8,46687,46764.7,34.68110356
1613248200000,46764.6,46832.4,46731,46795,15.02072716
1613249100000,46795,46950,46731.1,46929.9,33.5397895
1613250000000,46929.8,47003.2,46829.3,46864.6,21.52898096
1613250900000,46864.6,46930.8,46755.5,46763.7,14.9383882
1613251800000,46763.7,46920,46704.7,46919.9,18.66607298
1613252700000,46919.9,47400,46919.9,47140.5,40.84163233
1613253600000,47130,47264.6,47123.3,47123.3,39.03439963
1613254500000,47123.3,47150,46939,46939,31.29773662
1613255400000,46938.8,47061.1,46875,46987.2,18.48644373
1613256300000,46987.2,47167.4,46965.9,47061.2,20.57948586
1613257200000,47061.2,47300,47061.1,47235.8,29.98728163
1613258100000,47237.8,47300,47136.9,47165.3,21.44059898
1613259000000,47159.8,47227.7,47088.2,47131.4,17.54726695
1613259900000,47131.3,47179.3,47017.1,47152.6,32.69556551
1613260800000,47152.5,47579.5,47026.3,47546.2,32.05202965
1613261700000,47553.1,47608,47451,47485.3,45.3968173
1613262600000,47485.4,47689.4,47354.9,47564.6,39.70151177
1613263500000,47564.7,47645.6,47531.1,47602.5,15.74093793
1613264400000,47595.5,47709.3,47510,47510.9,28.6926657
1613265300000,47510.9,47656.4,47510.9,47542.2,23.80416097
1613266200000,47542.2,47673.6,47454.1,47488.8,21.03031632
1613267100000,47488.8,47531.3,47242.2,47458.1,39.46832029
1613268000000,47464.9,47619.1,47464.9,47587.2,11.18813958
1613268900000,47578.9,47578.9,47307.5,47346.3,19.40102557
1613269800000,47354.4,47520,47329.6,47456.5,36.45574155
1613270700000,47466,47566.7,47346.8,47376.8,23.37209507
1613271600000,47376.8,47478.5,47327.4,47392.9,21.68638118
1613272500000,47392.8,47474.9,47374.9,47460.6,14.87702706
1613273400000,47461.3,47498,47364.6,47420.3,18.86039463
1613274300000,47420.4,47441.3,47215.1,47271.1,33.95895159
1613275200000,47271.2,47461,47231.2,47392.9,29.73441126
1613276100000,47392.8,47426.1,47259.9,47306.7,17.53559161
1613277000000,47306.8,47643.6,47306.8,47590.9,12.59011442
1613277900000,47590.9,47599.6,47475.7,47551.5,24.02817519
1613278800000,47551.4,47606.1,47495.4,47597,6.34584556
1613279700000,47597,48003.3,47561.5,47972.3,51.11161481
1613280600000,47972.4,48191.7,47796.4,48009.8,90.89701155
1613281500000,48009.8,48950,47975.4,48914.7,122.73139941
1613282400000,48920,49400,48919.9,49217.6,85.92338267
1613283300000,49208.6,49318.8,48600,48814.9,93.33539509
1613284200000,48799.9,49073.4,48527.6,48623.6,123.38232574
1613285100000,48625.7,48961.6,48585.7,48757.4,44.50959796
1613286000000,48757.5,49028.5,48552.3,48689.1,54.9333486
1613286900000,48688.8,48800,48669.9,48755.9,18.66144655
1613287800000,48755.8,49090.4,48729.9,48821.7,27.71808721
1613288700000,48813.1,48840.1,48600,48743.9,30.03809755
1613289600000,48738.3,48879.6,48677.8,48876.1,17.85962904
1613290500000,48869,48997.5,48766.5,48809.8,27.80603703
1613291400000,48809.9,48842.6,48625,48625,19.07803044
1613292300000,48622.5,48703.2,48421.8,48703.2,19.90628121
1613293200000,48703.1,48883.7,48614.6,48883.7,31.99148802
1613294100000,48883.7,48971,48619.5,48878.5,37.92848559
1613295000000,48878.5,48990.3,48878.4,48908.7,15.44659146
1613295900000,48908.8,49171.1,48650,49117.5,94.12971251
1613296800000,49117.4,49190.1,48652.4,49050.6,86.42940111
1613297700000,49050.6,49331,49050.5,49251.2,27.78313447
1613298600000,49251.2,49330.7,49062.4,49118.8,30.435591
1613299500000,49118.9,49232.1,48976,49025.2,19.88983374
1613300400000,49025.1,49068.1,48766.2,48866,26.84296597
1613301300000,48873.7,49019.8,48842.4,48936.2,18.18576333
1613302200000,48936.2,49042.3,48804.2,48976.9,11.95325555
1613303100000,48976.9,49140,48953.7,49048,18.10089225
1613304000000,49060.8,49637.6,49027,49587.4,48.37290806
1613304900000,49587.4,49686.9,49269.5,49355.7,55.76241896
1613305800000,49355.7,49441.1,49150,49354.8,27.330382
1613306700000,49355.1,49576.8,49214.7,49440.8,30.17164079
1613307600000,49440.8,49569.7,49333.2,49378.9,18.53226829
1613308500000,49383.1,49383.1,49091.8,49261,21.58819094
1613309400000,49261,49312.4,48904.9,49014.5,49.4028151
1613310300000,49014.5,49105.4,48554.2,48749.9,72.17454232
1613311200000,48750,48958.7,48749.9,48824,33.21335982
1613312100000,48824,49019.6,48757.9,48949.6,50.0186116
1613313000000,48926.2,49063.7,48825.5,48913.7,66.29346422
1613313900000,48913.7,48918.7,48464.7,48775,74.45905112
1613314800000,48775,48931.9,48626.9,48674.4,44.15286009
1613315700000,48677.8,48799.4,48150,48270,61.33854428
1613316600000,48269.9,48571.4,48100,48526.8,71.31083904
1613317500000,48526.8,48565,48310.3,48550,34.21251305
1613318400000,48550.1,48753.8,48428.9,48711.8,50.62745428
1613319300000,48711.9,48821.8,48647.2,48703.1,24.4900929
1613320200000,48703.1,48846,48698.6,48800.2,38.67402579
1613321100000,48800.2,49066.3,48769.1,49006.5,29.71921417
1613322000000,49006.5,49182.2,48800.8,48883.6,53.39032237
1613322900000,48899.2,48974.5,48811.6,48941.6,17.06294298
1613323800000,48941.5,49049.5,48794.5,48905,19.5376245
1613324700000,48904.9,48938.6,48599.6,48625.2,22.12875058
1613325600000,48624.3,48798.4,48519,48765.2,28.52877134
1613326500000,48765.1,48811.9,48625.2,48728.6,19.03170486
1613327400000,48720,48720,48397.8,48471.7,35.55679544
1613328300000,48470.3,48791.1,48423.1,48728.5,23.41042869
1613329200000,48728.6,48937.9,48621.1,48805.6,22.45139358
1613330100000,48805.6,48825,48456.6,48509.7,23.08461406
1613331000000,48509.6,48715.2,48465.9,48693.6,20.34574657
1613331900000,48693.5,48910.6,48661.8,48703.3,37.21601606
1613332800000,48703.3,49012.9,48607.6,48860.7,43.07235146
1613333700000,48860.6,48929.2,48767.3,48801.2,15.05557898
1613334600000,48799.5,49042.9,48760.5,49004,36.45620506
1613335500000,48980.7,49031.2,48861,48929.1,22.08240097
1613336400000,48929.2,48937,48776.9,48875.3,15.09831881
1613337300000,48875.3,49051.3,48823.9,48965.2,23.19500694
1613338200000,48965.2,48965.2,48833.7,48925.8,8.50962604
1613339100000,48925.8,48964.8,48808.5,48826.4,11.45485023
1613340000000,48817.8,48903.1,48710.9,48886.1,15.76133877
1613340900000,48895,49288.4,48895,49207.8,18.97611763
1613341800000,49208.3,49234.6,49090.7,49099.6,13.24773242
1613342700000,49099.7,49168.5,49024.3,49024.3,12.15523964
1613343600000,49024.3,49061.3,48885,48972,21.17296592
1613344500000,48975.7,49109.5,48896.5,48945.7,31.8225795
1613345400000,48951.3,48958.1,48532.8,48766.1,63.86285913
1613346300000,48765.8,48804.9,48571.4,48591.9,21.02612309
1613347200000,48587.2,48786.5,48446.6,48730.4,54.06098551
1613348100000,48730.5,48756.8,48660,48677.5,38.0817813
1613349000000,48677.6,49003.6,48584.2,48872.8,34.49506316
1613349900000,48867.8,48923.9,48749.9,48749.9,14.53926671
1613350800000,48750,48806.1,48330.1,48431.5,61.41623416
1613351700000,48424.1,48453.1,48038.2,48233,96.55551394
1613352600000,48233,48279.8,47664.1,47969.9,147.76480021
1613353500000,47970,48200,47836.9,48008.1,67.20588904
1613354400000,48008,48560,47551.2,47571.2,156.64626977
1613355300000,47571.1,47989.3,42841.6,46006.9,442.63372317
1613356200000,46006.9,46693.8,44699.3,46693.7,152.76222413
1613357100000,46693.7,47058,46576.4,46750.2,93.4021384
1613358000000,46750.2,47330.7,46500,46971.3,102.46620829
1613358900000,46974.9,47272.1,46888,47250.6,50.21595223
1613359800000,47246,47248.8,46825.6,46855.2,45.66472031
1613360700000,46855.3,47258.4,46855.2,47128.7,61.67484023
1613361600000,47128.7,47204.7,46399.9,46498.3,120.58687981
1613362500000,46487.5,46864.6,46486.5,46660.8,40.37223856
1613363400000,46650.1,46712,46218.8,46514.6,54.69800696
1613364300000,46514.7,46926.3,46514.7,46873,48.33594902
1613365200000,46873,47007,46731.8,46861,38.08599985
1613366100000,46861,46901,46572.8,46581.9,32.09656762
1613367000000,46581.3,46746,46409.7,46636,44.87217413
1613367900000,46634.6,46822,46533.8,46744.5,28.03977642
1613368800000,46733.2,47100,46699.8,46968,38.63217713
1613369700000,46974.3,47100,46931.2,47015.3,48.0998037
1613370600000,47019,47133,46882.4,46893.1,16.00060974
1613371500000,46893,47028.1,46878.2,46883.9,17.03321796
1613372400000,46883.9,47334.7,46835.8,47273.4,28.22898329
1613373300000,47273.4,47413.3,47163,47266.1,27.43688035
1613374200000,47266.1,47386.4,47185.9,47320.3,15.27794283
1613375100000,47320.4,47359,47219.8,47267.2,13.27085605
1613376000000,47267.2,47538.8,47128.5,47310.9,33.81589398
1613376900000,47311,47542.4,47311,47426.7,23.01243592
1613377800000,47431.9,47588,47424.3,47453.9,12.18639958
1613378700000,47453.8,47759.8,47443.7,47602.4,28.17216859
1613379600000,47600.7,47719.7,47461.9,47690.7,24.92210971
1613380500000,47690.7,47690.7,47418,47574.7,13.00681453
1613381400000,47574.7,47585,47144.3,47315.2,24.60273844
1613382300000,47308.1,47560.8,47308.1,47506.8,13.87288619
1613383200000,47506.9,47577,47321,47364,13.61811338
1613384100000,47364,47640,47339.8,47581.5,17.54091548
1613385000000,47581.6,47660,47479.5,47499.5,12.2000795
1613385900000,47499.5,47874.7,47482.8,47846.6,38.6481855
1613386800000,47846.6,47868.2,47668.7,47712.7,22.45679173
1613387700000,47701.7,47999,47613,47964,28.20329336
1613388600000,47964,47964,47807.6,47872.6,25.30002427
1613389500000,47874.5,47982.4,47755.1,47789.4,21.70406076
1613390400000,47796.8,47873.1,47563.2,47632,25.50139931
1613391300000,47627.5,47695.8,47539.6,47661.6,24.20951306
1613392200000,47666,47684.4,47444.6,47597.4,19.77140363
1613393100000,47596.5,48055.8,47567.3,47958,34.71150399
1613394000000,47958.1,48213.4,47951.3,48209.6,31.97457284
1613394900000,48209.6,48216.8,48014.3,48043.9,24.15563253
1613395800000,48044,48072.5,47812.8,48044.8,21.60615316
1613396700000,48044.8,48044.8,47883.8,47958,14.51886598
1613397600000,47958,48154.7,47920.3,47948.2,18.81727974
1613398500000,47948.3,48012.1,47723.7,47830.9,30.94978664
1613399400000,47830.8,47876.6,47593.4,47730.6,28.19351089
1613400300000,47724.9,47829.1,47478.7,47562.1,22.07623723
1613401200000,47557.6,47825.6,47546.5,47731.5,28.97153639
1613402100000,47731.5,47863.5,47603,47812.9,26.32092888
1613403000000,47812.8,47909.4,47759.5,47907.7,16.3546516
1613403900000,47906.6,47993,47862.9,47953.3,17.81649403
1613404800000,47953.2,48188.8,47949.3,48126.8,32.829497
1613405700000,48126.8,48554.8,48116.8,48456.7,54.45902422
1613406600000,48456.7,48545.9,48344.7,48378.3,28.78945236
1613407500000,48378.2,48518.3,48312.6,48503,18.31974143
1613408400000,48498.8,48761.1,48498.8,48591.5,67.59924202
1613409300000,48585.2,48787.7,48550.9,48680,24.27514163
1613410200000,48680,48765.4,48503.9,48582.9,33.14285831
1613411100000,48582.8,48658.7,48413.2,48562.4,24.18790134
1613412000000,48564.3,48688.2,48507.5,48507.6,20.33917631
1613412900000,48507.6,48601.6,48415.7,48420.9,29.59755951
1613413800000,48420.9,48562.9,48420.9,48473.8,12.20100235
1613414700000,48473.7,48552,48353.3,48353.4,20.84015083
1613415600000,48353.4,48658.4,48353.4,48603.2,17.01358951
1613416500000,48603.1,48656,48470.6,48496,13.30161506
1613417400000,48496,48630.8,48448,48555.1,12.57560285
1613418300000,48555,48727.9,48454.9,48649.1,25.27226204
1613419200000,48649.1,48731.2,48565.3,48569.2,15.7019234
1613420100000,48569.2,48781.6,48569.2,48698.5,16.13551328
1613421000000,48698.6,48728.4,48600.6,48645.2,20.12639115
1613421900000,48645.2,48734,48467.5,48576.4,26.99926892
1613422800000,48576.3,48749.4,48570.4,48582.3,16.53999241
1613423700000,48582.4,48606,48216.2,48374.6,53.86406547
1613424600000,48372.7,48587.2,48367.3,48434.2,39.03635083
1613425500000,48434.2,48508.7,48133.9,48182.8,49.69548764
1613426400000,48149.8,48218,47600,48109.8,91.65841166
1613427300000,48111,48251.9,47845.1,47876.7,39.72150923
1613428200000,47876.8,48232.2,47876.8,48080,29.79529105
1613429100000,48088.4,48336.4,48088.4,48280.6,27.65303329
1613430000000,48280.7,48420.3,48199.1,48366.1,31.96377606
1613430900000,48366,48378.8,48178,48291.6,32.59788662
1613431800000,48289.1,48350,48015,48036.9,38.86610556
1613432700000,48036.8,48036.9,47816,47904.4,40.01973544
1613433600000,47913.1,47945,47418.1,47608.6,64.64165339
1613434500000,47608.6,47789.5,47383.1,47637.5,51.6637526
1613435400000,47637.4,47680.6,47023.9,47583.1,72.00685136
1613436300000,47583,47762.8,47568.6,47691,29.78365225
1613437200000,47672,47789.2,47618.5,47666,23.47706312
1613438100000,47666.1,48269.9,47615.6,48183.8,60.87903696
1613439000000,48183.8,48244,48000.1,48138.8,33.88505571
1613439900000,48138.9,48309.2,48045,48300.1,15.20786052
1613440800000,48300.2,48414.4,48171.6,48388.5,34.36833507
1613441700000,48388.4,48543.2,48349,48474.6,44.78455139
1613442600000,48475,48496.7,48311.6,48398.8,25.16844299
1613443500000,48398.7,48666.5,48376,48433.7,21.48580015
1613444400000,48433.8,48591.5,48415.4,48567.9,20.09814289
1613445300000,48567.9,49388,48567.8,49297.4,98.84534808
1613446200000,49304.6,49639.9,49290.2,49331.5,73.31423235
1613447100000,49331.5,49624.9,49174,49615.9,44.19680878
1613448000000,49611.9,49633.5,49307.3,49603.1,47.35091827
1613448900000,49603.2,49999,49250.9,49513.2,113.99539709
1613449800000,49513.3,49710,49365.5,49388.5,37.40239737
1613450700000,49388.6,49446.7,49101,49372.6,69.80760406
1613451600000,49366.2,49500,49064.8,49375.2,49.39001458
1613452500000,49375.2,49422.8,49180,49236.7,22.67954263
1613453400000,49244.8,49300,48983.5,49271.2,24.11187436
1613454300000,49271.2,49271.3,49055.1,49178.8,28.47190692
1613455200000,49178.8,49224.2,49014.1,49148.7,20.00378799
1613456100000,49148.6,49148.6,48570.7,48748.1,50.84504185
1613457000000,48741.8,49027.4,48700,48883.7,21.61159217
1613457900000,48883.5,49048.7,48868.9,49026,10.70398417
1613458800000,49026,49224,48848.5,49025.1,23.32764966
1613459700000,49025.1,49025.1,48669.6,48746,43.4775374
1613460600000,48739.9,49067.3,48615,48970.3,33.93634247
1613461500000,48963.3,49299.1,48926.4,49166.8,26.48333194
1613462400000,49166.7,49317.7,48942.2,48999.7,29.12187002
1613463300000,48999.7,49195.2,48885.8,49117.3,18.09897761
1613464200000,49117.3,49161.2,48982.9,49112.5,21.87039351
1613465100000,49112.6,49281.2,48986.8,49281.2,15.63747532
1613466000000,49281.2,49290.4,49020.3,49090.4,15.4323415
1613466900000,49090.4,49131.5,48773.6,49010.2,51.8178877
1613467800000,49004.5,49082.7,48928,49082.7,14.52754119
1613468700000,49082.7,49313.9,49052.4,49275.1,20.63816016
1613469600000,49275,49317.4,49100,49234.7,10.85188138
1613470500000,49234.7,49234.7,49033.4,49132.2,11.53843745
1613471400000,49123.4,49200,48766.4,48949.4,23.57356417
1613472300000,48948.6,49065.9,48886.2,49016.1,10.05913173
1613473200000,49016.1,49062.6,48701,48878.8,21.02480131
1613474100000,48878.8,48954,48787.7,48934.4,11.06339323
1613475000000,48934.5,49103.4,48861.4,48969.9,15.05473308
1613475900000,48970,49080.7,48878.7,48909.9,12.17685786
1613476800000,48911.4,49571.3,48418,49393.7,80.67474187
1613477700000,49393.6,49999.9,49258.9,49940.6,96.86060116
1613478600000,49939.7,50619.3,48526.2,49574.9,243.24719044
1613479500000,49574.9,50036.1,49339.8,49653,70.8846474
1613480400000,49653,49800,49195.8,49429.3,46.31714657
1613481300000,49429.4,49646.9,49400,49465,26.39425433
1613482200000,49465,49465.1,48943.3,49097.8,65.15832416
1613483100000,49097.8,49270.3,48875.8,48960.4,53.65133718
1613484000000,48961.4,49000,48711.3,48818.1,48.63906413
1613484900000,48818.1,49270.3,48752.6,49262.8,40.21430579
1613485800000,49266.4,49406.7,49105.7,49380.9,21.30862331
1613486700000,49380.9,49457,49230,49276.2,42.38826602
1613487600000,49288.7,49384.7,49250.1,49353.7,20.57852002
1613488500000,49356.2,49511.4,49245.1,49291.8,30.77124044
1613489400000,49291.8,49329.2,49000,49217,29.47610627
1613490300000,49217,49234,48944.6,48962.6,24.91733449
1613491200000,48962.6,49277.8,48962.6,49099.3,35.1444203
1613492100000,49099.4,49120.3,48596.3,48665.2,43.00021914
1613493000000,48664.1,48909.6,48627.1,48808,41.29785728
1613493900000,48808.1,48808.1,48084.8,48194.4,82.77905037
1613494800000,48162.8,48607.1,48156.8,48450.4,53.69480497
1613495700000,48453.3,48504.2,48316.1,48416.7,32.49591626
1613496600000,48407.6,48529,48269.6,48365.1,29.42624497
1613497500000,48365.1,48478.5,48180.7,48245,33.43807145
1613498400000,48231.5,48234,47750,47836,74.56915665
1613499300000,47840.7,48436.9,47840.7,48434.3,35.3900619
1613500200000,48434.4,48587,48318,48541.9,30.76015371
1613501100000,48533.3,48693.8,48484,48614.9,26.95406544
1613502000000,48614.8,48669.3,48530.9,48621,17.86545106
1613502900000,48628,48640.6,48445.2,48593.8,16.03845477
1613503800000,48593.8,48662.1,48360.4,48554.2,25.68167633
1613504700000,48547.6,48798.7,48520.4,48541.9,24.12166067
1613505600000,48541.8,48570.1,48243.7,48376.9,29.90603874
1613506500000,48362.5,48429.8,48200,48334.5,25.99508135
1613507400000,48334.5,48571.2,48205.3,48537.4,20.20303319
1613508300000,48537.3,48779.9,48517.3,48769.2,23.94248784
1613509200000,48769.2,48820,48571.4,48622.3,20.46904157
1613510100000,48622.3,48622.3,48383.8,48465.7,28.03511642
1613511000000,48465.7,48625.3,48373.2,48439.3,24.54161633
1613511900000,48439.3,48693.4,48420.4,48579.2,27.26616009
1613512800000,48579.2,48627.6,48512.9,48596,9.51893606
1613513700000,48602.9,48730.1,48584.9,48584.9,14.53849358
1613514600000,48579.2,48852.5,48541,48852.5,26.69439654
1613515500000,48852.4,49167.1,48837.9,49115.3,39.80578809
1613516400000,49115.3,49286.6,48947.6,49074.1,34.59073766
1613517300000,49074.1,49124.5,48993.2,49050.2,39.84328386
1613518200000,49050.3,49230.2,49045.9,49145.7,27.4442364
1613519100000,49145.7,49274.7,49110,49147.7,23.02732749
1613520000000,49147.7,49464.8,49145.7,49395.7,39.30233242
1613520900000,49395.8,49555,49361.1,49408.3,17.96640171
1613521800000,49403.3,49479.6,49372.6,49409.9,42.07605545
1613522700000,49409.9,49416.9,49043.7,49078,42.99565581
1613523600000,49077,49403.9,48931.1,49267.3,27.07350966
1613524500000,49260.6,49331.9,49080,49117.9,15.37420759
1613525400000,49117.9,49399.4,49117.8,49399.4,30.79229018
1613526300000,49399.4,49404,49268.1,49286,13.87479097
1613527200000,49286,49772.8,49270.1,49740.3,40.66445699
1613528100000,49740.3,50260,49704.2,49991.8,112.02324769
1613529000000,49991.8,50114.7,49743.2,49943.8,49.69281273
1613529900000,49943.5,49943.5,49561.3,49655.9,27.10466246
1613530800000,49655.9,49773.5,49428.3,49509.5,35.83012476
1613531700000,49509.5,49641.9,49278.7,49396,26.77158521
1613532600000,49396,49520.7,49246.1,49433.2,32.69200467
1613533500000,49433.2,49706.7,49394.5,49661.1,24.82292713
1613534400000,49661.1,49947.2,49506.2,49653,32.68461326
1613535300000,49652.9,49678.7,49371.3,49401.2,26.0005843
1613536200000,49401.3,49461.7,49090,49090,55.86937136
1613537100000,49090,49399.9,49090,49364.3,46.84483368
1613538000000,49358.1,49458.8,49265.4,49386,22.49263656
1613538900000,49386,49453.3,49255,49382.1,12.02614356
1613539800000,49384.3,49659.9,49384.2,49528.1,31.48621418
1613540700000,49528,49714.1,49516.1,49701.1,16.91805329
1613541600000,49702.2,50081.4,49638.2,49947.7,27.50785952
1613542500000,49939.8,50190,49777.4,49938,70.12318259
1613543400000,49936.4,50500,49931.2,50166.8,65.11150863
1613544300000,50166.8,50705,50166.8,50598.6,84.98973161
1613545200000,50578.9,50940,50289.1,50533.8,75.09921655
1613546100000,50536,50991.4,50534.6,50609.6,51.73354349
1613547000000,50614.5,50914.5,50551.1,50740.4,27.00050499
1613547900000,50732.2,51249.6,50724.1,51109.5,59.90291001
1613548800000,51110.3,51350,50701.1,50818,53.70638135
1613549700000,50818,50924.7,50615.7,50892.7,26.78779583
1613550600000,50917.8,51188.9,50760.1,51006.9,27.83686874
1613551500000,51029,51079.8,50889.4,51011.8,29.73385854
1613552400000,51035.2,51327,51011.8,51327,22.40319738
1613553300000,51332,51499.9,51229.3,51335,22.39772542
1613554200000,51354.8,51486.8,51188.4,51486.8,10.36724549
1613555100000,51470.8,51714,51100,51487.7,24.72905004
1613556000000,51487.7,51617.6,51213,51225.6,7.82440512
1613556900000,51225.6,51589.1,51096.8,51580.5,23.89655417
1613557800000,51580.5,51580.5,51353.1,51375.1,28.64399624
1613558700000,51381.4,51456.4,51200,51212.6,23.90441157
1613559600000,51216.3,51501.3,51128.1,51500.3,30.15041153
1613560500000,51500.3,51565.1,51394.5,51405.4,21.45585324
1613561400000,51401,51509.6,51247.9,51490.8,18.48466994
1613562300000,51492.6,51677.2,51271.6,51301,22.31579376
1613563200000,51299.2,51440.9,51174.9,51259.5,20.5660445
1613564100000,51259.5,51432.9,51157.3,51311.8,24.05432251
1613565000000,51311.9,51532.3,51246.9,51283,33.63232069
1613565900000,51274.2,51274.3,50787.8,51022.1,56.65890831
1613566800000,51022.1,51146.7,50623.9,50932.2,45.48769481
1613567700000,50937.3,51044.2,50584.9,50769.9,24.97430791
1613568600000,50770,50996.1,50551.4,50908.5,29.19435698
1613569500000,50920.7,51220.9,50870,51149.8,40.10203424
1613570400000,51149.9,51249.6,51000,51062.4,27.01677205
1613571300000,51062.4,51185.6,50818.1,50927.1,38.49470322
1613572200000,50927,51052,50774.6,50780.1,21.67363089
1613573100000,50773.1,51254.9,50773.1,51253.2,30.08109728
1613574000000,51253.3,51625.9,51201.5,51400.8,50.795668
1613574900000,51387,51391.7,51146.7,51263.9,27.89971065
1613575800000,51263.9,51289.6,51031.9,51123.5,22.93769707
1613576700000,51123.6,51186.3,50982.9,51139.2,18.32187121
1613577600000,51169.3,51453.6,50946.5,50974.4,74.80625828
1613578500000,50977.4,50998.6,50785.3,50981.1,47.25285308
1613579400000,50981,51188.3,50938.7,51181.6,20.66831295
1613580300000,51181.7,51289.8,50985.2,51247.2,22.05649445
1613581200000,51245,51300,51150,51300,18.20767072
1613582100000,51300.6,51367.6,51160.7,51221.3,27.34657897
1613583000000,51218,51288,51100,51236.7,15.83460546
1613583900000,51236.6,51430.6,51203.6,51369.5,21.44932152
1613584800000,51374.1,51500,51318.4,51483.6,24.16429478
1613585700000,51483.6,51750.3,51449.9,51510.6,48.14300517
1613586600000,51512.2,51668,51441.4,51469.5,30.29023397
1613587500000,51469.4,51535.1,51335.6,51438.5,32.28922739
1613588400000,51438.5,51660.7,51389.7,51528.7,24.84008924
1613589300000,51528.6,51838.7,51526.7,51803.2,34.84741398
1613590200000,51805.1,52296,51805.1,52256.9,105.27960193
1613591100000,52257,52393.7,52098.1,52132,94.71619736
1613592000000,52141.7,52288.9,51964.8,52223.4,48.99491127
1613592900000,52223.4,52549,52111.8,52329.6,61.9634253
1613593800000,52329.6,52493.9,52238.9,52380.1,17.99672246
1613594700000,52380.1,52380.1,52151.2,52237,33.21597588
1613595600000,52237,52380.1,51963.5,52367.2,43.6969796
1613596500000,52369,52473.8,52277.6,52436.8,28.71579638
1613597400000,52436.8,52609.6,52372.8,52372.8,32.28646114
1613598300000,52372.9,52410.9,52161,52340.6,44.46330038
1613599200000,52340.7,52413.6,52039.5,52170.4,28.45873581
1613600100000,52170.4,52218.8,52143.9,52175.5,19.80808702
1613601000000,52175.6,52279.1,51973.1,51973.1,29.04393071
1613601900000,51973,52126,51951,52082.2,27.293974
1613602800000,52082.3,52230.4,51896.7,52173,26.30032819
1613603700000,52172.9,52398.9,52157.7,52365,29.50614619
1613604600000,52365,52368.8,52166,52207,28.63804318
1613605500000,52206.6,52210.1,52039.4,52118.1,22.89852002
1613606400000,52114.3,52461.2,52114,52410.1,36.0603003
1613607300000,52410.2,52522.9,52312.6,52460,33.19777888
1613608200000,52459.9,52500.7,52273.5,52359,31.68348444
1613609100000,52359,52380.3,52272.5,52285,14.56798358
1613610000000,52276.7,52305.9,52068.4,52137.5,16.36838466
1613610900000,52137.5,52262.3,52051.6,52167,22.51294875
1613611800000,52167.1,52365.5,52163.6,52217.2,24.53053825
1613612700000,52217.2,52249.6,52058.7,52133.7,29.11516695
1613613600000,52133.6,52173.7,51955.1,52043.9,28.36390441
1613614500000,52043.8,52192.1,51993.3,52153.9,20.25588075
1613615400000,52154,52330,52120.6,52291.1,18.11922378
1613616300000,52291.1,52327,52148.6,52326.9,16.5734329
1613617200000,52326.9,52398.9,52197.1,52381.7,14.21580132
1613618100000,52381.8,52386.6,52089.6,52089.6,14.20178501
1613619000000,52089.6,52190.3,52016,52083.5,13.46850517
1613619900000,52083.5,52120.1,51964.1,52024.8,35.95426746
1613620800000,52033.5,52033.5,51721.6,51887.1,45.2862848
1613621700000,51887.1,51965.7,51795.1,51922.7,17.39468677
1613622600000,51922.7,52080,51906.1,52080,14.95215469
1613623500000,52080,52165.1,52018.4,52142.1,24.54709624
1613624400000,52142.1,52155.2,52084.2,52116.9,13.61466474
1613625300000,52116.9,52288.7,52022.6,52237.3,16.1968469
1613626200000,52246.1,52286.1,52135,52176.9,11.87714279
1613627100000,52176.9,52177,52038.9,52168.8,12.36464655
1613628000000,52168.8,52223.7,52049.6,52097,11.62616309
1613628900000,52097,52136.1,52003.6,52003.6,11.17224965
1613629800000,52003.6,52104.9,51947.6,52041,13.51475316
1613630700000,52041,52041,51877.6,51906.7,10.51015856
1613631600000,51906.7,51906.7,51755.8,51869.6,15.22667736
1613632500000,51869.6,51869.6,51310,51387.8,43.55486274
1613633400000,51391.2,51580.5,51300,51476.5,18.23195303
1613634300000,51476.5,52043.7,51446.9,51911.6,31.53020846
1613635200000,51901.9,52140,51800,51876.3,23.71364675
1613636100000,51876.3,51929.2,51615.3,51785.4,11.80754752
1613637000000,51794.2,51813.8,51553.8,51801.5,12.39900014
1613637900000,51801.4,51917.2,51700.1,51703.2,12.20788142
1613638800000,51703.2,51721.6,51456.5,51599,21.95176858
1613639700000,51599,51650.1,51494.5,51638.1,14.96458937
1613640600000,51638,51842.7,51616.9,51758.3,12.50959235
1613641500000,51758.3,51859.8,51758.2,51774.5,20.77488032
1613642400000,51774.6,51976.2,51774.6,51950,12.32207041
1613643300000,51949.9,51949.9,51790.5,51835.4,13.66651998
1613644200000,51835.5,51860.2,51613.4,51613.5,14.31344639
1613645100000,51613.5,51767.2,51554.6,51644.3,17.46004499
1613646000000,51644.2,51705.2,51392.6,51541.6,26.07466909
1613646900000,51541.6,51654.4,51428.6,51428.6,12.1874463
1613647800000,51428.5,51573.8,51234.9,51397,44.02822166
1613648700000,51370.9,51398.7,51140,51345.3,26.2354397
1613649600000,51350.1,51382.4,50906.4,50933.7,41.16144039
1613650500000,50933.8,51327,50933.8,51263,21.70299402
1613651400000,51261.3,51566.1,51100,51546.2,21.61021269
1613652300000,51549.4,51608.3,51389.5,51471.2,17.69364213
1613653200000,51462.7,51527.2,51278.9,51425.5,11.89335858
1613654100000,51425.5,51682.9,51425.5,51650.1,20.23499072
1613655000000,51650,51850,51632.7,51808.4,29.36325552
1613655900000,51802.9,52016,51785.4,51800.2,32.72073185
1613656800000,51800.2,51931.7,51722.9,51728.1,17.00242732
1613657700000,51728.1,51893.6,51640,51891.8,30.06234861
1613658600000,51891.8,52315.8,51891.8,52175.4,57.41225699
1613659500000,52168.2,52268.2,51993.5,52241,21.20759336
1613660400000,52240.7,52266.9,51869.9,52040.9,27.50554615
1613661300000,52040.9,52133,51718.7,51736.3,23.28052389
1613662200000,51725.9,51875.4,51475.1,51641,32.65029339
1613663100000,51652.8,51705.2,51428.5,51584.9,30.81539246
1613664000000,51585,51897.2,51454.6,51816.1,33.04024424
1613664900000,51816,51999.9,51767.6,51928.6,42.25377562
1613665800000,51924,52004.7,51726.8,51821.6,23.44372022
1613666700000,51821.6,52075,51821.5,52071.4,20.38526679
1613667600000,52071.4,52071.4,51674.7,51859.7,31.50136752
1613668500000,51859.7,52033.8,51851,51986.1,23.87349285
1613669400000,51986.2,52070.2,51879.4,51879.5,13.09373445
1613670300000,51879.4,52024.1,51784.3,51841.8,18.89120861
1613671200000,51834,51997.7,51768,51983.6,11.68883678
1613672100000,51983.2,52171.1,51934.9,52171,20.45488828
1613673000000,52171,52171.1,51964.6,51993.9,17.561715
1613673900000,51993.8,52031.6,51840.8,51858.5,22.87892029
1613674800000,51858.5,51980.7,51858.5,51940.7,10.86879745
1613675700000,51940.8,51980.1,51817,51960.4,8.91611619
1613676600000,51960.4,52072.8,51960.4,52014.9,10.36795604
1613677500000,52014.9,52014.9,51691.4,51784.3,21.3258201
1613678400000,51784.3,51891.1,51562.4,51891.1,29.37640926
1613679300000,51891.2,52068.4,51891.2,52037,43.13299816
1613680200000,52037,52064.8,51863.8,51917.7,34.53731794
1613681100000,51917.7,52105.3,51839.4,52105.3,9.52012517
1613682000000,52105.2,52113,52008.6,52037.1,40.78074895
1613682900000,52037.1,52072.2,51900,52015,70.96348995
1613683800000,52015,52159,51982.5,52126.3,49.71314739
1613684700000,52126.3,52150.1,51988.5,52009,33.61988738
1613685600000,52009.1,52073.4,51925.4,51925.4,7.34072267
1613686500000,51925.5,51986.8,51644.5,51864.5,18.62602042
1613687400000,51864.5,51913.7,51627,51722,18.97598387
1613688300000,51721.9,51865.3,51692.7,51850.1,12.47382831
1613689200000,51850,51916.6,51600.4,51683.6,19.59393288
1613690100000,51687.7,51745.4,51521.4,51639.5,22.04025678
1613691000000,51641.9,51710.9,51543.2,51558.1,12.67892499
1613691900000,51558.2,51724,51551.5,51568.9,15.54043035
1613692800000,51561.1,51762.4,51500,51597,21.85750807
1613693700000,51602.2,51834.2,51602.2,51823,18.70172509
1613694600000,51823,51935.2,51754.3,51763.8,30.70050989
1613695500000,51758.5,51769,51467.8,51508.3,16.979082
1613696400000,51508.3,51639.2,51254.7,51566.8,45.50001036
1613697300000,51566.9,51688.6,51437.1,51567.8,34.92743988
1613698200000,51567.8,51567.9,51335.6,51399.7,36.1114465
1613699100000,51400.7,51400.7,51172.8,51322.4,19.13574365
1613700000000,51322.3,51322.3,50727,51138.3,72.81230646
1613700900000,51138.3,51264.8,50900.4,51009,35.71429858
1613701800000,51015.5,51241.5,50786.9,51196.3,26.65201288
1613702700000,51196.3,51322.3,51177.3,51245.8,22.43754541
1613703600000,51240.5,51485,51208.5,51271.3,30.99929463
1613704500000,51270.2,51381.8,51228.9,51306,19.73525247
1613705400000,51283.5,51483.1,51261.5,51356.9,16.89026478
1613706300000,51356.9,51423,51204.8,51241.3,9.44254571
1613707200000,51241.2,51426.4,51220.5,51426.4,24.6128157
1613708100000,51423.9,51500,51024.4,51162.4,40.73506199
1613709000000,51142.6,51191.7,50898,50898,36.15647197
1613709900000,50895.3,51200,50895.3,51155.3,22.02033011
1613710800000,51160.6,51372.8,51160.6,51310.2,18.61625237
1613711700000,51310.2,51462.2,51289.3,51351.4,17.98263685
1613712600000,51351.3,51480,51298,51362.1,30.72929618
1613713500000,51362.2,51540.5,51345.8,51516.1,30.15336778
1613714400000,51506.1,51750.3,51506.1,51661.2,39.58625743
1613715300000,51661.3,51816.7,51632.7,51681.1,24.81112614
1613716200000,51681.1,51729.4,51573.9,51709.5,25.64618619
1613717100000,51709.5,51788,51574.1,51734.1,18.6318024
1613718000000,51734.1,51890,51728,51766.1,21.713849
1613718900000,51766.2,51797.3,51684.8,51721.4,12.73551137
1613719800000,51721.4,51889.9,51661.7,51825.7,12.55670338
1613720700000,51825.6,51875.6,51690.5,51741.2,17.05315162
1613721600000,51738.2,51843,51727.6,51792.3,13.3272642
1613722500000,51792.3,51911.8,51741.4,51789.5,20.84164014
1613723400000,51789.5,51866.6,51752.7,51847.6,6.98801722
1613724300000,51839.4,52261.1,51828.6,52226,26.13807442
1613725200000,52226,52775.1,52226,52664.8,90.50600985
1613726100000,52664.8,52918.3,52566.6,52711.8,72.63842122
1613727000000,52710.2,52832.8,52566.6,52725.8,35.13636809
1613727900000,52725.8,52872.4,52614.2,52690,30.70675042
1613728800000,52685.6,52928.7,52645.6,52858,33.08818812
1613729700000,52858.1,52907.8,52726.6,52842,31.25149227
1613730600000,52842,52968.2,52804.5,52942.7,11.9458073
1613731500000,52942.5,52942.5,52625.8,52687.7,51.44121701
1613732400000,52687.6,52800,52607,52607,27.45265882
1613733300000,52605.2,52845.3,52483.2,52763.6,12.89294741
1613734200000,52763.6,52854.4,52727.3,52727.4,8.01228786
1613735100000,52727.4,52730.2,52629,52711.1,17.11437933
1613736000000,52713.6,52723.9,52525,52676.3,21.49433986
1613736900000,52676.4,52699,52538.4,52595.4,18.73709079
1613737800000,52595.3,52707.8,52595.3,52654.6,12.69815958
1613738700000,52654.6,52696.7,52506,52532.4,12.67415919
1613739600000,52530.4,52634,52349.6,52464.2,30.58319749
1613740500000,52459.8,52541.6,52406.7,52530.2,15.63299911
1613741400000,52530.2,52729.3,52530.2,52599.4,20.62859937
1613742300000,52599.3,52826.4,52596.6,52795.3,23.75169583
1613743200000,52801.5,52974.7,52794.6,52849.7,41.74652413
1613744100000,52849.7,52872,52673.9,52730.2,43.54021757
1613745000000,52730.1,52943,52730.1,52867.4,28.59867472
1613745900000,52867.4,53274.7,52855.4,52910.7,92.55364469
1613746800000,52910.7,53093.2,52827.5,53014,71.70028043
1613747700000,53013.9,53364.2,53007.6,53364.1,67.72660609
1613748600000,53364.1,53775,53285.2,53757.4,93.2649346
1613749500000,53757.4,53876.8,53600.1,53874.8,36.86507216
1613750400000,53863,53980,53576.7,53761.3,40.65950181
1613751300000,53761.3,54400,53711.4,54389.3,96.10082222
1613752200000,54399,54802.4,54301.5,54784.1,95.37642455
1613753100000,54784.1,54804.1,54000,54304,162.63327021
1613754000000,54304,54561.9,54032.3,54443.3,94.80936846
1613754900000,54443.3,54700,54443.3,54467.8,56.46156994
1613755800000,54467.8,54627.5,54374.9,54588,73.87706139
1613756700000,54588,54737.6,54451.9,54733.6,60.32451827
1613757600000,54733.7,54763.9,54522.5,54547.2,48.3879828
1613758500000,54547.1,54820,54546.8,54754.4,42.10078544
1613759400000,54754.3,54880,54657.4,54750.4,57.95989148
1613760300000,54750.4,55380.6,54750.3,55304.4,94.60741419
1613761200000,55319,55700,55100,55216.1,73.06852377
1613762100000,55216,55225.5,54585,55000.4,90.70203815
1613763000000,55000.5,55200.1,54667.4,54836.8,48.06749869
1613763900000,54836.8,55084.8,54606.3,54990.8,49.78713293
1613764800000,54990.8,55203.1,54921,55023.4,30.72606704
1613765700000,55023.3,55062.3,54787.7,54942.9,29.33669812
1613766600000,54942.9,55657,54826.9,55301.6,67.25123515
1613767500000,55300.1,55597.1,55300.1,55349.8,34.22486866
1613768400000,55349.8,56317.7,55320.4,55934.2,76.35962453
1613769300000,55920,56248.7,55786.5,56150,68.98742345
1613770200000,56150,56300,55922,56016.8,30.25442436
1613771100000,56016.7,56090.9,55289.9,55644,52.64343197
1613772000000,55647.6,55658.9,55220.2,55228.8,23.89344948
1613772900000,55228.8,55572.9,55118.8,55538.7,22.33170382
1613773800000,55538.7,55759.7,55418.9,55757.2,17.77514602
1613774700000,55757.2,55757.3,55247.9,55436.2,36.37898184
1613775600000,55436.2,55782.4,55346.3,55752.7,25.64820946
1613776500000,55752.7,55800,55527.1,55696.6,29.69770353
1613777400000,55698,55781.1,55590.2,55662,21.94455401
1613778300000,55661.9,55928.4,55658.6,55890.5,23.29915863
1613779200000,55893.6,56276.3,55605,55659.9,68.72199133
1613780100000,55655.9,55850,55199.6,55810.5,47.44166411
1613781000000,55811.3,55849.7,55658,55795.8,18.64566314
1613781900000,55795.9,56499.7,55795.9,56196.6,94.1022072
1613782800000,56196.7,56560,56131.3,56310.5,54.59817525
1613783700000,56311.9,56312,55926.3,56152.4,31.07311601
1613784600000,56152.4,56443.6,56141.3,56257.4,36.54864016
1613785500000,56257.4,56269.7,56045,56164.3,31.67475827
1613786400000,56164.4,56300,55953.8,56300,20.85872522
1613787300000,56299.9,56388.6,56225.9,56336.9,40.89757632
1613788200000,56337,56371.9,56058.1,56273.7,28.10734087
1613789100000,56273.7,56324.1,56077.2,56145.3,22.43430956
1613790000000,56145.2,56247.2,56010.4,56041.6,30.98427584
1613790900000,56041.6,56152.4,55869.8,55903.8,25.40784915
1613791800000,55903.8,55955,55627.6,55681.5,42.2756859
1613792700000,55681.5,55854.8,55500.1,55711.9,52.2645464
1613793600000,55705.9,55854.8,55531.7,55815.3,45.93592673
1613794500000,55815.3,55996,55752.8,55910.7,40.87130854
1613795400000,55910.8,56113.3,55888.5,55953.8,37.01784008
1613796300000,55953.9,56015.4,55812.2,55821.2,16.8329942
1613797200000,55821.1,55869,55758,55801.1,19.86785529
1613798100000,55801.1,55942.4,55637.5,55680.1,21.49995372
1613799000000,55680.2,55769.2,55597.8,55650.6,14.75556074
1613799900000,55650.6,55725.6,55560.1,55663.7,26.32947198
1613800800000,55673,55838.4,55574.3,55824.1,16.30722313
1613801700000,55825.8,55897.4,55702,55722.4,15.1318131
1613802600000,55728.6,55842.2,55629.6,55776.7,19.8133449
1613803500000,55776.7,55944.4,55776.6,55943.5,9.43768866
1613804400000,55940.5,55960.2,55458.2,55609.6,29.02454349
1613805300000,55609.7,55771.4,55520.8,55699.1,14.75535598
1613806200000,55699.2,55699.2,55234.8,55324.8,33.69374726
1613807100000,55324.7,55474,55188,55207.7,21.1739031
1613808000000,55207.6,55530.6,55207.6,55519.4,19.35096571
1613808900000,55528.1,55665,55420.9,55551.5,28.80058444
1613809800000,55551.5,55551.6,55351,55420.7,12.73092424
1613810700000,55420.8,55423.9,55220,55240.7,12.40587201
1613811600000,55228.7,55420.5,55005.6,55178.6,25.83590755
1613812500000,55184.3,55479.6,55156.1,55359.5,14.81554614
1613813400000,55353.8,55513,55338.7,55425.4,11.51620505
1613814300000,55425.4,55435.1,55254.1,55255.6,11.98764061
1613815200000,55255.5,55540.3,55226.6,55443.6,15.01055367
1613816100000,55447.7,55560,55307,55559.9,14.46673527
1613817000000,55560,55925.6,55530.3,55819.1,18.52358596
1613817900000,55819.1,55890,55755.2,55884.8,16.42036477
1613818800000,55884.7,55908.8,55784.2,55784.2,10.18433705
1613819700000,55784.2,55939.9,55743,55882.2,20.65916819
1613820600000,55882.1,55882.1,55763.7,55811.5,17.26120334
1613821500000,55811.4,56370.9,55811.4,56348.6,26.67968931
1613822400000,56348.7,57024.9,56277.3,57024.8,92.60535631
1613823300000,57024.7,57241.8,56813.1,57170.4,42.42059741
1613824200000,57170.3,57600.9,57068.9,57600.8,66.40497407
1613825100000,57600.8,57622.6,57236,57282.4,42.57722661
1613826000000,57282.5,57324.7,56990.1,57016.1,25.8279157
1613826900000,57016.1,57370.5,56932.4,57300,29.29028275
1613827800000,57300,57516.1,57272.5,57368.8,29.60406621
1613828700000,57368.9,57374.8,57144,57275,33.33296087
1613829600000,57275,57411.5,57132.6,57400.4,23.00114108
1613830500000,57400.4,57413.2,57040,57088.3,34.80432575
1613831400000,57089.7,57266.6,56957.4,57195,32.86370777
1613832300000,57195,57195,56094,56284.4,62.31565177
1613833200000,56284.4,56757.9,56283.6,56660.5,47.46119268
1613834100000,56660.4,56660.5,55786.1,56135.5,75.99119437
1613835000000,56118.2,56294.3,55766.7,56030,36.63566851
1613835900000,56029.8,56272.5,56010.8,56145.3,46.36241771
1613836800000,56145.3,56588.3,56145.3,56588.3,32.91076021
1613837700000,56590,56591.5,56234.7,56356.8,37.12831228
1613838600000,56356.7,56946.6,56290.2,56848.3,49.05569445
1613839500000,56848.4,56853.2,56568.4,56724.9,26.39878233
1613840400000,56724.9,57429.9,56724.9,57362.7,47.92630825
1613841300000,57358.4,57398.7,57083.1,57118.9,30.30753224
1613842200000,57118.9,57306.1,56989,57119.5,29.54207637
1613843100000,57119.7,57214.6,56783.2,57048.3,39.8994342
1613844000000,57048.3,57153.6,56943.1,56979.4,25.54220903
1613844900000,56982.9,57081.3,56834.6,56986.1,17.95279202
1613845800000,56979.3,57136.6,56810.1,56898.9,19.07487401
1613846700000,56907.5,57139.9,56840.4,57116.9,22.57957912
1613847600000,57117,57222.3,56859.1,56953.2,24.61229748
1613848500000,56953.2,56982.3,56718.4,56982.3,33.48351415
1613849400000,56982.2,57044.4,56896.2,56987.3,19.79560486
1613850300000,56989.3,57076.3,56872.1,56966.7,20.69808343
1613851200000,56966.7,56966.7,56575.4,56658.4,35.11775
1613852100000,56658.5,56893.7,56580.2,56872.2,24.98727053
1613853000000,56872.2,57044.6,56700.8,56817.7,24.26268396
1613853900000,56817.7,56905.8,56680.8,56729.8,13.95751197
1613854800000,56724.5,56777.5,56446.4,56451.7,24.61310156
1613855700000,56448.3,56558.7,56244.2,56550.7,35.03049012
1613856600000,56550.7,56854.9,56542.6,56803.8,25.85414763
1613857500000,56803.9,56877.9,56433.2,56467.9,50.12622173
1613858400000,56468,56492.9,56122.1,56141.6,52.47327016
1613859300000,56132,56250,55900,56018.9,58.46417957
1613860200000,56018.8,56018.9,53463.3,54732.9,220.1163317
1613861100000,54740.6,55624.5,54700,55420.2,117.45259272
1613862000000,55436.2,55914.5,55351.6,55832.6,82.89018874
1613862900000,55833.8,55878.3,55605.6,55617.1,35.84894031
1613863800000,55617.2,55780.9,55400.7,55715.9,45.28361884
1613864700000,55712.7,56171.9,55658.4,55851.5,44.85308968
1613865600000,55851.4,55977.5,55500.1,55500.2,48.89312405
1613866500000,55500.2,55947.2,55489.6,55764.5,30.27764921
1613867400000,55764.5,56020.4,55764.4,55934.2,33.31293602
1613868300000,55933.2,56047.8,55689.2,55819.4,15.46222901
1613869200000,55829.1,56131.4,55726.9,56060.4,20.10833081
1613870100000,56068.6,56100.1,55818.7,55882.9,24.89096041
1613871000000,55882.9,55985.5,55794.6,55927.6,17.9738045
1613871900000,55927.6,56340,55911.1,56339.9,20.86652887
1613872800000,56340,56486.1,56258.6,56451.7,22.68937753
1613873700000,56442.6,56654.1,56440,56443.9,20.83271308
1613874600000,56444,56515.9,56372.9,56459,17.08372596
1613875500000,56456.5,56522.6,56232.9,56326.1,14.1178997
1613876400000,56319.6,56896.5,56319.6,56777.7,20.56997748
1613877300000,56779.4,56785.6,56553.5,56598.4,22.69314253
1613878200000,56598.5,56598.5,56464.4,56552.9,10.72228688
1613879100000,56552.9,56663.5,56442.6,56502.9,15.02378117
1613880000000,56502.8,56641.5,56064.8,56319.5,41.78806628
1613880900000,56320.1,56450,56320.1,56429.3,18.05283997
1613881800000,56429.3,56601.9,56429.3,56579.3,15.98802699
1613882700000,56579.3,56705.3,56426.8,56683.9,10.70875241
1613883600000,56684.6,56793,56521.8,56793,9.90324815
1613884500000,56795.8,56981,56667.2,56864.2,13.7310616
1613885400000,56864.2,56864.3,56588.3,56631.8,15.00215081
1613886300000,56631.7,56631.7,56520,56540.1,9.93768776
1613887200000,56540.2,56598.8,56456.5,56515.4,13.22996027
1613888100000,56515.4,56548.9,56362.4,56512.6,13.99147935
1613889000000,56512.7,56521.6,56290.2,56291.6,11.36521291
1613889900000,56291.5,56493,56252.7,56493,13.62954249
1613890800000,56492.9,56573.9,56337.6,56370,23.39069047
1613891700000,56366.4,56394.8,55918.4,55966.6,28.01868673
1613892600000,55957.9,56308,55950.4,56282.1,24.19705483
1613893500000,56305.9,56322.2,56053.6,56071.6,12.75831163
1613894400000,56079.2,56275.8,55857.3,56275.8,25.05316164
1613895300000,56275.8,56275.8,56021,56106.3,13.07306668
1613896200000,56106.4,56431.6,56103.3,56370.9,13.73041888
1613897100000,56370.9,56651.1,56362.6,56521.3,25.49020733
1613898000000,56520.7,56614.1,56410.6,56424.9,14.24321385
1613898900000,56425.7,56544.1,56375.5,56446.5,13.25307452
1613899800000,56446.4,56508.2,56374.6,56420.9,12.58573504
1613900700000,56420.9,56843.4,56373.8,56794.5,18.41402995
1613901600000,56802.3,57358.7,56664.7,57290,52.89879075
1613902500000,57288.3,57810.3,57278.9,57480.5,54.26318336
1613903400000,57480.5,57806.9,57327.9,57633.8,37.43964355
1613904300000,57633.8,57633.8,57375.8,57553.7,26.39466549
1613905200000,57553.7,57559.8,57255,57397.3,22.74125061
1613906100000,57397.4,57549.5,57318.6,57392.7,17.96795976
1613907000000,57392.7,57420.8,57248.3,57295.8,14.58436013
1613907900000,57298.8,57402.9,57209.4,57276.9,18.54964362
1613908800000,57281.1,57324.6,57001.1,57107.1,20.67444528
1613909700000,57107.2,57365.9,57107.1,57339.6,24.20984939
1613910600000,57339.6,57438.2,56909.2,57035.2,31.10961788
1613911500000,57035.2,57100,56636.6,56884.2,50.39724604
1613912400000,56884.2,57120,56884.1,57050.7,13.84831853
1613913300000,57050.8,57238.9,56965,57131.9,20.38354237
1613914200000,57139.3,57212.3,57065,57065,10.68913901
1613915100000,57065,57174.8,57043.9,57150.2,14.01413705
1613916000000,57150.6,57371.8,57047.1,57047.1,20.76643024
1613916900000,57047,57331.6,56792.1,57174.7,40.68320947
1613917800000,57174.8,57453.2,57100.7,57268.3,25.17939128
1613918700000,57268.3,57406.4,57062.5,57386.2,19.88729705
1613919600000,57386.1,57682.3,57239,57481.2,36.01003932
1613920500000,57477.4,57536.9,57242,57312.6,17.82581067
1613921400000,57312.7,57410.2,57255.1,57345,13.70760073
1613922300000,57344.5,57404.9,57187.2,57326.6,20.03461396
1613923200000,57326.5,57448.6,57027.8,57110.5,37.53603223
1613924100000,57110.5,57454.1,57057.7,57437.7,22.33694873
1613925000000,57437.7,57550.8,57362.7,57488,23.61735397
1613925900000,57486.1,57783.6,57451.1,57744.2,32.31424764
1613926800000,57741.4,57741.4,57518.8,57672.1,22.4931857
1613927700000,57670.4,57735,57564.3,57610.1,17.02168081
1613928600000,57610,57634.6,57377.2,57500.7,21.28465743
1613929500000,57500.7,57579,57381.5,57504,14.96293528
1613930400000,57503.9,57590.5,57349.7,57418.6,15.85625608
1613931300000,57418.5,57538.6,57384.9,57476.2,9.4280576
1613932200000,57476.2,57800,57472.9,57789.1,20.4150047
1613933100000,57790.2,58261.8,57741.3,58174,80.92060992
1613934000000,58169.7,58336.3,58130,58250.4,50.40065636
1613934900000,58250.4,58280.1,57941.6,58193.4,56.13420824
1613935800000,58193.4,58245.8,57915.4,58008.2,30.64738373
1613936700000,58008.2,58129.4,58001.1,58073.6,34.15479505
1613937600000,58073.7,58236,57717.6,58098.7,51.88483366
1613938500000,58099.7,58230.9,58094.5,58148.1,15.35596798
1613939400000,58148.1,58148.1,57851.4,57907.2,35.39301855
1613940300000,57910.8,57954.2,57479.7,57655.8,65.60011892
1613941200000,57655.7,57812.3,57431.1,57688,32.19478053
1613942100000,57687.9,57888.8,57664.6,57686,42.18034794
1613943000000,57685.9,57778.5,57520,57685.5,40.53172491
1613943900000,57679.6,57782.4,57188.4,57300.1,79.7463822
1613944800000,57300.1,57525.5,57240,57507.7,29.52259332
1613945700000,57507.6,57598.7,57216.8,57216.8,27.95970439
1613946600000,57216.9,57230.7,56946.1,57135,50.05236079
1613947500000,57128.3,57403.9,57080.2,57322.9,31.18867087
1613948400000,57322.9,57586.3,57100,57454,44.79253498
1613949300000,57454,57512.7,57359,57507.7,26.72717742
1613950200000,57507.7,57599.2,57386.4,57458.2,29.31280369
1613951100000,57458.3,57545.1,57357.4,57423,30.74203322
1613952000000,57420.6,57517.8,56605,56709.1,68.29781518
1613952900000,56709.1,56944.3,56506.3,56758.5,67.54345769
1613953800000,56758.6,56960,56620.8,56735.6,52.94551585
1613954700000,56735.7,56803.2,56227.3,56227.3,67.24424587
1613955600000,56227.4,56741.8,56021.1,56572.2,77.88262457
1613956500000,56572.1,56784.4,56550.1,56692.6,24.05290127
1613957400000,56692.6,57003.7,56673.6,56912.8,29.76561881
1613958300000,56912.8,56948.5,56800,56861.3,19.80615439
1613959200000,56861.3,56861.3,56125.5,56747.3,56.70648808
1613960100000,56751.1,57163.5,56597.8,57018.8,32.85988847
1613961000000,57026.6,57276.8,57013.6,57013.6,24.34731768
1613961900000,57013.6,57013.7,56807.7,56875,21.56390139
1613962800000,56882.3,57094.5,56807.8,56822.8,21.83428762
1613963700000,56822.8,56822.9,56431.7,56472.6,37.53907787
1613964600000,56473.1,56475.2,55938.4,56288,61.11956824
1613965500000,56287.9,56288,55763,55869.4,87.9654119
1613966400000,55863.9,56240,55485.7,56124.6,95.01319079
1613967300000,56124.7,56124.7,55589.8,55589.9,60.90055508
1613968200000,55589.8,55824.4,55045.2,55308.4,86.02946259
1613969100000,55311.5,55875,55111.4,55784.6,88.61838352
1613970000000,55784.6,56106.3,55761.6,56074.8,38.75926624
1613970900000,56074.7,56185.3,55749.6,56185.2,35.72179996
1613971800000,56183.7,56372.7,56034.7,56116.6,38.60251801
1613972700000,56116.6,56135.1,55643.4,55862.8,41.52446558
1613973600000,55861.4,56346.2,55687.7,56281.8,57.76036963
1613974500000,56289.2,56371.6,56154.9,56236.1,31.79880713
1613975400000,56220.1,56303.6,56028.5,56216.8,26.97837943
1613976300000,56216.9,56343.4,56001,56001,24.90252864
1613977200000,56000.3,56041.2,55668.8,56041.2,39.75467525
1613978100000,56037.8,56400,55888.9,56290.2,42.63126015
1613979000000,56290.2,56550.6,56145.6,56518.5,34.59527273
1613979900000,56519.4,56547.3,56284.4,56439,17.48416113
1613980800000,56439,56600,56133.9,56193.1,38.73816227
1613981700000,56193.1,56480.5,56157.8,56183.4,19.76310072
1613982600000,56183.4,56204.9,55732.1,55832.5,27.68165043
1613983500000,55845.6,55929,55404.7,55491.5,36.25064898
1613984400000,55493.6,55743.2,55460.8,55598.8,42.79060601
1613985300000,55598.9,55810.9,55523.7,55749.8,19.54195435
1613986200000,55749.9,55760,55000,55439.9,44.18632927
1613987100000,55440,55539.6,54362.3,54746.3,78.92222463
1613988000000,54745.8,55081,53540.9,54238.7,193.73863009
1613988900000,54247.4,54624.1,54039.8,54454.3,97.423411
1613989800000,54454.4,54997.4,54454.4,54845.1,80.60853598
1613990700000,54853.5,55073.8,54644.2,54835.7,37.9139203
1613991600000,54846,55245.2,54743.9,54933.4,54.64977653
1613992500000,54933.5,54993.9,54423.9,54805,59.25941526
1613993400000,54805,55199.9,54766.3,54941.1,37.67731985
1613994300000,54941.2,55069.1,54500,54516.1,43.28407869
1613995200000,54520.3,54651.2,53420.5,53616.8,116.61004333
1613996100000,53616.7,53823.6,52656.8,53634.4,223.9143656
1613997000000,53634.4,53979.6,53536,53560.2,80.93414312
1613997900000,53537,53893.4,52896.3,53798.1,76.36459064
1613998800000,53797.8,54100,53402.6,53552.2,60.77648183
1613999700000,53527.6,53527.6,52689.2,53026.8,124.81654801
1614000600000,53026.9,53275,52684,53187.3,71.32100797
1614001500000,53198.9,53284.3,52046.9,52110.9,146.27985907
1614002400000,52081,52523.7,47111,50290.6,236.17933732
1614003300000,50466.7,51450,44160,51381.5,323.49859998
1614004200000,51381.5,52494.7,50900,52201.3,154.73869918
1614005100000,52217.2,53630.9,52201.2,53482.2,185.72464007
1614006000000,53473.8,54000,52929.2,53380.1,152.73273045
1614006900000,53366.5,53485,52626.3,52878.5,119.89177791
1614007800000,52881.8,53741.1,52839.5,53626,105.79056642
1614008700000,53626,53778.7,53207.3,53244.3,52.93462659
1614009600000,53230.7,53568.2,52758.9,53568.2,96.55807963
1614010500000,53569.6,53721.1,53367.5,53563.1,55.79249816
1614011400000,53563.1,53827.1,53389.5,53558.2,59.59144794
1614012300000,53558.2,53696.4,53021.2,53166.4,30.73220834
1614013200000,53189.6,53289.7,52250,52418.6,68.98303153
1614014100000,52403.6,53068,52375.6,52957.2,55.39755483
1614015000000,52944.8,53074.8,52502.5,52570.9,63.56589266
1614015900000,52570.8,52727,51965.1,52100,66.93459435
1614016800000,52087.5,52439.2,51582.4,51848.3,96.52255116
1614017700000,51839,52993.2,51838.5,52870.4,65.62577054
1614018600000,52891.7,53592,52546,53382.7,68.07495605
1614019500000,53404.4,53500,53058.7,53232.6,31.97273124
1614020400000,53232.5,53545.4,52830.7,53512,56.14093074
1614021300000,53512,53798.3,53300,53445.9,32.90864409
1614022200000,53445.9,53665.8,53356.7,53422.3,21.8231209
1614023100000,53436.7,53772.8,53186.9,53594.6,33.72307071
1614024000000,53588.9,54432.1,53457.3,54227.1,52.2505737
1614024900000,54227.1,54386,53747.6,54146.6,53.78670316
1614025800000,54128.2,54214.4,53785.3,54156.6,29.30595677
1614026700000,54156.6,54234.6,53755,53767.2,28.05570199
1614027600000,53807.3,54160,53700,54069.8,28.09665553
1614028500000,54085.4,54423.9,54081.7,54396.7,27.16850112
1614029400000,54396.8,54636.9,54154.6,54484.9,38.82280825
1614030300000,54485.7,54921.5,54448.1,54900,34.98737466
1614031200000,54900.1,54987,54501,54541.4,31.9992428
1614032100000,54541.3,54584,54337,54337,18.30512088
1614033000000,54337,54337,53638.2,54160.7,39.42662187
1614033900000,54160.8,54260.8,53890.1,54089.8,21.93870409
1614034800000,54081.8,54226.7,53672.7,53756.1,29.44012439
1614035700000,53755.1,53929.8,53280,53571.2,65.30934848
1614036600000,53571.3,54053.7,53571.3,53889.3,34.82225587
1614037500000,53882.4,54332.9,53882.4,54096.6,29.77450005
1614038400000,54085.9,54174.2,53006,53122.5,71.34929086
1614039300000,53122.5,53500,53052.2,53329.8,37.67960484
1614040200000,53329.8,53876.5,53329.8,53577.4,21.76596686
1614041100000,53578.4,53772.6,53411.6,53430.7,24.26433321
1614042000000,53430.7,53917.8,53252,53252,29.24812178
1614042900000,53252,53500.6,52625,52756.5,37.2423418
1614043800000,52756.4,53090,52650,52947.5,34.54209008
1614044700000,52949.2,53047.5,52274.7,52502.7,40.73381282
1614045600000,52515.3,52894.6,52324.9,52738.1,57.64315071
1614046500000,52730.5,52865.9,51907.9,52000,55.63868819
1614047400000,52000,52264.5,51524.1,51559.9,52.4066201
1614048300000,51559.9,51610.8,50869.5,51189.2,72.00875796
1614049200000,51191.2,52475.1,51191.2,52208.9,66.68331093
1614050100000,52208.9,52434,51768,51800.3,58.00899011
1614051000000,51824.8,51917.9,51185,51531.4,74.89137481
1614051900000,51520,52487,51504.3,51861.1,57.19547025
1614052800000,51900.6,52214,51408.7,52048.2,48.01806938
1614053700000,52048.1,52316.2,51460.5,51505.3,57.96262113
1614054600000,51513.7,51716,50512.2,50774.7,82.76130502
1614055500000,50753.2,50791.9,49565.5,50720,121.84994171
1614056400000,50719.9,50720,49227.1,49336.7,99.7679276
1614057300000,49326.5,49950.9,48650,49363.9,87.8862132
1614058200000,49345,50285.1,48625.7,49990.5,90.5883103
1614059100000,49990.6,50554,49898.5,49966.4,40.37519417
1614060000000,49968,50861.8,49247.6,50861.8,67.32285706
1614060900000,50860.6,51222.6,50547.1,50674.6,87.27781313
1614061800000,50663.9,50887,49901,50099.1,63.18757921
1614062700000,50096,50306.9,49500,49561.2,49.88759181
1614063600000,49545.5,50419.5,49341.5,49768.5,52.55850015
1614064500000,49768.6,50088.3,49469.2,49962,34.54509558
1614065400000,49946.6,50488.8,49734.5,50449.1,40.30652385
1614066300000,50434.4,50540.4,49639.9,49695,34.98048474
1614067200000,49678.8,49990,48350,48445.6,121.32670664
1614068100000,48461.5,48764,47529.4,47593.6,140.87094916
1614069000000,47565.5,48815.9,47521.5,47970.8,73.99528267
1614069900000,47973.7,48428.1,46517.4,46567.3,104.24086794
1614070800000,46548.4,47392.4,44950,46800,239.34624056
1614071700000,46800,48576.2,46025,48375,140.43110369
1614072600000,48452.7,48665.6,47576.1,48012.5,91.42907978
1614073500000,47990.9,48189.8,47585.6,48052.4,44.37716258
1614074400000,48047,48961.4,47918.4,48498.3,71.6544675
1614075300000,48498.3,48576.4,47758.2,47906.8,47.05831692
1614076200000,47907.5,47933.6,46553.8,47208.5,88.61290361
1614077100000,47206.8,47569.4,46710.7,47531,65.15592844
1614078000000,47530.5,48329.7,47315.5,47912.4,76.5809831
1614078900000,47912.4,47961.7,46235.6,46844.2,110.9194358
1614079800000,46836.6,46965.3,45206.1,45231.4,116.63249344
1614080700000,45222.9,46491.3,44900,46377,181.31430668
1614081600000,46402.9,46793.5,46009.7,46597.2,115.7306218
1614082500000,46597.2,47581.6,46430.3,46445.5,86.35960758
1614083400000,46444.4,48573.4,45778.1,47687.1,150.48794942
1614084300000,47662.1,49441.8,47662.1,48686.5,204.86097046
1614085200000,48686.5,49284.6,48240,49267.1,119.13023545
1614086100000,49248,49604.1,48492.3,48687.5,112.98521034
1614087000000,48685.3,48997.8,48070.5,48122.3,36.90199497
1614087900000,48127,49064.3,48118.8,48747.9,30.18376518
1614088800000,48756,49142.3,48656,48916.2,19.57521425
1614089700000,48918,48934.6,48458.3,48498.8,32.55595662
1614090600000,48498.8,48699.9,46612.6,46656.9,77.20671755
1614091500000,46657,47314.8,45713.1,46983.8,111.51653199
1614092400000,46983.3,48465.7,46666.2,47931,122.43491278
1614093300000,47906.7,48780.9,47473.3,48615.8,90.66052074
1614094200000,48615.8,49061.7,48081.9,48951.5,112.76222882
1614095100000,48951.5,49384.9,48230.9,48605.3,128.45303588
1614096000000,48605.3,49241.1,48274.2,48536.9,90.86217444
1614096900000,48536.7,48729.2,47594.4,48187.1,107.93133445
1614097800000,48186.2,48445.6,47328.9,47430.2,143.31359995
1614098700000,47442,47957.4,47250,47372.5,88.67959598
1614099600000,47372.5,47856.5,46900,46948.1,98.70834484
1614100500000,46958.4,47957.2,46902.5,47840.6,87.04268094
1614101400000,47840.5,48171.8,47240.4,47320.6,76.75008086
1614102300000,47320.6,47499.3,46965.3,47173.8,86.58325698
1614103200000,47173.8,47517,46532.2,46535.8,111.6325922
1614104100000,46535.9,47442,46500,47320.4,124.34505026
1614105000000,47320.4,47760.5,47204.2,47486.6,80.1768426
1614105900000,47465.1,47703,46762.5,46880.8,101.52629696
1614106800000,46870.1,47256.8,46705.9,47052,69.83096286
1614107700000,47051.9,47052,46518.6,46899.1,91.87177213
1614108600000,46899,46899,45509.5,45648.2,180.30380977
1614109500000,45658.9,46224.4,45516.1,45516.1,182.83874855
1614110400000,45532.4,46590.5,45262.4,45883.6,149.99751848
1614111300000,45884.2,46915,45700,46850.1,105.66133617
1614112200000,46855.3,47500,46762.6,47272.2,119.3487492
1614113100000,47272.2,47817,47145.5,47817,70.16070925
1614114000000,47816.9,48463.4,47352.1,47948,125.10484984
1614114900000,47939.6,48307.2,47843.2,48057.5,81.35179824
1614115800000,48057.5,48443,47715.3,48412.3,67.6921896
1614116700000,48412.3,48432.5,47782.6,47950.8,60.90206782
1614117600000,47941.4,48338,47775,48309.4,32.60263823
1614118500000,48309.3,48722.1,48073.5,48181,60.19695135
1614119400000,48180,48266.3,47910.4,48145.8,42.69157827
1614120300000,48132.8,48706.5,48116.2,48592.1,74.47510095
1614121200000,48595.1,48783.1,48395.4,48740.4,52.66348329
1614122100000,48750,48861.6,48160.5,48410.5,61.83694337
1614123000000,48410.5,48530.9,48206.4,48259.3,60.45687448
1614123900000,48251.2,48924.7,48237.3,48908.3,45.09546498
1614124800000,48902.9,49090.2,48111.1,48122.1,80.87009056
1614125700000,48122,48122,47003.2,47233,133.64205903
1614126600000,47233,47832.6,47200.6,47712.1,89.0690464
1614127500000,47711.9,48495,47704.3,48467.4,57.9595277
1614128400000,48455.3,49000,48445.9,48730.6,104.7955677
1614129300000,48728.6,49400,48721.2,49160.2,45.4045662
1614130200000,49179.6,49893.5,48748.9,49721,104.9244645
1614131100000,49721,50208.9,49504.7,50181.3,81.07582702
1614132000000,50182.1,50520,49828.5,50288.7,86.4595026
1614132900000,50288.6,50329.7,49774.2,49995.5,70.19816731
1614133800000,49997.1,50431.8,49997.1,50055.2,58.69618103
1614134700000,50049.3,50416.1,50049.3,50160.4,53.37564964
1614135600000,50160,50505.4,50032.4,50364.2,74.64280728
1614136500000,50363.3,50447.7,50157.9,50235.3,44.00408378
1614137400000,50235.3,50524.2,50218.4,50410.1,43.44582806
1614138300000,50410.2,50975,50269.1,50874.8,69.51249442
1614139200000,50874.9,51289.9,50847.1,51248.6,63.81183102
1614140100000,51248.7,51345.9,50630.4,50664.4,84.42719099
1614141000000,50672.7,50856.6,50341.5,50348.6,75.16661811
1614141900000,50352.1,50920.8,50352.1,50621.4,55.90408733
1614142800000,50621.4,51030.4,50621.4,50625.4,45.17379428
1614143700000,50622.5,50622.5,50019.6,50401.2,81.15154852
1614144600000,50393.9,50554.6,50136.5,50412.3,63.43626373
1614145500000,50409.1,50517.5,50192.4,50228.1,27.56762143
1614146400000,50231,50700.7,49546.1,49740.7,99.64714394
1614147300000,49739.5,50121.1,49437,49670.1,115.38067437
1614148200000,49661,50064.3,49551.5,50060,66.77603393
1614149100000,50049,50405.1,49930.6,50108.8,53.07457418
1614150000000,50108.8,50185.2,49555.6,49561.6,44.56902133
1614150900000,49561.6,50041.9,49552,49706.9,39.17538315
1614151800000,49712.9,50239.9,49712.9,50103.4,47.56405968
1614152700000,50103.3,50358,49989.5,50084,31.38677306
1614153600000,50098,50495.4,49806.5,50490.1,50.93647166
1614154500000,50490,50887.8,50490,50641.5,54.56528184
1614155400000,50641.5,50855.3,50376.1,50410.1,42.57513704
1614156300000,50414.3,50716.6,50249.1,50638.2,40.00596257
1614157200000,50635.8,50635.9,50326,50553,31.24064888
1614158100000,50553.1,50941.2,50551.5,50714.8,43.98654268
1614159000000,50731.2,51361.9,50722.1,51238.9,42.66968925
1614159900000,51242.6,51300,50822.8,50844,44.22298518
1614160800000,50844,50990.6,50560.9,50609.4,54.77961455
1614161700000,50609.5,50623.1,50142.8,50406.3,53.2168722
1614162600000,50406.3,50586.2,50232.5,50523,40.68428719
1614163500000,50528.3,50584.5,50062.6,50074.2,32.92115539
1614164400000,50074.2,50584.9,50074.2,50379.6,27.35369281
1614165300000,50390,50881.8,50229,50716.4,35.45889284
1614166200000,50716.4,50836.5,50340.3,50362.7,28.22648674
1614167100000,50365.7,50472.5,50201.5,50362.2,25.46377503
1614168000000,50362.3,50821.1,50335.3,50821,29.07488732
1614168900000,50814.1,51171.7,50711.1,51130,31.97183188
1614169800000,51129.9,51283.9,50862,50879.9,31.58649788
1614170700000,50880,51025.9,50627.7,50733,18.24963059
1614171600000,50736.4,51083.7,50360,50433.9,51.06361291
1614172500000,50431.8,50431.8,49500,49611.8,96.98621267
1614173400000,49611.9,49801.4,49080.5,49461.1,81.24098429
1614174300000,49455.3,49853.9,49291.3,49464,39.6791109
1614175200000,49467.8,49760.3,49154.7,49423.2,32.22579
1614176100000,49423.2,49633.9,49306,49478.3,38.42806925
1614177000000,49468.8,49663.5,48777.3,48781.3,62.40716261
1614177900000,48781.4,49418.1,48774.6,49393.9,60.28034376
1614178800000,49397.5,49609.3,48845.7,48922.9,38.41284374
1614179700000,48922.9,49179.2,48370,49144.8,135.59930505
1614180600000,49140.5,49561.4,48973.6,49214.1,47.17005438
1614181500000,49201.7,49875,49185.3,49816.6,50.08871706
1614182400000,49816.6,50130.8,49609.9,49744,54.24253929
1614183300000,49743.9,49816.5,49400.1,49472.8,34.41019814
1614184200000,49482.9,49827.5,49461.9,49578.3,27.7817515
1614185100000,49584.5,49766.6,49285.7,49302.7,30.76619404
1614186000000,49302.5,49928,49302.5,49718,33.44235216
1614186900000,49729.6,49911.5,49668.7,49703.7,20.95808891
1614187800000,49703.6,49867.9,49530.3,49843.8,40.22502744
1614188700000,49845.1,50048.7,49725.3,50030,19.16464025
1614189600000,50037,50037.4,49560.8,49624.5,21.41904857
1614190500000,49624.4,49768.2,49494.5,49636.9,27.86919942
1614191400000,49636.8,49956.4,49613.9,49853.1,13.26069193
1614192300000,49853.1,49853.2,49492.5,49562.3,18.83092842
1614193200000,49568.6,49680.9,49319.5,49342.8,23.27355199
1614194100000,49342.9,49556.5,49338,49404.3,26.67543578
1614195000000,49404.3,49404.3,48832.2,48973.9,48.95976183
1614195900000,48974,49190.7,48772.8,48961.7,38.45388969
1614196800000,48961.5,49254.7,48824.4,49169.2,34.64805144
1614197700000,49166.5,49172.3,48716.4,48877.1,37.68371831
1614198600000,48876.9,49001.8,48592,48635.8,53.49143013
1614199500000,48635.9,49185.3,48635.9,49110.3,34.74876867
1614200400000,49098.4,49146.6,48501,48501.1,29.79991605
1614201300000,48501,48591.3,48114.1,48144.1,59.41856148
1614202200000,48144.1,48514.9,48124.9,48442,37.23373631
1614203100000,48440.2,48887.8,48076,48711.7,45.82652137
1614204000000,48711.7,48711.7,48034.2,48107.9,47.20534626
1614204900000,48129.6,48705.4,48129.6,48686.6,27.3188682
1614205800000,48686,48955.7,48557.9,48573.9,49.97664908
1614206700000,48573.4,48891.9,48470.5,48812.3,35.43922224
1614207600000,48811.3,49548,48739.3,49362.5,46.19335955
1614208500000,49349.7,49436,49084,49301.6,42.84627222
1614209400000,49301.7,49729.4,49301.7,49562.6,33.62875022
1614210300000,49556,49740,49470,49685.2,36.49677345
1614211200000,49676.5,49929.4,49560,49560,33.44611896
1614212100000,49560.1,50363.3,49531.2,50320.3,49.9597522
1614213000000,50320.3,50852.2,50320.3,50765.2,44.57343229
1614213900000,50760.2,50851,50423.2,50504.8,54.53495575
1614214800000,50504.8,50873,50429.5,50846.2,28.19953356
1614215700000,50848.8,50869.2,50567.6,50824.6,18.74341777
1614216600000,50824.6,50824.7,50541,50725.4,15.49823973
1614217500000,50725.3,50774.1,50340,50512,27.94803038
1614218400000,50512,50815.7,50420.2,50739.2,27.25130726
1614219300000,50743.4,50819.6,50459.8,50485.9,26.19529898
1614220200000,50486,50807.2,50474.7,50795.6,43.62771943
1614221100000,50795.6,50795.6,50542.9,50659.2,18.56123048
1614222000000,50656.2,50656.2,50461.8,50506.9,15.93047547
1614222900000,50506.9,50506.9,50056.2,50114.1,62.81538643
1614223800000,50114.4,50359.8,50114.4,50323.1,15.87002741
1614224700000,50323,50493.9,50148.1,50208.4,26.95088066
1614225600000,50208.4,50249.4,49830.6,50050,40.77122857
1614226500000,50057.3,50352.4,50003.8,50286,33.73087518
1614227400000,50286,50293.6,49857.2,49992,22.89936975
1614228300000,49985.1,50083.5,49571.8,49619.7,29.16916376
1614229200000,49619.7,49825.7,49540.1,49765.8,30.12296218
1614230100000,49765.8,49935.1,49622.4,49690.3,29.41080548
1614231000000,49695,50244.4,49569,49987.4,43.89987206
1614231900000,49991.3,50425.4,49879.7,50371.8,22.48412132
1614232800000,50380.8,50522.6,50250,50406,35.4454207
1614233700000,50406,50489.5,50226.1,50278.2,14.34388535
1614234600000,50287.7,50467.5,50256.9,50427.1,12.23628516
1614235500000,50427.2,50558.5,50360.3,50458.2,10.49021401
1614236400000,50458.1,50484.8,50112.3,50321.1,20.39526465
1614237300000,50321.1,50542.9,50321.1,50479.5,15.33570679
1614238200000,50479.6,50506.2,50331.3,50452.2,13.0532991
1614239100000,50456.8,50508.3,50401.8,50401.9,8.11084397
1614240000000,50401.9,50507.9,50102.9,50153.6,22.04877672
1614240900000,50161.8,50224,49834.8,50054.2,27.02582154
1614241800000,50058.9,50080.8,49909.8,50035.1,10.95918662
1614242700000,50035.1,50036.5,49550,49685.3,31.52299641
1614243600000,49689.9,49832,49199.6,49254.8,53.59923876
1614244500000,49254.7,49399.9,48781,48945.9,49.22037677
1614245400000,48945.9,49179.7,48596.3,48781.6,33.53828465
1614246300000,48775.8,49165.5,48716.3,48978.5,22.90493154
1614247200000,48978.5,49314,48970.4,49251.9,18.02832733
1614248100000,49251.9,49336.4,48823.4,49086.4,16.09854391
1614249000000,49086.4,49241.7,49050.4,49207.5,8.62255522
1614249900000,49207.4,49720,49207.4,49546.9,20.69075721
1614250800000,49549.1,49884.8,49549.1,49778.9,22.73029035
1614251700000,49778.9,49967.9,49611,49612.5,13.98779568
1614252600000,49618.7,49954.2,49618.7,49778,16.95054392
1614253500000,49778,50406.4,49777.9,50293.6,21.07358168
1614254400000,50298.8,50731.1,50227,50278.9,37.58395054
1614255300000,50278.9,50393.3,50088.5,50352.6,43.01658464
1614256200000,50360,50549,50277.6,50529.3,34.52286936
1614257100000,50523.7,51476.8,50450.5,51476.7,58.40246446
1614258000000,51476.7,52019.6,51476.7,51719.8,101.47364914
1614258900000,51725.8,51766.2,51313.8,51437.1,42.59660384
1614259800000,51429,51623.8,51052.3,51469.2,35.74592493
1614260700000,51469.3,51469.3,51177.3,51354.3,25.60064224
1614261600000,51354.4,51526.2,51177.9,51433.5,26.88782987
1614262500000,51446.6,51476.3,50826.1,50846.2,34.7921046
1614263400000,50852.6,51275.6,50613.1,50723.8,39.64767025
1614264300000,50718,50979.1,50647.8,50834.1,23.06961422
1614265200000,50834,51170.1,50749.1,51044.5,32.18205135
1614266100000,51044.5,51364.5,50929.7,50931.3,37.47715162
1614267000000,50931.7,51095,50700,50867,48.08308745
1614267900000,50877.6,51010.1,50512.2,50837.6,48.83977864
1614268800000,50837.7,51060.9,50576.4,51060.9,39.5833384
1614269700000,51060.8,51398.1,50923.9,51077.1,36.95844807
1614270600000,51077.2,51227.7,50914.8,50990.5,25.01716881
1614271500000,50990.5,51057.1,50617.6,50640.3,35.63125378
1614272400000,50640.2,50667.7,49860.7,50100.7,53.66643022
1614273300000,50091,50330.4,49687.5,49715.6,44.38009649
1614274200000,49715.6,49965.5,49550,49636.1,75.34239816
1614275100000,49634.4,49900.8,49298,49539.1,55.3162735
1614276000000,49539.9,49956.6,49417.8,49797.7,39.96476669
1614276900000,49806.3,50066.1,49646.1,49752.5,31.56226267
1614277800000,49747.9,49905.4,49469.4,49702.7,41.11811003
1614278700000,49698.4,49783.6,49229.5,49563.5,44.20903406
1614279600000,49563.6,49991,49280.2,49478.8,55.60138757
1614280500000,49478.9,49859.3,49298.2,49542.1,52.78784124
1614281400000,49528.9,49751.6,49459.6,49678.2,27.48003992
1614282300000,49678.1,49776.4,49429.3,49435.9,36.11166764
1614283200000,49443,49443,48812.7,48871.8,65.46318401
1614284100000,48871.8,49539.4,48797.8,49106.7,50.36229351
1614285000000,49106.7,49291.7,48485.3,48819.4,78.04611721
1614285900000,48819.4,49206.3,48703.6,49145.7,35.82783809
1614286800000,49137.5,49271,48872.7,49032.2,32.72198547
1614287700000,49037.9,49290.4,48571.4,48902.5,55.13064139
1614288600000,48902.6,48902.6,48543.5,48650.5,35.76870972
1614289500000,48650.4,48650.5,48069.5,48089.3,81.00242345
1614290400000,48094.1,48312,47490.9,47914.9,116.40204608
1614291300000,47914.9,48705.4,47620.5,48701.3,71.87632043
1614292200000,48701.2,48876.7,48187.7,48339.9,74.3092754
1614293100000,48341.4,48488.6,47806.9,48223.4,55.35441462
1614294000000,48222.1,48222.1,47642.5,47932.8,63.89741444
1614294900000,47932.6,48449.9,47803,48282.8,55.79153335
1614295800000,48268.8,48358.5,47251,47357.4,57.37529453
1614296700000,47343.6,47618.1,46624.4,47082.7,126.81324758
1614297600000,47082,47590.3,46535,47496.9,124.21682595
1614298500000,47494,47600,46714.3,46736.4,97.24803142
1614299400000,46751.8,46758,45900.6,46174.5,100.73535044
1614300300000,46173.6,46846.1,46006.7,46790.2,75.78984289
1614301200000,46796.2,47206.8,46532.2,46973.4,88.52476869
1614302100000,46977.1,47537.2,46744,47161.4,76.17760571
1614303000000,47161.4,47384.4,46637.6,47089.7,42.40729015
1614303900000,47089.6,47089.6,46254.2,46466.2,63.84686594
1614304800000,46486.9,46943.8,46141.3,46827.8,71.01474977
1614305700000,46827.9,47376.5,46820.2,47257,66.45186458
1614306600000,47257,47776.5,46782.4,47750.1,63.39223586
1614307500000,47748.6,47758.7,47325,47341.8,45.74649582
1614308400000,47341.9,47632,46729.2,46729.3,48.39149217
1614309300000,46729.3,47372.1,46729.3,47372.1,30.20058324
1614310200000,47372,47493.9,47001.2,47229.8,33.31489055
1614311100000,47229.9,47498.1,47132.5,47334.7,26.72653193
1614312000000,47343.8,47737.9,47343.8,47442.6,25.35934416
1614312900000,47442.6,47774.5,47240.1,47485.1,25.86408001
1614313800000,47485.1,47565.8,47019.8,47089.8,34.9242294
1614314700000,47094,47144.4,46823,47027.6,23.76125153
1614315600000,47026.3,47190.2,46517.3,46699.3,51.00703671
1614316500000,46699.2,46956.4,46451.3,46651.9,39.18023347
1614317400000,46651.8,46835,46211.9,46223.3,36.73795896
1614318300000,46227.8,46392.8,45517,45522.7,107.70710369
1614319200000,45522.7,46263.7,45522.7,46103,66.52586916
1614320100000,46106.4,46468.8,45757,45838.7,50.5618664
1614321000000,45835.7,46280.3,45786.8,46033,49.24926263
1614321900000,46044.1,46463,45949.9,46080.6,40.86948341
1614322800000,46080.7,46429.3,46035.7,46050,33.38278126
1614323700000,46050,46088,45001.5,45370.9,132.30458933
1614324600000,45371,45655.6,44196.2,44397.2,187.49913908
1614325500000,44397.2,44972.5,44135,44968.2,135.98666387
1614326400000,44968.3,45484.1,44933.1,45460.4,87.50072988
1614327300000,45431.6,45861.5,45090.8,45659.4,72.48291814
1614328200000,45657.8,45945.8,45513.7,45709.3,53.87592966
1614329100000,45696.1,45923.4,45565.5,45721.7,42.20057337
1614330000000,45721.5,46604.7,45335.6,46339.2,79.43372213
1614330900000,46333.6,46404.1,45925.3,45925.3,72.04890978
1614331800000,45925.2,46177.5,45778.9,46096.2,35.02736686
1614332700000,46096.2,46591.2,45995.7,46417,43.01080956
1614333600000,46417,46615.2,46184.1,46423.1,27.68383012
1614334500000,46416.1,46831.3,46190.3,46621.1,57.55277144
1614335400000,46621.1,46867.2,46525.7,46581.4,42.71396211
1614336300000,46559,46699.8,46347.3,46693.5,31.46814558
1614337200000,46691.1,46836.2,46399.1,46412.8,29.57239911
1614338100000,46403.3,46481.6,45999.5,46197.6,39.32429668
1614339000000,46200.2,46315.6,45666.9,45792.6,48.14607421
1614339900000,45792.5,46457.8,45740,46425.9,46.5375891
1614340800000,46425.9,46713.3,46316.8,46442.1,32.39462183
1614341700000,46425,47128.8,46414.4,47080.1,38.130389
1614342600000,47080.1,47258.3,46827.9,47070.6,29.04212047
1614343500000,47065.8,47065.8,46717.4,46817.6,24.43270904
1614344400000,46817.6,46978.6,46294.4,46535.7,34.15081827
1614345300000,46535.7,46686.9,46016.4,46176.8,45.92178529
1614346200000,46176.2,46485.1,46099.9,46179.6,71.05035697
1614347100000,46179.6,46605.4,45840.4,45947.5,47.64882986
1614348000000,45949.5,46430.6,45840.1,46068.5,62.31678586
1614348900000,46068.5,46854,45941.2,46782.3,68.3045156
1614349800000,46784.9,47420.7,46784.9,47360.7,56.446742
1614350700000,47358,47401,46841.5,46863.5,41.73666282
1614351600000,46863.5,46883.4,46367.8,46562.1,45.14814886
1614352500000,46569.6,46763.3,46339.1,46339.1,34.9131808
1614353400000,46341.5,47591.2,46341.4,47454.3,68.70096736
1614354300000,47473.9,47846.9,47473.9,47576.7,45.70586313
1614355200000,47581.2,48083,47466.3,47736.6,76.85976233
1614356100000,47736.6,48213.1,47628.9,47878.2,53.96808943
1614357000000,47877.8,48000,47699.2,47722.3,29.34055128
1614357900000,47722.3,48165.5,47565.3,48129.1,48.18761862
1614358800000,48129.1,48408.8,48021.7,48070.9,55.02353654
1614359700000,48070.8,48074.8,47736.4,47817.3,36.00096318
1614360600000,47817.4,48067,47608.4,47742.1,32.88127022
1614361500000,47742.1,47781.7,47549,47662.5,27.30513707
1614362400000,47662.5,47863.6,47662.5,47765,19.35328865
1614363300000,47765,47835.1,47364.6,47376.2,41.41046241
1614364200000,47388,47799.2,47384,47740.4,51.69346035
1614365100000,47740.4,47740.5,47268.1,47312.6,66.99510279
1614366000000,47312.6,47467.9,47010.4,47249,52.26974915
1614366900000,47250.7,47326.3,47111.5,47202,24.89306448
1614367800000,47202,47259.1,46607.5,46632.9,48.940637
1614368700000,46632.9,47070,46632.9,46943.3,55.81124919
1614369600000,46943.4,47104.2,46778.4,46817.7,38.1049566
1614370500000,46820,46951,46150,46189.1,76.93583913
1614371400000,46189.1,46680,46071.6,46572.5,56.52570471
1614372300000,46572.4,46914,46231.5,46261.5,33.4453959
1614373200000,46256.1,46673.2,46080,46385.9,46.09203456
1614374100000,46386,46825,46319.7,46755.4,71.84741165
1614375000000,46751.6,46812.6,46298.9,46452.5,39.41107788
1614375900000,46464.5,46464.5,45519,45686.4,116.47479649
1614376800000,45686.3,45788.4,44821,45165.4,117.56988518
1614377700000,45165.4,45980,45065.1,45743.4,107.687637
1614378600000,45742.8,45941.8,45378.5,45875,46.90555614
1614379500000,45873.2,45968,45484.5,45484.5,33.12216823
1614380400000,45484.5,46121.7,45392,46000,38.7006048
1614381300000,46000,46396.1,45739,46222.9,67.2895268
1614382200000,46220.1,46400,46122.5,46266.9,39.50797881
1614383100000,46274.2,46425.6,46130.4,46289.6,29.48589944
1614384000000,46290.2,46897.8,46164.2,46682,46.7615819
1614384900000,46681.8,47000.1,46482,46729.7,46.0195476
1614385800000,46727.9,47262.1,46686.7,47149.9,67.97878209
1614386700000,47149.9,47548.7,47097.8,47522.2,24.56758446
1614387600000,47522.2,47763.1,47346.9,47444.8,45.07855074
1614388500000,47444.8,47607.6,47344.1,47559.4,27.94865439
1614389400000,47559.4,47955.1,47410.4,47778.4,45.67228196
1614390300000,47783.1,47925.3,47675,47758.4,20.45303734
1614391200000,47759.1,47903.9,47534.1,47683.9,40.41344904
1614392100000,47684,47777.7,47554.6,47717.3,18.94112513
1614393000000,47725.5,48065.1,47486.9,47496.6,26.34912305
1614393900000,47496.6,47600,47199.4,47359.4,41.85156862
1614394800000,47359.4,47718.9,47263.4,47650.2,29.89989101
1614395700000,47650.7,47925.7,47360,47490.6,30.47473231
1614396600000,47490.7,47832,47490.7,47609.1,26.86712132
1614397500000,47612.5,47906.4,47430.2,47430.2,28.00919858
1614398400000,47430.7,47723.4,47289.1,47376.1,26.21339423
1614399300000,47376,47771,47256.4,47743.8,30.46597571
1614400200000,47743.8,47858.9,47545.4,47756.7,34.60482559
1614401100000,47751,47908.9,47662.1,47666.1,26.58369146
1614402000000,47666.1,47944.3,47539.9,47697.2,24.71637958
1614402900000,47697.2,47724.1,47478.8,47558.8,21.71800287
1614403800000,47566.1,47757.9,47468.8,47715.8,15.36147573
1614404700000,47715.8,47820.3,47516.8,47795.1,20.34483503
1614405600000,47795.1,47906,47655.2,47693,16.50840363
1614406500000,47698,47758.9,47590.2,47720.6,15.7358806
1614407400000,47709.2,48381.9,47709.1,48317,38.58973666
1614408300000,48318.8,48326.4,47533.3,47558.7,30.82891869
1614409200000,47558.7,47623.4,46910,47182.5,70.38215999
1614410100000,47184.4,47423,47101.2,47351.9,25.59662319
1614411000000,47355.7,47363.4,47019.2,47061.7,30.19122047
1614411900000,47062,47265.8,46953.7,47164.3,15.74202619
1614412800000,47164.2,47272.5,47077.2,47157.7,21.6176566
1614413700000,47156.6,47282.5,46517.7,46554.9,36.973516
1614414600000,46554.9,46752.2,46429.9,46722.7,30.47104535
1614415500000,46723.3,46778.4,46388.5,46626.2,27.28605745
1614416400000,46626.2,46626.2,46298.9,46479.5,17.63755749
1614417300000,46479.5,46815.7,46407.4,46563.9,52.94080593
1614418200000,46564,46692.6,44836.5,46348.3,111.46748093
1614419100000,46342.2,46785.5,46306.7,46671.9,27.84943452
1614420000000,46668.8,47033.6,46606.6,46727.5,28.9193068
1614420900000,46727.6,46957.8,46673.2,46834.5,13.10257711
1614421800000,46828.4,46945.2,46743,46932.2,11.82216518
1614422700000,46930,47089.7,46783.7,46783.7,12.42378831
1614423600000,46782.9,46958.4,46707.6,46805.2,17.56298503
1614424500000,46805.2,47338.6,46801.4,47269.7,23.2846375
1614425400000,47269.7,47633.9,47225.6,47456.2,27.31370132
1614426300000,47452.8,47478.2,47164.5,47289.1,23.24593914
1614427200000,47299.7,47447.4,47168.8,47375.1,21.40847503
1614428100000,47375.1,47446.5,46740.9,47005.9,39.06035268
1614429000000,47016.7,47796,46858.6,47557.1,46.32266489
1614429900000,47557,47557,47329.3,47419.3,21.14014313
1614430800000,47428.2,47540.3,47294.6,47388.7,14.82962016
1614431700000,47384.6,47589.7,47070,47572.2,24.17628186
1614432600000,47567.6,47632.9,47281.1,47522.5,28.21191546
1614433500000,47522.4,47693.9,47415,47440.6,23.62207457
1614434400000,47440.7,47611.1,47325.5,47462.3,22.69419551
1614435300000,47462.3,47520.7,47220.3,47259.4,22.26886788
1614436200000,47259.5,47259.5,46842.1,46882.8,29.73300969
1614437100000,46871.8,47087.1,46871.8,47068.9,28.62686167
1614438000000,47073.8,47225,46999,47208.5,14.47091552
1614438900000,47208.6,47365.4,47018.9,47058.4,29.75209185
1614439800000,47058.2,47058.2,46344.4,46547,59.20511066
1614440700000,46547,46732.1,46421.3,46516.6,27.48882686
1614441600000,46527.8,46804.4,46284,46750.3,33.33554887
1614442500000,46750.4,46938.3,46689,46933.4,27.74273339
1614443400000,46938.4,46938.4,46623.1,46839.2,19.47760992
1614444300000,46839.2,46907.5,46744.5,46886.8,15.14195591
1614445200000,46886.5,46924.2,46704.9,46869.7,16.24061754
1614446100000,46870.4,47168.4,46849.6,46980.5,34.27285558
1614447000000,46977.7,47061.4,46820.2,46891.6,12.86928401
1614447900000,46904.1,47058.4,46826.4,47030.2,23.45217741
1614448800000,47030.1,47135.8,46911.6,46968.5,20.00698421
1614449700000,46968.6,47070.1,46905.9,47049.9,13.8880823
1614450600000,47050,47321.1,47049.9,47244.7,22.41794421
1614451500000,47244.6,47301.1,47105.7,47138.4,10.29827846
1614452400000,47138.4,47441.9,47038.4,47383.6,32.51911978
1614453300000,47369.7,47372.5,47121.4,47185,12.37001046
1614454200000,47183.6,47277.4,47162.3,47248.2,11.57291766
1614455100000,47248.2,47431.2,47248.1,47402.7,16.76604476
1614456000000,47402.7,47540.9,47185.3,47268.7,21.68235941
1614456900000,47262.9,47398.6,47240.2,47312.4,18.82340543
1614457800000,47319,47382,46910,46997.8,33.48066174
1614458700000,46997.8,47221.9,46912.5,47073.8,19.85849322
1614459600000,47073.9,47163.7,46997.9,47103,14.01994377
1614460500000,47103.9,47149.9,46947.6,47043.9,11.82020627
1614461400000,47043.8,47091.5,46602,46721.7,32.10206051
1614462300000,46721.6,46867.6,46518.2,46823.5,28.64634595
1614463200000,46823.5,46832.7,46563.9,46593.2,27.50825125
1614464100000,46589.8,46589.8,46266.5,46340.9,60.37783572
1614465000000,46340.9,46659.9,46339.4,46550.5,16.08208088
1614465900000,46550.6,46559,45757.4,45831.8,47.68623157
1614466800000,45831.3,45957.4,45413.7,45441.6,79.00521288
1614467700000,45435.7,45630.9,45000,45180,81.94913239
1614468600000,45180,45794.8,45096.4,45741.8,47.94355765
1614469500000,45736.1,46440.3,45702.8,46114.4,61.48862299
1614470400000,46111.3,46339,45590.9,46145.4,84.13146257
1614471300000,46142.2,46573.7,46136.2,46256,45.60011244
1614472200000,46255.9,46384,46021.6,46135.7,30.91653868
1614473100000,46135.3,46626.1,46116.4,46346.1,21.47101084
1614474000000,46346.1,46527.9,46199.9,46454,16.83797382
1614474900000,46454.1,46594.2,46267.9,46467.3,17.10627793
1614475800000,46467.2,46480.5,46107.3,46280.3,23.49390295
1614476700000,46280.4,46513.9,46229,46445.5,15.60600095
1614477600000,46442.6,46495.3,46138.5,46175.6,16.99829002
1614478500000,46175.6,46213.9,45710,45834.7,51.57768386
1614479400000,45840.8,45963.8,45500,45511.6,45.66666061
1614480300000,45511.5,45653.5,45250.1,45400,47.16685479
1614481200000,45400,45584.5,45125,45454.3,36.58203534
1614482100000,45456.3,45717.1,45231.2,45418.8,32.96889791
1614483000000,45403.6,45507,44563.5,44667.4,65.86165541
1614483900000,44667.4,45125.3,44455,44622.1,105.21042433
1614484800000,44624,44862.5,44272.3,44578.3,77.19812353
1614485700000,44580.1,44915.4,44490.6,44643.1,52.07327504
1614486600000,44643,45096.7,44635.6,44826.1,38.04277808
1614487500000,44826.1,44904.3,44327.9,44371.7,41.47980286
1614488400000,44371.7,44937.2,44196.7,44864.6,45.66232225
1614489300000,44864.6,45517.2,44761.9,45075.8,63.07540315
1614490200000,45063.7,45287.8,44818.1,44855.2,46.28939645
1614491100000,44850.7,44874.9,44527.1,44776,54.29651819
1614492000000,44775.9,44799.8,43713.8,43899.1,125.45668057
1614492900000,43889.5,44901.1,43809.9,44868.6,88.66181138
1614493800000,44872.7,44956.8,44456,44623,41.87696011
1614494700000,44623,44786.3,44301,44352.1,33.60361152
1614495600000,44355.4,44607.8,44082.7,44355.5,46.3553701
1614496500000,44347.9,44769.9,44347.7,44549.5,28.8326424
1614497400000,44549.5,44633.5,44217.7,44322.8,19.196588
1614498300000,44322.7,44750,44274.9,44410.7,24.66031637
1614499200000,44405.2,44894.5,44382.8,44676.5,37.18352069
1614500100000,44681.1,45090.8,44577.7,45085.6,43.01657521
1614501000000,45091.4,45262.8,44812.4,44938.9,33.53382615
1614501900000,44938.5,44938.5,44778.7,44864.6,20.07770585
1614502800000,44861.8,45318.8,44690,45291.3,47.13552528
1614503700000,45279.1,45529.5,45077.2,45115,97.88015266
1614504600000,45120.4,45230.4,45000,45200.3,21.18811108
1614505500000,45190.3,45325.7,45060,45069.7,16.66775948
1614506400000,45069.7,45142.6,44770,45142.5,24.26864403
1614507300000,45142.5,45500,45084.3,45336.5,25.54409568
1614508200000,45336.6,45426.8,45137.8,45140.2,25.59662977
1614509100000,45146.9,45275.9,45146.8,45182,9.50584444
1614510000000,45182,45342.1,44988.2,45342.1,27.26860889
1614510900000,45342,45481.5,45208.2,45351.6,26.17692392
1614511800000,45351.5,45392.6,45206.4,45388.1,11.40456904
1614512700000,45388.1,45467.9,45213.9,45269.3,12.60040344
1614513600000,45277.9,45477,45275.5,45281.3,15.21885979
1614514500000,45281.3,45296.7,44739.5,45023.2,36.94851348
1614515400000,45023.3,45031.2,44512.5,44652.1,37.50433561
1614516300000,44652.1,44802.7,44565.4,44756.9,11.53733215
1614517200000,44757,44876.6,44385,44674.6,33.97951698
1614518100000,44677.3,44758.8,44435,44450,33.13136563
1614519000000,44449.9,44623,44432.6,44602.7,15.59630182
1614519900000,44602.8,44650.1,44151,44159.6,22.72475567
1614520800000,44172.4,44350,43604.9,43740.7,147.83045117
1614521700000,43748.1,44350,43584.8,44182.1,104.61457653
1614522600000,44171,44438.8,44130.7,44386.4,37.39854934
1614523500000,44386.4,44639.8,44235.4,44581.2,25.77817841
1614524400000,44562.9,44621.1,44231,44322.7,36.14759233
1614525300000,44322.8,44322.8,43724.6,43748.6,42.84540544
1614526200000,43748.6,43839.9,43278.7,43312.5,98.04539308
1614527100000,43311.8,43585.6,43167.2,43409.8,48.4938891
1614528000000,43394.8,43896.4,43004.3,43403.5,84.21933298
1614528900000,43409.4,43679.8,43223.5,43344.6,52.25118361
1614529800000,43344.6,43768.5,43310,43641.1,47.78831974
1614530700000,43641.1,43744.4,43503.4,43521.7,27.32921892
1614531600000,43514.7,43714.2,43268.4,43591.3,41.16946716
1614532500000,43591.7,43925.7,43487.9,43543,26.45944302
1614533400000,43543,43569.8,43371.7,43528.1,20.97790895
1614534300000,43526.8,43647.9,43099,43127.2,28.99266543
1614535200000,43125.3,43525.5,43043.3,43491,48.80193919
1614536100000,43491,43625.6,43294.5,43601.3,48.88588431
1614537000000,43601.2,43659.2,43294.9,43506.4,25.1156019
1614537900000,43506.3,43769.2,43506.3,43686.3,23.42619746
1614538800000,43686.3,43899.4,43664.5,43701.5,32.8044717
1614539700000,43701.6,43774.9,43456.2,43500,24.47068052
1614540600000,43501.8,43770.4,43501.8,43758.7,20.95122278
1614541500000,43758.8,44522.8,43758.7,44421,61.22505488
1614542400000,44407.9,44544.8,44268.2,44317.8,35.79659187
1614543300000,44317.9,44472,44103,44280.7,45.79459759
1614544200000,44271.9,44319.2,44126,44227.6,25.5404004
1614545100000,44227.6,45000.1,44227.3,44876.1,65.17093494
1614546000000,44875.3,45359.3,44875.3,45172.9,50.83162734
1614546900000,45178.1,45217.4,44875.1,45059.2,38.43752849
1614547800000,45059.2,45317,45059.2,45288,26.3968308
1614548700000,45288.1,45313.1,45129.4,45134.8,19.43400165
1614549600000,45134.8,45335.2,45047.7,45234,23.82299673
1614550500000,45234,45240.9,45118.9,45240.9,20.82558446
1614551400000,45240.9,45240.9,44719.3,45055.3,45.46846042
1614552300000,45055.3,45187.2,45031.7,45177.2,16.88721322
1614553200000,45177.3,45898.1,45177.3,45667,70.10762249
1614554100000,45661,45760.9,45428.6,45517.1,20.37127713
1614555000000,45517.2,45600.1,45176.6,45277.1,49.99329563
1614555900000,45278.4,45281.3,44842.1,45141.6,59.62978684
1614556800000,45136.5,45489.2,44958.9,45473.2,39.35662798
1614557700000,45473.2,46310.3,45437.9,46140.9,87.90603232
1614558600000,46141,46549.8,46141,46240.8,56.97604367
1614559500000,46240.8,46400,46124.6,46213.7,42.2595949
1614560400000,46213.8,46335.4,45979.1,46042.5,30.42628914
1614561300000,46042.5,46175.9,45855,46119,32.67247585
1614562200000,46119.1,46480.7,46115.1,46220.8,32.55236559
1614563100000,46242.8,46377,46053.7,46174.3,35.60171546
1614564000000,46174.9,46390.1,46121.1,46390.1,19.41293893
1614564900000,46381.3,46812.5,46257.5,46652,52.8732665
1614565800000,46660.6,46831.3,46570.5,46592.8,36.80148927
1614566700000,46589.4,46589.9,46352.7,46433.9,40.02947953
1614567600000,46432.5,46537.7,46230.9,46383.5,30.09318875
1614568500000,46383.4,46509.4,46338.1,46508.4,16.71481076
1614569400000,46508.4,46510.5,46243.9,46338.9,24.73313711
1614570300000,46323.7,46514.8,46241.3,46321.4,17.24873594
1614571200000,46330.3,46483.2,46305.5,46324.2,10.29864502
1614572100000,46324.3,46364.2,45966.8,46154.4,42.63177335
1614573000000,46155.5,46259.2,46008.8,46256.4,13.27978081
1614573900000,46256.5,46673.7,46230.5,46460.1,44.04130612
1614574800000,46460.1,46474,46295,46313.6,8.57599714
1614575700000,46309.9,46318.5,45951.5,46042.4,19.68354315
1614576600000,46041,46204.2,46026.4,46125.7,21.84535735
1614577500000,46120.8,46197.4,46046.5,46193,12.59519196
1614578400000,46193,46245.8,46066.4,46225.8,12.63615316
1614579300000,46227.9,46257.3,46152.1,46236.6,8.90148214
1614580200000,46236.5,46255,45744.3,45800.1,60.07606205
1614581100000,45807.9,45869.5,45643.8,45843.9,29.97366567
1614582000000,45843.9,46160,45837.5,46160,19.24697308
1614582900000,46163,46214.9,46066.2,46116.3,11.94934194
1614583800000,46116.3,46129.2,45904.9,46075,16.39999589
1614584700000,46075.2,46394.6,45939.2,46269.3,29.40863101
1614585600000,46274.4,46641.9,46266.5,46527.6,34.41466732
1614586500000,46527.9,47093.7,46458.3,46880.8,56.36867384
1614587400000,46882.5,47271.9,46804.4,47069,49.43335934
1614588300000,47085.8,47203.6,46953.5,47007.3,24.25044931
1614589200000,47007.4,47384.2,46907.5,47259.9,58.51411617
1614590100000,47259.9,47433.7,47117.8,47178.9,45.78495139
1614591000000,47178.9,47451.3,47150,47450,29.51769027
1614591900000,47450,47500,47233.8,47346.4,19.66157948
1614592800000,47352.4,47420,46980,47278.2,29.83025764
1614593700000,47278.2,47413.5,47141.1,47166.3,20.99051219
1614594600000,47166.3,47611.5,47166.2,47568.3,23.80089091
1614595500000,47568.3,47710.6,47422.4,47628.7,30.03698692
1614596400000,47628.1,47925.9,47478.4,47742.2,68.13562729
1614597300000,47742.2,47819,47650,47659,36.34281569
1614598200000,47659,47769.6,47504.8,47741.7,30.58533725
1614599100000,47741.7,47905.9,47633.3,47734.7,23.15313569
1614600000000,47722.9,47961.4,47682.9,47755.2,32.15718969
1614600900000,47754.9,47854.1,47462,47485.1,31.10563766
1614601800000,47485.1,47844.8,47477.3,47828.2,32.67276812
1614602700000,47817.5,48033.9,47811,47923.3,36.81400093
1614603600000,47915.5,48309,47915.5,48271,36.70025537
1614604500000,48264.1,48443.6,47989.7,48107.4,41.6222278
1614605400000,48108.7,48149.5,47900,48149.5,24.89085007
1614606300000,48149.6,48287.7,47783.2,47806.3,48.3594534
1614607200000,47805.4,48169.2,47603.2,48076.2,55.15042819
1614608100000,48076.2,48313.9,47937.5,48208.7,49.88133243
1614609000000,48208.6,48546.2,48187,48337.3,88.25707219
1614609900000,48337.3,48337.3,48080.1,48103.6,35.28341783
1614610800000,48093.9,48512.7,48087.9,48426.8,50.77432822
1614611700000,48426.9,48892.2,48387,48764.9,42.69474885
1614612600000,48773,49240,48764.4,49173.4,82.87184227
1614613500000,49173.4,49316.4,49049.5,49191.8,44.61266731
1614614400000,49191.8,49464.9,48778.4,48900.3,85.53436921
1614615300000,48900.4,49364.4,48893.8,49062.5,60.50598214
1614616200000,49062.5,49200.2,48818.2,48901.2,38.3541701
1614617100000,48901.3,49220.6,48533.6,49066,65.08930775
1614618000000,49066,49199,48884,48884,33.56560938
1614618900000,48884,49041.6,48710,49023.9,42.72783418
1614619800000,49037.5,49124.1,48703.6,48730,26.05908326
1614620700000,48730,48784.9,48533.7,48579.7,59.01867477
1614621600000,48579.8,48775.5,48568.5,48637.8,19.37485191
1614622500000,48637.7,48637.7,48149.7,48422.2,64.52682309
1614623400000,48422.2,48586.3,48380.4,48445.2,24.93720276
1614624300000,48445.1,48518.3,48289.8,48461.8,17.78088699
1614625200000,48461.8,48682.3,48317.6,48562.6,27.37129866
1614626100000,48562.7,48588.1,48259,48284.5,14.15369577
1614627000000,48289.1,48422,48023.5,48040.4,30.15836124
1614627900000,48040.3,48409.9,48040.3,48251,49.50962592
1614628800000,48251,48660,48212.9,48594.1,40.74848394
1614629700000,48602.7,49074.1,48277.7,48375,80.36668046
1614630600000,48375,48376.3,47905.6,48152.8,67.08140064
1614631500000,48146,48600,48124.6,48500,32.03507498
1614632400000,48500,48705.9,48357.4,48471,30.7363543
1614633300000,48471,48641.7,48347,48542.4,24.26336618
1614634200000,48542.3,48740.4,48456.1,48730.8,29.67064869
1614635100000,48730.9,48860.7,48588,48783.3,30.05233613
1614636000000,48783.4,48800,48582.5,48663.3,18.01467029
1614636900000,48663.4,48960,48663.3,48960,13.74898911
1614637800000,48960.3,49285.2,48953.6,49104.7,53.72003306
1614638700000,49104.7,49133.4,48910.3,49106.5,35.16201298
1614639600000,49110.2,49349.9,49051.5,49271.1,25.01108908
1614640500000,49271,49771.3,49252.4,49647.4,68.2926354
1614641400000,49647.3,49755,49428.6,49634.4,46.18844322
1614642300000,49632.7,49748.2,49542,49590.3,22.87890745
1614643200000,49590.3,49880.2,49522,49880.2,36.94881743
1614644100000,49881.1,50201.6,49777.7,50201.5,62.70338473
1614645000000,50198,50198,49536.1,49670.5,87.20449682
1614645900000,49670.6,49747.6,49254.3,49365.2,65.11410562
1614646800000,49365.3,49365.3,48970.8,49015,51.84840171
1614647700000,49015,49250.3,48706,48913.9,86.01332073
1614648600000,48913.4,49263.9,48808.9,49111.5,27.66088927
1614649500000,49111.5,49425,49108.6,49375.7,27.94869267
1614650400000,49375.7,49493,49057.7,49446.1,44.86151363
1614651300000,49431.2,49559,49216.5,49403,36.9306023
1614652200000,49403,49788.1,49403,49669.4,48.09647638
1614653100000,49669.4,49695.8,49170.2,49273.1,33.15740571
1614654000000,49273.7,49406.4,49061.7,49355.6,23.98949526
1614654900000,49355.6,49355.6,48906.4,48931.6,36.48755047
1614655800000,48931.5,49078.4,48879.1,48879.1,20.21310875
1614656700000,48879.2,49081.4,48831.1,48967.3,17.14309609
1614657600000,48970.2,49232.7,48823.7,48881,37.34526175
1614658500000,48881.1,48925.9,48647.2,48755.6,35.72861587
1614659400000,48755.5,49083.7,48741.4,48998.6,21.34325105
1614660300000,48998.5,49154.7,48960.1,49152.7,16.36908116
1614661200000,49152.8,49339.8,48912.5,49316,25.45073262
1614662100000,49316,49385.5,48821.1,48910.1,23.24105781
1614663000000,48922.1,49001.6,48801.3,48993.1,10.22417276
1614663900000,48993,48993.1,48672.9,48680.1,21.0908342
1614664800000,48680,48740.7,48425.3,48550.3,42.05419761
1614665700000,48550.3,48701.2,48315,48670.9,21.0955483
1614666600000,48670.9,48819,48502.4,48819,19.76965217
1614667500000,48820.4,48820.4,48513.8,48619.6,14.61324201
1614668400000,48625.7,48627.2,48333.2,48381.4,13.41541511
1614669300000,48381.3,48720.2,48370,48634,13.05563231
1614670200000,48629.6,48823,48588.7,48669.5,19.77440447
1614671100000,48669.5,48669.6,48320.4,48339.4,20.08411743
1614672000000,48336.5,48562.2,48292.5,48556.7,23.70890224
1614672900000,48556.7,48956,48556.7,48955.9,23.36667295
1614673800000,48955.9,49098.8,48866.4,48944,24.68774771
1614674700000,48947.3,49197.6,48800.7,48868.3,26.05379231
1614675600000,48868.3,49071,48868.3,48938.4,17.19459726
1614676500000,48940.8,49118.6,48882.5,49004.1,15.12479145
1614677400000,49004.1,49232.4,48983.6,49226.9,10.15779864
1614678300000,49226.9,49260.5,48989.6,49135.7,10.85498489
1614679200000,49135.8,49261.4,48921.2,49019.5,16.50681077
1614680100000,49019.5,49019.5,48881,48987,8.71992539
1614681000000,48987,49150,48986.9,49077.2,12.41521498
1614681900000,49072.3,49072.3,48560.1,48719.9,22.38125379
1614682800000,48719.9,48807.4,48558.6,48807.3,7.84380576
1614683700000,48807.4,48856.3,48637.7,48842.1,13.16257891
1614684600000,48842.1,49033.2,48831.4,48997.4,10.60569126
1614685500000,48997.4,49017.2,48794.4,48838,10.16376037
1614686400000,48843.7,49100,48654.3,48786.9,24.18780984
1614687300000,48787.6,48847.8,48571.7,48577,19.42359663
1614688200000,48576.9,48771.5,48571.5,48707.7,8.86715636
1614689100000,48707.7,48841.6,48657.3,48813.3,17.27280671
1614690000000,48813.4,48944.4,48766.8,48854.2,17.30047506
1614690900000,48853.6,49069,48846.6,49050.9,8.82803778
1614691800000,49051,49051,48745.7,48824.4,20.31096652
1614692700000,48822.7,49043,48719.9,48982.9,13.59823309
1614693600000,48984.6,49413.7,48928.8,49288.9,40.02679526
1614694500000,49288.9,49689.9,49288.9,49567.1,36.443283
1614695400000,49567.1,49588.3,49253.8,49307.4,40.35826503
1614696300000,49307.4,49407.9,48787.1,48892.3,48.96699793
1614697200000,48892.4,49036.1,48690,48770.3,27.24863243
1614698100000,48760.4,48834.6,48466,48616.5,60.957914
1614699000000,48598.4,48750,48400,48535.2,38.52391053
1614699900000,48535.2,48669.5,48447.2,48669.5,23.01076364
1614700800000,48669.5,48701,48431.8,48476.8,28.22217265
1614701700000,48476.8,48657.8,48405.6,48648.4,25.08986466
1614702600000,48652,48663.7,47599.9,47651.4,112.4251102
1614703500000,47651.5,47961.3,47250,47535.2,101.83312898
1614704400000,47526.2,47800,47210.5,47397.9,79.7788492
1614705300000,47418.9,47910.4,47365.6,47884.2,52.04432
1614706200000,47884.2,47893,47619,47731.8,22.77539333
1614707100000,47731.9,47975.9,47645.2,47860.9,32.51005745
1614708000000,47869.4,48065.2,47687.5,47932.9,53.81353467
1614708900000,47932.9,47932.9,47562.4,47818.5,24.0279379
1614709800000,47818.5,47910.2,47542.4,47639,35.39905118
1614710700000,47638.9,47750,47539.8,47677.1,38.1846264
1614711600000,47677.2,47802.3,47158.4,47278.9,50.82809917
1614712500000,47304.5,47672.1,47052.8,47593.7,65.91824136
1614713400000,47593.7,47930,47515.6,47760.4,33.30247893
1614714300000,47760.4,47808.4,47401.5,47471.6,20.46272676
1614715200000,47471.6,47636,47265.8,47396.5,32.56737434
1614716100000,47396.4,47558.9,47305.5,47519.8,20.68718
1614717000000,47518.7,47627.2,47220,47274,30.94864012
1614717900000,47274,47552.6,47064.1,47526.8,45.31800508
1614718800000,47523.5,47787.9,47455.4,47752.5,22.49758715
1614719700000,47766.2,47869.2,47672.1,47702,16.42337502
1614720600000,47702,47702,47286,47382.3,20.85883936
1614721500000,47382.9,47555.5,47327.4,47408.4,14.91278485
1614722400000,47408.3,47703.1,47345.4,47698.4,29.34208722
1614723300000,47698.5,47945.7,47587.1,47618.5,20.27948808
1614724200000,47618.4,47947.4,47607.3,47829.2,18.50988457
1614725100000,47829.2,47870.9,47679,47796.9,16.55842151
1614726000000,47794.1,48332.4,47721.1,48211.2,60.13399777
1614726900000,48211.2,48226.9,48026.2,48026.2,13.03436054
1614727800000,48026.2,48483.3,47992.4,48340.9,23.78546596
1614728700000,48325.9,48465.4,48221.5,48441.2,15.22091016
1614729600000,48440.6,48440.6,48100,48338.1,24.47833448
1614730500000,48338.2,48703.7,48286.4,48675.6,58.47904799
1614731400000,48675.5,48733.2,48475,48547.5,28.45232677
1614732300000,48547.5,48664.4,48415.6,48508.9,30.49839625
1614733200000,48505,48893.5,48466.1,48742.9,24.20993406
1614734100000,48740.3,48756.5,48533.2,48533.3,23.96710178
1614735000000,48533.2,48662,48533.2,48658.5,13.03743123
1614735900000,48658.5,48861,48617.7,48849.9,22.93671161
1614736800000,48849.9,48950,48754.1,48798,34.588683
1614737700000,48797.2,48797.2,48568.8,48672.2,18.54482259
1614738600000,48672.2,48791.6,48621.5,48791.6,22.78249658
1614739500000,48791.5,48791.5,48549.7,48603.2,23.19836817
1614740400000,48603.1,48832.8,48595.5,48786.5,8.02537418
1614741300000,48786.5,48813.4,48591.5,48639.8,12.52175229
1614742200000,48639.9,48655.8,48527.9,48541.7,11.05230696
1614743100000,48541.7,48717.9,48500,48705.3,17.56652113
1614744000000,48705.2,49138.2,48644.7,49138.2,34.46706868
1614744900000,49138.9,49314.1,49039.3,49152.6,50.83764399
1614745800000,49152.6,49216.6,49123.3,49161.6,25.86886647
1614746700000,49161.6,49308.8,49050,49112.3,23.64242281
1614747600000,49110.8,49205.8,49055.8,49160,14.73588223
1614748500000,49160,49455.7,49118.4,49413.8,19.16371908
1614749400000,49413.9,49457,48895.8,48895.8,26.22642445
1614750300000,48897.1,49122.6,48821.5,49084.2,22.24790431
1614751200000,49084.2,49401.4,49084.2,49401.3,14.07703367
1614752100000,49401.3,49401.4,49198.4,49289.1,12.68331255
1614753000000,49289.1,49571.8,49289.1,49430.6,30.94845932
1614753900000,49430.7,49638.8,49430.6,49550.7,37.705533
1614754800000,49550.7,49665.7,49504.7,49504.7,17.35029633
1614755700000,49504.9,49899.4,49504.9,49731.4,19.2246224
1614756600000,49746,49905.1,49673.7,49841.8,11.52058738
1614757500000,49842.7,49967.8,49681,49755.2,17.65520095
1614758400000,49755.2,50055.5,49755.1,50055.4,29.90060498
1614759300000,50055.4,50732.4,50017.6,50665.2,52.62253532
1614760200000,50665.2,50823.8,50556.6,50699.9,34.78095069
1614761100000,50703,50987.8,50552.3,50893,30.13051805
1614762000000,50906.1,50999.4,50731.5,50944.1,40.27171683
1614762900000,50944.1,51412.2,50845.1,51379.2,38.67895774
1614763800000,51386.6,51419.3,51040.8,51316.5,36.22690631
1614764700000,51316.5,51495,51098.8,51437.3,38.75581
1614765600000,51448.9,51662.3,51281.1,51556.5,47.3224504
1614766500000,51556.5,51585.2,51172.8,51381.2,36.81103111
1614767400000,51397.4,51737.8,51397.4,51407.9,28.40028569
1614768300000,51406,51642,51302.7,51407.5,41.50084767
1614769200000,51407.5,51761.8,51407.5,51706.7,53.82176668
1614770100000,51706.8,51766.1,51550,51676.2,23.70652665
1614771000000,51676.2,51696.4,51164.1,51217.5,29.65123907
1614771900000,51217.5,51671,51179.4,51671,32.72465527
1614772800000,51671,51674.5,51363.3,51372.7,21.82809316
1614773700000,51372.8,51735.1,51372.7,51615.2,31.45524633
1614774600000,51615.2,52261,51611.6,52187.2,47.72811047
1614775500000,52187.2,52563.6,52078.3,52550.4,51.48046544
1614776400000,52550.4,52623.9,51864,52011.7,51.895387
1614777300000,52015.6,52039.5,51621.6,51776.1,41.62802247
1614778200000,51776.5,51982.3,51384.3,51400.3,57.80292616
1614779100000,51400.3,51561.5,51177.6,51545.6,46.32193191
1614780000000,51545.7,51545.7,50926.2,51005.7,53.85779796
1614780900000,51005.8,51090.8,50733.1,50866.5,59.10559196
1614781800000,50883.2,51198,50672.6,50749.1,75.13168806
1614782700000,50749.1,50988.5,50652.7,50775.5,54.71152928
1614783600000,50775.5,51157.1,50622,50625.9,49.91579194
1614784500000,50630.4,50943,50596.9,50891.9,38.76938849
1614785400000,50891.9,50891.9,50479.3,50502.8,38.24440387
1614786300000,50498,50825,50498,50767.1,31.16182148
1614787200000,50770.1,51181.9,50761,51137.2,58.59999059
1614788100000,51148.6,51422.6,50945.1,51422.6,43.29337577
1614789000000,51422.6,51456,50921.5,51035.7,53.37598588
1614789900000,51049.9,51276.7,51049.9,51091.3,28.10999908
1614790800000,51089.9,51438.5,51089.8,51424.1,21.10636324
1614791700000,51424.2,51424.2,51134.6,51174.5,49.50980024
1614792600000,51174.5,51174.5,50843.2,51071.2,36.20453448
1614793500000,51071.3,51441.1,50971.6,51333.4,26.26328955
1614794400000,51318.8,51616.8,51261.3,51465.9,41.59296953
1614795300000,51465.9,51558.7,51334.3,51415.1,20.64484456
1614796200000,51415,51500,51312.6,51349,15.23348628
1614797100000,51350.6,51400,51099.2,51235.3,17.62670156
1614798000000,51235.4,51244.5,50622,50788.7,45.49133339
1614798900000,50788.7,50788.7,50274,50492.6,49.27104749
1614799800000,50492.6,50883,50361.5,50862.9,54.35726679
1614800700000,50862.9,51013.6,50765.6,50862.1,44.63594332
1614801600000,50862.1,51167.4,50706.8,50917.5,41.47069621
1614802500000,50917,51100,50816.7,50870.8,27.43718302
1614803400000,50870.8,51056.5,50850.3,50892.8,14.15960331
1614804300000,50892.7,50991.9,50440.8,50534.3,31.74253565
1614805200000,50528.4,50677.9,50361.5,50475.1,29.86662255
1614806100000,50480.6,50852.2,50405.4,50849.4,28.68719433
1614807000000,50852.3,51109.4,50747,51092.7,36.29496488
1614807900000,51092.4,51092.4,50834.2,50943.8,21.1306473
1614808800000,50945.9,51345.2,50672.4,51267.1,35.57790548
1614809700000,51267.1,51267.2,50870.7,51031.9,25.31659554
1614810600000,51031.9,51042.4,50578.3,50799.7,32.53482464
1614811500000,50800.8,50808.9,50505.2,50580,21.06022134
1614812400000,50580,50866.4,50443.6,50800.4,26.27632072
1614813300000,50800.5,51062.5,50800.5,50911.6,18.71752447
1614814200000,50911.6,50911.6,50555.1,50621.9,36.98333799
1614815100000,50621.9,50790,50336.1,50345.5,45.7767448
1614816000000,50347.6,50434.7,49899.5,50074.9,82.95821227
1614816900000,50088.5,50553.3,50052.1,50509.5,48.59697137
1614817800000,50519.2,50716.2,50415.3,50716.2,26.60959207
1614818700000,50716.2,51133.1,50530.7,50902.9,37.3830449
1614819600000,50902.8,51472.7,50713,51418.8,35.9008265
1614820500000,51386.9,51606.4,51241.8,51547.1,46.53271709
1614821400000,51547,51619.9,51444,51444,32.63888479
1614822300000,51444,51595.7,51301,51476.5,20.98724353
1614823200000,51475.8,51762.1,51371.9,51533.9,22.06495064
1614824100000,51533.3,51579.9,51300,51408.1,29.73117701
1614825000000,51407.4,51454.6,51080.5,51258,40.00802767
1614825900000,51258,51342.1,50795.2,50795.2,19.16620783
1614826800000,50795.1,51015,50775.1,50940,24.35738259
1614827700000,50940,50991.7,50250,50301.3,58.56193403
1614828600000,50310.4,50369.1,49779.3,49979.9,101.46477925
1614829500000,49980,50172.1,49420.3,49563.5,103.23179526
1614830400000,49563.5,49800,49376,49488.3,87.10853541
1614831300000,49488.3,49819.5,49407.9,49661.8,51.88242005
1614832200000,49655.6,49725,49255.2,49309.1,50.59277239
1614833100000,49309,49333,49000,49050.1,53.35801503
1614834000000,49050.1,49367.6,49028.2,49297.3,31.85705213
1614834900000,49311.3,49348.5,49100.5,49183.5,27.6614186
1614835800000,49183.5,49656.6,49090.5,49529.8,33.82035047
1614836700000,49532.9,49694.4,49488.7,49661.6,14.99509862
1614837600000,49661.5,49857.7,49514.7,49622.6,25.84358245
1614838500000,49622.5,49765.4,49242.6,49663.8,41.84246181
1614839400000,49663.8,49663.8,49384.6,49500.1,29.10717917
1614840300000,49506.4,49553.7,49257.8,49396.3,21.43447309
1614841200000,49387,49674.9,49327.2,49674.9,13.82025606
1614842100000,49675,49810.8,49582.6,49676.7,17.20763681
1614843000000,49670.9,49722.9,49491.9,49651.7,17.48482754
1614843900000,49655.6,49725.4,49514.6,49703.5,19.35356752
1614844800000,49697.3,50596.3,49697.3,50455.3,99.39783051
1614845700000,50455.3,50736.2,50309.1,50413.7,30.59388921
1614846600000,50413.7,50521.3,50337.9,50420.4,10.94966976
1614847500000,50420.4,50425.4,50022.9,50213.3,19.0504026
1614848400000,50218.8,50221.4,49863.6,49863.6,11.82099113
1614849300000,49864.7,49918.3,48614.9,48690.9,94.69558587
1614850200000,48690.8,49129.3,48416.5,48869,54.5697581
1614851100000,48868.9,49090,48649.1,49060,32.75461118
1614852000000,49060.1,49543,48754.9,48762.2,39.25289535
1614852900000,48762.2,49127.9,48762.2,48981.4,21.16168207
1614853800000,48997.8,49304.2,48960.9,49280.8,24.62139578
1614854700000,49280.7,49356.3,49073.9,49213.8,20.23772876
1614855600000,49213.7,49420.3,49051.2,49241.1,24.23185799
1614856500000,49241.1,49290.2,48907.8,48993.4,15.45964597
1614857400000,48993.5,49482.9,48993.4,49395.6,18.42371273
1614858300000,49395.6,49450.8,49288,49317.5,12.0218656
1614859200000,49315.4,49539.8,49179,49480.7,31.34795411
1614860100000,49480.7,49750,49359.1,49419.2,23.83539436
1614861000000,49419.2,49446.1,49123.8,49397,25.66516772
1614861900000,49377.9,49442.8,49160.5,49350.5,14.17278648
1614862800000,49350.5,49363.9,48722.6,49091.4,50.58915838
1614863700000,49099.8,49560.4,49099.8,49443.3,53.60238704
1614864600000,49443.3,49664.4,49238,49652.8,26.86659092
1614865500000,49652.8,49694.5,49479.2,49622.7,21.5306633
1614866400000,49632.5,49702.2,49347.4,49503.1,21.73883729
1614867300000,49503.1,49713.8,49490.7,49653.6,19.20078807
1614868200000,49653.6,50535.5,49544.1,49870.3,70.46536459
1614869100000,49870.2,50038.2,49222.3,49416.5,66.64449583
1614870000000,49416.6,49474.2,48987,49140.4,70.71900748
1614870900000,49140.3,49312.3,48834.9,49283.9,42.93272238
1614871800000,49283.9,49550.8,49224.8,49477.2,27.86234089
1614872700000,49477.1,49791.2,49329.5,49418.5,29.53440869
1614873600000,49418.5,49684,49256.4,49511.5,40.53106776
1614874500000,49512,49910.7,49407.9,49766.2,32.92855928
1614875400000,49766.1,50030.2,49609.4,49749.5,30.79739802
1614876300000,49744.4,49956.2,49620,49698.7,16.51986652
1614877200000,49700,49894.7,49132.4,49309.8,33.69594216
1614878100000,49309.7,49925,49258.4,49396,54.33328438
1614879000000,49395.9,49428.2,49000,49212.6,42.53533921
1614879900000,49207.9,49212.4,48100,48514.4,127.21275785
1614880800000,48514.5,48658.6,48111.2,48184,95.63038456
1614881700000,48180,48428.2,48097.8,48421.5,47.4494285
1614882600000,48421.5,48445.8,48138.1,48138.1,28.30657404
1614883500000,48136.4,48198.5,47591.9,47601.4,84.77585221
1614884400000,47601.4,48289.2,47601.4,48253.7,55.7617342
1614885300000,48253.6,48352,48065.7,48128,30.31881737
1614886200000,48128,48232.7,47878,48229.5,41.008331
1614887100000,48229.4,48385.5,47968.5,47978.4,27.11485661
1614888000000,47993.5,48020.4,47505.7,47800.8,55.18518304
1614888900000,47795.4,48100,47610.2,48007.3,41.8419896
1614889800000,48007.3,48200,47879.5,48125.7,28.97127914
1614890700000,48125.8,48260.5,48000,48218.8,16.11934421
1614891600000,48218.9,48241.5,48000,48079.2,21.60219155
1614892500000,48081.1,48422.8,48073.3,48378.6,34.85359245
1614893400000,48371.7,48418.8,48100,48113.4,18.43180179
1614894300000,48113.4,48175.8,47819.5,47960.8,21.33666811
1614895200000,47960.7,48265.8,47801.5,48202.2,47.60373625
1614896100000,48202.2,48202.3,47910.2,48163.1,11.3620026
1614897000000,48163.2,48269.8,48086.7,48250,23.47030937
1614897900000,48250,48350,48249.9,48263,12.49298826
1614898800000,48263.1,48306.1,48094.6,48120.2,15.496128
1614899700000,48120.2,48639.8,48060.6,48515.4,36.55340155
1614900600000,48509.7,48703.2,48509.7,48510,40.4067426
1614901500000,48503,48555.5,48341.7,48374.5,16.01429986
1614902400000,48374.5,48383.6,47113.3,47313.1,88.88394308
1614903300000,47312.3,47431.2,46726,46917.9,122.7421524
1614904200000,46917.9,47165.1,46580,46877.7,93.07761777
1614905100000,46877.6,47048.4,46478.6,46815.7,95.25320764
1614906000000,46814.4,46965.4,46494.9,46550,68.75413859
1614906900000,46550,46902,46189.8,46489,88.31136545
1614907800000,46489.1,46772,46393.2,46722.6,37.43908606
1614908700000,46722.6,46873.1,46619.8,46700.9,32.02856242
1614909600000,46701,46761.4,46287.6,46761.3,51.09710691
1614910500000,46761.4,46966.8,46667.5,46741,59.44484737
1614911400000,46752,46907.8,46618,46744.6,21.92789203
1614912300000,46736.7,47171.2,46733.5,47111.1,71.32999728
1614913200000,47111,47248.3,46916,46936.7,41.14658833
1614914100000,46936.8,47123.2,46837.4,46978.4,32.07747066
1614915000000,46980.7,47211.4,46928.5,47128.9,18.92082315
1614915900000,47128.9,47327.2,47050,47290.6,14.2066357
1614916800000,47288.7,47288.7,47078.7,47163.1,21.99235567
1614917700000,47163,47209,46952,47138,26.31873003
1614918600000,47130.9,47299.8,47094.9,47193.1,18.74705137
1614919500000,47193.1,47206.2,46589.2,46667.7,36.78117354
1614920400000,46667.8,47158.5,46653.8,47003.2,38.90403157
1614921300000,47003.2,47028.2,46798.9,46862.3,17.94740989
1614922200000,46857.3,47196.2,46817.1,47108.5,48.67416245
1614923100000,47103.1,47229,47000.9,47134.3,47.99234994
1614924000000,47134.4,47301.1,47107,47218.1,18.13206883
1614924900000,47218.1,47375,47020,47020.1,19.21371096
1614925800000,47020,47406,46962.6,47308.2,31.47186985
1614926700000,47306,47426.5,47250.1,47387.5,17.11550226
1614927600000,47387.4,47528.7,47386.5,47389.3,37.58430754
1614928500000,47389.3,47389.3,47210.2,47218.3,13.89787206
1614929400000,47218.3,47304,47074.3,47171.8,13.74564737
1614930300000,47171.8,47451,47000,47399.1,29.28096924
1614931200000,47399,47479.1,47015.5,47052.3,39.23990076
1614932100000,47045.9,47045.9,46722.1,46724.5,38.96765413
1614933000000,46724.4,46867.7,46276.5,46582,44.27335872
1614933900000,46588.9,46850,46505.7,46631.7,17.48777136
1614934800000,46631.7,46867.8,46531.2,46700.1,21.59867696
1614935700000,46707.8,47052.4,46690.4,46824.4,16.40330329
1614936600000,46824.4,46995.4,46813.4,46986,10.4248721
1614937500000,46987,47143.3,46910.6,47060.2,24.79227153
1614938400000,47060.2,47228.8,47047.5,47157.5,44.47171927
1614939300000,47157.5,47197.8,47008.7,47087.8,10.33049708
1614940200000,47087.8,47133.4,46795.9,47059.4,25.09054351
1614941100000,47060,47177.7,46972.6,47071.6,12.04441272
1614942000000,47087.6,47375.2,47087.5,47262.2,16.25064876
1614942900000,47262.3,47437.5,47253.9,47359.9,14.69984885
1614943800000,47359.9,47453.3,47265.3,47284.1,15.4843335
1614944700000,47284.1,47519.2,47265.3,47483.4,12.68190864
1614945600000,47486.9,47855,47421.1,47437.7,50.93736544
1614946500000,47445.5,47466.1,46984.8,47238,44.08766467
1614947400000,47238,47792.8,47227.5,47731.3,41.79075116
1614948300000,47737.7,47744,47507.9,47644.8,21.91988459
1614949200000,47652.8,48127.2,47649,47838.6,52.6580966
1614950100000,47841.3,48112.7,47768.7,48112.7,31.52656906
1614951000000,48112.7,48135,47346.8,48072.7,66.45407289
1614951900000,48072.7,48304.9,47920,48064.4,51.02321017
1614952800000,48064.4,48289.7,48064.4,48209.8,19.90958554
1614953700000,48209.8,48650,48209.7,48491.7,28.47295029
1614954600000,48491.8,48727.5,48209.2,48422.5,33.08405843
1614955500000,48425,48519.5,47955,48140.9,43.05023444
1614956400000,48141,48707.4,48140.9,48367.4,55.44331506
1614957300000,48367.4,48564.8,48117.8,48248.9,43.2871644
1614958200000,48249.7,48301.2,47964.3,48091.7,64.30342888
1614959100000,48091.7,48235.1,47834.9,47880.1,34.3347496
1614960000000,47880.1,47880.1,47465.8,47480.3,79.32551272
1614960900000,47476.6,47617.6,47006,47006.4,46.97449605
1614961800000,47006.4,47443,46897.8,47443,76.04575451
1614962700000,47442.8,47677.9,47332,47650.4,43.64792178
1614963600000,47650.5,47749,47335.2,47570.6,23.30710901
1614964500000,47570.6,47958.1,47563.9,47853.7,23.83077795
1614965400000,47853.8,48140.9,47761.7,48062.1,55.33575754
1614966300000,48072.5,48218.3,47996.4,48094.8,36.74787211
1614967200000,48094.8,48344,47899.9,48340.3,41.65923271
1614968100000,48341.5,48550.1,48317.2,48524.5,56.18229053
1614969000000,48524.6,48536.4,48182.8,48399.3,41.45447174
1614969900000,48399.4,48512,48267.6,48469.9,30.25540856
1614970800000,48469.9,48505,48320.2,48445.9,18.31343621
1614971700000,48446,49039.9,48391,48992.8,68.52945376
1614972600000,48992.8,49036.7,48817,48907.1,38.50518228
1614973500000,48906.2,49444.2,48852.8,49306.9,105.32345097
1614974400000,49308.8,49450,48824.5,49010.8,65.08077984
1614975300000,49010.7,49398.1,48850.7,49398,31.21530057
1614976200000,49398,49400,49108.5,49154.6,23.37546506
1614977100000,49164.8,49218.7,49017.7,49173.7,27.82154618
1614978000000,49173.6,49397,49039.1,49054.7,28.57082051
1614978900000,49055,49089,48902.3,48976,31.0721091
1614979800000,48976,49239,48976,49200,17.71654131
1614980700000,49201.4,49233.6,49004.3,49039.6,13.27102106
1614981600000,49039.6,49319.7,49039.6,49168.7,22.87840822
1614982500000,49167.9,49251.3,49051.6,49053.6,20.42983268
1614983400000,49053.7,49306.8,48688.1,49292.8,77.2033819
1614984300000,49292.8,49377.9,48979.5,49061.4,44.39372983
1614985200000,49066,49144.3,48714.1,48835.9,28.1448747
1614986100000,48835.9,48890.6,48600,48736.7,21.54502725
1614987000000,48736.6,48804.7,48684,48730.9,16.23586012
1614987900000,48748.9,48981.5,48703.2,48758.9,21.98727265
1614988800000,48746.9,49108.2,48746.9,49074.3,26.21487315
1614989700000,49074.3,49116.5,48918.7,49108.8,17.39930741
1614990600000,49116.5,49150,48922.5,48958.7,22.38211669
1614991500000,48966.8,48974.5,48692,48817,19.6835711
1614992400000,48817,48895.4,48536.3,48640.2,30.25747901
1614993300000,48640.2,48706.5,48573.6,48603.7,18.43564194
1614994200000,48607.2,48717.5,48546.8,48642.1,12.24834966
1614995100000,48635.8,48780,48609.1,48649.6,10.26891134
1614996000000,48649.6,48649.6,48000,48369.3,58.2053097
1614996900000,48369.2,48513.3,48350,48474.9,15.17306373
1614997800000,48474.8,48662.1,48459.6,48587.2,14.90272785
1614998700000,48587.2,48696.4,48528.5,48684.9,12.53282337
1614999600000,48682.5,48685.4,48483.1,48637.4,36.8736981
1615000500000,48637.3,48656.1,48505.4,48645.2,8.64832306
1615001400000,48645.2,48696.5,48418.4,48536.9,16.35249081
1615002300000,48540.1,48786.1,48519.2,48643.7,17.60436473
1615003200000,48643.7,48670.4,48289.8,48451.8,24.00249024
1615004100000,48451.9,48457,48123.7,48267,20.20357797
1615005000000,48267,48367.3,48222.2,48232.6,12.53068848
1615005900000,48232.6,48510,48200,48465.9,15.76757988
1615006800000,48462.8,48540.4,48202.7,48239.1,12.04979472
1615007700000,48240.3,48505,48236.1,48425,8.86660187
1615008600000,48425.1,48857,48425,48728.1,45.24681928
1615009500000,48728.1,48728.1,48466.6,48498,14.24341166
1615010400000,48498,48843.1,48498,48730.3,24.69620375
1615011300000,48743.8,48978.4,48742,48833.5,17.64008612
1615012200000,48833.6,48880.1,48739.6,48844.3,11.58336045
1615013100000,48844.3,48947.9,48844.2,48930.7,8.06675916
1615014000000,48930.6,48987.2,48764.9,48849.3,16.57363059
1615014900000,48849.3,49130.9,48849.2,49057.8,17.38917153
1615015800000,49057.8,49057.8,48941.2,48949.6,8.12316311
1615016700000,48949.6,49012.4,48812,48838.6,8.83657001
1615017600000,48835.1,49098.1,48831.2,48870.7,10.77047623
1615018500000,48876.8,49042.2,48859.5,48859.5,9.69355499
1615019400000,48858.6,48990.7,48635.2,48725.3,11.63912723
1615020300000,48725.3,48815.2,48625.1,48632.8,8.21372088
1615021200000,48639.4,48778,48600,48682.6,8.26396092
1615022100000,48675.9,48753.5,48390.5,48465.2,14.79478745
1615023000000,48465.2,48576.7,48305.1,48366.8,22.1148258
1615023900000,48370.8,48412.4,48287.3,48339.8,13.82898223
1615024800000,48339.7,48495.6,48290.2,48341.8,10.15021457
1615025700000,48341.8,48397.3,48240,48333.2,9.21751629
1615026600000,48334,48393.4,48255.4,48330.5,7.37209799
1615027500000,48330.5,48330.5,47962,48045.3,23.50847004
1615028400000,48043.1,48260.2,47980.4,48134.3,14.44099561
1615029300000,48134.3,48231.8,48059.6,48152.3,25.04627309
1615030200000,48152.3,48231.8,48083.8,48148.7,9.82141532
1615031100000,48137.5,48314.7,48130.3,48158.6,14.81316414
1615032000000,48164.4,48210.9,47605.3,47698.8,39.64341399
1615032900000,47706,47762,47534.1,47661.9,28.25979633
1615033800000,47661.9,47832.8,47595.4,47773.3,22.10735366
1615034700000,47773.2,47773.3,47416.1,47652.9,21.09357129
1615035600000,47652.9,47737,47503.7,47507.2,18.47488468
1615036500000,47506.9,47535.8,47001,47183.3,47.37171022
1615037400000,47184.8,47391.6,47113.3,47294.9,21.71817292
1615038300000,47294.9,47452.2,47225.8,47333.6,16.8345579
1615039200000,47324.4,47593.4,47204.6,47485.7,17.89329246
1615040100000,47471.4,47555.7,47389.9,47413.8,35.74881951
1615041000000,47413.8,47550.4,47315.6,47446.6,13.44267767
1615041900000,47446.6,47709.4,47436,47560,20.86732415
1615042800000,47559.4,47653.6,47479.8,47566.6,9.65695219
1615043700000,47566.6,47628.4,47397.5,47601.7,12.81819873
1615044600000,47599.6,47712,47501.9,47652.9,12.29799831
1615045500000,47652.9,47658.5,47251,47266.1,21.70727797
1615046400000,47264.5,47807.2,47128,47778.6,29.65911722
1615047300000,47783.8,47919.6,47731.7,47745.2,20.3778191
1615048200000,47745.1,47814.3,47534.1,47671.1,22.95147866
1615049100000,47671.1,47829,47663.9,47761.1,16.0993699
1615050000000,47761.2,47820.9,47664.1,47759.2,16.87470322
1615050900000,47759.2,48200,47692.7,48163,38.93994446
1615051800000,48163.1,48419.1,48163.1,48186.3,34.15998081
1615052700000,48186.3,48314.7,47955,48251.6,24.97817125
1615053600000,48252.9,48400,48214.3,48253.1,26.32415142
1615054500000,48246,48320,48125.1,48320,16.41213946
1615055400000,48328.3,48621.6,48278.1,48552.1,16.14216335
1615056300000,48552.1,48580,48386.2,48502.9,37.28449533
1615057200000,48502.9,48503,48269.9,48343.8,16.05403616
1615058100000,48343.6,48477.3,48296.3,48477.2,20.20897164
1615059000000,48477.2,48683.5,48392.3,48491.2,19.63834717
1615059900000,48491.2,48600,48370.7,48370.8,14.19717843
1615060800000,48370.8,48558.7,48370.8,48545.2,13.63302121
1615061700000,48545.2,48721,48483.5,48543.5,25.55985156
1615062600000,48544.1,48600,48340.1,48395.1,19.10007303
1615063500000,48395.1,48537.7,48244.3,48522.2,28.59945074
1615064400000,48522.6,48617.9,48416,48418.4,16.91481909
1615065300000,48416.1,48484.9,48273,48476.7,21.28073557
1615066200000,48476.7,48717.9,48476.7,48698.1,29.68818384
1615067100000,48694.6,48740.4,48524.6,48582,22.38308376
1615068000000,48581.9,48694.8,48520.9,48541.8,16.72289449
1615068900000,48537.8,48702.1,48469.3,48701.2,31.51238684
1615069800000,48701.3,49255.1,48701.2,48885.9,75.7847394
1615070700000,48885.8,49070.3,48885.8,48930,30.12892203
1615071600000,48930,48998.8,48828,48842.7,17.64277807
1615072500000,48842.7,49027.6,48798.3,49006.8,18.50721389
1615073400000,49001.9,49123.8,48947.6,49077.2,15.40374626
1615074300000,49096.8,49101.5,48830.5,48871.9,19.36060095
1615075200000,48885,49156.2,48885,49085.9,21.52367998
1615076100000,49085.9,49316.3,49036.6,49201,25.77823318
1615077000000,49199.3,49245.6,49036.7,49036.9,15.68712921
1615077900000,49036.8,49235.8,49013.1,49200.2,11.31075891
1615078800000,49200.3,49372.4,49089.3,49192.2,45.64365386
1615079700000,49192.1,49209,49031.7,49182.9,18.39939792
1615080600000,49183,49488.6,49182.9,49380.7,24.37144701
1615081500000,49380.8,49404.5,48995.8,49122.3,21.18799854
1615082400000,49122.3,49220,49065.8,49204.6,13.52781939
1615083300000,49204.6,49687.8,49204.5,49526,39.03635966
1615084200000,49526.4,49843.1,49526.4,49629.1,33.43195224
1615085100000,49629.1,49717.5,49500,49554.7,22.27989089
1615086000000,49554.7,49900,49554.7,49622.7,35.30982406
1615086900000,49622.7,49743.3,49590.1,49699,12.40280604
1615087800000,49699,49743.4,49591,49711.8,17.48666654
1615088700000,49725,49767.9,49452.9,49550.4,24.30018901
1615089600000,49551.9,49681.8,49506.9,49506.9,14.31165967
1615090500000,49506.9,49655.2,49307.8,49353.3,14.87887812
1615091400000,49353.3,49498.3,49353.3,49441.5,19.63432595
1615092300000,49441.5,49545.7,49441.5,49445.4,16.36774636
1615093200000,49445,49452.6,49126.9,49172.1,35.02788121
1615094100000,49172.1,49300.7,49168,49290.1,19.56950464
1615095000000,49289.9,49370,49135.2,49345.3,18.55859719
1615095900000,49345.2,49373.7,49260.1,49320.8,19.34299119
1615096800000,49320.8,49384,49145.3,49218.8,13.10907685
1615097700000,49218.8,49328.5,49155,49296.2,8.19456857
1615098600000,49301.5,49440.9,49284.4,49440.6,13.5643029
1615099500000,49440.7,49639.9,49440.6,49463.8,24.01838947
1615100400000,49463.8,49516.5,49334.9,49448.6,11.60824971
1615101300000,49448.5,49593.2,49350.9,49593,13.27428675
1615102200000,49593,49710.8,49531.2,49568.3,16.67972284
1615103100000,49568.3,50169.8,49568.3,50045.8,47.04245855
1615104000000,50043.8,50700,50043.8,50482.6,75.88216127
1615104900000,50482.6,50843,50424.4,50570.6,43.62913441
1615105800000,50570.6,50659,50485,50541.2,21.91405929
1615106700000,50541.2,50578.8,50381,50381.1,20.58712003
1615107600000,50381,50598.2,50381,50572.2,39.70267372
1615108500000,50572.2,50878.2,50538.1,50769,30.14724357
1615109400000,50769,51136,50671.9,51050.4,42.77749092
1615110300000,51046.3,51046.3,50774.5,50943.3,22.07308064
1615111200000,50943.4,50980,50776.3,50883.3,19.33389031
1615112100000,50883.2,50883.2,50676.3,50708.1,20.26796178
1615113000000,50709.9,50807.6,50474.6,50482.3,37.15548399
1615113900000,50482.3,50705.8,50482.3,50608.5,15.97260757
1615114800000,50608.4,50649.4,50468.9,50599.2,14.2281585
1615115700000,50599.3,50804.5,50549.8,50638.7,12.6102208
1615116600000,50639.1,50925,50639.1,50771,21.90365512
1615117500000,50770.9,50783.7,50541.1,50693.2,18.66260767
1615118400000,50693.2,50809.2,50639.1,50760.3,12.28727906
1615119300000,50760.2,50760.3,50420.8,50490.2,15.36004063
1615120200000,50490.2,50725,50490.2,50702.9,18.96089571
1615121100000,50703,50819.7,50575.5,50751.7,18.53467498
1615122000000,50751.7,50781.5,50643,50652.7,18.7296897
1615122900000,50652.8,50734.8,50529.2,50676.2,30.13414232
1615123800000,50680.8,50750.4,50598.9,50740.8,15.9875127
1615124700000,50740.8,50847.6,50613.9,50773.8,22.7606152
1615125600000,50773.8,51251.5,50719.7,50778.4,34.57457115
1615126500000,50783.8,50849.3,50150.4,50383.6,52.20820579
1615127400000,50384.1,50501,50229.6,50434.5,35.34218228
1615128300000,50434.5,50642.3,50434.5,50642.3,20.51742555
1615129200000,50642.3,50642.4,50431.7,50607.3,19.6472419
1615130100000,50607.3,50830,50596.2,50616.3,26.82042156
1615131000000,50616.3,50710.1,50388.3,50469.8,18.85330747
1615131900000,50466.6,50595.8,50466.6,50569.2,16.1399243
1615132800000,50569.3,51009,50569.3,50881.7,75.79350318
1615133700000,50881.7,50973.9,50750,50770.4,30.41154637
1615134600000,50770.4,51094.2,50770.4,51086.5,20.03838962
1615135500000,51086.5,51362.9,51041.7,51054.3,45.79122453
1615136400000,51054.2,51135.4,50937.3,50951.1,38.84770801
1615137300000,50951.1,51064.4,50941,50991.2,15.51158371
1615138200000,50991.1,51034.2,50940.8,50970.8,15.1022343
1615139100000,50970.8,51083.9,50782.5,51069,22.34659186
1615140000000,51069,51084.8,50809.8,50882,16.21698174
1615140900000,50888.4,50888.5,50555.4,50649.8,26.86666036
1615141800000,50649.9,50729.9,50627.8,50658.1,20.66043833
1615142700000,50646.1,50693.4,50367.2,50415.9,21.60510915
1615143600000,50415.9,50550.5,50267.8,50413,28.35583432
1615144500000,50412.9,50569.4,50363.3,50464.6,16.67456596
1615145400000,50464.6,50547.5,50407.1,50494.1,17.81097837
1615146300000,50494.1,50494.1,50305.3,50392,13.96950631
1615147200000,50380.9,50380.9,49774,49845.8,54.78410413
1615148100000,49841,49969.3,49788.1,49811.6,25.50462072
1615149000000,49811.7,50097.1,49811.7,49973.8,22.99461401
1615149900000,49973.7,50100,49906.5,50041.5,15.46003776
1615150800000,50041.5,50061.6,49834.8,49860,14.26008395
1615151700000,49860,50065,49843,49982.1,19.46493407
1615152600000,49982,50265.6,49958.5,50195.3,21.68549866
1615153500000,50195.2,50203.6,50040.2,50090.8,14.03882303
1615154400000,50090.9,50144.1,50000.4,50134.4,14.32595772
1615155300000,50134.4,50377.2,50129.1,50261.1,21.03199223
1615156200000,50261,50791,50256.8,50621.3,55.88250308
1615157100000,50621.2,50704,50483,50506.2,17.95281156
1615158000000,50506.1,50967,50496.2,50899.1,23.65424457
1615158900000,50899.1,51039.7,50801.8,51032.6,35.85938625
1615159800000,51033.3,51177.3,50840.1,51078.9,78.38208681
1615160700000,51079,51424.7,50864.5,50930.4,62.50781723
1615161600000,50956.6,51420,50857.1,51355.5,47.73192183
1615162500000,51355.6,51638.9,51350,51484.7,32.71635752
1615163400000,51484.7,51682.3,51417.3,51635.8,27.69417139
1615164300000,51635.8,51635.8,51274.6,51474.6,32.71172171
1615165200000,51484.8,51823.3,51402.5,51753.5,35.54729674
1615166100000,51753.5,51753.5,51548,51554.9,22.2701586
1615167000000,51554.9,51596.7,51284.8,51544.4,41.48777485
1615167900000,51544.4,51694.1,51411.4,51548.8,26.8967792
1615168800000,51548.8,51586.8,51120,51295.6,37.55133124
1615169700000,51295.6,51359.1,50792.9,50892.8,37.22240023
1615170600000,50894.4,50904.4,50574.9,50604.5,42.20271932
1615171500000,50612,50793.5,50460.7,50736,30.3956005
1615172400000,50735.6,50816.3,50302.5,50349.1,39.08469936
1615173300000,50353.5,50672.6,50267.8,50316.7,42.85993029
1615174200000,50313.2,50557.7,50250,50420,22.33897289
1615175100000,50419.9,50618.2,50419.9,50585.2,37.16547457
1615176000000,50585.1,50585.2,50233.9,50341.4,15.98915549
1615176900000,50341.3,50468.1,50087.9,50434.3,26.4773143
1615177800000,50434.2,50468.8,50300,50327.9,13.71307513
1615178700000,50327.8,50521.4,50276.3,50426.2,16.64058914
1615179600000,50423.2,50611.9,50378.3,50378.3,27.94069372
1615180500000,50378.5,50544.7,50378.5,50518.3,33.53487655
1615181400000,50523.8,50744.7,50470.5,50597.7,23.24980822
1615182300000,50597.7,50800.7,50597.7,50754,10.49566951
1615183200000,50759.5,50926.2,50693.7,50694.5,16.94060838
1615184100000,50694.5,50742.2,50411.2,50566.2,32.10833814
1615185000000,50566.2,50566.2,50225.4,50366.6,33.43240338
1615185900000,50366.6,50366.6,50155.7,50276.6,16.73433914
1615186800000,50276.5,50415.6,49840,49939.1,51.76837971
1615187700000,49939.5,49977.6,49505.1,49786.1,52.40518311
1615188600000,49786.1,49886.2,49639.6,49787.5,26.50506754
1615189500000,49785.8,49948.2,49719.4,49762.7,12.90129074
1615190400000,49762.7,49800.2,49400,49452.1,38.68943854
1615191300000,49452.1,49720.7,49287.5,49690.5,47.22793603
1615192200000,49684.5,49746.4,49586.1,49650.1,23.60523252
1615193100000,49650.1,49921.4,49608.9,49876.2,24.78484524
1615194000000,49876.2,50084.5,49704.4,49754,27.6779856
1615194900000,49754,49786.9,49446.8,49623.4,18.18619729
1615195800000,49623.3,49850.4,49403.2,49849.1,22.26664497
1615196700000,49828.3,49873.4,49682.5,49873.4,15.58571331
1615197600000,49873.4,49975.6,49688.5,49885.8,15.27665801
1615198500000,49888,50103.3,49838.7,49984,17.68351708
1615199400000,49984,50257.8,49984,50180.9,26.33432791
1615200300000,50180.9,50242.5,49989.2,50060.4,17.59036908
1615201200000,50060.4,50189.2,49885.1,50013.8,14.75926641
1615202100000,50013.7,50047.8,49899.6,49982.6,18.56457958
1615203000000,49982.7,50324.7,49975.8,50060.9,17.14168652
1615203900000,50061,50544.1,49980.6,50479,23.59979645
1615204800000,50480.4,50532.3,50226.1,50329.5,17.77877077
1615205700000,50329.5,50439.1,50201.5,50258.6,24.11388385
1615206600000,50258.6,50415.7,50120.6,50248.4,22.0318408
1615207500000,50248.3,50315.9,50106.9,50270.4,16.23564214
1615208400000,50270.5,50468.9,50265.1,50380.5,22.7785767
1615209300000,50381.4,50883.2,50381.4,50725.5,65.60426411
1615210200000,50722.3,51054.1,50641.6,50881.6,46.77215262
1615211100000,50881.7,51023.1,50767.5,50984.8,36.87776462
1615212000000,50984.8,50984.8,50700.2,50705,22.57721362
1615212900000,50705,50927.9,50705,50909.6,12.84299642
1615213800000,50909.6,50923.9,50124.9,50852.5,56.7466773
1615214700000,50857.8,51227.1,50612,50755.6,48.39202456
1615215600000,50755.5,50938.1,50555.7,50909.4,38.65150538
1615216500000,50909.4,51034.1,50818.4,50966.6,20.66050678
1615217400000,50966.7,51189.8,50906.3,51130.9,29.10630505
1615218300000,51130.7,51215.8,50972.8,51053.3,26.30135489
1615219200000,51053.3,51178.9,50738.8,50826.2,32.43500506
1615220100000,50826.3,51041.9,50815.5,50957,28.29213641
1615221000000,50959.1,50989.3,50640.1,50645.6,34.95569739
1615221900000,50651.3,50766.7,50557.7,50663.5,37.6311089
1615222800000,50664,50874.4,50622.3,50740.9,20.50597978
1615223700000,50740.9,50858.3,50636.3,50811.1,21.28827347
1615224600000,50810.6,50818.9,50684.9,50755.2,17.41746758
1615225500000,50755.3,50827.3,50728.7,50798.4,10.44045644
1615226400000,50798.4,50919.7,50766.6,50840.4,23.18177791
1615227300000,50840.5,51062.2,50840.4,50949.8,18.78911047
1615228200000,50949.8,50979.8,50776.7,50789.8,12.37702309
1615229100000,50789.9,50858.8,50747.1,50796.5,11.66437845
1615230000000,50796.4,51001.7,50794.9,50997.8,23.85447962
1615230900000,50997.8,51028.5,50883.4,50979.2,16.41559784
1615231800000,50979.2,51415.6,50979.2,51334.9,52.12296199
1615232700000,51334.9,51471.1,51245.8,51308.9,32.81210972
1615233600000,51309,51413.1,51238.7,51357.8,18.69867577
1615234500000,51357.8,51466.1,51279.8,51449.9,22.80256196
1615235400000,51449.9,51880.5,51338.4,51872.3,43.96132872
1615236300000,51872.3,52000,51630,51759.1,57.13856118
1615237200000,51759,51889.6,51534.8,51646.3,28.38169214
1615238100000,51646.2,51755.6,51517.4,51642.6,26.85308953
1615239000000,51642.6,51669.7,51545.5,51645.2,16.59202883
1615239900000,51645.2,51920,51645.2,51857.9,27.59236261
1615240800000,51857.8,51903,51600.7,51630.9,27.60263102
1615241700000,51630.9,51733.3,51383.9,51574.3,32.29093739
1615242600000,51574.3,51759,51440,51463.8,19.45811474
1615243500000,51454.6,51649.8,51448.8,51590.9,22.12924715
1615244400000,51590.9,51833.7,51590.9,51725.8,18.01702292
1615245300000,51726.6,51778.8,51643.7,51778.8,16.02837377
1615246200000,51778.7,52133.7,51778.7,52059.3,60.11200209
1615247100000,52059.3,52387.5,52059.3,52377,35.98954138
1615248000000,52376.9,52524.5,52186.8,52276.1,38.88610613
1615248900000,52276.1,52303.1,51971.5,52025.6,39.28683674
1615249800000,52026,52178.5,51833.8,52098.3,31.98612995
1615250700000,52098.2,52157.8,51932.4,52019.1,19.98792498
1615251600000,52019.2,52320.5,51990.9,52320.4,36.04051338
1615252500000,52320.5,53050,52320.2,52975.2,94.52558486
1615253400000,52975.2,53583.4,52975.2,53307.5,97.95593771
1615254300000,53307.4,53750.5,53219,53562.5,107.18052734
1615255200000,53562.6,53697.1,53267.2,53394.5,60.81441292
1615256100000,53394.5,53724.2,53370,53673.3,55.09643039
1615257000000,53673.3,53761,53418,53609.3,58.84213249
1615257900000,53610.6,53666.2,53398.2,53577.2,33.71178664
1615258800000,53577.2,53693,53444.3,53497.4,22.31158789
1615259700000,53497.4,53850,53497.4,53814.5,31.77025867
1615260600000,53814.5,54075.1,53711.1,53849.3,60.94783328
1615261500000,53849.3,53933.2,53700.1,53846.8,32.95825326
1615262400000,53846.9,53912.2,53500,53500,34.80583049
1615263300000,53499.1,53846.2,53473.4,53846.1,34.2719753
1615264200000,53846.2,53968.9,53729.1,53915.9,22.04463158
1615265100000,53910.3,54020,53667.6,53686,33.05319874
1615266000000,53685.9,54017.6,53685.9,53941.5,18.20807992
1615266900000,53941,54429,53879.9,54231.7,39.63468607
1615267800000,54231.8,54291.1,54056.3,54138.6,30.87606831
1615268700000,54138.5,54273,54045.6,54250.7,31.85993021
1615269600000,54250.7,54437.8,54200.1,54262.8,43.96793457
1615270500000,54262.8,54383.7,54077.1,54079.4,25.12056793
1615271400000,54079.3,54223.9,54049.4,54064.8,14.34497906
1615272300000,54064.8,54088.8,53755.6,53850.1,46.40239762
1615273200000,53850.1,53880.3,53474.8,53759.6,34.11304006
1615274100000,53760.4,53800,53653.8,53754.1,17.46294867
1615275000000,53755.6,53767.4,53518.9,53657.1,14.36332922
1615275900000,53657.1,53860.2,53424.2,53545.9,27.5761295
1615276800000,53542,53758.9,53291.9,53727.5,36.81762639
1615277700000,53726.3,54072,53648.4,53884,31.36180239
1615278600000,53884,54149.9,53785,53950.2,25.49061903
1615279500000,53954.5,54058.6,53842.4,54019.8,14.05845342
1615280400000,54019.7,54195,54019.7,54078.6,21.48298876
1615281300000,54067.8,54116.1,53887.8,53941.7,16.94273923
1615282200000,53941.8,54270.3,53941.8,54214.4,20.4580857
1615283100000,54214.5,54258.3,54036.8,54108,15.64753341
1615284000000,54108,54347.4,54108,54264,33.87142607
1615284900000,54264,54264,54121.4,54146.4,19.1405843
1615285800000,54146.4,54146.4,53881.2,54025.2,22.20921303
1615286700000,54025.2,54204.2,53992.8,54159.4,22.38946152
1615287600000,54159.3,54300,54042.4,54149.8,23.62437282
1615288500000,54149.8,54217.4,53961.6,54039.3,22.00160116
1615289400000,54039.3,54200,53912,54167.6,27.0084784
1615290300000,54168.5,54259.3,54042.2,54213.8,31.18216833
1615291200000,54213.8,54213.8,54014.5,54074.5,21.37222096
1615292100000,54074.4,54174.5,53986.6,54121.9,20.10674291
1615293000000,54127.4,54144.2,53690.4,53870.5,44.9891926
1615293900000,53870.5,53870.6,53563.6,53729.2,37.45880171
1615294800000,53729.1,53846,53665.9,53826.4,22.77730883
1615295700000,53826.3,54132.7,53826.3,54066.3,25.66553649
1615296600000,54066.3,54539.4,54054.8,54457.3,38.65260736
1615297500000,54456.3,54798,54456.3,54783.1,38.6653241
1615298400000,54781.9,54781.9,54401.8,54581.6,45.59415851
1615299300000,54581.6,54689.3,54370.8,54572.4,49.82995609
1615300200000,54572.3,54655.5,54419.4,54423.5,19.87618934
1615301100000,54423.4,54693.5,54399.7,54489.3,27.99346545
1615302000000,54489.3,54505.2,54206.1,54245.1,38.05288831
1615302900000,54243.6,54406.6,54150.7,54400,40.16463278
1615303800000,54400,54400.1,54250,54250,28.08922627
1615304700000,54250,54292.9,53805.5,54107.6,45.52927032
1615305600000,54107.5,54290.5,53821.5,53842.9,54.02865731
1615306500000,53842.8,54060.7,53752.6,53988.3,24.01694492
1615307400000,53988.2,54322.8,53938.8,54264.4,28.73187713
1615308300000,54259.7,54328.6,54088.9,54089,19.06834543
1615309200000,54089,54269,54003.3,54155.5,25.78343103
1615310100000,54155.6,54182.2,53982.1,54063.6,22.53611707
1615311000000,54063.6,54063.6,53832.1,53922.6,22.38732056
1615311900000,53922.5,53987.9,53776.8,53791.8,13.21957628
1615312800000,53795.7,53980.4,53640,53903.6,29.32785431
1615313700000,53903.7,54050,53799.1,53916.2,25.42765385
1615314600000,53910.7,54011.3,53772.6,53850.5,19.18377499
1615315500000,53850.5,53986.7,53638.9,53888.3,28.22669991
1615316400000,53888.4,54026.1,53798.7,53908.7,26.43162069
1615317300000,53908.7,54215,53872.8,54001.7,30.58704982
1615318200000,54001.7,54099.9,53838.3,54096.7,32.33420148
1615319100000,54096.8,54172.5,54053.5,54102,13.73383136
1615320000000,54101.9,54255.6,54054,54152.7,17.23433774
1615320900000,54152.7,54428.2,54089.4,54411.1,19.90496555
1615321800000,54411.2,54572.1,54394.9,54435.1,27.29031612
1615322700000,54435.1,54472.3,54284.7,54324.7,21.83902815
1615323600000,54324.6,54345.6,54206.5,54245.5,15.98626676
1615324500000,54245.5,54285.9,54015.2,54034.1,18.89860378
1615325400000,54034,54200,53881.1,54179.8,41.3299355
1615326300000,54179.8,54512,54165.7,54271.8,32.50054141
1615327200000,54271.8,54444.2,54256.4,54432.6,12.60737256
1615328100000,54433.1,54433.9,54245.7,54245.8,14.39535943
1615329000000,54245.8,54419.4,54146.5,54390.7,19.28258761
1615329900000,54390.8,54828.5,54370.3,54790.8,50.50028036
1615330800000,54790.8,54826,54552.2,54810.5,33.27615835
1615331700000,54805.1,54812.8,54644.2,54649.6,24.97138373
1615332600000,54649.7,54712.5,54490.4,54639.3,42.83228549
1615333500000,54639.3,54867.6,54569.8,54867.6,44.14877657
1615334400000,54867.5,55196.1,54751.1,55141.7,101.2085342
1615335300000,55141.6,55740.7,55096.3,55663.1,71.76719849
1615336200000,55663.2,55749.9,55453.7,55600,80.079115
1615337100000,55623.7,55640.4,55323.4,55502.3,52.73613979
1615338000000,55502.4,55816.1,55451.3,55515,36.31135481
1615338900000,55514.9,55673.4,55353.3,55386.3,58.46812486
1615339800000,55386.3,55428.3,54629.9,54802.1,88.6802398
1615340700000,54802.1,54802.2,54530,54705.9,82.04570137
1615341600000,54706,54706.1,53300,53761.2,154.25691612
1615342500000,53761.2,54330.9,53719.2,54069,91.89603791
1615343400000,54068.9,54094.9,53711.3,53750.9,80.26085956
1615344300000,53749.7,54025.4,53745.2,53946.5,44.18719144
1615345200000,53946.6,54155.8,53773,53849.2,40.94739905
1615346100000,53848,53994.2,53581.8,53765.2,43.12857565
1615347000000,53765.3,53874.3,53367.2,53461,59.19562589
1615347900000,53467.4,53583.2,53121.1,53445.6,63.58161587
1615348800000,53445.6,53629.2,53346.1,53543.7,28.86110072
1615349700000,53539.9,53663.1,53385.1,53453.4,22.28343562
1615350600000,53445.1,53660.7,53339.3,53585.4,36.14891707
1615351500000,53585.5,53788.8,53453.4,53639.9,42.73571055
1615352400000,53640,53640,52911.4,53180.1,39.7902423
1615353300000,53180.5,53654.8,53180.5,53565.9,28.16728415
1615354200000,53573.2,53693.7,53483.7,53649.1,24.06921433
1615355100000,53649.2,53672.4,53561.9,53651.9,10.40783473
1615356000000,53651.8,53712.4,53524.7,53637.9,24.80674761
1615356900000,53638,53833.5,53568.7,53833.5,17.43622351
1615357800000,53833.5,54016.8,53807.5,53997.5,29.06442173
1615358700000,53997.6,54070.9,53742.4,53869.7,17.1874305
1615359600000,53869.7,54035.1,53839.4,53940.4,15.99919485
1615360500000,53940.5,54225.8,53937.8,54177.4,13.1886526
1615361400000,54177.5,54316.2,54154.9,54287.4,16.82995332
1615362300000,54287.3,54405.1,54170,54204.2,16.67777028
1615363200000,54191.7,54541.1,54060.8,54497.3,34.49946463
1615364100000,54497.3,54638.7,54450,54450.1,15.52794509
1615365000000,54450,54599,54410.4,54528.4,11.58008149
1615365900000,54527.8,54724.5,54501.2,54639.6,11.4877576
1615366800000,54639.5,54703.3,54314.6,54335.2,19.44567518
1615367700000,54335.2,54817.4,54335.2,54788.8,20.65229374
1615368600000,54788.8,55424.8,54788.8,55231.9,40.05838047
1615369500000,55231.8,55250,54960.1,55227.4,36.76424479
1615370400000,55229.2,55358.9,54932,54977.7,51.91222779
1615371300000,54977.7,55089.7,54702.3,54940.3,24.82826226
1615372200000,54940.4,55001.5,54750.4,54964.7,22.96999509
1615373100000,54964.7,55110.4,54748.7,54830.1,18.14290058
1615374000000,54830.2,54999.5,54520.5,54856,36.58856207
1615374900000,54852.4,54979.7,54604.8,54770,24.54018634
1615375800000,54770,54866.9,54685,54776,25.42776088
1615376700000,54776.3,54939.9,54644.2,54850,21.75494294
1615377600000,54850,55236.6,54850,54920.6,30.21330651
1615378500000,54920.7,55233.2,54855.5,55037.8,21.30364497
1615379400000,55037.8,55472.2,55037.8,55268.8,19.69939778
1615380300000,55283.9,55500,55186.5,55224.3,27.82756825
1615381200000,55240.1,55700,55167.4,55651.1,20.77851464
1615382100000,55637,55704.4,55452.5,55579.6,19.79780073
1615383000000,55579.5,56146.6,55579.5,56026.6,48.96779268
1615383900000,56017.6,56293.3,55900.2,56242.1,26.17213708
1615384800000,56244.8,56341.9,55771.8,56000,31.29478311
1615385700000,56000,56157,55850.6,55945.1,29.55787793
1615386600000,55952,56216.5,55896.6,56213.7,21.43608071
1615387500000,56213.8,56369.3,55915,56104.4,26.2425456
1615388400000,56104.4,56331.9,56036.4,56248.3,24.61618809
1615389300000,56240,56464.8,56214.7,56214.7,24.16771535
1615390200000,56214.6,56237.1,55953.1,56078.6,45.31951076
1615391100000,56078.7,56391.7,56067.2,56332.6,22.52885763
1615392000000,56330.4,56462.1,56112,56375.1,42.30586329
1615392900000,56375.1,56410.9,56129,56297,30.46232107
1615393800000,56297,56651.7,56296.9,56544.4,52.43072311
1615394700000,56544.4,57040.3,56529.1,56997.4,62.65967114
1615395600000,56997.5,57090.4,56711.4,56851.8,51.72816319
1615396500000,56851.7,57039,56814.3,56942.3,39.68265384
1615397400000,56942.2,57083.3,56281.5,56521.9,92.81694177
1615398300000,56522.2,56951,56522.2,56860.2,50.96648808
1615399200000,56860.1,56985,56753.8,56842.7,28.03866332
1615400100000,56842.6,56889,56563.4,56699.9,35.0424601
1615401000000,56700,57094.2,56700,56885.3,36.64208301
1615401900000,56885.3,56885.3,56592.1,56727.3,37.93065866
1615402800000,56727.3,57298.4,56601.3,57265.5,53.1485724
1615403700000,57265.4,57364,57000,57028.2,80.74473271
1615404600000,57028.3,57110.7,56775,56799.1,36.17456613
1615405500000,56799.1,57048.9,56662.5,56739.8,30.01715045
1615406400000,56739.9,56880.5,56518.1,56710.3,56.92224319
1615407300000,56710.3,56739.6,55750,56572,83.80979408
1615408200000,56572.1,56576.7,56042,56042,49.46474678
1615409100000,56042,56473.9,56041.9,56259.6,39.58646072
1615410000000,56266.7,56266.7,55500,55646.3,81.86336218
1615410900000,55643.5,56448.4,55643.4,56400.1,81.91320942
1615411800000,56400,56788.6,56340,56401.5,59.00336024
1615412700000,56401.5,57050.6,56401.5,56930.2,54.79960248
1615413600000,56930.3,57224,56700,56742,60.89730742
1615414500000,56743.5,56884.2,56498.3,56658.3,38.451304
1615415400000,56658.4,57049.9,56658.3,56940.9,39.99684724
1615416300000,56938.3,56988.4,56794.8,56906.1,19.30312937
1615417200000,56906.1,56943.5,55520,56434.9,115.79876864
1615418100000,56435,56435,56028.7,56084.1,40.0728646
1615419000000,56084.2,56195.5,55766.8,56087.8,45.42184129
1615419900000,56082.9,56306.4,55806.3,55865.5,32.89981815
1615420800000,55863.7,56163.9,55504.9,56055.6,61.15951925
1615421700000,56055.7,56451,56055.7,56364.1,62.36210421
1615422600000,56364.2,56475.9,55850.8,56013.8,43.25273515
1615423500000,56013.8,56142.8,55528.7,55609.7,58.73049932
1615424400000,55609.7,55785.9,55174.1,55331.4,65.09139682
1615425300000,55331.4,55536.5,55179.7,55378.1,31.53978651
1615426200000,55375.4,55673.3,55375.4,55575.4,24.96318579
1615427100000,55575.4,55942.6,55570.3,55785.8,19.6749249
1615428000000,55785.8,56076,55663.6,55955.2,25.47596823
1615428900000,55955.3,56241.5,55891.2,56177.1,24.12126726
1615429800000,56177,56215.2,55994.5,56020.6,18.51794784
1615430700000,56020.5,56326.4,55809.3,56325,33.48564876
1615431600000,56325,56473.6,56057.2,56193.6,25.52179035
1615432500000,56193.6,56193.6,55831.4,56035.7,18.41669739
1615433400000,56035.7,56035.7,55599.3,55746.6,25.64385635
1615434300000,55746.7,56040.3,55731.8,55995.1,19.24415403
1615435200000,55992.9,56036.2,55603.7,56029.3,26.46043702
1615436100000,56029.3,56045.2,55681.9,55915.3,14.35399732
1615437000000,55915.4,56159.9,55835.7,55953,19.56483658
1615437900000,55953,55953.1,55661.2,55838,35.12765626
1615438800000,55838,55838,55462,55543.2,41.23321167
1615439700000,55537.2,55650,55363.5,55643.9,24.89084033
1615440600000,55649.9,55649.9,55265.5,55306.9,35.91060113
1615441500000,55306.9,55440.8,55216.1,55297.2,18.86050486
1615442400000,55297.2,55460.8,55020.3,55424.1,44.59912456
1615443300000,55424.1,55603.2,55414.9,55554.5,21.61041355
1615444200000,55554.4,55756.2,55368.9,55742.9,22.18875125
1615445100000,55742.9,55742.9,55372.6,55565.9,17.01099038
1615446000000,55565.8,55565.8,55246.5,55554.7,14.97757843
1615446900000,55554.6,55781.1,55440.7,55711,26.46431102
1615447800000,55708.3,55708.3,55338,55458.7,15.59419733
1615448700000,55458.7,55534.8,55023,55023.1,21.41391697
1615449600000,55024.2,55083.6,54500,54591.1,87.7693058
1615450500000,54591,54865,54238,54666.8,60.88509004
1615451400000,54666.9,54907.7,54575.5,54800.9,32.85830747
1615452300000,54800.9,54974.9,54540,54751.7,22.70011121
1615453200000,54751.8,54791.9,54455.1,54722.9,26.61693478
1615454100000,54716.2,54917.4,54659.5,54678,20.02622195
1615455000000,54678.1,54839.3,54541.4,54553.1,21.64593508
1615455900000,54553.2,54837.2,54445.9,54479.6,28.26242619
1615456800000,54479.7,54880.4,54432.1,54818.3,29.13535315
1615457700000,54822.4,55272,54690.6,55223.5,29.76045502
1615458600000,55223.6,55224,54977.9,55098.4,28.89806181
1615459500000,55104.4,55600,55095.9,55527.5,33.57457752
1615460400000,55527.6,55757,55495.3,55576.1,37.20223392
1615461300000,55577.2,55741.1,55418.1,55516.6,17.00689653
1615462200000,55516.6,55992.8,55516.5,55981.1,17.93703596
1615463100000,55981.1,56262.9,55824.2,56230.2,29.58508113
1615464000000,56230.2,56407.7,56000,56155.3,37.87500943
1615464900000,56155.2,56161.9,55955,55968.8,25.83396897
1615465800000,55968.6,56125.6,55718,55996.5,25.71702912
1615466700000,55996.6,56365.2,55952.2,56268.3,38.17474483
1615467600000,56268.3,56757.6,56268.3,56700.1,53.93438404
1615468500000,56700,56839.2,56622.3,56634.9,43.66441307
1615469400000,56634.2,56717.8,56502.9,56613.6,37.25398421
1615470300000,56613.6,56995.3,56607.3,56926.3,39.08656326
1615471200000,56926.3,57223.5,56922,57164.5,35.18952031
1615472100000,57164.1,57220.9,56734,56948.1,34.78370354
1615473000000,56949.4,57047.1,56651.3,56714.8,40.13099587
1615473900000,56713.1,56873.7,56500,56795.6,31.34348828
1615474800000,56796.2,57052.6,56685.7,56693.8,34.93590582
1615475700000,56734.4,56802.2,56550,56680.7,32.24588637
1615476600000,56705.3,56715,55839.8,56258.1,44.81143132
1615477500000,56258.1,56363,55959.4,56331.6,26.10991953
1615478400000,56334.3,56775.4,56334.3,56751.2,52.90617931
1615479300000,56751.2,56897.1,56535.5,56842.5,19.81446844
1615480200000,56842.6,56937.1,56661.8,56787.8,15.41467062
1615481100000,56766,56858,56550.6,56817.4,12.73735198
1615482000000,56817.4,56950.3,56200.2,56642.1,31.33921561
1615482900000,56646.9,56708.1,56278.3,56427.5,35.53499255
1615483800000,56427.5,56963.5,56427.5,56808.7,41.8565878
1615484700000,56808.6,56927.3,56603.5,56772.8,34.16889163
1615485600000,56770.7,56877.4,56451.5,56601.7,64.22309719
1615486500000,56601.7,57091.3,56601.6,57027.9,56.1300789
1615487400000,57041.2,57560.9,56946.8,57429.4,65.60916637
1615488300000,57426.2,57639.9,57368.4,57501.7,50.71170008
1615489200000,57501.7,57629.6,57140.8,57320,47.62092075
1615490100000,57313.3,57366,56936,57312.2,40.36347592
1615491000000,57312.2,57362.1,57136.6,57286.5,22.96308925
1615491900000,57282.6,57355.1,56681.2,56843.6,39.70195752
1615492800000,56844.5,57279.8,56600,56857.9,62.97016002
1615493700000,56857.8,57350,56851.8,57327.3,30.4833899
1615494600000,57327.3,57474.2,57110.3,57405.5,34.64853194
1615495500000,57405.5,57601.9,57385.3,57456.2,37.79218756
1615496400000,57456.2,57900,57456.2,57795.7,79.41777841
1615497300000,57802.2,57861.8,57655.1,57829.9,29.75819796
1615498200000,57829.8,57848.4,57533,57689.1,36.45360725
1615499100000,57689.1,57800,57200,57570,43.80216548
1615500000000,57569.9,57836.9,57569.9,57737.2,37.07274027
1615500900000,57737.2,58034,57614.5,57665.2,54.40619287
1615501800000,57665.1,57951.5,56968.3,57650.7,62.21539996
1615502700000,57650.7,57950.8,57410.8,57889.4,38.98712351
1615503600000,57883.8,58128.8,57816.3,57925.8,47.50019871
1615504500000,57925.4,58150,57800,57985.2,34.69525918
1615505400000,57985.2,58025,57705.6,57721,35.43189013
1615506300000,57721,57863.6,57614.8,57781.1,44.54592114
1615507200000,57781,58057.5,57250,57786.6,70.94583646
1615508100000,57786.7,57900,56992.8,57050.4,89.75657991
1615509000000,57050.5,57290.6,56805,56988.1,71.74883951
1615509900000,56988,57509.5,56951.6,57349,45.60034095
1615510800000,57349.1,57620.1,57189.5,57560,35.33099239
1615511700000,57560,57579.1,57191.7,57393.2,30.81467137
1615512600000,57384.5,57461.2,56870,56925.5,45.39859009
1615513500000,56925.6,57158.2,56651.7,56897.3,47.24835114
1615514400000,56897.3,57060.4,56715.6,56769.3,36.38836029
1615515300000,56769.3,56953.2,56728.2,56847.6,22.20228239
1615516200000,56847.7,57036.6,56771.9,56920.3,23.92792549
1615517100000,56920.4,57104.8,56814.6,56969.9,20.43492868
1615518000000,56969.9,57079,56888.7,56911,20.67394002
1615518900000,56911.1,57143.6,56807.7,57085.8,16.68243235
1615519800000,57085.7,57276,56984,57013.4,33.27871181
1615520700000,57013.5,57104.1,56882,57103.9,18.27926969
1615521600000,57103.9,57222.5,56549.4,56733.9,52.01058483
1615522500000,56731.9,56783.7,56500,56646.5,50.39763047
1615523400000,56646.5,56750,56562.7,56572,22.75768041
1615524300000,56572,56793.8,56561.2,56701.5,20.64919522
1615525200000,56701.5,56891.6,56664.5,56786.8,28.23639352
1615526100000,56786.9,56808,56333.3,56728.7,31.37317268
1615527000000,56728.7,57055.8,56718.5,56973.4,19.86817217
1615527900000,56973.3,57254.1,56922.6,57163.2,25.31770214
1615528800000,57163.2,57413.6,57163.1,57249.4,27.82960598
1615529700000,57249.4,57255.3,57092.6,57222,20.84008546
1615530600000,57221.9,57261.6,57040.8,57040.8,19.79303845
1615531500000,57038.4,57138.2,56916.1,57060.2,25.42908106
1615532400000,57060.2,57060.2,56679.3,56688.7,26.75213012
1615533300000,56688.7,56832.7,56475.8,56762.1,41.16890626
1615534200000,56762,56884.3,56618.4,56751.1,17.29612477
1615535100000,56751.1,56842.3,56538,56685.8,17.06630614
1615536000000,56685.7,56685.7,56283.7,56594.9,42.08969939
1615536900000,56594.9,56637.9,56338.5,56561.1,29.18036151
1615537800000,56561.1,56840.7,56472.8,56611.8,28.0824109
1615538700000,56611.8,57088,56525.2,56525.2,33.56805881
1615539600000,56522,56819,56378.6,56764,26.00135849
1615540500000,56764.1,56769.6,56540.4,56670.6,26.03371117
1615541400000,56670.5,56670.5,56465.4,56501,18.63867267
1615542300000,56501,56565.8,56321.7,56537.4,21.87475204
1615543200000,56537.4,56537.4,56122,56219.3,30.17003267
1615544100000,56219.3,56219.3,55849.2,55857.2,36.71684674
1615545000000,55857.2,56532.8,55830.4,56506.6,56.111675
1615545900000,56508.5,56850,56458.2,56701.2,72.8854905
1615546800000,56701.1,57059.1,56574.1,56933.7,36.50558757
1615547700000,56933.7,56933.8,56728.8,56816.9,21.34482283
1615548600000,56819.5,56819.5,56484.6,56500.8,26.27421197
1615549500000,56500.8,56634.6,56356.2,56494.9,33.98687185
1615550400000,56494.8,56830,56287.8,56541.4,37.28640881
1615551300000,56541.4,56611.4,56336.7,56424.1,22.60943847
1615552200000,56424.1,56547.6,56200.2,56543.8,30.6304244
1615553100000,56543.9,56549.2,56320,56385.9,18.1344591
1615554000000,56385.9,56385.9,55397.1,55596.5,122.56523597
1615554900000,55597.3,55972.8,55013.7,55263.8,127.21010392
1615555800000,55263.8,55675,55168.3,55637.6,123.17626568
1615556700000,55637.6,55999,55546.7,55699.7,50.47228583
1615557600000,55699.8,55775.7,55376,55704.2,31.66854593
1615558500000,55704.2,56063.9,55507.4,55976.5,46.64754593
1615559400000,55976.6,56236,55830.8,56023.5,75.38074962
1615560300000,56019.1,56200.2,55765,56200.2,48.39500196
1615561200000,56200.1,56528,56026.8,56471.5,72.31675335
1615562100000,56471.7,56471.7,56211.1,56233,23.70805287
1615563000000,56233.1,56522.1,56170,56518,38.7334636
1615563900000,56518,57084.1,56504.9,56960.2,83.1063304
1615564800000,56960.1,57318.9,56960.1,57245,69.8850286
1615565700000,57245,57600,57039.2,57586.2,85.40137434
1615566600000,57586.2,57623.4,57331.5,57466.3,39.51571102
1615567500000,57466.2,57534.7,57241.6,57378.7,32.31843587
1615568400000,57376.8,57573.2,57279.9,57493.4,25.42853897
1615569300000,57493.3,57598.3,57414.1,57517.3,22.68750474
1615570200000,57517.3,57746.1,57452.2,57466,41.90240183
1615571100000,57466,57482.7,57037,57165.8,65.8934931
1615572000000,57165.8,57646.2,57062.8,57584,37.95214497
1615572900000,57583.9,57657.4,57327.1,57360.2,27.1933823
1615573800000,57359,57431.3,57247.4,57387.8,24.83960468
1615574700000,57396,57586.6,57189.9,57328.4,29.55755687
1615575600000,57336.4,57530.4,57183.6,57296.8,28.94386467
1615576500000,57299.8,57319.8,56684.1,56863.6,52.46272569
1615577400000,56863.7,57223.5,56837.5,57101.9,53.15580654
1615578300000,57101.9,57156.8,56870.4,56948.9,35.78865367
1615579200000,56948.8,57154.8,56480.1,56705.4,79.034338
1615580100000,56705.5,56849.8,56400,56504.1,48.89629001
1615581000000,56504.2,56718.2,56459.4,56503.5,33.51805653
1615581900000,56503.4,56760.1,56500.3,56706.9,24.76521717
1615582800000,56706.8,56782.5,56286.6,56533.9,38.11097951
1615583700000,56534,56744,56280.4,56658.6,33.04082591
1615584600000,56658.6,57159.2,56658.6,56943.1,56.81777376
1615585500000,56943,56990.5,56760.5,56933.3,18.32393521
1615586400000,56933.3,57099.8,56863.1,57047.4,19.3448941
1615587300000,57047.3,57408.8,57047.3,57357.9,28.00428067
1615588200000,57357.9,57435,57150,57299.6,36.92587593
1615589100000,57299.6,57318.3,57069.6,57166.5,36.23007086
1615590000000,57166,57340,57120,57257.7,65.73936744
1615590900000,57257.7,57467.2,57244.4,57327.6,92.77754774
1615591800000,57327.6,57495.7,57249.9,57483.5,108.64799583
1615592700000,57483.6,57496.1,57189.7,57238.5,70.9304942
1615593600000,57220.7,57310.1,56456.6,56646.3,160.27783399
1615594500000,56653.6,56760.1,56342.6,56358.1,50.13377131
1615595400000,56358.1,56750.1,56335.3,56738.8,43.5347236
1615596300000,56738.8,56879.9,56592.5,56696.8,46.2175686
1615597200000,56696.7,56696.7,56283.5,56364.2,59.40495843
1615598100000,56364.2,56457.5,56059.3,56263.9,61.31471367
1615599000000,56263.9,56432.8,56135.4,56326.2,29.17549149
1615599900000,56327.6,56505.6,56139.3,56400.4,22.31074569
1615600800000,56396.3,56533,56096.5,56272.5,33.14831053
1615601700000,56272.5,56404.6,56116.3,56396.5,26.70095532
1615602600000,56396.4,56521.7,56367.6,56521.7,25.28306231
1615603500000,56521.8,56624.7,56415.9,56473.4,27.01162054
1615604400000,56473.5,56674.2,56297.1,56613.6,32.31644811
1615605300000,56613.5,56734.1,56518.6,56719.3,86.11550624
1615606200000,56719.4,56852,56648.6,56713.1,48.98709824
1615607100000,56713.1,56719.5,56572.5,56694.3,19.46966612
1615608000000,56694.4,56784,56478.6,56609.9,29.79149402
1615608900000,56610,56616.1,56391.2,56430.6,27.517345
1615609800000,56430.6,56520,56258.5,56429.1,41.18070551
1615610700000,56434.1,56893.8,56418.2,56869.6,13.88928957
1615611600000,56869.6,57074.2,56754.4,57022.5,32.84632055
1615612500000,57022.4,57022.5,56849.4,56869.7,34.43682578
1615613400000,56868.1,56913,56736.6,56822.7,14.7752618
1615614300000,56822.8,56838.5,56623.5,56746.8,18.34414403
1615615200000,56746.8,56854.8,56589.8,56621.7,14.48322739
1615616100000,56621.7,56784,56510.4,56783.9,14.97986936
1615617000000,56783.9,56864.6,56706.8,56809.9,12.8463695
1615617900000,56810,57051.5,56807.8,56932.4,18.12366813
1615618800000,56936.2,57022.9,56837.7,56909.6,18.8650273
1615619700000,56910.8,56950.5,56766.4,56845.7,21.97291145
1615620600000,56845.8,57188,56839.7,57154.4,21.84478445
1615621500000,57154.4,57380,57062.9,57336,24.80104533
1615622400000,57336,57630,57336,57556.6,48.74987907
1615623300000,57556.6,57596.8,57194,57244,36.73440851
1615624200000,57242.2,57426,57135,57250.4,27.60368013
1615625100000,57250.4,57567.6,57250.4,57433.4,17.44967049
1615626000000,57433.4,57499.6,57253.6,57309.1,14.23418738
1615626900000,57309.2,57431.3,57283.5,57418.6,14.2937241
1615627800000,57418.7,57577.5,57283.8,57416.2,24.20119615
1615628700000,57416.2,57593.3,57294.7,57593.3,23.31464661
1615629600000,57594,59313.7,57450.5,59083.8,152.12407555
1615630500000,59097.7,59638.7,58900,59515.5,239.6442961
1615631400000,59515.4,59868.7,59142.1,59377.8,147.97038652
1615632300000,59378.1,59433.7,59050,59429.6,82.7125483
1615633200000,59429.7,59965.1,59429.7,59642.4,143.42315644
1615634100000,59642.4,60178.3,59592.2,59687.2,81.31699259
1615635000000,59684.4,60083.9,59634.8,59918,67.6211949
1615635900000,59918,60128.1,59750.1,59818.4,74.73049782
1615636800000,59845,60031.3,59206.2,59920.7,98.66213384
1615637700000,59920.7,60424.4,59759.6,60226.7,72.69548713
1615638600000,60226.7,60322.2,59996.4,60129.9,52.49090215
1615639500000,60129.8,60129.9,59720,59916,58.62944698
1615640400000,59915.9,60136.2,59588.9,59700,65.21769411
1615641300000,59700,59845.5,59493.4,59666.4,62.58251139
1615642200000,59666.5,59815.6,59499.8,59742.5,67.61765059
1615643100000,59742.5,60005,59628.1,59915.7,38.90540542
1615644000000,59915.6,59968.9,59719.2,59782.6,25.17061466
1615644900000,59782.6,59978.9,59782.6,59959.6,24.36188733
1615645800000,59959.7,60065.2,59853.8,59917.9,24.07217174
1615646700000,59917.9,59948.1,59759.7,59759.7,28.90073234
1615647600000,59759.8,59954.9,59759.7,59891.1,38.06416661
1615648500000,59891.1,59931.2,59800,59842.6,26.67352706
1615649400000,59842.6,59842.6,59525.5,59600.9,35.7484743
1615650300000,59603.5,59741.3,59589.8,59682,19.1041372
1615651200000,59682,59897.9,59682,59779.8,41.28598503
1615652100000,59779.7,59845,59499.9,59522.9,57.81968291
1615653000000,59522.9,59752.6,59450,59690,28.09035328
1615653900000,59690.1,59913.2,59690.1,59824.1,46.37764823
1615654800000,59824.1,59920.9,59776.2,59845,27.7686031
1615655700000,59840.1,60076.2,59800,60040.1,61.70484578
1615656600000,60040.2,60099.2,59923.3,60001.3,32.85163022
1615657500000,60001.2,60470,59946.4,60335.1,57.37846853
1615658400000,60330,60447.9,60021.4,60039,45.58914884
1615659300000,60039,60233.7,60000.3,60203.9,27.80872214
1615660200000,60204,60207.3,60082.2,60163.1,20.77664673
1615661100000,60163.1,60274.8,60016.1,60274.5,25.09975296
1615662000000,60274.5,60326.1,60147.8,60171.6,30.48617975
1615662900000,60171.6,60399.8,60155,60321.4,24.34710312
1615663800000,60318.5,60672.5,60302,60672.5,44.30635207
1615664700000,60672.4,60853.5,60510,60779.8,44.83425422
1615665600000,60779.8,61250,60675,61127.8,55.18503848
1615666500000,61127.8,61397.7,61089.9,61277.2,55.50088186
1615667400000,61277.1,61815.3,61274.5,61659,67.5698695
1615668300000,61659,61734.9,61286.2,61630.1,69.58419765
1615669200000,61630,61721.2,61279.8,61316.4,50.02189098
1615670100000,61316.4,61316.4,60739.9,61102.5,81.15237904
1615671000000,61102.4,61216.2,60618.9,60791,62.38409168
1615671900000,60791.1,61141,60791,61141,25.07122613
1615672800000,61142.1,61278.6,60777.8,60959.7,38.11970631
1615673700000,60959.7,61114.2,60885.2,61105.3,20.72158496
1615674600000,61105.2,61157.9,60886,60933.6,26.74803359
1615675500000,60933.6,61322.8,60933.5,61088.6,33.4752564
1615676400000,61089.8,61325,61089.8,61317.8,26.73723508
1615677300000,61317.8,61467.8,61229.7,61434.7,35.71097037
1615678200000,61437.5,61472.5,61254.4,61384.8,26.96271242
1615679100000,61384.8,61384.8,61138.1,61180.9,36.0304862
1615680000000,61174.3,61411.7,60927.7,61361.2,48.00151771
1615680900000,61361.2,61700,61361.1,61627,29.72708246
1615681800000,61624.3,61630.2,61274.4,61311,33.20935214
1615682700000,61311,61356.1,61199.2,61254.5,24.43773239
1615683600000,61254.6,61254.6,60755,60974.2,58.18818591
1615684500000,60967.9,61018.4,60707.8,60876.3,34.49563494
1615685400000,60876.3,61081.2,60854.3,61054.8,27.24074099
1615686300000,61054.7,61215.2,61037.5,61086.6,20.55572037
1615687200000,61086.7,61215.9,60914.8,60973.9,34.02945559
1615688100000,60974.3,61090,60839.8,60903.5,31.46639025
1615689000000,60903.5,61015,60792.3,60961.1,17.94049305
1615689900000,60961.1,61088.4,60906.3,61057.4,16.38593598
1615690800000,61057.5,61264.6,60915.3,61174.9,23.97279996
1615691700000,61174.9,61388.9,61106.9,61320.6,29.36119335
1615692600000,61325.8,61458.3,61274.5,61290,16.00259617
1615693500000,61290,61342.2,61247.4,61250,61.0544455
1615694400000,61250,61468.2,61068.6,61194.4,59.06905456
1615695300000,61194.2,61452.8,61188.5,61418.1,29.3521051
1615696200000,61418.1,61418.2,61230,61272.7,15.19616315
1615697100000,61272.6,61272.6,61154.7,61217.5,11.63536819
1615698000000,61217.5,61276.4,61059,61209.7,16.88173083
1615698900000,61209.8,61209.8,60924.8,60981.2,22.74032247
1615699800000,60980.7,61132.3,60980.7,61101.6,22.06489426
1615700700000,61103.7,61112.2,60911.3,61012.8,32.41594203
1615701600000,61012.8,61012.8,60775.1,60775.2,25.58121615
1615702500000,60775.1,60915.1,60633.9,60707.8,38.63330724
1615703400000,60704.7,60895,60555,60816.7,26.01816061
1615704300000,60817.9,60972.1,60708.9,60968.4,15.63591084
1615705200000,60968.4,60968.4,60765.8,60765.9,19.02308494
1615706100000,60765.8,60906.9,60603,60903.1,20.77562675
1615707000000,60903,60906.5,60671.2,60760.3,17.3333348
1615707900000,60760.2,60760.3,60469.3,60489.9,44.04758071
1615708800000,60489.9,60682.3,60253.2,60675.8,62.15146899
1615709700000,60675.4,60807.2,60512,60753.6,30.00758785
1615710600000,60709.4,60782.2,60579.9,60782.2,23.75254819
1615711500000,60785,60835.7,60702,60781.7,14.87406672
1615712400000,60783.8,60985.3,60691.6,60913.9,15.90008429
1615713300000,60913.9,60961.7,60763.8,60935.9,20.11420876
1615714200000,60935.9,61105,60934.4,61009.3,20.18499094
1615715100000,61009.3,61112.6,60906,60929.4,18.60659708
1615716000000,60929.4,60967.9,60709.2,60737.6,24.42509974
1615716900000,60737.5,60819,60576.4,60576.5,16.31621954
1615717800000,60576.4,60576.5,60166.4,60329.7,36.85404088
1615718700000,60329.6,60461.5,60136.2,60271.7,25.80229809
1615719600000,60271.7,60381.1,59856.6,60013.5,39.5802583
1615720500000,60013.5,60095.1,59404.2,59672,88.14087809
1615721400000,59687.1,59999.6,59681.5,59816.8,36.8427455
1615722300000,59816.7,60313,59675.4,60294.6,48.9103934
1615723200000,60302.3,60450,60198.5,60295.5,32.87354371
1615724100000,60295.5,60524.8,60122.9,60350.1,25.29820193
1615725000000,60350.1,60479.7,60292.5,60346.6,15.71390254
1615725900000,60346.6,60448.8,60157.4,60422.4,14.87474084
1615726800000,60428.8,60475,60240,60251.1,17.89530241
1615727700000,60251.1,60383.3,59970.1,60129.2,57.97865845
1615728600000,60129.2,60129.2,59786.9,59896.3,46.73854355
1615729500000,59896.2,60063.6,59736.1,59948.9,57.94434724
1615730400000,59948.9,60319.4,59884.4,60304.2,46.46341767
1615731300000,60304.2,60348,60113,60188.7,26.10166496
1615732200000,60188.7,60456.4,60188.7,60269.9,27.69257787
1615733100000,60269.9,60277.7,59922.6,60003.3,45.15187784
1615734000000,60003.2,60078.6,59897.7,59944.2,27.75235933
1615734900000,59944.1,60079.3,59757.3,60058.6,34.5449
1615735800000,60051.7,60142,59605,59771.7,33.43551119
1615736700000,59770.3,59870.1,59485.1,59683.5,33.1248243
1615737600000,59682.3,59975,59305,59944,66.12951849
1615738500000,59943.9,60049,59792.5,59812.2,46.75891491
1615739400000,59812.3,59815.2,59483.3,59803.4,46.54650384
1615740300000,59803.4,59879.2,59458.9,59562.9,33.55344953
1615741200000,59568.1,59857,59535,59804.5,30.01649726
1615742100000,59812.7,60014.2,59655.2,59917.6,27.91559072
1615743000000,59917.6,59917.9,59687.8,59776.2,24.63427506
1615743900000,59776.1,59894.8,59699.1,59709.8,13.5219963
1615744800000,59709.8,60054.5,59709.8,60054.5,25.42610832
1615745700000,60054.6,60136.2,60000,60046.5,23.21508335
1615746600000,60046.4,60353.9,60000,60163.8,31.21861445
1615747500000,60163.9,60260.3,60087.8,60146.9,22.39824027
1615748400000,60146.8,60175,60027.5,60041.7,26.27312428
1615749300000,60041.7,60198.3,60006.5,60157.7,20.94898536
1615750200000,60157.6,60175.4,59883.4,59910.8,25.3456867
1615751100000,59910.8,59950.8,59795.4,59925.3,26.48982624
1615752000000,59926,60045.1,59805,59813.5,23.02469992
1615752900000,59813.5,59856.8,59680,59817.3,29.18644688
1615753800000,59817.4,60041.5,59712.5,60041.5,23.2240589
1615754700000,60041.5,60313,60001.9,60260.9,29.46714723
1615755600000,60260.9,60486.6,60127.5,60127.6,25.86287531
1615756500000,60127.5,60127.5,59879,59988.3,28.93667586
1615757400000,59986.9,60179,59861.9,59934.1,20.94432862
1615758300000,59934.1,60069.1,59927.6,60069.1,22.79512479
1615759200000,60076,60162.5,59751,59773.6,38.02655856
1615760100000,59773.5,60224.5,59756.6,60105.2,30.17345379
1615761000000,60105.2,60222,59920.4,60197.4,31.59183947
1615761900000,60197.4,60317.7,60062.3,60186.2,32.5621616
1615762800000,60186.2,60608.2,60170.9,60578.2,32.01709336
1615763700000,60575,60729,60422.8,60450.7,39.41767339
1615764600000,60455.4,60467.3,59939.4,59978.4,39.64540833
1615765500000,59970.1,60011.6,59000,59000,158.55062207
1615766400000,59000,59495.7,58733.6,59360,141.59807999
1615767300000,59360.1,59851.9,59300.8,59851.8,65.13680106
1615768200000,59851.9,59899.2,59524.1,59755.7,47.50620698
1615769100000,59755.8,59857.4,59399.6,59417.2,38.09441605
1615770000000,59416.4,59750.9,59261.9,59623.4,64.94135676
1615770900000,59623.4,60076.1,59482,60039.6,42.8836203
1615771800000,60039.6,60239.8,59989.7,60148.3,22.94939044
1615772700000,60148.3,60183.6,59950.1,60059.8,34.87281897
1615773600000,60059.9,60323.4,60059.9,60145,77.59321926
1615774500000,60145,60193.4,60010,60191.3,68.71415947
1615775400000,60191.3,60317.2,60057.8,60219.1,25.32739027
1615776300000,60219,60219,60046.2,60074.4,19.94527202
1615777200000,60074.4,60300,60074.3,60216.1,14.7295409
1615778100000,60218.4,60298,60116.7,60200,14.53114915
1615779000000,60200,60273.3,60136.4,60265.2,14.46753815
1615779900000,60265.2,60465,60265.1,60378.6,73.83460634
1615780800000,60382.9,60632.9,60382.9,60442.9,50.68126822
1615781700000,60442.8,60470,60308.2,60378.6,73.79527277
1615782600000,60381.9,60381.9,59888,60073.3,64.41233152
1615783500000,60073.3,60073.3,59656.8,59763.7,52.03211064
1615784400000,59763.6,59835,59490,59615,39.7888304
1615785300000,59615.1,59909.5,59596.5,59669.2,51.75669772
1615786200000,59669.3,59791.5,59292.2,59353.5,41.19610772
1615787100000,59353.5,59500.1,59005,59005,60.49450404
1615788000000,59005.1,59343.2,58960.9,59253.2,42.26277718
1615788900000,59253.3,59268.6,58778.6,59225.1,50.9134827
1615789800000,59225.2,59225.2,58420.5,58539.3,90.37860171
1615790700000,58542.6,58793.9,58500.1,58767.3,40.35990529
1615791600000,58770.7,58785.3,57800,58015.3,95.71236189
1615792500000,58022.3,58135.4,57249.3,57844.3,185.33849111
1615793400000,57844.3,58342.4,57703.5,58342.3,76.22217704
1615794300000,58342.3,58342.4,57750,57799.8,41.67159676
1615795200000,57799.8,58300.6,57513.9,58033.1,68.70992454
1615796100000,58030.7,58361.3,57975.9,58209.7,21.11620393
1615797000000,58209.7,58209.7,57908.8,58127.1,23.00341669
1615797900000,58124.4,58124.4,57524.2,57759.2,71.78959914
1615798800000,57759.1,58100,57472.3,57534.9,51.6099601
1615799700000,57521.4,57736.8,55190.5,56054.8,371.93570589
1615800600000,56054.9,56385.2,54525.6,55487.1,200.63274835
1615801500000,55485.3,55888,55063.6,55852.9,135.22930583
1615802400000,55852.9,56401.8,55574.9,56227.5,76.79163247
1615803300000,56219.8,56433.9,55845.7,56075,87.87550874
1615804200000,56076.7,56293.5,55826.4,55913.3,51.96927089
1615805100000,55913.3,56424.6,55839.4,56367.3,42.7272433
1615806000000,56367.2,56603.2,55991.8,56087.7,46.90292025
1615806900000,56087.8,56192.4,55905.1,56127.1,36.77929899
1615807800000,56127.1,56443.5,56127,56404.1,24.41585259
1615808700000,56404.1,56511.8,56060,56153.5,39.22462843
1615809600000,56153.4,56230.6,55197.9,55199.9,115.77788146
1615810500000,55199.9,55796.6,55046.8,55730.1,86.53346721
1615811400000,55730,56250,55728.5,56155,66.32043187
1615812300000,56155,56468,56064.5,56445.9,72.61676227
1615813200000,56445.9,56684.3,56263.3,56544.2,66.96599511
1615814100000,56544.3,57011.5,56414.3,57011.5,63.11732528
1615815000000,57011.5,57059.5,56768,56768,68.63169086
1615815900000,56768,57021.8,56630.3,56883.4,78.80314251
1615816800000,56883.2,57293.8,56849,57125.4,61.61335537
1615817700000,57125.5,57271.8,56902.5,57025.9,52.17733305
1615818600000,57029.3,57243.6,56500,56892.2,89.59431633
1615819500000,56892.1,57047.6,56142.8,56142.8,82.59660634
1615820400000,56142.3,56740.6,56128.8,56740.6,62.62696644
1615821300000,56740.7,56803,56481.1,56496.7,57.00235267
1615822200000,56496.7,56496.7,55800,56120.3,107.96541693
1615823100000,56120.3,56375,55983.3,56214.7,60.53442836
1615824000000,56214.8,56686.5,55600,56606.6,133.78085831
1615824900000,56606.7,56677.8,56320,56599.4,49.72286868
1615825800000,56599.4,56629.7,56104.7,56265.3,42.85970677
1615826700000,56242.8,56542.9,56109.5,56256.3,42.7238395
1615827600000,56256.3,56321.9,55850,55915.4,42.26104928
1615828500000,55915.4,56086.8,55490,55537.1,65.36712053
1615829400000,55537,55992.2,55537,55879.8,40.41238171
1615830300000,55879.9,56118.3,55712.5,56040.5,33.97613053
1615831200000,56039.5,56149.2,55808.3,56023,36.07476437
1615832100000,56022.9,56338.2,55826.8,56336.7,32.2133244
1615833000000,56336.6,56370.5,56165.5,56166.2,38.86052656
1615833900000,56166.1,56255.1,55980.8,56122.9,32.89362115
1615834800000,56122.9,56332.9,56101.7,56202.9,23.34945786
1615835700000,56206.1,56480,56206.1,56392.1,29.1491118
1615836600000,56392.2,56451.4,56239.7,56427.8,33.82861319
1615837500000,56427.8,56668.1,56396.2,56576.8,33.62719841
1615838400000,56576.8,56700,56426,56700,33.68522844
1615839300000,56699.9,56894.1,56607,56788.9,42.50263723
1615840200000,56789,56900.7,56304.2,56530.8,40.4543551
1615841100000,56530.7,56530.8,56118.3,56376.9,52.4781218
1615842000000,56376.9,56626.1,56351.6,56616.9,31.86981211
1615842900000,56616.9,56711.9,56399.2,56565.7,23.48031043
1615843800000,56565.8,56823.4,56565.7,56728,35.85216431
1615844700000,56728,56949.1,56658.6,56715.8,49.33199996
1615845600000,56715.9,56892.2,56562.5,56562.6,63.58545429
1615846500000,56564,56610.6,56059.2,56226.4,88.92420981
1615847400000,56230.5,56408.1,56145.1,56203.2,35.71351001
1615848300000,56203.2,56262.7,55986.4,56137.9,69.34166931
1615849200000,56137.8,56521.8,56137.8,56517.9,39.67186704
1615850100000,56518,56666.4,56382.4,56468.7,60.05725211
1615851000000,56468.7,56600,56140.2,56140.2,45.46814473
1615851900000,56140.2,56152.6,55540.5,55607.1,119.08509753
1615852800000,55607.1,56059.1,54950,55940.9,171.64036547
1615853700000,55940.9,55953.8,54753.1,54877.7,205.71683293
1615854600000,54877.6,55083.5,54562.7,54862.3,164.33029457
1615855500000,54862.3,54862.3,53884.1,54072.9,266.47599644
1615856400000,54074.4,54074.4,53240.3,53558.9,231.86615317
1615857300000,53568.1,54217.1,53450,54217.1,186.25429158
1615858200000,54218.1,54450.2,54000.3,54389.6,104.50276671
1615859100000,54389.6,54559.6,54286.1,54458.3,88.47561754
1615860000000,54465.8,54650.1,54145.9,54558.8,95.12371229
1615860900000,54558.5,54628.3,54307.9,54323.3,63.11922149
1615861800000,54329,54600,54107.8,54573.3,90.0396909
1615862700000,54573.3,54611.7,54295.8,54555.1,44.24532418
1615863600000,54555.1,54600,53866.9,54012.7,70.33992989
1615864500000,54012.7,54296.6,53872.4,54118,92.42490787
1615865400000,54118,54472.3,53997.5,54131.5,48.67330857
1615866300000,54133.4,54343.8,54034,54265.6,36.50677321
1615867200000,54265.6,54443.1,54192.6,54443.1,37.60970044
1615868100000,54443.2,54775,54429.4,54739.7,45.17298286
1615869000000,54739.6,54830,54497.4,54612.7,45.71969239
1615869900000,54612.7,54741.7,54361.1,54409.6,35.35840393
1615870800000,54409.7,54449,54031.9,54364.8,62.0156215
1615871700000,54364.8,54442.5,54132.6,54192.8,47.26853163
1615872600000,54192.7,54249.9,53620.6,53690.6,82.74183821
1615873500000,53690.5,54081.1,53690.5,54080,55.28420995
1615874400000,54080,54371.9,54048.8,54048.8,58.12894116
1615875300000,54048.9,54051.7,53661.6,54031.5,72.632067
1615876200000,54031.5,54796.7,54031.5,54675.9,125.15991907
1615877100000,54676,55310,54676,55058.2,109.18876295
1615878000000,55058.3,55459,55024.9,55251.3,73.60115658
1615878900000,55250.1,55470.5,54981.1,55001.4,66.58240365
1615879800000,55001.4,55332,54806.6,55119.3,108.48206646
1615880700000,55119.4,55390.3,54986.6,55245.6,77.96237926
1615881600000,55245.6,55889.2,55134.3,55689.5,141.73375633
1615882500000,55689.6,56104.4,55689.6,55840.1,85.35396434
1615883400000,55840.1,56064.7,55722.4,55904.2,59.61916651
1615884300000,55904.2,56085.9,55785.6,55890.9,41.7103476
1615885200000,55890.9,55968.5,55720.9,55747.5,50.73057991
1615886100000,55747.5,56030.2,55727.7,55845,51.85399619
1615887000000,55845,56390.6,55845,56057.8,85.36988946
1615887900000,56057.8,56057.8,55758,55874.4,61.70675681
1615888800000,55874.3,56130.2,55820.7,55820.7,61.36402737
1615889700000,55820.7,56138.3,55428.8,55678.5,96.97296719
1615890600000,55678.6,55842.5,55564.5,55741.4,52.33121584
1615891500000,55733.8,56029.9,55731.2,55825.1,74.57352968
1615892400000,55825,55912.7,55555,55739,79.58716713
1615893300000,55739,55739,55473.7,55579.4,55.22927789
1615894200000,55579.3,55579.4,55101.9,55224.2,82.86036858
1615895100000,55224.1,55475.8,55101.8,55450.1,51.96054701
1615896000000,55456.6,55608.2,55211.4,55280.2,70.05407581
1615896900000,55280.2,55377.2,55000,55152.6,63.60766006
1615897800000,55152.6,55235.1,54778.9,54825.7,77.71873569
1615898700000,54825.7,55139.2,54627.1,55089.1,78.20464096
1615899600000,55089.1,55381.4,55031.2,55277.4,77.75785752
1615900500000,55277.4,55783.6,55210.5,55583.1,101.18522306
1615901400000,55583.1,55893.8,55278,55346.5,101.25482801
1615902300000,55346.4,55367.9,55040.5,55322,87.65130302
1615903200000,55322.1,55524.5,55224.2,55449.4,65.704397
1615904100000,55449.5,55633.6,55281.9,55339.4,70.40203128
1615905000000,55339.3,55683.3,55339.3,55583.2,70.56491275
1615905900000,55583.1,55730.2,55456.5,55644.7,74.77121477
1615906800000,55644.7,55934.9,55506.8,55750.2,82.32177332
1615907700000,55750.2,55888.5,55474.3,55474.3,69.0911727
1615908600000,55474.3,55652.8,55366.8,55467.7,62.84429974
1615909500000,55467.7,55847.3,55466.4,55846.6,64.3183417
1615910400000,55846.6,56087.6,55616.1,55925.5,132.58549983
1615911300000,55925.6,56009.3,55453.7,55594.7,76.66704731
1615912200000,55594.7,55780,55550.2,55723.9,52.98213489
1615913100000,55724,55811.6,55540.4,55659,50.81071274
1615914000000,55659.1,55826.5,55518.9,55543,61.17629178
1615914900000,55542.8,55790.3,55263.7,55327.2,91.17380286
1615915800000,55331.4,55409.4,54939.7,55109.7,143.83818593
1615916700000,55109.7,55353,55035.5,55252.7,91.78368931
1615917600000,55252.7,55426.9,55100.5,55237.5,84.6811355
1615918500000,55237.6,55474.2,55237.5,55371.7,52.04843631
1615919400000,55371.8,55650,55268.2,55270.5,70.62457624
1615920300000,55270.4,55438.9,55220,55324.8,67.08675801
1615921200000,55337.4,55381.6,55161.4,55250,51.14881713
1615922100000,55250,55614.7,55249.9,55555.1,58.6797689
1615923000000,55554.5,55684.9,55552.2,55653.2,55.97023634
1615923900000,55653.2,55794.4,55626,55721.5,53.77985701
1615924800000,55721.5,56344.3,55667.7,56082.5,138.84018551
1615925700000,56082.5,56316.6,56006.4,56246.8,77.97664761
1615926600000,56246.8,56454.2,56200.1,56373.2,38.75921065
1615927500000,56366.2,56390.3,56173.4,56369,50.02725539
1615928400000,56368.9,56383.5,56231,56378,29.45993526
1615929300000,56377.9,56587.6,56111.3,56276,46.04992455
1615930200000,56276,56456.4,56276,56370.1,31.3997465
1615931100000,56370.1,56468.6,56309.7,56446.4,26.60192141
1615932000000,56446.4,56738.9,56439.4,56572.7,59.02284848
1615932900000,56572.8,56793.4,56475.6,56585.7,64.97810402
1615933800000,56585.8,56747.9,56411.9,56553.9,41.97178379
1615934700000,56553.9,56562.6,56227.1,56246,24.97241116
1615935600000,56245.9,56387.3,56202.3,56340.3,31.45702407
1615936500000,56340.4,56488.6,56278.3,56289.8,31.73652686
1615937400000,56289.7,56474.6,56075.5,56439.5,46.89379123
1615938300000,56439.5,56918.9,56360.8,56880.3,62.25242157
1615939200000,56880.3,57144,56549.4,56618.1,61.53401042
1615940100000,56618,56742.4,56360.8,56379.5,32.16400794
1615941000000,56379.4,56645.4,56370.9,56505,32.25856283
1615941900000,56490.5,56580.4,56264.4,56511.7,31.10898499
1615942800000,56511.7,56524.7,56288.6,56378.1,34.05042588
1615943700000,56389.5,56496.2,56064.9,56396.8,53.2006875
1615944600000,56396.7,56439.4,56187.1,56214.6,33.14682241
1615945500000,56214.6,56329.3,56149.2,56267.6,20.77734383
1615946400000,56267.7,56267.7,55945,56105.5,39.39486436
1615947300000,56105.5,56168.5,55753.3,55941.7,39.43878868
1615948200000,55941.8,56070.1,55641.5,55770.4,59.0765562
1615949100000,55770.3,55910.1,55700.1,55775.9,33.48244484
1615950000000,55776,56060,55648.2,55956.7,44.60769252
1615950900000,55960,56140,55777.6,55845.8,37.8929928
1615951800000,55845.8,55938.6,55704.3,55705.5,20.92973378
1615952700000,55705.5,55921.4,55353.8,55501.4,53.37534844
1615953600000,55501.5,55725.3,55408,55651.2,39.63299829
1615954500000,55667.2,55799.1,55503,55509.3,25.77020078
1615955400000,55509.3,55846.5,55487.6,55747.8,22.19675317
1615956300000,55741.7,55760.1,55504.8,55563.1,39.39151005
1615957200000,55563,55563.1,55196.8,55322.6,41.96578138
1615958100000,55322.6,55611.5,55322.6,55601.2,24.00273316
1615959000000,55601.2,55696.7,55425.6,55696.7,22.64943586
1615959900000,55698.6,55963.5,55698.5,55952.8,38.1705508
1615960800000,55952.9,56071.7,55846.9,55932.6,25.04289967
1615961700000,55932.5,56200.2,55932.5,56190.9,38.64042067
1615962600000,56190.8,56215.9,56051.3,56111.8,27.29202643
1615963500000,56111.8,56319.5,56111.8,56304.4,31.42406615
1615964400000,56304.4,56318,55982.8,56016.5,54.51442914
1615965300000,56017.2,56129.4,55896.5,56019.8,37.52469961
1615966200000,56019.8,56034.5,55698.6,55891.9,52.80406375
1615967100000,55891.9,55971.2,55739.6,55818.6,21.46409288
1615968000000,55818.7,55939,55634.7,55711.8,39.6935405
1615968900000,55711.9,56049.6,55680,55932.8,23.04943308
1615969800000,55932.4,55932.4,55637.4,55865.4,29.91622971
1615970700000,55865.3,55974.7,55666.4,55785.1,23.07372072
1615971600000,55785,55865.1,55607.6,55766,34.26817483
1615972500000,55766,55793.3,55534.2,55607.5,34.66094491
1615973400000,55607.5,55607.6,54789.4,54921,100.06280548
1615974300000,54921,54935.3,54362.7,54768,152.3377897
1615975200000,54767.9,55042.7,54600.4,54995.7,52.59393666
1615976100000,54995.7,55166.4,54750,55128.8,48.81376367
1615977000000,55128.8,55230.3,55023.4,55105.1,42.78426293
1615977900000,55105.1,55134.2,54953.4,55083.5,33.49706244
1615978800000,55085.1,55200,54907.3,54997.4,44.69395963
1615979700000,54997.4,54997.5,54660.7,54764.4,56.26484925
1615980600000,54766.6,55109.5,54571.7,55070.7,53.12309539
1615981500000,55069.6,55184.5,54755,54830,57.83312611
1615982400000,54829.9,54998,54275.6,54291.5,120.60361524
1615983300000,54289.3,55026.3,54147.5,55026.3,110.54354108
1615984200000,55025.4,55333,54934,55165.1,81.85184636
1615985100000,55165,55399.4,55134.8,55150,49.14308849
1615986000000,55150.1,55329.5,55040.1,55133.1,50.72952051
1615986900000,55140.5,55400,55086.6,55253.9,34.15797763
1615987800000,55253.4,55260.2,54906.2,54977.9,42.1262431
1615988700000,54977.9,55260.2,54700,55114,74.19602534
1615989600000,55110.5,55150.6,54722.2,54757.7,42.04245919
1615990500000,54757.8,55008.5,54669.7,54852.4,57.16293126
1615991400000,54852.4,55111.8,54773.6,54900,51.15338406
1615992300000,54900,54906.3,54549.9,54550.4,69.798284
1615993200000,54550.3,55231.8,54334.1,55083.6,134.1556875
1615994100000,55080.9,55220.3,54973,55030.2,90.49899419
1615995000000,55030.1,55030.1,54660.5,54725.7,84.70330435
1615995900000,54725.8,55062.5,54725.8,54931.6,41.03563975
1615996800000,54931.7,55191.1,54738.1,55189.3,64.6928825
1615997700000,55189.3,55582.5,55044.6,55507.2,94.24874519
1615998600000,55508,55552.3,55305.9,55333.1,29.83534405
1615999500000,55333.1,55425,55221.4,55278.2,36.66315469
1616000400000,55278.2,55349.7,55180,55217.3,31.95526633
1616001300000,55217.3,55363,55203.2,55338.8,33.42449455
1616002200000,55338.8,55655.7,55251.7,55528.8,51.59383528
1616003100000,55528.9,55588.4,55400,55543.2,55.26231766
1616004000000,55543.1,56612.3,55543.1,56442.4,190.89903774
1616004900000,56442.4,56928.4,56442.4,56539.1,170.51649196
1616005800000,56532.6,57397.9,56525.6,57276.6,146.2444647
1616006700000,57281.5,57569.9,57090.3,57565.6,136.42828212
1616007600000,57565.7,57893.3,57361.9,57578.5,233.81112781
1616008500000,57578.5,57739.8,57330.6,57724.6,84.71452163
1616009400000,57724.5,58167.9,57724.5,57853.1,147.25319782
1616010300000,57839.2,58055.9,57591,57860.3,110.08433495
1616011200000,57860.4,58088.9,57835,57986.4,99.46332153
1616012100000,57986.4,58193,57856.9,57892.6,85.29197104
1616013000000,57893,58300,57892.9,57929.5,111.78730425
1616013900000,57929.5,57988.6,57683.3,57708.4,69.10974312
1616014800000,57708.4,57958.2,57708.3,57893.3,46.62920557
1616015700000,57893.4,58049.9,57590.5,58047.7,60.73883449
1616016600000,58047.7,58765,58019.4,58403.2,100.83891181
1616017500000,58396.3,58472.1,58180.5,58423.5,29.38637408
1616018400000,58423.4,58929.2,58423.4,58878.2,78.50244203
1616019300000,58878.1,58951.4,58476,58580,68.57201516
1616020200000,58580.1,58784.9,58381.4,58557.8,88.07822169
1616021100000,58557.9,58669.9,58246.2,58276,57.8070289
1616022000000,58300.8,58742.1,58271.7,58578.4,40.92416719
1616022900000,58578.5,58767.6,58486.2,58499.1,40.34551126
1616023800000,58499.1,58597.1,58310.3,58566.1,42.72319648
1616024700000,58566,58951.8,58532.8,58875.8,61.46935558
1616025600000,58882.9,59516.7,58882.9,59285.1,117.69902884
1616026500000,59285.1,59321.5,58724,59090.8,79.44546368
1616027400000,59090.9,59304.2,58898.3,59071.5,54.26486833
1616028300000,59070.1,59134.1,58864.9,58936.3,71.28842284
1616029200000,58936.3,59187.4,58926.5,59093.5,43.61155419
1616030100000,59085.7,59316.2,59013.5,59013.6,47.28298371
1616031000000,59013.5,59194.1,58918.7,58920.8,33.07892577
1616031900000,58920.8,59070.5,58000,59028.7,108.35781644
1616032800000,59028.7,59222,59000,59213.6,50.09319443
1616033700000,59213.7,59300.3,59137.7,59246.9,54.02885255
1616034600000,59246.9,59293.6,59006.8,59048.6,48.85561658
1616035500000,59049,59141.8,58917.8,59002.5,38.06005001
1616036400000,59002.4,59045.8,58866.5,58901.9,38.42747967
1616037300000,58901.9,58948.2,58606.5,58622.7,47.7862628
1616038200000,58622.7,58790,58607.4,58772,38.32091293
1616039100000,58772,58772.1,58642.2,58712.6,24.48625048
1616040000000,58712.7,58955.5,58637.2,58872.1,37.05320175
1616040900000,58881.5,59200,58865,58900.2,47.89590683
1616041800000,58900.2,58905.8,58760,58771.3,30.84278596
1616042700000,58771.3,58825.1,58644,58804.8,28.9703123
1616043600000,58804.8,58941.3,58655.1,58895.5,34.27032658
1616044500000,58895.4,59168.5,58878.1,59014,45.35303141
1616045400000,59004.8,59027.1,58817.8,58933.7,31.82811115
1616046300000,58933.7,59073.1,58890.6,58966.1,29.3931466
1616047200000,58966.1,59015.1,58704,58791.6,28.21723932
1616048100000,58791.6,58842.2,58665.5,58712.8,20.84928197
1616049000000,58712.8,58894.1,58712.8,58815.5,19.68107916
1616049900000,58815.4,59062.1,58801.1,58906,25.75706564
1616050800000,58906,58918.7,58680.6,58703.8,23.47644997
1616051700000,58703.8,58786.5,58350,58516.8,59.41539587
1616052600000,58524,58524,58127.4,58138.4,43.53420902
1616053500000,58138.3,58369.6,58138.3,58355.4,28.07721152
1616054400000,58353.1,58500,58277.7,58444.7,32.50592099
1616055300000,58444.7,58502.6,58177.1,58343,38.20603364
1616056200000,58343,58477,58096,58217.5,36.42921885
1616057100000,58217.5,58310.9,57947.1,58012.2,44.19902053
1616058000000,58012.2,58238.2,57958.6,58141.8,31.60092142
1616058900000,58141.9,58360.3,58033.2,58210.9,41.94192637
1616059800000,58211,58466.4,58210.9,58424.7,30.53447911
1616060700000,58424.6,58466.3,58333,58404.5,24.74011999
1616061600000,58404.5,58654.2,58316.9,58497,39.13772559
1616062500000,58497,58497.1,58232.2,58370.4,30.06490612
1616063400000,58370.5,58549.2,58353.9,58456.8,26.12526888
1616064300000,58456.9,58591.6,58328.7,58516.4,18.95031331
1616065200000,58516.4,58551.2,58416.1,58445.7,20.82534244
1616066100000,58445.7,58445.7,58150.3,58250.2,43.33530283
1616067000000,58250.2,58264,57999.9,58136.3,38.5029172
1616067900000,58136.3,58270,57901.6,58184.5,52.36921135
1616068800000,58171.6,58173.3,57751.2,57858.5,52.91898912
1616069700000,57858.6,57927.5,57733,57799.9,63.35158285
1616070600000,57804.6,57954.8,57594.4,57883.1,57.95395781
1616071500000,57883.1,58101,57822.1,58064.9,40.99109501
1616072400000,58064.9,58138.6,57957.4,58036.9,30.97278286
1616073300000,58038.1,58186.4,57830.6,58126.6,34.05023779
1616074200000,58126.5,58126.5,57936.8,58095.4,41.65130977
1616075100000,58095.3,58095.3,57794,57840.1,40.53748054
1616076000000,57840.2,58027.8,57599.1,57736.6,48.77592782
1616076900000,57736.5,57898.9,57533.1,57893.9,36.7074318
1616077800000,57888,58003.5,57640.6,57845.9,34.50425544
1616078700000,57851.5,57921.8,57614.2,57868.8,31.00964573
1616079600000,57868.9,58102.9,57710,58097.9,48.98736248
1616080500000,58097.8,58458.6,58000,58362.7,83.52993879
1616081400000,58362.8,59072.8,58362.7,59000.9,126.75356605
1616082300000,59000.8,59610.4,59000.8,59520,196.14745857
1616083200000,59527.7,59896.2,59392.8,59638.5,198.82179217
1616084100000,59641,59806.3,59613.5,59794.6,62.97457934
1616085000000,59794.6,60107.7,59622.8,59767.1,146.58122087
1616085900000,59766.6,59828.8,59034.7,59085.3,147.32008473
1616086800000,59080.8,59458,59078.8,59444.9,85.88898526
1616087700000,59444.8,59445.3,59309.5,59421,54.42000035
1616088600000,59421.1,59421.1,59159.9,59335.6,49.42995617
1616089500000,59335.6,59378.8,59093.9,59249.4,63.59029624
1616090400000,59249.5,59299.5,58732.7,58769,78.92153209
1616091300000,58769,58827.7,58484,58551.8,62.56768017
1616092200000,58536.3,58721.6,58215.9,58251.7,96.62060027
1616093100000,58261.9,58401.7,58005.4,58220.4,96.22280879
1616094000000,58220.5,58414.2,57979.3,57999.9,75.72694505
1616094900000,57999.9,58053.4,57781.2,57979,101.9328079
1616095800000,57978.9,58204.6,57802.7,58095.5,55.59766231
1616096700000,58095.5,58120,57218.1,57289.1,137.25403295
1616097600000,57289.2,57744.1,57000,57726.2,130.40517167
1616098500000,57731.8,57736.4,57367,57682.3,57.83130645
1616099400000,57682.3,57904.6,57545.3,57612.6,55.30578393
1616100300000,57612.5,57709,57494.4,57516.5,33.1012876
1616101200000,57516.5,57910.1,57458,57712.5,28.12773567
1616102100000,57712.6,57884.3,57701.1,57755,19.41196479
1616103000000,57748.3,57832,57682.2,57729.4,16.37046908
1616103900000,57729.4,57986,57725,57899.7,26.61260921
1616104800000,57899.7,58152.3,57845.2,58070.2,25.7885938
1616105700000,58070.3,58070.3,57678.7,57869.1,42.75702461
1616106600000,57869.1,58042,57820.9,57975.7,26.11811932
1616107500000,57976.6,57976.6,57638.3,57643.6,23.36765873
1616108400000,57638.1,57941,57638,57677.8,34.76134841
1616109300000,57677.9,57800,57376.7,57608.5,41.076363
1616110200000,57608.5,58024.8,57562.3,57742.5,28.80691718
1616111100000,57742.4,57916.9,57631.6,57648.9,22.01844234
1616112000000,57648.9,57674.6,57172.2,57190.1,72.92437007
1616112900000,57212.3,57255.3,56071,56612.5,171.07200004
1616113800000,56612.5,56840,56383.4,56839.9,68.38721475
1616114700000,56839.9,56980,56752.6,56872.5,39.6770694
1616115600000,56873.6,57140.3,56682.8,57037.4,48.14826225
1616116500000,57037.5,57068.9,56913,57023.3,30.62211486
1616117400000,57023.3,57225,56991,57205.1,25.02298881
1616118300000,57205,57411.9,57166.2,57391.2,48.44344419
1616119200000,57391.2,57400,57198.1,57249.2,30.33453439
1616120100000,57249.1,57576.4,57249.1,57476.6,35.70806864
1616121000000,57476.5,57756.4,57415.5,57468.6,44.53379959
1616121900000,57464.6,57522.1,57288.6,57352.3,31.95650731
1616122800000,57352.3,57635.1,57300,57600,26.86918627
1616123700000,57600.1,57676.7,57462.6,57578.9,28.78327372
1616124600000,57578,57758,57517,57702.2,22.09163412
1616125500000,57702.2,57888.3,57687.8,57776,32.47389654
1616126400000,57776.1,57887.5,57645,57741.3,33.9961581
1616127300000,57741.4,57988.3,57741.3,57928.5,19.73912663
1616128200000,57928.5,58269.5,57860.1,58169.1,43.36293576
1616129100000,58169,58219.4,57836.3,57865,50.75579808
1616130000000,57865,57998.6,57785.7,57890.8,32.55684472
1616130900000,57898.4,58066.2,57688.6,57709.9,31.75868045
1616131800000,57715.1,57842.3,57618.2,57828.9,24.11783937
1616132700000,57829.5,58381.4,57825.8,58364.2,33.96960633
1616133600000,58364.1,58482.2,58048,58072,32.40527919
1616134500000,58072,58198.8,57990.8,58117.5,21.61456467
1616135400000,58117.5,58228.8,58018.3,58047.6,18.4750754
1616136300000,58047.6,58237.7,58046.2,58143.1,25.96015777
1616137200000,58143.9,58370.2,58034.3,58073.2,25.37751983
1616138100000,58073.3,58241.1,58073.3,58240.7,28.53115052
1616139000000,58240.8,58262.1,58039.2,58039.4,22.22063126
1616139900000,58039.4,58085.9,57768,57829.6,35.70113298
1616140800000,57829.6,58521.6,57465.1,58307,122.49108328
1616141700000,58311.3,58326.3,57975.9,58138.5,35.90203064
1616142600000,58138.6,58305.2,58034.1,58139.8,36.26170272
1616143500000,58139.9,58465.5,58123.8,58329.8,17.92851918
1616144400000,58329.8,58867.9,58329.8,58741.8,59.98278083
1616145300000,58741.7,58870.8,58417,58522.1,43.67399942
1616146200000,58522,58620.1,58443,58480.7,25.621386
1616147100000,58480.6,58495.2,58213,58297.5,27.08244728
1616148000000,58297.5,58417.1,58134.5,58261.2,25.83688228
1616148900000,58261.2,58431.4,58261.1,58377.9,20.85111513
1616149800000,58377.8,58476,58260.6,58331.7,23.75692384
1616150700000,58331.7,58681.9,58317.1,58591.4,43.94729956
1616151600000,58585.8,58692,58466.4,58557.9,23.73622166
1616152500000,58558,58779.1,58425.1,58612.6,25.87465479
1616153400000,58612.6,58692.8,58484.1,58569.9,31.95393377
1616154300000,58569.8,58827.3,58516.6,58822.7,35.8512233
1616155200000,58822.8,59239.9,58822.8,58846.9,84.985187
1616156100000,58846.9,59159.3,58846.9,59105.6,34.8622374
1616157000000,59105.7,59171.3,58903.6,58980.6,29.5390822
1616157900000,58980.6,58996.9,58719.6,58850.4,31.65448082
1616158800000,58850.4,58866.7,58260.8,58451.7,67.28760856
1616159700000,58451.8,58607.8,58409.4,58512.5,28.24408995
1616160600000,58508,58582.4,58093.1,58104.5,51.16805341
1616161500000,58104.6,58420.1,58064.5,58274.2,41.3337496
1616162400000,58274.3,58318.4,57956.2,58224.4,42.64421191
1616163300000,58224.5,58575,58163.1,58421.1,40.73927998
1616164200000,58421.1,58778.6,58314.9,58695.5,40.96731974
1616165100000,58695.4,58759.2,58607.5,58728.8,29.30429231
1616166000000,58728.7,58829.7,58508.3,58705.7,29.29933571
1616166900000,58705.6,58969.8,58661.1,58810.5,51.06789132
1616167800000,58810.5,59150,58810.5,59012.1,50.51957328
1616168700000,59012,59150.8,58941.1,58983.3,31.76779918
1616169600000,58983.3,59170.6,58631.4,58856.3,59.55808785
1616170500000,58856.4,59040,58729.9,58783.9,45.04068547
1616171400000,58784,58929.2,58763.3,58823.8,37.18893087
1616172300000,58823.8,59028.6,58817,58856.5,36.10544661
1616173200000,58856.5,58957,58734.2,58826.2,40.29417065
1616174100000,58826.2,58909.9,58627.1,58734.8,31.91111271
1616175000000,58734.8,58868.4,58700,58744.9,35.76955264
1616175900000,58744.8,58960,58723.4,58862.4,23.49111493
1616176800000,58857.4,58944.7,58385.2,58525.6,47.51734031
1616177700000,58525.5,58794.6,58358.6,58722.1,55.3634011
1616178600000,58722.1,58930.2,58705.5,58786.3,23.06936845
1616179500000,58786.3,58876.6,58718.1,58787.5,16.56140454
1616180400000,58787.5,58841.1,58664.6,58725.7,22.57757222
1616181300000,58725.7,58840.1,58683.8,58764.7,21.35292389
1616182200000,58764.7,58960,58761.5,58847,19.2403613
1616183100000,58846.9,58915.1,58667.3,58817.6,31.3014188
1616184000000,58816.3,59382.8,58777.3,59349.2,56.6290035
1616184900000,59349.3,59450.1,58458.7,58525,109.64160261
1616185800000,58517.5,58845.5,58155.2,58263.9,114.97235152
1616186700000,58263.9,58440.1,58122.9,58377.7,62.87692577
1616187600000,58375,58623.9,58305.6,58600.1,39.63026669
1616188500000,58600,58692.7,58505.6,58610.4,12.2471295
1616189400000,58610.3,58612.1,58417.4,58595,16.35855747
1616190300000,58595.1,58750,58570.3,58648.7,21.49757876
1616191200000,58648.6,58648.6,58363.3,58365.9,21.66111808
1616192100000,58365.9,58555.4,58365.8,58510,19.4228489
1616193000000,58512.4,58541.2,58365.8,58427.7,21.33460405
1616193900000,58427.8,58529.5,58285.7,58500,24.84073082
1616194800000,58499.9,58531.5,58174,58231,26.81407888
1616195700000,58235.8,58241.8,58084.4,58185.5,28.11844267
1616196600000,58188,58298.6,57961.3,58085,48.62211856
1616197500000,58085,58300,57997.3,58024.2,32.35682943
1616198400000,58024.3,58197,57825.6,58140.3,71.80025392
1616199300000,58140.3,58395.6,58112.1,58293,29.21524828
1616200200000,58293,58488.2,58293,58406.4,26.64752582
1616201100000,58406.4,58675,58360,58640.2,49.52667812
1616202000000,58637.4,58675,58492.3,58560.9,14.20401852
1616202900000,58561,58659.7,58491.7,58579.1,14.89544151
1616203800000,58577.2,58826.6,58551.8,58643.6,28.27883723
1616204700000,58642.4,58864,58594.5,58726.1,21.31614823
1616205600000,58726.1,58903.1,58626.8,58828.4,22.74319091
1616206500000,58828.3,58828.3,58679.4,58708.9,31.28169496
1616207400000,58708.9,58778.4,58557,58603.2,25.67014967
1616208300000,58603.2,58605.2,58407.2,58539.8,23.19127555
1616209200000,58537.5,58573,58426.7,58452.7,22.81311833
1616210100000,58452.7,58470.1,58176.6,58307,32.48161635
1616211000000,58305.7,58425.6,58233.4,58340.2,23.12933455
1616211900000,58340.3,58418.7,58181.6,58363.9,21.57560978
1616212800000,58363.9,58575,58251.2,58553.3,27.8021498
1616213700000,58553.3,58589.1,58381.3,58390.7,20.1689147
1616214600000,58390.7,58390.7,58135.4,58293.3,18.54967164
1616215500000,58293.4,58307.7,58157.2,58209.6,14.55964679
1616216400000,58209.6,58288.8,58149.3,58288.8,13.31967297
1616217300000,58291.8,58353.7,58211.8,58226.6,12.36857164
1616218200000,58226.7,58335.9,58029.5,58165.7,23.58420121
1616219100000,58165.7,58265.1,58089.8,58129.7,15.71051241
1616220000000,58129.8,58230.9,57996.7,58131.5,16.3979758
1616220900000,58131.6,58328.8,58114.3,58301.4,14.85377156
1616221800000,58301.4,58379.2,58218.1,58345.9,12.72576439
1616222700000,58345,58349.2,58239.4,58338.9,13.52620604
1616223600000,58339,58436.9,58252.6,58331.8,19.37485799
1616224500000,58331.8,58520.5,58315.8,58402.3,16.1695462
1616225400000,58402.2,58491.7,58333.5,58352.4,23.71088287
1616226300000,58352.5,58448.9,58315.6,58413.3,11.57686928
1616227200000,58413.2,58798.4,58404.2,58634.9,50.43644483
1616228100000,58634.9,58811.1,58619.5,58725.9,23.57896897
1616229000000,58725.9,58746.9,58596.8,58654.3,17.68744409
1616229900000,58654.2,58738.3,58631.8,58676.8,11.76735111
1616230800000,58676.9,58817.2,58676.8,58700.1,15.15759693
1616231700000,58700.1,58746.4,58654.5,58714,19.58232144
1616232600000,58714,58884.5,58682.2,58702.3,23.90601232
1616233500000,58702.2,58777.4,58585,58777.3,16.6981689
1616234400000,58777.3,58900.9,58677.8,58793.7,14.9845918
1616235300000,58791.7,58824.7,58653.9,58701.7,10.51866159
1616236200000,58701.1,58748.5,58605.9,58660.8,12.03382504
1616237100000,58660.9,58808.6,58625.3,58682.2,13.59476754
1616238000000,58682.1,58750.8,58634.5,58678.7,14.51326548
1616238900000,58678.8,58858.5,58675,58850.1,15.29091293
1616239800000,58850.1,59094.9,58735.7,59048.6,41.20183309
1616240700000,59043.3,59294.5,59029.5,59240.4,36.64656801
1616241600000,59240.4,59317.2,59044.1,59115.4,36.7626025
1616242500000,59106.4,59113.7,58793.8,58858,25.99548951
1616243400000,58858,59037.3,58772.5,58963.3,21.53645005
1616244300000,58963.3,59213.9,58963.3,59161.2,27.19990817
1616245200000,59160.3,59519.5,59157.3,59397.1,38.17408503
1616246100000,59396,59874.6,59393,59721.7,72.63974734
1616247000000,59721.7,59822.5,59489.4,59545.9,41.94619955
1616247900000,59546,59655.4,58656.7,59048.6,84.41981361
1616248800000,59048.6,59130.2,58781.6,58966.5,58.29652406
1616249700000,58966.4,59259,58903.2,59143.3,40.11163366
1616250600000,59143.4,59349.6,59143.4,59315.8,55.45890885
1616251500000,59315.8,59380,59193.2,59374.4,40.8819785
1616252400000,59374.4,59721.2,59352,59554.4,60.2652492
1616253300000,59554.2,59668,59200,59350.3,30.62123619
1616254200000,59350.3,59485.8,59250.5,59306,20.85380458
1616255100000,59306,59306,59051.2,59246.6,29.91035639
1616256000000,59246.6,59308.5,58928.4,58936.6,46.17320059
1616256900000,58933.5,59145.3,58933.4,59063.1,42.28495137
1616257800000,59063,59259.4,58984.6,59256.1,27.46186903
1616258700000,59256,59256.1,59001.2,59040.2,27.99539226
1616259600000,59040.2,59205.3,59022.9,59088.1,41.88672341
1616260500000,59088.1,59218.8,59088.1,59189.8,16.75318037
1616261400000,59189.8,59282.3,59106.5,59225,27.99899574
1616262300000,59225.1,59305.6,59065.1,59135.9,37.22400136
1616263200000,59135.8,59257,59120.9,59232.7,18.52688979
1616264100000,59232.7,59442.4,59217.1,59369.2,27.56425692
1616265000000,59369.2,59463.4,59179.9,59266.5,35.17754109
1616265900000,59266.5,59327.6,59135.8,59170.4,15.42645207
1616266800000,59170.4,59326.6,59135.4,59297.3,17.21114287
1616267700000,59297.3,59338.5,59191.8,59274.8,20.02996991
1616268600000,59274.7,59415.4,59256,59375.8,17.14740044
1616269500000,59375.8,59393,59170.3,59275.1,21.43210288
1616270400000,59275.2,59369.7,58646,58785.7,77.39257811
1616271300000,58785.8,58986.5,58323.7,58464.7,93.57095706
1616272200000,58464.7,58567.7,58138.3,58388.5,54.75966984
1616273100000,58388.5,58586.5,58297.6,58519.6,31.48933639
1616274000000,58519.6,58627.2,58377.9,58627.1,19.99323596
1616274900000,58627.1,58705.7,58515,58705.7,18.42950426
1616275800000,58705.6,58779.8,58605.6,58650.3,13.37831142
1616276700000,58650.4,58742.6,58599.9,58728.1,13.47183361
1616277600000,58728.2,58790,58670.4,58706.6,11.2123751
1616278500000,58706.7,58706.7,58556.1,58658.9,21.7399346
1616279400000,58658.9,58669.1,58455.9,58539.9,32.18597565
1616280300000,58539.9,58676.5,58375.6,58514.7,20.56732285
1616281200000,58514.7,58514.7,58236.3,58429,35.89153644
1616282100000,58426.5,58523.6,58229.6,58265.5,31.25832959
1616283000000,58265.5,58443.4,58171.2,58220,40.63252393
1616283900000,58220.1,58314.6,58005,58113.5,34.42016486
1616284800000,58113.5,58459.6,57798.8,58330.9,104.45924214
1616285700000,58331,58584.4,58331,58478.8,48.7820361
1616286600000,58478.8,58591.6,58366.2,58397.9,34.96018601
1616287500000,58397.9,58513,58280.3,58350,31.50740228
1616288400000,58350,58400.1,58144.5,58385.1,42.16904972
1616289300000,58385.1,58455.2,58331.1,58420.4,28.78748618
1616290200000,58420.4,58420.4,58245.5,58273.5,21.87728652
1616291100000,58273.5,58273.5,58100,58173.3,12.84507155
1616292000000,58173.3,58173.3,57899.9,58012.2,31.78645324
1616292900000,58012.2,58124.4,57800,57900,45.01568245
1616293800000,57900,57949,57572.8,57698.9,71.70849324
1616294700000,57686.9,57747.1,57499.5,57616,52.88707097
1616295600000,57616,57723,57415.5,57688.7,26.77915709
1616296500000,57679.5,57761.4,57466.1,57760.6,31.4525663
1616297400000,57760.6,57801.6,57582.2,57801.5,20.43345467
1616298300000,57801.5,57844.4,57749.4,57793.6,16.60865001
1616299200000,57793.5,57794.2,57537.6,57786.1,29.85223557
1616300100000,57786,57786.1,57251.3,57258.3,29.95567178
1616301000000,57258.4,57317,57034.6,57058.5,34.95852093
1616301900000,57058.6,57098.4,56741.1,56898.6,93.93448986
1616302800000,56898.7,57101.4,56835.3,57078.9,52.44141745
1616303700000,57081.5,57190.6,56930.9,57094.9,51.96072672
1616304600000,57094.9,57106.3,56865.3,57078.8,37.04226382
1616305500000,57078.8,57212.3,57061.2,57125.5,22.480651
1616306400000,57125.4,57248.7,57040.7,57059.3,15.57896661
1616307300000,57075.3,57410.1,56672.2,57232.8,67.20720869
1616308200000,57232.7,57406.7,57171.7,57289.1,37.53778048
1616309100000,57289.1,57310,57051.4,57053.9,16.95328166
1616310000000,57053.9,57309.9,57051,57307.1,23.99189814
1616310900000,57310.3,57310.4,57129.7,57181,18.80407546
1616311800000,57185.3,57228.7,57057.5,57121.1,15.30321342
1616312700000,57121,57121,56873.6,56981.8,16.57736245
1616313600000,56981.8,57262.2,56878.6,57188,24.86638699
1616314500000,57189.4,57262.8,57050,57175.3,13.80999944
1616315400000,57175.4,57207.8,57074.1,57126.6,10.59931759
1616316300000,57126.6,57315.8,57030.9,57170.3,20.64028802
1616317200000,57170.3,57263.8,57060.2,57158.7,18.91368515
1616318100000,57158.6,57176.8,56989.6,56994.8,10.00490858
1616319000000,56994.7,57102.6,55501,55969,149.15972048
1616319900000,55969,56331.1,55782,55998.9,86.01157319
1616320800000,55985.5,56180.4,55638.4,56180.3,73.78677826
1616321700000,56180.3,56368.7,56068,56283.5,40.04784929
1616322600000,56290,56317.2,56098.5,56229.4,41.13360549
1616323500000,56229.3,56312.2,56132.9,56146.7,24.21189031
1616324400000,56141,56168.7,55947.9,55995.4,28.07662867
1616325300000,55995.3,56225,55820.5,56183,29.52790439
1616326200000,56182.9,56318.1,56155.8,56155.8,20.65864498
1616327100000,56155.9,56300.3,56114.4,56260.7,18.74122666
1616328000000,56263.9,56277.3,55880.1,56049.8,36.00995266
1616328900000,56049.7,56145,55891.7,56012.9,22.43672251
1616329800000,56013,56270.8,56012.9,56193.8,25.01584709
1616330700000,56194,56259.2,56115.1,56179.7,19.90438504
1616331600000,56179.7,56778.8,56179.7,56634.4,73.18817873
1616332500000,56634.4,57171.8,56610.8,57062.4,64.88661365
1616333400000,57062.4,57321.5,56927.1,56983.7,45.75722329
1616334300000,56987.1,57174.6,56897.1,57021.4,41.316462
1616335200000,57021.5,57309.9,57002.1,57209.6,28.7086214
1616336100000,57210.6,57304.2,57136.7,57182,17.24006353
1616337000000,57181.9,57268.2,57136.7,57203.1,12.68873162
1616337900000,57203.2,57273.3,57118.4,57180.8,19.39639924
1616338800000,57180.7,57474.9,57164.9,57472.7,24.57013469
1616339700000,57475.5,57558.3,57334.5,57364.5,38.5591217
1616340600000,57364.6,57431.9,57175.5,57257.5,31.30376898
1616341500000,57257.5,57302.5,57023.9,57161.8,23.48585939
1616342400000,57161.9,57194,56780.6,57194,55.44549307
1616343300000,57194,57412.5,57120.6,57350.2,22.09937618
1616344200000,57341.2,57365.6,57076.3,57214.9,34.56828266
1616345100000,57214.9,57307,57136.2,57224.5,20.29918718
1616346000000,57224.5,57293.2,56983.1,57078.1,29.73713148
1616346900000,57078,57232.2,57025.5,57149,21.08885157
1616347800000,57146.8,57300.8,57112.3,57281.2,29.28659508
1616348700000,57281.2,57284,57172.1,57260.6,16.73418435
1616349600000,57260.6,57446.6,57224.2,57275,29.19886724
1616350500000,57275.1,57384.5,57264.8,57283.5,14.03004599
1616351400000,57283.6,57411.9,57207.4,57372.9,26.14939023
1616352300000,57372.9,57468,57316.8,57366.9,14.61544447
1616353200000,57366.9,57666.5,57366.9,57603.6,32.1323976
1616354100000,57603.7,57662.6,57489.4,57491.7,21.78188344
1616355000000,57492.7,57576.9,57401.1,57423.8,26.48541976
1616355900000,57423.7,57537.2,57410.6,57513,17.22161924
1616356800000,57513.1,57885.5,57513.1,57865.2,36.15775918
1616357700000,57865.3,57979.4,57774.2,57810.7,34.10553602
1616358600000,57810.7,57881.6,57658.2,57719.1,37.46778579
1616359500000,57719.2,57790.3,57706.8,57757.5,18.32597667
1616360400000,57757.6,57862.7,57717,57720.1,18.37944467
1616361300000,57720.1,57792.8,57615,57678.8,31.81400867
1616362200000,57678.6,58030.1,57471.3,57943.4,44.36443602
1616363100000,57943.4,58085.8,57943.3,58080,47.28295497
1616364000000,58080,58093.7,57797.8,57840.6,51.44646757
1616364900000,57840.6,57844.4,57585.6,57769.1,42.10587834
1616365800000,57769.2,57844.5,57546.2,57723.5,23.92113393
1616366700000,57723.5,57764.7,57592.6,57592.6,17.50763445
1616367600000,57592.7,57772.3,57175.5,57187.3,44.89247493
1616368500000,57187.2,57463.9,57182.8,57451.9,27.612314
1616369400000,57451.9,57650,57344.4,57515.6,30.10983989
1616370300000,57515.6,57588.2,57203.8,57350.2,27.69113765
1616371200000,57345.3,57437.4,57012.7,57348.4,37.93311335
1616372100000,57348.4,57348.5,57041.7,57091.2,20.57245129
1616373000000,57091.2,57257.8,56628.9,56628.9,62.92396791
1616373900000,56629,56790.7,56400,56579.8,87.88476788
1616374800000,56579.8,56734.1,56306.5,56589.7,63.96486496
1616375700000,56584.7,56662.8,56300.9,56480.2,36.24521233
1616376600000,56480.2,56648.9,56372.3,56550,44.05747627
1616377500000,56550,56706,56533.2,56627,25.92893418
1616378400000,56627.1,56649.8,56431.3,56594.9,22.72660199
1616379300000,56595,56964.7,56575.9,56882,24.48763605
1616380200000,56881.9,57019.1,56789.2,56908.9,29.03483896
1616381100000,56908.9,56955.1,56825.7,56955.1,23.41095925
1616382000000,56955.1,57240.7,56955.1,57232.8,14.96414829
1616382900000,57227.4,57479.7,57213.6,57324.9,25.76602757
1616383800000,57324.9,57465.3,57313.9,57357.1,26.73998195
1616384700000,57357.2,57622.2,57290.8,57550.5,42.39930181
1616385600000,57550.5,57649.6,57440.2,57594.7,32.83033538
1616386500000,57594.7,57814.6,57594.7,57742.8,18.61972139
1616387400000,57742.8,57800,57580.9,57637.1,18.08818426
1616388300000,57637.1,57645.7,57424.7,57599.6,22.1541277
1616389200000,57599.7,57610.5,57436.9,57563.8,10.12159993
1616390100000,57563.8,57608.8,57323.5,57358.8,11.39588648
1616391000000,57358.8,57512,57316.3,57466.4,14.34939478
1616391900000,57466.4,57758.2,57455.7,57601.9,28.35358053
1616392800000,57600.8,57850,57600.7,57710.3,19.78858068
1616393700000,57710.2,57834,57573.3,57833.9,13.45106926
1616394600000,57834,57850,57659.9,57803.5,17.40498812
1616395500000,57803.6,57887.9,57679.8,57679.8,31.96957709
1616396400000,57673.3,57692.5,57527.8,57617.4,19.33223053
1616397300000,57617.3,57856.8,57617.3,57808.6,18.47971433
1616398200000,57808.5,57808.6,57607.9,57642.1,28.6963415
1616399100000,57642.1,57764,57539.4,57564.6,40.76636252
1616400000000,57564.6,57613.1,57429.7,57533.6,21.96514282
1616400900000,57533.5,57695.8,57429.7,57463.1,14.71982061
1616401800000,57464.2,57526.5,57163,57243.9,26.40921154
1616402700000,57248.1,57397.9,57101.5,57195.4,23.73004696
1616403600000,57195.3,57226.1,57057.7,57196.1,22.39143378
1616404500000,57196.1,57320,57153.9,57287.5,19.15207152
1616405400000,57287.5,57363.7,57159.9,57253,12.84029477
1616406300000,57253.1,57388.5,57150.8,57368.6,17.47964119
1616407200000,57368.6,58027.9,57260.2,58022.7,47.86366464
1616408100000,58022.7,58415.5,58007,58100.4,50.76711732
1616409000000,58100.3,58223.8,57950.2,58035.9,32.66807724
1616409900000,58036,58126.6,57899.3,57911.9,21.68187657
1616410800000,57911.9,58150,57911.9,58054.6,22.66468252
1616411700000,58054.7,58068.8,57585.5,57717,36.15003705
1616412600000,57717,57822.5,57632.9,57780.5,27.35586502
1616413500000,57780.6,57864.2,57661,57717.5,22.19319641
1616414400000,57714.6,57752.5,57363.2,57407,40.12474249
1616415300000,57406.5,57548,57270.1,57270.1,24.08316432
1616416200000,57270.1,57439.4,57108,57217.5,39.52489234
1616417100000,57223.4,57350,56878.7,57267.6,43.41730569
1616418000000,57267.8,57359.9,57070.1,57336.8,25.92022262
1616418900000,57337.2,57407.7,57073.1,57188.7,43.47645277
1616419800000,57188.7,57255.1,56538.1,56746.6,57.38935152
1616420700000,56746.6,57034.2,56746.6,56972.2,47.32484516
1616421600000,56972.2,57265,56859.2,57184,30.66554236
1616422500000,57184,57188.6,56790.9,56931.8,37.78862598
1616423400000,56931.9,57148.5,56813.1,57092.8,36.22228563
1616424300000,57091.2,57200,56984.1,56986.2,24.17270329
1616425200000,56986.1,57129.5,56895.6,56975.7,31.33847584
1616426100000,56975.7,57129.6,56921.9,57129.6,26.19556101
1616427000000,57129.6,57217,57042.4,57187.7,28.6317233
1616427900000,57187.6,57187.6,57016.7,57076.7,20.64165019
1616428800000,57076.7,57183.8,56852.2,57145,45.44062732
1616429700000,57145.2,57145.3,56676.1,56762.7,39.58891769
1616430600000,56756.9,56837.3,56203.3,56506.4,99.33173832
1616431500000,56506.4,56780.4,56456.6,56747.7,34.29982478
1616432400000,56747.8,56771.4,56569.6,56709,31.58246955
1616433300000,56709,56875.3,56610.8,56840.4,32.22061431
1616434200000,56840.3,57175.1,56836.6,57061.5,55.19241673
1616435100000,57061.5,57177.9,57015,57077,34.71520984
1616436000000,57076.4,57164.6,56862.6,56936.5,29.92591851
1616436900000,56936.5,57138.4,56916.4,56971.2,25.29542422
1616437800000,56977.6,56977.6,56380.7,56482.1,71.46639766
1616438700000,56482.2,56652.2,56403.8,56503.8,37.16308314
1616439600000,56503.8,56563.5,55896.5,55909.7,106.07441061
1616440500000,55909.6,56000,55625.2,55852.4,129.62306718
1616441400000,55852.5,56003.6,55582,55964.9,57.88238353
1616442300000,55964.9,56119,55500,55554.6,59.41421194
1616443200000,55554.6,55983.4,55409,55944.7,87.35640595
1616444100000,55944.6,56010,55675.7,55840,32.11972302
1616445000000,55840,55850.2,54800,54928.1,108.90015724
1616445900000,54924.9,55069.4,53807.9,54503.4,311.68285587
1616446800000,54506.7,54960.9,54271.2,54937.5,94.59334496
1616447700000,54937.5,54937.6,54500,54500.1,70.75635938
1616448600000,54500,54778.5,54476.7,54633.6,68.70356891
1616449500000,54633.6,54898,54489.8,54575.5,39.77688628
1616450400000,54575.4,54575.4,53667,54526.5,178.18639344
1616451300000,54526.5,54643.6,54079.3,54242.6,96.45468879
1616452200000,54245.3,54501.8,54127,54172.7,67.74099212
1616453100000,54166.1,54611.3,54150,54604.2,81.85550633
1616454000000,54604.3,54864,54501.1,54684.6,51.52078646
1616454900000,54688.2,54725,54300,54475.7,49.82067715
1616455800000,54473.4,54629.4,54335.5,54509.5,31.57259057
1616456700000,54509.5,54630.9,54074.9,54096.1,47.94566352
1616457600000,54086.8,54638.8,53793.9,54574.1,116.21488054
1616458500000,54574.1,54748.4,54360.7,54584.5,67.30457543
1616459400000,54584.5,54711,54439.4,54575.4,39.93234538
1616460300000,54575.4,54743.8,54483.5,54698.8,24.81713072
1616461200000,54698.8,54740.3,54535.3,54668.1,46.0133201
1616462100000,54668.1,54880,54600,54834.5,41.7431097
1616463000000,54836.3,55160.5,54787.2,55159.4,51.08250856
1616463900000,55159.5,55326.9,55058.2,55125.7,45.24483982
1616464800000,55125.7,55152.9,54854,54959.7,33.3627293
1616465700000,54959.6,54982.3,54792.9,54819.7,24.07830136
1616466600000,54819.7,55083.7,54798.6,54937.8,30.46635382
1616467500000,54937.8,55089.4,54450.6,54554.1,53.55388379
1616468400000,54557.3,54680.5,54358.8,54568,31.59103539
1616469300000,54568,54704.5,54505.9,54617.3,32.97226349
1616470200000,54617.2,54617.2,54403.9,54462.1,33.28798469
1616471100000,54457.6,54750,54424.2,54679.8,23.65520614
1616472000000,54679.8,54767.3,54483.5,54550.7,30.09664821
1616472900000,54550.7,54654,54187.3,54231.4,36.51955239
1616473800000,54231.4,54389,54056.5,54388.9,53.49130029
1616474700000,54388.9,54592.2,54353,54434,32.26685506
1616475600000,54434,54459.6,54065.3,54141,43.29198227
1616476500000,54141,54141,53139.8,53349.1,161.35861764
1616477400000,53349,53614.1,53113,53406.5,94.00310925
1616478300000,53406.5,53680.5,53406.5,53529.8,63.48872383
1616479200000,53529.9,53648.6,53168.1,53274.1,58.0597217
1616480100000,53274,53755,52986.3,53685.7,82.64342323
1616481000000,53685.8,53729.2,53342.6,53389.4,45.66758583
1616481900000,53389.4,53496.6,53208.4,53303.9,42.86981476
1616482800000,53303.8,53622.6,53303.8,53622.6,32.69259638
1616483700000,53622.6,53822.3,53550.5,53812.9,36.49579851
1616484600000,53812.9,53928.1,53662.7,53928.1,31.19944724
1616485500000,53928.1,54246.8,53821.1,54176.1,48.38712046
1616486400000,54171.7,54247,53953.1,54012.8,41.69426796
1616487300000,54012.8,54120.9,53840.9,53934.1,35.95444428
1616488200000,53925.9,54415.8,53925.8,54273.2,37.45390082
1616489100000,54273.3,54473.5,54273.2,54318.5,32.00946176
1616490000000,54318.5,54376.8,54245.7,54365.4,28.25037775
1616490900000,54372.3,54480.5,54292.1,54329.3,23.06904398
1616491800000,54329.3,54555.8,54243.7,54394.6,28.59168092
1616492700000,54403.2,54681.4,54356.1,54598.3,30.92326336
1616493600000,54598.2,54713.1,54521.7,54630.4,19.23013594
1616494500000,54632.9,54669.9,54446.9,54485.5,24.11274586
1616495400000,54485.5,54661.9,54478.3,54592.8,22.62511802
1616496300000,54594.2,54815.1,54594.2,54683.4,26.43098541
1616497200000,54683.3,54789.5,54606.9,54644,19.53069959
1616498100000,54641.7,54799.5,54561.5,54689.2,28.45088885
1616499000000,54695.5,54776.1,54535.1,54588.2,26.98801683
1616499900000,54589.2,54602.4,54091.8,54239.7,46.84885456
1616500800000,54239.7,55100,54239.7,55031.5,64.86618732
1616501700000,55031.5,55189.6,54813.4,55112.9,58.29577379
1616502600000,55105.2,55223,54933.5,55041,51.3131553
1616503500000,55041,55150,54906.7,55100,44.04925348
1616504400000,55100,55260.7,55079.6,55194.2,48.77837517
1616505300000,55194.2,55350,55171.2,55260.9,44.51473933
1616506200000,55262.4,55434.8,55262.4,55336,49.98624254
1616507100000,55335.9,55397.5,55030.8,55254.7,39.12661281
1616508000000,55254.7,55354.4,55104.7,55253.6,37.05168013
1616508900000,55253.7,55344.3,54880,54929.7,51.26282713
1616509800000,54922.1,55075,54743.4,54896.4,62.59993245
1616510700000,54896.3,55231.5,54861,55169.8,48.48836299
1616511600000,55172.6,55342.1,55026.3,55086.5,54.45722926
1616512500000,55086.5,55147.1,54944.3,55023.7,40.39579708
1616513400000,55023.6,55250,55023.6,55190.3,42.0060251
1616514300000,55190.3,55321.7,55134.5,55160.2,39.39453486
1616515200000,55161.9,55226.3,54841,54931.9,82.76795087
1616516100000,54932,55724.1,54929.7,55567.4,89.28232682
1616517000000,55567.3,55757.2,55430.7,55489.3,63.67869202
1616517900000,55489.3,55557.9,55356.1,55539.6,33.40738857
1616518800000,55539.7,55691.7,55539.4,55632.7,52.89365501
1616519700000,55631.4,55813,55607.7,55648.4,48.93866494
1616520600000,55644,55700,55491.3,55492.6,35.44779001
1616521500000,55492.7,55720.2,55426.8,55712.7,47.2868702
1616522400000,55711.4,55753.3,55592.2,55651.1,43.23865111
1616523300000,55651.1,55800.1,55531.7,55782.5,55.67308914
1616524200000,55778.7,55823.1,55631.8,55637.7,35.07223669
1616525100000,55637.7,55640,55375.3,55375.3,38.30787747
1616526000000,55375.2,55551,55363.3,55469.6,46.94001141
1616526900000,55469.6,55488,54846.7,54963.7,73.63563927
1616527800000,54963.8,55065.8,54834,54952.7,47.15171079
1616528700000,54952.7,55180.2,54910.7,55017.1,48.6476842
1616529600000,55015.3,55069.3,54712.1,54790.6,61.82285499
1616530500000,54794.1,54970.3,54794.1,54925.9,36.71792936
1616531400000,54925.9,55382.4,54696.5,54856.3,123.70115986
1616532300000,54856.3,54888.3,54330.6,54452.6,72.29008544
1616533200000,54452.5,54555.6,54354.9,54441,28.77044428
1616534100000,54441.1,54507.6,54193.2,54291.4,38.89193756
1616535000000,54291.3,54566,54246.3,54499.9,25.76992889
1616535900000,54499.9,54733.9,54421.9,54659.9,36.73357661
1616536800000,54660.8,54854.3,54527.5,54663.7,33.2557636
1616537700000,54656.1,54827.6,54557.3,54732.7,34.09462026
1616538600000,54732.7,54875.4,54634.3,54716,27.67969707
1616539500000,54716,54736.4,54374.9,54387,32.01539237
1616540400000,54387,54733.6,54352.1,54723,35.31841969
1616541300000,54723.1,54808.2,54625.6,54701.5,31.95910473
1616542200000,54702,54764.3,54365.3,54449.9,30.64791658
1616543100000,54449.9,54713.9,54300,54348.4,45.69801331
1616544000000,54348.4,54659.1,54075.9,54162.8,66.53978177
1616544900000,54162.7,54162.7,53759.5,53816.6,127.53529237
1616545800000,53830.8,54116.3,53769.1,53927.8,48.79545586
1616546700000,53934,54007.4,53602.1,53697.8,63.28077443
1616547600000,53697.7,53978.4,53529.3,53922.5,70.80243189
1616548500000,53922.5,54333.5,53894,54309.8,46.37361961
1616549400000,54308.2,54394.6,54180.5,54209.1,37.25849342
1616550300000,54199.9,54561.7,54042.5,54471.7,42.16447803
1616551200000,54471.7,54631.3,54368.8,54539.5,45.11402829
1616552100000,54539.8,54593.9,54366.8,54535.5,42.381088
1616553000000,54536.7,54625,54420.8,54505.6,28.52896663
1616553900000,54509.7,54620.2,54400.1,54434.9,28.11263669
1616554800000,54435,54512,54298.5,54345.2,20.65560552
1616555700000,54345.3,54469.2,54062,54469.2,52.85275864
1616556600000,54469.2,54750,54469.2,54627.8,42.58894202
1616557500000,54627.8,54627.8,54284.7,54360.3,32.73504168
1616558400000,54360.3,54542.9,54192.8,54345.7,33.24599313
1616559300000,54345.7,54571.3,54269.5,54406.9,41.82919957
1616560200000,54406.9,54543.6,54221.4,54275.4,26.39652242
1616561100000,54275.4,54333.6,53984.2,54132.1,46.88393526
1616562000000,54132.2,54132.2,53849,53998.5,55.53611659
1616562900000,53998.6,54137.9,53797.6,54125,29.12503705
1616563800000,54125,54284.8,54055.3,54247,31.8658604
1616564700000,54226.7,54270.7,54039.7,54116.8,23.5562431
1616565600000,54109.8,54109.9,53750.7,53770.7,40.58019139
1616566500000,53770.7,53985.3,53770.6,53843.3,33.01577553
1616567400000,53843.2,54996.8,53720.9,54731.1,113.84587307
1616568300000,54731.1,54948.8,54582,54659.7,55.61357308
1616569200000,54659.7,55576.4,54627.6,55498.9,136.81923335
1616570100000,55498.9,55552.1,55122.5,55155.2,75.25145706
1616571000000,55155.2,55418.7,55087.7,55418,43.85759938
1616571900000,55418,55609.9,55275.1,55479.7,50.81650027
1616572800000,55479.8,56015.9,55475,55900.9,74.5258678
1616573700000,55901,56250,55901,56147.3,79.08204643
1616574600000,56145.6,56334,55962.1,56229.9,52.62941199
1616575500000,56229.9,56338.2,56145,56283.3,48.15711288
1616576400000,56281.7,56636.2,56281.7,56615.8,83.25198464
1616577300000,56615.8,56660.8,56354.1,56505.9,55.0757857
1616578200000,56505.9,56533.1,56387.6,56434.1,28.36749621
1616579100000,56434.2,56574.6,56333.3,56397.7,34.0139191
1616580000000,56397.7,56497.8,56254.6,56271.6,41.52657692
1616580900000,56271.7,56320.1,56039.1,56133.4,60.91277886
1616581800000,56133.4,56576.4,56085.8,56536.7,58.10347235
1616582700000,56539.5,56556.5,56292.9,56466.6,35.89775719
1616583600000,56467,56521.7,56295.5,56418,34.6975609
1616584500000,56418,56570,56413.4,56425.9,36.36268478
1616585400000,56426,56450.3,56250,56433.1,40.6530929
1616586300000,56433.1,56589.9,56292,56548.3,33.12755454
1616587200000,56547,57033,56540.1,56875.8,106.7891622
1616588100000,56875.9,57016.4,56691.4,56797.6,72.39616875
1616589000000,56797.6,56900,56763.9,56891.1,33.44361285
1616589900000,56891.1,56934.8,56810.2,56902.7,34.01848272
1616590800000,56902.8,57036,56752.3,56880.3,52.95229588
1616591700000,56880.3,56982.7,56830,56964.6,40.38575104
1616592600000,56964.6,57200,56790.9,56815.7,89.39962483
1616593500000,56815.6,56871.2,56371.8,56764,95.57025512
1616594400000,56764,56908.8,56629.3,56806.3,52.79629092
1616595300000,56806.4,56898.1,56547.1,56601.2,55.63311397
1616596200000,56601.3,56729.7,56528.8,56669.5,43.48136554
1616597100000,56669.5,56758.7,56452.6,56538.4,39.3288016
1616598000000,56539.5,56644.3,56476,56578.1,32.59052146
1616598900000,56578,56631.1,56233.2,56324.9,57.84396075
1616599800000,56324.8,56377.9,56062,56079.1,61.96808777
1616600700000,56073.4,56336.3,56013.3,56278.3,55.64680857
1616601600000,56279.5,56411.6,56006.7,56171.5,54.98768053
1616602500000,56171.5,56183.7,55803,55873.7,74.83671018
1616603400000,55873.7,56057.1,55800,55950,47.53102859
1616604300000,55950.1,56126.3,55751.9,55772.6,35.78478239
1616605200000,55772.6,55979.2,55743.1,55750,43.50412337
1616606100000,55750,56013.8,55575.9,55984.5,66.89767735
1616607000000,55974.3,56372.8,55926.4,56287.5,66.53645809
1616607900000,56287.5,56323.2,56129.1,56129.1,36.40685368
1616608800000,56129.1,56356.3,56024.5,56064.2,36.71876514
1616609700000,56064.2,56183.5,55909.4,55920.9,34.60021295
1616610600000,55920.8,55939.9,55534.3,55557.3,56.92735929
1616611500000,55557.4,55691.3,55350,55378.3,60.3184038
1616612400000,55378.9,55575.2,55353.9,55485.6,70.75609317
1616613300000,55485.6,55520.5,55154.3,55194.1,65.29591649
1616614200000,55194,55303.2,54674,54760.5,120.56800099
1616615100000,54760.5,54985,54700,54750,69.18568887
1616616000000,54740.4,54740.4,54267.2,54282.1,105.94378799
1616616900000,54282,54443.9,53639.9,53737.2,173.42863154
1616617800000,53741.7,53954.5,53183.9,53951.7,212.1527087
1616618700000,53951.7,54370.6,53700.1,54049.8,123.91340258
1616619600000,54049.9,54227.1,53564.8,54036.9,73.51449076
1616620500000,54036.8,54189.6,53885.9,53977.7,34.48631761
1616621400000,53977.7,53977.7,53586,53900,85.69668475
1616622300000,53900,54041.6,53636.4,53738.6,53.3597536
1616623200000,53740.2,53740.2,53114.9,53115.3,129.34083215
1616624100000,53115.3,53115.3,51499.6,52383.4,496.49920297
1616625000000,52438.8,52791,52273.4,52591.9,165.84359221
1616625900000,52591.9,52742.8,52121.8,52520.9,127.81653708
1616626800000,52521,52851.5,52308.5,52707.8,100.0363101
1616627700000,52709.4,52749,52384,52740.6,91.46812549
1616628600000,52744.1,52951.4,52402.6,52889.2,73.70749888
1616629500000,52889.1,52952.1,52305.3,52307.4,74.10870186
1616630400000,52307.1,52727.2,52029.3,52727.2,91.54195643
1616631300000,52727.2,52801,52552.4,52728,46.79965965
1616632200000,52728,52728,52321,52443.5,64.19091958
1616633100000,52443.6,52794.9,52443.6,52627,49.03409019
1616634000000,52627,52756.3,52401.4,52401.4,51.12148129
1616634900000,52401.4,52579.3,52369.1,52404.9,40.48387768
1616635800000,52404.9,52614.3,52000,52566.4,115.85382387
1616636700000,52566.4,52566.4,51751,51833,102.79005278
1616637600000,51833,52372.7,51518.4,51874.8,181.22030775
1616638500000,51874.8,52266.4,51758,52216.6,90.22888131
1616639400000,52216.6,52472,52189.1,52393.1,56.78447983
1616640300000,52393.1,52542.8,52180.9,52254.8,60.36347939
1616641200000,52254.9,52550,52095,52296.7,72.01560552
1616642100000,52296.6,52331.1,51928.1,51997.4,79.89511468
1616643000000,51997.5,52270.5,51833.7,51986.1,42.83887048
1616643900000,51986.2,52268.8,51945.3,52120.1,41.96412441
1616644800000,52120.2,52368.9,51917.2,52352.6,54.53522065
1616645700000,52352.6,52500,52201.8,52411.6,50.0666372
1616646600000,52411.7,52412.7,52221.3,52340.9,32.55797031
1616647500000,52340.7,52461.3,52122.7,52257.8,47.00365796
1616648400000,52250.2,52488.3,52145.1,52486.9,42.3781788
1616649300000,52486.8,52840,52461.2,52810.7,67.34073789
1616650200000,52810.7,52810.7,52631.9,52678.9,33.72837214
1616651100000,52678.9,52836.5,52607,52691.7,36.35375269
1616652000000,52691.7,53239.1,52661.1,53172.4,69.25606063
1616652900000,53172.4,53172.4,52997.1,53034.9,37.5051117
1616653800000,53034.9,53034.9,52728.7,52852,60.15892635
1616654700000,52852,53061.7,52845.5,52961.4,45.27053152
1616655600000,52972.8,53120.4,52869.2,53053.6,28.7604838
1616656500000,53053.5,53055.7,52763.8,52848.4,43.62262216
1616657400000,52848.5,53001.8,52763.6,52770,44.38760951
1616658300000,52765.1,52823.4,52216.9,52269.9,82.82024258
1616659200000,52269.8,52465.6,52105.2,52407.7,77.11322985
1616660100000,52407.6,52519.6,52239,52368.6,78.34966062
1616661000000,52368.6,52800,52267.5,52709.8,62.71509854
1616661900000,52709.8,52779.5,52499,52608,48.56798608
1616662800000,52607.9,52697.8,52364.8,52484.3,38.9999696
1616663700000,52484.3,52826.1,52484.3,52783.7,68.38286977
1616664600000,52783.7,52814.7,52619,52687.4,39.91049075
1616665500000,52687.5,53009.5,52686.1,52948.4,48.91241777
1616666400000,52948.3,53048.6,52527.2,52659.8,66.30900267
1616667300000,52659.9,52881.6,52588.9,52881.6,32.21767394
1616668200000,52881.6,52999.6,52830.3,52844.6,49.21528485
1616669100000,52844.6,52991.2,52740,52946.6,39.06077697
1616670000000,52946.7,53133.8,52823.1,52921.7,55.52712541
1616670900000,52921.7,53032.7,52717.2,52736.4,41.61029268
1616671800000,52730.8,52782.4,52488.3,52503.5,45.85660272
1616672700000,52503.4,52518.4,52135.4,52157.7,94.13164083
1616673600000,52157.6,52328.5,51085.6,51250.7,224.89075148
1616674500000,51250.8,51480.2,50631.5,50888.8,240.90261335
1616675400000,50883.7,51107.5,50457.8,50951.2,189.92973195
1616676300000,50951.3,51330.1,50916.5,51090.6,100.87682969
1616677200000,51090.6,51285.5,50580.1,50625.3,94.03887706
1616678100000,50625.3,51141,50455,51065,120.68243986
1616679000000,51068.9,51962.3,51041.6,51792.8,134.4736212
1616679900000,51792.8,51880,51493.8,51647.5,116.79518275
1616680800000,51647.6,52040,51523.1,51900.3,110.27317026
1616681700000,51900.2,51952.3,51599.6,51719,76.38251265
1616682600000,51715.2,51745.5,51211.2,51400,104.80450496
1616683500000,51399.9,51581.6,51060.1,51294.1,87.70045807
1616684400000,51294.2,51384.5,50651.2,50758.5,135.32068032
1616685300000,50758.5,51200,50624.5,51014.4,110.33239631
1616686200000,51012.8,51513,50975.6,51284.2,82.92017171
1616687100000,51281.9,51482.3,50834.2,50992.4,125.34302322
1616688000000,50992.4,51325.4,50550,51325.4,126.5360298
1616688900000,51326.4,51685.9,50720.4,50771.9,134.54923436
1616689800000,50771.9,51320,50713.4,51213,119.62191528
1616690700000,51207,51429.9,51014.1,51283.2,95.46806065
1616691600000,51294.9,51768.2,51108.1,51756.9,94.58433027
1616692500000,51745.9,51785.5,51381,51523.3,122.6744031
1616693400000,51523.3,51805.4,51300.6,51724,74.33462534
1616694300000,51731.3,51759,51557,51627.1,45.20916943
1616695200000,51627.1,51897.7,51515.6,51646,97.12976447
1616696100000,51646,51787.9,51569.4,51734,53.27742102
1616697000000,51730.2,52433.8,51730.1,52413.1,122.92368101
1616697900000,52413.4,52545.1,52127.7,52220.5,87.31268784
1616698800000,52220.5,52286.8,52083.8,52103.1,54.91507765
1616699700000,52103,52212.8,51615.3,51895.1,112.71693359
1616700600000,51882,52265,51797.5,52064.2,69.51168751
1616701500000,52064.2,52272.7,51937.2,52179.1,72.23859366
1616702400000,52179.2,52461,52098.3,52428.1,59.58789063
1616703300000,52438.1,52700,52165.9,52216.4,72.40750419
1616704200000,52216.3,52295.4,52002.3,52087.3,39.1942796
1616705100000,52087.2,52199.5,51827.6,51972.6,57.37860977
1616706000000,51972.7,52297.1,51972.7,52155.2,23.19136084
1616706900000,52155.2,52284.8,51964.8,52116.6,31.73223564
1616707800000,52116.6,52472.9,52116.5,52254.4,23.50404947
1616708700000,52256.1,52564.3,52248.4,52445.5,41.308587
1616709600000,52445.4,52635.3,52416.4,52569.2,42.20360186
1616710500000,52569.2,52707.9,52316.8,52473.7,41.42670486
1616711400000,52486.7,52491.8,52108.8,52115.6,43.18528662
1616712300000,52115.6,52202.6,51584.7,51730.7,153.80434206
1616713200000,51730.7,52049.6,51702.6,51913.4,63.20103561
1616714100000,51916.3,51916.3,51600,51651.6,60.07374414
1616715000000,51658.7,51794.4,51240,51244.7,69.08826813
1616715900000,51244.6,51517.3,51224.1,51301.7,32.93559558
1616716800000,51301.7,52088.1,51225.3,51823.8,54.59905966
1616717700000,51823.8,51885.1,51625.5,51856.5,34.71900522
1616718600000,51856.6,52045.6,51841.9,51975.1,34.13872511
1616719500000,51975.1,52274.7,51940.5,52089.5,73.39919768
1616720400000,52089.5,52362,51983.9,52185.6,55.07074689
1616721300000,52185.7,52267,52131.4,52131.5,33.53814711
1616722200000,52131.4,52316.7,52099.7,52192.1,33.00648236
1616723100000,52192.1,52355.1,52192.1,52270.6,42.36737172
1616724000000,52270.6,52393.7,52053.9,52094.7,52.69808884
1616724900000,52094.6,52124.1,51698,51850.9,78.85321462
1616725800000,51850.8,51850.8,51553.1,51680.2,59.55297856
1616726700000,51680.2,51895,51627.1,51697.7,41.0827653
1616727600000,51697.7,52041.7,51697.7,52028.2,46.35290726
1616728500000,52030.8,52478.8,52018.1,52380,63.41352796
1616729400000,52380,52662.6,52205.3,52549.7,45.27800709
1616730300000,52549.7,52724.9,52370.9,52422.3,32.13940898
1616731200000,52422.2,52536.6,52242.4,52337,61.32850795
1616732100000,52340.6,52431.9,52176.1,52200.9,33.5866755
1616733000000,52195.1,52541.4,52187.5,52392.2,30.1381909
1616733900000,52392.1,52805.4,52392,52720,74.52270466
1616734800000,52720,52913.4,52524,52854.5,89.60186881
1616735700000,52854.5,52868.8,52638.8,52678,34.35762585
1616736600000,52678,52733.5,52544.1,52679.8,30.53750648
1616737500000,52679.8,52840.9,52670.8,52827.3,17.21611647
1616738400000,52827.3,52827.3,52583.2,52724.6,33.32345322
1616739300000,52724.6,52724.6,52575.3,52625.4,20.17668771
1616740200000,52625.5,52882,52520.9,52646.9,46.83566011
1616741100000,52646.8,52740,52480.4,52581.6,36.65628836
1616742000000,52581.6,52669.4,52411.9,52475.4,38.61049246
1616742900000,52475.9,52646.6,52457.1,52572.1,32.23502892
1616743800000,52572.1,53295,52572.1,53179.2,72.8450549
1616744700000,53179.2,53601.6,53122.1,53585.7,94.6527386
1616745600000,53585.7,53832.8,53429.5,53499.1,99.10523929
1616746500000,53499.2,53721.8,53400.5,53643.1,49.03526332
1616747400000,53643.1,53659.3,53390.3,53426.4,38.57483515
1616748300000,53429.4,53478,53168.8,53367.7,45.09914472
1616749200000,53367.6,53600,53346.2,53540.5,42.52959454
1616750100000,53540.5,53591.4,53422.6,53574.6,23.84280506
1616751000000,53574.6,53586.1,53239.4,53327.3,30.75722397
1616751900000,53327.4,53398.2,53215.4,53327.7,31.08108707
1616752800000,53328.3,53384.5,53184.9,53277.9,60.41733119
1616753700000,53277.9,53582.6,53277.9,53521.9,24.87874204
1616754600000,53522,53525.9,53245.6,53392.7,36.03423346
1616755500000,53392.7,53450,53252.9,53384.9,20.44445581
1616756400000,53384.9,53452.5,53282.4,53295.9,25.0726977
1616757300000,53295.9,53326.1,53006.8,53053.5,50.81126879
1616758200000,53051.5,53056.6,52691.1,52929,84.95774137
1616759100000,52932.8,52939.5,52583.1,52716.3,78.22408298
1616760000000,52702.7,53247,52520,53206.3,71.97480192
1616760900000,53201.5,53201.5,52824.8,52897.8,37.74412437
1616761800000,52897.7,53076.3,52783.1,52862,39.30266878
1616762700000,52862,53041.5,52844.7,52998,47.14251377
1616763600000,52998.1,53160.3,52933.5,53091.2,38.6159718
1616764500000,53091.2,53091.3,52744.9,52759.6,32.08618125
1616765400000,52759.6,53250,52759.5,53211.8,44.11654096
1616766300000,53211.8,53318,53094.9,53311.9,39.47040547
1616767200000,53311.8,53494,53113.6,53193.3,47.63616127
1616768100000,53193.2,53309.9,53114.3,53249.4,35.87511638
1616769000000,53249.4,53254.3,53133.4,53193.5,32.86723406
1616769900000,53193.4,53445,53192.7,53408.8,38.88497915
1616770800000,53408.9,53541.4,53310.4,53348.4,34.11878674
1616771700000,53348.4,53430.4,53223.1,53323.5,31.65552679
1616772600000,53323.4,53407.9,53224.7,53360.7,50.52497539
1616773500000,53361.4,53410.6,53233.1,53313.8,43.90607795
1616774400000,53313.8,53493.5,52910,53432.8,108.77238513
1616775300000,53432.9,53730.5,53400,53701.7,70.24162867
1616776200000,53701.6,54093.6,53673.5,53831.7,123.06097225
1616777100000,53831.7,53892.1,53650,53787.4,76.80038745
1616778000000,53786.9,53835.8,53517.6,53587.8,70.45467086
1616778900000,53587.8,53726.9,53523.3,53674.5,45.58795674
1616779800000,53674.5,53831.7,53674.5,53731.3,41.051797
1616780700000,53731.4,53904.7,53625.8,53821.6,53.37137116
1616781600000,53821.6,53908.1,53635,53666.4,41.99304901
1616782500000,53666.4,53778.5,53479.8,53696.4,49.51693981
1616783400000,53696.5,53751.6,53540.7,53660.5,33.68342595
1616784300000,53660.6,53714.8,53500.1,53689.6,41.25291069
1616785200000,53689.6,53689.6,53549.5,53643.9,28.49062572
1616786100000,53643.9,53763.3,53569.8,53647.6,31.38126227
1616787000000,53647.6,53799.9,53535,53592,38.21489335
1616787900000,53592,53800,53575.1,53781,41.52612138
1616788800000,53781,54258.6,53781,54143.8,76.976249
1616789700000,54143.8,54258.6,53814.2,53824.9,143.46037542
1616790600000,53825.8,54158.1,53824,54061.1,44.64737815
1616791500000,54061.1,54074.3,53951.6,53951.6,40.09425627
1616792400000,53951.6,54150,53951.6,54058,22.8309862
1616793300000,54058,54377.4,54017.1,54291,28.04864392
1616794200000,54291,54499.4,54248.8,54469.7,32.40979742
1616795100000,54469.8,54620,54444,54574.5,52.71707544
1616796000000,54574.6,54706.4,54520,54635.1,39.02436348
1616796900000,54635,54777.5,54436,54657.1,44.55850673
1616797800000,54657.1,54657.1,54416.5,54489.1,28.73289291
1616798700000,54489.1,54512.7,54341.5,54390.1,37.65035746
1616799600000,54390,54481.2,54300,54433,40.38065451
1616800500000,54432.9,54808.7,54400,54744.3,52.43539514
1616801400000,54742.8,54842.1,54669.7,54678.3,37.19039434
1616802300000,54678.3,55062.5,54672.9,55032,59.30215784
1616803200000,55031.9,55489,55013.6,55484,111.72411136
1616804100000,55477.8,55518,55181,55181,68.3870944
1616805000000,55180.4,55355.3,54961.2,54983.7,71.00851796
1616805900000,54984.1,55106.8,54717.5,54737.5,64.08916122
1616806800000,54737.6,54976.7,54737.5,54970.3,30.81253842
1616807700000,54970.2,54970.3,54678.3,54841.6,36.31829333
1616808600000,54841.7,54871.3,54702.2,54803.3,27.16829237
1616809500000,54796.7,54796.7,54561.1,54679.7,35.27890171
1616810400000,54679.6,54845,54616.7,54829.4,25.87816377
1616811300000,54829.4,54888,54642.4,54656.5,26.99315121
1616812200000,54656.4,54833.4,54500.6,54812.7,27.42359974
1616813100000,54812.8,54835.9,54678.6,54737.9,27.4978105
1616814000000,54737.9,54773,54571.2,54571.3,22.50905455
1616814900000,54571.4,54696.8,54571.3,54690.3,17.13840838
1616815800000,54690.4,54780.9,54645.3,54718.7,17.36042566
1616816700000,54718.7,54819.5,54654.9,54763.5,17.79640736
1616817600000,54763.6,54987.2,54660,54968.2,25.40728057
1616818500000,54968.2,55190,54821.5,55156.7,48.09149316
1616819400000,55156.6,55228.2,55066,55135.1,20.33009119
1616820300000,55135.2,55233,54944.8,54962.5,43.9338407
1616821200000,54962.6,55042.6,54767.2,54807.1,23.18647098
1616822100000,54807.1,54907.9,54700.7,54868.8,26.62878947
1616823000000,54868.9,55047.2,54852.3,54995.9,43.557699
1616823900000,54995.8,55336.5,54995.8,55176.5,63.97979739
1616824800000,55176.6,55220.5,55024.5,55024.6,31.39281918
1616825700000,55024.5,55270,55024.5,55162.8,53.07973623
1616826600000,55162.8,55165.7,55062.1,55103.6,21.81091547
1616827500000,55103.6,55174,54965.5,55024.7,24.0223684
1616828400000,55024.7,55071.4,54932.6,55020.4,25.32941582
1616829300000,55020.3,55077.6,54909,55031.9,19.03573714
1616830200000,55031.9,55031.9,54778,54856.2,32.2794672
1616831100000,54856.2,54960,54722.6,54943.4,26.90808643
1616832000000,54943.6,55131.6,54788.7,54882.1,36.22578249
1616832900000,54882.1,55004.2,54762.3,54792.8,24.16182716
1616833800000,54796.3,54881,54666.9,54851.3,24.13833169
1616834700000,54845.8,54953.6,54813,54922.6,13.0087026
1616835600000,54922.7,55003.8,54791.8,54836.5,18.66538257
1616836500000,54836.6,54943.6,54790.5,54871.7,18.4524747
1616837400000,54868.5,54954,54818.1,54893.7,13.50025395
1616838300000,54893.6,55016.6,54842.6,55016.6,22.87891326
1616839200000,55016.5,55100,54944.6,54984.8,22.65861726
1616840100000,54984.7,55006.2,54913.8,54947.6,14.51649125
1616841000000,54947.7,54947.7,54726.3,54830.9,27.39335599
1616841900000,54830.8,54870.4,54676.4,54683,20.52197072
1616842800000,54683,54683,54321.2,54403.2,62.11985658
1616843700000,54403.2,54645,54403.2,54628.1,25.85418937
1616844600000,54628.2,54801.8,54505.6,54591.7,35.06169989
1616845500000,54589.2,54683.2,54429.1,54442.9,27.18207071
1616846400000,54442.9,54582.3,54083.1,54102,61.21474075
1616847300000,54102,54230.3,54000,54137.6,71.84598801
1616848200000,54136.8,54265.5,54050,54151.6,36.08266781
1616849100000,54151.7,54378.4,53967.5,54286.8,46.83504212
1616850000000,54286.7,54407.3,54254.8,54254.8,30.9201965
1616850900000,54254.9,54412,54209.4,54209.4,25.81556115
1616851800000,54215.1,54366.6,54088.6,54088.7,36.00148593
1616852700000,54088.7,54833.2,54074.6,54736.2,68.26426784
1616853600000,54736.2,54741.2,54508.8,54522.4,40.37805664
1616854500000,54522.4,54600,54397.5,54460.4,30.59013855
1616855400000,54460.4,54671.2,54414.1,54568,18.18221706
1616856300000,54566.8,54699,54566.7,54633,24.06775773
1616857200000,54632.9,54782.6,54522.8,54782.6,36.80255273
1616858100000,54782.6,55038,54782.6,54934.8,60.60485046
1616859000000,54934.2,54944.2,54707.6,54782.7,38.71220984
1616859900000,54782.7,54986.9,54775.6,54969.9,32.38755529
1616860800000,54961.5,55736.8,54961.5,55663.9,99.62471393
1616861700000,55658.8,55846.3,55540.6,55542.2,89.47917449
1616862600000,55542.2,55698,55435,55683.8,47.42895043
1616863500000,55683.8,56212.4,55601.8,56171.3,102.51244488
1616864400000,56171.2,56293.4,55969.9,56024.1,73.02806475
1616865300000,56024,56141.9,55861.8,56069.3,54.08726722
1616866200000,56066.9,56159.4,56023.7,56080.2,26.17793104
1616867100000,56087,56115.1,55915.2,56082,38.02358987
1616868000000,56082,56082.1,55771.2,55856.2,26.02817498
1616868900000,55852.4,55966.9,55636.4,55665.5,53.20993566
1616869800000,55661.7,55892.4,55572.1,55575.7,52.43415046
1616870700000,55575.7,55866.5,55575.6,55738.1,35.8357406
1616871600000,55738.1,55889.9,55635.8,55867.8,28.46140904
1616872500000,55867.7,55874.9,55692.1,55788.6,27.55878979
1616873400000,55788.6,55823.9,55656.7,55810.3,24.23448011
1616874300000,55810.3,55840.1,55686.8,55769.5,20.27726809
1616875200000,55763.4,55880,55724,55845.5,31.15361197
1616876100000,55845.5,55908.7,55800,55800,19.72461592
1616877000000,55800,55885.2,55690.6,55812,41.79372097
1616877900000,55814.8,55896.4,55764.8,55867.5,40.90450048
1616878800000,55867.4,55873.5,55749.4,55752.8,16.95091209
1616879700000,55752.8,55787.2,55691,55771.6,19.05988351
1616880600000,55771.7,56054,55771.6,56008.9,35.47297227
1616881500000,56008.8,56628.6,56003.4,56426.9,80.00918057
1616882400000,56426.9,56531.8,56274.5,56292.1,34.00984662
1616883300000,56292.2,56329.7,56114.7,56122.2,31.55652402
1616884200000,56122.3,56292.8,56043.6,56228,48.96387748
1616885100000,56221.5,56400.1,56217.3,56372.1,35.94875796
1616886000000,56372,56461.9,56120.8,56159.4,49.49602187
1616886900000,56159.4,56219.1,55953.1,56117,47.10022542
1616887800000,56117.1,56145.7,56009.4,56009.4,39.58192719
1616888700000,56009.3,56026.7,55715,55820.4,43.20407277
1616889600000,55820.3,55982.5,55720,55844.4,47.299185
1616890500000,55844.5,55859.8,55622.2,55734.2,40.33708101
1616891400000,55734.2,55807.6,55577,55683.3,48.89155639
1616892300000,55683.2,56097.5,55681.5,56021.4,37.34209858
1616893200000,56021.4,56116.8,55890.6,55890.8,35.54351652
1616894100000,55890.7,56023,55780.8,55980.1,33.05482883
1616895000000,55980.1,56175.4,55938.5,56069.6,35.8651353
1616895900000,56069.6,56155.8,56021.7,56074.9,16.09365459
1616896800000,56069.7,56112,55906.5,55971.7,29.1910917
1616897700000,55971.8,56052.9,55773.4,55788.6,25.28523565
1616898600000,55788.6,55899.1,55755.1,55899.1,20.28292847
1616899500000,55899,55929.6,55782.4,55797.7,23.21665968
1616900400000,55803.8,55929.6,55751.3,55838.1,39.91004805
1616901300000,55838.1,56049.9,55838,55914.7,34.39084107
1616902200000,55914.7,56017.1,55901.6,55937.5,16.68136489
1616903100000,55937.6,56154.5,55937.5,56050.3,22.21156266
1616904000000,56050.3,56289.2,56050.2,56191.5,25.81468312
1616904900000,56188.6,56369.9,56181.6,56351.7,34.40376669
1616905800000,56351.8,56490.3,56190,56214.5,43.36101845
1616906700000,56214.5,56268.5,56111.9,56268.5,20.91157674
1616907600000,56268.4,56321.9,56151.9,56157,15.58482348
1616908500000,56157,56400,56112.1,56332.3,23.83636265
1616909400000,56332.3,56391.3,56198.1,56225.8,13.37707178
1616910300000,56225.8,56279,56120.9,56277.2,18.56718282
1616911200000,56274.6,56312.2,56108.1,56116.6,17.80853196
1616912100000,56116.6,56182.9,56067,56083.3,18.42665615
1616913000000,56083.4,56091.5,55854.2,55915.4,19.31611584
1616913900000,55915.4,55975.6,55835,55931.2,18.99638464
1616914800000,55931.1,56037.8,55872.6,55959.2,16.28883499
1616915700000,55959.1,55996.7,55905.4,55995,13.7737341
1616916600000,55999.5,56280,55997.1,56173,33.86247014
1616917500000,56173,56243.7,56118.9,56203.8,21.65100218
1616918400000,56203.8,56256.4,56117,56158,16.72296862
1616919300000,56158,56166.9,55977,56077.9,21.80862551
1616920200000,56077.8,56195.1,56041.9,56101.3,12.08965811
1616921100000,56101.2,56293.3,56092,56293.3,16.67713873
1616922000000,56293.3,56541,56290.1,56392.8,88.10393085
1616922900000,56391,56447.2,56214.1,56224.2,26.72463991
1616923800000,56224.2,56332.3,56204.6,56258.8,17.8993521
1616924700000,56258.7,56320.1,56027.8,56110.2,28.32303709
1616925600000,56113.8,56159,55800,55890.8,78.94730578
1616926500000,55893.4,56021.7,55800,55802.1,42.68944717
1616927400000,55802,55992,55696.1,55969.9,35.17709424
1616928300000,55969.8,56175,55941.3,56096.6,29.82093736
1616929200000,56096.5,56096.6,55890.1,56035.3,23.61877423
1616930100000,56035.3,56053,55920.9,55991.2,14.90090898
1616931000000,55991.2,56061.6,55856.8,55917,20.3918758
1616931900000,55917,55969.8,55780.8,55796.2,36.75110834
1616932800000,55796.2,55995,55578.2,55668.7,49.64596088
1616933700000,55668.8,55751.3,55295.4,55456.5,79.36339126
1616934600000,55456.5,55544.8,55350.4,55485.5,52.47217128
1616935500000,55485.4,55659.1,55424.4,55524.1,27.92178839
1616936400000,55524,55722.8,55468.8,55633.7,26.80682284
1616937300000,55633.7,55807.6,55587.2,55718.4,25.7561208
1616938200000,55718.3,55886.6,55700.5,55811.1,19.84110871
1616939100000,55811.2,55857.8,55647.4,55757.4,22.93521619
1616940000000,55757.3,55757.3,55510.1,55710,28.57768529
1616940900000,55709.9,55716.1,55562.2,55582.9,13.83804926
1616941800000,55582.8,55834.3,55510,55634,37.30751377
1616942700000,55634,55804.9,55613.3,55803.9,20.16169988
1616943600000,55803.8,55826.7,55663.2,55697.8,22.465466
1616944500000,55697.8,56332,55689.4,56217.6,58.48471314
1616945400000,56218.8,56246.8,56097.5,56164.1,27.4797318
1616946300000,56164.1,56385.3,56164,56351.9,36.43807008
1616947200000,56351.9,56477.7,56058,56119,49.48526111
1616948100000,56113.2,56268.1,56022.3,56266.4,37.07193134
1616949000000,56266.5,56348.8,56199.2,56270.5,30.85026631
1616949900000,56270.4,56309.7,56187.3,56270.5,33.84442069
1616950800000,56275.7,56318.9,56117.6,56163.8,31.57609988
1616951700000,56163.9,56205.5,55916.8,56004.4,40.01707263
1616952600000,56004.3,56043.8,55811.9,55949.8,32.17664164
1616953500000,55949.7,56028.1,55849.1,55975,25.76300943
1616954400000,55974.9,55993.4,55650,55747,43.05685255
1616955300000,55747.1,55789.8,55522.6,55606.7,50.77887509
1616956200000,55606.7,55667.5,55465.5,55628,39.76473355
1616957100000,55630.4,55636.5,55172.1,55203.9,71.55029105
1616958000000,55203.9,55272.3,54800,54858.9,88.04707014
1616958900000,54858.8,55113.7,54666.6,54911,102.61961243
1616959800000,54911.1,55181.2,54911.1,55153.8,39.84240517
1616960700000,55153.8,55398.2,55134.2,55208.5,45.4577258
1616961600000,55208.5,55208.5,54887.9,54896.6,57.47080967
1616962500000,54896.5,55184,54771.6,55183.3,41.07518186
1616963400000,55183.3,55206.1,54925,55054.2,24.75939973
1616964300000,55054.2,55141.9,54811.1,54855.2,35.11239329
1616965200000,54856.1,55051.3,54850.2,54859.4,23.57916989
1616966100000,54859.4,55126,54833.8,55017.8,17.15611847
1616967000000,55017.8,55095.7,54946.4,55046.6,15.01493339
1616967900000,55046.6,55333.2,55044.9,55148.1,20.29429715
1616968800000,55148.1,55335.6,55009.3,55335.6,32.02008022
1616969700000,55335.6,55557.4,55200,55515,47.21360859
1616970600000,55513.3,55513.3,55316.8,55316.8,22.21309014
1616971500000,55316.8,55648.5,55316.8,55598.6,23.14764621
1616972400000,55594.9,55725,55515.1,55652.4,35.83612105
1616973300000,55652.5,55740.9,55516.2,55732.7,27.72449099
1616974200000,55732.6,55774.1,55666.8,55688.9,16.01797226
1616975100000,55688.9,55861.8,55620.6,55772.9,35.94762858
1616976000000,55772.8,55868.1,55641,55834.1,37.19147363
1616976900000,55833.1,55935.7,55714.5,55810.1,39.55930705
1616977800000,55810,55851.9,55658.5,55667.7,37.92048293
1616978700000,55667.7,55684.5,55296.1,55400.7,55.10902559
1616979600000,55400.6,55487.9,55028.8,55133.6,56.3444308
1616980500000,55133.7,55242.2,54991.1,55191.9,39.04719346
1616981400000,55191.9,55242.5,55038.3,55092.5,40.63776059
1616982300000,55092.5,55240.2,55037,55240.2,21.17881666
1616983200000,55240.1,55349.4,55166.5,55271.6,33.07109437
1616984100000,55271.5,55513.9,55246,55478.7,50.48124912
1616985000000,55480.6,55508.3,55317.2,55407.3,25.63325268
1616985900000,55411.7,55491.6,55302,55355.8,38.21608782
1616986800000,55355.8,55462.8,55290.5,55418.7,26.63273084
1616987700000,55418.7,55533.3,55361.5,55514.8,22.89621044
1616988600000,55514.8,55537.3,55428.7,55503.1,19.11933932
1616989500000,55503.2,55503.2,55352.3,55370.6,18.15332076
1616990400000,55370.6,55499.5,55134.1,55262.4,41.38700596
1616991300000,55262.4,55282.3,55117.9,55181.1,30.71495712
1616992200000,55181.1,55419.3,55181.1,55303.4,41.34728104
1616993100000,55302.6,55351.9,55198.6,55333.3,33.37332119
1616994000000,55333.4,55421.6,55079.6,55170.8,60.05822302
1616994900000,55170.9,55220.2,55014.7,55064,35.9096278
1616995800000,55064,55088.9,54926.5,55016.2,59.47703472
1616996700000,55016.2,55245.3,54971.9,55056,42.67420734
1616997600000,55056,55315.1,55048,55269.3,75.92096508
1616998500000,55269.4,55351.3,55137.4,55325.4,61.45498322
1616999400000,55325.4,55457,55314.3,55346.1,39.49858353
1617000300000,55346.1,55560.7,55346.1,55390.1,33.99577218
1617001200000,55390.1,55793.7,55369.1,55714.6,49.47283341
1617002100000,55714.5,56119.6,55704.1,55937.4,105.16783909
1617003000000,55937.4,56170.6,55889.6,56088.9,60.4924145
1617003900000,56088.9,56115.5,55904,55912,41.85687811
1617004800000,55912.1,56229.1,55912.1,56180.7,34.07213142
1617005700000,56180.7,56280,56098.9,56267.3,66.35302253
1617006600000,56267.2,56341.4,56186.9,56217.5,39.05530747
1617007500000,56217.5,57242,56217.5,57143.2,191.55777726
1617008400000,57142.3,57420.6,57017.4,57104.6,102.94784212
1617009300000,57104.7,57325.7,57059.2,57298.6,56.74104687
1617010200000,57298.6,57785.6,57214.3,57699.8,97.39201071
1617011100000,57699.8,58219.9,57699.8,57942.2,128.26579223
1617012000000,57942.2,58350.6,57800,58160,97.18993775
1617012900000,58159.9,58261.1,58039.2,58040.8,46.52780397
1617013800000,58040.7,58053.9,57788.2,58030,43.20558171
1617014700000,58029.9,58117.5,57865.4,58014.2,42.23453637
1617015600000,58014.3,58100.1,57840.8,57868.4,38.59456213
1617016500000,57868.4,57887.9,57591.6,57750,36.40110781
1617017400000,57750.1,57953.1,57750.1,57855.2,28.82675304
1617018300000,57855.2,57910.8,57682.6,57851.9,41.09143402
1617019200000,57851.9,58400.5,57798,58181.5,91.76594422
1617020100000,58181.5,58355.8,58044.5,58051.5,56.78311624
1617021000000,58044.7,58153.1,57935.6,58153,39.06626457
1617021900000,58153,58202.5,58028.9,58045.7,35.62108281
1617022800000,58045.5,58164.2,57821.3,57877.5,38.55281583
1617023700000,57877.4,58049.9,57854.1,58049.9,31.40859321
1617024600000,58050,58197,57933.8,58100,43.27005076
1617025500000,58099.9,58099.9,57928.1,57974,43.63391865
1617026400000,57974.1,58110,57848.8,58075,51.76929685
1617027300000,58075,58097.2,57983.4,58023.5,35.7651899
1617028200000,58023.6,58178.6,58010.5,58090.1,32.28697745
1617029100000,58090.1,58154.4,58000,58134.8,33.61409985
1617030000000,58134.7,58180.8,57740.8,57787.7,47.53460322
1617030900000,57787.7,57904.3,57290.2,57498.2,131.85844186
1617031800000,57498.2,57830.9,57498.2,57620.4,68.83741646
1617032700000,57620.3,57893,57617.8,57721.2,62.75372927
1617033600000,57721.2,57845.5,57365.9,57627,53.07544411
1617034500000,57629.8,57666.4,57195.5,57478.4,62.24445491
1617035400000,57478.4,57825,57478.3,57813.8,48.18915943
1617036300000,57813.9,57840.8,57607.5,57624.9,32.42822296
1617037200000,57624.9,58283.8,57585.9,58238.9,70.86151784
1617038100000,58231.9,58238.8,57900,57948.2,58.54002095
1617039000000,57951.3,58083.9,57850,57852.7,73.28068421
1617039900000,57852.6,58002.6,57788.1,57917.3,32.2809825
1617040800000,57917.4,58007.5,57579.7,57746.1,35.84174091
1617041700000,57746.1,57928.5,57644.3,57844.1,34.67011562
1617042600000,57844.1,57883.3,57726.4,57766.8,26.18501072
1617043500000,57766.8,57870.9,57710.2,57812.2,29.39728922
1617044400000,57812.3,57859.3,57661.3,57672.9,25.9943144
1617045300000,57672.9,57773.4,57600.9,57723.9,29.69989355
1617046200000,57724,57750,57554.7,57589,19.86804409
1617047100000,57588.9,57724.9,57385.4,57667.6,44.39503706
1617048000000,57667.7,57733.5,57395.3,57444.7,26.36245809
1617048900000,57444.6,57566.8,57386.4,57430.9,20.35311336
1617049800000,57430.8,57548.1,57332.6,57433,21.56389957
1617050700000,57433.1,57448.5,57094.4,57275.8,31.63642383
1617051600000,57275.8,57556.7,57215.7,57376.4,27.09765232
1617052500000,57376.4,57406.7,57214.1,57406.7,22.53190665
1617053400000,57411.8,57580.1,57349.9,57577.9,28.90973299
1617054300000,57578,57632.1,57508.8,57559.4,26.82415548
1617055200000,57555.8,57888.6,57488.5,57888.6,30.33864942
1617056100000,57888.5,57888.6,57698.4,57747.6,25.19060702
1617057000000,57747.6,57884.5,57623.4,57623.5,16.80642534
1617057900000,57623.4,57819.6,57600,57750.1,33.43127284
1617058800000,57750,57750.1,57572.3,57648.9,18.76992178
1617059700000,57648.8,57674.9,57462.5,57531.2,28.78845508
1617060600000,57538.3,57664.3,57300,57622.5,38.80467726
1617061500000,57622.5,57768.8,57591.9,57628.9,30.29804009
1617062400000,57630.8,57676.1,57419.7,57466.1,34.9921387
1617063300000,57466.2,57703.4,57419.7,57668.9,25.7586073
1617064200000,57668.9,57763.8,57589.7,57763.8,34.3663306
1617065100000,57764.1,57764.1,57532.2,57547.3,49.95533503
1617066000000,57547.3,57606,57425.2,57590.8,42.81441144
1617066900000,57590.9,57590.9,57336.9,57381.1,31.65896715
1617067800000,57381,57429.9,57292.1,57333.1,33.98561539
1617068700000,57333.1,57513.1,57292,57460.5,58.03811465
1617069600000,57460.5,57460.5,57216.6,57288,56.95984914
1617070500000,57288.1,57386.7,57207,57353.8,25.7032523
1617071400000,57352,57450,57206.8,57449.9,31.40198137
1617072300000,57449.9,57449.9,57264.3,57352.5,24.04814969
1617073200000,57349.4,57394.9,57256.4,57311.4,16.20156287
1617074100000,57311.4,57349.5,57220.1,57257.5,18.15141898
1617075000000,57257.4,57312.4,57166.5,57287.5,28.50164461
1617075900000,57288.8,57310.1,57125.4,57183.2,28.93431565
1617076800000,57183.2,57263.5,57072.8,57191.5,31.79232976
1617077700000,57191.6,57449.2,57117.6,57449.2,37.03164407
1617078600000,57449.1,57654.4,57357.7,57605,47.52010904
1617079500000,57605,57848.6,57545.9,57570.5,57.98662318
1617080400000,57570.5,57621.1,57415.5,57448.2,39.96455567
1617081300000,57434.3,57498.6,57400,57470.2,28.67142879
1617082200000,57470.1,57695.7,57416.1,57606,18.96951551
1617083100000,57606,57695.7,57471.4,57665.6,19.19720907
1617084000000,57665.9,57667.3,57510.2,57636,24.53029735
1617084900000,57637,57853.6,57613.3,57781.4,31.59344976
1617085800000,57781.3,57799.9,57693.4,57799.9,21.27892336
1617086700000,57799.9,58272.7,57799.9,58060.7,65.65808207
1617087600000,58060.8,58110.1,57934.1,58009.4,36.96205135
1617088500000,58009.5,58291.2,57966.9,58129.4,44.00070068
1617089400000,58129.4,58207,58058,58160.8,32.72562634
1617090300000,58160.9,58160.9,58000.5,58107.7,31.68128597
1617091200000,58107.7,58190.9,58014,58079.9,20.32404309
1617092100000,58080,58080,57716.6,57898.8,65.19025922
1617093000000,57898.9,57921.5,57774,57911.8,43.21746572
1617093900000,57911.9,58044.8,57845.4,57924.3,36.38936247
1617094800000,57924.2,58091.7,57840.7,57988.3,27.68819638
1617095700000,57988.3,58101.1,57871,58041,25.57144735
1617096600000,58041.1,58777.7,58000.3,58776.6,99.32664211
1617097500000,58776.6,58921.5,58663.6,58862.2,86.63979874
1617098400000,58869.7,59200,58869.7,59121.6,101.56980653
1617099300000,59123.6,59303.3,58965.3,59116.4,81.16819886
1617100200000,59116.5,59128.4,58638.8,58694.9,50.6527365
1617101100000,58695,58955.9,58695,58862.4,37.56834356
1617102000000,58857.2,59104.1,58849.7,59029.1,42.53394156
1617102900000,59029,59029,58900,58991.7,25.77897187
1617103800000,58991.8,59031.5,58892.7,59021.8,36.58821459
1617104700000,59021.9,59246.7,58929.9,59225,36.68433854
1617105600000,59228.9,59351.9,59088.1,59195.4,61.41934974
1617106500000,59195.4,59203.8,59025.6,59059.1,34.69076451
1617107400000,59059,59222,59022,59199.9,41.50758577
1617108300000,59199.9,59203.3,59101.7,59115.4,30.26307873
1617109200000,59115.3,59262.3,58900,58900,70.01427933
1617110100000,58900,59130.8,58837.7,59086.2,37.48362922
1617111000000,59086.2,59104,58925.2,58977.6,47.55093931
1617111900000,58977.7,58984.4,58800.3,58891.8,43.20997899
1617112800000,58891.7,58929.1,58627,58780.3,56.95792075
1617113700000,58780.4,58921.5,58666,58903.6,42.25967359
1617114600000,58897.8,58951.9,58801.4,58934.7,35.27979752
1617115500000,58934.8,58988.3,58820.8,58858.6,33.1331725
1617116400000,58858.6,58928.4,58751,58803,27.79113524
1617117300000,58808.7,58912.3,58749.2,58755.5,25.67171263
1617118200000,58755.4,58783.4,58650,58751.7,40.88988917
1617119100000,58751.6,58751.7,58510.7,58527.6,58.62788855
1617120000000,58527.5,58749,58486.4,58694.4,50.80556504
1617120900000,58694.5,58735.1,58574.7,58682,41.18139854
1617121800000,58682,58728.6,58590.1,58653.1,34.7459479
1617122700000,58653.1,58801.5,58618,58688.8,47.72925429
1617123600000,58688.9,58789.2,58657.7,58703.8,34.45679669
1617124500000,58703.8,58848.9,58691.6,58766.5,25.60568442
1617125400000,58766.5,58850,58758,58759.3,50.48808368
1617126300000,58759.3,58826.4,58671.4,58705,28.92960445
1617127200000,58705,59090,58705,59028.9,43.4391459
1617128100000,59028.9,59070.1,58930.2,58994.2,26.9190195
1617129000000,58994.2,58994.3,58761.7,58866,31.13569468
1617129900000,58864.3,58947.8,58764.8,58830.7,47.56627943
1617130800000,58830.7,58859.9,58720.9,58738.2,25.77607089
1617131700000,58738.1,58863.9,58689.9,58863.9,23.81378513
1617132600000,58865,59027.3,58830.5,58878.4,25.98110636
1617133500000,58878.6,59064.8,58874.3,59064,24.33402049
1617134400000,59063.9,59073.5,58509,58553.2,62.98869142
1617135300000,58553.1,58767.7,58457.1,58514.4,38.70893897
1617136200000,58514.3,58690,58386.6,58663.1,39.69569133
1617137100000,58663.1,58734.2,58606.5,58632.7,23.89439258
1617138000000,58632.7,58712.9,58554.9,58685.7,15.18998895
1617138900000,58685.7,58700.7,58590,58695.6,8.9102595
1617139800000,58695.6,58724.3,58653.2,58673.3,11.63206992
1617140700000,58673.2,58838.6,58610.6,58724.4,19.98891102
1617141600000,58724.5,58855.6,58671,58850.6,31.05511941
1617142500000,58850.6,58892.3,58771.8,58791.9,16.17972219
1617143400000,58791.9,58829.9,58673.1,58719.3,17.92451843
1617144300000,58717.4,58745.3,58618.7,58689,22.33759419
1617145200000,58688.9,58708.9,58550.2,58696.6,23.7704697
1617146100000,58696.6,58724.7,58555,58720,19.32830852
1617147000000,58741.2,58750.9,58551.4,58580.2,20.42209482
1617147900000,58580.2,58760.6,58580.1,58754.6,14.26083267
1617148800000,58753.2,58884.3,58705.2,58858.3,22.87375091
1617149700000,58858.2,58986.5,58664.1,58729.8,49.14531199
1617150600000,58731.8,59029.4,58731.8,58909.4,50.44270027
1617151500000,58909.5,59019.9,58860.3,59000,56.8741957
1617152400000,58999.9,59001.6,58897.2,58913.9,49.40272555
1617153300000,58913.9,58977.3,58754,58964,30.40402301
1617154200000,58963.9,58989,58839.6,58929.5,38.40591808
1617155100000,58921.7,59050,58880,58890.8,31.62584616
1617156000000,58890.7,58899.4,58725,58769.6,36.27356398
1617156900000,58769.6,58907.1,58766,58833.3,27.94616059
1617157800000,58833.2,58866.6,58769.8,58769.9,34.63666897
1617158700000,58769.8,58803.5,58657.5,58657.5,25.98028423
1617159600000,58657.6,58658,58493.5,58613,61.50440274
1617160500000,58613.1,58709.3,58551.7,58566.5,24.82640192
1617161400000,58566.5,58625.6,58429.4,58442.3,37.49731232
1617162300000,58435.3,58608.9,58376.7,58608.8,43.20273856
1617163200000,58608.9,58700.7,58483.6,58695.6,24.25618582
1617164100000,58695.6,58704.5,58592.4,58623.5,22.046876
1617165000000,58623.5,58726.2,58571.5,58627.6,45.15123907
1617165900000,58627.6,58767.2,58622.4,58721.2,23.5259601
1617166800000,58721.3,58721.3,58612.4,58642.6,49.42290204
1617167700000,58642.5,58646.9,58558.9,58583.9,26.72703139
1617168600000,58583.8,58623.2,58544.2,58554.4,21.96223487
1617169500000,58554.3,58724.4,58554.3,58713.4,37.32785863
1617170400000,58713.4,58780.4,58662.4,58709,22.42617005
1617171300000,58709,59429.6,58675.3,59375.5,64.20281124
1617172200000,59375.5,59692.6,59374.6,59581.8,109.24293698
1617173100000,59581.8,59792.5,59459,59700.8,68.82936615
1617174000000,59700.9,59800,59491,59584.8,54.75169654
1617174900000,59584.8,59584.8,59350.1,59370.3,24.66221608
1617175800000,59370.3,59476.3,59297.5,59391,33.96196279
1617176700000,59391,59396.2,57200,58195.3,289.41631791
1617177600000,58197.3,58289.5,56357.5,57793.4,367.29090565
1617178500000,57795.7,57945.5,57649.6,57851.5,125.970916
1617179400000,57843,58157.1,57690.2,57776.3,82.84959367
1617180300000,57785.1,58044.3,57757.6,57996.1,48.16424131
1617181200000,57996,58260.1,57717.7,58157.7,41.5347361
1617182100000,58164,58174.9,57985.5,58061.2,33.5659362
1617183000000,58061.3,58061.3,57856.8,57934.6,30.39677407
1617183900000,57934.7,58024,57809.6,57962.1,29.46856472
1617184800000,57962.2,58077.9,57858.3,57926.3,36.19236866
1617185700000,57926.2,57926.3,57412,57489.9,82.00304526
1617186600000,57489.8,57763.6,57290.1,57683.7,51.58906091
1617187500000,57683.6,57800.5,57565.7,57725.4,32.49040124
1617188400000,57722.7,57915.9,57647.4,57873.3,39.54119417
1617189300000,57873.4,57980.3,57791,57944.7,25.07718334
1617190200000,57944.8,58122.9,57844.4,58029.1,35.76856137
1617191100000,58030.6,58071.4,57960.3,58026.7,24.97866812
1617192000000,58024.5,58024.5,57672.1,57897.8,45.48907546
1617192900000,57897.7,58309.9,57885.5,58129.9,61.72427981
1617193800000,58129.8,58221.6,58037.6,58183.4,38.9614349
1617194700000,58183.3,58208.9,58050,58165.9,26.79209106
1617195600000,58165.9,58237.7,58073.5,58200,29.16080997
1617196500000,58200.1,58570.5,58175.8,58474.4,49.76450186
1617197400000,58474.3,58788.9,58381.4,58654.2,54.99303519
1617198300000,58654.1,58809.2,58425,58613.7,67.99177841
1617199200000,58613.7,58649.4,58398.6,58466,44.41443637
1617200100000,58466.1,58678.1,58454,58549.3,42.45628361
1617201000000,58549.2,58741.3,58524.5,58720.1,41.2577715
1617201900000,58720.1,58789.6,58589.3,58601.8,40.31111874
1617202800000,58601.9,59260.8,58600.8,59162,92.84561771
1617203700000,59167.2,59463.3,59009,59113.2,77.63752258
1617204600000,59113.3,59132.9,58762.9,59024.1,61.52606384
1617205500000,59024.2,59378.1,59015.2,59289.4,60.54428005
1617206400000,59297.2,59620,59144,59258,104.58295617
1617207300000,59258,59336.3,59102.1,59320.5,42.54951285
1617208200000,59320.9,59401.8,59077.1,59136.4,48.38697888
1617209100000,59136.3,59159.6,58796,58997.5,61.25199575
1617210000000,58997.5,59147.4,58945.4,59114,30.44138837
1617210900000,59114,59148.7,58893.7,58935.8,34.05500586
1617211800000,58938.8,59192.1,58938.8,59167.9,28.47498841
1617212700000,59163.2,59258.2,59073.6,59239.8,33.75034109
1617213600000,59240.7,59464.8,59167.1,59181,62.34211852
1617214500000,59181.1,59376.7,59179.8,59373.2,44.18212831
1617215400000,59373.2,59575.9,59331.9,59332,62.95996234
1617216300000,59331.9,59461.5,59262.6,59296.5,39.26141797
1617217200000,59296.5,59485.9,59296.5,59485.7,37.74430827
1617218100000,59485.7,59557.4,59369.7,59470,35.08127482
1617219000000,59470.1,59550,58777,59092.1,104.50364932
1617219900000,59095.5,59173.8,58483,58575.1,74.05424631
1617220800000,58575,58770,58363.2,58487.6,105.51719862
1617221700000,58490.1,58951.2,58482.2,58951.2,59.53404118
1617222600000,58951.2,59072.9,58848,58988.6,79.15643812
1617223500000,58988.6,59123.7,58917.2,58965.9,34.37861851
1617224400000,58969.2,59080.7,58883.4,58883.4,18.64360304
1617225300000,58883.4,59023.3,58860,58872.2,24.33663887
1617226200000,58872.2,59276.7,58723.1,58832.3,49.74861362
1617227100000,58832.3,58972.1,58717.5,58944.6,32.77197781
1617228000000,58944.6,58998.4,58726.3,58762.9,36.35399785
1617228900000,58762.9,58857.4,58594.2,58707.2,23.27296469
1617229800000,58706.3,58842.3,58582.5,58683.6,39.26996667
1617230700000,58683.6,58810.3,58589.8,58622.9,21.99371218
1617231600000,58623,58772.2,58554,58687.5,26.94865018
1617232500000,58687.6,58857,58553.9,58836.8,30.58580701
1617233400000,58836.7,58901,58739.5,58795.5,15.639067
1617234300000,58795.5,58869.3,58662.7,58745.9,17.97689105
1617235200000,58745.5,59084.6,58730.8,58972.5,40.89789586
1617236100000,58972.5,59010.2,58867,58913.2,22.9390597
1617237000000,58913.1,59072.7,58913.1,59014.1,24.12354529
1617237900000,59014.2,59236.7,59009.4,59223.7,31.10001792
1617238800000,59223.7,59306,59120,59230.3,30.31899698
1617239700000,59230.3,59312.5,59075.9,59129,35.93042128
1617240600000,59129.1,59157.8,58927.1,59000.1,23.24348534
1617241500000,59000,59229.5,58975,59147.5,18.2249649
1617242400000,59145.8,59292.5,59143.8,59165.4,19.04332718
1617243300000,59165.4,59298.3,59053,59072.7,20.74763734
1617244200000,59072.7,59201.7,59044.1,59102.6,15.93300433
1617245100000,59102.5,59157.8,59048.2,59080.6,17.49436827
1617246000000,59080.6,59080.6,58955.3,59044.8,18.72528456
1617246900000,59047.6,59156.9,58970.5,58992.4,23.98235962
1617247800000,58992.4,59081.4,58984.4,59068.8,18.10287673
1617248700000,59068.8,59107.8,58942.6,59107.8,30.6044731
1617249600000,59107.8,59172.2,58997.8,59109.1,16.90694663
1617250500000,59109.2,59226.6,59066.4,59090.9,17.7151736
1617251400000,59090.9,59149.6,59039.2,59057.2,12.91372303
1617252300000,59057.1,59057.2,58634.8,58878.4,53.01294746
1617253200000,58878.4,58963.6,58784.3,58813.8,23.46032901
1617254100000,58804.9,58880.5,58688.4,58854.4,24.94088043
1617255000000,58854.4,58973,58806.3,58858.6,19.15902313
1617255900000,58858.6,58922,58758.4,58771.3,16.45514647
1617256800000,58771.3,58951,58771.3,58951,17.25838886
1617257700000,58951,59023.7,58859,58914.9,23.12627565
1617258600000,58915,59011.7,58867.5,58914.9,17.47441173
1617259500000,58915,58988.9,58657.4,58726.4,24.92596469
1617260400000,58726.5,58748.4,58510,58673.7,38.78909494
1617261300000,58673.7,58927.3,58672.6,58883.9,30.571701
1617262200000,58883.8,58919.9,58765.9,58769.4,16.87075384
1617263100000,58769.4,58930,58652.5,58821,21.19076145
1617264000000,58817.4,59100,58817.3,59065.3,26.71008343
1617264900000,59065.2,59487.1,58999.9,59333.4,48.38900972
1617265800000,59333.4,59361.7,59154.3,59193.5,31.19858024
1617266700000,59193.6,59244.8,58572.4,58840.7,73.42910368
1617267600000,58840.7,59258.8,58829,59148.1,33.91861689
1617268500000,59147.7,59166.5,58919.6,59002.1,32.02437312
1617269400000,59002.1,59002.1,58783.7,58883.7,24.34280507
1617270300000,58883.7,58945.4,58722.8,58819.8,24.28141638
1617271200000,58819.9,58959.1,58728.7,58798.3,20.52010479
1617272100000,58798.3,58798.3,58673.4,58704.5,32.06082983
1617273000000,58704.6,58828,58510.7,58732.1,57.91241433
1617273900000,58732,58803.9,58532,58633.2,27.05016775
1617274800000,58633.2,58634.2,57879,58438,77.91317541
1617275700000,58429.8,58429.8,58157.2,58378.6,45.50296213
1617276600000,58378.6,58584,58317.3,58583.9,34.86604344
1617277500000,58583.9,58700.7,58482.9,58582.8,37.8041
1617278400000,58582.7,58719.4,58381.4,58608.6,54.67961371
1617279300000,58608.6,58700.1,58513.8,58685.4,24.03406628
1617280200000,58685.5,58685.5,58466,58473,27.70298902
1617281100000,58472.9,58734.6,58464.9,58734.5,25.71784337
1617282000000,58734.6,59081,58716.7,58890.1,46.09546364
1617282900000,58890,58953.1,58796.1,58923.6,36.95510269
1617283800000,58923.5,59095.6,58844.7,58991.6,38.82778856
1617284700000,58991.5,59067.2,58885.6,58923.7,28.29796127
1617285600000,58923.7,58962.3,58778.9,58880,40.94325235
1617286500000,58873.9,59081.5,58873.9,58988.6,29.19220975
1617287400000,58988.6,59025.1,58874.8,58969.3,31.45037137
1617288300000,58969.3,59027.4,58851.9,58994.6,36.32561895
1617289200000,58996.5,59093.1,58942.3,59001.2,31.87791172
1617290100000,59001.3,59275.9,58970.5,59071.9,46.55916128
1617291000000,59071.9,59177.2,58953.4,59008.7,25.02380664
1617291900000,59008.7,59060.8,58958.2,58972.6,20.23945078
1617292800000,58972.7,59144.2,58750,58960.1,36.21994163
1617293700000,58960,59011.6,58770.9,58826.9,29.59490764
1617294600000,58826.9,58880.7,58662.3,58697.7,32.66741126
1617295500000,58695.4,58788.3,58695.3,58760.6,34.43077568
1617296400000,58760.3,58821.2,58633.5,58735.4,40.45912513
1617297300000,58735.5,58811.7,58600,58695.1,29.43479238
1617298200000,58698.4,58734,58531.2,58592.8,30.52658587
1617299100000,58592.9,58625.9,58333,58494.1,62.81733364
1617300000000,58494.2,58526.7,58326.8,58326.8,61.32891592
1617300900000,58326.6,58688.7,57913.9,58620.6,121.65755027
1617301800000,58620.7,58767.9,58509.5,58588.1,65.05831616
1617302700000,58594.7,58782.3,58539.4,58707.4,65.70581092
1617303600000,58708,58872,58588.6,58868.4,46.45280451
1617304500000,58868.4,58892.6,58648.6,58691.8,59.4431556
1617305400000,58684.4,58880.3,58673.8,58847.9,28.25034188
1617306300000,58847.9,58947,58801.4,58913.2,44.55695164
1617307200000,58914.6,58954,58817.1,58923.8,57.26119282
1617308100000,58923.8,59004.6,58658.7,58899.1,51.23313252
1617309000000,58899.1,59000,58867,58919.9,23.66432907
1617309900000,58920,58999.9,58787.3,58856.2,19.60877002
1617310800000,58856.1,58911.7,58750,58857.4,19.75093976
1617311700000,58857.5,58857.5,58684,58698.2,12.78636633
1617312600000,58698.3,58788,58558.1,58560.3,31.20558093
1617313500000,58560.3,58770.9,58560.2,58748.2,41.25896613
1617314400000,58749.6,58915,58592,58847.6,26.08007253
1617315300000,58847.6,58966.7,58757.7,58864.9,30.45926529
1617316200000,58864.9,59000,58864.9,58987.3,27.51541544
1617317100000,58987.4,59031.4,58877.1,59007,21.76080838
1617318000000,59007,59050,58870.9,58909,29.50191318
1617318900000,58909.1,58944.4,58841,58892.1,11.96195767
1617319800000,58892.2,58901.9,58829.3,58886.6,15.63871005
1617320700000,58886.5,58888.5,58721.8,58735.7,17.66035292
1617321600000,58735.7,58881.5,58625.5,58807.7,28.38626877
1617322500000,58807.6,58869.7,58587.3,58676.1,33.77906522
1617323400000,58676.1,58757.9,58574.4,58604.5,32.83743142
1617324300000,58604.5,58650.3,58470.3,58643,31.76529933
1617325200000,58643,58825,58643,58817.5,29.36144733
1617326100000,58817.5,58842.7,58729.8,58829.6,17.94956248
1617327000000,58829.6,59000,58829.5,58962.9,19.20449116
1617327900000,58962.8,59023.7,58835.1,58883,34.51041841
1617328800000,58890.9,59223.7,58864.7,59209.4,26.08984193
1617329700000,59209.4,59574,59117.3,59483.3,69.55664563
1617330600000,59483.2,60179.1,59483.2,59983.2,162.12536438
1617331500000,59983.3,60118.1,59250,59732.3,100.60419312
1617332400000,59730,60035,59644.1,59740.9,65.1919057
1617333300000,59740.8,59947,59636.8,59823.3,45.48700561
1617334200000,59823.3,59860,59654.6,59774.5,25.54127405
1617335100000,59774.5,59874.2,59627.9,59874.2,25.21824734
1617336000000,59877.7,60043.5,59681.3,59714.4,26.17455375
1617336900000,59714.4,59780.5,59554,59626.4,27.15025003
1617337800000,59626.5,59711.1,59615.3,59618.5,19.06418379
1617338700000,59618.5,59696.5,59428.2,59565.3,26.07445415
1617339600000,59565.4,59677,59399.1,59477,26.15006434
1617340500000,59476.9,59611.7,59408.1,59551.3,18.71979071
1617341400000,59551.3,59625.8,59464.4,59497.2,21.67910578
1617342300000,59497.2,59625.3,59497.2,59549.6,15.63122776
1617343200000,59561.1,59716.9,59359,59519.8,40.23632916
1617344100000,59519.7,59570.3,59438.2,59492.6,14.22296999
1617345000000,59492.7,59492.7,59320,59453.4,17.48647285
1617345900000,59453.4,59630.5,59453.4,59526.4,24.83977411
1617346800000,59526.4,59717.9,59526.4,59625.6,16.76699107
1617347700000,59625.7,59731.1,59590.7,59721,13.38458532
1617348600000,59721,59735,59477.4,59535.6,13.64250652
1617349500000,59535.6,59583.5,59424,59424,15.6550215
1617350400000,59422.3,59645.9,59422.3,59438.6,18.37492028
1617351300000,59451.3,59586.4,59432.3,59534.9,17.10400943
1617352200000,59535,59604.1,59432.2,59511,14.27025733
1617353100000,59511,59550,59429.1,59483.3,15.56043358
1617354000000,59483.2,59500,59347.3,59357.2,17.2626304
1617354900000,59357.2,59468,59217.7,59456.3,22.30869944
1617355800000,59456.3,59619,59432.1,59596.5,13.65172898
1617356700000,59596.5,59679.4,59579.8,59613.2,11.42019632
1617357600000,59613.3,59613.3,59444.3,59460,12.4096596
1617358500000,59459.9,59631.6,59459.9,59605.1,14.54321264
1617359400000,59605,59640.3,59526.4,59588.8,18.16365364
1617360300000,59590.2,59640.4,59477.8,59602.4,12.85396932
1617361200000,59602.4,59654.4,59519.2,59555.9,12.84681251
1617362100000,59555.9,59630.2,59453.5,59517.1,14.64567232
1617363000000,59516.9,59567.6,59419.1,59524.4,18.20349232
1617363900000,59524.3,59573.3,59476.9,59543,13.36896192
1617364800000,59543.1,59591.7,59200,59281.6,22.31485031
1617365700000,59281.7,59428.3,59267.2,59380.8,17.8499455
1617366600000,59380.9,59490.6,59355.3,59406.7,12.68356508
1617367500000,59406.7,59492.3,59369.9,59485.9,12.29931377
1617368400000,59486,59504.8,59262.9,59358.1,19.76910312
1617369300000,59358.1,59378.2,59209.6,59297.4,22.11512637
1617370200000,59297.4,59297.5,58965.2,59158.5,45.16906258
1617371100000,59158.3,59220.5,59050,59216.3,24.61515329
1617372000000,59216.3,59334.5,59097.5,59260.2,34.8617847
1617372900000,59260.2,59268.7,59138.2,59138.3,17.53888198
1617373800000,59138.3,59314.5,59054.1,59279.2,25.66617505
1617374700000,59279.3,59376.4,59231.7,59367,25.32430567
1617375600000,59367,59626.7,59359.9,59544.2,43.96531576
1617376500000,59553.1,59607.3,59468,59542.3,27.67633174
1617377400000,59542.4,59591.3,59401.1,59451.9,14.70948233
1617378300000,59451.9,59510,59371.2,59473.5,24.16818795
1617379200000,59484.1,59606.7,59388,59405.1,22.6844561
1617380100000,59405.2,59433.3,59268.8,59350,24.06393814
1617381000000,59349.9,59420.5,59270,59369.3,26.51017329
1617381900000,59369.4,59369.4,59174,59268.2,43.18005215
1617382800000,59269.4,59277.9,59103.3,59106.7,34.11628139
1617383700000,59106.7,59214.5,59100,59134.9,25.00434492
1617384600000,59134.8,59210,59100,59148.1,19.93732151
1617385500000,59148.1,59227,59096.7,59187.4,26.15246753
1617386400000,59187.3,59275.9,59090.1,59275.8,13.49945506
1617387300000,59275.9,59290.1,59153.5,59164.2,31.1371943
1617388200000,59164.2,59200.1,59109.2,59150.3,21.73693483
1617389100000,59150.3,59150.4,59011.9,59090.9,18.91783549
1617390000000,59090.9,59090.9,58565.9,58820.9,72.52060785
1617390900000,58820.8,58911.5,58753.9,58845.3,42.91303537
1617391800000,58845.4,58974,58758.2,58953.6,26.27627549
1617392700000,58953.6,58971.6,58815,58845.7,16.00169465
1617393600000,58848.9,58938.4,58766.7,58926.2,42.27848994
1617394500000,58926.1,58940.5,58760.1,58767.9,16.95294208
1617395400000,58762.3,58914.1,58692.3,58774.7,18.15420203
1617396300000,58774.7,58805.7,58578.3,58683,27.46783633
1617397200000,58683,58683,58465.6,58580.8,25.5453998
1617398100000,58580.7,58750,58460.7,58718.4,23.03590195
1617399000000,58718.4,58877.7,58694.3,58877,15.46419317
1617399900000,58877.1,58883.8,58742.6,58751.2,23.43272231
1617400800000,58751.2,58877.8,58653.5,58862.2,15.21899041
1617401700000,58862.2,58879.5,58804.5,58843.8,20.21914638
1617402600000,58843.8,58870.6,58756.9,58819,22.38435123
1617403500000,58819.1,58911,58807,58819.6,17.46332752
1617404400000,58819.6,58894.8,58770.8,58770.8,17.66736077
1617405300000,58770.8,59145,58741.1,59117.8,30.21734975
1617406200000,59117.8,59200,59016.2,59027.2,37.33538122
1617407100000,59027.2,59056,58955.7,58963.6,14.07297224
1617408000000,58963.6,59247.9,58863.5,59234.9,49.43352869
1617408900000,59234.9,59442.3,59193,59236.1,38.02841254
1617409800000,59236,59291.7,59122.2,59240,23.95623552
1617410700000,59240,59450,59203.9,59394.1,22.54482814
1617411600000,59393.7,59398.6,59236.9,59324.2,27.45470677
1617412500000,59324.2,59375.8,59220,59229.4,18.73002904
1617413400000,59229.3,59278.5,59067.7,59129.5,23.682656
1617414300000,59129.5,59266.5,59009.4,59264.9,20.49852371
1617415200000,59264.8,59322.4,59131.2,59229.9,15.49631154
1617416100000,59229.9,59320,59172,59253.8,23.61436117
1617417000000,59248.6,59291.6,59172.8,59269.7,17.46221041
1617417900000,59269.6,59399.6,59242.9,59398.3,16.95685303
1617418800000,59399.9,59424.5,59326,59368.4,14.52301844
1617419700000,59368.4,59368.5,59259.1,59290,14.52919271
1617420600000,59289.9,59292,59167.6,59183.6,13.45808707
1617421500000,59184.9,59266.7,59174.9,59222,19.16686915
1617422400000,59222,59278.1,59199.4,59268.9,12.17268083
1617423300000,59268.8,59337.5,59266.7,59306.3,10.95777108
1617424200000,59306.3,59383.3,59272.3,59338.1,21.2408809
1617425100000,59338.1,59449.9,59338.1,59398,22.17219065
1617426000000,59397.9,59426.1,59332.6,59426,19.55739049
1617426900000,59426.1,59539.3,59394.9,59394.9,18.58254651
1617427800000,59394.9,59521.1,59330.3,59448.4,15.25498202
1617428700000,59448.5,59485.3,59408,59461.2,13.66466115
1617429600000,59461.2,59518.3,59358.8,59386.9,15.59162013
1617430500000,59386.9,59416.1,59300,59326.6,22.59114587
1617431400000,59326.6,59339.6,59192.3,59314,33.28780138
1617432300000,59311,59424.2,59300.4,59415.8,15.50162746
1617433200000,59415.9,59443.6,59321.9,59332.8,10.84219114
1617434100000,59332.1,59380.2,59282.8,59368.7,10.41317763
1617435000000,59368.7,59400,59342.4,59388.6,11.05610908
1617435900000,59388.7,59388.7,59287.7,59289.7,9.69578943
1617436800000,59289.7,59795,59289.7,59688.7,32.30639332
1617437700000,59688.6,59743.8,59456.6,59489.9,23.42063242
1617438600000,59489.9,59527.7,58773.1,58954.5,47.69248844
1617439500000,58954.4,59140.5,58834.5,59040.6,21.23410578
1617440400000,59040.6,59129.5,58814.4,59129.5,18.1029957
1617441300000,59129.4,59200,59073.7,59188,12.94097861
1617442200000,59190.8,59228.6,59151,59179.4,14.38688181
1617443100000,59179.4,59421.7,59120,59420.4,12.82332065
1617444000000,59420.3,59503,59402.5,59475,22.10970528
1617444900000,59475.1,59700,59475,59570.4,28.46001985
1617445800000,59570.5,59619.9,59483,59531.1,24.48763481
1617446700000,59531.1,59566.6,59350.1,59350.1,13.08210844
1617447600000,59350.1,59458.2,59347.2,59417.2,17.76415293
1617448500000,59417.2,59432.4,59259,59291.5,16.27863935
1617449400000,59291.5,59418.3,59275.6,59366,19.64527541
1617450300000,59366,59378.8,59196.4,59263,13.27987128
1617451200000,59261,59380,59150,59380,17.77444874
1617452100000,59380,59395.5,59249.6,59292.1,13.26553641
1617453000000,59292.2,59322.8,59210.8,59222.1,13.56324936
1617453900000,59220.6,59300,59206.2,59266.9,12.13064148
1617454800000,59266.9,59312.5,59173,59295.1,15.15559318
1617455700000,59295.2,59395.2,59273.9,59393,20.95940896
1617456600000,59393,59446.7,59338.3,59341.7,20.86403669
1617457500000,59341.7,59417.2,59341.7,59417.1,18.95133785
1617458400000,59417.1,59449.9,59305.1,59305.1,14.83398364
1617459300000,59305.2,59368,59283.9,59315.4,23.53413773
1617460200000,59315.4,59379.9,59275.1,59275.1,22.08492275
1617461100000,59275.2,59321.6,59136,59145.2,23.92006891
1617462000000,59145.1,59248.5,59013.5,59078.5,24.96608538
1617462900000,59083.8,59181.7,59047.3,59047.4,18.04499585
1617463800000,59047.3,59171.5,59002.4,59151.8,24.5570452
1617464700000,59151.8,59180.8,58763.7,58819,33.52231618
1617465600000,58819,59004.6,58601.1,58948.2,78.47943727
1617466500000,58948.1,59138.1,58921.5,59037.4,26.33398871
1617467400000,59037.4,59102,58965.5,58965.5,15.97726875
1617468300000,58965.5,59032.7,58699.4,58797.4,26.77029721
1617469200000,58797.5,58797.8,58533.2,58724.4,35.86720843
1617470100000,58724.4,58724.4,58208.7,58488.5,77.7636679
1617471000000,58488.4,58656.2,58298.7,58468,51.55863165
1617471900000,58468.1,58545.8,58169.6,58217.7,38.48275519
1617472800000,58216.8,58345.4,57222,58170.6,139.90206939
1617473700000,58170.7,58407.3,58119.5,58405.9,40.79545476
1617474600000,58405.9,58477.1,58287.4,58345.9,21.15788848
1617475500000,58346,58456.7,58223.1,58456,25.28807188
1617476400000,58456.1,58731.6,58369.6,58566.5,22.69414882
1617477300000,58573.7,58585.5,58464,58472.6,16.96989904
1617478200000,58475.9,58477.5,58177.3,58301.5,28.52603899
1617479100000,58301.4,58594.1,58252,58594,18.09120084
1617480000000,58594,58594.1,58281.3,58342.1,15.41566318
1617480900000,58342.2,58421.9,58204.3,58338.7,16.29509713
1617481800000,58338.7,58457.2,58194.4,58194.4,16.26905439
1617482700000,58194.4,58240,57862.6,58049.1,33.34616949
1617483600000,58049,58204.6,57932.9,57939.2,26.03844267
1617484500000,57939.1,58127.8,57600,58075.2,36.70433622
1617485400000,58075.3,58268.4,57977.7,57985.6,29.23011521
1617486300000,57985.6,58079.2,57504.1,57624.8,70.8876466
1617487200000,57624.6,57624.7,57250,57562.2,62.05469075
1617488100000,57562.1,57775.6,57405.5,57405.6,28.5691716
1617489000000,57405.6,57456.9,57095.1,57448.8,45.62263406
1617489900000,57448.7,57636.6,57433.2,57558.4,18.60819088
1617490800000,57558.4,57700.8,57367.9,57619.8,21.29284084
1617491700000,57619.8,57793.8,57576,57664.5,22.64396096
1617492600000,57664.6,57664.6,56721.2,57183.7,84.0100792
1617493500000,57183.8,57193.8,56964.5,57058.3,42.28357322
1617494400000,57052.5,57052.5,56501,56840.7,106.15642581
1617495300000,56848.8,57120.5,56703.1,57091.4,45.47748945
1617496200000,57091.4,57165.1,56879.9,57165.1,21.24791084
1617497100000,57165.1,57224.6,56609.8,56638.6,35.5700679
1617498000000,56638.6,56823.3,56432.6,56823.3,60.35372468
1617498900000,56823.4,57050,56693.5,56987.7,43.98550442
1617499800000,56979.3,57038.4,56780.8,56926.7,21.43419737
1617500700000,56926.7,57121.5,56801.3,56934,28.87246707
1617501600000,56934,57140,56934,57130,19.61551954
1617502500000,57130,57439.3,57118.2,57339.9,27.87584422
1617503400000,57339.9,57386.7,57250.2,57373.3,16.04122141
1617504300000,57373.4,57409.4,57253.8,57375.8,23.39865944
1617505200000,57375.7,57479,57286.2,57377.9,27.28359228
1617506100000,57377.9,57377.9,57197.5,57267.8,23.5735776
1617507000000,57267.8,57394.3,57234.3,57322.4,17.67753023
1617507900000,57322.4,57577.2,57285,57505.3,27.8206917
1617508800000,57501.2,57672.4,57464.8,57479.7,24.61685087
1617509700000,57479.8,57604.7,57432.7,57491.7,15.53731743
1617510600000,57491.7,57509.7,57380.2,57446,18.66362284
1617511500000,57446.1,57581.2,57446,57546.4,23.22934275
1617512400000,57546.4,57643.3,57504.2,57546.2,15.64551933
1617513300000,57550.3,57598.8,57459.1,57475.6,16.53715229
1617514200000,57475.7,57477.5,57305.9,57464.8,20.47931694
1617515100000,57464.9,57571.3,57414.8,57475.8,11.74449814
1617516000000,57475.8,57541.9,57269.9,57286.9,17.38175855
1617516900000,57286.9,57325.4,57134.4,57325.3,17.31185425
1617517800000,57325.4,57428.5,57280.5,57288.9,15.86170773
1617518700000,57288.8,57436.3,57235.5,57431.4,13.48887394
1617519600000,57431.4,57504.8,57343.4,57456.5,15.94803613
1617520500000,57456.6,57500.3,57392,57414.7,12.55500954
1617521400000,57414.7,57467.5,57302.7,57307.4,13.26271645
1617522300000,57307.3,57610.6,57259,57610.6,18.20788081
1617523200000,57610.6,57680,57428,57487.5,20.69733614
1617524100000,57487.5,57566.7,57468.2,57557.5,15.42688052
1617525000000,57557.6,57615.2,57505.4,57529.3,11.96843485
1617525900000,57529.2,57548.9,57421.8,57424.8,10.59770607
1617526800000,57424.9,57610.5,57424.9,57580.2,9.57511257
1617527700000,57586.9,57689.5,57485.6,57493,12.78698746
1617528600000,57493,57657.3,57492.9,57657.3,9.16282645
1617529500000,57657.4,57692.3,57616.7,57680.8,12.71109209
1617530400000,57680.8,57770.6,57559.5,57564.4,13.36480589
1617531300000,57564.5,57620.6,57558.3,57617.8,10.05423373
1617532200000,57617.7,57664.7,57530.8,57565.3,13.56522279
1617533100000,57565.3,57723.8,57556.9,57706.9,12.76951864
1617534000000,57706.8,57742.1,57577,57645.9,14.50568327
1617534900000,57645.9,57709.8,57599.9,57614.9,15.98279152
1617535800000,57614.9,57681.5,57368.7,57368.8,16.84378488
1617536700000,57368.8,57486.3,57149.7,57271.6,27.50067488
1617537600000,57271.5,57706.3,57014.5,57649.4,39.15074645
1617538500000,57649.3,57890.1,57573.4,57725,24.40722224
1617539400000,57725.1,57880.6,57710.7,57866.3,16.28715263
1617540300000,57866.2,57956.6,57738.2,57750.7,20.80134964
1617541200000,57750.7,57918.2,57750.7,57878.5,19.85882562
1617542100000,57878.5,58146.4,57878.4,58061.5,25.14283532
1617543000000,58061.5,58150.3,57961.4,57974.7,22.67274758
1617543900000,57974.7,58158.8,57974.7,58123.1,19.46689183
1617544800000,58123.1,58291.8,58123.1,58148.1,18.60812203
1617545700000,58148.1,58176.6,58071.2,58134.6,17.30555597
1617546600000,58134.7,58177.7,58028.1,58049.7,20.68976462
1617547500000,58049.7,58127.5,58043.5,58127.5,17.53701677
1617548400000,58127.5,58219.2,58050,58166.7,26.01446031
1617549300000,58166.8,58481.2,58166.7,58370,28.12978016
1617550200000,58370,58438.8,57756.4,57996.6,50.38721714
1617551100000,57995.8,58130.8,57840,57919.7,25.32856351
1617552000000,57919.8,58044.8,57697.8,58008.2,27.46093635
1617552900000,58008.2,58008.3,57829.8,57861,19.13885098
1617553800000,57873.7,57996.2,57873.6,57932,16.98578929
1617554700000,57932.1,58085.3,57932,58028.2,17.24842397
1617555600000,58028.1,58158.3,58028.1,58109.2,18.49277767
1617556500000,58109.3,58213.2,58072.1,58207.9,20.712501
1617557400000,58207.9,58266,58121.9,58174.3,22.19345081
1617558300000,58174.4,58207.4,58099,58186.5,16.77742602
1617559200000,58186.6,58252,58119.5,58155.1,15.90421153
1617560100000,58155.1,58217.1,58123.1,58123.1,15.48513465
1617561000000,58123.1,58148.9,57968.7,57993,19.27686362
1617561900000,57993.3,58108.8,57980.2,58102.9,17.87719246
1617562800000,58102.9,58163.8,58050.5,58055,21.58898674
1617563700000,58055,58112.2,57835.8,57835.8,19.54062964
1617564600000,57835.8,57870,57759.6,57853.2,15.58037324
1617565500000,57853.2,57956.8,57849.7,57954.8,15.14932775
1617566400000,57954.8,58006.4,57872,57976.2,21.74569968
1617567300000,57976.2,58045.4,57840.4,57840.4,22.27108282
1617568200000,57840.4,57978.6,57830.6,57957.2,24.73999284
1617569100000,57957.1,58047.4,57910.3,58022.6,27.45843853
1617570000000,58022.6,58066.4,57979.5,58061.6,19.02675654
1617570900000,58061.6,58154.1,57973.1,57995,25.68044971
1617571800000,57995,58086.7,57994.9,58086.6,13.56723234
1617572700000,58086.7,58179.3,58056.8,58117.3,22.37845486
1617573600000,58117.4,58117.4,57894.1,57894.2,27.15849437
1617574500000,57894.2,58179.9,57894.1,58169.4,16.42819466
1617575400000,58169.5,58194.4,58103.8,58136.3,24.32071142
1617576300000,58136.3,58170.1,58088.8,58119.2,15.20681319
1617577200000,58120,58191.3,58103,58181,18.54355262
1617578100000,58181.1,58248.1,58123.9,58175,16.68026662
1617579000000,58174.9,58212.8,58148.5,58158.3,16.12287764
1617579900000,58158.3,58300.4,58149.9,58201.4,22.2475822
1617580800000,58201.4,58375,58000,58033,34.27561451
1617581700000,58033,58235.7,58033,58162.2,39.86392599
1617582600000,58162.1,58162.2,57946.6,57960.2,39.65955046
1617583500000,57960.2,58078.3,57900,57901.8,26.14045828
1617584400000,57903.5,57903.9,57652.9,57780,33.71064533
1617585300000,57780,57835.5,57601.8,57804.5,30.31567062
1617586200000,57804.5,57882.2,57717.8,57807.7,19.41951243
1617587100000,57807.7,57810.9,57683,57783.3,21.55307097
1617588000000,57783.5,57783.6,57442.9,57679.8,40.11565542
1617588900000,57680,57711.7,57547.8,57631.2,21.45101214
1617589800000,57631.3,57799.5,57598.3,57692.1,22.46646888
1617590700000,57692.2,57698.8,57549,57596.9,18.49521254
1617591600000,57596.8,57708.1,57480.2,57646.5,22.42952411
1617592500000,57646.4,57712.8,57583.3,57712.7,17.99981344
1617593400000,57712.7,57718.2,57566.4,57655,23.69937423
1617594300000,57658,57658,57323.5,57469.2,29.1058425
1617595200000,57469.3,57600.9,57273.4,57453.3,30.1934916
1617596100000,57453.3,57592.1,57338.1,57590.5,19.69554169
1617597000000,57590.8,57590.8,57455.4,57579.9,15.22268068
1617597900000,57579.9,57598.8,57280.8,57280.8,19.71789715
1617598800000,57280.8,57353.8,57155.3,57180,28.80738037
1617599700000,57180.2,57216.6,56964.2,57155.2,50.91659864
1617600600000,57148.2,57241.5,57125,57241.5,16.81707119
1617601500000,57244,57244,56862.5,56902.8,38.01360139
1617602400000,56899.9,57114.3,56501,57013.2,58.46337273
1617603300000,57017.9,57130.9,56814.1,57129.8,32.95539728
1617604200000,57133.2,57300,57092.1,57300,21.09068548
1617605100000,57300,57300,57139.7,57139.9,24.0983641
1617606000000,57139.8,57355.1,57014,57292.1,30.71785528
1617606900000,57292,57292,57159.5,57161.1,13.50193898
1617607800000,57161.1,57212.3,56981.3,57141,24.64156694
1617608700000,57141.7,57300,57126.8,57260.3,23.21842329
1617609600000,57260.3,57345.3,57096.4,57140.5,20.37836473
1617610500000,57140.4,57160,56752.5,56964.3,33.95519276
1617611400000,56964.3,57110.9,56964.2,57071.8,14.93345794
1617612300000,57071.8,57190.3,57051.5,57151.8,14.05417249
1617613200000,57150.1,57246.4,56970.4,57231.8,21.846176
1617614100000,57231.7,57461.7,57192.8,57439.5,24.85159542
1617615000000,57439.5,57444.1,57350,57375.4,21.12080981
1617615900000,57375.4,57540.4,57354.5,57538.4,21.79036418
1617616800000,57538.5,57541.1,57438.6,57454.7,15.67962691
1617617700000,57454.7,57464.6,57400,57425.8,15.69518078
1617618600000,57425.8,57447,57333.4,57375.8,18.73076403
1617619500000,57375.8,57700,57375.7,57664.1,23.44075386
1617620400000,57664.1,57712.2,57560.1,57585.1,30.42123432
1617621300000,57585.1,57709.8,57571.8,57662.3,27.65848864
1617622200000,57662.3,57725,57591.4,57660.4,21.24692562
1617623100000,57660.5,57740,57592.8,57739.9,26.67839714
1617624000000,57740,58018.6,57735.3,57971.8,34.84781443
1617624900000,57971.9,58058.1,57850,57850.1,21.44318867
1617625800000,57850,57978.8,57775.1,57944.6,27.79447747
1617626700000,57944.2,58100,57936.4,57962.5,23.9582469
1617627600000,57962.6,58060.8,57865.6,57982.6,30.95857654
1617628500000,57982.5,58028.2,57750,57849.9,40.9495376
1617629400000,57849.2,58000,57849.2,57921.1,34.36705945
1617630300000,57921,58098.1,57919.9,58094.3,25.93804154
1617631200000,58094.3,58292.6,58094.2,58187.4,40.71832445
1617632100000,58187.4,58700,58187.3,58600.5,54.68545109
1617633000000,58600.5,58962.9,58498.1,58862.5,84.49881058
1617633900000,58862.5,59163,58788,59162.9,61.84413419
1617634800000,59162.9,59254.1,58862.8,59011.5,61.52405667
1617635700000,59011.5,59170,58912.4,58948.5,28.25939348
1617636600000,58947.8,59129.5,58932,58943,37.04557993
1617637500000,58943.1,59021.7,58881,59013.5,40.80722396
1617638400000,59012.2,59211,58916.7,59000.1,50.65027425
1617639300000,59000.1,59108.5,58866.2,59060.5,56.06432134
1617640200000,59060.5,59141.1,59021.1,59057.4,57.2193672
1617641100000,59057.3,59081.8,58913.3,58975.7,39.53585389
1617642000000,58975.8,59069,58827,58876.3,38.04172879
1617642900000,58876.3,58917.6,58648.4,58755.1,35.51206013
1617643800000,58755.1,58917.5,58606,58917.4,43.03972938
1617644700000,58917.5,58974.2,58836.2,58940.4,25.3299448
1617645600000,58940.4,59019.7,58830.2,58830.2,28.40366112
1617646500000,58830,58902.6,58732.4,58855.4,30.03042302
1617647400000,58855.3,58903.3,58768.6,58771.1,23.51108859
1617648300000,58771.1,58889.2,58767.9,58867.2,28.37619656
1617649200000,58867.1,58998.3,58845.3,58989.7,28.80857663
1617650100000,58989.7,59075,58872.6,58881.1,40.35287574
1617651000000,58881.1,58943.9,58792,58943.9,27.75843282
1617651900000,58943.9,59027.6,58928.2,59002.4,24.77165258
1617652800000,59002.3,59081.9,58912.6,58940.5,50.13126088
1617653700000,58940.4,59016.5,58939.8,58948.3,27.13023121
1617654600000,58948.2,59054.5,58852.9,58899.4,32.50949407
1617655500000,58899.4,58899.5,58749.5,58778,29.85285887
1617656400000,58778,58871.5,58777.9,58819.7,20.55101192
1617657300000,58817.6,58817.6,58673.1,58681.3,33.2875978
1617658200000,58681.5,58706.6,58498.4,58625,41.24383521
1617659100000,58625,58740.5,58593.2,58656.1,23.82600561
1617660000000,58656,58840,58656,58790.6,33.13803078
1617660900000,58790.6,58877.8,58696.8,58876.5,30.58015213
1617661800000,58876.5,58893.2,58750.6,58833.4,32.03614394
1617662700000,58833.4,58954.8,58817.7,58872.5,30.39746078
1617663600000,58872.6,58872.6,58538.7,58541.6,44.43339646
1617664500000,58541.6,58776.5,58541.6,58752.1,46.09445927
1617665400000,58752,58818,58632.9,58677.1,20.8240082
1617666300000,58677.2,59116.2,58666.1,59116.2,39.42365958
1617667200000,59116.2,59478.6,59115.9,59289,110.11637755
1617668100000,59285.6,59356.1,59027.6,59182.1,42.14652985
1617669000000,59186.7,59250,59126.6,59201.3,34.76814765
1617669900000,59201.3,59360,59166.4,59356.7,37.16091738
1617670800000,59356.8,59497.5,59211.5,59212.9,57.55965573
1617671700000,59212.9,59258.4,58889.3,59019.9,75.81515358
1617672600000,59019.8,59099,58946.5,59026,35.98672729
1617673500000,59026,59026,58741.5,58814,37.11323078
1617674400000,58807,58870,58651.8,58734.9,39.08689256
1617675300000,58734.9,58828.9,58714.2,58742.1,20.81811683
1617676200000,58742.2,58867.9,58729.2,58810.6,38.81794718
1617677100000,58810.6,58830.2,58743.7,58743.8,12.99728924
1617678000000,58743.8,58743.8,58743.8,58743.8,0
1617678900000,58743.8,58743.8,58743.8,58743.8,0
1617679800000,58743.8,58743.8,58743.8,58743.8,0
1617680700000,58743.8,58743.8,58743.8,58743.8,0
1617681600000,58743.8,58743.8,58743.8,58743.8,0
1617682500000,58743.7,58905.1,58743.6,58767.6,13.08890488
1617683400000,58767.6,58886.5,58752.8,58753.3,13.90193682
1617684300000,58753.5,58857.7,58718.1,58790.2,14.31615152
1617685200000,58790.1,58871.9,58756.6,58865.9,18.12960746
1617686100000,58865.8,58883.3,58762,58883.3,17.9823407
1617687000000,58883.2,59029.7,58832,58985,21.91564862
1617687900000,58985.1,59006.5,58648,58871.5,23.65934857
1617688800000,58871.6,58871.6,58742.4,58750.5,12.99880589
1617689700000,58750.5,58785.6,58601.9,58785.6,19.62146404
1617690600000,58791.8,58966,58791.7,58914.6,21.19380856
1617691500000,58914.6,58927.2,58815.2,58849.1,16.29405223
1617692400000,58849.1,58849.1,58707.4,58825.2,20.53997066
1617693300000,58825.2,58905,58753.8,58841.6,14.71007159
1617694200000,58841.6,58841.6,58619.2,58725.7,22.25465836
1617695100000,58725.7,58725.8,58354.6,58571.6,35.4492327
1617696000000,58571.5,58998.9,58329.2,58683.5,115.17074749
1617696900000,58683.5,58927.4,58634.7,58814.5,32.38069852
1617697800000,58814.6,58839.2,58606,58643,23.04633153
1617698700000,58643,58643,58436.1,58493,35.36277054
1617699600000,58491.6,58707.3,58428,58688.3,26.56646983
1617700500000,58688.3,58734.6,58563.9,58583.1,21.7700307
1617701400000,58583.1,58743.2,58540.3,58703.5,16.35695027
1617702300000,58703.4,58737.5,58640,58688.3,16.53359369
1617703200000,58688.3,58688.3,58514,58608.8,28.06894913
1617704100000,58608.8,58680,58454.3,58666.5,29.08589189
1617705000000,58666.5,58743.1,58600,58611.7,27.70412723
1617705900000,58611.7,58611.7,58611.7,58611.7,0
1617706800000,58611.7,58611.7,58611.7,58611.7,0
1617707700000,58611.7,58611.7,58611.7,58611.7,0
1617708600000,58600,58600.1,58400,58476.2,14.24289395
1617709500000,58476.2,58554.4,58400,58550.8,24.69596149
1617710400000,58546.7,58767.6,58481.5,58634.8,30.62011256
1617711300000,58634.8,58987.1,58621,58892,47.54739917
1617712200000,58897.7,58937.6,58782,58821.4,27.03845585
1617713100000,58821.3,58867.4,58460,58475.5,46.0138918
1617714000000,58475.5,58650.1,58475.5,58650.1,22.72759723
1617714900000,58650,58650.1,58526.9,58583.7,37.53977115
1617715800000,58592.9,58618.3,58388.8,58546.9,48.07576773
1617716700000,58546.9,58549.3,58340.5,58409.5,31.42805874
1617717600000,58409.6,58409.6,57671.9,58013.7,150.66840499
1617718500000,58013.6,58025,57304.8,57697.9,137.15279998
1617719400000,57695.3,57848.6,57400.1,57722.1,91.67491211
1617720300000,57722.1,57956.2,57540.6,57952.9,54.7594703
1617721200000,57952.9,58026.5,57794.4,57881.8,49.5377047
1617722100000,57881.8,57928.3,57650.9,57825.5,23.10384289
1617723000000,57825.4,57916.3,57602.1,57882.4,36.78665501
1617723900000,57888,58042.5,57809.7,57824.5,33.82501014
1617724800000,57824.6,58069.8,57725.2,57984.6,47.65241844
1617725700000,57984.5,58043,57926.5,58014.5,26.59667876
1617726600000,58014.5,58183.8,58005.6,58102.8,22.09032343
1617727500000,58097.2,58182.5,58063.5,58072.8,22.95355913
1617728400000,58072.7,58177.7,58011.6,58038,23.37530438
1617729300000,58037.9,58177.9,58037.9,58116.3,23.84983959
1617730200000,58116.2,58244.9,58116.2,58228.5,26.44796126
1617731100000,58228.5,58258.8,58213.6,58248,22.14883023
1617732000000,58247.9,58254.3,57991.4,58139,38.2328505
1617732900000,58140,58232.4,58130.9,58223.2,19.2932258
1617733800000,58223.2,58261.8,58013.9,58183.6,27.0785545
1617734700000,58183.6,58260.1,58140.6,58248.5,19.52585426
1617735600000,58248.5,58260.8,58035.4,58193.5,28.27669672
1617736500000,58193.6,58205,58040.8,58047,27.39150836
1617737400000,58047,58156.8,58024.4,58102.2,21.26552373
1617738300000,58102.2,58230.9,58056.8,58230.2,25.15616347
1617739200000,58230,58300,58173.9,58253.9,38.09721278
1617740100000,58253.8,58281.4,58118.9,58253.7,26.34892836
1617741000000,58253.6,58273.7,58166.6,58206,22.629384
1617741900000,58206,58245.5,58164.9,58218.5,18.38856808
1617742800000,58218.5,58218.6,58019.9,58130.4,28.377786
1617743700000,58130.4,58130.5,57733.8,57881.9,39.0944249
1617744600000,57881.9,57911.5,57610.7,57907.1,23.47116032
1617745500000,57907,58058,57844.5,57864.1,28.58394105
1617746400000,57864.1,57864.1,57634.6,57837.9,31.56568225
1617747300000,57837.8,57946.2,57742.5,57858.4,44.34368134
1617748200000,57858.4,58029.2,57816.9,57971.8,20.43928227
1617749100000,57971.7,58003.5,57868.4,57888.3,18.85773746
1617750000000,57888.3,58059.3,57833.5,58059.2,21.06931819
1617750900000,58059.3,58139.4,57963.1,58109.8,27.57578884
1617751800000,58109.9,58157,58048.3,58048.3,26.09866443
1617752700000,58048.3,58110.9,57982.7,57988.3,20.65672693
1617753600000,57988.3,58186.3,57936.3,58185.9,28.97048291
1617754500000,58186,58191.6,58064.1,58117.6,36.38299587
1617755400000,58117.6,58119.2,57826.8,57854.8,31.54235834
1617756300000,57847.4,57847.4,57500,57644.1,65.95391338
1617757200000,57644.2,57676.8,57420.3,57656.2,55.46024015
1617758100000,57656.2,57676.8,57184.8,57418,56.80889441
1617759000000,57418,57544.5,57332.8,57468.3,36.09423897
1617759900000,57468.2,57660.6,57437.1,57511.4,22.31540825
1617760800000,57511.6,57644.5,57487.3,57614.8,27.48448201
1617761700000,57615.1,57816.7,57603.9,57705.2,22.33612836
1617762600000,57705.2,57850,57676.3,57849.9,18.49292878
1617763500000,57849.9,57907.9,57742.4,57791.1,23.14812993
1617764400000,57791.1,57810.8,57688.2,57715,17.03337258
1617765300000,57715,58110.2,57691,57993.3,35.76196428
1617766200000,57993.3,58048.6,57932.5,57993.7,21.32782044
1617767100000,57993.8,58000,57841.3,57911.7,23.97217504
1617768000000,57911.8,57972.4,57591.5,57671.9,46.80908156
1617768900000,57671.9,57675.5,57272.5,57346.5,72.74364553
1617769800000,57349.1,57519.1,57308.3,57403.3,26.92818429
1617770700000,57400.1,57639.3,57364.2,57639.3,23.70125793
1617771600000,57639.2,57798.1,57638.6,57754.3,18.58863899
1617772500000,57754.3,57838.6,57650.1,57704.9,27.98847163
1617773400000,57704.9,58140,57558.6,58135.5,42.36900914
1617774300000,58135.5,58316.5,58120.5,58285.2,45.12396264
1617775200000,58287.5,58668.6,58256.5,58263.4,73.35203175
1617776100000,58263.3,58330.1,57874.2,58081,63.01571884
1617777000000,58080.9,58281.3,57958.3,58089.5,26.38292222
1617777900000,58089.5,58376,57964.8,58061.2,37.51605757
1617778800000,58061.2,58088.2,57437.5,57815.5,172.36731218
1617779700000,57815.5,58047.1,57650.6,57918.7,72.49369748
1617780600000,57918.8,57981.4,57797.4,57913.5,42.67539228
1617781500000,57915.1,57994.6,57738.8,57854.1,37.07735441
1617782400000,57854.2,57933,57600.9,57644.7,47.67114077
1617783300000,57640.6,57781.5,57517,57541,45.2151587
1617784200000,57541,57712.5,57441.3,57638.1,36.09040971
1617785100000,57638,57876,57608.8,57755.5,26.94724856
1617786000000,57755.5,57812.7,57002,57002.2,132.09675546
1617786900000,57002.2,57535.8,56925,57271.5,150.24922451
1617787800000,57271.5,57602.3,57216.9,57403.9,91.0439299
1617788700000,57403.9,57597.1,57351.6,57470.7,62.27658074
1617789600000,57470.7,57588.1,57272.4,57551.1,46.48831269
1617790500000,57551.1,57597.8,57335.8,57380.2,28.92929426
1617791400000,57380.2,57417.6,57045.6,57045.6,51.43470707
1617792300000,57045.5,57241.2,56401,56757.9,196.86220725
1617793200000,56767,57013.9,56607.2,56898.4,119.44736625
1617794100000,56898.4,57195.2,55895,56261,240.76959563
1617795000000,56260.9,56260.9,55600,55927.5,221.69043701
1617795900000,55927.5,56321.4,55730,56319.4,101.24269311
1617796800000,56319.3,56319.3,55727,55846.8,115.05232292
1617797700000,55846.9,56272.3,55600,56115.7,121.50817294
1617798600000,56115.7,56473.2,56088.5,56372.6,87.43979302
1617799500000,56372.6,56569.9,56232.1,56452.9,57.34188834
1617800400000,56452.8,56694.3,56337,56594.1,51.4900963
1617801300000,56594.1,56665.3,56429.1,56551.6,34.92382893
1617802200000,56551.5,56808.2,56500,56806.5,46.38104488
1617803100000,56806.6,56810,56659.1,56754.9,42.25172663
1617804000000,56754.9,56810,56583.6,56786.5,53.41181924
1617804900000,56786.5,56880,56686.5,56833.2,35.08536754
1617805800000,56833.2,56929.5,56755,56768.8,32.07747978
1617806700000,56776.7,56828.6,56602.2,56663.6,31.5325082
1617807600000,56663.6,56854.2,56647.6,56839.8,41.94285204
1617808500000,56839.7,56839.7,56633,56633.1,31.21133948
1617809400000,56633.1,56703,56289.2,56427.3,50.95180755
1617810300000,56427.3,56528,56287.9,56456.5,43.03053398
1617811200000,56456.5,56708.5,56158.8,56444.7,75.04920184
1617812100000,56452.1,56581.3,56350.5,56445.1,42.88772912
1617813000000,56445.1,56763.2,56326,56665.9,57.14098283
1617813900000,56665.9,56830.2,56545.8,56596.6,87.32212295
1617814800000,56596.7,56658.9,56406.3,56465.6,53.19630612
1617815700000,56465.6,56465.6,56130.3,56224,61.82941024
1617816600000,56224.1,56357.6,56000,56072.3,60.54395649
1617817500000,56072.4,56195.5,55961.7,56119.5,59.45503805
1617818400000,56024.9,56435.6,55977.4,56355.5,50.79117285
1617819300000,56355.5,56394.4,55822.3,55822.3,74.56856283
1617820200000,55822.3,56246.4,55820.2,56148.3,48.84033295
1617821100000,56148.4,56233.7,55863,55863.1,49.92538409
1617822000000,55863,55916.1,55531,55651.9,78.08255747
1617822900000,55652,56024,55439,55865.6,83.8364172
1617823800000,55865.6,56016.7,55579.8,55899.9,59.33894601
1617824700000,55899.9,56143.2,55866.1,56143.2,71.77033308
1617825600000,56143.2,56183,55968.2,56022.9,37.39973353
1617826500000,56022.8,56022.9,55717.7,55817.3,36.51349513
1617827400000,55812,56130.1,55807.4,56112.7,43.44170239
1617828300000,56112.7,56243.2,56000.5,56243.2,34.95874435
1617829200000,56244.4,56250,56080.4,56156.3,21.83841595
1617830100000,56156.3,56336.3,56156.3,56316.4,18.47347516
1617831000000,56316.4,56370.7,56210.8,56370.7,36.12708878
1617831900000,56370.7,56377.2,56194.4,56214.8,21.53899512
1617832800000,56214.7,56314.9,56124.4,56254.5,19.57133395
1617833700000,56254.6,56378.8,56254.5,56332.9,14.47755423
1617834600000,56332.9,56556.4,56332.9,56556.4,17.02632275
1617835500000,56556.4,56558.9,56435.9,56465.1,15.77969219
1617836400000,56465.1,56544,56414.9,56496.6,24.40979791
1617837300000,56496.6,56570.2,56403,56419.9,25.05123166
1617838200000,56419.9,56454,56264.9,56264.9,30.23734813
1617839100000,56264.8,56338.3,55866.4,55958.2,39.31976301
1617840000000,55958.2,56121.3,55700.6,56121.3,53.10053672
1617840900000,56121.2,56326,55965.9,56123.2,47.51347543
1617841800000,56123.3,56360,56003.1,56353.5,24.3260493
1617842700000,56353.4,56514.8,56280,56428.7,35.61310341
1617843600000,56428.7,56504.8,56250.9,56407.3,32.12276688
1617844500000,56407.3,56662.3,56407.2,56562.7,32.83684884
1617845400000,56562.7,56613.3,56494.9,56599.5,22.46220517
1617846300000,56599.4,56701.8,56505.9,56506.4,23.92223372
1617847200000,56506.5,56541.5,56299,56376.2,19.17640252
1617848100000,56376.1,56405.4,56255.3,56277.7,23.66694346
1617849000000,56277.7,56326.8,56213.6,56275.4,18.37786629
1617849900000,56275.4,56499,56234.7,56498.9,24.54539301
1617850800000,56499,56552.2,56271.6,56376,32.59582973
1617851700000,56376,56581.7,56300.2,56496.6,20.71992982
1617852600000,56496.6,56640.3,56473.2,56627.6,24.05761777
1617853500000,56627.6,56648.3,56538.1,56554.3,16.80937604
1617854400000,56554.3,56670.3,56543.5,56592,19.98933385
1617855300000,56592,56790,56591.9,56701.2,27.27593629
1617856200000,56701.3,57100,56699.2,56900.1,75.0460227
1617857100000,56900.1,57094.9,56851.9,56937,32.8755031
1617858000000,56937,57013.3,56860.6,56909.9,28.08636315
1617858900000,56909.8,57043.3,56894.5,56939.3,25.03693648
1617859800000,56939.4,57059.5,56939.4,56973.9,19.65613124
1617860700000,56973.9,57008.9,56801.9,56856.3,18.881762
1617861600000,56862.8,57265.2,56849.8,57251.2,37.66943594
1617862500000,57251.3,57251.3,57040.4,57113.2,27.11816784
1617863400000,57113.3,57166.5,57048.4,57086.2,24.99839817
1617864300000,57086.2,57163.5,57025.9,57129.4,19.85155578
1617865200000,57129.5,57333,57075,57161.9,32.77790657
1617866100000,57161.9,57206.4,57013.7,57088.3,23.91989943
1617867000000,57088.2,57164,57000.3,57157.2,16.46679749
1617867900000,57158.1,57208.4,57021.5,57024.3,24.6395253
1617868800000,57024.4,57157.3,57024.4,57121,20.08597026
1617869700000,57121,57264.7,57071.2,57116,23.03688527
1617870600000,57116,57138.4,56675.7,56816,47.87425644
1617871500000,56816,56990,56815.9,56905.7,26.6369047
1617872400000,56905.6,57035.4,56888,56944.1,19.60566452
1617873300000,56946.5,56977.7,56750,56796.6,27.31966825
1617874200000,56796.5,56877.7,56732.8,56858.7,24.16628771
1617875100000,56858.7,56870.4,56605.9,56677.3,30.78586406
1617876000000,56677.3,56748.4,56511.8,56517.6,36.52037616
1617876900000,56517.6,56656.6,56423.1,56587.3,27.18659382
1617877800000,56587.3,56750,56530.2,56748.4,15.9761016
1617878700000,56749.4,56841.2,56708.1,56747.2,22.87713941
1617879600000,56747.1,56747.2,56621.4,56710,14.38399134
1617880500000,56710,56769.4,56545.7,56550.1,25.14778944
1617881400000,56550.1,56610.5,56334.1,56560.5,39.78953371
1617882300000,56560.5,56611.4,56352.1,56431.9,24.57264867
1617883200000,56431.9,56590.4,56343.2,56555.5,20.2256349
1617884100000,56555.4,56940.5,56552.9,56913.1,39.99789639
1617885000000,56911.8,57216,56911.8,57136.7,62.18934867
1617885900000,57136.7,57579.4,57136.7,57472.9,101.61751849
1617886800000,57472.9,57521.8,57320.6,57389.1,45.15379661
1617887700000,57389,57471.7,57300.5,57449.7,45.58804947
1617888600000,57449.7,57702,57395.1,57416.3,64.98174134
1617889500000,57416.4,57518.7,57288.3,57444.1,47.36298764
1617890400000,57444.2,57544.1,57359.3,57509.5,41.11591775
1617891300000,57509.5,57901.8,57509.5,57804.3,75.09026146
1617892200000,57804.3,57909.3,57688.9,57723.3,47.59949322
1617893100000,57723.2,57786.1,57620.8,57688.9,46.56606982
1617894000000,57689,57777.1,57635.5,57747.2,44.79682295
1617894900000,57747.1,57900,57662.6,57690.6,31.87999649
1617895800000,57690.6,57733,57551,57591.3,37.14142081
1617896700000,57601.7,57778.9,57601.7,57760.7,43.43451823
1617897600000,57760.8,57969.4,57721.9,57794.4,97.16089744
1617898500000,57794.5,57913.5,57663.9,57703.8,45.87319116
1617899400000,57704.6,57889.5,57692.9,57784,31.61778064
1617900300000,57784,57822.1,57629.8,57720.1,29.41029763
1617901200000,57720.1,57804.4,57658.4,57725.4,25.59974613
1617902100000,57725.3,57782.1,57637.9,57701.3,26.12102931
1617903000000,57701.3,57720.3,57548.5,57637.4,26.66811642
1617903900000,57637.5,57749.9,57632.8,57749.9,22.51649249
1617904800000,57749.9,57778,57695.8,57775.6,35.70749609
1617905700000,57776.2,57968.1,57771.7,57943,55.46019499
1617906600000,57942.9,58141,57923.9,58016.4,61.69286112
1617907500000,58016.3,58053.1,57904.2,57904.3,23.8553717
1617908400000,57904.3,57981.7,57799.8,57810.7,26.95499095
1617909300000,57810.7,57829.2,57705.2,57784.9,39.15673694
1617910200000,57784.8,57883.5,57775.4,57783.8,30.67022379
1617911100000,57783.7,57783.7,57613.3,57733.7,32.70569036
1617912000000,57733.8,57808,57688.5,57716.1,35.96831123
1617912900000,57716,57805,57662.9,57707.2,28.37642681
1617913800000,57707.2,57733,57582.1,57674.1,26.55109026
1617914700000,57674.1,57726.7,57578.8,57670,29.81581611
1617915600000,57670.3,57673.3,57445.3,57500.1,30.14995191
1617916500000,57500,57565.8,57500,57500.6,20.82714618
1617917400000,57500.5,57604.1,57500.3,57604,23.50813824
1617918300000,57604,57743.6,57603.7,57661.1,13.50318772
1617919200000,57665.4,57749.3,57572.4,57692.6,24.39019917
1617920100000,57692.6,57902.9,57686.6,57863.1,29.46083551
1617921000000,57863.1,58075,57778.7,57850.2,41.19100172
1617921900000,57850.2,57906.9,57816.8,57906.8,19.9310066
1617922800000,57906.9,58043.4,57899.3,57938.1,30.96920208
1617923700000,57938.1,57981.1,57847.4,57868.2,23.77335536
1617924600000,57868.2,58051.5,57766.7,58041.8,28.07715218
1617925500000,58041.7,58089.5,57960,58076.7,31.09747951
1617926400000,58076.7,58266.6,58044.6,58234.8,55.91287407
1617927300000,58234.8,58234.9,58077.1,58185.5,32.07336976
1617928200000,58185.5,58394.3,58164.1,58275.3,56.46603437
1617929100000,58275.1,58320.9,58225.8,58300.9,18.76451907
1617930000000,58300.9,58415.7,58145.2,58232.9,37.03667067
1617930900000,58237.6,58259.4,58066.2,58142.5,26.40639064
1617931800000,58142.5,58181.4,58058.7,58101.8,22.95369574
1617932700000,58101.8,58110.9,57938.3,57971.2,25.83523882
1617933600000,57971.3,58086.9,57938.7,58020.5,18.9750069
1617934500000,58020.4,58131.2,58012.4,58064.6,20.64079503
1617935400000,58064.7,58175.2,58008.7,58110.6,22.31900919
1617936300000,58110.6,58110.6,57856.6,57911.1,32.63999171
1617937200000,57911.2,58013.4,57820,58008.8,25.63829669
1617938100000,58008.8,58082.7,57958.8,58051.9,27.41103803
1617939000000,58051.8,58174.1,57923.6,58167.8,34.29162897
1617939900000,58167.7,58169.7,57980,57999.7,26.81316599
1617940800000,57999.7,58120.1,57991.2,58110.8,31.19068128
1617941700000,58110.7,58199.5,58080,58135.4,23.37466041
1617942600000,58135.5,58155.1,58072,58083.3,20.51029516
1617943500000,58083.4,58195,58034.5,58192,22.89522617
1617944400000,58192,58300,58155.7,58198.8,27.68798384
1617945300000,58198.9,58233.9,58122.6,58152.5,19.02001498
1617946200000,58152.5,58195.1,58038.1,58107.7,22.8307714
1617947100000,58107.7,58116.4,57961,57961.1,60.46334239
1617948000000,57961,58028.6,57887.6,57957.5,22.8785372
1617948900000,57957.5,58017.5,57957.5,58007,21.1718708
1617949800000,58006.9,58106.6,57887.6,58080.2,23.47419734
1617950700000,58080.1,58097,57815.5,57827.9,33.7354853
1617951600000,57828,57836.7,57675.6,57750.6,37.23243588
1617952500000,57750.5,57881,57750.5,57881,16.3535138
1617953400000,57881,57967.5,57811.6,57959.3,24.25298594
1617954300000,57959.3,58052.8,57897.3,58049,23.82252974
1617955200000,58049.1,58049.1,57878.8,57925.4,19.46286739
1617956100000,57925.3,57926.9,57774.3,57846.8,18.71362972
1617957000000,57846.8,57932.4,57666.9,57932.3,28.8407402
1617957900000,57932.3,57992.5,57745.3,57745.4,32.64050481
1617958800000,57745.4,57880.6,57745.3,57790.7,29.75669592
1617959700000,57789.5,57904,57765.8,57902.1,21.50638471
1617960600000,57902.1,57902.1,57822.3,57880.4,22.13873603
1617961500000,57880.4,57912.5,57791.7,57911,17.3922033
1617962400000,57911,58348.9,57866.4,58348.9,58.63972987
1617963300000,58348.9,58638.3,58348.9,58569.6,103.45691571
1617964200000,58569.6,58617.4,58415.9,58466.2,27.09817447
1617965100000,58466.2,58638.8,58380.2,58638.7,31.96532183
1617966000000,58638.8,58687,58477.7,58512.9,56.5518266
1617966900000,58512.9,58814.6,58512.9,58782.5,47.51021635
1617967800000,58794.4,58900,58718.3,58785.7,67.48585755
1617968700000,58785.8,58805,58441.7,58527.5,64.71782364
1617969600000,58529.6,58700.6,58412.4,58684.5,54.95943856
1617970500000,58684.4,58700.4,58491.9,58491.9,40.38403537
1617971400000,58491.9,58539.8,58347.2,58436.1,59.82218148
1617972300000,58436,58534.6,58364.3,58504.1,41.02700082
1617973200000,58504.2,58584.4,58457.5,58552.5,35.43219726
1617974100000,58552.5,58623.4,58429.6,58596.4,29.98790405
1617975000000,58596.4,58786.7,58578.7,58700,49.14879688
1617975900000,58700.1,58736.1,58316.9,58403,107.36478209
1617976800000,58403.1,58527.5,58317.4,58394.2,60.80025303
1617977700000,58394.2,58458.8,58155.2,58213,65.26270658
1617978600000,58211.6,58353.1,58027.1,58322.5,84.82894184
1617979500000,58322.5,58481.7,58200,58346.9,84.71962516
1617980400000,58346.9,58354.7,58230.3,58333.7,33.8284585
1617981300000,58333.6,58333.7,58149.9,58204.8,39.43001347
1617982200000,58203.1,58203.1,58043.3,58175.6,40.75226512
1617983100000,58175.5,58280.3,58073.1,58232.6,50.86145748
1617984000000,58232.7,58285.2,57876.1,58003.6,81.30743427
1617984900000,58002.8,58119.6,57912.1,58071.1,40.90182172
1617985800000,58071.1,58150,57955.7,58150,43.46047375
1617986700000,58150,58208.6,58100,58200,38.85043799
1617987600000,58200,58286.1,58159.7,58179.5,32.33984263
1617988500000,58179.5,58209.9,58107.4,58165.3,25.4534508
1617989400000,58165.3,58365.8,58087.1,58264.8,35.66001806
1617990300000,58263.6,58440.7,58250,58407.7,52.09186719
1617991200000,58407.7,58469.7,58318.3,58452.1,34.95563079
1617992100000,58452.2,58513.6,58352.5,58357.3,38.94591118
1617993000000,58357.3,58441.5,58326.9,58347.4,23.75518856
1617993900000,58347.4,58396.4,58250,58387.1,28.26459238
1617994800000,58387.2,58489.4,58341.1,58349.8,33.06704863
1617995700000,58349.8,58409.7,58207.2,58323.5,39.40972361
1617996600000,58323.6,58364.3,58244.5,58285,26.69317333
1617997500000,58285,58375.3,58250.1,58369.3,28.98104735
1617998400000,58369.4,58583,58369.4,58567.6,59.17092467
1617999300000,58567.5,58567.7,58393,58409.5,31.20182557
1618000200000,58408.4,58474.5,58358.7,58361.3,27.37353065
1618001100000,58361.3,58393.9,58289.8,58338.2,32.2620737
1618002000000,58338.1,58401.2,58154,58351.3,33.61422409
1618002900000,58351.2,58442.5,58351.2,58442.4,16.77886605
1618003800000,58442.5,58504.6,58428.5,58432.4,17.40908321
1618004700000,58432.3,58493.2,58324.9,58362.4,22.26484712
1618005600000,58362.4,58362.4,58200,58258.2,32.73486711
1618006500000,58258.1,58258.2,58125.4,58179.8,25.1193055
1618007400000,58189.9,58265.1,58115.1,58173.7,25.79958914
1618008300000,58173.8,58178.9,58026.7,58079.2,26.46679086
1618009200000,58079.4,58090.7,57872.9,58014.8,48.12486346
1618010100000,58013.8,58073.2,57893.8,57976.8,24.43371393
1618011000000,57977.5,58102.8,57946.9,58055.4,27.74962084
1618011900000,58053.2,58172,58053.1,58131.6,19.98931548
1618012800000,58138.2,58309.6,58073.4,58294.5,42.67211226
1618013700000,58294.4,58294.5,58097.9,58115.3,26.16684468
1618014600000,58115.3,58124.9,57902.1,57957,32.25330918
1618015500000,57957.1,58110.4,57957.1,58095.7,28.50735323
1618016400000,58095.6,58214.1,58080.8,58197.6,30.53840491
1618017300000,58193.3,58254.3,58118.5,58143.9,26.46607528
1618018200000,58143.9,58299.8,58130.1,58260.9,22.5517218
1618019100000,58260.9,58436.2,58260.8,58411.6,33.1353175
1618020000000,58411.7,58515,58373.9,58384.7,48.02290843
1618020900000,58384.8,58384.8,58327.5,58344.8,14.6286355
1618021800000,58344.8,58600,58344.8,58447,39.31797715
1618022700000,58446.9,58725.4,58403.4,58721.5,52.64098502
1618023600000,58721.4,59142.5,58702.7,58933.2,105.50124621
1618024500000,58933.2,59152,58933.1,59017.7,57.65042506
1618025400000,59017.7,59100,58941.7,59021.3,42.41475895
1618026300000,59021.3,59233.9,59005.2,59233.8,58.31161424
1618027200000,59233.9,59920.1,59233.9,59783.2,158.00125696
1618028100000,59783.2,61245.2,59783.2,60725.9,405.43644807
1618029000000,60725.9,60744,60306,60511.8,133.62952744
1618029900000,60513.5,61194.5,60494.3,61074.4,105.95016373
1618030800000,61074.5,61350,60750,61176.7,211.85418217
1618031700000,61176.7,61210.6,60878.5,61000.4,111.96229372
1618032600000,61000.3,61000.4,60661.9,60820,70.07073694
1618033500000,60820.2,61039.5,60814.3,60856,50.90561463
1618034400000,60856,61034,60672.4,60678.5,65.423689
1618035300000,60678.5,60756.3,60532.5,60634.5,49.40589392
1618036200000,60634.6,60777.2,60617.4,60635.9,57.8111923
1618037100000,60635.9,60703.4,60568.9,60569.1,44.56139203
1618038000000,60569.1,60706,60400,60699.5,71.10181739
1618038900000,60699.5,60803.2,60518.4,60554.6,59.54913834
1618039800000,60554.5,60636.3,60421.4,60457.9,44.43154003
1618040700000,60457.8,60582.3,60370.9,60488.4,50.56076371
1618041600000,60496.8,60813,60496.8,60755.5,82.92408478
1618042500000,60755.4,60810.7,60678.8,60716.3,36.45411502
1618043400000,60716.3,60733.2,60500,60669.4,33.19266795
1618044300000,60669.3,60675.4,60439.5,60535.2,46.90702103
1618045200000,60535.1,60655.8,60445.5,60596.3,48.9085034
1618046100000,60596.3,60707,60574.1,60586,35.35079348
1618047000000,60586,60714.1,60584.5,60638.3,31.56342584
1618047900000,60638.2,60811.4,60614.5,60774.6,41.23956504
1618048800000,60774.5,60788.3,60670.8,60755.9,27.71185015
1618049700000,60755.9,60990,60695.9,60912.4,31.66640643
1618050600000,60912.4,60912.5,60558.4,60649,40.25535313
1618051500000,60649,60689.5,60528.1,60671.9,37.45527629
1618052400000,60671.9,60715.9,60547.2,60553.2,28.22121689
1618053300000,60553.2,60651.5,60544.8,60624.5,33.53332631
1618054200000,60624.4,60708.1,60588.2,60630,35.8108689
1618055100000,60630,60658.3,60499.3,60577.6,35.09655785
1618056000000,60577.6,60798.4,60466.2,60547.8,53.85957191
1618056900000,60547.8,60595.4,60500,60562.3,36.34011342
1618057800000,60562.3,60562.8,60106.5,60195.8,91.57536022
1618058700000,60195.7,60353.5,59906.5,60098.5,98.71394947
1618059600000,60098.5,60220.1,60008.1,60076.4,50.73638946
1618060500000,60074.8,60227.5,59993.6,60087.4,61.22755649
1618061400000,60087.5,60246.6,60064,60189.8,42.32404865
1618062300000,60189.9,60486.3,60189.8,60470.5,46.41106386
1618063200000,60470.5,60470.5,60320.9,60419.6,46.92128912
1618064100000,60419.6,60492.4,60325.8,60492.3,36.1836858
1618065000000,60492.3,60503.5,60326.3,60346.7,32.66361711
1618065900000,60346.7,60405.8,60268.5,60402.8,37.09515919
1618066800000,60402.9,60487.7,60275.7,60293.2,36.02908341
1618067700000,60293.2,60339,60108.5,60224.5,42.18814253
1618068600000,60224.4,60352.1,60155.3,60350.8,36.19861083
1618069500000,60350.8,60367.8,60171.1,60244.8,41.12678426
1618070400000,60244.8,60557.8,60244.8,60414.2,79.18974801
1618071300000,60414.1,60444.1,60136.2,60200,52.88687075
1618072200000,60199.9,60369.7,60199.9,60341.8,36.59834557
1618073100000,60341.9,60378.1,60185.3,60274.4,41.07490033
1618074000000,60274.4,60274.4,60126.7,60141.7,47.08701141
1618074900000,60141.7,60195.2,59978.9,60146.5,55.85956045
1618075800000,60146.6,60219.2,60076.6,60120.1,27.41410905
1618076700000,60120.1,60120.9,59935.3,60102.7,50.60686717
1618077600000,60102.8,60107.9,59577.3,59818.8,113.6165465
1618078500000,59818.7,59975.4,59817.7,59866.6,41.78617541
1618079400000,59866.6,59905.4,59753,59874.2,36.92764007
1618080300000,59874.2,60031,59756.8,60020.2,41.85218551
1618081200000,60020.2,60020.3,59700.5,59801.2,40.7228943
1618082100000,59801.1,59801.2,59650.6,59786.8,49.59696514
1618083000000,59786.2,59794.8,59694.4,59794.8,52.03564768
1618083900000,59794.7,59827.7,59553.5,59576.4,55.70204357
1618084800000,59581.4,59805.3,59561,59668.4,54.46089236
1618085700000,59668.4,59668.4,59341.6,59532.6,79.97583743
1618086600000,59532.6,59532.7,59253.4,59271.5,61.14784071
1618087500000,59271.5,59279.7,58405,58626,247.84292607
1618088400000,58626,59070.2,58506,58968.2,72.19389549
1618089300000,58968.2,59150,58798.4,59090.4,53.46569157
1618090200000,59090.4,59229.2,59013.1,59133.5,53.08337087
1618091100000,59133.6,59169.1,58931.9,59165.7,29.73910484
1618092000000,59165.7,59398.1,59112.1,59289.3,36.4950672
1618092900000,59289.3,59336.4,59205.1,59307.9,34.91959833
1618093800000,59307.8,59368.3,59205.9,59284.7,21.83097204
1618094700000,59284.8,59328.5,59022.7,59028.9,26.24451876
1618095600000,59028.9,59451.2,59028.8,59365.9,38.17568424
1618096500000,59365.9,59564.8,59342,59564.4,31.52547088
1618097400000,59564.5,59817,59493,59787.1,52.33398634
1618098300000,59787,59816,59659.2,59770.2,49.79358956
1618099200000,59770.2,60147.4,59623,60147.3,98.62320397
1618100100000,60147.4,60386.1,60039.3,60283.7,102.46514478
1618101000000,60283.7,60417.5,60176.1,60345.8,57.58426212
1618101900000,60347.4,60384.5,60152,60153.1,33.04472898
1618102800000,60153.1,60231,60054.2,60123,34.58406691
1618103700000,60123.1,60273.8,60085.6,60197.9,46.49363889
1618104600000,60197.9,60295.2,60146.5,60245.4,42.6626135
1618105500000,60245.4,60600,60195.3,60593.8,36.17908914
1618106400000,60593.8,60593.8,60374.4,60468.8,38.51920742
1618107300000,60468.8,60493.8,60277.5,60361.8,31.60116478
1618108200000,60361.8,60409.9,60245.1,60409.9,23.18713363
1618109100000,60409.9,60551.3,60292.6,60511.9,24.63104385
1618110000000,60511.6,60687.4,60379,60382.4,61.96878363
1618110900000,60382.3,60486.2,60242,60242,48.91029685
1618111800000,60241.5,60400,60235,60396.3,34.90086486
1618112700000,60400,60433.5,60231,60260.3,27.96419898
1618113600000,60260.3,60318.3,60014.8,60195.6,70.06447381
1618114500000,60195.7,60266.4,60040.8,60089.3,52.36159373
1618115400000,60089.2,60210.7,59820.1,59830.4,49.62908481
1618116300000,59830.3,60023.8,59789.1,59907.8,53.86075988
1618117200000,59907.8,60012,59699,59700.2,48.10081587
1618118100000,59700.2,59892.4,59525.2,59701.5,59.7422699
1618119000000,59701.4,59809.3,59551.9,59768.3,68.58850703
1618119900000,59768.4,59904.7,59628.8,59665.4,37.70908272
1618120800000,59665.4,59764.2,59367.8,59367.8,46.86176167
1618121700000,59367.3,59567,59355,59458.1,43.10356061
1618122600000,59458.1,59751.4,59445.5,59751.4,60.55894318
1618123500000,59752.2,59901,59675,59741.6,54.24025696
1618124400000,59741.7,59795.2,59422.7,59451.7,38.00010413
1618125300000,59451.6,59727,59451.6,59710.7,34.4571489
1618126200000,59710.7,59710.8,59557.8,59703.2,35.42286166
1618127100000,59703.3,59768,59648.2,59672.5,34.81672174
1618128000000,59672.5,59869.5,59672.4,59819.6,42.08030832
1618128900000,59819.6,60194.7,59801.9,60050.7,48.63319442
1618129800000,60055.5,60063.7,59842.7,59992.9,36.79956114
1618130700000,59992.9,60067,59947.2,59957.2,24.42713064
1618131600000,59957.3,60036.3,59698.3,59788,31.80167833
1618132500000,59795.8,59830.1,59590.4,59755.8,32.90087442
1618133400000,59755.9,59781.1,59467.7,59562,47.88521291
1618134300000,59562,59707,59542.4,59675.7,22.92939818
1618135200000,59675.8,59823.3,59573.2,59823.2,30.21144797
1618136100000,59823.2,59951.6,59582.3,59614.4,38.77205073
1618137000000,59614.4,59733.2,59577.3,59596.2,25.61998897
1618137900000,59596.3,59683.1,59503.7,59597.4,25.57342603
1618138800000,59597.4,59846.2,59536.3,59546.4,34.92052411
1618139700000,59547.8,59687.9,59454.9,59679,36.12064543
1618140600000,59679,59756.4,59611.3,59756.4,29.16918905
1618141500000,59756.3,59825.8,59663.8,59717.7,26.25477604
1618142400000,59717.7,59835,59571.3,59588.5,34.62874421
1618143300000,59588.4,59629.1,59457.8,59544.3,42.73009199
1618144200000,59544.3,59731.5,59501.8,59673.3,32.61204966
1618145100000,59673.4,59753.8,59592.6,59717.3,20.69519934
1618146000000,59721.3,59746.8,59558.4,59612.5,37.26159069
1618146900000,59612.5,59741.1,59512.4,59512.4,29.56311911
1618147800000,59512.4,59561.3,59247.6,59416.1,65.85386573
1618148700000,59416.1,59478,59259.8,59343.7,38.62031263
1618149600000,59343.7,59499.2,59259.8,59373.8,51.50205474
1618150500000,59366.5,59454.1,59296.2,59437.4,35.78492992
1618151400000,59437.2,59643.1,59436.9,59551.1,33.45905048
1618152300000,59551.1,59628.4,59500.1,59570.2,24.58483916
1618153200000,59570.3,59798.9,59570.2,59715.3,44.11433267
1618154100000,59715.2,59774.5,59671,59679,25.24312868
1618155000000,59679,59717.8,59570.7,59642.8,29.42599724
1618155900000,59642.8,59774.3,59601.3,59656.4,30.91533021
1618156800000,59656.3,59777.9,59515.1,59717.7,40.99154687
1618157700000,59717.7,59738.8,59575,59618.7,35.18196492
1618158600000,59618.7,59657.5,59520,59564.2,28.45227114
1618159500000,59564.2,59606.6,59489.9,59569.6,31.41212617
1618160400000,59569.7,59623.1,59408.1,59534,37.47578866
1618161300000,59530.4,59754.2,59456.5,59741.2,41.08517903
1618162200000,59741.3,59958.6,59658.2,59842.5,71.84001066
1618163100000,59842.6,59870.9,59765.1,59870.8,29.50848614
1618164000000,59870.9,59946.7,59813.5,59825.3,33.66559784
1618164900000,59825.2,59843.2,59759.5,59816.8,28.24290316
1618165800000,59816.7,59933.6,59761,59834.4,45.41737525
1618166700000,59834.5,59900,59803.6,59880.1,23.35287497
1618167600000,59880.1,60008,59856.8,60005.8,38.99678577
1618168500000,60005.8,60188.2,59633.1,59804.8,97.93715191
1618169400000,59804.9,59842.8,59566.1,59722.3,65.96843515
1618170300000,59722.3,59752.8,59575.7,59707.4,39.08465121
1618171200000,59707.4,59752,59664,59664.2,30.80605634
1618172100000,59664.2,59802.8,59633.3,59765.9,27.33509139
1618173000000,59765.9,59776.6,59624.1,59638.2,26.79111578
1618173900000,59638.2,59709.8,59501,59709.8,29.92068424
1618174800000,59711.2,59711.3,59531.2,59608.5,27.21607885
1618175700000,59608.5,59612.4,59535.4,59541,18.90142486
1618176600000,59541,59674.7,59493.4,59674.7,26.9101865
1618177500000,59674.7,59674.7,59539.1,59610.7,21.77093574
1618178400000,59610.8,59610.8,59445.1,59599.9,30.09211375
1618179300000,59599.9,60064.6,59553.3,60003.7,54.67045724
1618180200000,59998.2,60070.7,59772.9,59852,43.49522467
1618181100000,59851.9,60101.7,59851.9,60097.5,69.62685949
1618182000000,60097.5,60097.5,59903,59937,37.28208557
1618182900000,59936.9,60044.1,59881.7,59933,35.71287075
1618183800000,59932.9,60036.9,59808.6,59959.5,42.16236789
1618184700000,59958.6,60068.4,59926.2,60007.6,43.13612624
1618185600000,60007.6,60350,59833.4,59870.3,79.44793301
1618186500000,59870.3,59936,59607,59680,48.75239745
1618187400000,59680.1,59855.9,59667.7,59768.8,25.31553446
1618188300000,59768.7,59846.6,59727,59819.2,30.94749699
1618189200000,59819.2,59981.9,59806,59981.4,24.9449117
1618190100000,59981.3,60138,59872.1,59873.7,53.01267103
1618191000000,59873.8,59986,59845.9,59908.7,24.96730531
1618191900000,59908.6,59997,59827.9,59861.6,23.01288939
1618192800000,59868.9,59917.5,59777,59827.3,28.77799171
1618193700000,59829.1,59865,59784.4,59784.5,30.9715303
1618194600000,59784.5,59849.4,59719,59719,41.23444023
1618195500000,59719,59754,59598.3,59683.2,33.54009749
1618196400000,59683.2,59821.6,59662.5,59789.2,40.1903955
1618197300000,59789.2,59951,59781.9,59950.9,28.86624617
1618198200000,59950.9,60319.3,59945.4,60303.8,72.64531484
1618199100000,60305,60453.9,60143,60369.9,61.65629541
1618200000000,60369.9,60590.8,60294.8,60566.6,126.68442934
1618200900000,60567.7,60614,60345.9,60384.1,55.67229297
1618201800000,60384.1,60441.7,60182,60289.7,52.73572694
1618202700000,60289.8,60295.4,60078.8,60112,46.02932962
1618203600000,60115.1,60254.9,60025.1,60240.5,37.29642326
1618204500000,60239.2,60250.4,60133,60153.3,38.19936135
1618205400000,60153.3,60168.1,60033.8,60150.7,32.45968221
1618206300000,60150.7,60204.2,60127.7,60198.6,36.65405785
1618207200000,60198.7,60254.7,60113.7,60166.1,31.42417566
1618208100000,60166,60329.3,60122,60329.3,39.07744713
1618209000000,60329.2,60516.7,60323.4,60442.2,42.38722596
1618209900000,60442.2,60846.7,60351.8,60821.6,66.99077089
1618210800000,60821.7,60982.4,60695.7,60845.7,96.18042228
1618211700000,60845.7,61108.3,60829.9,61053.4,101.24297824
1618212600000,61053.4,61270.7,60907,60968.4,95.37753513
1618213500000,60968.3,61001,60679.1,60726.4,58.0318435
1618214400000,60726.5,60835.6,60599.5,60688.4,68.51275439
1618215300000,60683.4,60822.7,60669.8,60724.3,34.4524234
1618216200000,60724.3,60755.8,60548.3,60552.5,28.65292025
1618217100000,60552.6,60758.6,60546.8,60704.4,38.67337463
1618218000000,60704.5,60861,60571.8,60654.5,40.75163079
1618218900000,60654.5,60782.8,60642.5,60725.9,33.99502907
1618219800000,60725.9,60761.8,60057.5,60108.9,154.46289272
1618220700000,60108.9,60284,59691.9,59996.6,149.75664729
1618221600000,59996.6,60267.2,59914.1,60122.2,74.18336307
1618222500000,60122.1,60146.2,59820.9,60020.3,55.68068705
1618223400000,60020.4,60028.3,59417.4,59679,160.94440288
1618224300000,59679,59812.6,59605.6,59777.7,53.8491629
1618225200000,59777.7,60043.1,59729.2,60028,41.16353535
1618226100000,60034.8,60043.2,59853.9,59903.8,33.47376095
1618227000000,59903.9,60200.8,59818.5,60200.8,50.05594626
1618227900000,60200.8,60263.8,60122.8,60245.1,36.64826161
1618228800000,60245.1,60399.2,60171.5,60318.8,53.91326629
1618229700000,60318.7,60351.8,60166.6,60296.4,45.2890048
1618230600000,60296.3,60524.8,60261.7,60472.8,42.07246186
1618231500000,60472.8,60555.6,60336.3,60420.7,42.49104077
1618232400000,60420.7,60577.1,60352.3,60571.1,43.16711255
1618233300000,60571.1,60571.1,60266.2,60388.1,30.56294172
1618234200000,60388.1,60580.5,60332.1,60509.9,45.35499186
1618235100000,60510,60510,60305.6,60305.6,38.12582094
1618236000000,60305.6,60344.9,60012,60102.3,52.57008743
1618236900000,60102.9,60294.7,59997.5,60280.6,41.86963759
1618237800000,60280.6,60325.1,60085.9,60101.5,48.5131609
1618238700000,60101.5,60160,59887.9,59893.7,60.66491408
1618239600000,59899.9,60052.3,59613.3,59720.1,103.19233818
1618240500000,59720.1,59932.6,59703.2,59879.9,51.86448321
1618241400000,59880,60043.2,59685.3,60043.2,51.45125154
1618242300000,60044.2,60124.8,59870.3,59984.4,78.21512797
1618243200000,59984.5,60000,59712.7,59910.6,72.07151777
1618244100000,59910.7,60094.7,59833.9,59948.6,67.06172835
1618245000000,59948.5,60122.7,59939.1,60091.9,53.86924585
1618245900000,60091.9,60109.8,59929.5,59963.4,56.6452092
1618246800000,59963.3,59963.4,59760,59950.4,40.56293631
1618247700000,59950.5,59959.3,59780,59793.5,39.05306326
1618248600000,59793.5,59872.8,59750,59803.9,23.91555123
1618249500000,59803.9,59890.2,59735.9,59750.4,49.15911734
1618250400000,59750.4,59888,59685.4,59861.6,36.4877008
1618251300000,59861.5,59889.2,59777,59850.3,28.10524983
1618252200000,59850.2,59957.9,59831,59951.7,23.67329703
1618253100000,59951.7,60009.6,59917,59985.6,30.39986103
1618254000000,59985.1,60017.8,59880,59888.1,25.96250904
1618254900000,59888,60208.8,59888,60068.4,57.31896649
1618255800000,60068.5,60074.9,59961,59965.5,28.23806084
1618256700000,59965.5,60095.8,59965.4,60094.8,25.2290964
1618257600000,60094.8,60130.9,59929.1,60029.9,41.71119874
1618258500000,60029.9,60231.7,59988.6,60110.3,46.77162541
1618259400000,60110.3,60179.7,60092.5,60106.9,39.42838919
1618260300000,60106.7,60183.2,60050.5,60050.5,26.7706624
1618261200000,60050.5,60084,59956.6,59966.5,15.95875329
1618262100000,59966.4,59994.9,59769.7,59816.2,26.95543005
1618263000000,59816.2,60024.3,59800.7,59960.2,26.88724372
1618263900000,59960.2,60039.1,59949.4,59990.4,20.28192166
1618264800000,59990.4,60002.5,59861.8,59876.6,19.83163243
1618265700000,59876.7,59939.3,59851.2,59871,29.03061244
1618266600000,59871,59963.9,59854.2,59903.6,25.33969893
1618267500000,59903.6,60063.6,59874.5,60049.7,25.04590451
1618268400000,60049.8,60094.7,59944.3,60088.7,37.34749517
1618269300000,60088.2,60095,59937,59950.3,23.82293461
1618270200000,59950.3,59975.1,59852,59857.7,24.40561677
1618271100000,59857.7,59979.2,59857.7,59863.4,34.76519629
1618272000000,59863.4,60300,59815,60283.9,74.51488723
1618272900000,60283.8,60350,60183.7,60320.1,42.26200311
1618273800000,60320.2,60449.2,60206.3,60426.9,45.05661487
1618274700000,60427,60470,60340.9,60435.4,38.82032927
1618275600000,60435.4,60470,60337.5,60377.8,42.00842146
1618276500000,60377.9,60377.9,60200.1,60249.9,36.79570382
1618277400000,60249.9,60554.2,60249.9,60537.4,44.58649686
1618278300000,60531.4,60777.8,60522.3,60644,74.93753206
1618279200000,60643.9,60750.1,60569.5,60646.9,43.02422227
1618280100000,60646.9,60702.6,60562,60695.5,46.67452269
1618281000000,60695.6,60949,60695.5,60843.6,52.80982664
1618281900000,60843.6,60885.6,60682.9,60827.9,46.52624462
1618282800000,60828,61089.1,60827.9,60952.4,83.75074561
1618283700000,60952.4,61041.1,60587.8,60674.9,74.64616385
1618284600000,60674,60740,60532.1,60605,50.17275142
1618285500000,60606.1,60669,60391.7,60492.3,45.41043352
1618286400000,60492.4,60618.2,60485.3,60534.3,37.36332377
1618287300000,60534.4,60576.5,60401.1,60445.1,41.73776401
1618288200000,60445.1,60542,60327.8,60376.6,43.37183267
1618289100000,60376.5,60637.4,60376.5,60581.7,36.21548503
1618290000000,60581.6,60591.7,60528.7,60548.9,18.96373034
1618290900000,60548.8,60628.8,60474.7,60626.2,21.71765934
1618291800000,60626.2,60760,60593.8,60748.4,54.73683942
1618292700000,60748.5,60814.9,60627.2,60669.9,45.89174935
1618293600000,60669.9,60867,60669.9,60838.1,43.3627099
1618294500000,60838.1,61401.1,60780.6,61337.3,111.42358448
1618295400000,61337.2,61385.1,60647.1,60656.4,142.51574005
1618296300000,60656.4,60715.4,60443,60715.4,75.25910291
1618297200000,60715.4,61028.9,60670.9,60686.3,58.96391245
1618298100000,60688.7,60991.5,60588,60821.2,59.9624556
1618299000000,60821.2,60944.1,60676.9,60944.1,45.25450874
1618299900000,60944.1,61189.9,60853.2,61056.4,69.05084595
1618300800000,61048.3,61560.1,61048.3,61533.5,92.82313168
1618301700000,61533.6,62667.1,61533.5,62549.9,409.20049686
1618302600000,62549.9,62854.4,62447,62498.4,253.99667207
1618303500000,62499.2,62768.3,62271.7,62705.6,129.97630864
1618304400000,62705.6,62730.9,62521.6,62673,80.79256643
1618305300000,62672.9,62684.5,62443.5,62489.4,73.51354464
1618306200000,62489.4,62620.5,62306.5,62539.6,81.25620342
1618307100000,62539.5,63229,62539.5,62923.8,194.18589668
1618308000000,62923.8,63086.1,62772.6,62855.3,79.62701775
1618308900000,62855.3,62921,62525.8,62710.9,99.22895281
1618309800000,62710.9,62744.4,62447.4,62534.6,70.54102824
1618310700000,62543.6,62760.8,62539.9,62757.6,38.65306394
1618311600000,62757.6,62796.4,62580,62618.3,38.62107822
1618312500000,62618.2,62740.4,62499.9,62638.6,51.85770516
1618313400000,62638.5,63122.3,62638.5,63090,82.14203763
1618314300000,63089.9,63090,62596.6,62940.4,64.94798095
1618315200000,62940.4,63120.5,62774.6,63070.5,76.01420102
1618316100000,63069.7,63229,62884.7,63014,96.29524925
1618317000000,63014,63074.9,62908,62924.1,55.29459591
1618317900000,62924.1,63025.9,62823,62985.4,53.55992835
1618318800000,62985.4,63020.5,62821.6,62821.6,49.91980987
1618319700000,62821.6,62887.8,62582.3,62587.5,59.0464699
1618320600000,62587.4,62734.9,62507.4,62709.4,60.39465692
1618321500000,62709.4,62853,62709.4,62773.3,43.29957366
1618322400000,62778.2,62821.4,62594.1,62754.8,45.31796143
1618323300000,62754.8,62890.1,62689.1,62856.3,56.61157747
1618324200000,62856.3,62975.6,62789,62961.4,43.42581219
1618325100000,62961.5,63052.1,62848.8,62914.9,57.04740587
1618326000000,62914.9,63069.1,62867.1,62925.7,49.33101982
1618326900000,62925.6,63074.6,62761,63074.6,58.45425903
1618327800000,63073.7,63655.2,63014.1,63521.5,132.67475934
1618328700000,63513.6,63585.6,63190.7,63341.3,123.19878992
1618329600000,63333.1,63759.7,63298.9,63499.1,157.04130164
1618330500000,63499.1,63501.3,63224,63262.7,115.75659167
1618331400000,63268.2,63338.2,63012.5,63227.1,95.93857603
1618332300000,63227.1,63229.4,62991.5,63158.3,78.77530994
1618333200000,63158.2,63222.4,63034.1,63207.7,48.42910817
1618334100000,63208.5,63327,63187.6,63218.1,45.20193814
1618335000000,63218.1,63342.2,63139.6,63209.5,53.15336228
1618335900000,63209.5,63354.4,63209.5,63345.5,31.56200764
1618336800000,63348.7,63488.4,63321.1,63470,67.56915206
1618337700000,63470,63554,63325.5,63407.1,66.41680848
1618338600000,63407,63466.2,63193.4,63242,56.17513713
1618339500000,63231.5,63231.5,62515.5,62604,199.05065249
1618340400000,62604.1,62930.7,62579.2,62857.5,137.74594531
1618341300000,62857.5,62906.1,62683.9,62683.9,72.45359751
1618342200000,62683.9,62840,62557.6,62799.2,114.63721735
1618343100000,62799.2,63071.8,62793.8,62997.9,98.28758732
1618344000000,62997.9,63195.4,62997.5,63166.2,49.40691937
1618344900000,63165.6,63196.2,62928.3,62994.7,42.79802862
1618345800000,62991.2,63079.4,62859.7,63059.5,58.78988002
1618346700000,63059.6,63215.8,63027.6,63175.9,63.75325775
1618347600000,63175.9,63219.3,63098.2,63145.4,40.44175371
1618348500000,63145.3,63145.4,63013.6,63013.7,28.71879499
1618349400000,63013.7,63126.6,62860.7,63070,41.22663701
1618350300000,63069.9,63315.4,63069.9,63132.8,70.16602059
1618351200000,63132.9,63234,62867.4,62907.9,58.55253998
1618352100000,62912.2,63093.5,62899.1,63078.1,48.9291573
1618353000000,63080.6,63271.7,63080.6,63200,46.15294369
1618353900000,63200,63294.4,63150.7,63241.4,46.84270477
1618354800000,63241.5,63313.7,63224.8,63246.1,50.60000354
1618355700000,63246.1,63357.2,63209,63267,31.19906089
1618356600000,63267,63551.3,63265,63453.7,67.59283833
1618357500000,63453.6,63694.6,63382.3,63578.7,73.9075209
1618358400000,63578.7,63895.5,63352.7,63380.2,118.55739636
1618359300000,63380.2,63444.4,63225.2,63348.7,74.70439227
1618360200000,63348.8,63449.7,63058.6,63411.2,61.18266763
1618361100000,63411.3,63418,63284.6,63318.1,32.55570511
1618362000000,63318.1,63417.6,63245.2,63285.3,56.28443194
1618362900000,63285.3,63292.2,63095.4,63252.1,43.92773608
1618363800000,63251.4,63373.9,63150,63296.8,33.97952329
1618364700000,63296.9,63466.2,63255.8,63442.1,36.28797415
1618365600000,63442,63443.3,63214,63312.1,49.37427031
1618366500000,63312.1,63326.2,63218.8,63243.1,34.10811991
1618367400000,63254.3,63254.3,63125,63125,32.55569023
1618368300000,63123.8,63223.8,63102.2,63214.9,30.57742815
1618369200000,63215,63251.7,63071.5,63233.3,40.85056415
1618370100000,63233.3,63732,63200,63689.1,71.17970047
1618371000000,63689.1,63755.1,63545.7,63593.8,73.14534144
1618371900000,63583.5,63898.8,63578.7,63755.5,68.20837633
1618372800000,63755.5,63825.8,63649,63676.7,72.08295665
1618373700000,63681.7,63710.3,63618.4,63704.8,38.87478935
1618374600000,63704.7,63984.8,63600,63896.7,175.58709036
1618375500000,63896.7,64248,63778.6,64247.5,88.84840284
1618376400000,64247.4,64440,64149.1,64387.2,82.73719577
1618377300000,64387.3,64538,64108.6,64268.8,104.28216318
1618378200000,64268.8,64426.2,64108.2,64364.4,76.60921144
1618379100000,64364.4,64387.9,63900,64032.9,68.24944699
1618380000000,64044.7,64840,63922.6,64699.7,143.57561703
1618380900000,64699.7,64741.8,64185.7,64438.9,115.75763971
1618381800000,64438.9,64529.9,64255.3,64529.9,59.78421966
1618382700000,64529.9,64683.8,64513.1,64600,56.17457787
1618383600000,64600,64670,64400,64628.1,52.13040349
1618384500000,64628.1,64636.5,64417.4,64446.4,43.99042403
1618385400000,64446.4,64551.4,64312.1,64412.5,49.53584394
1618386300000,64412.5,64510.2,64278.3,64292.4,28.82779559
1618387200000,64292.5,64551.9,64292.4,64487.2,56.63405981
1618388100000,64487.2,64555,64431,64479.2,31.73448217
1618389000000,64479.2,64500.9,64308,64373.1,43.5024961
1618389900000,64373.1,64378.9,63311.9,63922.7,191.96467519
1618390800000,63922.8,64148,63715,63788.7,76.39620723
1618391700000,63788.8,63818.7,63129.9,63489.1,170.69994604
1618392600000,63482.6,63604,63026.5,63502.4,120.30790596
1618393500000,63502.4,63717.7,63399.4,63570.6,50.93088571
1618394400000,63570.7,63868.8,63436.7,63859.8,55.95860063
1618395300000,63859.9,64049.9,63692.9,63822.8,51.09192667
1618396200000,63822.9,64141.9,63782.4,64088.3,32.9260758
1618397100000,64081.7,64141,63958.4,64084.2,44.77612291
1618398000000,64094.7,64441.8,64086.2,64435,61.33499671
1618398900000,64434.9,64495,64203.3,64301.2,49.14238978
1618399800000,64301.2,64762.6,64217.1,64603,72.23928766
1618400700000,64595.2,64654.9,64473.3,64511.2,69.9773928
1618401600000,64511.2,64633.9,64130.3,64167.8,65.55950071
1618402500000,64170.1,64352,63940,64185.7,93.35176447
1618403400000,64185.6,64289.7,64051.7,64260.4,52.06439873
1618404300000,64260.3,64283.6,63610.7,63879,93.19148174
1618405200000,63879,64470,63793.8,64185.6,66.72911579
1618406100000,64185.7,64400.7,63990.5,64052.9,61.45656988
1618407000000,64052.9,64224.5,63609.7,63849.3,124.21682732
1618407900000,63847.7,64034.1,63614.1,63783.9,83.02736957
1618408800000,63783.9,63784,62564.5,62669.4,252.97860325
1618409700000,62670,63224.8,62670,62925.5,261.46215214
1618410600000,62925.5,63481.1,62850,63082.5,118.32801538
1618411500000,63082.4,63333,62900,62991.1,63.27899182
1618412400000,62991.1,63317.7,62800,63165.7,75.63605616
1618413300000,63165.6,63384.1,62740.8,62751.6,91.76736367
1618414200000,62758.1,62972.1,62376.5,62959.5,163.1469104
1618415100000,62965.9,63104.2,62715.7,63037.9,81.25251926
1618416000000,63039.9,63201.8,62809.8,63181.1,81.14412355
1618416900000,63181.5,63406,63128.2,63241.3,82.78005747
1618417800000,63241.1,63462.7,63229.9,63377.4,65.59263206
1618418700000,63377.5,63686.5,63300.6,63504.5,77.65223109
1618419600000,63504.5,63504.6,63360,63422,44.03984778
1618420500000,63422.1,63518.8,63053.2,63442,76.97293065
1618421400000,63442,63750.4,62463.1,62496.1,179.03509805
1618422300000,62496,62870.5,62215.8,62262.2,149.07736962
1618423200000,62260.7,62395.8,61000,62191.6,303.03494247
1618424100000,62190.1,62700,62112.5,62592.8,96.28816247
1618425000000,62592.8,62652.8,62171.2,62312.8,81.61986395
1618425900000,62312.9,62498.6,61950.6,62090,75.74143209
1618426800000,62089.1,62471.5,61743,62471.5,92.78801712
1618427700000,62471.7,62471.7,61695.5,61855.3,102.84868618
1618428600000,61855.3,61855.4,61299.1,61780.7,172.76512656
1618429500000,61778.2,62164,61614.5,62124.4,111.27212323
1618430400000,62135.7,62246.9,61881.6,62120.7,50.41769346
1618431300000,62120.7,62289.4,62000.1,62288.6,44.29468721
1618432200000,62288.6,62325.2,62103.1,62256.8,52.5645404
1618433100000,62256.7,62547.3,62109.8,62401.3,65.54798515
1618434000000,62401.3,62671,62368.2,62666.2,44.08335183
1618434900000,62669.1,62704,62498.2,62678.4,71.21267141
1618435800000,62678.5,62939,62637.3,62800,75.12660672
1618436700000,62800,62889.3,62529.9,62782.5,63.16369949
1618437600000,62782.5,62865.7,62574.9,62783.6,45.86126861
1618438500000,62783.6,62875.4,62672.6,62688.5,65.80475163
1618439400000,62688.5,62978.7,62674.4,62969,68.50909311
1618440300000,62969,63044.1,62825.2,62856.7,40.77001521
1618441200000,62856.8,62934.1,62789.2,62789.2,36.84995718
1618442100000,62789.2,63029.7,62739.8,63017.8,44.1200079
1618443000000,63017.8,63017.8,62805.5,62862.8,38.24740897
1618443900000,62862.7,63058.9,62552.9,62958.7,55.6906072
1618444800000,62954.4,63362.6,62950.9,63151,82.26091447
1618445700000,63150.9,63287.2,63134,63158.5,38.0842886
1618446600000,63158.5,63193.1,62795.8,62835.2,39.18002207
1618447500000,62835.1,63000,62714,62714,33.18429478
1618448400000,62714,62880.6,62617.9,62718.3,43.41646397
1618449300000,62718.4,63111.9,62685.3,63109.3,53.64006975
1618450200000,63109.2,63174,62937.1,63049.4,63.88769088
1618451100000,63049.5,63076,62662,62673.7,46.83598222
1618452000000,62673.7,62904.7,62634.5,62639.1,50.78737981
1618452900000,62641,62680,62350,62455.1,75.99515665
1618453800000,62434.3,62776.3,62419.3,62770.5,45.76723067
1618454700000,62770.5,63062,62743.4,62828.5,51.91880041
1618455600000,62824.9,62978.8,62658.3,62925.7,50.75402947
1618456500000,62925.8,63142.8,62925.8,63108.4,54.17979812
1618457400000,63119.8,63302.6,62892.5,63128.6,67.65299969
1618458300000,63128.6,63190.4,63009.8,63051.8,32.17364473
1618459200000,63051.9,63329.4,63038.8,63291.4,33.83033346
1618460100000,63291.4,63463,63274.5,63332,51.91065331
1618461000000,63332,63371,63156.5,63206.9,57.8020532
1618461900000,63206.8,63206.9,62696.5,62953.5,57.85159959
1618462800000,62953.5,63068,62929.2,62988.1,35.97772837
1618463700000,62988.1,62988.1,62701.8,62772,46.27846629
1618464600000,62772,62978.7,62740,62917.1,33.3044709
1618465500000,62917.2,63287.4,62917.1,63112.6,56.40164232
1618466400000,63112.5,63294,63108.5,63229.7,41.15224687
1618467300000,63229.6,63286.5,62963.4,62990.8,45.13081241
1618468200000,62990.9,63038.1,62836.9,62863.2,34.47298918
1618469100000,62863.2,62992.6,62724,62932.5,34.1337833
1618470000000,62932.5,63189.7,62932.5,63115.1,38.17823523
1618470900000,63115.1,63134.8,62776.4,63042.7,43.95511785
1618471800000,63042.7,63062.5,62781.3,62781.4,31.00255593
1618472700000,62781.4,62964.6,62765.8,62854.8,41.80752256
1618473600000,62853.3,63126.4,62842.6,62879,51.4923646
1618474500000,62879,62898.7,62564.6,62680.6,71.83326441
1618475400000,62679.4,62813.1,62572.1,62780.1,35.74466789
1618476300000,62780,62813.9,62514,62615.5,39.76854358
1618477200000,62615.6,62741.2,62511.4,62672.3,33.88028007
1618478100000,62672.2,62786.2,62631.5,62705.8,34.02455202
1618479000000,62705.8,62824.4,62583.6,62621.2,31.83964658
1618479900000,62621.2,62672.9,62510.5,62615.8,30.13758849
1618480800000,62615.8,62715.8,62574.3,62574.3,23.55233271
1618481700000,62574.4,62629.1,62333.3,62400,55.48199573
1618482600000,62400,62513.2,62258,62513,59.07511748
1618483500000,62512.9,62516.5,62109.4,62126.9,70.79455252
1618484400000,62127,62250.1,62023.9,62139.1,68.19867998
1618485300000,62139.1,62391.5,62139.1,62358.5,64.70283288
1618486200000,62365.2,62451.1,62288.6,62401.3,40.54788716
1618487100000,62401.2,62467.2,62314.9,62365,30.40420551
1618488000000,62365,62627.7,62351.8,62588.5,45.09532547
1618488900000,62590.7,62634.3,62531.4,62633.4,30.51508262
1618489800000,62633.5,62724.3,62608.3,62724.3,25.41752983
1618490700000,62724.3,62727.5,62556.1,62624.2,29.11490797
1618491600000,62624.3,62780.6,62604.5,62705.9,37.47896901
1618492500000,62705.9,62927.1,62705.3,62810.2,48.12557661
1618493400000,62810.1,63038,62797,63015.2,47.25818388
1618494300000,63015.2,63070.4,62864.7,62920.8,56.36386486
1618495200000,62921.5,62993.9,62694.2,62793.3,53.59577892
1618496100000,62793.4,62866.3,62693.2,62803.7,46.07918157
1618497000000,62803.7,62893.8,62658.8,62675.1,58.65816486
1618497900000,62675,62751.3,62571.2,62636.3,77.18179249
1618498800000,62636.4,62745,62428.6,62650.7,63.10435257
1618499700000,62650.7,62761.4,62425.8,62471.3,53.81762211
1618500600000,62471.4,62573.5,62392.6,62564.2,57.98655555
1618501500000,62564.2,62741,62522.1,62712,55.69192311
1618502400000,62712.1,62974.1,62581.5,62917.2,91.81262353
1618503300000,62917.2,62924.9,62644,62708.3,58.3590334
1618504200000,62711.1,62715.1,62465.5,62566.1,68.88907944
1618505100000,62566.1,62752.3,62564.2,62660.4,63.25603397
1618506000000,62660.5,62707,62407.8,62529.8,53.93786161
1618506900000,62529.8,62570.1,62361.6,62460.1,42.07942702
1618507800000,62460,62573,62317.5,62490.9,46.79945887
1618508700000,62491,62582.8,62462.8,62582.8,34.58640421
1618509600000,62582.8,62626.4,62498.4,62574.4,27.97515677
1618510500000,62574.5,62639.1,62496.1,62518.9,30.82409314
1618511400000,62518.8,62824.9,62496.1,62732.5,63.03011454
1618512300000,62732.6,62762.5,62672.9,62729.7,38.45320577
1618513200000,62729.6,62924.8,62729.6,62848,41.43991411
1618514100000,62848,63220.6,62821.1,63217.2,75.07824595
1618515000000,63217.2,63306.1,63143.2,63297.8,79.77849731
1618515900000,63297.9,63579.3,63297.8,63384.5,94.23587944
1618516800000,63384.6,63504.3,63217,63242.3,64.09091136
1618517700000,63242.3,63595.1,63196.9,63591.1,73.51095473
1618518600000,63591.1,63599.6,63316.8,63322.3,38.43010427
1618519500000,63322.2,63359.6,63186.2,63350.8,37.78060071
1618520400000,63350.8,63454.2,63303.9,63452,34.7152328
1618521300000,63452,63457.4,63246.5,63343.9,32.2808949
1618522200000,63343.9,63772.1,63317.7,63671.4,64.39320742
1618523100000,63671.4,63685,63320.6,63362.2,36.14785631
1618524000000,63362.2,63500,63253.6,63461.9,61.13258551
1618524900000,63459.4,63495.1,63174.8,63312.9,46.59808627
1618525800000,63312.8,63426.2,63267.3,63281.4,36.30243676
1618526700000,63281.3,63321.1,63183.9,63256.8,39.54341741
1618527600000,63256.8,63342.1,63204.7,63254.9,40.77147508
1618528500000,63254.8,63319.5,62975.1,63147.6,76.52922328
1618529400000,63147.2,63181.5,63010,63070.8,45.86081437
1618530300000,63070.8,63217.7,63070.7,63152.6,31.32914108
1618531200000,63152.6,63308.7,63043.4,63068.9,46.76880869
1618532100000,63068.9,63449.7,63061.5,63267.3,63.13608441
1618533000000,63267.3,63477.9,63267.2,63442.1,39.63645624
1618533900000,63442.2,63509.7,63354.3,63367.1,59.60767715
1618534800000,63367.1,63457.6,63201.8,63321.3,99.99187114
1618535700000,63321.3,63337.9,63117.6,63196.6,81.5560822
1618536600000,63196.6,63201.2,62758.5,62845.9,112.29032163
1618537500000,62849.9,63093.1,62679,62999.6,90.08923031
1618538400000,63000.7,63083.6,62942.8,62970,45.86513175
1618539300000,62970,63197.1,62859.1,63195.8,75.73911075
1618540200000,63195.7,63195.8,62882.4,62953.9,64.6956115
1618541100000,62953.9,63030.8,62737.5,62817.1,99.94912789
1618542000000,62817.1,62949.8,62719,62879.1,72.91245882
1618542900000,62879.2,63160,62815.6,63109.9,70.82139086
1618543800000,63109.8,63189.2,62950.9,62981.6,45.7822463
1618544700000,62981.6,63072.6,62870.9,62924.9,41.63688973
1618545600000,62924.9,62949.9,62556,62682.6,92.2843147
1618546500000,62682.6,62767.1,62633.6,62708.9,46.36565934
1618547400000,62708.9,62708.9,61792.3,62021,226.45481303
1618548300000,62021,62146.2,61520.9,61663.8,123.81439222
1618549200000,61662.2,62117,61408.3,62021.8,155.19970415
1618550100000,62021.8,62171.7,61931.7,62017,81.77484305
1618551000000,62016.9,62056.5,61457.5,61867.3,155.23914293
1618551900000,61863.2,61949,61646.2,61796.4,78.5626648
1618552800000,61796.4,61798.1,61073,61520,235.16422834
1618553700000,61519.9,61571.2,61049.8,61320,121.73898424
1618554600000,61320,61497.4,61052.4,61463.8,94.52587759
1618555500000,61463.8,61558.4,61290.8,61432.2,64.17746426
1618556400000,61432.2,61432.3,61182.3,61344.1,50.2336677
1618557300000,61344.1,61427.6,60803,61398.4,127.27725009
1618558200000,61398.3,61633.9,61356.8,61529.3,59.05844903
1618559100000,61529.3,61577.6,61311.7,61405.2,62.0849237
1618560000000,61401.8,61586,61157.6,61427.8,77.53793225
1618560900000,61427.9,61589.4,61427.8,61519.7,62.26766905
1618561800000,61519.7,61521,61222.4,61495.7,41.66862246
1618562700000,61495.7,61497.7,61121,61196.5,69.21696694
1618563600000,61196.6,61244.8,60649.6,60737.2,147.34920937
1618564500000,60737.2,60998.4,60521.2,60729.8,123.0353595
1618565400000,60729.8,60836.5,60402,60471.7,134.13842087
1618566300000,60471.7,60772.8,60426.4,60641,69.95238939
1618567200000,60641,60952.5,60531.6,60904.2,60.78511851
1618568100000,60904.1,60909.9,60632.1,60824.9,62.19155814
1618569000000,60824.9,60826,60228.5,60368.9,116.98386023
1618569900000,60377.8,60533.4,60225.4,60236.4,84.46622113
1618570800000,60236.4,60621.2,60202.7,60501.3,96.66616564
1618571700000,60501.3,60550.8,59930.8,60510,223.41250957
1618572600000,60510,60702.8,60333.9,60598.6,76.50818451
1618573500000,60598.1,60873.6,60512.7,60842.9,82.90167368
1618574400000,60842.9,60843,60524.2,60656.3,71.19410847
1618575300000,60656.3,60879.4,60515.3,60842.7,75.4235951
1618576200000,60858,60990.2,60711,60781.4,74.24568251
1618577100000,60781.4,60871.2,60702.8,60717.4,59.72673737
1618578000000,60717.4,60956.6,60547.5,60955.7,76.31147039
1618578900000,60955.7,61105.8,60869.6,61101.6,129.27576858
1618579800000,61101.6,61161.2,60788.7,60874,162.84781222
1618580700000,60874,60878.9,60221.9,60453.8,235.34774433
1618581600000,60453.7,60908.9,60426.6,60856.4,164.85172495
1618582500000,60856.5,61432.7,60712.1,61317.4,170.73717077
1618583400000,61317.3,61409.6,61155.3,61335.2,82.9511965
1618584300000,61333.3,61463,61226.6,61275.6,72.93128772
1618585200000,61275.6,61317.9,61100,61199.3,94.12920938
1618586100000,61199.3,61404.9,61145.4,61338.5,124.08372768
1618587000000,61338.5,61538.5,61280.3,61364.9,107.53419749
1618587900000,61364.9,61661.8,61326.6,61583.1,98.38798793
1618588800000,61583.1,61691.9,61334.9,61452.8,131.77873477
1618589700000,61452.7,61596.2,61254.9,61328.8,152.92369475
1618590600000,61328.9,61545,61282.5,61532.5,92.80524919
1618591500000,61532.6,61806.5,61532.5,61733.7,91.96258345
1618592400000,61733.8,61794.6,61641,61732.1,82.17619554
1618593300000,61732.2,61856.9,61695.6,61722.5,59.75048932
1618594200000,61722.5,61839.8,61646.7,61663.8,68.31618492
1618595100000,61663.8,61761.5,61555.6,61584.4,75.66921823
1618596000000,61584.4,61674.3,61314.9,61410,69.31632389
1618596900000,61410,61410,61123.4,61200,62.11986663
1618597800000,61199.8,61490,61189.1,61453.6,61.87906672
1618598700000,61453.5,61820.2,61448.6,61820.1,72.53149193
1618599600000,61820.2,61871.6,61597.3,61678.6,69.5029534
1618600500000,61678.6,61788,61379.7,61526.3,79.52209028
1618601400000,61526.3,61737.3,61526.3,61710,51.77525394
1618602300000,61710,61744.2,61554.9,61716.2,56.02726996
1618603200000,61716.2,61822.9,61624.5,61749.6,79.87513304
1618604100000,61748.6,61837.2,61682.9,61834,73.14734543
1618605000000,61834.1,61929.7,61819.2,61819.3,57.23167003
1618605900000,61819.2,62004.9,61819.2,61909.9,67.99493287
1618606800000,61909.8,62090.5,61909.8,62081.4,52.64665786
1618607700000,62081.4,62081.4,61711.5,61759.7,55.48564133
1618608600000,61759.8,61958.3,61752.1,61879.1,37.60386852
1618609500000,61879.1,61915.8,61693.9,61744.1,25.19146431
1618610400000,61744,61822.7,61575.5,61667.2,43.79704652
1618611300000,61667.1,61755.1,61583.7,61714.6,52.91089994
1618612200000,61714.7,61974.3,61714.6,61823.6,50.19520372
1618613100000,61823.7,61860.6,61539.6,61551.6,49.64453261
1618614000000,61551.6,61598,61470.3,61521.7,49.17507959
1618614900000,61521.6,61663.7,61505.6,61566,34.21836597
1618615800000,61566,61636.2,61467.7,61487.1,38.26302923
1618616700000,61487.1,61534.8,61342.6,61342.6,36.39153963
1618617600000,61342.7,61730.9,61268.7,61648.8,82.5239516
1618618500000,61648.9,61695.3,61188.4,61333.2,72.37560536
1618619400000,61333.1,61396.4,61144.2,61200,52.88239212
1618620300000,61200,61509.4,61199.9,61446.2,48.42948519
1618621200000,61446.2,61764.7,61446.2,61647.4,83.82297381
1618622100000,61647.4,61953.3,61633.3,61910.5,83.60829479
1618623000000,61910.5,62011.5,61779.6,61972.9,60.84538499
1618623900000,61972.9,62023.9,61865,61893.5,50.91265259
1618624800000,61900.6,62193,61900.6,62050.1,72.99923286
1618625700000,62050.2,62263.9,62050.2,62233.5,64.99490693
1618626600000,62233.5,62307.7,62123.8,62264.2,58.45633176
1618627500000,62264.2,62308.6,62166.1,62175.8,63.8188955
1618628400000,62175.8,62245.4,62061.5,62142.6,66.05628698
1618629300000,62142.6,62210,62093.3,62196.9,59.0925193
1618630200000,62196.9,62497.8,62191.6,62480.1,57.35656247
1618631100000,62483.9,62495,62326.9,62369.7,53.22799393
1618632000000,62367.6,62466,62215,62256.5,42.1417988
1618632900000,62256.6,62338.4,62153.2,62222.2,58.53316297
1618633800000,62222.2,62291.6,62087.4,62091.6,56.30147215
1618634700000,62094,62271.5,62093.3,62221.6,47.76459216
1618635600000,62221.6,62225.5,62100.9,62111.7,36.11719647
1618636500000,62111.7,62138.5,62000,62105.1,52.63762639
1618637400000,62105,62278.9,62039.4,62194.7,53.98383214
1618638300000,62194.6,62290,62096.9,62147.7,27.45787147
1618639200000,62147.8,62168.1,61871,61960.4,42.99608944
1618640100000,61962.5,62057,61848.9,61969.9,43.9292403
1618641000000,61969.9,62099.9,61962.2,62050.7,41.36597865
1618641900000,62050.6,62151.7,61983.6,62010.3,22.3817781
1618642800000,62010.3,62310,61961.2,62204.9,48.94803043
1618643700000,62205,62250,62057.8,62062.6,34.98724031
1618644600000,62062.6,62272.7,61979.4,62267.9,27.72954019
1618645500000,62267.9,62300,62090.9,62107.9,22.27867009
1618646400000,62107.9,62333.4,62107.8,62257.7,51.1948638
1618647300000,62257.8,62327.2,62141.8,62205.5,26.65705945
1618648200000,62205.5,62236.8,62169.3,62215.9,34.64827574
1618649100000,62215.9,62388,62198,62388,53.19425904
1618650000000,62387.9,62451.9,62122.7,62183.1,38.01593448
1618650900000,62183.1,62183.1,61675,61756.5,79.32909462
1618651800000,61756.5,61842.3,61644.7,61722,65.07153361
1618652700000,61721.9,61741.8,61466.4,61670.1,67.85321536
1618653600000,61678.4,61823.9,61383.3,61776.7,54.99491644
1618654500000,61776.7,61888.2,61624.3,61624.3,49.65779291
1618655400000,61622.4,61715.6,61526.7,61551.5,47.9586725
1618656300000,61541.3,61672.7,61282.3,61368.8,48.69778816
1618657200000,61368.8,61400.8,61221.6,61393.3,50.92776945
1618658100000,61393.2,61427.5,61093.3,61156.1,48.55744722
1618659000000,61156.1,61156.2,60696.9,60919,121.87956564
1618659900000,60924.5,61155.8,60832.9,60891.1,62.3115365
1618660800000,60891.2,60891.2,60511.8,60834.8,119.38717725
1618661700000,60834.8,60985.3,60766.1,60771.5,58.24538026
1618662600000,60780.1,61083.2,60642.4,61045.3,77.63119894
1618663500000,61045.3,61083.9,60907.2,61057.3,57.99223384
1618664400000,61057.3,61079.2,60911.7,60911.7,33.14182181
1618665300000,60909.6,60909.6,60364.4,60772.2,96.23098249
1618666200000,60772.1,61163.5,60772.1,61158.7,84.71236229
1618667100000,61158.7,61158.8,60970.9,61023.4,43.86935382
1618668000000,61023.5,61210.5,60818.1,61089.3,65.76092611
1618668900000,61089.3,61089.4,60791.6,60856.8,60.76184066
1618669800000,60856.8,60975,60736,60807.3,45.57857525
1618670700000,60807.3,60869.6,60567,60619.6,59.1516139
1618671600000,60619.5,60656.6,60426.1,60501.6,61.0680555
1618672500000,60501.7,60607.1,60286.1,60572.1,85.03867878
1618673400000,60572.1,60583.7,60101,60135.6,104.77218687
1618674300000,60135.6,60399.5,60076.2,60256,84.08515205
1618675200000,60256,60587.4,59881,60540.6,160.24370738
1618676100000,60550,60568.8,60349.4,60503.8,61.4725363
1618677000000,60503.8,60594,60420.1,60594,42.56718598
1618677900000,60593.9,60680.8,60380.4,60381.2,58.16126477
1618678800000,60381.3,60588.3,60311.8,60466.5,42.66424631
1618679700000,60462,60598,60409.6,60545.8,38.02189095
1618680600000,60545.7,60561.7,60365.9,60365.9,31.96231717
1618681500000,60362.4,60450.2,59626.2,59705.9,149.04842803
1618682400000,59705.9,60177.9,59599.6,60171.2,96.93080976
1618683300000,60171.3,60361.2,60160,60243.4,60.48591208
1618684200000,60243.4,60510.7,60237.3,60433.3,66.46709479
1618685100000,60433.3,60433.3,60300.7,60370.3,35.03818891
1618686000000,60370.7,60722,60370.7,60720.1,43.08222494
1618686900000,60720.1,60770.5,60573.3,60602.2,61.09269222
1618687800000,60602.3,60698.4,60566.9,60655,35.53537424
1618688700000,60655.1,60729.4,60620.2,60705.2,44.1621601
1618689600000,60705.1,60746.4,60380.8,60665,58.7029528
1618690500000,60665.1,60689.1,60597.3,60616.8,35.29628563
1618691400000,60616.8,60872,60616.8,60840.3,41.4536024
1618692300000,60840.3,60884.3,60767.9,60803.2,30.74921176
1618693200000,60803.2,60805.1,60674.1,60763.9,47.01561377
1618694100000,60763.8,60884.4,60702.5,60884.3,30.20016825
1618695000000,60884.3,60940.5,60745.1,60745.1,27.12530747
1618695900000,60745.1,60788.4,60535.2,60717.1,36.10914573
1618696800000,60717.2,60790.5,60606.7,60757.9,30.11948267
1618697700000,60757.9,60818.7,60674.2,60674.2,26.11993076
1618698600000,60673.4,60705.7,60378.4,60378.4,37.59365874
1618699500000,60378.5,60749.6,60359.6,60651.2,37.70676285
1618700400000,60650.1,60794.8,60592.7,60606.4,24.04217585
1618701300000,60606.4,60606.4,60257.1,60276.7,41.3883612
1618702200000,60276.7,60347.5,60028.7,60144.2,51.98122693
1618703100000,60144.2,60360.3,59970,59995.2,55.55501717
1618704000000,59995.3,60409.5,59873,60289.6,95.07352388
1618704900000,60289.5,60366.7,59550.3,59566,117.33970722
1618705800000,59562.8,59803.8,59288.5,59673.2,179.04753709
1618706700000,59673.1,59726.5,59369.6,59372.5,78.68860517
1618707600000,59372.6,59637,59245,59260.4,74.33968
1618708500000,59260.4,59400.3,58820.6,59344.1,196.64651718
1618709400000,59344.1,59718.1,59261,59601.8,77.46579413
1618710300000,59601.8,59618,59097.5,59228.7,81.31076778
1618711200000,59225,59472.9,59104.5,59159.5,67.76984096
1618712100000,59159.5,59159.6,58300,59075.2,149.18257634
1618713000000,59075.2,59148,58726.4,58823.9,80.88993211
1618713900000,58828.5,59047.6,58592.9,58800.2,110.50764283
1618714800000,58800.2,58966.7,58200,58424.2,153.49946547
1618715700000,58430.6,58444.1,51111,56049.2,390.67445472
1618716600000,56049.3,56295.6,49001,53342.6,426.86276845
1618717500000,53100,54666.1,51545.5,54251.8,279.97244477
1618718400000,54251.8,54823.7,52223.8,54266,248.61996709
1618719300000,54263.3,55199.8,54249.8,54925.3,218.31648772
1618720200000,54877.6,55632,53500,53713.8,193.45394652
1618721100000,53801.7,54749.1,53500,54436.8,173.14056504
1618722000000,54440.3,55479.5,54329.9,55373.8,144.56407926
1618722900000,55373.8,55494.7,54764.8,55312.8,94.70095909
1618723800000,55312.8,55582.5,55009,55573.4,75.85765299
1618724700000,55573.4,55720,55112,55490.7,116.24992515
1618725600000,55491.7,55927.4,55199.1,55927.4,105.99733381
1618726500000,55927.4,56424.7,55801.4,56190,127.35756155
1618727400000,56190,56208.2,55307,55482.5,204.72876935
1618728300000,55482.5,55842.8,55402.6,55726,106.84548786
1618729200000,55725.9,56200,55725.9,56200,120.54402036
1618730100000,56199.9,56444,55986,56405.9,88.83509154
1618731000000,56408.1,56506.4,56227.2,56318.5,92.27155031
1618731900000,56318.5,56383.9,56079.8,56180.7,86.05961349
1618732800000,56180.6,56476.7,55678.8,55943.7,174.57829266
1618733700000,55943.7,56307,55810,56204.2,76.22090791
1618734600000,56204.2,56264.5,55842.6,55904.8,67.21880714
1618735500000,55904.8,55943.9,54523.8,54973.8,363.5942572
1618736400000,54967.8,55242.8,54279.7,55063.7,351.54718228
1618737300000,55060.1,55250,54332.8,54501.4,244.61181852
1618738200000,54489.1,54888,53946.1,54461.3,266.43875198
1618739100000,54483,55100,54000,54988.3,220.06625273
1618740000000,54965.2,55344,54684.6,55295.3,63.96647247
1618740900000,55295.3,55303.5,54597,54792.1,130.46962223
1618741800000,54792.2,55096.4,54704.4,54943.5,75.297953
1618742700000,54943.4,55147.5,54520.8,54653,106.909454
1618743600000,54638.4,55075.4,54558.1,54564.9,77.6889982
1618744500000,54573.5,54957.2,54564.8,54579.2,81.15083332
1618745400000,54584.8,54732.5,53448.6,53488.1,356.48080752
1618746300000,53488.1,53863.6,52844.4,53257.8,351.3604216
1618747200000,53268.3,54248.6,53207.5,53858.2,168.27627859
1618748100000,53857.8,54347,53002.3,54248.1,194.01577947
1618749000000,54248.1,54815.7,54000,54589.2,182.91971533
1618749900000,54600,54947,54568.4,54941,66.52746518
1618750800000,54941,55021.4,54636.4,55010.2,65.09158348
1618751700000,55010.3,55193.9,54810.8,55065,85.06925455
1618752600000,55065,55300,54853.2,54899.3,75.3746948
1618753500000,54899.3,55282,54898.2,55158.5,76.97516105
1618754400000,55164.2,55305.3,55058,55236,56.58165818
1618755300000,55236,55761.9,55009.5,55696.2,109.11406561
1618756200000,55698.8,55747.7,55411.7,55533.2,80.57271626
1618757100000,55528.7,55580.6,55025.6,55136.6,90.26033505
1618758000000,55136.6,55315.2,54986.3,55268.7,57.67935512
1618758900000,55268.7,55493.7,55268.7,55392.1,63.46346815
1618759800000,55392.1,55418,54800,54998.8,82.8619845
1618760700000,54998.8,55541,54677.5,55457.8,92.64889196
1618761600000,55457.8,55831.1,55316.6,55721.6,157.85063918
1618762500000,55721.7,55963.6,55627.2,55843.4,107.08900278
1618763400000,55843.3,55856.3,55522.4,55529.3,97.02375562
1618764300000,55521.3,55601.8,55229.8,55422.7,73.26422274
1618765200000,55422.6,55634.7,55276.9,55377.6,90.76073212
1618766100000,55377.6,55475.3,54900,55280,101.79768683
1618767000000,55281.4,55319.4,55037.7,55128.6,59.99733306
1618767900000,55128.5,55186.2,54866,55139.6,82.65497982
1618768800000,55139.9,55254.9,55072.7,55244.1,39.46268496
1618769700000,55244.1,55249.7,55014.1,55023.5,59.95044519
1618770600000,55023.5,55365.8,54975.1,55286.4,63.35974548
1618771500000,55286.5,55683.5,55286.4,55472.6,71.2260296
1618772400000,55472.5,55731.5,55288.8,55455.9,79.52230678
1618773300000,55455.9,55773.4,55340.1,55711.6,67.05393014
1618774200000,55711.6,55843,55597.1,55790,49.7814907
1618775100000,55790,55797.2,55628.3,55721.6,49.36180394
1618776000000,55721.7,56031.1,55720.2,55994.2,84.28603593
1618776900000,55994.2,56008.3,55801.1,55892,55.56735274
1618777800000,55891.9,56170.4,55886.4,56159.1,49.30779423
1618778700000,56159.1,56322.3,56079.3,56177.2,47.17465644
1618779600000,56177.1,56213.5,56058.3,56059.2,37.64782191
1618780500000,56059.2,56144.8,55994.6,56111.9,31.28831558
1618781400000,56111.9,56111.9,55625,55784.4,51.45779973
1618782300000,55784.4,56351.2,55554.6,56286.8,63.50766151
1618783200000,56282,56452.7,56189.3,56266.8,55.51095481
1618784100000,56266.8,56401.3,56013.3,56401.3,65.48350247
1618785000000,56401.2,56700,56372.7,56600.4,83.13984412
1618785900000,56600.3,56671.6,56477,56524.1,64.1723978
1618786800000,56524.1,56598,56296,56404.4,55.67278579
1618787700000,56404.5,56423.9,56183.6,56217.7,66.13684162
1618788600000,56217.7,56400,56217.7,56239.6,42.49804142
1618789500000,56239.6,56430,56022.6,56150.6,71.11491018
1618790400000,56152.7,56304.6,55671.5,55697.4,111.68733219
1618791300000,55698.7,56153.6,55697.9,56080.9,74.09298026
1618792200000,56080.9,56680,55983.8,56565.5,91.12885968
1618793100000,56565.5,56860.4,56365.5,56778.2,75.96772138
1618794000000,56778.2,57101.5,56656.6,57053.5,90.87536809
1618794900000,57053.5,57061.4,56789.7,57032.5,59.14438871
1618795800000,57032.4,57032.4,56795.1,56862,57.204523
1618796700000,56861.9,56956.4,56686.9,56759.5,48.70442382
1618797600000,56759.5,56975,56655.3,56655.6,58.09869365
1618798500000,56655.6,56911.4,56537.9,56877.5,47.21480179
1618799400000,56885.2,57216.5,56835,57073,64.58103426
1618800300000,57073,57095.3,56865.8,56891.4,44.60780046
1618801200000,56891.4,56919.6,56763.5,56796.8,54.59985881
1618802100000,56796.7,57009.9,56727.6,56823.1,70.57060142
1618803000000,56823.1,57128.6,56823,57117.3,53.15770876
1618803900000,57117.4,57270,57028.6,57041.3,56.97003536
1618804800000,57041.4,57161.5,56929.7,57029.1,43.54895296
1618805700000,57029.1,57097.8,56897.7,56939.8,51.5887444
1618806600000,56938.3,56997.7,56749.6,56775.8,48.3183822
1618807500000,56775.9,56970,56732,56957.7,82.51208977
1618808400000,56957.6,56968.6,56553,56764.2,47.71176079
1618809300000,56764.2,56764.8,56415.7,56643.5,72.47015137
1618810200000,56640,56804.7,56634.8,56796.3,29.26216877
1618811100000,56796.3,56892.6,56510.1,56513,47.15644205
1618812000000,56513.1,56792,56513,56763.5,46.39318637
1618812900000,56763.5,56934.9,56641.9,56777.2,60.55634242
1618813800000,56777.2,56909,56700,56800.9,45.83276358
1618814700000,56800.9,57365.5,56672.5,57258.5,46.22386309
1618815600000,57258.6,57477.4,57078.2,57207.6,38.43789633
1618816500000,57207.2,57286.6,57020,57286.5,31.51966747
1618817400000,57286.5,57349.7,57225.3,57290,11.05265069
1618818300000,57279.4,57500,57279.4,57349.3,51.71570167
1618819200000,57343.1,57583.4,57124,57147.9,71.20260041
1618820100000,57146.6,57207.9,56843.8,56853.4,73.16487129
1618821000000,56863.2,57135.5,56851.8,57012.2,50.11829714
1618821900000,57012.2,57070,56764.6,56787.7,42.91151652
1618822800000,56787.7,56949.2,56613.3,56674.5,61.86063831
1618823700000,56674.5,56838.1,56594.6,56791.7,48.40977749
1618824600000,56791.8,57106.4,56791.7,56980,41.42359889
1618825500000,56980,56981.4,56666,56695.5,86.33011015
1618826400000,56699.8,56796.4,56274,56355.7,122.05422522
1618827300000,56355.8,56549.2,56234.3,56480.6,122.26908614
1618828200000,56480.6,56571.5,56166,56338.2,82.1385225
1618829100000,56332.5,56509.1,55385.8,56506,165.88251301
1618830000000,56506,57500,56447.6,56945.2,138.39114504
1618830900000,56941.7,57070.2,56791.2,56821.2,67.3468153
1618831800000,56821.2,57028.5,56804.1,56961.7,49.75468742
1618832700000,56961.7,57308.9,56961.7,57108.1,65.44574679
1618833600000,57108.1,57124.6,56976.4,57028.3,53.53870158
1618834500000,57028.4,57116.6,56848.8,56991.4,45.53211814
1618835400000,56991.3,57135.6,56682.1,56688.2,66.04362955
1618836300000,56688.3,56792.5,56457.9,56514.4,69.74082088
1618837200000,56514.4,56653.1,56341.4,56341.5,63.92967791
1618838100000,56341.5,56476,56008.4,56233.7,126.10306679
1618839000000,56233.8,56678.3,56232,56672.6,85.07870715
1618839900000,56677.4,56761,56358.2,56629.2,91.12315395
1618840800000,56629.2,56629.2,56052.4,56315.4,83.84679822
1618841700000,56309.6,56460.6,55695.7,55713.5,136.34431507
1618842600000,55713.5,55989.5,55192,55377.8,266.99493338
1618843500000,55377.8,55562.2,55043.8,55417.4,216.44973195
1618844400000,55408.8,55408.9,54590.8,55244.3,266.1385829
1618845300000,55250.1,55425.7,54864.5,55335.5,179.26337686
1618846200000,55340.5,55340.7,54450.2,54548.1,194.97186757
1618847100000,54540.4,54866.5,54205.2,54546.5,268.85225898
1618848000000,54546.5,55368.4,54356,54787.1,255.55172358
1618848900000,54780.6,55540.2,54672.8,55173.1,260.96555562
1618849800000,55173.1,55368.4,54918.1,55055.3,122.13157326
1618850700000,55055.2,55055.2,54641.7,54827.4,112.49243685
1618851600000,54827.4,55210.1,54568.1,55200,108.70463511
1618852500000,55200,55422,55134.1,55292.9,89.51419946
1618853400000,55294,55430.6,55076,55294,62.66637305
1618854300000,55294,55469.1,55163.9,55366.8,67.75318915
1618855200000,55366.8,55833,55313.9,55575.5,98.08058586
1618856100000,55575.6,55693.7,55532.2,55627.6,44.94288062
1618857000000,55627.7,55778.3,55370.6,55713.8,54.3529102
1618857900000,55713.9,55793.7,55581.7,55636.1,49.53290928
1618858800000,55636,55775,55508.6,55650,56.49051882
1618859700000,55649.9,55882.4,55600,55600,50.7326644
1618860600000,55600.1,55773.9,55388,55689.5,48.83993253
1618861500000,55689.6,56075.5,55689.6,55940,73.01879241
1618862400000,55940.1,55980.4,55757.3,55889.8,51.94031349
1618863300000,55890.2,56121.3,55883.8,56042.8,56.99837723
1618864200000,56042.8,56416.1,56042.8,56261.1,81.60842017
1618865100000,56261.1,56297.1,56106,56133.7,37.65704603
1618866000000,56133.7,56219.6,56069.4,56179.7,28.38259275
1618866900000,56179.8,56203.4,55710.8,55717.1,41.72771699
1618867800000,55717,56511.9,55714.1,56382.2,37.38841717
1618868700000,56382.2,56590.5,56218,56244.2,39.89510799
1618869600000,56244.3,56258,55955.2,55977.1,39.06165965
1618870500000,55977.1,56202.5,55967.4,56088.4,51.50776682
1618871400000,56088.5,56339.1,56061.9,56062,35.4436355
1618872300000,56061.9,56266.4,55803.5,55974.3,78.79171669
1618873200000,55978.8,56178.4,55751.5,56008.8,72.4527376
1618874100000,56008.7,56043.2,55529.3,55565.4,75.46682017
1618875000000,55564.8,55869.6,55541.9,55682.3,65.7110906
1618875900000,55682.2,55862.5,55541.3,55618.8,55.93981788
1618876800000,55618.7,55785.2,55066.5,55273.4,176.68981054
1618877700000,55273.4,55427.4,54716.5,54741,202.30726329
1618878600000,54741,54950.8,53886.3,54311.2,284.96601731
1618879500000,54313.1,54860.1,54300.1,54617.5,200.68275624
1618880400000,54617.6,55158.3,54553.9,55080.3,128.68284265
1618881300000,55080.3,55145.6,54925.7,54987.2,83.04875863
1618882200000,54987.2,54987.2,54598.5,54616,130.91348669
1618883100000,54624.8,54830.8,54412.6,54769.2,133.16901572
1618884000000,54747.6,54888,54467.1,54595.3,55.38897967
1618884900000,54595.3,54754.1,53739.3,53944.5,134.17722598
1618885800000,53929.5,54103.8,53592.6,53925.6,114.54423248
1618886700000,53925.8,54187.7,53512,54180.5,108.21367823
1618887600000,54180.6,54423,54059.8,54289.2,82.07692633
1618888500000,54289.3,54391.3,54163.4,54202.5,41.19046363
1618889400000,54202.5,54513.3,54138,54475.1,68.52108934
1618890300000,54475,54782,54403.9,54548.6,110.23242652
1618891200000,54548.6,54880,54403.8,54780.8,144.9900863
1618892100000,54830.7,55101.4,54500.4,54734.9,119.31711253
1618893000000,54700,55000,54626.5,54988.4,70.27968643
1618893900000,54988.4,55345,54988.4,55257.2,88.5468624
1618894800000,55257.2,55466,55100.3,55177,66.09902828
1618895700000,55177.2,55207.3,54882.1,54980.1,47.94960508
1618896600000,54980.1,55127.6,54784.5,54897.1,56.04655148
1618897500000,54897.1,54999.6,54763.1,54933.9,41.79470242
1618898400000,54933.9,55156.8,54688.7,54688.7,45.46105453
1618899300000,54696,54893.5,54515.1,54518.3,59.49538828
1618900200000,54516.7,54670.5,53881.5,54059,108.59957818
1618901100000,54058.5,54157.4,53507,53854.5,170.59428496
1618902000000,53854.9,54235.3,53541.4,54219.9,145.17042814
1618902900000,54220,54220,53816,53838.7,70.3460163
1618903800000,53831.5,54046.5,53328,53897.7,159.99629013
1618904700000,53899.9,54428.1,53836.5,54401.8,133.73611763
1618905600000,54401.9,54926.5,54241.9,54870.1,136.26358076
1618906500000,54870.1,55069.9,54687.8,54723.8,88.14161512
1618907400000,54723.4,54834.3,54474,54811,69.26063634
1618908300000,54811,55295,54737,55211.8,100.79154203
1618909200000,55211.8,55228.8,55050.2,55180.8,43.76444206
1618910100000,55180.8,55416.6,54838.5,55210.3,119.32127185
1618911000000,55219.5,55292.9,54898.2,55149.6,64.95348069
1618911900000,55149.7,55188,54789,54893.2,59.70429405
1618912800000,54893.2,55220,54828.8,55062.7,66.33192013
1618913700000,55062.6,55898,55057.8,55598.6,137.01950271
1618914600000,55598.6,56132.5,55598.6,56011,125.32181178
1618915500000,56011.4,56218.4,55791,55913.1,67.60866872
1618916400000,55906.5,56092.8,55750.7,55957.6,65.36038912
1618917300000,55957.7,55958.7,55749.1,55777.6,38.01073755
1618918200000,55777.6,55930.2,55694.5,55814.3,43.72951208
1618919100000,55816.3,56401.5,55783.8,56270.5,100.76885369
1618920000000,56270.6,56285.6,55767,55836.7,75.95054768
1618920900000,55833.6,55902.4,55625.1,55796.5,56.35379016
1618921800000,55796.6,56087.8,55796.5,55805.5,43.08285764
1618922700000,55805.6,55972.6,55734.9,55803.7,47.31717763
1618923600000,55803.8,55996.1,55803.1,55881,36.44071991
1618924500000,55881,56050,55771.1,55996.2,48.76219093
1618925400000,55996.2,56225.7,55996.1,56145.4,61.89775368
1618926300000,56145.3,56313.3,56046.1,56313.2,49.08440083
1618927200000,56313.2,56447.8,56146.6,56149.5,77.11902928
1618928100000,56149.5,56253.2,55948.8,56040,54.48484832
1618929000000,56038,56038,55460,55583.1,87.40958605
1618929900000,55583.9,55599.3,55180.3,55332.2,96.23246609
1618930800000,55332.2,55571.3,55243.1,55342.4,88.97300602
1618931700000,55342.4,55440.9,54905.1,54996.7,116.57890849
1618932600000,54996.7,55106.4,54650.3,55099.7,92.51823784
1618933500000,55099.7,55452.3,55093.6,55336.9,48.59144356
1618934400000,55346.5,55581.5,55102.3,55519.5,58.42728629
1618935300000,55519.4,55624.5,55394.9,55492.6,123.52119273
1618936200000,55492.6,55524.8,55228.8,55228.9,78.80926627
1618937100000,55228.8,55815.4,55124,55779.4,128.11669217
1618938000000,55779.3,55841.3,55670.8,55824,73.23837211
1618938900000,55824,55824.1,55536.9,55716,46.11087139
1618939800000,55716,55757.7,55581.7,55734.6,44.19933841
1618940700000,55739,55927.4,55738.9,55868,102.75172403
1618941600000,55868,55972.1,55711.9,55957.6,69.23261606
1618942500000,55957.5,56180.8,55896.2,56164.9,154.49232187
1618943400000,56164.9,56165.9,55904,56040,74.89530277
1618944300000,56040,56443.9,56040,56245.3,136.4805966
1618945200000,56254,56500,56239.9,56295.3,104.43263283
1618946100000,56295.2,56500,56196.6,56442.7,81.65372594
1618947000000,56442.6,56679.1,56442.6,56670.3,105.99414554
1618947900000,56670.3,56739.3,56326.2,56577.5,130.69086126
1618948800000,56577.5,56680,56360,56554.3,83.63005876
1618949700000,56554.3,56942.9,56517.1,56886.9,148.98532353
1618950600000,56889.6,57061.6,56702.9,56834.8,125.94358955
1618951500000,56834.9,56930.8,56712.9,56727.7,67.21806514
1618952400000,56727.8,56806,56656.3,56754.4,77.78156066
1618953300000,56754.4,56830.8,56434.2,56471.9,84.43403405
1618954200000,56471.9,56678.3,56421.2,56575.5,60.70068176
1618955100000,56575.5,57009.1,56575.5,57009.1,41.22691088
1618956000000,57009.1,57054.2,56788.8,56832.6,72.05790898
1618956900000,56832.5,56841.7,56420,56462.2,71.97847043
1618957800000,56462.2,56600,56457.7,56457.7,40.92654282
1618958700000,56457.8,56487.9,56099.9,56375.6,116.42801691
1618959600000,56375.7,56562.7,56233.8,56233.8,52.66756111
1618960500000,56233.7,56516.2,56233.6,56481.7,36.89211248
1618961400000,56481.7,56554.6,56354.9,56395.2,43.37734966
1618962300000,56395.2,56467.5,56194.7,56427.8,50.08393806
1618963200000,56426.1,56736.9,56318.5,56680.1,68.72835565
1618964100000,56680,56761.7,56567.9,56654.7,60.54043258
1618965000000,56654.6,56654.7,56146.6,56162.1,63.8664816
1618965900000,56162.2,56242.4,55562.5,55672.4,137.39079697
1618966800000,55678.7,55841.8,55322.7,55754,141.5011307
1618967700000,55754,55892.2,55549.3,55865.6,64.49617571
1618968600000,55865.6,55933.2,55734.3,55854,57.03024052
1618969500000,55853.9,56209.5,55834.3,56063.2,49.6749906
1618970400000,56063.2,56063.3,55947.8,55963.2,49.13084234
1618971300000,55963.1,56066,55898.8,56015.2,45.0052102
1618972200000,56015.3,56256,55985.4,56132,43.66966728
1618973100000,56132,56246.6,56125,56136.8,31.7828189
1618974000000,56130.9,56169.6,56033.1,56052.9,33.99395494
1618974900000,56053,56053,55637.8,55758.8,60.05538729
1618975800000,55758.8,55864.6,55526.3,55753.2,62.57932635
1618976700000,55753.3,55792.6,55184.9,55207.3,90.33914519
1618977600000,55207.3,55420.5,55069.2,55096.6,93.64660837
1618978500000,55096.6,55416.8,54960,55338,70.41905799
1618979400000,55338,55476.7,55332,55456.9,45.64066609
1618980300000,55456.8,55561.2,55396.4,55396.4,38.595669
1618981200000,55396.5,55656.1,55115.9,55649.9,78.94190606
1618982100000,55655,55655,55300,55463.9,47.6345204
1618983000000,55465.3,55570.5,55205.6,55251.6,46.18247845
1618983900000,55251.6,55426.3,55063.9,55409.7,54.23999445
1618984800000,55403.8,55615.2,55150,55598.2,58.56068364
1618985700000,55598.3,55819.4,55501.6,55769.6,55.21972946
1618986600000,55769.7,55772.6,55601.7,55743.8,42.21460502
1618987500000,55743.8,55743.8,55548.8,55561.7,31.24469077
1618988400000,55561.6,55561.6,55227.1,55411.8,41.15537538
1618989300000,55411.8,55712.8,55284.4,55336,45.8714071
1618990200000,55339.7,55499.4,55197.3,55267.7,59.30401371
1618991100000,55268.6,55421.8,55176,55296.1,45.15158775
1618992000000,55296.1,55442.2,54755.8,55212.4,115.87967012
1618992900000,55201.7,55346.8,54965,55213.7,56.44635694
1618993800000,55213.7,55500,55157.4,55455.1,50.49292535
1618994700000,55455.1,55666.4,55373.3,55457.3,45.92213468
1618995600000,55452.5,55620.7,55297.9,55582,39.00311247
1618996500000,55582,55741.2,55464.8,55623.6,42.67132793
1618997400000,55623.5,55653.4,55482.8,55554.7,36.6892876
1618998300000,55554.6,55711.6,55546.1,55576.2,25.11333517
1618999200000,55576.2,55594.8,55266.8,55331.2,46.44919039
1619000100000,55331.2,55496.1,55178.8,55181.8,41.98948598
1619001000000,55181.7,55241.4,54984.4,55142.8,76.99654193
1619001900000,55141.2,55141.3,54806.5,54916.1,75.73741307
1619002800000,54916.1,55171.5,54761.2,55088.8,60.78348977
1619003700000,55088.7,55096.9,54533.5,54587.8,77.11964215
1619004600000,54575,54818.8,54450.3,54707.2,83.54931559
1619005500000,54707.3,54707.3,54290.8,54572.7,93.15850578
1619006400000,54572.8,54871.4,54309.7,54823.4,91.74213433
1619007300000,54834,55337.8,54698.4,55277.1,131.32864143
1619008200000,55281.3,55463.3,55125,55415,87.47890419
1619009100000,55415,55549.1,55330.1,55438.7,77.52623012
1619010000000,55438.8,55503.6,55288.6,55333.8,53.12002141
1619010900000,55333.6,55483.6,55332.1,55453,41.22356233
1619011800000,55453,55680.6,55453,55575.6,59.33727885
1619012700000,55575.7,55585.1,55412.4,55571,51.76501888
1619013600000,55571,55640.5,55381.6,55437.4,41.41819579
1619014500000,55437.4,55565.6,55231.8,55560,88.94298783
1619015400000,55560.1,56336.4,55560,56176.1,152.81808843
1619016300000,56176.2,56268.2,56098.1,56187.5,65.27215797
1619017200000,56187.5,56349.9,56023.8,56192.7,73.69357666
1619018100000,56192.7,56222.8,55930.2,55988.5,65.70967167
1619019000000,55984.8,56096.4,55903.5,55972.1,67.21845172
1619019900000,55972.1,56213.1,55823.2,56146.3,86.27242577
1619020800000,56146.3,56333.7,56101.8,56197.1,86.08787414
1619021700000,56197.8,56245.6,56000.9,56008.4,53.61876103
1619022600000,56008.3,56012.3,55640,55829,112.4338512
1619023500000,55829,55887.6,55678.5,55754.8,33.57774203
1619024400000,55754.8,55823.3,55568.9,55697.1,50.63658578
1619025300000,55693.9,55807,55650.7,55679.5,48.38788961
1619026200000,55679.5,55744.7,55408.5,55542,67.61037832
1619027100000,55542.1,55653.5,55507.4,55530.1,74.63340301
1619028000000,55524.7,55614.4,55446.4,55479.6,79.16216025
1619028900000,55479.6,55547,55300,55449.3,45.86746444
1619029800000,55450,55484.3,55260,55277,45.45099362
1619030700000,55274.8,55426.6,55136.3,55305.5,44.09746403
1619031600000,55305.4,55461.1,55304.5,55424.8,41.0549048
1619032500000,55424.8,55605.5,55414.9,55581.5,71.31180348
1619033400000,55581.5,55729,55529.3,55601.3,36.48790702
1619034300000,55601.2,55601.3,55452.4,55476.5,61.91143502
1619035200000,55476.5,55476.5,55019.5,55054.8,62.85125455
1619036100000,55054.8,55135.1,54923.5,55012.3,64.12523906
1619037000000,55012.3,55281.6,54783.8,54796.2,59.97470474
1619037900000,54796.1,55053,54783.8,54954.3,43.70657313
1619038800000,54954.3,55088.8,54850,54850.1,46.91199909
1619039700000,54850,54964.2,54687.7,54946.6,72.19100131
1619040600000,54946.7,55188.8,54786.7,54786.8,28.6735772
1619041500000,54786.7,54927.9,54738.7,54738.8,20.28567095
1619042400000,54738.8,54886.7,54687.2,54819.5,29.84919764
1619043300000,54826.4,55025,54400,54428.3,104.34908017
1619044200000,54417.7,54548.9,53824.8,53985.2,135.46173186
1619045100000,54006.3,54271.9,53723,53998.5,147.23340968
1619046000000,53999.5,54228.5,53623.3,53841,118.63453722
1619046900000,53835.5,54074.8,53602,53900.4,103.10166235
1619047800000,53899.8,54316.2,53892.9,54263.2,70.91061515
1619048700000,54263.1,54263.2,53725.4,53793.6,63.55401372
1619049600000,53793.5,54047.7,53203.3,53459.6,204.06175028
1619050500000,53454.6,53947.9,53342.8,53947.9,105.20780213
1619051400000,53939.7,54140.2,53763.3,53978,106.04641844
1619052300000,53978,54162,53751.5,54071.3,85.7282567
1619053200000,54071.3,54512,54038.6,54511.3,90.44407595
1619054100000,54511.3,54630.7,54363.2,54390.8,73.6747967
1619055000000,54390.8,54427.6,54259,54320.2,45.8837656
1619055900000,54320.2,54452.6,53887.1,53900.1,61.84244495
1619056800000,53900.2,53939.4,52518.7,52923.8,201.86730929
1619057700000,52923.9,53454.1,52605.7,53454.1,250.80415037
1619058600000,53454.1,53772.3,53283.1,53732.1,128.064257
1619059500000,53732.2,53880.5,53637.1,53762.5,85.86445265
1619060400000,53762.5,54146.3,53670.7,53948.9,93.89765902
1619061300000,53948.9,54066.4,53810.8,53813,88.55156335
1619062200000,53813,53909.5,53442.6,53566.3,123.61758856
1619063100000,53566.2,53730,53337.5,53508,97.66934339
1619064000000,53508,54088.2,53448.3,54019.4,118.0233236
1619064900000,54019.4,54328.9,53900,54258.6,65.22769432
1619065800000,54259.1,54348.3,53906.6,53919.1,50.66994886
1619066700000,53919.2,54271.2,53867.5,54266.9,53.99563509
1619067600000,54266.9,54415,54119.5,54238.9,58.00493482
1619068500000,54238.8,54327.2,54075.3,54183.2,50.18285223
1619069400000,54181.1,54346.5,54028.2,54212.7,59.49072198
1619070300000,54216.3,54625,54141.6,54461.1,91.66849005
1619071200000,54461,54624.9,54389.6,54552,61.69712782
1619072100000,54551.8,54850.1,54550,54662.2,73.17587694
1619073000000,54662.3,54698.9,54409.5,54508.8,58.00481625
1619073900000,54508.7,54525.5,54390.5,54455.5,59.67634082
1619074800000,54455.6,54598,54253.8,54318.9,41.38155114
1619075700000,54319,54322.5,54108.6,54206.3,52.71501355
1619076600000,54206.3,54413,54199,54371.6,40.11367059
1619077500000,54372.6,54468.5,54109.2,54138.5,41.6349469
1619078400000,54134,54249.3,53722.8,53830.6,104.53250229
1619079300000,53830.6,53867.8,53524,53654,78.18431018
1619080200000,53656.6,53815,53385,53403.8,91.48377089
1619081100000,53403.7,53747.4,53084.6,53649.9,143.77828356
1619082000000,53649.9,53664.5,53268,53416.5,99.70084386
1619082900000,53408.7,53818.5,53328.6,53672.6,67.04715938
1619083800000,53672.6,54084.8,53611.9,53953.4,64.92308096
1619084700000,53952.9,54349.8,53912.3,54301.3,59.81285561
1619085600000,54301.4,54371.4,54160.6,54222.1,76.88042826
1619086500000,54222,54432.6,54120.1,54371.6,59.21976956
1619087400000,54371.6,54433.1,54174.8,54280.9,73.03957714
1619088300000,54281,54282.6,53880,53919.3,58.57946031
1619089200000,53910.8,54051,53898.1,54043.3,59.77626649
1619090100000,54043.2,55203.8,54030.6,54964.9,174.95619317
1619091000000,54965,55212,54806.2,54880.9,102.63966465
1619091900000,54881,54961.3,54718.9,54858.3,68.91158101
1619092800000,54862.4,55151.6,54765.8,54783.8,83.09089946
1619093700000,54790.6,55047.6,54729.7,54932.6,47.05386557
1619094600000,54932.6,55474.7,54916,55172.2,102.85707817
1619095500000,55172.2,55260.3,54969.9,54989.8,55.85111632
1619096400000,54991.3,55177.8,54767.2,54925,72.93322184
1619097300000,54925.1,55271.2,54871.6,55255.9,60.15746846
1619098200000,55249,55287.4,54657.1,54680.4,78.44378891
1619099100000,54680.4,54855.5,54406.9,54422.5,94.33768554
1619100000000,54420.2,54789.5,54397.7,54645.6,62.81447798
1619100900000,54645.6,54826.2,54443.2,54561.9,68.4321045
1619101800000,54561.9,54738.1,54488.9,54652.3,77.66744979
1619102700000,54652.3,54870.6,54574,54753.3,56.2804569
1619103600000,54753.3,54836.4,54326.2,54465.3,55.14030265
1619104500000,54465.2,54549.8,54375.7,54439.6,50.30779687
1619105400000,54439.6,54558.7,54381.1,54474,38.04976793
1619106300000,54473.2,54697,54341.9,54644.2,49.9690381
1619107200000,54644.2,54744.8,54500,54570.3,67.44405368
1619108100000,54570.3,55160.4,54568.4,55093.1,88.07226509
1619109000000,55093.1,55128.3,54880.4,54924.9,48.63285764
1619109900000,54924.9,54998.4,54806.9,54900,48.31916322
1619110800000,54900,55013.7,54581.5,54600.1,68.68641225
1619111700000,54600.1,54600.1,54117.4,54370,82.8084157
1619112600000,54375.6,54377.9,53956.1,53971.7,78.82791958
1619113500000,53971.6,54145.9,53400,53451.4,142.07625328
1619114400000,53451.3,53664.9,53283.5,53371.4,140.9209788
1619115300000,53371.4,53561,52711.9,53317.4,244.5664318
1619116200000,53317.4,53566.9,53106.7,53516.3,161.26186824
1619117100000,53516.2,53540,53294.4,53373.1,106.24654432
1619118000000,53373,53463.2,52575,52673.2,156.9197915
1619118900000,52670.5,52971.1,52204.4,52958.5,201.69895843
1619119800000,52960.6,53545.3,52939.8,53259.9,134.25237352
1619120700000,53259.9,53414.5,52854.9,52932.4,94.66422705
1619121600000,52932.1,52932.1,52400,52672.8,142.57707113
1619122500000,52675,52750,51824.6,52251.5,161.94728637
1619123400000,52251.5,52515.6,51943.3,52353.7,139.13943004
1619124300000,52353.8,52433.3,51500,51638.4,214.67185458
1619125200000,51638.3,51735.6,50400,51253.6,338.17448665
1619126100000,51256.4,52082.4,51235.8,51765.7,156.3907157
1619127000000,51765.6,51946.9,51361,51709,68.3701842
1619127900000,51708.9,51742.7,51024.3,51647.2,56.11937655
1619128800000,51652.6,52243.3,51447.5,52187.7,77.98071326
1619129700000,52184.2,52233.7,51796.9,51855.8,50.07855314
1619130600000,51855.9,51997.4,51613.3,51804.9,75.00672604
1619131500000,51804.9,51844.4,51321.1,51617.8,68.54913341
1619132400000,51617.8,52164.9,51461.6,51975.3,63.19279659
1619133300000,51976.3,52209,51813.6,52163.9,54.47219704
1619134200000,52155.9,52167.5,51868.5,51956,40.94593497
1619135100000,51955.9,51985.4,51605.1,51696.4,50.40434362
1619136000000,51691.2,52062.1,51275,51956.3,92.74502427
1619136900000,51956.3,52112.1,51896.4,52063.6,52.48952671
1619137800000,52063.6,52109.9,51646.5,51656.3,52.34340259
1619138700000,51656.4,51912,51364.1,51520.6,73.32171951
1619139600000,51520.4,51722.2,50968.3,51050.4,109.59141201
1619140500000,51050.5,51394,50861.8,51380.2,127.45119327
1619141400000,51380.2,51471.8,50559.9,50708.5,156.80411908
1619142300000,50709.8,51192.5,49500,50965.2,339.67825783
1619143200000,50967,51265,50166.7,50270.6,204.07077758
1619144100000,50270.6,50540.9,48277,49191.5,336.84815444
1619145000000,49191.5,49619.4,48800,49129.5,160.61081831
1619145900000,49175.2,50137.8,49123.9,49978.3,148.3527945
1619146800000,49999.9,50282.4,49719.3,49927.6,121.09555858
1619147700000,49927.6,50106.6,49640.5,49954.2,156.99409268
1619148600000,49954.2,50400.6,49769,50379.4,84.23512085
1619149500000,50380,50456.4,50149.3,50303.2,73.27488818
1619150400000,50303.2,50561.7,49500,49729.3,145.18819776
1619151300000,49737.4,50174,49669.3,49946.7,137.75486601
1619152200000,49938.1,50043.3,49420,49473.7,89.46176076
1619153100000,49473.9,49690,48439,49157.9,118.01098892
1619154000000,49157.8,49455.7,48937.1,49019.2,112.88314987
1619154900000,49012.8,49381.1,48377.4,49221.5,199.58365669
1619155800000,49221.5,49684,49221.4,49432.9,102.49348726
1619156700000,49433,49890.3,49432.9,49482.5,107.02190161
1619157600000,49482.4,49496.3,48300,49410.4,129.68685366
1619158500000,49410.4,49418.3,48653.6,48784.8,113.86956833
1619159400000,48784.8,49118.4,48510.1,49058.1,124.11468725
1619160300000,49056.3,49364.7,48613.5,49047.2,140.12979889
1619161200000,49047.3,49350.7,48750.1,49346.5,109.6793795
1619162100000,49347.3,49485.8,48866.4,48939,99.1238957
1619163000000,48938.9,48974.4,47911.4,48266.2,232.58773886
1619163900000,48259.1,48395.5,47600,47942.9,187.74970317
1619164800000,47935.8,48350,47502.1,48155.4,167.96195606
1619165700000,48155.6,48389.2,47887.7,48290.9,115.39132936
1619166600000,48290.8,48624.1,48176.9,48272.9,111.39242588
1619167500000,48272.8,48838.6,48100.4,48757.6,82.8954809
1619168400000,48757.6,48766,48426.9,48684.7,82.92784844
1619169300000,48684.7,48684.7,48185.3,48356.3,63.47398346
1619170200000,48356.3,48560.1,47849.8,48144.7,94.02797797
1619171100000,48143.7,48490.5,48052.5,48204.6,93.21451452
1619172000000,48211.3,49424.5,48105.8,49246.6,158.23997921
1619172900000,49254.8,49511.7,49126,49267,90.69806333
1619173800000,49267,49675.6,49216.2,49550.5,65.98712739
1619174700000,49550.5,49550.5,49251,49458.7,71.85652993
1619175600000,49461.4,49653.7,49288.4,49553.1,58.4066606
1619176500000,49553,49942.1,49529.8,49793.4,72.11387973
1619177400000,49789.1,50250,49739.8,50107.7,87.27340746
1619178300000,50107.6,50219.3,49744.3,50079.6,98.15440514
1619179200000,50079.6,50295,49770.2,49825.2,82.2531231
1619180100000,49821.8,50039.1,49538,49678.6,69.30555497
1619181000000,49678.5,49889.3,49541,49889.2,59.38723989
1619181900000,49889.3,49889.3,49204,49250.8,102.50801985
1619182800000,49250.8,49440.1,49120.3,49382.8,78.81676422
1619183700000,49387.3,49466.5,48703.9,48921.1,92.20518656
1619184600000,48921.1,49011,48549.6,48715.5,93.47488259
1619185500000,48715.8,49246.3,48618.1,49142.7,92.61036097
1619186400000,49151.1,49446.2,48800,49359.2,82.51378041
1619187300000,49359.2,49486.7,49200.9,49312.2,63.11081374
1619188200000,49312.2,49923,49312.2,49739.7,65.3334716
1619189100000,49739.8,49771.8,49538.6,49729.3,51.6226294
1619190000000,49729.2,49754.1,49062.6,49285.7,66.21136818
1619190900000,49286.5,49435,48991,49175.1,51.09649021
1619191800000,49175,49762.1,49174.7,49592.4,63.56941217
1619192700000,49592.4,49921.3,49592.3,49848.9,77.99405832
1619193600000,49839.9,50097.2,49579.1,49581.8,105.58695436
1619194500000,49581.9,49872.8,49472.3,49650,51.92737024
1619195400000,49649.9,49889.6,49482.7,49889.6,74.40846949
1619196300000,49889.5,49970.5,49736.7,49836.8,51.11086405
1619197200000,49836.9,49893.9,49535.4,49656.7,52.82772253
1619198100000,49656.7,50095.2,49656.6,49967.1,64.92331374
1619199000000,49967.1,50014.7,49609.9,49833.6,59.61492429
1619199900000,49833.7,50028.1,49676.1,49832.1,61.59904176
1619200800000,49832.1,50020.4,49628.5,49974.3,62.62513796
1619201700000,49974.4,50421.7,49865.6,50345.4,89.61165956
1619202600000,50345.4,50744.5,50191.7,50689,92.04185078
1619203500000,50689,50765.3,50508.4,50583.4,68.44205851
1619204400000,50569.4,50667,50411.7,50572.6,45.35008368
1619205300000,50572.7,50645.5,50441.4,50628.8,42.5770691
1619206200000,50631.5,50781.2,50531.2,50733.2,61.18884776
1619207100000,50733.2,50899.2,50631.7,50863.8,43.96546531
1619208000000,50863.9,51181.3,50863.9,51137,74.86812147
1619208900000,51137,51239.5,50995.8,51213.7,65.94771923
1619209800000,51213.8,51284.6,51000,51058.4,68.57615596
1619210700000,51051.8,51051.8,50467.3,50500.7,87.77889263
1619211600000,50500.8,50947.9,50500.7,50850.3,47.28503838
1619212500000,50850.4,50949.7,50610.7,50660.5,29.27187422
1619213400000,50660.5,50732.8,50463.5,50605.8,25.71904023
1619214300000,50605.9,50605.9,50277.9,50285.6,35.2129321
1619215200000,50289.7,50614.5,50289.7,50452.1,33.0748325
1619216100000,50452.1,50497.4,50158,50449.5,43.65670868
1619217000000,50449.6,50708.4,50260.9,50578.2,25.65625747
1619217900000,50578.1,50630.3,50414.3,50459.6,20.981506
1619218800000,50463.4,50763.2,50463.3,50686,29.65341925
1619219700000,50686.1,50835.2,50644.8,50827,41.62470312
1619220600000,50826.9,50955.5,50705.3,50955.4,42.99335641
1619221500000,50955.4,51125.1,50871.7,51102.7,39.6939927
1619222400000,51109.8,51157.9,50459.9,50749.9,62.30024603
1619223300000,50750,50750,50055.3,50066.4,45.99905829
1619224200000,50062.1,50296.3,49733.4,49806.2,82.18526222
1619225100000,49806.3,49938.6,49571.1,49857.5,72.52132157
1619226000000,49857.5,50041.3,49704.3,49972.9,46.24359275
1619226900000,49972.8,50041.4,49755.8,49871.5,43.7868262
1619227800000,49871.5,50005,49719.3,49871.1,36.29229305
1619228700000,49876.5,49985.4,49724.4,49732.1,31.53248245
1619229600000,49726,49783.7,49313.5,49339,57.8955107
1619230500000,49342.9,49835.8,49325.1,49834.3,33.7585437
1619231400000,49834.4,50398.9,49769.7,50235,60.85770032
1619232300000,50234.9,50294.2,49770.1,50057.7,74.39992098
1619233200000,50057.7,50301.1,50021,50057.4,48.32092126
1619234100000,50057.5,50241,50057.5,50221.2,29.63671125
1619235000000,50221.1,50445.4,50210.1,50291.3,47.40410804
1619235900000,50291.4,50291.4,50067.6,50111.6,24.60129374
1619236800000,50111.6,50365.8,49904,50250,37.56824635
1619237700000,50241.2,50346.5,50029.8,50197.8,48.97953697
1619238600000,50195.2,50411.5,50126,50392.7,47.75067448
1619239500000,50396.7,50613.8,50320.2,50411.5,47.47805934
1619240400000,50411.5,50499.4,50201,50275.5,35.69462743
1619241300000,50275.4,50414.5,50188.4,50281.7,31.45407483
1619242200000,50281.6,50419.2,50216.7,50350.3,39.96095557
1619243100000,50350.3,50520,50320,50446,39.54069398
1619244000000,50446,50509,50287,50490.2,31.04219954
1619244900000,50490.1,50508.9,50313.6,50373.3,27.97701541
1619245800000,50373.3,50420.4,50158.1,50168.8,33.69667183
1619246700000,50172.3,50349.9,50158.6,50200.5,24.46328909
1619247600000,50206.7,50206.8,49771.3,49891.9,54.67425834
1619248500000,49880.5,49935.7,49667.3,49914.2,40.88473409
1619249400000,49914.2,50017,49746.7,49813.9,29.61735189
1619250300000,49814,49877.9,49719.3,49790.7,26.51618783
1619251200000,49799.7,49999,49693.4,49916,43.62742842
1619252100000,49916,50150.5,49903,50011.7,45.27782998
1619253000000,50013,50200,49970.6,50093.3,34.96834518
1619253900000,50093.3,50100,49747.6,49766,28.47481585
1619254800000,49766.1,49766.1,49482,49666.5,57.33064719
1619255700000,49666.4,49701.1,49443.2,49529.3,26.97697561
1619256600000,49529.4,49740.6,49501.3,49670.5,28.51150239
1619257500000,49666,49780.4,49493.1,49499.1,23.78911513
1619258400000,49507.2,49507.2,49020.7,49153.8,62.05930373
1619259300000,49153.7,49323.3,49068.3,49184.5,48.94776049
1619260200000,49186.8,49384.6,48927.2,49168.8,76.94565478
1619261100000,49162.1,49384.8,49000,49003.9,54.03408142
1619262000000,49003.9,49154,48740.6,49079.6,99.88269322
1619262900000,49079.7,49515.1,49031.7,49341.7,94.31962443
1619263800000,49341.7,49513,48979.2,48991.1,50.16363276
1619264700000,48991.1,49097.6,48676.5,49074.7,71.13453888
1619265600000,49073.9,49399.1,48916,49289,65.11691751
1619266500000,49289,49482.9,49038,49435,63.43844121
1619267400000,49435.4,50000,49293,49670.3,89.01669392
1619268300000,49670.3,49779.4,49533.9,49557.9,64.98963277
1619269200000,49557.9,49615.4,49351,49424,101.72888623
1619270100000,49432,49736.4,49432,49585.6,48.34403102
1619271000000,49585.5,49734,49513.6,49585.1,33.61958946
1619271900000,49585.1,49658.9,49444.4,49563,33.54249005
1619272800000,49562.3,49562.3,49111,49151,53.3991048
1619273700000,49151,49381.9,49128.7,49340.3,71.14057365
1619274600000,49340.3,49538,49222,49364.1,54.8007723
1619275500000,49364.1,49500,49251.7,49293.3,52.95195444
1619276400000,49293.4,49293.4,48922.5,49112.6,98.48380871
1619277300000,49112.6,49673.5,49112.5,49673.5,66.90012135
1619278200000,49673.3,50124.3,49673.3,49938.8,143.0469672
1619279100000,49938.8,50352.4,49880.2,50207.9,98.57476729
1619280000000,50207.9,50298.4,49879.9,49879.9,82.00138414
1619280900000,49879.9,50122.5,49879.5,50002.2,40.56449055
1619281800000,50002.1,50185,49959.9,50023.6,36.2981872
1619282700000,50023.6,50030,49847.6,49895.1,33.67236998
1619283600000,49895.2,49993.5,49714.6,49747.8,47.94002543
1619284500000,49748.1,49947.6,49661.2,49947.5,58.35254265
1619285400000,49947.6,50151.9,49837.9,49976.1,66.38855459
1619286300000,49976.1,50154.3,49976,50122.4,41.0293615
1619287200000,50122.5,50226.2,49999,50213.9,48.52919636
1619288100000,50213.9,50777,50155.5,50682.2,111.40574792
1619289000000,50682.3,50754.2,50576.4,50723,52.45570446
1619289900000,50723,50749.9,50475.8,50567.4,40.05558194
1619290800000,50567.3,50699.7,50567.1,50630.7,26.77498978
1619291700000,50632.3,50865.8,50627.6,50818.9,50.35393202
1619292600000,50819.1,50891.8,50700,50700,37.70974564
1619293500000,50700,50766.9,50583.1,50674.2,38.27746234
1619294400000,50673.8,50768.5,50548.5,50550,49.68260981
1619295300000,50550.1,50835.3,50544.8,50831.1,42.63107741
1619296200000,50831.2,50990,50689.5,50693.8,40.45124888
1619297100000,50693.7,50960,50693.7,50922.7,29.72788008
1619298000000,50922.7,50960.3,50680,50700.5,30.33609168
1619298900000,50700.5,50874.1,50635.3,50857.3,32.19262709
1619299800000,50857.4,50993,50839.2,50971.8,14.51653358
1619300700000,50970.1,50970.1,50708.7,50857.3,24.64580974
1619301600000,50857.4,50927.8,50594,50736.4,41.26243054
1619302500000,50736.4,50756.1,50466.5,50529.4,46.788256
1619303400000,50529.4,50776.5,50529.4,50633.4,34.61335004
1619304300000,50633.5,50764.4,50235.2,50295.9,48.11484958
1619305200000,50296.9,50512.9,50220,50273,43.64171629
1619306100000,50272.9,50476.3,50244,50334.9,38.73118262
1619307000000,50335.2,50479.1,50264.5,50307.5,36.03705707
1619307900000,50307.5,50307.5,49906.8,50033,87.66237965
1619308800000,50041.5,50250,49862.1,50190.4,75.0213085
1619309700000,50190.5,50300,50080,50092.3,52.66186034
1619310600000,50089.7,50089.7,49874.9,49993.7,47.81266025
1619311500000,49993.7,50159.9,49723.2,49808.8,57.24064912
1619312400000,49813.6,49929.7,49805.6,49854.3,30.12238037
1619313300000,49854.2,50242.4,49841.8,50224.3,46.57737326
1619314200000,50227.8,50293.8,50089,50167.5,33.10003978
1619315100000,50167.5,50293.9,50087.8,50141.3,22.67710495
1619316000000,50140,50261.8,50129.7,50197.4,27.24255725
1619316900000,50192.6,50439.9,50178.1,50387.4,33.22223713
1619317800000,50387.5,50387.8,50256,50264.3,33.96891211
1619318700000,50264.2,50326,50127.3,50303.2,29.26540526
1619319600000,50291.4,50334.6,50188.3,50207.6,20.17086596
1619320500000,50207.4,50242.3,49840,49947.6,50.00075305
1619321400000,49947.7,50030.7,49760.3,49808.9,40.10447183
1619322300000,49809,49857,49601.3,49626,58.80830323
1619323200000,49626.1,49772.5,49613.3,49696,29.39996431
1619324100000,49695.9,49758.4,49515.9,49676.8,28.83107842
1619325000000,49676.9,49700,49413.9,49500.9,32.54783557
1619325900000,49501.2,49665.6,49401,49657.6,27.38722216
1619326800000,49657.6,49748.1,49607.2,49661,20.32559878
1619327700000,49661,49827.2,49617.7,49773.8,16.38031873
1619328600000,49773.8,49817,49714.8,49743.2,11.07433166
1619329500000,49743.2,49795.7,49682.5,49787.5,10.09894491
1619330400000,49780.1,49845.7,49759.4,49803.6,18.00954927
1619331300000,49803.6,49834.2,49565.7,49635.2,25.61481642
1619332200000,49633.9,49683.4,49530.6,49564.1,12.69942626
1619333100000,49564,49590.8,49306.8,49397.1,21.91302825
1619334000000,49394.4,49461.3,49250,49412.4,24.62859983
1619334900000,49412.3,49526,49100.1,49244.8,45.00374719
1619335800000,49244.9,49570.2,49244.9,49527.8,30.73216631
1619336700000,49529.2,49716.7,49527.8,49673.6,90.54839088
1619337600000,49680.2,49757.9,49534.3,49653.4,29.57530619
1619338500000,49655.2,49764.8,49629.2,49672.5,57.71015358
1619339400000,49672.5,49738.5,49627.8,49733,30.44203837
1619340300000,49732.9,50266.8,49724.2,50088.2,70.4219725
1619341200000,50088.2,50220.9,49813.2,49838.9,35.69262994
1619342100000,49838.8,49838.8,49337.8,49389.2,51.99826272
1619343000000,49389.3,49539.1,49186,49348.9,55.67216207
1619343900000,49348.9,49573.1,49275.7,49495.1,32.70150535
1619344800000,49495.1,49887.3,49211.2,49799.1,57.20686314
1619345700000,49793.7,49910.2,49597.3,49687,38.64340813
1619346600000,49687,49707.8,49339.8,49442.5,32.03394397
1619347500000,49442.5,49488.3,49192.9,49339.4,55.02056922
1619348400000,49335.6,49461.4,49256.7,49407.6,31.83975153
1619349300000,49404,49548.6,49298.9,49511.1,27.34514529
1619350200000,49510.4,49553,49322.5,49410.9,24.72471074
1619351100000,49410.2,49674.6,49310.8,49550.1,57.08607822
1619352000000,49550,49873.8,49453.7,49790.7,36.82052057
1619352900000,49789.5,49843.8,49619,49710.8,29.04811439
1619353800000,49710.8,49832.9,49585,49807.2,37.24546255
1619354700000,49817.5,49934.5,49737,49851.9,50.27024618
1619355600000,49851.9,49951.8,49757.8,49938.8,64.26095726
1619356500000,49945.8,50145.4,49817.6,49848,38.88210966
1619357400000,49848.1,49917.6,49761.9,49824.9,52.15646659
1619358300000,49826.2,49929.6,49826.2,49878.1,35.98915992
1619359200000,49878.1,49884.3,49706.1,49730.3,35.32639805
1619360100000,49730.3,50030.1,49707.3,50029.4,33.71343234
1619361000000,50029.4,50477.2,49966.6,50394.6,95.44746136
1619361900000,50394.6,50463.1,50261.2,50344.6,60.56295295
1619362800000,50344,50498.2,50175.2,50374.6,53.58847855
1619363700000,50378.8,50554.6,50359.1,50373.8,52.88904993
1619364600000,50373.8,50409.5,50276.4,50326,47.72431675
1619365500000,50326.1,50361.1,50195.8,50260.4,38.09071735
1619366400000,50260.3,50312.5,50044.9,50158.3,54.49583587
1619367300000,50158.3,50251.2,50120,50189.3,29.99005489
1619368200000,50189.4,50246.6,50075.9,50207.3,33.95918674
1619369100000,50207.3,50400.8,50098.4,50388.2,36.34655133
1619370000000,50388.2,50429.2,50016.7,50052.5,38.12729813
1619370900000,50052.4,50136.3,49803.5,49899.5,60.62600861
1619371800000,49892.8,49990,49836.5,49861.1,42.25463436
1619372700000,49861.1,49958.2,49783.6,49922.7,40.81639987
1619373600000,49924.1,49944.7,49743,49824.7,33.92098539
1619374500000,49824.7,49825.8,49503.1,49622.4,59.92971327
1619375400000,49622.2,49721.3,49475.9,49603.1,53.3903752
1619376300000,49603.1,49749.8,49603.1,49629.9,51.04605248
1619377200000,49629.9,49782.2,49564.6,49711.1,29.36693484
1619378100000,49711.1,49732.2,49499.1,49564.8,30.79937542
1619379000000,49564.8,49732,49475.5,49530.2,41.44529706
1619379900000,49530.2,49612.3,49302.6,49342.6,59.50624768
1619380800000,49338.3,49514.2,49250.1,49448.3,51.41652875
1619381700000,49443.9,49585,49389.5,49517.9,35.57741369
1619382600000,49517.6,49584.2,49310.3,49380.1,40.31795768
1619383500000,49380,49380,47886.4,48078.2,278.55691504
1619384400000,48078.2,48304.5,47666,48255.2,173.48292285
1619385300000,48255.2,48354.2,47815.7,47946.3,91.81656521
1619386200000,47945.1,47953.3,47000,47154.9,145.76910967
1619387100000,47154.9,47755.3,46966.2,47592.4,88.00424639
1619388000000,47592.3,48068.7,47505.9,48010,71.50442211
1619388900000,48009.9,48134.9,47869.3,47939.9,73.93380582
1619389800000,47940,48500,47729.8,48433.7,105.17747784
1619390700000,48446.5,48833,48411.4,48693,104.96569318
1619391600000,48693.1,48843.5,48525.1,48598.1,74.17752915
1619392500000,48598.1,49193.7,48510.9,49050.6,91.34398072
1619393400000,49050.7,49132.7,48877.5,48974.6,72.15090873
1619394300000,48974.6,49086.9,48795.8,49086.9,57.80796602
1619395200000,49069,49982,48775.8,49926.2,154.8900679
1619396100000,49918.4,50283.1,49908,50104.2,134.79950813
1619397000000,50104.2,50965.8,50056.3,50773.1,140.68017089
1619397900000,50771.8,50909,50591.5,50894.2,125.76949314
1619398800000,50896.3,50965.7,50582.7,50618.8,71.77599195
1619399700000,50618.8,50942.8,50458.3,50854.7,58.18950276
1619400600000,50854.7,51635,50854.7,51495.8,141.14144136
1619401500000,51495.8,51979.5,51400,51926.8,119.02497116
1619402400000,51926.8,52472.1,51920,52178.7,144.99947099
1619403300000,52178.8,52242.2,51783.2,51927.9,83.38627678
1619404200000,51927.9,51974.7,51703,51938.3,78.18979242
1619405100000,51938.3,51997.2,51828.7,51975.1,45.40488907
1619406000000,51975,52256.1,51975,52253.4,73.13519345
1619406900000,52253.3,52281.1,51949.6,51949.6,44.31693521
1619407800000,51949.6,52080,51856.3,52014.3,32.90618401
1619408700000,52001.5,52412.9,52001.4,52386.1,54.39135444
1619409600000,52388,52721.9,52141.7,52221.1,65.59447515
1619410500000,52221.1,52229.5,52076.7,52196.6,35.63427713
1619411400000,52196.5,52352.9,52046,52223.8,56.52140891
1619412300000,52223.8,52372.2,52199.1,52296.6,36.70623942
1619413200000,52296.7,52450.3,52078.3,52082.1,48.52310137
1619414100000,52082.2,52348.7,52082.1,52304.6,42.45778734
1619415000000,52304.5,52478,52285.5,52380.7,46.47978892
1619415900000,52380.8,52555.6,52317,52542.8,37.34716783
1619416800000,52539.9,52839.5,52433.7,52829.9,51.60391628
1619417700000,52830,52830,52622.1,52631.1,53.00088443
1619418600000,52631,52974,52630.9,52961.4,66.27475925
1619419500000,52961.4,53034.7,52746.2,52825.6,81.50968282
1619420400000,52825.6,52892.9,52526,52645.9,73.87652722
1619421300000,52646,52719.1,52458.3,52694.1,59.92583463
1619422200000,52694.2,52932.6,52664.8,52932.6,52.61975095
1619423100000,52932.6,52959.6,52690,52804.3,51.18946477
1619424000000,52804.2,52931,52573.9,52582,68.32512407
1619424900000,52582,52714.2,52521,52674,38.72293455
1619425800000,52675.9,52856,52575.9,52642.4,39.12547746
1619426700000,52642.4,52716.2,52516.6,52593.3,43.52760998
1619427600000,52593.3,52630,52308.5,52413.5,56.06327186
1619428500000,52413.5,52515.9,52339.9,52361.4,38.88988583
1619429400000,52361.3,52634.7,52357.5,52619.6,52.71071053
1619430300000,52619.7,53518.4,52611.3,53443.7,93.92484038
1619431200000,53443.7,53516.5,53203.3,53378.3,59.59288122
1619432100000,53378.4,53507.4,53266.8,53417.9,46.60705052
1619433000000,53417.9,53418,53164.5,53193.3,47.2017639
1619433900000,53193.2,53315.3,53124.4,53220.1,72.70596346
1619434800000,53220,53525.7,53220,53474.4,44.86775388
1619435700000,53474.4,53679,53357.5,53437.2,62.78575974
1619436600000,53437.2,53640.9,53281.9,53618.1,45.61092888
1619437500000,53618,53680.1,53436.7,53603.6,45.63264441
1619438400000,53603.6,53827.6,53445,53563.5,66.65868336
1619439300000,53563.5,53812.2,53419.3,53791.3,51.91075239
1619440200000,53778.7,53936.3,53666.5,53796.6,110.28162523
1619441100000,53796.7,53815.4,53478.5,53489,94.75508281
1619442000000,53488.9,53619.8,53229.8,53234.7,73.71216304
1619442900000,53234.8,53686.2,53227.6,53675.9,74.44705109
1619443800000,53675.9,53884.7,53663,53884.6,57.12175891
1619444700000,53884.6,53884.8,53543.7,53662.3,82.11899167
1619445600000,53655,53832.4,53554.5,53640.4,64.46542309
1619446500000,53639.1,53678,53457,53590.3,68.49654409
1619447400000,53590.3,53642,53377.7,53609.5,50.5868353
1619448300000,53609.5,53719.4,53467.7,53540.8,49.56102084
1619449200000,53542.7,53698,53272.2,53352.6,91.44164908
1619450100000,53333.4,53578.2,53258.8,53474,56.35221026
1619451000000,53473.9,53644.9,53463.9,53591.5,38.70559739
1619451900000,53591.3,53692.6,53500.2,53562.4,32.65118544
1619452800000,53562.4,53756.4,53149.3,53283.8,100.81384979
1619453700000,53283.8,53385.6,52855,53060.3,110.63110637
1619454600000,53060.5,53359.7,52918.9,53189.4,68.66220863
1619455500000,53189.2,53373.4,53182.5,53301,56.62670381
1619456400000,53290,53776.6,53279.6,53696.7,72.91767079
1619457300000,53696.7,54336.4,53676,54299,116.92421087
1619458200000,54299,54299,54018.9,54189.7,45.62039055
1619459100000,54189.7,54190.2,53888.3,54040.8,53.00496522
1619460000000,54040.8,54190.4,53888.1,54190.3,52.44688403
1619460900000,54190.4,54194.2,53960.5,54128.7,57.7760387
1619461800000,54128.7,54275.2,54113.1,54127.2,65.72766055
1619462700000,54132.4,54248.4,54113.1,54248.4,39.91400872
1619463600000,54248.4,54300,53721.9,53910.9,106.65007903
1619464500000,53911,53989.2,53780,53780,77.64471433
1619465400000,53780,53967.7,53729.4,53837.7,49.38767237
1619466300000,53837.8,54048.6,53702.5,54028.4,60.88665884
1619467200000,54028.8,54038.7,53754.3,53758.5,56.21690986
1619468100000,53758.5,53848,53198.7,53212.2,167.01586128
1619469000000,53212.2,53597.1,53199.4,53444.3,99.13819989
1619469900000,53444.3,53484.7,53177.6,53177.6,98.92933085
1619470800000,53177.6,53180.9,52692,52941,168.10689102
1619471700000,52941,52941.1,52614.9,52666.2,158.50981087
1619472600000,52673.2,53482.7,52673.1,53478.6,53.55874263
1619473500000,53478.7,53479.9,53210.3,53364.5,29.93150374
1619474400000,53364.5,53932,52876.9,53882.2,82.56433673
1619475300000,53873.8,54228,53711.1,53732.3,94.42092589
1619476200000,53732.2,53882.1,53446.7,53546.3,61.70715816
1619477100000,53546.3,53678.1,53451.7,53594.1,47.64214812
1619478000000,53594.1,53764.2,53464.2,53645.8,33.39509312
1619478900000,53645.8,54038.2,53639.2,53825.7,57.75458428
1619479800000,53825.7,53951.8,53764,53885.9,31.97333594
1619480700000,53885.9,54020.1,53842.4,54000.2,36.80220935
1619481600000,53997.1,54147.9,53689.5,53795.5,67.87471115
1619482500000,53795.5,53850.1,53537.9,53580.6,42.40431313
1619483400000,53580.5,53913.6,53580.5,53741.9,28.70370486
1619484300000,53741.9,53783.3,53629.6,53656.4,33.44145387
1619485200000,53656.4,53833.2,53587.1,53785.8,29.17069512
1619486100000,53785.8,53811.5,53620,53807.1,34.70993121
1619487000000,53807.1,53807.1,53615.9,53740.9,30.78900905
1619487900000,53740.9,53807.7,53594.7,53777.3,28.80823036
1619488800000,53777.2,53973,53744.4,53880.3,50.67261752
1619489700000,53880.4,54001.6,53801,53941.3,29.0435506
1619490600000,53941.2,53941.3,53800.4,53917.6,31.87097965
1619491500000,53917.6,53939.3,53790.9,53832.5,40.9799491
1619492400000,53836.5,53836.5,53659.4,53685.3,39.99879542
1619493300000,53685.2,53705,53290.8,53465.6,63.78208752
1619494200000,53469.6,53595.8,53409.5,53482.2,41.91632004
1619495100000,53482.2,53579.2,53441.9,53472.8,28.63586613
1619496000000,53472.7,53589.3,53409.9,53447.6,31.42937121
1619496900000,53447.7,53464.9,53240.8,53398.5,30.75499063
1619497800000,53398.4,53489.4,53324.5,53404.2,26.33934528
1619498700000,53410.3,53538.8,53320.9,53459,33.14009809
1619499600000,53459.1,53936.4,53424.2,53872.6,56.79911276
1619500500000,53872.6,53941.5,53796.8,53895.7,40.89292021
1619501400000,53895.8,53941.9,53844.9,53852.6,34.46934876
1619502300000,53852.6,53967.6,53787.1,53920.2,32.17840474
1619503200000,53920.3,54798.4,53912.5,54621.8,153.89843411
1619504100000,54621.8,54765.2,54521.1,54747.1,132.84964968
1619505000000,54747.1,54781.7,54613.6,54729.8,105.1195907
1619505900000,54729.8,54819.2,54603,54732.6,100.99668221
1619506800000,54732.6,54794.1,54589.6,54772.5,65.6388249
1619507700000,54772.5,54881.9,54643.8,54679.8,133.20055893
1619508600000,54684.9,54686,54628.3,54655.1,24.20762836
1619509500000,54655.2,54677.6,54322.7,54550.8,42.29961772
1619510400000,54550.8,54820.8,54428.7,54711.2,51.29518945
1619511300000,54711.7,54985.9,54664.6,54779.9,53.55057324
1619512200000,54779.8,54851.4,54505.4,54566.8,50.62798491
1619513100000,54566.9,54620.6,54351.8,54438.1,61.82758424
1619514000000,54438.1,54573.9,54338.7,54340.2,42.37637191
1619514900000,54340.2,54613.9,54340.2,54525.6,26.45433963
1619515800000,54525.5,54688,54525.5,54632.3,32.46950134
1619516700000,54632.3,54682.6,54440.8,54496.4,34.96532588
1619517600000,54496.2,54667,54440.1,54504.8,38.09953153
1619518500000,54504.8,54648,54432.3,54552.9,33.6236951
1619519400000,54552.9,54618.4,54503.5,54553.7,20.64540905
1619520300000,54553.7,54771.1,54553.7,54690.5,26.33562955
1619521200000,54690.5,54910,54690.4,54844.4,33.49639358
1619522100000,54844.4,54955.9,54660,54731.8,44.56910323
1619523000000,54731.7,54935.8,54729.2,54893.5,26.7995497
1619523900000,54893.4,55235.8,54893,55145.9,61.72945534
1619524800000,55145.9,55270.1,55018,55026.5,42.8197745
1619525700000,55026.5,55107.1,54913.7,54929.8,40.5797985
1619526600000,54929.8,54989.8,54771,54831.5,36.66652351
1619527500000,54831.4,54952.1,54805.3,54835.7,36.52998485
1619528400000,54835.6,54986.1,54835.6,54961.7,34.56771589
1619529300000,54961.7,54970,54842,54848.6,22.73476223
1619530200000,54848.6,55032.7,54422.2,54548.5,83.74132426
1619531100000,54548.4,54728.8,54526.7,54728.2,46.85224606
1619532000000,54727.9,54734.7,54364.1,54506.3,68.90761345
1619532900000,54506.3,55036.7,54372.1,55005,89.81814374
1619533800000,55005,55020,54751.3,54966.2,57.17483491
1619534700000,54966.3,55062.5,54897.9,54955.9,44.90083213
1619535600000,54955.9,55040.7,54850,54939.8,45.3924173
1619536500000,54934.3,54967.3,54829,54922.7,32.34369638
1619537400000,54922.6,55207.4,54872.1,55191.8,50.78855811
1619538300000,55191.8,55298.1,54970.1,54983.6,54.20657034
1619539200000,54985.8,55075.4,54800,54934.6,57.95954544
1619540100000,54934.3,55061.4,54779.7,54779.8,40.12890167
1619541000000,54779.7,54887.4,54669.7,54864.2,35.65963413
1619541900000,54864.1,54870.7,54550.2,54666.3,47.19150583
1619542800000,54666.4,54789.9,54275,54500.3,93.36455192
1619543700000,54500.2,54909.7,54485,54816.9,60.11564009
1619544600000,54817,54901.5,54767.2,54808.2,32.27271799
1619545500000,54808.2,54900,54685.3,54867.2,31.16390736
1619546400000,54867.2,54873.5,54634.1,54726.9,34.66845911
1619547300000,54727,54890,54658.5,54890,39.22744573
1619548200000,54890,54984.2,54832.7,54854.2,34.91401932
1619549100000,54855.7,54984.4,54726.4,54958.6,44.34171476
1619550000000,54958.7,54967.1,54782.6,54867.1,24.42860927
1619550900000,54866.7,54975.5,54631.1,54694.9,41.17652909
1619551800000,54694.9,54776.1,54626.3,54663.3,47.37972215
1619552700000,54663.4,54793.3,54634.4,54748.8,31.70370187
1619553600000,54752,54935.7,54752,54886.4,41.1665609
1619554500000,54886.5,54960,54789.9,54952.4,25.77669471
1619555400000,54952.4,55026.4,54915.7,55007.2,26.34219402
1619556300000,55007.3,55171.6,54898.5,55125,31.04733287
1619557200000,55125.1,55155.3,54824.1,54944.5,39.55779688
1619558100000,54944.5,55003.9,54894.4,54924.8,23.36563921
1619559000000,54924.9,55157.7,54911.6,55157.6,21.01272669
1619559900000,55157.7,55439,55157.6,55270.7,48.61625759
1619560800000,55270.6,55329.8,55150,55237.1,33.48344888
1619561700000,55237,55246.2,55027.3,55138.3,39.15600079
1619562600000,55138.3,55160.1,55019.9,55053.3,49.58143837
1619563500000,55053.3,55056.3,54882,54944,39.30599649
1619564400000,54944,54995.9,54760,54942.4,40.23146775
1619565300000,54942.4,55050,54931.4,55003.1,26.42305303
1619566200000,55003.1,55033.8,54816.8,55020,31.25516494
1619567100000,55020,55027,54897.3,55014.3,38.29730747
1619568000000,55014.2,55287.1,55004.3,55151,53.02185545
1619568900000,55151,55421.6,55094.1,55288.9,65.21230749
1619569800000,55289,55459.5,55171.3,55328,58.13350316
1619570700000,55328,55423.1,55272.7,55373.9,37.77107436
1619571600000,55373.9,55642,55297.6,55573.4,58.49849029
1619572500000,55573.5,55724.3,55508,55617.9,46.89376755
1619573400000,55617.8,55701.5,55538.6,55582.4,38.66848771
1619574300000,55582.4,55585.8,55480.1,55485.4,33.06085157
1619575200000,55485.4,55601,55411.1,55594.2,37.76862834
1619576100000,55594.1,55624.8,55508.6,55518.6,55.5117705
1619577000000,55518.5,55591.7,55494.6,55523.1,31.05850455
1619577900000,55523.2,55523.2,55186,55200.2,56.81803944
1619578800000,55197,55274.4,55064.5,55228.3,42.50480614
1619579700000,55228.3,55234.1,55108.5,55127.3,32.71083867
1619580600000,55127.3,55155.6,54867.2,54880.8,65.14854789
1619581500000,54880.8,55049.3,54765.1,54776.6,51.5341213
1619582400000,54776.6,54931.5,54755.9,54920.3,55.6758258
1619583300000,54920.3,54988.8,54849.4,54962.3,26.6947239
1619584200000,54968.9,54968.9,54861.7,54893.9,18.59100428
1619585100000,54893.9,54903.8,54625.8,54819.1,33.95856533
1619586000000,54819.2,54926.1,54701.4,54893.9,21.03220327
1619586900000,54893.9,54930.9,54688,54756.5,32.68065905
1619587800000,54756.5,54756.5,54394.5,54536.7,44.7420153
1619588700000,54535.2,54638.5,54407.9,54589,29.89806093
1619589600000,54589,54624.2,54055.8,54150.6,65.88217423
1619590500000,54150.6,54271,53876.4,54033.9,65.51888215
1619591400000,54033.7,54345.2,53808.3,54324.9,114.66169827
1619592300000,54320.9,54342.6,54016.9,54141.5,57.123022
1619593200000,54141.5,54379.7,54046.9,54367.7,50.20625386
1619594100000,54367.7,54468.7,54155.8,54468.7,55.7506089
1619595000000,54468.8,54534.2,54308.2,54443.6,50.71644979
1619595900000,54443.6,54443.6,54200.9,54262,35.6631163
1619596800000,54262,54432,54112.8,54427.2,35.2925013
1619597700000,54427.2,54493.3,54335.4,54476.9,32.0525715
1619598600000,54476.9,54515.4,54282.3,54304.6,38.82791403
1619599500000,54304.5,54402.4,54072.5,54072.6,46.47599722
1619600400000,54072.5,54310.6,54067.4,54240.2,46.86418582
1619601300000,54240.1,54246.6,53919.9,53933.5,58.11787217
1619602200000,53933.3,54291.9,53924.8,54262.6,63.65347699
1619603100000,54262.6,54401.5,54221.5,54228.6,41.07301216
1619604000000,54226.6,54448.8,54109.6,54447.7,44.54430734
1619604900000,54447.6,54447.7,54308.6,54357.4,27.53151167
1619605800000,54357.4,54359.9,54250,54305.5,41.64406379
1619606700000,54305.5,54470.7,54232.8,54409.8,51.94349032
1619607600000,54409.8,54792.9,54409.7,54733.9,56.86513228
1619608500000,54732,55031.7,54700.9,54917.6,69.23996438
1619609400000,54917.5,55080.4,54822.3,55011.6,49.24908411
1619610300000,55006.5,55059.5,54799.1,54857.4,54.11924144
1619611200000,54857.4,55310.6,54762.1,55266.6,51.52483233
1619612100000,55270.6,55312.7,55149.4,55167.5,61.5136821
1619613000000,55167.5,55290,55062.8,55199.4,59.09361315
1619613900000,55199.3,55216.7,55121,55180.1,30.84055058
1619614800000,55180.1,55189.5,54809.9,54868.2,47.520504
1619615700000,54868.2,54933.6,54632.5,54813.1,65.40858172
1619616600000,54813.1,54913,54659.2,54769.2,33.68020963
1619617500000,54769.2,54837.3,54660.7,54787.6,48.67547599
1619618400000,54787.6,54911.9,54656.3,54803.7,49.1791318
1619619300000,54803.8,54809.3,54542.4,54662.8,58.34331372
1619620200000,54662.8,54716.7,54461.2,54496.7,43.80992413
1619621100000,54496.7,54686.6,54485.4,54498.8,44.0350472
1619622000000,54498.8,54605.3,54188.7,54252.2,78.37806778
1619622900000,54252.1,54402.4,54113.5,54335.6,54.3790894
1619623800000,54335.6,54443.4,54335.6,54413,51.54814843
1619624700000,54413,54413,54200.4,54335.3,58.51093009
1619625600000,54335.3,54566.7,54240.9,54372.2,53.13698108
1619626500000,54372.2,54532.2,54315.6,54396.4,50.24991866
1619627400000,54396.5,54755.9,54387,54692.2,48.55707439
1619628300000,54692.2,54763,54637.6,54701.7,39.6122894
1619629200000,54701.7,54730.4,54526.7,54534.1,42.32973434
1619630100000,54534.1,54769.5,54534.1,54765,30.54852572
1619631000000,54768.8,54968.4,54768.8,54964.8,44.09753775
1619631900000,54964.7,54964.8,54771,54833.6,25.97694568
1619632800000,54833.7,54969.4,54776.6,54914.3,49.92292959
1619633700000,54914.1,55065.8,54869.2,54884.4,33.30943967
1619634600000,54884.5,55033.1,54814.8,54841.6,52.12670388
1619635500000,54847.2,54939.9,54659.3,54939.8,42.40435632
1619636400000,54939.8,54957.7,54737,54820.1,27.89801696
1619637300000,54820.2,55001.8,54804.7,55001.8,35.61925466
1619638200000,55001.9,55012.6,54838.3,54936.9,30.59721802
1619639100000,54937,55411.5,54818.2,55403.5,53.53725003
1619640000000,55403.5,56399.1,55306.5,55484.3,214.41844233
1619640900000,55484.2,55562.4,54307.4,54773.9,243.62813423
1619641800000,54773.9,54907.8,54424.3,54589.7,94.64636274
1619642700000,54589.7,54589.7,54204.3,54360.8,71.19689012
1619643600000,54360.9,54399.9,54003.6,54355.2,69.27189595
1619644500000,54355.2,54562.7,54355.2,54544.8,42.67583987
1619645400000,54544.7,54730.1,54544.7,54685.4,25.68318395
1619646300000,54688,54873.5,54628.2,54798,42.04399158
1619647200000,54798.1,54828.3,54697.5,54704.8,21.8812139
1619648100000,54704.8,54706.2,54475.3,54537.3,27.16499986
1619649000000,54537.4,54587,54408.8,54414.5,27.00232213
1619649900000,54414.6,54568.2,54298.2,54449.6,35.54563805
1619650800000,54453.5,54731.9,54374.4,54692.8,30.11504171
1619651700000,54688.8,54728.2,54628,54649.8,18.83413339
1619652600000,54649.9,54754,54649.9,54729.9,25.53240102
1619653500000,54730.7,54864.7,54694.7,54833.2,34.43523302
1619654400000,54833.1,55181.2,54722,54949.9,69.32045348
1619655300000,54949.9,55093,54837.4,54922.2,37.3601075
1619656200000,54922.3,54993.7,54835.4,54847.1,30.68555693
1619657100000,54847.2,54910.3,54689.3,54717.3,39.69044896
1619658000000,54717.4,54769.3,54445.4,54653.1,35.31496256
1619658900000,54653.1,54709,54473,54476.9,29.02366255
1619659800000,54476.9,54609.9,54426.7,54548.8,32.96986833
1619660700000,54551.7,54617.5,54531.5,54566.4,28.6016986
1619661600000,54566.4,54740.7,54478.8,54508.4,39.65276267
1619662500000,54509.9,54509.9,54317.1,54434.9,30.0311339
1619663400000,54434.9,54521.4,54345,54466.1,30.40013513
1619664300000,54466.2,54620,54374.7,54568.2,28.29830594
1619665200000,54568.2,54619.7,54498.6,54576.6,23.33379728
1619666100000,54576,54587.1,54413.6,54484.3,25.85725816
1619667000000,54484.3,54484.3,54144.2,54223.9,52.57189951
1619667900000,54224,54312.8,54072.6,54268.5,39.93275583
1619668800000,54268.5,54268.6,54068.2,54146.7,37.7963953
1619669700000,54129.8,54196.2,54013.3,54154.5,42.89082939
1619670600000,54154.5,54188.7,53602,53699.8,68.50152374
1619671500000,53699.7,53796.3,53522.3,53556.4,58.73678288
1619672400000,53556.3,53859.5,53458.3,53797.5,51.27512119
1619673300000,53797.5,53906.1,53746.1,53845.9,32.63204385
1619674200000,53845.9,53878.8,53664.1,53693.7,25.239066
1619675100000,53693.7,53975,53650,53905.3,24.36253945
1619676000000,53905.3,54304.4,53855.4,54242.5,33.57403726
1619676900000,54242.5,54448.7,54232.1,54344.8,44.09776784
1619677800000,54346.7,54482,54261.9,54329.7,28.48497947
1619678700000,54329.6,54390.1,54228.4,54377.6,32.93194447
1619679600000,54377.6,54458.1,54288.4,54388.3,35.02438064
1619680500000,54388.3,54435.7,54299.2,54412.6,32.40898501
1619681400000,54412.6,54468.3,54261.8,54307.5,29.1890787
1619682300000,54307.6,54454.1,54307.5,54453.9,25.55069308
1619683200000,54453.9,54464.1,54135.8,54159.7,46.13563517
1619684100000,54159.6,54186.8,53871,53952.9,42.4938627
1619685000000,53952.9,54039.8,53853.8,53994.5,27.4074441
1619685900000,53994.5,53994.5,53888.9,53938.9,23.68535968
1619686800000,53938.9,54213.6,53759.6,54201.2,43.79983541
1619687700000,54183.5,54638.3,54160.1,54568.8,62.08869078
1619688600000,54568.8,54721.9,54512,54668.7,55.02087444
1619689500000,54668.7,54698.4,54546.6,54549.6,41.88754863
1619690400000,54549.5,54686.3,54545.2,54640.5,30.60841872
1619691300000,54640.4,54640.5,54379.9,54379.9,49.61818033
1619692200000,54379.9,54524.3,54344.3,54440.9,40.2469547
1619693100000,54440.9,54477.3,54403.2,54440.1,41.55470508
1619694000000,54440.2,54440.2,54250.2,54300.2,40.95771329
1619694900000,54300.3,54304.6,54123.3,54242.5,44.38918803
1619695800000,54242.6,54399.8,54137.2,54315.5,44.6395388
1619696700000,54315.5,54549,54282.7,54308.4,48.34774071
1619697600000,54308.4,54378.7,54164.3,54374.6,37.94628282
1619698500000,54374.7,54522.2,54307.7,54396,43.66059737
1619699400000,54396.1,54475,54349.7,54474.5,36.07561129
1619700300000,54474.5,54492.4,54288.7,54331,37.87929307
1619701200000,54331,54397.8,54036.6,54133.1,52.70335937
1619702100000,54133.2,54133.2,53861.5,53962.6,77.40601058
1619703000000,53962.7,54026.8,53617.1,53838,89.72014492
1619703900000,53838,53839.7,53570.8,53612.7,78.16580848
1619704800000,53608.9,53806.9,53516.2,53643.1,63.6957339
1619705700000,53643.1,53905.9,53631.9,53758.7,39.18556126
1619706600000,53758.8,53829.6,53543.6,53730.3,40.21104443
1619707500000,53730.2,53756.2,53557.2,53669.3,34.13925143
1619708400000,53669.3,53716.6,53515.5,53625.8,49.22836159
1619709300000,53625.8,53901.4,53303.1,53741,84.07414947
1619710200000,53741.1,53902.4,53638,53836.2,58.9436712
1619711100000,53836.2,53916.5,53665.1,53715.7,38.49559777
1619712000000,53715.7,53810.3,53530.7,53762.5,48.58549856
1619712900000,53762.5,53776.2,53425.3,53486.5,53.93877635
1619713800000,53486.4,53615.8,53364.5,53402.9,42.69880628
1619714700000,53402.9,53402.9,52928.1,52951.5,106.16344994
1619715600000,52951.5,53042.4,52683.8,52824.9,130.84307374
1619716500000,52825,53160.3,52806.4,53079.5,60.57258819
1619717400000,53081.5,53164.2,52777.9,52815.7,58.54639336
1619718300000,52815.7,52983.8,52727.2,52732.3,75.44475263
1619719200000,52732.2,52732.3,52471.3,52624.3,96.47830921
1619720100000,52624.3,52882.5,52501,52781.8,52.66308365
1619721000000,52781.8,52914.3,52590.2,52645.7,64.75205232
1619721900000,52645.8,53008.6,52645.8,52933.4,49.17043039
1619722800000,52933.5,52999.5,52852.7,52965.9,41.23456014
1619723700000,52965.9,53020.4,52797.6,53019.2,51.7060282
1619724600000,53016.6,53020.9,52854.8,52970.2,41.66442677
1619725500000,52970.2,52992.4,52861.2,52861.2,34.75961316
1619726400000,52861.1,52865.4,52340.1,52500.5,77.3590104
1619727300000,52499.9,53145.1,52449.9,53035.5,63.10136398
1619728200000,53035.5,53326.2,52792.1,52796.3,75.66529766
1619729100000,52796.3,53058.3,52796.2,52971.7,48.57008025
1619730000000,52971.7,53013.6,52860.1,52953.2,20.98489985
1619730900000,52952.2,52959.1,52811.7,52866.1,27.59161159
1619731800000,52866.1,53075.9,52864.5,53008.3,16.21934393
1619732700000,53008.3,53360.3,52974.7,53330.3,28.63569668
1619733600000,53332.3,53354.6,53214.1,53256.7,31.85000386
1619734500000,53256.8,53314.5,53100,53119.8,30.6687093
1619735400000,53119.8,53315.9,53119.8,53237.8,30.16503049
1619736300000,53237.9,53432.6,53197.9,53387.8,35.29902051
1619737200000,53387.8,53466,53306.7,53361.3,42.16522513
1619738100000,53358.4,53639.5,53355,53545.3,34.64827544
1619739000000,53545.4,53583.2,53446.1,53552.5,31.920437
1619739900000,53553.1,53634.5,53525.9,53558.4,31.8327778
1619740800000,53558.5,53630,53253.8,53367.5,45.88149171
1619741700000,53367.6,53613,53042.6,53613,66.36166869
1619742600000,53613.1,53808.1,53448.7,53484.7,78.2382221
1619743500000,53484.8,53574.1,53311.1,53379.3,42.2361292
1619744400000,53381.8,53488.5,53276,53298.8,40.3388853
1619745300000,53298.8,53372.6,53207.9,53307,29.17662646
1619746200000,53306.9,53625.8,53261.7,53484.5,42.54708264
1619747100000,53484.4,53526.6,53338.4,53402,31.11492239
1619748000000,53395.4,53570.4,53395.3,53560.7,26.88794331
1619748900000,53560.7,53614,53471.8,53493.2,34.52074081
1619749800000,53493.3,53577.3,53347.1,53449.3,29.79773812
1619750700000,53449.3,53565.7,53383.8,53518.2,32.19293674
1619751600000,53519.5,53610.2,53429,53560.9,29.81126919
1619752500000,53560.9,53759.9,53558.5,53627.8,37.84373593
1619753400000,53627.7,53741.7,53576.5,53683.5,33.27020441
1619754300000,53683.5,53718.1,53633,53687,34.53663859
1619755200000,53686.9,54089.1,53684.3,54089,64.98498545
1619756100000,54089.1,54182.7,53967.8,54182.7,46.99463809
1619757000000,54182.7,54195.9,54027.7,54065.8,40.90370184
1619757900000,54065.9,54125,54020.2,54124.9,52.5293671
1619758800000,54125,54254.4,54037.6,54089.4,72.32750275
1619759700000,54089.5,54168.3,54007.2,54010.5,50.73395986
1619760600000,54010.6,54077.1,53913.2,54036.7,41.52149681
1619761500000,54036.8,54300,54036.8,54270.4,45.36892499
1619762400000,54270.4,54375.8,54173,54187.3,32.4874676
1619763300000,54187.2,54345,54172.7,54245.6,27.28574355
1619764200000,54245.6,54439.7,54245.5,54332.6,39.88097429
1619765100000,54332.7,54438.2,54289.1,54425.4,27.98559803
1619766000000,54415.7,54559.2,54364.9,54423.8,44.40506989
1619766900000,54421.8,54426.9,54256.7,54328.5,25.98849144
1619767800000,54328.5,54420.1,54328.5,54337.8,26.41496219
1619768700000,54337.7,54357.4,54252,54334,33.27785433
1619769600000,54333.9,54475.5,54126.9,54184.8,35.03635964
1619770500000,54184.8,54364.1,54175.6,54348.7,29.41845272
1619771400000,54348.6,54426.6,54304.5,54371.1,25.03761713
1619772300000,54371,54652,54355.2,54554,38.35212901
1619773200000,54530.3,54784,54530.2,54768.4,62.40656516
1619774100000,54768.5,54770.9,54578.7,54579.7,33.32285027
1619775000000,54579.8,54623.6,54324.7,54413.4,51.65305249
1619775900000,54413.4,54514.7,54323.2,54333.1,32.10346778
1619776800000,54329.6,54473.4,54329.3,54453.7,33.57463288
1619777700000,54457.8,54492.8,54336.9,54354.7,25.7912016
1619778600000,54354.7,54451.4,54286.9,54366.2,27.030152
1619779500000,54367.2,54442,54120.9,54172.8,46.37543236
1619780400000,54171.3,54343.2,54060.1,54312.5,55.95618546
1619781300000,54312.5,54364.1,54216.6,54299.3,34.42998719
1619782200000,54299.3,54330.1,54121.7,54154.2,30.73301691
1619783100000,54154.3,54265.1,54123.1,54217.5,41.67562341
1619784000000,54217.6,54421.3,54184.3,54375.2,46.70910615
1619784900000,54375.2,54515,54375.2,54468.2,34.97454645
1619785800000,54468.2,54713.7,54385.3,54520.1,48.11484461
1619786700000,54520.1,54690.1,54520,54659.4,39.60641575
1619787600000,54659.5,54753.9,54598,54598,46.62963642
1619788500000,54594,54872.9,54429.9,54812.3,65.27817697
1619789400000,54812.4,55366.7,54812.4,55336.5,98.45280814
1619790300000,55336.5,55984.2,55280.8,55980.2,134.95214642
1619791200000,55980.2,56314.9,55736.6,55917.9,193.54855611
1619792100000,55917.4,56144.8,55903.3,56044.4,131.07611544
1619793000000,56044.4,56792,56029.6,56141.6,149.14465452
1619793900000,56141.6,56167.7,55927.3,55930,97.8328185
1619794800000,55933.3,56271.4,55933.2,56222.6,79.81007083
1619795700000,56222.6,56860.9,56142.2,56745.4,97.56040025
1619796600000,56756,57000,56713.5,56914,111.64502606
1619797500000,56914,57202.2,56767.5,57159.1,118.26382479
1619798400000,57157.9,57368.3,56871.7,56926.9,106.72079963
1619799300000,56926.9,57037.6,56880,56880,52.71205058
1619800200000,56878.2,57120,56878.2,57011.7,46.1475449
1619801100000,57011.8,57040,56534.3,56702.2,79.74049756
1619802000000,56702.2,56792,56662,56681,42.14167725
1619802900000,56678.8,56706.5,56272,56343.4,76.04340867
1619803800000,56343.4,56701.9,56343.4,56608.8,53.04476011
1619804700000,56608.8,56714,56523.6,56535.8,37.13492293
1619805600000,56539.9,56699.8,56519.4,56624.4,38.6639279
1619806500000,56624.5,56678.8,56557.6,56654.4,37.80404715
1619807400000,56655.4,57035.7,56622.9,56967.8,65.83565328
1619808300000,56967.8,56967.8,56750,56863.2,49.65867541
1619809200000,56863.2,56952.2,56799.3,56919.3,37.23894983
1619810100000,56919.3,57046.4,56900,56920,46.40004298
1619811000000,56920.1,57000,56818.1,56833.5,32.58991868
1619811900000,56833.4,56999.8,56823.7,56999.8,29.69860411
1619812800000,56999.9,57039.3,56409.5,56858.7,77.73468223
1619813700000,56858.7,56992.7,56661.9,56795.8,63.94081103
1619814600000,56795.8,56955.7,56790.3,56842.2,44.06960165
1619815500000,56842.3,56855.2,56666.7,56751.8,38.85141075
1619816400000,56751.7,56888.2,56751.7,56808.3,26.19657479
1619817300000,56808.3,56817.2,56657.7,56700.8,34.47206077
1619818200000,56700.8,56933,56700.7,56933,35.47196212
1619819100000,56933.3,57149,56890.4,56981.7,45.35971072
1619820000000,56981.7,57055.9,56902.8,56925.3,29.25641633
1619820900000,56925.4,57250,56896.6,57224.3,44.39752569
1619821800000,57224.3,57385.3,57158.7,57321.5,55.05725171
1619822700000,57321.4,57332.1,57005.2,57127.6,39.50019925
1619823600000,57127.7,57432.3,57098.2,57380.3,35.62209638
1619824500000,57378.3,57474.8,57275.4,57463.2,39.22577063
1619825400000,57463.3,57859.4,57398.2,57819,84.36391309
1619826300000,57818.9,57936.4,57651.8,57697.3,71.0372577
1619827200000,57697.3,58077.6,57400,57963.4,79.55698999
1619828100000,57963.4,58077.7,57797.8,58044.4,51.34009617
1619829000000,58044.3,58058.6,57793.9,57812.8,40.70557349
1619829900000,57812.8,57898.4,57652,57823.3,42.70835205
1619830800000,57823.3,57823.3,57500.6,57629.9,45.02733882
1619831700000,57629.9,57916.4,57629.9,57822.8,33.56747793
1619832600000,57822.9,58249.9,57736.2,58201.2,41.93033808
1619833500000,58201.1,58471.4,58107.3,58445.6,66.90984643
1619834400000,58445.5,58464.9,58146.1,58215,49.62416685
1619835300000,58215.1,58330.6,58214,58308.6,31.22431689
1619836200000,58308.6,58348.6,58173.2,58185.8,40.70635631
1619837100000,58186.5,58187.6,57937,58109.6,57.86102677
1619838000000,58109.6,58150.7,58038.9,58076.6,25.58133292
1619838900000,58076.6,58231.6,58076.5,58209.9,51.93223701
1619839800000,58209.9,58219.8,58074.5,58145.8,33.79380394
1619840700000,58145.8,58197.1,58109.3,58185,21.52315851
1619841600000,58184.9,58231.6,58031.8,58183.7,32.95747547
1619842500000,58183.7,58209.9,58003.2,58049.2,34.13267465
1619843400000,58049.2,58049.2,57708.6,57873.2,60.21743123
1619844300000,57873.1,58081.7,57796,58063.7,40.02117548
1619845200000,58059.2,58117.2,57899.9,58026.6,38.08779428
1619846100000,58026.5,58413.6,57962,58202.4,65.70180469
1619847000000,58202.4,58318.9,58198,58258.2,37.30188252
1619847900000,58258.1,58263.4,58040.7,58135.3,33.55670656
1619848800000,58135.3,58135.3,57947.1,57992.6,40.66126471
1619849700000,57992.6,58222,57991.6,58183.2,22.9566635
1619850600000,58183.1,58183.2,57980.4,57982,28.5431481
1619851500000,57982,58037.3,57855.6,57901.7,35.11145634
1619852400000,57901.8,57995.2,57653.2,57719.3,44.74959887
1619853300000,57719.3,57982.2,57719.2,57884,33.10165423
1619854200000,57885.5,58020.5,57806.2,57838.8,26.66016598
1619855100000,57838.7,57914.1,57615,57725.2,33.93909089
1619856000000,57728.1,57925.7,57728.1,57829.3,34.09042146
1619856900000,57829.4,57857.7,57677.5,57812.4,46.31915514
1619857800000,57812.4,57812.5,57521.6,57550.7,42.24511006
1619858700000,57550.7,57620.6,57438,57462.6,37.29155261
1619859600000,57462.6,57463.3,57140.1,57317.4,75.22602905
1619860500000,57313.3,57635.8,57219.3,57527.1,51.87130996
1619861400000,57527,57845.6,57527,57743.7,35.57098888
1619862300000,57743.7,57743.7,57374.6,57502.5,39.92035464
1619863200000,57502.5,57512,57358.3,57405.9,30.28438245
1619864100000,57406,57513,57376.6,57510.5,26.61312184
1619865000000,57510.6,57658.3,57510.5,57546.4,20.68005553
1619865900000,57546.4,57546.4,57377,57399.5,38.17378119
1619866800000,57399.6,57641.1,57399.5,57616.6,33.41382333
1619867700000,57613.6,57774,57601.8,57653.5,27.87585267
1619868600000,57653.5,57813.1,57551,57679.7,27.18471369
1619869500000,57679.7,57831.2,57679.7,57816.6,21.87529023
1619870400000,57816.6,58034.7,57716,57990.6,51.96814727
1619871300000,57983.5,57984.4,57812.6,57820.3,28.91342071
1619872200000,57820.3,57866.5,57689.4,57861.6,32.33942734
1619873100000,57861.5,57972,57742.1,57770.4,29.702237
1619874000000,57770.3,57955.7,57746.5,57849.4,35.09987743
1619874900000,57846.7,58003.9,57782.7,57868.4,48.3556461
1619875800000,57868.4,57868.4,57544.2,57624,50.48636061
1619876700000,57623.9,57703,57509.9,57606.7,43.09114842
1619877600000,57608.1,57692.9,57234.5,57378.3,55.47563158
1619878500000,57378.2,57558,57378.2,57502.3,30.50768801
1619879400000,57501.2,57659.8,57406.1,57410.9,56.85166788
1619880300000,57410.9,57497,57300.1,57418.9,37.94094651
1619881200000,57419.7,57477.5,57191.8,57243,47.71835004
1619882100000,57242.9,57391.5,57006.3,57132.9,58.05302349
1619883000000,57133,57375.6,57092.4,57365.2,36.83410207
1619883900000,57365.2,57497.6,57293,57368.8,58.88520008
1619884800000,57368.8,57497.7,57214.1,57446,42.88131599
1619885700000,57446,57700.3,57383.2,57426,46.55919051
1619886600000,57426,57426.5,57325.6,57399.2,34.04285569
1619887500000,57399.2,57526.5,57330,57481.1,35.3497405
1619888400000,57481,57750,57481,57649.7,54.45181739
1619889300000,57649.1,57721,57556.2,57720.9,22.64220425
1619890200000,57720.9,57722.2,57569.3,57643.8,19.84276985
1619891100000,57643.3,57693.2,57532.6,57571,28.70618303
1619892000000,57570.8,57623.5,57420.9,57462.1,34.27779428
1619892900000,57462.1,57566.5,57420,57516,29.4732655
1619893800000,57515.9,57626.4,57469.7,57578.4,37.9588385
1619894700000,57578.5,57649.6,57511.7,57603.6,33.20344922
1619895600000,57603.7,57603.7,57470.7,57507.6,30.14323806
1619896500000,57507.7,57974.8,57450,57967.7,46.8953505
1619897400000,57967.7,57967.7,57720.6,57878.1,41.4070286
1619898300000,57878,57917.2,57757.9,57767.2,29.89581152
1619899200000,57767.2,57825.8,57722.2,57748.2,20.51325883
1619900100000,57748.9,57810.5,57647,57772.3,29.84587224
1619901000000,57772.2,57871.9,57759.1,57803.2,28.16788335
1619901900000,57803.2,57808.9,57647.1,57678.4,31.95295721
1619902800000,57678.4,57690.1,57528.8,57664.1,24.13399171
1619903700000,57664.1,57671.5,57521.1,57590.1,35.59117057
1619904600000,57590,57673,57470,57513,15.40539918
1619905500000,57513,57513.1,57373.7,57442.7,30.42731308
1619906400000,57442.8,57493.7,57283,57461.3,35.66363242
1619907300000,57461.3,57599.6,57460.1,57540.7,35.64481865
1619908200000,57540.7,57668.4,57493.7,57619.5,31.71272837
1619909100000,57619.5,57704.2,57598.7,57654.7,31.02972773
1619910000000,57654.7,57658.5,57584.7,57634.8,23.34592661
1619910900000,57634.8,57861.2,57634.7,57846.8,26.43800374
1619911800000,57846.8,57932.5,57759.9,57886,32.72051006
1619912700000,57885.9,57885.9,57756,57794.7,26.9144024
1619913600000,57794.7,57903.7,57502.9,57638.2,51.72175804
1619914500000,57638.2,57638.2,57545.7,57555.8,28.75319398
1619915400000,57555.8,57571.5,57377.9,57430.6,42.44577778
1619916300000,57430.6,57510.1,57403.9,57444.8,38.27201336
1619917200000,57444.9,57444.9,57289.7,57365.7,37.50321492
1619918100000,57365.7,57475.1,57358.9,57366,29.85219834
1619919000000,57366,57430.2,57264.5,57386.4,25.33966139
1619919900000,57386.4,57461.2,57369.3,57410.4,18.67043482
1619920800000,57410.5,57572.7,57410.4,57552.3,25.24224446
1619921700000,57552.3,57672.3,57552.3,57624.1,33.35255562
1619922600000,57618.8,57674.1,57552.6,57648.6,21.63431743
1619923500000,57648.6,57697.2,57609,57648,25.42320788
1619924400000,57648.1,57711.7,57567.8,57624.2,14.50662892
1619925300000,57624.1,57624.2,57302.4,57324.9,41.97646456
1619926200000,57324.9,57325,56511,56829.5,130.39107879
1619927100000,56833.8,56836.8,56341.4,56450,77.83277336
1619928000000,56450,56649.4,56166.9,56606.1,105.24226129
1619928900000,56606.1,56872.6,56566.8,56656.4,49.55533546
1619929800000,56656.3,56821.8,56603.8,56731.4,50.40151987
1619930700000,56731.4,56932.3,56661.2,56906.4,37.43450727
1619931600000,56906.4,56906.5,56762.4,56800.2,22.33575312
1619932500000,56810.3,57100,56623.1,56980.8,45.11164432
1619933400000,56980.8,56989,56846,56974.8,31.88334598
1619934300000,56974.8,57111.1,56889.3,56909,28.0528817
1619935200000,56909,57025.5,56890.3,56936.6,26.05336236
1619936100000,56937.4,57009.5,56820.5,56885.1,29.58091541
1619937000000,56885.1,56934.7,56696.4,56701.4,35.56414032
1619937900000,56701.4,56924,56700.4,56878.5,26.63693194
1619938800000,56878.4,56979.1,56792,56834.1,24.63164712
1619939700000,56834.1,56834.1,56500.1,56553,37.29786473
1619940600000,56553.1,56658.2,56409,56544.1,49.73973796
1619941500000,56545.1,56719.6,56508,56631.6,26.91904717
1619942400000,56631.6,56750,56330.5,56390.6,52.90793571
1619943300000,56390.6,56529.8,56238.1,56275.1,49.16271315
1619944200000,56275.1,56496,56153.6,56318.5,47.81835137
1619945100000,56316.8,56568.3,56316.7,56516.7,30.13867481
1619946000000,56522.3,56647.9,56401.1,56493.5,37.40351422
1619946900000,56493.5,56549.4,56044.3,56193.6,57.60644015
1619947800000,56193.6,56304.3,56071.6,56253.1,31.30857555
1619948700000,56253,56468.8,56106.8,56449.9,48.80279682
1619949600000,56449.9,56756.7,56369.8,56723.7,66.89990207
1619950500000,56723.7,56860.9,56666.1,56694.5,53.79695914
1619951400000,56694.6,56805.7,56613.8,56761.3,28.15797413
1619952300000,56761.3,56902.7,56698.5,56835.5,30.89845275
1619953200000,56835.5,56835.5,56703.6,56721.6,26.25708734
1619954100000,56721.5,56784.2,56666.5,56725.1,25.14677951
1619955000000,56725.1,56775.6,56562.5,56681.7,22.99605581
1619955900000,56681.7,57082.8,56642,57082.7,30.58089193
1619956800000,57082.8,57268.4,56826.8,56846,56.95498311
1619957700000,56846,56863.5,56713.1,56832.9,34.20978967
1619958600000,56833,56974.1,56816.7,56816.8,27.52752288
1619959500000,56816.7,56906.2,56784.8,56830.1,27.77887792
1619960400000,56830.2,56900.8,56716.9,56738.3,30.41121478
1619961300000,56743,56803.6,56670.7,56771.6,18.15253245
1619962200000,56771.6,56844.8,56592.8,56692,26.09566753
1619963100000,56691.9,56692,56479.6,56672.2,44.97294662
1619964000000,56672.1,56962.3,56660,56848.9,43.61782762
1619964900000,56849,56884.3,56786.2,56800.4,22.71679256
1619965800000,56800.2,56877.9,56729.3,56787.2,27.38036485
1619966700000,56787.2,57009.5,56776.2,56835.8,41.95729674
1619967600000,56835.7,56849.2,56600.2,56728.2,48.44838634
1619968500000,56728.2,56833.7,56600.1,56618.9,35.45617601
1619969400000,56618.8,56669.4,56460.5,56636.2,41.0129721
1619970300000,56636.2,56711.7,56569.8,56600.9,21.65054578
1619971200000,56600.9,56767.4,56334.7,56694.1,50.96552808
1619972100000,56694.1,56747.8,56508,56524.1,30.18635105
1619973000000,56524.1,56735.1,56456.5,56665.4,37.46115813
1619973900000,56665.4,56687.1,56538.8,56555.7,25.38225845
1619974800000,56555.6,56588.5,56480.1,56586.8,31.11241305
1619975700000,56586.6,56714.1,56579.2,56631.9,25.1249517
1619976600000,56631.9,56835,56631.8,56812.4,36.58418075
1619977500000,56812.4,56816,56763.9,56779.9,22.04616124
1619978400000,56779.9,56823.9,56722.9,56741.7,28.80083636
1619979300000,56741.8,56898.2,56710.1,56826.1,24.21083139
1619980200000,56826.2,56830.1,56732.3,56760,21.47717508
1619981100000,56759.9,56885.3,56730.1,56848.6,24.04410261
1619982000000,56848.7,56866.3,56687,56716.3,24.11506799
1619982900000,56715.4,56721.2,56588.7,56714,26.06575251
1619983800000,56714.1,56776.2,56633.6,56729.6,31.64233049
1619984700000,56729.6,56936.6,56667.8,56838.3,34.95651278
1619985600000,56838.4,56977,56813.7,56841.8,21.69098333
1619986500000,56841.8,56866.8,56777.1,56845.6,34.24630398
1619987400000,56845.7,56886.5,56679.1,56733.1,35.75065843
1619988300000,56733.2,57000,56733.2,56995,29.07742018
1619989200000,56995,57144,56863,56908.3,42.20560767
1619990100000,56908.3,56982.4,56834.1,56980.9,25.1942711
1619991000000,56980.9,57100,56886.3,56891.9,32.83230387
1619991900000,56891.9,56903.7,56640.5,56648.7,28.79632746
1619992800000,56648.6,56759.1,56530.8,56552,50.82207651
1619993700000,56552.7,56555.7,56347.7,56456.4,55.29099405
1619994600000,56457.2,56457.2,56227.1,56274.3,57.01486047
1619995500000,56274.3,56419.8,56274.3,56391.4,34.62884371
1619996400000,56391.5,56544,56318.5,56496.1,26.67470985
1619997300000,56496.2,56496.3,56345.1,56493,26.04149689
1619998200000,56492.9,56567.5,56406.6,56528.6,38.78962066
1619999100000,56528.6,56590.9,56521.3,56568.5,37.70677676
1620000000000,56568.5,57020.4,56523.1,56998.9,61.37611397
1620000900000,56977.8,57400,56977.8,57192,62.36006035
1620001800000,57190,57584.7,57190,57442.2,53.34614364
1620002700000,57445.6,57600,57346,57399.9,62.73833534
1620003600000,57400,57700,57353.5,57551.9,42.4088252
1620004500000,57551.9,57717.8,57516.3,57637.7,40.42226631
1620005400000,57637.7,58283.5,57637.6,58122.4,105.38765792
1620006300000,58121.4,58122.7,57986.4,58042.6,49.48761685
1620007200000,58044.4,58168.8,57871.6,57937.5,65.06207018
1620008100000,57937.5,58191.8,57921,58167.1,55.24292563
1620009000000,58166.9,58248.3,58104.6,58104.6,27.38421679
1620009900000,58106.8,58174.1,58017.3,58062.3,38.79026235
1620010800000,58062.3,58116.2,58025.5,58062.3,37.54037669
1620011700000,58062.3,58244.1,57928.3,57950.4,50.89444658
1620012600000,57950.4,58107.6,57948.7,57972.6,35.66032082
1620013500000,57971.9,58008.6,57787.4,57926.1,34.20918269
1620014400000,57926.1,58033.3,57891.5,58002,20.69483596
1620015300000,58002,58002,57881.6,57881.6,24.11407727
1620016200000,57881.5,57979.7,57714.7,57737.1,30.12616666
1620017100000,57736.2,57856,57683.5,57818.6,31.50280709
1620018000000,57818.6,57986.2,57786.4,57916.4,29.43564265
1620018900000,57916.4,58026.9,57875.2,57926.5,21.08424472
1620019800000,57926.6,58096.2,57888.2,58016.6,28.28696366
1620020700000,58016.6,58050.3,57916,57936.9,21.40250899
1620021600000,57937,58043.4,57914.4,58041.6,30.59246362
1620022500000,58041.6,58041.7,57910.3,57933.8,27.61929581
1620023400000,57933.8,58030.8,57867.8,58024.9,31.10716809
1620024300000,58024.9,58026.5,57886.4,57949,22.84592578
1620025200000,57940.8,57963.1,57826,57924.8,24.09661475
1620026100000,57924.9,58471.2,57924.8,58437,48.39612069
1620027000000,58436.9,58784.2,58356.9,58657.4,128.0589986
1620027900000,58657.3,58837.3,58657.3,58791.1,50.73360247
1620028800000,58791.2,58807.5,58630.7,58630.8,46.10663912
1620029700000,58630.8,58809.2,58616.7,58804.9,42.06777992
1620030600000,58805,58977.9,58655.1,58690.9,56.64497887
1620031500000,58690.9,58813.1,58659,58770.1,42.44208782
1620032400000,58770,58800,58299,58447.7,64.77812872
1620033300000,58447.6,58539.7,58413,58500.1,38.20548001
1620034200000,58500.1,58653.4,58500.1,58580.6,34.74283565
1620035100000,58580.5,58597,58366.1,58412.1,29.33355383
1620036000000,58412,58555.9,58367.1,58531,32.59201208
1620036900000,58531,58624.6,58373.4,58509.9,61.70776529
1620037800000,58517.5,58529,58354,58354,28.62019335
1620038700000,58354,58498.8,58354,58470.3,28.77004254
1620039600000,58470.4,58612,58470.3,58586,36.02300119
1620040500000,58585.9,58903.8,58585.4,58826.4,45.76722351
1620041400000,58826.3,58948.1,58757.9,58785.6,44.80909713
1620042300000,58785.7,58849.8,58635.6,58661.1,40.93060131
1620043200000,58661,58771.3,58605.2,58687.3,44.37830777
1620044100000,58687.3,58687.3,58500,58518,37.23932729
1620045000000,58517.7,58563.1,58293.4,58559.1,53.99359434
1620045900000,58559.1,58591.3,58494.9,58561.9,30.60436462
1620046800000,58561.9,58635.6,58414.6,58630.5,38.05301647
1620047700000,58630.5,58630.6,58455.6,58546.4,34.98179703
1620048600000,58546.4,58635.3,58026.9,58241.2,68.83359352
1620049500000,58241.2,58241.2,57291.5,57694.3,158.33028501
1620050400000,57694.2,57854.4,57611.2,57772.2,84.22891999
1620051300000,57772.2,57994.8,57771.5,57994.8,58.32721699
1620052200000,57994.7,58191.6,57753.6,58156.4,85.11605417
1620053100000,58156.4,58156.5,57790.1,57792.4,72.65578671
1620054000000,57792.3,57926.2,57716.3,57842.4,41.55207127
1620054900000,57842.3,58019.9,57737.7,57956.3,39.97498252
1620055800000,57956.2,58018.3,57538.1,57557.2,56.90189921
1620056700000,57562.3,57728.5,57400,57607.2,64.09281364
1620057600000,57607.2,57773.9,57209.1,57260.5,83.21142574
1620058500000,57260.5,57561.2,57226.7,57517.5,73.5653959
1620059400000,57517.4,57932.6,57441.4,57808.3,72.09145436
1620060300000,57808.3,57907,57668.1,57692.4,56.85284748
1620061200000,57692.3,57892.9,57584,57836.2,48.60769494
1620062100000,57836.1,57892.6,57721.7,57888.4,49.32701449
1620063000000,57888.4,58174.5,57808.8,58131.2,66.59090976
1620063900000,58131.2,58143.4,57891.9,57964.2,47.21495347
1620064800000,57964.2,58082.6,57857.9,57918.9,77.70535662
1620065700000,57917.7,57965,57752.8,57810.2,49.24002047
1620066600000,57810.2,57914,57792.4,57818,39.27982634
1620067500000,57817.9,57900.4,57763.6,57769.6,39.77776541
1620068400000,57769.6,57769.6,57458.6,57491.6,49.32840275
1620069300000,57491.6,57589.3,57399.2,57539,46.90634727
1620070200000,57539,57597.8,57486.8,57533.6,42.69888876
1620071100000,57533.5,57573.4,57350,57559.7,51.96827834
1620072000000,57559.6,57572.7,57263.5,57480.1,50.04698326
1620072900000,57480.1,57480.1,57225.7,57328.6,40.11646144
1620073800000,57328.6,57328.7,56572.1,56975.3,118.73271413
1620074700000,56975.4,57143.4,56760,56793.3,63.21106202
1620075600000,56793.2,56934.5,56451.3,56593.3,74.54867258
1620076500000,56590.3,56888,56564.1,56888,38.13268169
1620077400000,56887.9,56983.4,56712.8,56940.8,22.74224741
1620078300000,56943.6,57150,56815.8,57103.9,33.59328286
1620079200000,57103.9,57219.8,56827,57005.7,41.11952195
1620080100000,57005.7,57090.4,56725,57078.9,47.0369944
1620081000000,57086.9,57217.7,56919.9,57158.5,50.47891955
1620081900000,57158.5,57409.8,57098.4,57282.8,51.77984698
1620082800000,57290.2,57290.3,57120,57194.6,49.08466796
1620083700000,57193.1,57193.1,56902.4,57129,59.84150579
1620084600000,57129.1,57450,57108.3,57285.4,61.17365253
1620085500000,57285.4,57285.4,57061.4,57159.7,49.2143666
1620086400000,57159.7,57188.2,56499.2,56531.5,104.71779319
1620087300000,56531.5,56853.7,56483.7,56529.9,73.99790928
1620088200000,56530,56768.5,56355.4,56628,106.29031824
1620089100000,56627.8,56758,54562.1,55279,335.17773328
1620090000000,55279.1,55498.6,55087.2,55419.7,189.21070533
1620090900000,55419.8,55749.9,55325.9,55518.3,110.34674811
1620091800000,55516.1,55701.3,55343.3,55573.9,87.69026812
1620092700000,55573.9,55847.8,55534.2,55680.9,86.73026839
1620093600000,55680.9,55945.9,55626.1,55738.8,81.62821487
1620094500000,55738.8,55776.8,55437.2,55720.1,65.28434652
1620095400000,55720.1,56000.1,55692.7,55788.2,79.25060898
1620096300000,55788.2,55877.1,55604.2,55696.3,69.13510358
1620097200000,55696.3,55943.1,55477.8,55729.6,82.28782982
1620098100000,55730.3,55827.3,55612.9,55807.7,40.40565908
1620099000000,55807.7,55807.7,55522.4,55529.8,41.55431757
1620099900000,55529.7,55585.8,55250,55453.7,45.58077983
1620100800000,55453.7,55685.5,55177.3,55684.4,87.88562615
1620101700000,55684.4,55797.5,55601.3,55715.7,57.21260325
1620102600000,55715.7,55782.2,55605,55724.3,68.78566941
1620103500000,55724.2,55898,55704.7,55808.9,60.67826253
1620104400000,55808.8,56278.3,55770.2,56097.7,82.09466998
1620105300000,56097.7,56137.3,55954.4,55996,41.9357613
1620106200000,55995.9,56021.9,55846,55862.3,35.03055199
1620107100000,55866.6,56154.5,55866.6,55994.4,37.44705937
1620108000000,55994.3,56092.7,55922.1,55943,36.50349908
1620108900000,55943,56156.5,55865.3,56154.1,36.84737912
1620109800000,56150.8,56151.7,56003.5,56044.4,36.77864476
1620110700000,56044.4,56073,55912.3,56066.5,32.93595562
1620111600000,56066.5,56343.1,56066.5,56337.6,35.32689458
1620112500000,56337.7,56346.5,56131.9,56160.1,47.70825672
1620113400000,56160,56179.3,55927.4,55978.9,37.80541705
1620114300000,55984.2,56071.5,55866.2,55923.6,49.21695802
1620115200000,55923.6,56020.4,55559.8,55616.9,77.32527181
1620116100000,55616.9,55811.3,55616.9,55742.4,42.13405717
1620117000000,55742.5,55940,55606.4,55621.5,46.58520803
1620117900000,55621.4,55822.2,55607,55739,47.0093241
1620118800000,55744.3,56189.8,55744.2,56179.1,58.59498594
1620119700000,56179.2,56390.7,56054.1,56277.7,64.14514169
1620120600000,56277.7,56277.8,56038.2,56150.2,42.81198427
1620121500000,56150,56300,56026.7,56086.2,37.24236959
1620122400000,56086.3,56496.9,56086.2,56496.8,41.21196722
1620123300000,56496.8,56630.2,56368.9,56399.2,50.58337259
1620124200000,56399.1,56503.4,56301.1,56304.3,47.09176011
1620125100000,56304.3,56477.5,56252.5,56416,40.75473787
1620126000000,56416,56423.4,56090,56163.8,56.42309309
1620126900000,56163.7,56163.8,55877.4,56135.6,47.93126756
1620127800000,56135.7,56271.3,55999.7,56035.9,63.9729968
1620128700000,56035.9,56198.2,55875,56149.4,73.00869342
1620129600000,56149.3,56165.6,55617.5,55724.4,89.24873659
1620130500000,55729.1,55801.7,55466.5,55779.6,80.22075163
1620131400000,55779.6,56191.1,55703.6,56167.6,107.42061416
1620132300000,56167.5,56310.6,55957.5,56025.3,78.24309555
1620133200000,56025.2,56025.3,55761,55911.3,50.60537821
1620134100000,55910.8,56100,55835.1,55886.7,48.305124
1620135000000,55886.7,55948.9,55533,55613.3,106.08663097
1620135900000,55613.3,55619.5,55217.7,55451.3,128.26393847
1620136800000,55451.2,55544,54890.9,55209.7,118.50423508
1620137700000,55206.3,55468.8,54971.4,55313.4,127.18400773
1620138600000,55313.4,55359.8,54424.9,54746.9,188.22370079
1620139500000,54746.9,55087.3,54550.4,54831.5,104.06957914
1620140400000,54831.4,54959.3,54144,54145.4,119.39974596
1620141300000,54144.1,54253.8,53100,54234.5,232.91337665
1620142200000,54235.7,54526.1,54150,54427,125.31484817
1620143100000,54427.6,54473.7,53752.6,53804.4,107.17563097
1620144000000,53800.1,54297.6,53486.1,54111.3,141.09701171
1620144900000,54111.3,54146.7,53772.3,54012.7,80.95774627
1620145800000,54012.8,54012.8,53525.7,53533.8,90.96346978
1620146700000,53533.8,53840.5,53200,53833.8,114.20163628
1620147600000,53833.8,54195.1,53784.1,53940.5,75.63332254
1620148500000,53940.2,54123.6,53721.6,54111.1,67.21383095
1620149400000,54111.1,54240,53919.5,54236.1,64.78874969
1620150300000,54236,54284.4,54023.6,54158,56.34677857
1620151200000,54158,54313.3,54029.6,54234.9,58.87273165
1620152100000,54234.9,54244.4,54002.8,54140.8,46.04223312
1620153000000,54146.5,54677.1,54064.3,54587.7,91.83591044
1620153900000,54587.7,54740,54509.1,54544.8,50.69546118
1620154800000,54544.9,54582.5,54300,54325.8,69.10095168
1620155700000,54325.7,54506.3,54314.2,54319.6,43.3551941
1620156600000,54319.6,54492.7,54235.4,54453.7,48.80754983
1620157500000,54454,54566.7,54332.2,54539.3,45.55140089
1620158400000,54552.6,54666.7,54438,54610.7,47.22160661
1620159300000,54610.6,54666.6,53954.4,53989.3,58.65447375
1620160200000,53989.3,54294.2,53912,54266.3,59.66906358
1620161100000,54266.2,54849,54266.2,54728.8,71.18284181
1620162000000,54728.8,54807.9,54461.2,54666.1,41.39048147
1620162900000,54666.1,54666.1,54514,54608.8,35.30989376
1620163800000,54608.8,54634.3,54294.2,54332,31.24716464
1620164700000,54331.9,54431.8,54207.1,54353,35.23277556
1620165600000,54353,54418.6,53946.1,54041.4,54.73960566
1620166500000,54041.4,54108.6,53936.8,53954.2,51.88166461
1620167400000,53954.2,53954.2,53543.3,53590.4,80.88317563
1620168300000,53598.2,54125,53563.1,54082.4,60.36098193
1620169200000,54082.3,54221.9,53875.3,54164.1,50.93405498
1620170100000,54164.1,54164.2,53805.1,54017.1,54.39728592
1620171000000,54013.7,54189.5,53760.7,53768.4,49.31006811
1620171900000,53768.3,53787.8,53083.3,53196.3,120.19149213
1620172800000,53196.3,53831.6,52888,53740,148.28847886
1620173700000,53753,54059.8,53729,54036,71.33364457
1620174600000,54036.1,54730.8,54036,54649.3,92.95688451
1620175500000,54649.2,54870,54553.3,54564.7,83.2215693
1620176400000,54564.7,55060.8,54564.7,54964.8,92.42144409
1620177300000,54963,55091.6,54703.1,54782.5,48.62293418
1620178200000,54782.4,54834.5,54604.9,54707.8,60.70553275
1620179100000,54703,54878,54645.6,54768,52.30338948
1620180000000,54768,55378.9,54664.7,55250,93.16293362
1620180900000,55250,55410.3,55071.8,55203.8,55.5826062
1620181800000,55203.8,55355.3,55026.3,55096.4,57.97553703
1620182700000,55096.5,55196.1,54920.3,55059.6,50.41805079
1620183600000,55059.5,55194.7,54888.4,54907.2,59.27135581
1620184500000,54905.7,55187.2,54882.1,55012.6,45.08854567
1620185400000,55012.7,55225.4,54900.4,54983.3,60.34176519
1620186300000,54983.3,54983.3,54717.8,54799.6,75.42030997
1620187200000,54799.6,55008.3,54799.6,54853.3,67.25943879
1620188100000,54853.3,54885.5,54755.9,54819.4,57.00853187
1620189000000,54825,55272,54753.1,54770.1,80.00531961
1620189900000,54770.1,54853,54454,54555,49.00995614
1620190800000,54555,54609.2,54290.1,54495.1,75.46173281
1620191700000,54498.3,54726.1,54429.8,54624,41.55522002
1620192600000,54624,54917,54577.5,54758.6,43.24270729
1620193500000,54770.5,54770.5,54440.3,54697.8,51.93829698
1620194400000,54697.8,54730.3,54523,54579.3,40.89540439
1620195300000,54579.3,54600,54067.9,54314.4,69.7051224
1620196200000,54314.4,54314.4,53934.6,54029.3,64.83868117
1620197100000,54029.3,54445.7,54029.3,54422.6,44.70373547
1620198000000,54422.6,54489,54314.4,54481.2,37.08856755
1620198900000,54481.1,54573.9,54446.4,54547.3,22.39675159
1620199800000,54547.2,54755,54520.3,54752.7,47.13627917
1620200700000,54752.7,55021.3,54697.3,54861.7,63.72325328
1620201600000,54861.7,54961.4,54700,54700.1,49.23554702
1620202500000,54700.1,55243.8,54700,55237.3,65.6639603
1620203400000,55237.2,55331.7,55148.1,55273.5,48.41772627
1620204300000,55273.5,55672.6,55273.5,55419.1,80.66092687
1620205200000,55419,55475.9,55219.8,55242.8,43.18652174
1620206100000,55242.7,55339.2,55073,55138.5,47.37155625
1620207000000,55138.6,55387.7,55138.5,55229.7,66.56901418
1620207900000,55229.5,55381.6,55211.6,55356.9,46.70077467
1620208800000,55356.9,55477.8,55208.5,55234.9,45.36770173
1620209700000,55234.9,55309,55068.5,55205,53.17930423
1620210600000,55205,55485.1,55205,55316.3,50.45181971
1620211500000,55316.3,55806.8,55215,55637.3,67.58460059
1620212400000,55637.3,55678,55290.9,55356.6,56.85694695
1620213300000,55356.6,55437.3,55160.5,55215.6,42.50367769
1620214200000,55215.5,55313.1,55159.6,55209.6,28.38148537
1620215100000,55209.6,55299.8,55013.9,55105.1,42.07967911
1620216000000,55112.1,55340.9,55052.7,55271.9,41.61415746
1620216900000,55272.7,55759.1,55272.7,55427.6,75.34833118
1620217800000,55427.7,55536.5,55280.9,55355.8,53.69023559
1620218700000,55355.8,55640.1,55316.7,55588.4,43.83011804
1620219600000,55588.3,55745.8,55545.6,55593.4,37.73022931
1620220500000,55593.4,56023.5,55561.4,55896.3,100.18940372
1620221400000,55896.2,56103.4,55667.4,56103.4,108.91548121
1620222300000,56103.4,56263.6,56074.7,56254.5,56.06495382
1620223200000,56245.3,56324.6,55700.2,56067.5,92.16493015
1620224100000,56067.5,56067.6,55676.5,55836,98.01711821
1620225000000,55831.4,56339.1,55818.1,56334.8,74.95683264
1620225900000,56334.9,57000,56334.9,56970.2,59.55367348
1620226800000,56964.3,57400,56964.3,57204.2,106.45301042
1620227700000,57204.2,57472.4,56932.7,57036.1,148.11201253
1620228600000,57036.1,57245.3,56987.1,57174.8,112.27052794
1620229500000,57174.8,57700,57174.7,57628,118.23056281
1620230400000,57628,57979.7,57417.7,57710.5,120.25190826
1620231300000,57706.5,57821.9,57464.6,57577.8,76.54041986
1620232200000,57577.8,57740.2,57260.8,57423.2,82.24603043
1620233100000,57423.3,57495.2,57271.7,57409.3,76.64699008
1620234000000,57409.3,57535.9,57261.1,57426.3,61.86882736
1620234900000,57426.4,57680,57363.9,57535.8,53.98039905
1620235800000,57535.8,57668.4,57230.4,57317.8,69.43912619
1620236700000,57317.8,57466.1,57252.7,57284.6,62.98433895
1620237600000,57288.6,57500,57278.9,57426.3,51.28635651
1620238500000,57426.2,57444,57253.9,57320,48.8685202
1620239400000,57320,57473.6,57069,57071.9,65.04857053
1620240300000,57076.4,57381.4,57076.4,57293.7,65.97539487
1620241200000,57293.7,57424.3,57245.9,57397.3,51.83410149
1620242100000,57397.2,57500,57300.4,57304.6,58.21083387
1620243000000,57301,57346.7,57103.4,57117.9,57.53823102
1620243900000,57118,57217.1,57018.4,57129.6,68.26054221
1620244800000,57129.6,57266.9,56904.3,57236,72.39017506
1620245700000,57236.1,57236.1,56630.8,56802.9,83.45888766
1620246600000,56803,56950,56591.1,56734.1,82.12072515
1620247500000,56722.2,56951.8,56680.3,56850.4,59.01175792
1620248400000,56850.5,56950.9,56736.3,56884.4,39.63120695
1620249300000,56884.4,56929.6,56816.6,56839.3,29.7455548
1620250200000,56839.3,56863.3,56702.7,56703,25.44367484
1620251100000,56703,56952,56690.3,56789.3,31.35295834
1620252000000,56789.3,56886.4,56764.4,56878.7,46.0896992
1620252900000,56878.7,57521.8,56875.9,57517.6,106.97388234
1620253800000,57517.6,57602.1,57234.6,57270,77.37931384
1620254700000,57274.6,57359.6,57063.7,57075.2,66.09387973
1620255600000,57075.2,57212.1,56944.7,57000.1,68.9493968
1620256500000,57000.1,57398,57000,57172.6,51.38510245
1620257400000,57172.5,57404,57136.2,57254.4,39.71690412
1620258300000,57254.5,57449.2,57162,57431.5,39.39107313
1620259200000,57431.5,57562.5,57157.2,57494.8,86.66504547
1620260100000,57494.8,57521.3,56705.9,56895.9,98.45801518
1620261000000,56895.9,57144.3,56586.1,56592.3,92.50124086
1620261900000,56592.2,57032,56572.6,56950.9,52.54751338
1620262800000,56950.9,56954.3,56592.8,56762.2,69.97320293
1620263700000,56762.3,56952.4,56583.8,56938.2,57.34585394
1620264600000,56952.4,57180.2,56923.7,57089.7,59.88180704
1620265500000,57089.6,57195.9,56790.2,56828.4,51.19442432
1620266400000,56827.8,57035.9,56715.3,56896.9,40.01299351
1620267300000,56896.8,57157.6,56813.7,57128.8,60.41649248
1620268200000,57128.7,57158.5,56983,56985.3,41.59227376
1620269100000,56985.2,57093.2,56863.7,57033,49.047037
1620270000000,57033.1,57033.1,56784.1,56881.8,41.47619095
1620270900000,56884.5,56884.6,56731.8,56787.8,46.70651831
1620271800000,56787.8,56875.5,56691.5,56696.7,53.55580729
1620272700000,56696.7,56889.8,56632.4,56795.5,37.86975466
1620273600000,56795.4,57123.9,56717.9,57054.9,45.6925395
1620274500000,57054.9,57516.1,57039.7,57395.9,80.03040531
1620275400000,57395.8,57541.9,57104.4,57181.1,59.39462747
1620276300000,57181.1,57181.1,56812.9,56922.9,54.65368755
1620277200000,56926.5,56942.2,56751.6,56903.3,45.25646755
1620278100000,56903.3,57088.7,56903.3,57072.9,25.14482715
1620279000000,57072.9,57348,56998.7,57054.2,36.35662734
1620279900000,57054.2,57262.3,56910.4,57166,31.45418195
1620280800000,57165.9,57165.9,56807.6,56874.1,38.72172921
1620281700000,56874.1,57088.9,56856.9,56907.8,55.10994882
1620282600000,56907.7,56910.1,56714.3,56871.7,60.77079246
1620283500000,56860.8,56864.4,56437.3,56582.5,79.54269107
1620284400000,56582.5,56785,56368.3,56640,52.73012556
1620285300000,56640,56797.9,56542.7,56797.9,41.62496487
1620286200000,56797.9,56902.4,56716.7,56771,44.717825
1620287100000,56771.1,56872.7,56642.5,56811.9,33.56639342
1620288000000,56811.9,57070.4,56792.2,56965,41.30170184
1620288900000,56965,57178.4,56861.6,57165.8,46.16940892
1620289800000,57165.8,57201.4,56978.3,57073.6,49.88604483
1620290700000,57072.4,57072.4,56820.5,56890.2,35.75111324
1620291600000,56890.2,57070.2,56786.8,56967.7,64.56288449
1620292500000,56967.7,57164,56780,57164,56.04520397
1620293400000,57164,57305.3,57046,57288.5,54.04650611
1620294300000,57288.5,57317.8,57186.2,57261.3,48.51834896
1620295200000,57264.4,57991.8,57147.3,57976.4,117.96291927
1620296100000,57976.4,58362.4,57970.2,58283.2,157.65286182
1620297000000,58270.1,58345.5,58071.8,58140.3,69.5603789
1620297900000,58140.4,58167.9,57925.1,58002.2,65.88968805
1620298800000,57998.7,58038.3,57705.2,57822.3,99.86729787
1620299700000,57822.3,57953.2,57744.2,57847.9,94.62399653
1620300600000,57848,58097.9,57780.2,58063.5,73.0730349
1620301500000,58063.5,58142.3,57893.5,57990.3,44.4344928
1620302400000,57990.4,58083,57750,57763.1,59.21468645
1620303300000,57761.7,57869.8,57585.7,57807.1,105.10607869
1620304200000,57807,57813.4,57636,57683.2,51.92585974
1620305100000,57685.7,57732.2,57451.7,57625.2,57.90014661
1620306000000,57625.3,57695.4,57239.3,57375.9,74.48276548
1620306900000,57375.9,57510.1,57172.5,57374.6,81.35577532
1620307800000,57374.6,57493.4,57275,57396.1,56.60087724
1620308700000,57398.4,57510,57059.5,57260,65.85012945
1620309600000,57260.1,57349.4,56879.5,57053.5,65.59280974
1620310500000,57077.8,57279.8,57025.4,57256.7,66.66855934
1620311400000,57256.7,57341.8,57161.9,57173.7,47.17787846
1620312300000,57173.7,57389.4,57139.5,57150.2,59.85773104
1620313200000,57150.2,57256.3,56889.3,57059.8,76.87319353
1620314100000,57059.7,57104.4,56901.8,57008.4,73.21829907
1620315000000,57004.5,57122.3,56948.3,57056.8,70.3899242
1620315900000,57059.1,57366.3,56777,57098.4,116.45697478
1620316800000,57098.4,57256.7,56871.7,57160,90.12041235
1620317700000,57160.1,57463.4,57008.1,57263.9,101.2761415
1620318600000,57263.9,57330.7,56972.8,57069.4,83.93038712
1620319500000,57069.3,57069.4,56566.3,56703.7,101.78166377
1620320400000,56712.9,56983,56691.2,56899.7,53.55009409
1620321300000,56899.8,57018.2,56899.7,56978,48.4195112
1620322200000,56978,57079.6,56886.4,56953.3,44.37261588
1620323100000,56952.6,57017.5,56742.7,56767.1,55.79306909
1620324000000,56767.1,56949.5,56668.3,56833.2,69.1821117
1620324900000,56833.2,56910.5,56678.4,56685.4,56.85180892
1620325800000,56685.4,56755.4,55552.9,55602.2,223.11148063
1620326700000,55602.2,55975.8,55445.2,55750.2,173.38008411
1620327600000,55750.2,55940,55448.4,55640.1,123.78984293
1620328500000,55637.9,55684.7,55242,55657.7,142.50405925
1620329400000,55657.8,55974,55653,55911.8,99.5381803
1620330300000,55911.7,56357.1,55905.7,56128.3,98.80448332
1620331200000,56128.4,56187,55689,55811.3,91.48402819
1620332100000,55811.2,56009.4,55699,56006.4,64.3605833
1620333000000,56009.2,56263.2,55801.1,55868.5,95.87951815
1620333900000,55874.5,56068.4,55833.2,55918.4,49.900134
1620334800000,55918.3,56145.2,55892.2,56137.1,45.06467732
1620335700000,56137.2,56262.2,56030.5,56240,51.51498034
1620336600000,56239.9,56331.6,56169.1,56276,29.56929235
1620337500000,56276,56442.6,56267.2,56295.5,56.00409731
1620338400000,56295.4,56420.2,56183.6,56214.6,62.77302453
1620339300000,56214.6,56452.6,56214.6,56248.9,49.69820662
1620340200000,56248.9,56555,56248.8,56490.7,41.14348729
1620341100000,56490.8,56508.3,56389.6,56499.5,40.35681234
1620342000000,56499.4,56556.6,56338.5,56526.9,50.5782529
1620342900000,56527,56655,56280.2,56537.3,54.04322974
1620343800000,56537.3,56788.2,56424.5,56467.3,48.99197275
1620344700000,56467.3,56612.8,56317.8,56397.6,48.95274119