timestamp,open,high,low,close,volume
1609459200000,736.42000000,749.00000000,729.33000000,744.82000000,130893.19622000
1609473600000,744.87000000,747.09000000,734.40000000,737.38000000,72474.10311000
1609488000000,737.37000000,741.76000000,725.10000000,738.85000000,128108.21447000
1609502400000,738.85000000,743.33000000,732.12000000,735.39000000,121504.02184000
1609516800000,735.39000000,737.73000000,714.29000000,725.34000000,156457.71927000
1609531200000,725.34000000,731.97000000,722.50000000,728.91000000,65676.83838000
1609545600000,728.91000000,734.40000000,714.91000000,730.39000000,119184.44960000
1609560000000,730.39000000,740.49000000,726.26000000,735.12000000,97938.27713000
1609574400000,735.12000000,738.35000000,723.01000000,729.70000000,120264.73109000
1609588800000,729.70000000,772.80000000,728.25000000,768.43000000,428448.45842000
1609603200000,768.45000000,787.69000000,764.50000000,784.79000000,334396.99240000
1609617600000,784.79000000,785.48000000,750.12000000,774.56000000,252385.66804000
1609632000000,774.44000000,781.59000000,770.59000000,772.37000000,114309.37983000
1609646400000,772.44000000,805.74000000,768.71000000,799.78000000,285411.98757000
1609660800000,799.74000000,832.30000000,791.50000000,829.76000000,334288.39418000
1609675200000,829.77000000,921.73000000,826.38000000,917.72000000,698095.22416000
1609689600000,917.95000000,978.00000000,888.93000000,921.53000000,805040.39911000
1609704000000,921.61000000,1011.07000000,920.08000000,978.28000000,576458.50130000
1609718400000,978.33000000,1025.81000000,954.22000000,1021.41000000,432623.86115000
1609732800000,1021.41000000,1162.97000000,1012.00000000,1044.31000000,996550.05419000
1609747200000,1044.30000000,1078.93000000,890.00000000,976.80000000,1176111.38746000
1609761600000,976.97000000,1058.16000000,956.12000000,1040.01000000,815345.81432000
1609776000000,1040.00000000,1048.00000000,982.05000000,1042.28000000,540996.24594000
1609790400000,1042.16000000,1049.70000000,992.70000000,1041.43000000,283383.57698000
1609804800000,1041.45000000,1134.60000000,995.00000000,1001.76000000,753792.30594000
1609819200000,1001.75000000,1030.81000000,974.45000000,1003.45000000,525071.48466000
1609833600000,1003.52000000,1050.93000000,1003.51000000,1042.21000000,324534.17389000
1609848000000,1042.23000000,1064.00000000,1001.00000000,1052.82000000,326089.03064000
1609862400000,1052.83000000,1108.00000000,1036.29000000,1096.33000000,458535.68236000
1609876800000,1096.36000000,1120.00000000,1074.44000000,1099.56000000,318972.99776000
1609891200000,1100.16000000,1110.30000000,1057.26000000,1075.49000000,272291.19258000
1609905600000,1075.49000000,1135.02000000,1073.03000000,1106.59000000,397722.28203000
1609920000000,1106.61000000,1166.58000000,1091.00000000,1151.88000000,427002.85506000
1609934400000,1151.88000000,1158.96000000,1121.00000000,1143.89000000,356213.35095000
1609948800000,1144.01000000,1208.57000000,1144.01000000,1160.78000000,514560.21454000
1609963200000,1160.78000000,1213.00000000,1116.61000000,1208.42000000,422346.69818000
1609977600000,1208.75000000,1224.11000000,1179.91000000,1213.17000000,276767.00381000
1609992000000,1213.17000000,1218.04000000,1181.09000000,1186.21000000,223588.06912000
1610006400000,1186.39000000,1205.70000000,1159.03000000,1201.12000000,239241.20032000
1610020800000,1201.32000000,1249.98000000,1197.64000000,1249.83000000,320851.12478000
1610035200000,1249.84000000,1289.00000000,1131.00000000,1234.14000000,647222.06056000
1610049600000,1234.23000000,1267.33000000,1201.45000000,1224.87000000,265253.36200000
1610064000000,1224.86000000,1233.00000000,1065.00000000,1150.10000000,457136.18423000
1610078400000,1150.10000000,1214.27000000,1125.41000000,1208.42000000,317360.18426000
1610092800000,1208.20000000,1270.24000000,1181.73000000,1255.43000000,340828.16003000
1610107200000,1255.24000000,1273.75000000,1171.72000000,1216.77000000,412593.06251000
1610121600000,1216.93000000,1242.18000000,1173.00000000,1184.75000000,287616.62425000
1610136000000,1184.75000000,1229.69000000,1135.51000000,1216.93000000,315638.70813000
1610150400000,1216.72000000,1234.67000000,1171.36000000,1226.53000000,256010.80317000
1610164800000,1226.53000000,1227.49000000,1173.65000000,1196.49000000,195105.52631000
1610179200000,1196.50000000,1237.00000000,1184.64000000,1220.64000000,216546.78765000
1610193600000,1220.65000000,1235.50000000,1207.29000000,1219.95000000,182191.76916000
1610208000000,1219.96000000,1235.69000000,1194.08000000,1229.42000000,193868.19879000
1610222400000,1229.33000000,1304.37000000,1217.54000000,1276.00000000,405148.03006000
1610236800000,1276.00000000,1340.98000000,1273.82000000,1310.97000000,318325.25142000
1610251200000,1310.91000000,1345.69000000,1305.74000000,1344.70000000,185032.87094000
1610265600000,1344.77000000,1348.33000000,1257.60000000,1259.28000000,340055.23108000
1610280000000,1259.28000000,1323.71000000,1237.00000000,1303.18000000,308278.58018000
1610294400000,1303.40000000,1325.00000000,1248.59000000,1263.17000000,362908.80802000
1610308800000,1263.32000000,1287.51000000,1170.00000000,1254.25000000,436578.60839000
1610323200000,1254.24000000,1260.00000000,1010.91000000,1104.14000000,631801.97474000
1610337600000,1105.02000000,1133.87000000,1011.10000000,1071.84000000,720369.03247000
1610352000000,1071.98000000,1149.99000000,1063.00000000,1067.87000000,503363.61135000
1610366400000,1067.65000000,1103.12000000,950.00000000,977.21000000,869009.99081000
1610380800000,977.21000000,1024.00000000,915.00000000,984.41000000,883171.42096000
1610395200000,984.15000000,1094.00000000,958.00000000,1087.01000000,461068.62645000
1610409600000,1087.00000000,1091.36000000,1038.34000000,1088.52000000,339890.45246000
1610424000000,1088.72000000,1150.02000000,1076.25000000,1139.05000000,362239.29376000
1610438400000,1139.25000000,1144.11000000,1065.95000000,1099.16000000,429916.10678000
1610452800000,1099.15000000,1111.54000000,1006.33000000,1053.34000000,574695.85580000
1610467200000,1053.54000000,1126.88000000,1052.79000000,1082.76000000,349691.07608000
1610481600000,1082.76000000,1088.25000000,1025.00000000,1050.16000000,246212.55564000
1610496000000,1050.36000000,1059.66000000,987.48000000,1046.72000000,401920.25192000
1610510400000,1046.72000000,1080.75000000,1010.79000000,1076.35000000,228998.34353000
1610524800000,1076.33000000,1096.64000000,1053.79000000,1061.60000000,275185.64194000
1610539200000,1061.64000000,1084.00000000,1045.07000000,1071.50000000,203460.13647000
1610553600000,1071.14000000,1109.78000000,1060.78000000,1102.08000000,217411.59435000
1610568000000,1102.02000000,1137.65000000,1091.25000000,1129.89000000,237226.42260000
1610582400000,1129.79000000,1147.97000000,1091.02000000,1096.39000000,232428.00407000
1610596800000,1096.39000000,1162.57000000,1086.70000000,1148.00000000,244121.19684000
1610611200000,1147.85000000,1174.73000000,1141.78000000,1166.59000000,239439.34481000
1610625600000,1166.48000000,1220.63000000,1147.51000000,1212.80000000,330253.14759000
1610640000000,1212.99000000,1247.55000000,1203.20000000,1231.53000000,279222.47659000
1610654400000,1231.20000000,1235.84000000,1163.68000000,1231.62000000,230273.21566000
1610668800000,1231.89000000,1256.98000000,1201.00000000,1219.07000000,261526.78997000
1610683200000,1219.08000000,1242.99000000,1175.41000000,1240.97000000,278007.05622000
1610697600000,1240.99000000,1247.88000000,1205.00000000,1226.12000000,208874.90779000
1610712000000,1226.28000000,1230.64000000,1126.44000000,1141.52000000,433661.50301000
1610726400000,1141.66000000,1175.34000000,1069.42000000,1133.74000000,570819.55179000
1610740800000,1133.75000000,1175.08000000,1111.52000000,1168.53000000,191149.02860000
1610755200000,1168.48000000,1198.10000000,1157.77000000,1179.34000000,200202.60126000
1610769600000,1179.23000000,1189.76000000,1151.77000000,1182.90000000,164701.47717000
1610784000000,1182.88000000,1225.52000000,1177.00000000,1219.00000000,254743.79593000
1610798400000,1219.00000000,1278.00000000,1188.00000000,1276.27000000,382893.20169000
1610812800000,1276.29000000,1298.00000000,1218.40000000,1252.59000000,317143.87898000
1610827200000,1252.40000000,1280.71000000,1200.00000000,1227.83000000,255699.48294000
1610841600000,1227.83000000,1258.00000000,1200.53000000,1241.20000000,193889.07217000
1610856000000,1241.33000000,1250.72000000,1170.00000000,1182.60000000,260092.86651000
1610870400000,1182.45000000,1228.37000000,1165.00000000,1219.52000000,303403.03227000
1610884800000,1219.52000000,1246.92000000,1191.03000000,1241.17000000,227790.01775000
1610899200000,1241.35000000,1251.00000000,1210.54000000,1218.30000000,160001.97705000
1610913600000,1218.35000000,1269.02000000,1218.33000000,1232.45000000,172108.04004000
1610928000000,1232.50000000,1247.73000000,1182.58000000,1194.07000000,208076.04408000
1610942400000,1194.07000000,1227.01000000,1188.00000000,1219.62000000,155010.00201000
1610956800000,1219.68000000,1234.23000000,1209.00000000,1225.43000000,151897.02037000
1610971200000,1225.43000000,1255.50000000,1221.00000000,1240.36000000,229889.74155000
1610985600000,1240.21000000,1248.48000000,1211.66000000,1227.67000000,150138.28973000
1611000000000,1227.68000000,1260.75000000,1222.52000000,1258.45000000,103039.01299000
1611014400000,1258.52000000,1345.00000000,1251.49000000,1321.50000000,466704.40297000
1611028800000,1321.58000000,1379.64000000,1302.18000000,1375.00000000,287149.85972000
1611043200000,1374.73000000,1433.00000000,1362.77000000,1429.56000000,441752.16268000
1611057600000,1429.47000000,1438.30000000,1371.00000000,1413.95000000,376832.82943000
1611072000000,1414.09000000,1437.59000000,1334.41000000,1359.60000000,423824.08728000
1611086400000,1359.59000000,1424.96000000,1350.00000000,1365.36000000,282589.21550000
1611100800000,1365.36000000,1407.93000000,1340.00000000,1344.03000000,314283.12785000
1611115200000,1344.11000000,1379.60000000,1316.25000000,1369.92000000,303676.79555000
1611129600000,1369.94000000,1373.46000000,1250.00000000,1265.39000000,572418.11700000
1611144000000,1265.41000000,1321.95000000,1235.42000000,1273.29000000,451867.65597000
1611158400000,1273.17000000,1350.00000000,1248.59000000,1345.80000000,348733.00163000
1611172800000,1345.81000000,1389.42000000,1305.00000000,1376.99000000,228158.92344000
1611187200000,1376.72000000,1390.00000000,1308.30000000,1326.50000000,274089.35217000
1611201600000,1326.01000000,1336.22000000,1278.99000000,1309.62000000,235026.10869000
1611216000000,1309.53000000,1312.38000000,1222.00000000,1236.31000000,484962.37608000
1611230400000,1236.43000000,1260.00000000,1185.75000000,1188.68000000,523157.16118000
1611244800000,1188.54000000,1238.90000000,1164.00000000,1231.18000000,349964.97732000
1611259200000,1231.02000000,1235.00000000,1086.00000000,1110.96000000,386964.82821000
1611273600000,1111.98000000,1164.00000000,1042.31000000,1160.73000000,667507.41144000
1611288000000,1160.65000000,1189.00000000,1132.00000000,1143.58000000,318405.73175000
1611302400000,1143.57000000,1210.95000000,1121.49000000,1197.57000000,347883.62511000
1611316800000,1197.36000000,1242.01000000,1193.28000000,1232.88000000,275957.55946000
1611331200000,1233.14000000,1272.29000000,1214.87000000,1267.61000000,236529.01958000
1611345600000,1267.69000000,1273.79000000,1218.00000000,1232.62000000,174309.86939000
1611360000000,1232.61000000,1242.85000000,1205.70000000,1231.67000000,182335.82961000
1611374400000,1231.67000000,1268.49000000,1229.00000000,1259.62000000,135462.95556000
1611388800000,1259.61000000,1272.44000000,1212.50000000,1219.07000000,209817.27060000
1611403200000,1219.07000000,1242.08000000,1195.90000000,1230.26000000,183330.07763000
1611417600000,1230.26000000,1264.00000000,1223.75000000,1257.83000000,175610.90937000
1611432000000,1257.83000000,1259.86000000,1223.85000000,1233.60000000,122988.03981000
1611446400000,1233.46000000,1294.00000000,1220.00000000,1293.33000000,206011.15155000
1611460800000,1293.53000000,1334.88000000,1288.52000000,1314.74000000,302530.69855000
1611475200000,1314.74000000,1350.04000000,1310.00000000,1342.97000000,217886.02594000
1611489600000,1343.07000000,1348.26000000,1298.22000000,1320.50000000,249036.75205000
1611504000000,1320.50000000,1365.00000000,1304.00000000,1326.37000000,327450.59784000
1611518400000,1326.37000000,1398.83000000,1324.13000000,1392.51000000,207964.31224000
1611532800000,1392.19000000,1475.00000000,1383.12000000,1426.91000000,490092.45154000
1611547200000,1426.99000000,1445.00000000,1392.20000000,1424.61000000,222027.33364000
1611561600000,1424.65000000,1427.72000000,1379.08000000,1411.18000000,244667.19152000
1611576000000,1411.41000000,1444.36000000,1399.44000000,1434.87000000,291210.57348000
1611590400000,1434.95000000,1442.72000000,1354.86000000,1382.87000000,286266.95633000
1611604800000,1382.90000000,1383.63000000,1293.69000000,1317.88000000,351176.80638000
1611619200000,1317.60000000,1378.49000000,1297.00000000,1312.80000000,288743.11666000
1611633600000,1312.80000000,1349.00000000,1301.56000000,1317.41000000,217643.08348000
1611648000000,1317.34000000,1344.82000000,1294.83000000,1313.46000000,215797.05351000
1611662400000,1313.61000000,1319.69000000,1244.56000000,1279.95000000,410722.91647000
1611676800000,1279.94000000,1353.00000000,1267.02000000,1341.94000000,327272.10366000
1611691200000,1341.93000000,1374.22000000,1325.00000000,1365.97000000,222745.38421000
1611705600000,1366.54000000,1373.90000000,1300.00000000,1309.00000000,221868.08106000
1611720000000,1309.01000000,1320.02000000,1273.13000000,1293.36000000,207358.03642000
1611734400000,1293.37000000,1302.38000000,1245.00000000,1249.02000000,387545.07779000
1611748800000,1248.78000000,1286.15000000,1207.00000000,1281.08000000,507810.32220000
1611763200000,1281.40000000,1307.76000000,1222.17000000,1268.77000000,433346.82266000
1611777600000,1268.78000000,1297.00000000,1233.11000000,1239.03000000,251843.74345000
1611792000000,1238.93000000,1290.87000000,1217.23000000,1287.59000000,203882.77686000
1611806400000,1287.31000000,1325.00000000,1270.71000000,1284.88000000,213965.01458000
1611820800000,1284.93000000,1309.08000000,1260.00000000,1302.55000000,208220.74435000
1611835200000,1302.54000000,1358.61000000,1292.59000000,1350.43000000,346575.98340000
1611849600000,1350.43000000,1356.00000000,1320.00000000,1332.24000000,207867.54825000
1611864000000,1332.36000000,1360.00000000,1323.35000000,1329.69000000,184757.65218000
1611878400000,1329.44000000,1374.13000000,1309.04000000,1320.82000000,272864.99116000
1611892800000,1320.80000000,1326.53000000,1285.35000000,1315.90000000,251920.55637000
1611907200000,1315.86000000,1429.99000000,1295.01000000,1416.96000000,713546.56387000
1611921600000,1416.83000000,1436.90000000,1371.33000000,1396.18000000,409155.65427000
1611936000000,1396.48000000,1408.54000000,1313.12000000,1348.30000000,347182.60529000
1611950400000,1348.03000000,1409.99000000,1331.78000000,1379.50000000,259292.81586000
1611964800000,1379.56000000,1406.00000000,1326.41000000,1342.71000000,256273.10588000
1611979200000,1342.79000000,1357.00000000,1328.16000000,1346.87000000,165179.18701000
1611993600000,1347.07000000,1354.55000000,1336.18000000,1340.01000000,152348.08358000
1612008000000,1340.01000000,1380.30000000,1330.25000000,1371.27000000,165274.40898000
1612022400000,1371.26000000,1380.00000000,1345.00000000,1371.51000000,174074.53879000
1612036800000,1371.64000000,1390.00000000,1368.34000000,1378.05000000,126892.91206000
1612051200000,1378.04000000,1380.74000000,1354.00000000,1357.49000000,113053.88962000
1612065600000,1357.49000000,1365.20000000,1342.00000000,1346.28000000,110441.86041000
1612080000000,1346.28000000,1357.43000000,1338.00000000,1354.29000000,124977.58425000
1612094400000,1354.36000000,1371.85000000,1291.68000000,1311.10000000,278371.37483000
1612108800000,1311.01000000,1320.00000000,1281.12000000,1305.00000000,217327.36558000
1612123200000,1305.00000000,1321.93000000,1292.00000000,1312.55000000,114532.78102000
1612137600000,1312.45000000,1324.63000000,1269.99000000,1316.92000000,247760.76989000
1612152000000,1316.91000000,1337.83000000,1301.70000000,1316.67000000,187232.75620000
1612166400000,1316.65000000,1345.19000000,1307.52000000,1336.41000000,197638.27187000
1612180800000,1336.40000000,1345.52000000,1301.51000000,1301.73000000,174907.48947000
1612195200000,1301.96000000,1334.00000000,1300.00000000,1332.74000000,122795.54420000
1612209600000,1332.74000000,1377.99000000,1329.37000000,1374.17000000,166063.08699000
1612224000000,1374.09000000,1411.02000000,1360.28000000,1368.79000000,241546.93810000
1612238400000,1368.80000000,1425.99000000,1367.50000000,1415.00000000,231846.72066000
1612252800000,1415.00000000,1458.00000000,1405.62000000,1419.58000000,396483.64994000
1612267200000,1419.58000000,1447.71000000,1408.00000000,1427.87000000,244276.30368000
1612281600000,1427.88000000,1516.62000000,1421.56000000,1516.13000000,482312.44119000
1612296000000,1516.29000000,1547.90000000,1497.12000000,1511.87000000,347761.94521000
1612310400000,1511.93000000,1548.00000000,1508.39000000,1539.57000000,196829.19021000
1612324800000,1539.71000000,1571.00000000,1537.69000000,1547.09000000,231786.97229000
1612339200000,1547.15000000,1560.00000000,1512.38000000,1537.68000000,261018.33038000
1612353600000,1537.93000000,1599.86000000,1523.24000000,1597.25000000,283822.30097000
1612368000000,1597.56000000,1650.00000000,1580.10000000,1616.10000000,352828.19975000
1612382400000,1616.10000000,1669.35000000,1600.44000000,1664.49000000,209584.89441000
1612396800000,1664.67000000,1695.20000000,1632.51000000,1645.84000000,278025.52305000
1612411200000,1645.85000000,1683.16000000,1635.00000000,1662.83000000,171021.42712000
1612425600000,1662.52000000,1684.66000000,1570.96000000,1611.74000000,375964.91534000
1612440000000,1611.77000000,1643.21000000,1554.44000000,1580.88000000,333884.89947000
1612454400000,1580.80000000,1664.51000000,1565.00000000,1652.99000000,295847.71547000
1612468800000,1652.96000000,1670.67000000,1588.00000000,1595.67000000,191757.84917000
1612483200000,1595.53000000,1653.21000000,1591.00000000,1639.99000000,178248.23378000
1612497600000,1639.99000000,1669.50000000,1622.24000000,1662.36000000,142863.90595000
1612512000000,1662.60000000,1676.27000000,1641.22000000,1662.78000000,160819.18671000
1612526400000,1662.79000000,1748.00000000,1657.35000000,1741.99000000,321200.11331000
1612540800000,1742.00000000,1760.49000000,1682.00000000,1709.91000000,271453.99845000
1612555200000,1710.02000000,1726.45000000,1695.00000000,1719.19000000,119537.86126000
1612569600000,1718.95000000,1743.67000000,1645.48000000,1682.19000000,297581.07716000
1612584000000,1682.19000000,1682.51000000,1642.94000000,1673.32000000,171526.24331000
1612598400000,1673.21000000,1718.47000000,1672.01000000,1679.67000000,213440.11784000
1612612800000,1679.67000000,1697.52000000,1663.00000000,1673.04000000,156446.92209000
1612627200000,1673.04000000,1719.99000000,1655.23000000,1707.67000000,175524.99431000
1612641600000,1707.89000000,1718.68000000,1671.33000000,1676.35000000,135288.97630000
1612656000000,1676.35000000,1693.00000000,1609.03000000,1626.53000000,216461.56584000
1612670400000,1626.41000000,1639.67000000,1585.44000000,1632.00000000,168724.49349000
1612684800000,1632.01000000,1655.77000000,1613.48000000,1624.91000000,144775.56801000
1612699200000,1624.89000000,1629.39000000,1525.01000000,1538.21000000,306544.19929000
1612713600000,1538.19000000,1589.99000000,1490.46000000,1565.44000000,292886.05233000
1612728000000,1565.64000000,1621.46000000,1552.68000000,1611.62000000,152342.98918000
1612742400000,1611.46000000,1631.31000000,1563.89000000,1581.46000000,149634.30677000
1612756800000,1581.26000000,1647.73000000,1577.67000000,1639.59000000,139479.17953000
1612771200000,1639.52000000,1665.00000000,1625.39000000,1660.48000000,143088.62244000
1612785600000,1660.63000000,1757.00000000,1642.17000000,1734.79000000,433032.17835000
1612800000000,1734.86000000,1775.57000000,1679.65000000,1695.96000000,272281.67621000
1612814400000,1695.91000000,1752.81000000,1691.32000000,1750.15000000,202261.13206000
1612828800000,1749.68000000,1766.00000000,1708.49000000,1735.04000000,177440.57705000
1612843200000,1735.20000000,1770.00000000,1727.54000000,1750.82000000,183694.10220000
1612857600000,1750.50000000,1821.88000000,1725.01000000,1753.40000000,332495.80286000
1612872000000,1753.40000000,1769.23000000,1712.19000000,1749.00000000,189315.47437000
1612886400000,1749.01000000,1772.56000000,1720.38000000,1772.56000000,160679.29534000
1612900800000,1772.56000000,1791.58000000,1747.64000000,1769.13000000,141446.64411000
1612915200000,1769.14000000,1825.00000000,1758.24000000,1809.45000000,184938.99868000
1612929600000,1809.45000000,1825.00000000,1766.82000000,1810.84000000,178053.21150000
1612944000000,1810.84000000,1837.86000000,1771.85000000,1792.02000000,191758.35549000
1612958400000,1792.02000000,1792.46000000,1680.00000000,1714.37000000,381726.41538000
1612972800000,1714.21000000,1748.88000000,1690.80000000,1742.69000000,178282.38628000
1612987200000,1742.72000000,1758.73000000,1705.30000000,1740.78000000,105172.88741000
1613001600000,1740.76000000,1749.01000000,1703.44000000,1721.86000000,78669.51899000
1613016000000,1721.70000000,1748.76000000,1716.94000000,1737.44000000,79501.77313000
1613030400000,1737.18000000,1789.30000000,1731.03000000,1763.36000000,142357.11723000
1613044800000,1763.36000000,1819.00000000,1760.00000000,1796.17000000,189057.07057000
1613059200000,1796.40000000,1810.00000000,1776.13000000,1790.66000000,115260.50363000
1613073600000,1790.77000000,1808.50000000,1754.41000000,1785.62000000,130233.84344000
1613088000000,1785.83000000,1808.00000000,1762.98000000,1764.57000000,113825.04741000
1613102400000,1764.56000000,1773.00000000,1739.88000000,1768.28000000,118850.48721000
1613116800000,1768.38000000,1782.20000000,1749.50000000,1775.61000000,99182.72272000
1613131200000,1775.61000000,1802.00000000,1750.89000000,1789.03000000,193728.10339000
1613145600000,1789.20000000,1851.10000000,1787.08000000,1840.36000000,253823.30175000
1613160000000,1840.36000000,1864.88000000,1827.99000000,1840.26000000,130190.54405000
1613174400000,1840.24000000,1871.72000000,1840.18000000,1863.87000000,128449.80297000
1613188800000,1864.07000000,1866.19000000,1805.54000000,1806.60000000,123000.29078000
1613203200000,1806.22000000,1838.90000000,1765.00000000,1782.95000000,196237.13496000
1613217600000,1783.01000000,1823.87000000,1765.00000000,1816.54000000,135329.80018000
1613232000000,1816.43000000,1823.00000000,1782.63000000,1799.44000000,103254.75193000
1613246400000,1799.43000000,1823.99000000,1787.62000000,1814.96000000,81317.29203000
1613260800000,1815.25000000,1843.67000000,1806.85000000,1809.03000000,109846.55827000
1613275200000,1809.03000000,1850.00000000,1800.00000000,1831.70000000,132809.78828000
1613289600000,1831.63000000,1847.54000000,1824.77000000,1831.88000000,90803.37275000
1613304000000,1831.98000000,1844.28000000,1784.11000000,1799.05000000,161448.61067000
1613318400000,1799.04000000,1814.00000000,1789.03000000,1804.55000000,95435.65071000
1613332800000,1804.55000000,1832.20000000,1800.00000000,1800.42000000,84917.79805000
1613347200000,1800.03000000,1813.02000000,1655.67000000,1727.64000000,329266.37904000
1613361600000,1727.64000000,1759.95000000,1687.39000000,1749.67000000,173637.14864000
1613376000000,1749.68000000,1796.28000000,1740.52000000,1787.48000000,123091.40861000
1613390400000,1787.76000000,1814.68000000,1776.44000000,1810.28000000,157410.67956000
1613404800000,1810.32000000,1834.00000000,1805.30000000,1824.71000000,123658.41756000
1613419200000,1824.55000000,1835.72000000,1762.65000000,1779.25000000,146410.54538000
1613433600000,1779.33000000,1827.28000000,1744.92000000,1822.00000000,133902.53130000
1613448000000,1822.16000000,1827.28000000,1779.95000000,1797.57000000,105952.42806000
1613462400000,1797.79000000,1809.70000000,1777.11000000,1783.13000000,103859.20134000
1613476800000,1783.12000000,1825.00000000,1761.08000000,1773.22000000,202077.52653000
1613491200000,1773.23000000,1781.51000000,1724.00000000,1752.08000000,176254.38331000
1613505600000,1752.01000000,1784.53000000,1729.78000000,1781.99000000,95447.40459000
1613520000000,1781.99000000,1786.27000000,1742.30000000,1753.61000000,95911.79553000
1613534400000,1753.61000000,1808.00000000,1733.01000000,1806.21000000,134951.30387000
1613548800000,1806.15000000,1821.93000000,1789.25000000,1807.60000000,137092.04526000
1613563200000,1807.60000000,1842.32000000,1804.00000000,1812.00000000,176435.08858000
1613577600000,1812.18000000,1840.97000000,1800.00000000,1837.76000000,117911.85703000
1613592000000,1837.76000000,1855.00000000,1822.63000000,1849.88000000,133409.54284000
1613606400000,1849.70000000,1919.22000000,1849.69000000,1891.99000000,215406.10526000
1613620800000,1892.45000000,1910.00000000,1879.24000000,1898.85000000,120715.27503000
1613635200000,1898.90000000,1929.00000000,1882.13000000,1900.41000000,176924.45980000
1613649600000,1900.61000000,1925.00000000,1881.07000000,1907.91000000,175796.43015000
1613664000000,1908.16000000,1940.00000000,1906.44000000,1922.55000000,127186.51644000
1613678400000,1922.48000000,1950.50000000,1914.00000000,1939.61000000,121198.31523000
1613692800000,1938.91000000,1952.00000000,1891.00000000,1910.21000000,150402.99431000
1613707200000,1910.22000000,1926.91000000,1895.80000000,1919.10000000,114567.58628000
1613721600000,1919.10000000,1942.77000000,1904.02000000,1934.38000000,128561.14442000
1613736000000,1934.39000000,1940.37000000,1914.11000000,1929.91000000,153019.29122000
1613750400000,1930.07000000,1972.82000000,1930.07000000,1952.88000000,141127.82781000
1613764800000,1952.84000000,1966.54000000,1945.60000000,1955.00000000,105725.56746000
1613779200000,1955.46000000,2021.68000000,1922.51000000,2018.93000000,256409.19348000
1613793600000,2018.43000000,2042.34000000,1980.00000000,1984.73000000,193255.25488000
1613808000000,1984.80000000,2013.54000000,1984.80000000,1999.58000000,140933.47383000
1613822400000,1999.57000000,2036.90000000,1959.07000000,1978.79000000,236498.55494000
1613836800000,1978.69000000,2022.00000000,1975.52000000,1992.56000000,132820.86985000
1613851200000,1992.56000000,1994.67000000,1803.14000000,1913.00000000,301398.46581000
1613865600000,1912.90000000,1956.00000000,1883.01000000,1933.71000000,156943.74479000
1613880000000,1933.71000000,1953.76000000,1905.05000000,1912.69000000,114407.06093000
1613894400000,1913.08000000,1975.32000000,1900.19000000,1961.62000000,136697.71906000
1613908800000,1961.62000000,1969.80000000,1936.01000000,1959.90000000,126282.31281000
1613923200000,1959.82000000,1976.31000000,1938.00000000,1966.13000000,106766.14756000
1613937600000,1966.05000000,1966.05000000,1901.20000000,1933.53000000,115471.21228000
1613952000000,1933.54000000,1936.29000000,1860.15000000,1870.36000000,177214.66508000
1613966400000,1870.35000000,1891.04000000,1835.00000000,1886.63000000,181898.49981000
1613980800000,1886.61000000,1889.74000000,1775.11000000,1802.65000000,270156.63897000
1613995200000,1802.50000000,1808.19000000,1551.00000000,1733.29000000,703543.35827000
1614009600000,1733.33000000,1765.00000000,1659.00000000,1746.42000000,306309.61293000
1614024000000,1746.41000000,1803.59000000,1741.00000000,1777.58000000,168122.20593000
1614038400000,1777.42000000,1782.39000000,1657.56000000,1679.91000000,267125.77587000
1614052800000,1679.79000000,1696.00000000,1555.00000000,1586.64000000,448422.56637000
1614067200000,1586.64000000,1600.00000000,1355.00000000,1453.07000000,890131.18247000
1614081600000,1453.09000000,1601.04000000,1425.76000000,1573.99000000,515904.15707000
1614096000000,1573.99000000,1608.37000000,1446.07000000,1447.64000000,261193.55218000
1614110400000,1447.89000000,1579.36000000,1434.20000000,1577.89000000,165060.58672000
1614124800000,1577.79000000,1640.56000000,1500.20000000,1636.57000000,239838.60545000
1614139200000,1636.77000000,1653.69000000,1608.04000000,1642.33000000,207165.62641000
1614153600000,1642.33000000,1712.70000000,1630.45000000,1677.41000000,233674.32555000
1614168000000,1677.39000000,1707.65000000,1588.81000000,1660.45000000,332980.34266000
1614182400000,1660.46000000,1677.18000000,1595.84000000,1599.20000000,209392.31458000
1614196800000,1599.20000000,1629.41000000,1555.00000000,1623.39000000,161337.60262000
1614211200000,1623.16000000,1657.89000000,1602.11000000,1603.87000000,139473.76064000
1614225600000,1603.87000000,1647.17000000,1586.64000000,1633.80000000,156761.43544000
1614240000000,1633.69000000,1638.23000000,1577.88000000,1621.93000000,155786.14849000
1614254400000,1621.84000000,1671.59000000,1612.03000000,1627.57000000,190930.31941000
1614268800000,1627.37000000,1636.99000000,1567.08000000,1585.30000000,157488.44739000
1614283200000,1585.24000000,1587.84000000,1459.16000000,1481.75000000,232230.68272000
1614297600000,1482.08000000,1515.19000000,1448.00000000,1491.25000000,274724.20124000
1614312000000,1491.13000000,1530.76000000,1400.00000000,1430.39000000,334256.88351000
1614326400000,1430.59000000,1494.31000000,1430.39000000,1483.74000000,209420.67999000
1614340800000,1483.74000000,1541.39000000,1457.46000000,1532.48000000,180075.67062000
1614355200000,1532.46000000,1562.25000000,1474.10000000,1479.50000000,171552.05512000
1614369600000,1479.69000000,1484.86000000,1410.33000000,1444.59000000,185943.80330000
1614384000000,1444.56000000,1517.30000000,1438.40000000,1490.86000000,194438.12447000
1614398400000,1490.84000000,1529.00000000,1481.79000000,1490.30000000,136790.86009000
1614412800000,1490.32000000,1493.33000000,1454.20000000,1469.81000000,150279.21054000
1614427200000,1470.02000000,1494.98000000,1445.00000000,1453.55000000,149810.29770000
1614441600000,1453.57000000,1515.02000000,1445.02000000,1512.00000000,139862.42152000
1614456000000,1511.99000000,1523.48000000,1425.00000000,1458.13000000,156242.13318000
1614470400000,1458.27000000,1468.75000000,1366.43000000,1369.29000000,205459.16526000
1614484800000,1369.29000000,1398.01000000,1313.74000000,1342.50000000,318218.00038000
1614499200000,1342.43000000,1384.53000000,1342.01000000,1371.53000000,173253.85303000
1614513600000,1371.67000000,1379.90000000,1293.18000000,1318.22000000,269136.15715000
1614528000000,1318.29000000,1395.00000000,1301.71000000,1389.24000000,280190.64621000
1614542400000,1388.96000000,1442.00000000,1382.25000000,1419.18000000,163949.74081000
1614556800000,1418.67000000,1456.88000000,1409.91000000,1434.06000000,153113.84493000
1614571200000,1434.06000000,1451.92000000,1420.52000000,1437.74000000,115720.67733000
1614585600000,1437.74000000,1531.00000000,1437.70000000,1524.96000000,277769.93318000
1614600000000,1524.95000000,1555.32000000,1509.77000000,1551.73000000,235136.31729000
1614614400000,1551.75000000,1565.00000000,1502.49000000,1513.26000000,191474.33712000
1614628800000,1513.35000000,1572.00000000,1505.00000000,1569.86000000,121480.06854000
1614643200000,1570.00000000,1602.90000000,1540.00000000,1555.48000000,176457.01329000
1614657600000,1555.70000000,1583.26000000,1530.35000000,1539.03000000,122226.96041000
1614672000000,1538.90000000,1573.46000000,1538.23000000,1567.59000000,109282.92257000
1614686400000,1567.59000000,1592.84000000,1546.20000000,1553.48000000,161008.44954000
1614700800000,1553.30000000,1563.94000000,1468.01000000,1479.91000000,330020.53929000
1614715200000,1479.80000000,1493.79000000,1455.52000000,1486.78000000,162146.50233000
1614729600000,1486.79000000,1526.86000000,1475.47000000,1522.67000000,106997.16894000
1614744000000,1522.68000000,1576.20000000,1521.24000000,1566.35000000,131024.42857000
1614758400000,1566.35000000,1614.78000000,1566.35000000,1607.24000000,217630.09818000
1614772800000,1607.28000000,1656.94000000,1582.62000000,1600.57000000,278431.38483000
1614787200000,1600.58000000,1635.96000000,1587.00000000,1605.93000000,180530.64563000
1614801600000,1605.93000000,1613.44000000,1564.58000000,1567.69000000,140232.58856000
1614816000000,1567.68000000,1624.87000000,1550.00000000,1555.08000000,149180.75400000
1614830400000,1555.06000000,1572.24000000,1535.21000000,1571.53000000,143085.17067000
1614844800000,1571.56000000,1589.68000000,1528.01000000,1561.59000000,165663.93606000
1614859200000,1561.62000000,1602.53000000,1545.48000000,1577.22000000,187438.10033000
1614873600000,1576.40000000,1599.84000000,1506.45000000,1526.71000000,203721.11377000
1614888000000,1526.83000000,1547.80000000,1506.36000000,1539.23000000,97276.59605000
1614902400000,1539.22000000,1541.65000000,1445.45000000,1481.67000000,197825.50911000
1614916800000,1481.53000000,1487.21000000,1461.56000000,1474.17000000,121446.58228000
1614931200000,1474.04000000,1481.77000000,1441.66000000,1480.15000000,129732.23383000
1614945600000,1480.24000000,1514.00000000,1460.96000000,1481.41000000,177930.88356000
1614960000000,1481.27000000,1537.64000000,1448.52000000,1533.58000000,181567.88180000
1614974400000,1533.58000000,1548.96000000,1523.43000000,1528.31000000,102283.19918000
1614988800000,1528.08000000,1549.19000000,1518.29000000,1531.70000000,50635.84067000
1615003200000,1531.73000000,1592.77000000,1520.05000000,1589.31000000,151769.00099000
1615017600000,1589.70000000,1598.00000000,1557.03000000,1564.07000000,145062.06553000
1615032000000,1564.08000000,1566.05000000,1513.03000000,1544.41000000,161079.71548000
1615046400000,1544.00000000,1627.85000000,1540.62000000,1620.71000000,252386.55538000
1615060800000,1620.72000000,1671.58000000,1620.72000000,1650.35000000,252367.76123000
1615075200000,1650.68000000,1687.00000000,1636.09000000,1648.98000000,176496.31174000
1615089600000,1648.99000000,1687.41000000,1646.93000000,1684.54000000,108598.05874000
1615104000000,1684.54000000,1696.00000000,1661.72000000,1678.36000000,151175.23791000
1615118400000,1678.37000000,1680.00000000,1630.35000000,1652.00000000,153478.48116000
1615132800000,1651.99000000,1677.61000000,1640.84000000,1658.26000000,112346.29219000
1615147200000,1658.16000000,1734.16000000,1633.00000000,1726.16000000,146376.39962000
1615161600000,1726.46000000,1752.50000000,1710.87000000,1723.68000000,191696.16312000
1615176000000,1723.70000000,1755.22000000,1681.41000000,1690.11000000,228443.31053000
1615190400000,1690.25000000,1727.74000000,1664.96000000,1723.50000000,183085.60510000
1615204800000,1723.61000000,1751.21000000,1700.00000000,1742.06000000,210014.17120000
1615219200000,1742.10000000,1780.00000000,1722.35000000,1773.60000000,155569.65235000
1615233600000,1773.61000000,1843.59000000,1764.20000000,1833.18000000,180902.49757000
1615248000000,1833.22000000,1859.61000000,1807.14000000,1848.00000000,209728.77140000
1615262400000,1848.01000000,1852.00000000,1810.34000000,1811.44000000,141014.89979000
1615276800000,1812.26000000,1840.00000000,1809.70000000,1827.21000000,132694.78471000
1615291200000,1827.25000000,1841.33000000,1798.20000000,1832.38000000,144078.56197000
1615305600000,1832.37000000,1847.31000000,1809.77000000,1828.05000000,111923.45187000
1615320000000,1828.05000000,1870.77000000,1816.47000000,1870.51000000,117789.00881000
1615334400000,1870.50000000,1877.69000000,1757.00000000,1777.33000000,226307.71654000
1615348800000,1777.52000000,1815.42000000,1767.16000000,1806.51000000,116066.36233000
1615363200000,1806.39000000,1839.96000000,1797.44000000,1814.86000000,120463.48631000
1615377600000,1815.03000000,1850.00000000,1809.78000000,1831.00000000,155383.10149000
1615392000000,1831.04000000,1870.20000000,1820.75000000,1838.92000000,154017.92743000
1615406400000,1838.92000000,1841.96000000,1762.83000000,1795.12000000,164992.03421000
1615420800000,1795.28000000,1807.38000000,1764.00000000,1802.35000000,128981.87988000
1615435200000,1802.35000000,1816.49000000,1765.00000000,1766.37000000,111149.57307000
1615449600000,1766.79000000,1781.88000000,1725.00000000,1779.14000000,188794.64878000
1615464000000,1779.38000000,1821.00000000,1765.23000000,1795.16000000,176258.15617000
1615478400000,1795.30000000,1818.54000000,1779.06000000,1793.48000000,157298.71258000
1615492800000,1793.48000000,1846.70000000,1789.28000000,1825.78000000,146528.52562000
1615507200000,1825.78000000,1841.88000000,1794.35000000,1818.09000000,119430.25221000
1615521600000,1817.73000000,1822.37000000,1786.00000000,1794.36000000,99029.99589000
1615536000000,1794.21000000,1804.49000000,1756.00000000,1773.94000000,151823.28219000
1615550400000,1773.92000000,1784.32000000,1719.72000000,1775.47000000,229815.48165000
1615564800000,1775.56000000,1785.48000000,1739.00000000,1739.00000000,158880.25798000
1615579200000,1739.00000000,1775.00000000,1723.22000000,1766.10000000,110585.36618000
1615593600000,1766.13000000,1768.30000000,1727.75000000,1759.29000000,95409.08190000
1615608000000,1759.19000000,1790.61000000,1748.24000000,1790.17000000,83455.96327000
1615622400000,1790.17000000,1889.01000000,1779.67000000,1871.80000000,263346.78378000
1615636800000,1871.80000000,1900.00000000,1848.81000000,1876.06000000,197274.07082000
1615651200000,1876.06000000,1928.52000000,1871.91000000,1926.90000000,145141.51033000
1615665600000,1926.90000000,1944.30000000,1893.44000000,1922.35000000,141655.81632000
1615680000000,1922.35000000,1933.10000000,1889.00000000,1911.00000000,116454.20497000
1615694400000,1911.27000000,1911.27000000,1880.00000000,1886.12000000,89249.36924000
1615708800000,1886.11000000,1907.87000000,1846.51000000,1878.84000000,137893.68577000
1615723200000,1878.67000000,1886.37000000,1846.72000000,1858.01000000,104290.71669000
1615737600000,1858.01000000,1878.96000000,1836.00000000,1871.16000000,103310.78932000
1615752000000,1870.98000000,1893.95000000,1846.44000000,1848.10000000,86764.87028000
1615766400000,1848.10000000,1891.44000000,1840.00000000,1885.55000000,99878.21727000
1615780800000,1884.99000000,1891.76000000,1771.48000000,1793.82000000,224977.75579000
1615795200000,1793.82000000,1809.92000000,1730.00000000,1770.00000000,274653.86257000
1615809600000,1770.00000000,1804.54000000,1745.52000000,1765.84000000,191143.30534000
1615824000000,1765.84000000,1793.84000000,1752.00000000,1785.58000000,125041.70192000
1615838400000,1785.74000000,1809.65000000,1777.58000000,1793.48000000,109631.95369000
1615852800000,1793.99000000,1804.45000000,1711.68000000,1748.59000000,180323.47615000
1615867200000,1748.59000000,1803.90000000,1737.00000000,1799.26000000,154219.45038000
1615881600000,1799.56000000,1819.50000000,1780.96000000,1792.55000000,131025.57858000
1615896000000,1792.63000000,1807.08000000,1765.46000000,1803.91000000,113637.27409000
1615910400000,1803.91000000,1813.76000000,1761.92000000,1784.08000000,110468.61712000
1615924800000,1784.42000000,1807.86000000,1780.18000000,1805.12000000,75319.00515000
1615939200000,1805.01000000,1812.81000000,1758.53000000,1766.66000000,92008.91379000
1615953600000,1766.91000000,1787.49000000,1762.25000000,1785.61000000,77361.50514000
1615968000000,1785.54000000,1794.96000000,1750.43000000,1759.71000000,105417.87682000
1615982400000,1759.71000000,1778.04000000,1741.18000000,1772.79000000,123795.46625000
1615996800000,1772.78000000,1838.79000000,1767.19000000,1827.36000000,136561.50668000
1616011200000,1827.36000000,1838.88000000,1809.06000000,1823.58000000,123204.17975000
1616025600000,1823.58000000,1850.00000000,1810.72000000,1833.66000000,115905.38194000
1616040000000,1833.66000000,1844.18000000,1808.87000000,1815.34000000,73584.34144000
1616054400000,1815.24000000,1821.87000000,1792.07000000,1799.70000000,87387.45632000
1616068800000,1799.64000000,1825.91000000,1782.00000000,1822.22000000,122050.59394000
1616083200000,1822.22000000,1832.09000000,1759.04000000,1767.72000000,135337.71990000
1616097600000,1767.73000000,1795.92000000,1759.22000000,1776.08000000,69456.11702000
1616112000000,1775.92000000,1786.49000000,1733.47000000,1780.06000000,94451.71391000
1616126400000,1780.06000000,1809.76000000,1773.78000000,1793.46000000,75052.47237000
1616140800000,1793.47000000,1821.85000000,1785.28000000,1819.02000000,96091.57946000
1616155200000,1819.13000000,1827.60000000,1800.00000000,1821.72000000,87949.00420000
1616169600000,1821.72000000,1829.00000000,1812.02000000,1826.64000000,73221.42699000
1616184000000,1826.54000000,1840.61000000,1804.01000000,1809.10000000,73492.23182000
1616198400000,1809.01000000,1835.93000000,1800.86000000,1832.88000000,76941.46827000
1616212800000,1832.89000000,1842.98000000,1816.93000000,1822.15000000,61300.31229000
1616227200000,1822.31000000,1845.90000000,1822.31000000,1841.79000000,66283.19643000
1616241600000,1841.86000000,1868.83000000,1834.83000000,1855.24000000,111185.72691000
1616256000000,1855.39000000,1859.28000000,1839.17000000,1847.84000000,54511.14736000
1616270400000,1847.85000000,1848.59000000,1802.02000000,1806.10000000,81334.25513000
1616284800000,1806.57000000,1817.16000000,1775.71000000,1787.12000000,100169.23912000
1616299200000,1787.12000000,1788.25000000,1766.21000000,1779.33000000,78704.11052000
1616313600000,1779.33000000,1786.16000000,1747.00000000,1772.52000000,90324.23299000
1616328000000,1772.57000000,1797.36000000,1758.35000000,1789.44000000,78983.12009000
1616342400000,1789.43000000,1797.88000000,1776.00000000,1795.97000000,60475.82971000
1616356800000,1795.99000000,1809.25000000,1776.43000000,1782.98000000,57297.45506000
1616371200000,1783.23000000,1788.11000000,1752.95000000,1782.93000000,78219.85704000
1616385600000,1783.14000000,1796.85000000,1779.50000000,1789.16000000,55917.76728000
1616400000000,1789.17000000,1807.51000000,1773.81000000,1795.49000000,74527.18673000
1616414400000,1795.54000000,1797.71000000,1766.32000000,1778.63000000,78719.95348000
1616428800000,1778.79000000,1783.43000000,1737.37000000,1737.86000000,107693.65856000
1616443200000,1737.76000000,1746.00000000,1655.15000000,1680.97000000,187649.06772000
1616457600000,1681.17000000,1714.00000000,1667.24000000,1702.19000000,98664.22513000
1616472000000,1702.24000000,1705.17000000,1650.00000000,1679.36000000,115949.96850000
1616486400000,1679.34000000,1696.92000000,1666.66000000,1687.35000000,75222.26281000
1616500800000,1687.34000000,1717.03000000,1687.08000000,1702.93000000,101201.83621000
1616515200000,1702.93000000,1721.17000000,1692.46000000,1705.86000000,92645.08891000
1616529600000,1705.66000000,1707.47000000,1658.50000000,1668.08000000,93530.61433000
1616544000000,1668.20000000,1685.00000000,1647.52000000,1678.89000000,84269.27347000
1616558400000,1678.89000000,1701.00000000,1660.00000000,1695.16000000,89181.07098000
1616572800000,1695.19000000,1719.19000000,1695.00000000,1714.86000000,88050.68849000
1616587200000,1714.83000000,1740.86000000,1712.65000000,1721.33000000,105581.60398000
1616601600000,1721.33000000,1726.02000000,1624.09000000,1635.56000000,129985.45931000
1616616000000,1635.35000000,1637.40000000,1536.92000000,1581.84000000,256766.42770000
1616630400000,1581.88000000,1597.94000000,1549.40000000,1572.15000000,130182.84980000
1616644800000,1572.22000000,1599.00000000,1564.00000000,1573.96000000,91027.71770000
1616659200000,1573.95000000,1622.00000000,1572.65000000,1592.46000000,114953.65461000
1616673600000,1592.45000000,1613.68000000,1554.32000000,1594.95000000,179203.83481000
1616688000000,1594.95000000,1619.00000000,1570.00000000,1605.05000000,111978.50256000
1616702400000,1605.14000000,1616.51000000,1577.31000000,1585.74000000,74350.44310000
1616716800000,1585.83000000,1628.96000000,1585.79000000,1618.73000000,91734.31972000
1616731200000,1618.73000000,1636.51000000,1610.01000000,1629.54000000,82126.94696000
1616745600000,1629.32000000,1637.10000000,1612.32000000,1617.82000000,93788.26552000
1616760000000,1617.81000000,1651.00000000,1612.91000000,1641.28000000,86864.50343000
1616774400000,1641.28000000,1668.87000000,1634.31000000,1664.40000000,82560.98582000
1616788800000,1664.40000000,1699.93000000,1661.77000000,1698.84000000,78395.90762000
1616803200000,1698.84000000,1718.48000000,1686.48000000,1693.00000000,83762.17583000
1616817600000,1693.01000000,1705.00000000,1682.51000000,1692.06000000,58135.74888000
1616832000000,1692.11000000,1701.26000000,1675.64000000,1681.12000000,69307.85167000
1616846400000,1681.15000000,1690.00000000,1666.41000000,1682.50000000,75454.76819000
1616860800000,1682.54000000,1711.94000000,1682.33000000,1704.16000000,86253.57885000
1616875200000,1704.27000000,1732.67000000,1701.74000000,1712.63000000,70931.37615000
1616889600000,1712.52000000,1717.59000000,1700.66000000,1710.97000000,51082.00035000
1616904000000,1711.00000000,1722.86000000,1708.39000000,1718.06000000,43376.55891000
1616918400000,1717.91000000,1725.66000000,1699.63000000,1703.23000000,56960.87425000
1616932800000,1703.36000000,1710.91000000,1682.06000000,1709.00000000,72829.67377000
1616947200000,1709.01000000,1714.47000000,1661.40000000,1675.03000000,76980.53100000
1616961600000,1675.03000000,1689.24000000,1664.63000000,1687.01000000,47665.87486000
1616976000000,1687.16000000,1701.00000000,1677.85000000,1696.12000000,53518.01545000
1616990400000,1696.51000000,1707.85000000,1685.50000000,1704.24000000,54753.35689000
1617004800000,1704.24000000,1775.17000000,1704.24000000,1764.29000000,155314.23523000
1617019200000,1764.30000000,1789.99000000,1760.19000000,1787.86000000,113075.48886000
1617033600000,1787.86000000,1841.00000000,1775.98000000,1816.08000000,187412.14866000
1617048000000,1816.10000000,1823.56000000,1798.86000000,1816.74000000,83651.21878000
1617062400000,1816.76000000,1828.00000000,1786.30000000,1797.25000000,93344.86463000
1617076800000,1797.27000000,1825.00000000,1787.94000000,1818.01000000,81205.92428000
1617091200000,1818.00000000,1849.74000000,1804.30000000,1848.79000000,144383.98816000
1617105600000,1848.86000000,1849.04000000,1826.05000000,1830.61000000,101954.79313000
1617120000000,1830.61000000,1858.29000000,1827.78000000,1858.27000000,86357.10380000
1617134400000,1858.27000000,1859.13000000,1833.50000000,1840.46000000,61595.33126000
1617148800000,1840.41000000,1862.55000000,1810.99000000,1823.17000000,93688.18083000
1617163200000,1823.18000000,1855.55000000,1801.00000000,1813.89000000,100787.02155000
1617177600000,1814.04000000,1816.38000000,1768.15000000,1808.83000000,128646.17922000
1617192000000,1808.74000000,1853.92000000,1797.51000000,1849.09000000,96266.23067000
1617206400000,1849.10000000,1917.77000000,1838.28000000,1900.63000000,170800.10784000
1617220800000,1900.63000000,1947.29000000,1891.92000000,1919.37000000,156808.13899000
1617235200000,1919.37000000,1944.66000000,1912.64000000,1922.80000000,96241.04462000
1617249600000,1923.04000000,1932.01000000,1899.88000000,1926.31000000,99261.47761000
1617264000000,1926.30000000,1967.83000000,1906.00000000,1920.07000000,156516.20532000
1617278400000,1920.08000000,1947.99000000,1911.98000000,1944.39000000,102612.90773000
1617292800000,1944.39000000,1984.77000000,1885.02000000,1974.12000000,200178.83249000
1617307200000,1974.25000000,1983.36000000,1950.36000000,1968.05000000,86774.60489000
1617321600000,1968.05000000,2010.45000000,1948.48000000,1996.63000000,178168.79440000
1617336000000,1996.63000000,2008.50000000,1980.87000000,1994.71000000,102323.45094000
1617350400000,1994.66000000,2006.88000000,1982.01000000,2005.61000000,87004.70503000
1617364800000,2005.52000000,2083.50000000,1986.70000000,2073.89000000,213738.25903000
1617379200000,2073.74000000,2082.32000000,2031.11000000,2062.63000000,114830.03854000
1617393600000,2062.70000000,2146.00000000,2061.00000000,2133.69000000,150132.68421000
1617408000000,2133.69000000,2138.12000000,2079.89000000,2093.10000000,114104.77385000
1617422400000,2093.07000000,2128.48000000,2087.51000000,2111.35000000,86321.39282000
1617436800000,2111.37000000,2130.00000000,2067.28000000,2096.44000000,108987.06647000
1617451200000,2096.44000000,2117.80000000,2069.18000000,2070.98000000,117063.63642000
1617465600000,2071.00000000,2095.69000000,1996.30000000,2095.29000000,210481.60697000
1617480000000,2095.16000000,2095.44000000,2007.28000000,2008.52000000,133217.84539000
1617494400000,2008.59000000,2024.90000000,1975.24000000,2015.27000000,131711.28213000
1617508800000,2015.57000000,2034.59000000,2002.32000000,2034.58000000,75629.03542000
1617523200000,2034.59000000,2063.49000000,2028.39000000,2043.13000000,85976.67061000
1617537600000,2043.19000000,2091.83000000,2032.96000000,2077.34000000,94363.53891000
1617552000000,2077.33000000,2086.16000000,2055.13000000,2061.44000000,72141.26867000
1617566400000,2061.43000000,2081.19000000,2051.24000000,2075.69000000,54523.96980000
1617580800000,2075.70000000,2085.00000000,2022.20000000,2028.66000000,82117.84797000
1617595200000,2028.66000000,2038.00000000,2002.15000000,2028.16000000,119275.48995000
1617609600000,2028.19000000,2057.04000000,2010.99000000,2057.03000000,96668.70826000
1617624000000,2057.04000000,2125.00000000,2053.40000000,2113.18000000,170248.07015000
1617638400000,2112.91000000,2123.02000000,2087.99000000,2104.35000000,117829.36902000
1617652800000,2104.51000000,2130.64000000,2084.12000000,2107.38000000,98784.12959000
1617667200000,2107.43000000,2151.00000000,2107.43000000,2114.18000000,101582.30591000
1617681600000,2114.17000000,2136.48000000,2090.00000000,2099.45000000,88693.49439000
1617696000000,2099.42000000,2130.37000000,2084.23000000,2113.60000000,140329.89727000
1617710400000,2113.60000000,2128.98000000,2044.65000000,2084.67000000,152335.60689000
1617724800000,2084.84000000,2129.35000000,2074.88000000,2113.60000000,112841.24979000
1617739200000,2113.64000000,2123.68000000,2085.00000000,2112.21000000,77603.50150000
1617753600000,2112.22000000,2129.01000000,2080.05000000,2104.99000000,74147.10386000
1617768000000,2105.25000000,2110.00000000,2067.70000000,2074.89000000,107252.76331000
1617782400000,2074.78000000,2074.78000000,1957.59000000,1977.89000000,234154.73658000
1617796800000,1977.88000000,2012.22000000,1930.01000000,1977.04000000,205961.03980000
1617811200000,1976.91000000,2009.06000000,1937.28000000,1983.46000000,156698.96572000
1617825600000,1983.64000000,2013.97000000,1957.90000000,1963.47000000,114770.29495000
1617840000000,1963.46000000,1999.39000000,1947.35000000,1997.12000000,87129.85025000
1617854400000,1997.12000000,2034.00000000,1995.61000000,2027.76000000,84925.89821000
1617868800000,2027.79000000,2037.00000000,1982.64000000,1996.92000000,89130.92023000
1617883200000,1996.90000000,2059.92000000,1992.42000000,2059.50000000,99519.95574000
1617897600000,2059.49000000,2077.23000000,2051.34000000,2057.81000000,73899.82097000
1617912000000,2057.26000000,2084.61000000,2043.23000000,2080.46000000,66749.55260000
1617926400000,2080.39000000,2097.73000000,2068.33000000,2072.80000000,55045.29587000
1617940800000,2072.80000000,2081.76000000,2057.86000000,2077.89000000,56278.62776000
1617955200000,2077.75000000,2100.00000000,2061.21000000,2083.81000000,95379.69470000
1617969600000,2083.81000000,2088.92000000,2053.46000000,2062.24000000,91458.69062000
1617984000000,2062.25000000,2084.00000000,2047.57000000,2077.28000000,79758.86437000
1617998400000,2077.33000000,2082.40000000,2056.16000000,2066.87000000,48466.26458000
1618012800000,2067.19000000,2168.91000000,2058.00000000,2144.40000000,143793.36314000
1618027200000,2144.40000000,2200.00000000,2140.27000000,2162.93000000,188811.27314000
1618041600000,2162.94000000,2176.83000000,2150.00000000,2160.62000000,76903.44482000
1618056000000,2160.63000000,2167.00000000,2130.84000000,2156.07000000,93081.85679000
1618070400000,2156.36000000,2167.57000000,2121.61000000,2128.42000000,79137.88145000
1618084800000,2128.42000000,2140.75000000,2083.53000000,2133.49000000,73730.38960000
1618099200000,2133.49000000,2157.13000000,2123.34000000,2144.67000000,63142.67579000
1618113600000,2144.68000000,2147.00000000,2113.40000000,2130.89000000,66223.60891000
1618128000000,2131.00000000,2160.52000000,2125.94000000,2147.14000000,71033.19974000
1618142400000,2147.35000000,2155.52000000,2123.38000000,2148.40000000,74738.95007000
1618156800000,2148.60000000,2165.02000000,2130.78000000,2143.02000000,68218.16211000
1618171200000,2143.02000000,2152.00000000,2125.24000000,2151.36000000,48908.91111000
1618185600000,2151.42000000,2162.50000000,2130.00000000,2148.88000000,67522.85855000
1618200000000,2148.82000000,2203.46000000,2142.72000000,2181.10000000,131680.73775000
1618214400000,2181.10000000,2191.16000000,2119.35000000,2149.70000000,136064.19893000
1618228800000,2149.69000000,2161.38000000,2115.85000000,2121.74000000,98436.57236000
1618243200000,2121.74000000,2145.34000000,2102.00000000,2142.31000000,89246.47732000
1618257600000,2142.35000000,2152.00000000,2136.65000000,2137.69000000,56142.51203000
1618272000000,2137.86000000,2175.51000000,2135.53000000,2163.35000000,79755.29523000
1618286400000,2163.37000000,2191.85000000,2150.01000000,2163.84000000,104817.48327000
1618300800000,2163.90000000,2230.00000000,2163.90000000,2229.17000000,193909.80057000
1618315200000,2229.16000000,2277.00000000,2218.00000000,2275.70000000,147867.99981000
1618329600000,2275.69000000,2318.00000000,2250.00000000,2297.38000000,177205.16334000
1618344000000,2297.38000000,2307.80000000,2267.90000000,2299.19000000,79052.87868000
1618358400000,2299.19000000,2350.00000000,2281.33000000,2346.97000000,114311.83540000
1618372800000,2347.10000000,2400.00000000,2338.00000000,2370.50000000,164758.90469000
1618387200000,2370.49000000,2393.51000000,2310.00000000,2390.00000000,159564.28001000
1618401600000,2390.00000000,2394.08000000,2293.09000000,2348.71000000,205870.75223000
1618416000000,2349.39000000,2385.97000000,2301.89000000,2335.30000000,180789.18022000
1618430400000,2335.24000000,2447.29000000,2323.03000000,2432.60000000,147636.65611000
1618444800000,2432.59000000,2481.00000000,2400.00000000,2475.75000000,128403.25576000
1618459200000,2475.95000000,2479.94000000,2445.10000000,2469.10000000,95926.61995000
1618473600000,2468.66000000,2487.38000000,2405.08000000,2428.92000000,114279.29753000
1618488000000,2428.79000000,2477.41000000,2423.50000000,2461.49000000,98317.40706000
1618502400000,2461.42000000,2491.00000000,2433.44000000,2478.51000000,103697.02098000
1618516800000,2478.58000000,2543.47000000,2477.50000000,2514.04000000,141327.36517000
1618531200000,2514.04000000,2548.29000000,2475.28000000,2497.57000000,142763.75160000
1618545600000,2497.99000000,2498.62000000,2367.10000000,2426.59000000,230084.09690000
1618560000000,2426.59000000,2450.00000000,2321.77000000,2382.67000000,203652.56597000
1618574400000,2382.69000000,2437.24000000,2300.00000000,2428.92000000,212583.47619000
1618588800000,2428.39000000,2440.88000000,2400.73000000,2429.66000000,121457.77287000
1618603200000,2429.67000000,2461.94000000,2418.18000000,2422.67000000,88622.08852000
1618617600000,2422.38000000,2493.12000000,2422.38000000,2486.79000000,107799.72886000
1618632000000,2486.79000000,2495.00000000,2451.16000000,2461.40000000,77991.19622000
1618646400000,2461.55000000,2475.65000000,2391.16000000,2408.99000000,100048.18873000
1618660800000,2408.99000000,2420.68000000,2330.06000000,2345.00000000,143983.88128000
1618675200000,2345.00000000,2384.25000000,2310.00000000,2378.57000000,127939.29428000
1618689600000,2378.65000000,2395.54000000,2313.10000000,2317.60000000,66469.96631000
1618704000000,2317.65000000,2340.00000000,1946.80000000,2158.90000000,348722.73689000
1618718400000,2158.90000000,2229.91000000,2127.44000000,2210.29000000,332745.13036000
1618732800000,2210.10000000,2223.00000000,2038.00000000,2052.19000000,333571.91613000
1618747200000,2052.19000000,2150.00000000,2046.28000000,2144.30000000,213461.52634000
1618761600000,2143.75000000,2194.56000000,2135.00000000,2188.41000000,125433.52402000
1618776000000,2188.33000000,2248.98000000,2187.36000000,2235.64000000,121448.85830000
1618790400000,2235.65000000,2300.00000000,2198.06000000,2266.21000000,133350.60153000
1618804800000,2266.00000000,2275.00000000,2232.43000000,2268.60000000,85297.83907000
1618819200000,2268.58000000,2277.84000000,2190.00000000,2246.63000000,130900.60276000
1618833600000,2246.63000000,2252.82000000,2080.00000000,2095.32000000,239804.03324000
1618848000000,2095.58000000,2188.38000000,2082.27000000,2187.46000000,138844.24181000
1618862400000,2187.46000000,2220.00000000,2152.15000000,2161.12000000,92394.94714000
1618876800000,2161.12000000,2177.04000000,2065.00000000,2096.73000000,125491.90313000
1618891200000,2097.56000000,2147.32000000,2055.00000000,2092.03000000,143763.02836000
1618905600000,2092.54000000,2199.89000000,2087.02000000,2194.80000000,166625.65879000
1618920000000,2194.80000000,2230.00000000,2140.76000000,2186.65000000,172897.49043000
1618934400000,2187.14000000,2326.43000000,2172.48000000,2324.70000000,222650.30780000
1618948800000,2324.81000000,2346.62000000,2293.31000000,2330.03000000,160812.42049000
1618963200000,2330.26000000,2362.98000000,2279.44000000,2284.00000000,196432.43590000
1618977600000,2284.00000000,2331.00000000,2272.94000000,2294.18000000,134447.90874000
1618992000000,2294.18000000,2312.50000000,2235.16000000,2264.98000000,169295.35069000
1619006400000,2264.98000000,2450.00000000,2258.61000000,2442.80000000,309876.61964000
1619020800000,2442.79000000,2469.54000000,2396.54000000,2436.94000000,174276.46930000
1619035200000,2436.95000000,2439.88000000,2335.00000000,2357.06000000,193557.07743000
1619049600000,2357.06000000,2453.28000000,2313.46000000,2390.48000000,360102.94029000
1619064000000,2390.21000000,2496.00000000,2387.34000000,2471.44000000,276063.27495000
1619078400000,2471.02000000,2574.00000000,2409.97000000,2544.70000000,407060.74118000
1619092800000,2544.37000000,2612.14000000,2540.05000000,2610.58000000,311450.50791000
1619107200000,2610.76000000,2644.47000000,2468.00000000,2535.54000000,421303.60777000
1619121600000,2535.56000000,2535.56000000,2303.44000000,2397.94000000,444772.02536000
1619136000000,2397.94000000,2442.89000000,2116.00000000,2282.74000000,735231.27455000
1619150400000,2282.74000000,2285.64000000,2117.97000000,2132.45000000,558151.24377000
1619164800000,2132.22000000,2316.06000000,2107.00000000,2295.03000000,457982.20896000
1619179200000,2295.04000000,2339.00000000,2193.76000000,2333.84000000,351278.73809000
1619193600000,2333.69000000,2368.43000000,2278.91000000,2363.92000000,240142.21346000
1619208000000,2363.90000000,2378.03000000,2298.95000000,2367.39000000,189456.76302000
1619222400000,2367.39000000,2368.74000000,2227.21000000,2296.81000000,217216.79161000
1619236800000,2296.81000000,2328.00000000,2258.34000000,2273.34000000,131316.17183000
1619251200000,2273.22000000,2302.70000000,2154.80000000,2179.43000000,215057.75285000
1619265600000,2179.26000000,2263.43000000,2160.00000000,2250.60000000,192499.05909000
1619280000000,2250.60000000,2288.81000000,2211.87000000,2269.71000000,116207.98513000
1619294400000,2269.23000000,2297.38000000,2198.68000000,2213.35000000,125391.18572000
1619308800000,2214.08000000,2250.27000000,2181.35000000,2187.18000000,118323.36056000
1619323200000,2186.89000000,2193.45000000,2184.02000000,2193.43000000,161.74877000
1619337600000,2193.33000000,2294.60000000,2192.26000000,2288.00000000,150969.13116000
1619352000000,2288.00000000,2356.64000000,2279.90000000,2341.59000000,189379.58595000
1619366400000,2341.59000000,2355.32000000,2265.43000000,2268.57000000,146722.57588000
1619380800000,2268.51000000,2321.00000000,2168.00000000,2320.49000000,251960.97986000
1619395200000,2320.44000000,2473.20000000,2303.64000000,2455.16000000,293334.61050000
1619409600000,2454.90000000,2488.58000000,2428.76000000,2450.00000000,172560.61151000
1619424000000,2450.00000000,2525.00000000,2414.65000000,2517.30000000,167843.18062000
1619438400000,2517.38000000,2521.71000000,2471.10000000,2508.19000000,147713.16255000
1619452800000,2508.20000000,2531.51000000,2451.21000000,2490.91000000,144377.23333000
1619467200000,2491.22000000,2542.80000000,2430.00000000,2532.60000000,150640.21516000
1619481600000,2532.06000000,2548.00000000,2480.29000000,2493.16000000,89725.88316000
1619496000000,2493.16000000,2566.81000000,2489.31000000,2545.63000000,108139.07263000
1619510400000,2545.66000000,2577.06000000,2531.27000000,2572.70000000,95427.32285000
1619524800000,2572.69000000,2670.00000000,2531.41000000,2663.01000000,243947.03796000
1619539200000,2663.01000000,2680.00000000,2602.00000000,2622.55000000,143459.31122000
1619553600000,2622.85000000,2670.00000000,2608.00000000,2666.13000000,91029.83669000
1619568000000,2666.13000000,2716.00000000,2625.97000000,2627.29000000,141707.97571000
1619582400000,2627.30000000,2649.99000000,2559.44000000,2612.24000000,186428.79157000
1619596800000,2612.25000000,2709.43000000,2577.73000000,2692.04000000,158990.85599000
1619611200000,2692.05000000,2734.96000000,2658.04000000,2681.02000000,213267.61500000
1619625600000,2681.02000000,2744.00000000,2667.55000000,2737.97000000,127159.43015000
1619640000000,2737.49000000,2760.00000000,2665.55000000,2748.24000000,171828.51678000
1619654400000,2748.23000000,2756.41000000,2682.07000000,2694.15000000,119751.89611000
1619668800000,2694.39000000,2738.00000000,2668.00000000,2730.63000000,127134.23361000
1619683200000,2730.63000000,2774.00000000,2705.00000000,2762.22000000,138046.90899000
1619697600000,2762.22000000,2798.00000000,2740.15000000,2777.39000000,186874.94601000
1619712000000,2777.30000000,2787.37000000,2697.63000000,2725.95000000,181265.91174000
1619726400000,2725.96000000,2773.68000000,2681.00000000,2757.04000000,110816.11423000
1619740800000,2757.04000000,2769.17000000,2725.93000000,2743.41000000,94341.57485000
1619755200000,2743.41000000,2792.00000000,2740.40000000,2774.48000000,120357.73094000
1619769600000,2774.48000000,2798.30000000,2730.11000000,2739.02000000,122999.19638000
1619784000000,2739.05000000,2767.00000000,2723.09000000,2736.46000000,176078.53032000
1619798400000,2736.47000000,2785.00000000,2731.67000000,2783.86000000,107876.33488000
1619812800000,2783.87000000,2784.49000000,2738.00000000,2772.42000000,73685.83745000
1619827200000,2772.42000000,2848.24000000,2743.41000000,2839.01000000,144371.93205000
1619841600000,2838.94000000,2870.00000000,2831.70000000,2858.74000000,92355.00992000
1619856000000,2858.77000000,2867.86000000,2805.24000000,2857.60000000,95319.10722000
1619870400000,2857.75000000,2880.83000000,2838.86000000,2866.37000000,105701.12018000
1619884800000,2866.37000000,2943.69000000,2866.07000000,2925.49000000,152417.31768000
1619899200000,2925.49000000,2954.28000000,2908.33000000,2944.77000000,100095.59036000
1619913600000,2944.83000000,2954.70000000,2891.86000000,2901.51000000,100185.44238000
1619928000000,2901.84000000,2927.07000000,2871.50000000,2892.90000000,105474.11890000
1619942400000,2892.90000000,2936.74000000,2852.26000000,2936.25000000,116319.20867000
1619956800000,2936.03000000,2940.09000000,2901.78000000,2929.15000000,84499.26075000
1619971200000,2929.14000000,2976.87000000,2920.00000000,2963.56000000,85566.02650000
1619985600000,2963.57000000,2985.00000000,2928.34000000,2949.56000000,79938.48730000
1620000000000,2949.33000000,3059.40000000,2949.32000000,3054.33000000,175033.40840000
1620014400000,3054.34000000,3147.00000000,3036.53000000,3146.95000000,168977.78397000
1620028800000,3146.95000000,3204.04000000,3125.39000000,3151.95000000,230291.33808000
1620043200000,3151.95000000,3194.15000000,3085.06000000,3163.66000000,202792.91782000
1620057600000,3163.65000000,3338.00000000,3150.89000000,3301.27000000,303932.96998000
1620072000000,3301.64000000,3454.00000000,3245.56000000,3431.04000000,248059.64455000
1620086400000,3431.04000000,3450.00000000,3180.61000000,3232.25000000,369216.38049000
1620100800000,3232.40000000,3403.99000000,3219.10000000,3313.63000000,182970.94680000
1620115200000,3314.00000000,3487.00000000,3276.70000000,3480.01000000,247097.93596000
1620129600000,3480.01000000,3527.00000000,3213.35000000,3228.49000000,503040.13484000
1620144000000,3228.36000000,3412.91000000,3160.00000000,3412.90000000,341088.09144000
1620158400000,3412.91000000,3429.31000000,3216.47000000,3239.01000000,182625.89605000
1620172800000,3239.01000000,3385.00000000,3200.23000000,3296.34000000,202733.03650000
1620187200000,3296.78000000,3357.53000000,3223.00000000,3339.51000000,164709.48667000
1620201600000,3339.51000000,3407.63000000,3316.56000000,3352.65000000,190982.44966000
1620216000000,3352.64000000,3388.58000000,3281.63000000,3305.90000000,210129.04890000
1620230400000,3305.79000000,3483.00000000,3280.62000000,3480.84000000,212136.30329000
1620244800000,3480.50000000,3549.34000000,3412.25000000,3524.26000000,194126.41086000
1620259200000,3524.33000000,3539.20000000,3440.17000000,3469.18000000,129163.66735000
1620273600000,3469.17000000,3502.00000000,3376.47000000,3439.20000000,128499.40587000
1620288000000,3439.14000000,3525.21000000,3419.21000000,3523.15000000,115499.35971000
1620302400000,3523.28000000,3577.76000000,3460.00000000,3551.25000000,173867.81878000
1620316800000,3551.26000000,3605.40000000,3400.20000000,3482.07000000,256008.90013000
1620331200000,3482.06000000,3541.15000000,3434.55000000,3489.73000000,117553.42522000
1620345600000,3489.74000000,3536.18000000,3398.29000000,3424.01000000,167560.24788000
1620360000000,3424.00000000,3480.00000000,3353.23000000,3434.17000000,133607.75358000
1620374400000,3434.09000000,3475.90000000,3408.04000000,3443.48000000,87038.74074000
1620388800000,3442.93000000,3570.00000000,3423.00000000,3560.93000000,147945.25741000
1620403200000,3560.93000000,3587.00000000,3498.28000000,3512.59000000,125591.29512000
1620417600000,3512.59000000,3525.62000000,3421.11000000,3479.53000000,98801.35308000
1620432000000,3479.79000000,3556.77000000,3449.27000000,3532.10000000,83375.90779000
1620446400000,3531.64000000,3580.00000000,3506.22000000,3527.87000000,125153.53504000
1620460800000,3527.87000000,3584.00000000,3523.03000000,3540.24000000,140536.55567000
1620475200000,3540.54000000,3680.12000000,3526.38000000,3631.16000000,259538.39962000
1620489600000,3632.01000000,3847.00000000,3631.75000000,3811.84000000,314074.64651000
1620504000000,3811.84000000,3958.33000000,3801.19000000,3910.26000000,207788.50389000
1620518400000,3910.26000000,3958.00000000,3815.02000000,3870.09000000,156908.42462000
1620532800000,3870.09000000,3983.65000000,3819.99000000,3937.76000000,198177.02677000
1620547200000,3937.62000000,3966.57000000,3851.40000000,3851.98000000,176253.78989000
1620561600000,3851.98000000,3880.94000000,3726.08000000,3878.46000000,228241.11074000
1620576000000,3878.76000000,3970.00000000,3841.19000000,3862.96000000,151854.97938000
1620590400000,3862.94000000,3941.73000000,3853.74000000,3923.95000000,88965.67680000
1620604800000,3923.95000000,4073.34000000,3885.91000000,4054.58000000,158258.61659000
1620619200000,4054.57000000,4142.85000000,4029.12000000,4105.85000000,188133.15452000
1620633600000,4105.90000000,4168.71000000,3979.00000000,4066.18000000,230075.43394000
1620648000000,4066.18000000,4169.53000000,4025.94000000,4156.37000000,261339.77222000
1620662400000,4155.88000000,4208.00000000,3968.60000000,3991.12000000,243867.81085000
1620676800000,3990.18000000,4059.67000000,3650.00000000,3945.88000000,424223.13800000
1620691200000,3946.63000000,4030.49000000,3771.64000000,3855.52000000,285813.55608000
1620705600000,3855.53000000,3967.00000000,3832.35000000,3961.68000000,152248.98215000
1620720000000,3961.68000000,4084.13000000,3901.59000000,3971.98000000,181630.10300000
1620734400000,3972.16000000,4035.00000000,3893.77000000,4020.99000000,195030.45666000
1620748800000,4021.00000000,4097.00000000,3990.00000000,4067.06000000,149906.11924000
1620763200000,4067.00000000,4180.22000000,4041.43000000,4173.45000000,131297.88690000
1620777600000,4173.46000000,4351.85000000,4146.62000000,4332.81000000,187074.52683000
1620792000000,4332.12000000,4370.00000000,4273.35000000,4306.42000000,178262.09058000
1620806400000,4306.42000000,4319.28000000,4180.00000000,4273.91000000,164091.83028000
1620820800000,4273.91000000,4372.72000000,4126.10000000,4189.07000000,255550.26738000
1620835200000,4188.94000000,4215.00000000,3933.20000000,4083.92000000,403329.55615000
1620849600000,4084.45000000,4245.00000000,3701.58000000,3823.21000000,413534.46895000
1620864000000,3810.15000000,4034.77000000,3500.00000000,3941.08000000,506851.45275000
1620878400000,3940.82000000,4025.69000000,3885.59000000,3968.00000000,177491.33971000
1620892800000,3968.00000000,3986.85000000,3596.02000000,3744.47000000,527059.08285000
1620907200000,3744.46000000,3900.00000000,3700.00000000,3747.02000000,289663.58478000
1620921600000,3747.01000000,3874.12000000,3541.51000000,3651.75000000,394956.37070000
1620936000000,3650.30000000,3783.34000000,3609.00000000,3717.91000000,172686.34348000
1620950400000,3717.92000000,3903.52000000,3691.35000000,3790.81000000,228873.23574000
1620964800000,3790.80000000,3900.13000000,3753.12000000,3881.66000000,153570.97464000
1620979200000,3882.09000000,4030.00000000,3856.18000000,3999.82000000,218234.51944000
1620993600000,3999.80000000,4162.40000000,3950.29000000,4131.29000000,239914.40667000
1621008000000,4131.30000000,4173.28000000,4037.45000000,4046.35000000,173435.34966000
1621022400000,4046.41000000,4110.12000000,3967.08000000,4075.01000000,139361.94016000
1621036800000,4075.02000000,4134.05000000,4010.00000000,4025.63000000,149763.86441000
1621051200000,4025.63000000,4059.99000000,3886.81000000,3907.66000000,167731.58471000
1621065600000,3907.66000000,3962.11000000,3778.69000000,3902.03000000,218912.74536000
1621080000000,3902.03000000,3934.80000000,3827.43000000,3875.52000000,146769.13372000
1621094400000,3875.52000000,3875.52000000,3651.49000000,3751.43000000,223216.93430000
1621108800000,3751.84000000,3831.00000000,3632.00000000,3646.68000000,132780.61832000
1621123200000,3646.24000000,3853.86000000,3620.15000000,3826.23000000,172396.69457000
1621137600000,3826.63000000,3879.00000000,3773.08000000,3866.75000000,95943.27486000
1621152000000,3866.62000000,3867.99000000,3786.43000000,3789.69000000,98531.00758000
1621166400000,3789.98000000,3804.49000000,3630.37000000,3633.45000000,207811.94195000
1621180800000,3633.53000000,3671.23000000,3346.72000000,3419.22000000,428663.76902000
1621195200000,3419.81000000,3588.98000000,3343.06000000,3582.10000000,320718.97077000
1621209600000,3581.81000000,3587.06000000,3212.00000000,3240.13000000,334919.94393000
1621224000000,3240.74000000,3531.08000000,3102.00000000,3520.85000000,452258.26937000
1621238400000,3520.87000000,3575.24000000,3427.78000000,3516.52000000,282566.89610000
1621252800000,3516.71000000,3544.48000000,3266.66000000,3284.75000000,245411.16019000
1621267200000,3284.99000000,3402.34000000,3121.48000000,3378.75000000,357378.03631000
1621281600000,3379.26000000,3453.00000000,3193.48000000,3282.51000000,231478.13408000
1621296000000,3282.25000000,3419.00000000,3240.00000000,3384.57000000,180542.84117000
1621310400000,3385.28000000,3559.16000000,3380.69000000,3510.02000000,230510.39416000
1621324800000,3510.07000000,3565.71000000,3432.42000000,3533.89000000,167187.95613000
1621339200000,3533.46000000,3539.99000000,3255.71000000,3345.50000000,362104.12170000
1621353600000,3345.49000000,3438.49000000,3310.06000000,3402.38000000,225177.31277000
1621368000000,3402.69000000,3464.02000000,3322.22000000,3375.07000000,121588.21550000
1621382400000,3375.08000000,3441.73000000,3042.64000000,3097.23000000,366461.24579000
1621396800000,3097.23000000,3133.18000000,2857.41000000,2985.00000000,656066.81564000
1621411200000,2985.00000000,3006.00000000,2442.82000000,2721.08000000,629923.13116000
1621425600000,2721.08000000,2780.00000000,1888.00000000,2742.61000000,1531897.38404000
1621440000000,2741.44000000,2920.44000000,2555.00000000,2601.13000000,695521.39440000
1621454400000,2601.13000000,2717.42000000,2427.50000000,2438.92000000,429966.34836000
1621468800000,2438.92000000,2546.03000000,2155.00000000,2472.46000000,821706.82258000
1621483200000,2472.46000000,2779.00000000,2454.82000000,2712.69000000,517110.14830000
1621497600000,2712.68000000,2758.99000000,2567.06000000,2754.41000000,391308.07737000
1621512000000,2754.40000000,2990.05000000,2708.01000000,2903.99000000,485252.54322000
1621526400000,2903.97000000,2905.70000000,2581.00000000,2782.41000000,490323.96123000
1621540800000,2782.81000000,2861.84000000,2689.00000000,2768.62000000,237076.37740000
1621555200000,2767.87000000,2938.54000000,2760.95000000,2790.86000000,241831.76581000
1621569600000,2790.86000000,2807.00000000,2679.79000000,2686.96000000,272899.22252000
1621584000000,2687.44000000,2783.21000000,2619.00000000,2712.37000000,274813.91882000
1621598400000,2712.37000000,2763.09000000,2378.00000000,2420.69000000,730193.47324000
1621612800000,2420.39000000,2518.86000000,2306.00000000,2349.50000000,602366.35189000
1621627200000,2349.95000000,2436.76000000,2101.00000000,2430.98000000,604927.20286000
1621641600000,2430.98000000,2485.00000000,2305.32000000,2329.99000000,288449.93399000
1621656000000,2329.54000000,2351.45000000,2145.00000000,2248.57000000,423369.66975000
1621670400000,2248.56000000,2478.00000000,2246.56000000,2415.54000000,315413.04805000
1621684800000,2415.29000000,2483.30000000,2290.32000000,2367.21000000,285327.17767000
1621699200000,2367.21000000,2397.00000000,2251.16000000,2255.05000000,213485.71384000
1621713600000,2255.05000000,2383.83000000,2254.58000000,2294.87000000,158272.46827000
1621728000000,2295.45000000,2381.57000000,2252.51000000,2317.80000000,180859.55530000
1621742400000,2317.80000000,2317.80000000,2127.63000000,2157.64000000,272192.37035000
1621756800000,2158.01000000,2174.82000000,1986.00000000,2115.49000000,672992.73125000
1621771200000,2115.50000000,2138.27000000,1866.29000000,1924.79000000,723915.42667000
1621785600000,1924.95000000,1999.00000000,1728.74000000,1968.09000000,713914.04968000
1621800000000,1968.10000000,2150.00000000,1967.61000000,2096.39000000,350674.59800000
1621814400000,2096.63000000,2200.00000000,2079.94000000,2141.29000000,304731.07108000
1621828800000,2141.29000000,2297.00000000,2081.88000000,2291.10000000,303162.00817000
1621843200000,2291.44000000,2377.13000000,2221.19000000,2367.74000000,403902.17336000
1621857600000,2367.66000000,2529.87000000,2332.64000000,2509.07000000,500820.91559000
1621872000000,2509.61000000,2663.58000000,2416.10000000,2650.86000000,379326.81092000
1621886400000,2651.42000000,2675.00000000,2529.07000000,2648.43000000,294689.94333000
1621900800000,2647.92000000,2750.00000000,2536.80000000,2582.48000000,390927.74260000
1621915200000,2582.41000000,2683.65000000,2520.48000000,2660.48000000,262449.26941000
1621929600000,2660.39000000,2674.31000000,2378.54000000,2392.72000000,424054.28465000
1621944000000,2393.15000000,2650.00000000,2382.21000000,2610.47000000,554270.99964000
1621958400000,2610.60000000,2622.69000000,2484.62000000,2512.12000000,245076.68623000
1621972800000,2512.12000000,2735.00000000,2504.96000000,2705.11000000,238570.52192000
1621987200000,2705.10000000,2850.00000000,2643.00000000,2840.45000000,284810.08957000
1622001600000,2840.47000000,2898.00000000,2772.41000000,2890.62000000,269367.33508000
1622016000000,2890.61000000,2910.00000000,2773.00000000,2832.87000000,278276.80203000
1622030400000,2832.62000000,2867.64000000,2688.07000000,2744.78000000,305755.15030000
1622044800000,2744.79000000,2792.37000000,2665.56000000,2739.85000000,248923.66372000
1622059200000,2739.88000000,2887.15000000,2722.22000000,2884.94000000,196666.55181000
1622073600000,2884.82000000,2889.74000000,2633.68000000,2679.26000000,308166.10521000
1622088000000,2679.26000000,2760.00000000,2645.87000000,2735.02000000,168535.63864000
1622102400000,2735.03000000,2841.96000000,2683.93000000,2826.88000000,174176.01442000
1622116800000,2826.87000000,2867.96000000,2774.94000000,2803.99000000,202982.13317000
1622131200000,2803.85000000,2814.63000000,2734.90000000,2757.66000000,132104.00006000
1622145600000,2757.66000000,2795.00000000,2701.77000000,2742.23000000,113066.02056000
1622160000000,2742.23000000,2762.45000000,2668.01000000,2716.07000000,130071.18824000
1622174400000,2716.06000000,2716.06000000,2513.00000000,2566.13000000,297925.84895000
1622188800000,2566.69000000,2583.72000000,2419.46000000,2435.66000000,344697.89145000
1622203200000,2435.65000000,2617.78000000,2421.43000000,2558.36000000,306519.60616000
1622217600000,2558.92000000,2572.50000000,2456.25000000,2499.51000000,225177.67180000
1622232000000,2499.14000000,2525.12000000,2327.38000000,2412.10000000,250192.40702000
1622246400000,2412.34000000,2546.52000000,2394.40000000,2525.29000000,204510.98568000
1622260800000,2525.29000000,2574.27000000,2462.45000000,2488.96000000,188918.55019000
1622275200000,2488.76000000,2497.18000000,2377.27000000,2450.75000000,208435.02270000
1622289600000,2450.75000000,2451.52000000,2285.77000000,2328.92000000,276498.64175000
1622304000000,2328.84000000,2390.02000000,2216.60000000,2247.04000000,283552.29646000
1622318400000,2247.09000000,2323.23000000,2204.10000000,2278.74000000,217511.69173000
1622332800000,2278.74000000,2319.00000000,2180.53000000,2296.12000000,248160.69960000
1622347200000,2296.47000000,2463.54000000,2275.21000000,2452.33000000,278557.79805000
1622361600000,2452.32000000,2476.42000000,2386.23000000,2461.56000000,204315.60294000
1622376000000,2461.92000000,2468.00000000,2340.00000000,2382.48000000,167627.54288000
1622390400000,2382.04000000,2465.90000000,2363.90000000,2441.90000000,142086.91992000
1622404800000,2441.90000000,2460.91000000,2378.41000000,2385.98000000,110364.63544000
1622419200000,2385.82000000,2414.96000000,2271.44000000,2300.77000000,196782.59192000
1622433600000,2300.98000000,2455.31000000,2279.94000000,2450.42000000,203037.19605000
1622448000000,2450.30000000,2587.15000000,2425.04000000,2551.46000000,287631.75741000
1622462400000,2551.81000000,2643.56000000,2509.66000000,2637.48000000,285272.21373000
1622476800000,2637.47000000,2677.70000000,2572.65000000,2627.20000000,192289.89830000
1622491200000,2627.20000000,2720.00000000,2593.20000000,2706.15000000,142944.38327000
1622505600000,2706.15000000,2740.00000000,2612.63000000,2630.79000000,190770.24350000
1622520000000,2630.66000000,2716.33000000,2615.27000000,2652.53000000,166661.30183000
1622534400000,2652.37000000,2672.60000000,2547.12000000,2624.09000000,263021.10974000
1622548800000,2624.23000000,2666.00000000,2523.74000000,2568.49000000,294840.31972000
1622563200000,2568.62000000,2588.00000000,2528.00000000,2542.67000000,139025.64246000
1622577600000,2542.68000000,2650.00000000,2535.72000000,2634.57000000,125258.49081000
1622592000000,2634.31000000,2650.00000000,2550.00000000,2615.40000000,136515.80375000
1622606400000,2615.46000000,2708.00000000,2608.04000000,2692.60000000,164370.79365000
1622620800000,2692.60000000,2720.93000000,2660.54000000,2694.35000000,178191.00393000
1622635200000,2694.39000000,2798.98000000,2680.41000000,2791.24000000,245997.28928000
1622649600000,2791.07000000,2802.99000000,2741.03000000,2758.19000000,121961.23912000
1622664000000,2758.19000000,2763.59000000,2672.07000000,2706.22000000,123034.40590000
1622678400000,2706.21000000,2730.13000000,2662.40000000,2725.80000000,106261.95999000
1622692800000,2725.81000000,2849.00000000,2723.16000000,2820.32000000,197420.19133000
1622707200000,2820.03000000,2891.95000000,2799.31000000,2806.63000000,260920.83204000
1622721600000,2806.63000000,2845.00000000,2762.17000000,2788.11000000,245724.91264000
1622736000000,2788.11000000,2850.00000000,2778.72000000,2793.29000000,111808.34118000
1622750400000,2793.29000000,2875.00000000,2789.62000000,2857.25000000,102154.65705000
1622764800000,2857.25000000,2860.00000000,2682.00000000,2753.27000000,250924.98276000
1622779200000,2753.27000000,2764.86000000,2586.02000000,2619.69000000,266238.98751000
1622793600000,2619.69000000,2665.79000000,2587.50000000,2624.53000000,183275.98119000
1622808000000,2624.53000000,2674.86000000,2552.00000000,2658.01000000,253579.59324000
1622822400000,2658.01000000,2712.75000000,2650.00000000,2681.08000000,129656.77074000
1622836800000,2681.07000000,2739.00000000,2647.10000000,2689.51000000,104637.79647000
1622851200000,2689.54000000,2781.70000000,2672.33000000,2762.33000000,116490.18573000
1622865600000,2762.36000000,2812.95000000,2752.88000000,2781.06000000,106105.42043000
1622880000000,2781.44000000,2816.87000000,2623.25000000,2639.90000000,245244.76224000
1622894400000,2639.90000000,2663.96000000,2582.07000000,2654.99000000,258227.69787000
1622908800000,2654.85000000,2655.31000000,2600.00000000,2602.77000000,90248.20275000
1622923200000,2602.77000000,2646.89000000,2552.23000000,2627.73000000,145507.85511000
1622937600000,2627.63000000,2694.74000000,2614.00000000,2674.19000000,121530.71672000
1622952000000,2674.19000000,2709.84000000,2649.24000000,2689.43000000,96614.17808000
1622966400000,2689.44000000,2745.00000000,2688.02000000,2690.75000000,147658.25844000
1622980800000,2690.75000000,2733.75000000,2653.00000000,2721.00000000,129178.10878000
1622995200000,2721.01000000,2737.49000000,2671.60000000,2673.87000000,87880.51153000
1623009600000,2673.95000000,2719.62000000,2665.49000000,2711.92000000,90930.92014000
1623024000000,2711.92000000,2800.00000000,2691.24000000,2767.38000000,162320.11284000
1623038400000,2767.18000000,2797.69000000,2735.00000000,2764.42000000,110625.92926000
1623052800000,2764.61000000,2838.00000000,2743.86000000,2812.65000000,182132.81984000
1623067200000,2812.82000000,2847.55000000,2750.00000000,2783.00000000,192230.24518000
1623081600000,2782.99000000,2790.00000000,2673.53000000,2730.30000000,206430.09995000
1623096000000,2730.31000000,2741.83000000,2570.00000000,2592.05000000,298388.87149000
1623110400000,2592.05000000,2620.99000000,2427.28000000,2490.96000000,359459.60793000
1623124800000,2490.96000000,2532.00000000,2437.47000000,2516.15000000,301195.56380000
1623139200000,2516.05000000,2559.89000000,2472.12000000,2533.03000000,253549.95575000
1623153600000,2532.33000000,2539.96000000,2304.91000000,2375.36000000,371953.31604000
1623168000000,2375.37000000,2513.00000000,2357.58000000,2501.15000000,245891.75634000
1623182400000,2501.15000000,2550.00000000,2481.58000000,2507.23000000,161697.22773000
1623196800000,2507.43000000,2524.05000000,2406.99000000,2454.86000000,164120.21021000
1623211200000,2454.86000000,2548.84000000,2405.28000000,2503.09000000,226241.35194000
1623225600000,2503.08000000,2546.47000000,2467.69000000,2535.48000000,218757.48546000
1623240000000,2535.60000000,2581.49000000,2446.74000000,2566.92000000,342555.68582000
1623254400000,2566.94000000,2626.00000000,2548.80000000,2562.73000000,219019.62221000
1623268800000,2562.73000000,2626.63000000,2548.47000000,2610.18000000,106023.88447000
1623283200000,2610.20000000,2624.46000000,2560.37000000,2563.15000000,100787.07056000
1623297600000,2563.01000000,2575.88000000,2521.00000000,2548.12000000,100794.77666000
1623312000000,2548.12000000,2605.00000000,2492.23000000,2566.31000000,182534.47025000
1623326400000,2566.30000000,2570.72000000,2496.08000000,2512.02000000,147152.47227000
1623340800000,2512.01000000,2524.40000000,2447.00000000,2458.69000000,134511.87035000
1623355200000,2458.71000000,2495.75000000,2425.11000000,2471.09000000,75456.83917000
1623369600000,2471.01000000,2497.99000000,2402.51000000,2465.10000000,107294.79986000
1623384000000,2465.10000000,2490.00000000,2415.32000000,2446.08000000,88125.36808000
1623398400000,2446.08000000,2485.83000000,2439.99000000,2470.73000000,91496.04897000
1623412800000,2470.73000000,2480.00000000,2411.00000000,2416.04000000,88288.18002000
1623427200000,2416.27000000,2429.52000000,2367.42000000,2398.12000000,108808.83196000
1623441600000,2398.12000000,2411.68000000,2321.37000000,2354.01000000,103351.04469000
1623456000000,2354.09000000,2365.44000000,2256.22000000,2300.18000000,173043.88331000
1623470400000,2300.19000000,2325.44000000,2275.45000000,2322.12000000,123603.37461000
1623484800000,2322.12000000,2397.62000000,2297.10000000,2388.70000000,162050.19817000
1623499200000,2388.71000000,2454.53000000,2382.00000000,2393.08000000,165909.32740000
1623513600000,2393.05000000,2426.78000000,2381.11000000,2409.71000000,75400.86372000
1623528000000,2409.72000000,2422.78000000,2363.00000000,2370.74000000,67431.85119000
1623542400000,2370.64000000,2419.00000000,2321.97000000,2333.41000000,109171.81034000
1623556800000,2333.74000000,2347.88000000,2308.41000000,2324.25000000,85270.24733000
1623571200000,2324.25000000,2379.45000000,2320.23000000,2363.04000000,90352.93472000
1623585600000,2363.04000000,2383.00000000,2327.64000000,2351.60000000,77645.17801000
1623600000000,2351.43000000,2445.78000000,2344.39000000,2430.27000000,156282.50838000
1623614400000,2430.28000000,2548.41000000,2429.52000000,2509.33000000,197226.08108000
1623628800000,2509.33000000,2543.36000000,2466.87000000,2478.34000000,113688.44883000
1623643200000,2478.33000000,2510.00000000,2469.56000000,2499.73000000,88799.61459000
1623657600000,2499.73000000,2501.60000000,2461.00000000,2479.54000000,78948.06329000
1623672000000,2479.54000000,2580.28000000,2471.10000000,2577.17000000,179611.06692000
1623686400000,2576.66000000,2609.17000000,2520.31000000,2539.57000000,158964.80950000
1623700800000,2539.56000000,2585.00000000,2532.62000000,2580.77000000,64171.55309000
1623715200000,2580.58000000,2624.00000000,2565.89000000,2586.82000000,102326.77070000
1623729600000,2586.83000000,2640.00000000,2581.12000000,2622.58000000,118196.64645000
1623744000000,2622.62000000,2624.99000000,2562.56000000,2577.46000000,94691.90484000
1623758400000,2577.45000000,2607.95000000,2528.00000000,2551.31000000,96995.72697000
1623772800000,2551.31000000,2614.00000000,2525.00000000,2531.59000000,111920.44971000
1623787200000,2531.59000000,2566.66000000,2507.70000000,2543.54000000,75695.15066000
1623801600000,2543.55000000,2543.57000000,2500.00000000,2521.89000000,69530.60274000
1623816000000,2521.88000000,2556.19000000,2512.19000000,2528.10000000,70812.50105000
1623830400000,2528.09000000,2542.29000000,2456.78000000,2460.06000000,109176.25114000
1623844800000,2460.00000000,2468.27000000,2406.32000000,2415.95000000,126730.39497000
1623859200000,2416.44000000,2458.70000000,2377.77000000,2418.86000000,159151.27680000
1623873600000,2418.86000000,2424.62000000,2351.18000000,2367.89000000,89340.75688000
1623888000000,2368.02000000,2440.59000000,2359.17000000,2434.38000000,88067.51621000
1623902400000,2434.38000000,2460.50000000,2412.48000000,2441.01000000,72766.95309000
1623916800000,2441.01000000,2454.99000000,2421.87000000,2424.50000000,63351.03721000
1623931200000,2424.51000000,2426.54000000,2365.30000000,2417.24000000,112380.19715000
1623945600000,2417.29000000,2425.00000000,2306.00000000,2340.18000000,152794.80011000
1623960000000,2340.19000000,2380.00000000,2319.31000000,2373.28000000,71307.08189000
1623974400000,2373.28000000,2378.00000000,2312.00000000,2342.16000000,74346.50088000
1623988800000,2342.17000000,2369.43000000,2323.41000000,2341.62000000,65130.85262000
1624003200000,2341.62000000,2357.73000000,2280.00000000,2319.89000000,131815.81410000
1624017600000,2319.91000000,2325.99000000,2210.00000000,2215.00000000,209377.22186000
1624032000000,2214.99000000,2245.68000000,2139.00000000,2154.42000000,193639.48141000
1624046400000,2154.42000000,2236.11000000,2150.76000000,2234.09000000,104595.33110000
1624060800000,2234.09000000,2255.00000000,2168.08000000,2188.46000000,100561.96814000
1624075200000,2188.34000000,2248.84000000,2180.00000000,2245.51000000,81290.11872000
1624089600000,2245.49000000,2257.99000000,2218.48000000,2241.13000000,62749.06178000
1624104000000,2241.05000000,2278.82000000,2219.29000000,2246.66000000,104460.80473000
1624118400000,2246.66000000,2254.00000000,2187.93000000,2221.18000000,88550.32633000
1624132800000,2221.21000000,2229.44000000,2161.67000000,2164.67000000,59259.97027000
1624147200000,2165.34000000,2193.63000000,2143.00000000,2183.38000000,67873.65778000
1624161600000,2183.36000000,2222.22000000,2179.10000000,2203.97000000,66544.12608000
1624176000000,2203.92000000,2210.33000000,2060.17000000,2074.28000000,210074.23690000
1624190400000,2074.28000000,2126.66000000,2040.68000000,2111.21000000,175609.04867000
1624204800000,2111.20000000,2240.27000000,2102.69000000,2222.78000000,111415.01542000
1624219200000,2222.77000000,2280.01000000,2215.94000000,2243.47000000,112367.56256000
1624233600000,2243.49000000,2260.16000000,2155.22000000,2157.07000000,91853.47316000
1624248000000,2156.63000000,2162.47000000,1973.02000000,2012.43000000,398530.56527000
1624262400000,2012.53000000,2055.00000000,1891.24000000,1969.15000000,461090.24407000
1624276800000,1969.50000000,2023.28000000,1914.38000000,1983.84000000,285288.48407000
1624291200000,1983.89000000,2000.44000000,1910.02000000,1943.52000000,185709.68871000
1624305600000,1943.69000000,1956.73000000,1865.54000000,1885.49000000,207347.21048000
1624320000000,1885.27000000,1998.00000000,1857.94000000,1976.18000000,225526.29200000
1624334400000,1976.07000000,1982.15000000,1926.88000000,1944.71000000,108596.29275000
1624348800000,1944.71000000,1945.80000000,1855.00000000,1866.94000000,289920.63089000
1624363200000,1866.94000000,1891.95000000,1700.48000000,1861.01000000,668692.92049000
1624377600000,1861.23000000,1954.00000000,1852.70000000,1895.92000000,276744.63625000
1624392000000,1895.92000000,1935.61000000,1847.76000000,1879.28000000,125857.30814000
1624406400000,1879.29000000,2033.56000000,1821.95000000,2012.22000000,263379.66439000
1624420800000,2012.21000000,2045.00000000,1989.00000000,2005.36000000,142770.10445000
1624435200000,2005.57000000,2024.50000000,1966.45000000,1991.54000000,139941.73173000
1624449600000,1991.43000000,2040.66000000,1967.42000000,1974.67000000,158285.69994000
1624464000000,1974.72000000,2002.00000000,1916.00000000,1916.52000000,125931.06671000
1624478400000,1916.52000000,1974.51000000,1907.83000000,1968.14000000,88304.03772000
1624492800000,1967.95000000,1981.99000000,1884.79000000,1905.01000000,112795.60246000
1624507200000,1905.01000000,1943.00000000,1895.37000000,1919.49000000,100448.09896000
1624521600000,1919.54000000,1969.00000000,1915.21000000,1965.25000000,107448.33163000
1624536000000,1965.25000000,2019.89000000,1956.90000000,1985.77000000,160741.30740000
1624550400000,1985.76000000,2036.61000000,1974.00000000,2011.58000000,142035.77172000
1624564800000,2011.78000000,2019.98000000,1970.00000000,1989.52000000,77762.56261000
1624579200000,1989.53000000,2019.99000000,1961.56000000,1995.45000000,98881.52063000
1624593600000,1995.45000000,2000.64000000,1927.18000000,1944.06000000,90018.98860000
1624608000000,1944.02000000,1947.37000000,1850.00000000,1852.99000000,162475.88134000
1624622400000,1852.99000000,1880.00000000,1791.22000000,1827.07000000,219893.80449000
1624636800000,1827.45000000,1869.81000000,1791.79000000,1851.44000000,180529.19884000
1624651200000,1851.44000000,1869.03000000,1797.65000000,1808.82000000,107009.15377000
1624665600000,1808.97000000,1840.69000000,1795.00000000,1819.34000000,94800.73191000
1624680000000,1819.33000000,1852.80000000,1745.00000000,1752.00000000,139467.46594000
1624694400000,1751.96000000,1810.67000000,1717.32000000,1802.17000000,214976.11910000
1624708800000,1801.96000000,1814.39000000,1728.00000000,1779.00000000,182764.91941000
1624723200000,1779.00000000,1798.80000000,1728.99000000,1784.81000000,125227.40790000
1624737600000,1785.34000000,1835.00000000,1751.90000000,1829.64000000,75078.50478000
1624752000000,1829.84000000,1889.80000000,1811.73000000,1882.48000000,144006.41525000
1624766400000,1882.70000000,1894.82000000,1845.70000000,1867.33000000,93997.51529000
1624780800000,1867.33000000,1875.62000000,1811.60000000,1839.60000000,98758.07890000
1624795200000,1839.60000000,1866.20000000,1822.74000000,1844.05000000,91323.16319000
1624809600000,1844.11000000,1852.55000000,1804.26000000,1823.00000000,77304.64870000
1624824000000,1822.88000000,1984.50000000,1812.12000000,1982.28000000,190665.97174000
1624838400000,1982.27000000,1999.99000000,1960.52000000,1967.62000000,122062.33436000
1624852800000,1967.63000000,2055.00000000,1965.00000000,2048.99000000,158283.65983000
1624867200000,2048.99000000,2083.32000000,1976.02000000,1999.84000000,232595.08393000
1624881600000,1999.84000000,2119.61000000,1986.29000000,2117.39000000,213486.52338000
1624896000000,2116.98000000,2145.00000000,2071.10000000,2114.61000000,199021.06500000
1624910400000,2114.61000000,2144.00000000,2061.77000000,2084.41000000,118796.01658000
1624924800000,2084.42000000,2140.40000000,2073.57000000,2104.00000000,119497.05782000
1624939200000,2103.80000000,2171.35000000,2098.22000000,2130.86000000,141046.65459000
1624953600000,2130.86000000,2189.00000000,2113.98000000,2176.43000000,157948.43358000
1624968000000,2176.42000000,2235.00000000,2158.00000000,2218.29000000,197546.82853000
1624982400000,2218.28000000,2245.00000000,2202.25000000,2221.56000000,101638.12704000
1624996800000,2221.82000000,2230.00000000,2155.94000000,2165.33000000,113580.13121000
1625011200000,2165.46000000,2186.89000000,2119.39000000,2126.58000000,110021.55726000
1625025600000,2126.59000000,2168.00000000,2087.99000000,2161.76000000,168003.21913000
1625040000000,2161.88000000,2167.02000000,2106.20000000,2156.24000000,139011.71675000
1625054400000,2156.33000000,2163.75000000,2089.41000000,2103.00000000,127799.35377000
1625068800000,2103.00000000,2250.00000000,2094.21000000,2242.37000000,186416.55383000
1625083200000,2242.38000000,2287.78000000,2221.30000000,2275.68000000,179331.20246000
1625097600000,2275.68000000,2275.93000000,2183.00000000,2184.79000000,110445.08834000
1625112000000,2184.79000000,2234.81000000,2128.00000000,2129.01000000,150458.69267000
1625126400000,2129.01000000,2147.01000000,2090.00000000,2139.14000000,165602.41466000
1625140800000,2139.14000000,2146.38000000,2073.12000000,2118.23000000,161793.51816000
1625155200000,2118.50000000,2130.00000000,2075.51000000,2100.18000000,124619.90480000
1625169600000,2100.46000000,2140.00000000,2100.20000000,2106.41000000,74945.63274000
1625184000000,2106.41000000,2139.00000000,2033.96000000,2041.20000000,116968.24961000
1625198400000,2041.19000000,2070.00000000,2018.50000000,2061.49000000,108540.01877000
1625212800000,2061.49000000,2080.46000000,2018.52000000,2038.99000000,128603.09483000
1625227200000,2038.99000000,2129.00000000,2031.25000000,2124.15000000,150772.31554000
1625241600000,2124.14000000,2125.00000000,2083.45000000,2103.73000000,79184.90605000
1625256000000,2103.47000000,2160.00000000,2082.09000000,2154.13000000,88213.78996000
1625270400000,2153.95000000,2166.00000000,2112.01000000,2131.16000000,71111.63213000
1625284800000,2131.16000000,2207.41000000,2124.40000000,2195.95000000,118562.36925000
1625299200000,2195.62000000,2224.33000000,2187.14000000,2213.56000000,130899.41101000
1625313600000,2213.55000000,2240.00000000,2206.18000000,2224.75000000,97920.47760000
1625328000000,2224.89000000,2237.72000000,2209.13000000,2225.35000000,65783.84215000
1625342400000,2225.36000000,2233.29000000,2187.12000000,2226.99000000,84987.06886000
1625356800000,2226.99000000,2231.07000000,2189.58000000,2209.73000000,56266.80294000
1625371200000,2209.72000000,2347.75000000,2208.55000000,2334.96000000,163236.66545000
1625385600000,2334.47000000,2346.29000000,2309.54000000,2330.97000000,89919.66155000
1625400000000,2330.98000000,2333.31000000,2306.61000000,2330.77000000,66674.73957000
1625414400000,2330.85000000,2375.00000000,2327.44000000,2357.02000000,102842.64373000
1625428800000,2357.01000000,2389.93000000,2300.00000000,2322.69000000,111715.73745000
1625443200000,2322.69000000,2324.64000000,2243.00000000,2264.20000000,130676.14265000
1625457600000,2264.45000000,2293.49000000,2250.34000000,2273.77000000,106304.70429000
1625472000000,2273.77000000,2308.91000000,2175.00000000,2194.91000000,176654.91680000
1625486400000,2194.91000000,2234.96000000,2185.00000000,2206.24000000,115830.54662000
1625500800000,2206.25000000,2251.00000000,2157.32000000,2245.30000000,162073.15708000
1625515200000,2245.30000000,2255.00000000,2193.02000000,2196.53000000,90266.84861000
1625529600000,2196.85000000,2250.00000000,2193.00000000,2238.17000000,79253.82659000
1625544000000,2238.17000000,2343.71000000,2237.63000000,2336.72000000,146178.23915000
1625558400000,2336.77000000,2350.00000000,2253.82000000,2293.91000000,218453.28398000
1625572800000,2293.49000000,2339.91000000,2278.03000000,2305.73000000,163226.99067000
1625587200000,2305.91000000,2336.28000000,2284.68000000,2327.67000000,102547.54315000
1625601600000,2327.67000000,2332.00000000,2273.10000000,2322.50000000,75670.28798000
1625616000000,2322.51000000,2343.72000000,2291.90000000,2339.47000000,137112.72048000
1625630400000,2339.47000000,2409.00000000,2329.44000000,2376.82000000,167202.90880000
1625644800000,2377.06000000,2399.00000000,2363.01000000,2384.33000000,86004.53517000
1625659200000,2384.36000000,2398.00000000,2320.00000000,2341.97000000,128589.33153000
1625673600000,2341.96000000,2371.52000000,2327.59000000,2366.28000000,67115.91307000
1625688000000,2366.28000000,2367.83000000,2306.08000000,2316.57000000,80475.94667000
1625702400000,2316.25000000,2325.60000000,2235.07000000,2253.36000000,156198.27762000
1625716800000,2253.36000000,2253.37000000,2165.00000000,2182.08000000,182782.66739000
1625731200000,2182.08000000,2195.00000000,2124.21000000,2168.59000000,190207.92981000
1625745600000,2168.59000000,2180.06000000,2130.60000000,2174.38000000,137272.76930000
1625760000000,2174.38000000,2179.47000000,2135.29000000,2157.75000000,104867.75771000
1625774400000,2157.99000000,2161.66000000,2084.79000000,2116.33000000,108935.63941000
1625788800000,2116.32000000,2134.26000000,2046.51000000,2121.42000000,154614.59568000
1625803200000,2121.21000000,2160.00000000,2105.40000000,2126.22000000,121075.61003000
1625817600000,2126.14000000,2126.79000000,2071.88000000,2081.03000000,114893.99218000
1625832000000,2080.97000000,2189.40000000,2064.22000000,2171.63000000,198835.26695000
1625846400000,2171.86000000,2184.17000000,2121.16000000,2133.67000000,84464.66549000
1625860800000,2133.69000000,2168.53000000,2123.36000000,2146.99000000,64727.23271000
1625875200000,2146.99000000,2194.82000000,2123.46000000,2133.98000000,96358.88383000
1625889600000,2133.68000000,2142.84000000,2096.01000000,2121.91000000,83332.98275000
1625904000000,2122.16000000,2139.02000000,2085.66000000,2109.94000000,88017.77671000
1625918400000,2109.77000000,2127.00000000,2092.35000000,2118.80000000,61291.36995000
1625932800000,2118.80000000,2160.00000000,2074.16000000,2093.42000000,111804.37811000
1625947200000,2093.37000000,2129.00000000,2077.20000000,2110.69000000,58266.46769000
1625961600000,2110.68000000,2138.61000000,2084.47000000,2091.10000000,55654.30875000
1625976000000,2091.35000000,2108.15000000,2081.02000000,2099.84000000,43825.45911000
1625990400000,2099.74000000,2135.00000000,2090.28000000,2129.00000000,64282.77690000
1626004800000,2128.99000000,2150.50000000,2113.00000000,2145.01000000,64752.82166000
1626019200000,2145.01000000,2155.71000000,2128.02000000,2134.93000000,48672.31796000
1626033600000,2134.93000000,2174.00000000,2123.73000000,2140.45000000,65106.71864000
1626048000000,2140.54000000,2167.55000000,2125.82000000,2163.80000000,59562.76437000
1626062400000,2163.79000000,2167.83000000,2140.00000000,2146.17000000,52040.71925000
1626076800000,2146.17000000,2157.66000000,2100.62000000,2100.98000000,80767.20929000
1626091200000,2100.72000000,2111.18000000,2083.88000000,2087.50000000,82554.66709000
1626105600000,2087.51000000,2097.30000000,2006.68000000,2020.31000000,173674.74056000
1626120000000,2020.12000000,2043.21000000,2009.43000000,2031.58000000,92030.00686000
1626134400000,2031.57000000,2043.91000000,2013.72000000,2030.01000000,64084.11632000
1626148800000,2030.01000000,2034.45000000,1976.91000000,2027.72000000,138863.78365000
1626163200000,2027.73000000,2047.35000000,1993.01000000,1997.43000000,98797.52445000
1626177600000,1997.43000000,2007.63000000,1960.18000000,1998.94000000,147118.11920000
1626192000000,1998.93000000,2007.57000000,1918.00000000,1924.32000000,118708.52078000
1626206400000,1924.33000000,1956.88000000,1919.01000000,1940.15000000,79816.18529000
1626220800000,1940.44000000,1945.55000000,1865.00000000,1884.33000000,143230.85257000
1626235200000,1884.21000000,1906.88000000,1865.31000000,1899.70000000,97014.98822000
1626249600000,1899.70000000,1958.62000000,1871.44000000,1949.00000000,141611.54308000
1626264000000,1949.04000000,2019.18000000,1938.72000000,1995.82000000,169832.65641000
1626278400000,1995.40000000,2014.97000000,1971.58000000,1980.22000000,84429.13883000
1626292800000,1980.41000000,2010.46000000,1979.84000000,1994.58000000,54386.43026000
1626307200000,1994.41000000,2042.88000000,1972.43000000,1979.28000000,112931.80314000
1626321600000,1979.06000000,1985.46000000,1942.61000000,1954.02000000,84180.88820000
1626336000000,1954.01000000,1978.41000000,1905.00000000,1912.97000000,130058.97708000
1626350400000,1912.96000000,1940.88000000,1884.34000000,1913.79000000,152490.81805000
1626364800000,1913.86000000,1930.45000000,1881.00000000,1917.38000000,113519.72941000
1626379200000,1917.59000000,1935.81000000,1900.41000000,1919.51000000,52089.10975000
1626393600000,1919.54000000,1957.71000000,1895.86000000,1949.04000000,86074.39561000
1626408000000,1949.03000000,1965.00000000,1897.10000000,1912.47000000,70547.74995000
1626422400000,1912.47000000,1913.02000000,1850.00000000,1852.27000000,136016.30106000
1626436800000,1852.26000000,1935.00000000,1850.12000000,1934.47000000,142847.19770000
1626451200000,1934.47000000,1940.00000000,1903.58000000,1913.17000000,77846.86426000
1626465600000,1913.37000000,1920.94000000,1870.11000000,1876.26000000,63736.38866000
1626480000000,1876.47000000,1900.56000000,1857.57000000,1867.00000000,83172.48899000
1626494400000,1867.00000000,1895.00000000,1861.73000000,1877.98000000,54872.59286000
1626508800000,1877.94000000,1909.46000000,1844.45000000,1864.47000000,92320.92553000
1626523200000,1864.47000000,1894.64000000,1860.00000000,1886.86000000,75094.65333000
1626537600000,1886.86000000,1919.19000000,1880.43000000,1908.00000000,79348.32103000
1626552000000,1908.01000000,1915.82000000,1889.00000000,1899.59000000,45491.53404000
1626566400000,1899.50000000,1993.79000000,1896.55000000,1981.77000000,153948.90636000
1626580800000,1981.77000000,1989.50000000,1953.53000000,1959.00000000,77600.76172000
1626595200000,1959.00000000,1973.77000000,1949.46000000,1965.59000000,60350.11981000
1626609600000,1965.59000000,1973.24000000,1880.23000000,1890.86000000,108676.28570000
1626624000000,1891.00000000,1911.42000000,1877.10000000,1901.04000000,62395.46717000
1626638400000,1900.75000000,1928.57000000,1881.00000000,1891.64000000,71866.09578000
1626652800000,1891.65000000,1908.05000000,1865.47000000,1885.59000000,72589.78963000
1626667200000,1885.30000000,1919.00000000,1881.25000000,1891.56000000,64015.14601000
1626681600000,1891.56000000,1900.77000000,1855.16000000,1862.20000000,91952.22107000
1626696000000,1862.20000000,1868.30000000,1805.00000000,1820.25000000,209408.88411000
1626710400000,1820.25000000,1832.63000000,1808.00000000,1824.98000000,68962.44306000
1626724800000,1824.98000000,1829.37000000,1810.52000000,1818.73000000,40491.45383000
1626739200000,1818.73000000,1841.34000000,1706.00000000,1728.59000000,259552.63229000
1626753600000,1728.60000000,1769.39000000,1723.82000000,1762.07000000,128689.53799000
1626768000000,1762.06000000,1764.56000000,1718.64000000,1755.99000000,130488.70695000
1626782400000,1756.00000000,1812.00000000,1734.48000000,1805.29000000,136351.14686000
1626796800000,1805.16000000,1819.88000000,1776.50000000,1789.39000000,73605.76058000
1626811200000,1789.32000000,1804.99000000,1765.43000000,1786.03000000,57569.48733000
1626825600000,1786.03000000,1808.88000000,1747.55000000,1801.87000000,95711.88385000
1626840000000,1801.87000000,1881.23000000,1800.78000000,1875.25000000,194047.94738000
1626854400000,1875.25000000,1913.69000000,1860.01000000,1906.84000000,173702.25740000
1626868800000,1906.97000000,1958.91000000,1893.55000000,1954.50000000,174780.61511000
1626883200000,1954.83000000,2035.23000000,1936.16000000,1937.23000000,352954.55232000
1626897600000,1937.10000000,1995.50000000,1931.29000000,1995.50000000,124752.56427000
1626912000000,1995.50000000,2024.47000000,1959.88000000,1976.59000000,146140.02971000
1626926400000,1976.59000000,2013.44000000,1964.00000000,1991.88000000,113459.85425000
1626940800000,1991.88000000,2018.00000000,1968.00000000,1983.99000000,129500.33275000
1626955200000,1983.99000000,2043.45000000,1947.62000000,2033.56000000,216679.23271000
1626969600000,2033.57000000,2046.00000000,2013.84000000,2029.14000000,95263.50042000
1626984000000,2029.18000000,2029.99000000,1989.45000000,2024.56000000,67811.41606000
1626998400000,2024.27000000,2077.98000000,2014.45000000,2059.91000000,119585.73821000
1627012800000,2059.91000000,2094.28000000,2054.36000000,2064.95000000,111189.11273000
1627027200000,2064.95000000,2073.39000000,2039.22000000,2054.49000000,96431.06342000
1627041600000,2054.49000000,2078.00000000,2045.78000000,2047.75000000,87435.92005000
1627056000000,2047.75000000,2050.00000000,1993.22000000,2020.58000000,133747.17449000
1627070400000,2020.58000000,2130.90000000,2014.83000000,2124.25000000,159771.90432000
1627084800000,2124.26000000,2140.00000000,2105.58000000,2138.61000000,98721.33033000
1627099200000,2138.62000000,2146.01000000,2123.21000000,2132.30000000,82481.55738000
1627113600000,2132.30000000,2168.00000000,2115.60000000,2154.86000000,109274.01993000
1627128000000,2154.85000000,2180.00000000,2144.13000000,2150.59000000,120905.26702000
1627142400000,2150.56000000,2199.50000000,2140.18000000,2145.72000000,145338.68955000
1627156800000,2145.71000000,2188.93000000,2126.99000000,2184.75000000,76354.32171000
1627171200000,2184.90000000,2194.80000000,2136.50000000,2151.96000000,87382.51021000
1627185600000,2151.77000000,2186.00000000,2145.21000000,2175.30000000,78095.04032000
1627200000000,2175.47000000,2183.70000000,2152.00000000,2159.98000000,80617.26147000
1627214400000,2159.98000000,2159.98000000,2105.93000000,2138.18000000,127709.46245000
1627228800000,2138.19000000,2165.00000000,2121.54000000,2153.13000000,80267.98815000
1627243200000,2153.13000000,2197.41000000,2144.73000000,2189.79000000,81558.00740000
1627257600000,2189.82000000,2340.00000000,2171.57000000,2317.03000000,409170.64766000
1627272000000,2317.02000000,2390.00000000,2301.75000000,2325.59000000,229377.09196000
1627286400000,2325.60000000,2360.12000000,2296.58000000,2341.51000000,140309.07056000
1627300800000,2341.37000000,2358.58000000,2308.29000000,2341.58000000,121732.21747000
1627315200000,2341.66000000,2433.65000000,2335.11000000,2362.68000000,196156.63287000
1627329600000,2362.48000000,2367.91000000,2205.47000000,2228.08000000,296992.50248000
1627344000000,2227.81000000,2241.30000000,2150.50000000,2172.81000000,195179.65344000
1627358400000,2172.81000000,2212.00000000,2165.43000000,2202.02000000,131519.78252000
1627372800000,2201.87000000,2278.36000000,2193.02000000,2278.35000000,124652.16618000
1627387200000,2278.35000000,2319.26000000,2241.16000000,2277.35000000,216011.14621000
1627401600000,2277.35000000,2283.68000000,2201.66000000,2229.34000000,131120.12052000
1627416000000,2229.36000000,2311.72000000,2228.41000000,2299.49000000,107876.36591000
1627430400000,2299.47000000,2335.00000000,2265.36000000,2288.26000000,146180.97529000
1627444800000,2288.27000000,2304.21000000,2243.15000000,2296.14000000,113650.19293000
1627459200000,2296.00000000,2345.00000000,2276.01000000,2330.42000000,129517.78041000
1627473600000,2330.43000000,2333.21000000,2268.15000000,2292.30000000,119588.73987000
1627488000000,2292.31000000,2328.97000000,2251.02000000,2309.76000000,150905.80139000
1627502400000,2309.92000000,2313.88000000,2281.73000000,2300.90000000,58359.08738000
1627516800000,2300.90000000,2307.77000000,2266.12000000,2277.71000000,66017.33786000
1627531200000,2277.71000000,2306.00000000,2271.00000000,2295.13000000,54423.33649000
1627545600000,2295.13000000,2328.97000000,2283.23000000,2293.90000000,91817.83644000
1627560000000,2293.90000000,2335.00000000,2283.57000000,2323.91000000,90511.60409000
1627574400000,2323.92000000,2343.00000000,2302.00000000,2311.41000000,74448.47308000
1627588800000,2311.37000000,2400.00000000,2305.01000000,2382.92000000,122146.24700000
1627603200000,2382.93000000,2450.00000000,2366.14000000,2422.21000000,171443.04816000
1627617600000,2422.22000000,2429.37000000,2384.49000000,2404.31000000,97061.70815000
1627632000000,2404.49000000,2406.17000000,2315.92000000,2334.84000000,148580.57649000
1627646400000,2335.15000000,2357.99000000,2322.84000000,2346.66000000,83774.84715000
1627660800000,2346.64000000,2379.11000000,2334.00000000,2378.91000000,66598.18000000
1627675200000,2378.90000000,2471.70000000,2374.67000000,2461.81000000,195118.92802000
1627689600000,2461.77000000,2483.38000000,2438.70000000,2463.18000000,96627.47836000
1627704000000,2463.18000000,2467.57000000,2420.68000000,2442.16000000,68157.97233000
1627718400000,2442.03000000,2477.63000000,2439.00000000,2458.58000000,93356.57499000
1627732800000,2458.29000000,2467.66000000,2432.00000000,2458.01000000,59689.29223000
1627747200000,2458.01000000,2466.17000000,2434.50000000,2456.60000000,58139.89817000
1627761600000,2456.58000000,2553.86000000,2444.51000000,2531.05000000,131629.83418000
1627776000000,2531.10000000,2619.99000000,2511.24000000,2616.50000000,132279.95627000
1627790400000,2616.51000000,2636.91000000,2580.46000000,2586.18000000,140631.51625000
1627804800000,2586.42000000,2611.61000000,2561.64000000,2587.01000000,93109.85426000
1627819200000,2587.00000000,2607.92000000,2571.31000000,2583.21000000,89344.98586000
1627833600000,2583.21000000,2664.90000000,2530.00000000,2655.56000000,188893.55802000
1627848000000,2655.70000000,2697.61000000,2528.05000000,2555.69000000,209236.07012000
1627862400000,2555.50000000,2579.41000000,2507.00000000,2560.00000000,126076.72727000
1627876800000,2560.17000000,2639.47000000,2542.61000000,2617.74000000,109631.22528000
1627891200000,2617.75000000,2624.28000000,2557.49000000,2590.60000000,117159.91711000
1627905600000,2590.60000000,2658.80000000,2561.23000000,2633.26000000,153511.86954000
1627920000000,2633.40000000,2666.00000000,2595.62000000,2602.07000000,121127.78082000
1627934400000,2602.06000000,2637.98000000,2582.32000000,2606.93000000,99194.32950000
1627948800000,2606.92000000,2632.44000000,2517.22000000,2533.69000000,140408.34213000
1627963200000,2533.68000000,2545.03000000,2442.32000000,2493.22000000,179800.17548000
1627977600000,2493.10000000,2525.02000000,2459.64000000,2489.13000000,122330.12590000
1627992000000,2489.13000000,2540.55000000,2451.00000000,2496.57000000,162141.57076000
1628006400000,2496.62000000,2510.96000000,2451.14000000,2474.99000000,100306.20666000
1628020800000,2474.69000000,2530.19000000,2452.34000000,2509.04000000,87974.42282000
1628035200000,2508.51000000,2538.24000000,2482.66000000,2484.82000000,90177.34816000
1628049600000,2484.82000000,2518.00000000,2465.00000000,2478.71000000,84578.07066000
1628064000000,2478.82000000,2512.52000000,2457.68000000,2505.80000000,95347.57717000
1628078400000,2505.81000000,2697.12000000,2504.76000000,2672.58000000,322663.39208000
1628092800000,2672.57000000,2726.48000000,2665.00000000,2694.91000000,216134.20809000
1628107200000,2694.90000000,2772.71000000,2688.66000000,2724.78000000,145690.15744000
1628121600000,2724.55000000,2742.00000000,2660.84000000,2712.01000000,145832.39749000
1628136000000,2712.01000000,2721.34000000,2667.28000000,2681.70000000,96908.37310000
1628150400000,2681.81000000,2692.06000000,2574.57000000,2622.22000000,226379.19575000
1628164800000,2622.26000000,2820.00000000,2529.91000000,2755.08000000,492343.68631000
1628179200000,2755.19000000,2830.00000000,2746.55000000,2796.73000000,225265.65508000
1628193600000,2796.73000000,2843.98000000,2786.39000000,2826.99000000,120990.89881000
1628208000000,2827.01000000,2844.44000000,2751.42000000,2760.87000000,132956.11195000
1628222400000,2760.87000000,2813.50000000,2750.00000000,2767.67000000,95766.55677000
1628236800000,2767.65000000,2782.36000000,2733.33000000,2736.26000000,92147.68201000
1628251200000,2736.27000000,2848.00000000,2720.06000000,2838.27000000,154238.16492000
1628265600000,2838.27000000,2946.75000000,2836.99000000,2928.67000000,258623.65072000
1628280000000,2929.15000000,2939.43000000,2870.94000000,2891.58000000,91667.32000000
1628294400000,2891.54000000,2938.99000000,2865.50000000,2935.12000000,107849.55845000
1628308800000,2935.12000000,2982.95000000,2927.00000000,2955.76000000,140648.28575000
1628323200000,2955.76000000,3114.50000000,2942.52000000,3105.50000000,256761.00176000
1628337600000,3105.44000000,3171.00000000,3053.38000000,3082.97000000,316791.35237000
1628352000000,3082.97000000,3100.00000000,2993.27000000,3075.02000000,214238.28318000
1628366400000,3075.00000000,3170.00000000,3057.27000000,3160.31000000,168988.61944000
1628380800000,3160.48000000,3189.99000000,3072.55000000,3119.92000000,200516.69176000
1628395200000,3119.95000000,3187.00000000,3092.76000000,3137.84000000,161980.42995000
1628409600000,3137.85000000,3160.00000000,3081.34000000,3101.30000000,123790.36625000
1628424000000,3101.31000000,3149.92000000,3014.70000000,3030.77000000,169215.75253000
1628438400000,3030.77000000,3069.98000000,2949.03000000,2984.44000000,183497.44908000
1628452800000,2984.78000000,3065.00000000,2962.00000000,3011.85000000,127349.01622000
1628467200000,3011.84000000,3035.00000000,2900.00000000,2948.31000000,220148.04474000
1628481600000,2948.30000000,2964.90000000,2893.23000000,2944.11000000,114167.22456000
1628496000000,2944.11000000,3141.64000000,2932.11000000,3133.42000000,251395.97427000
1628510400000,3133.41000000,3172.00000000,3080.16000000,3166.61000000,225710.98615000
1628524800000,3166.62000000,3186.00000000,3128.08000000,3147.74000000,130113.84348000
1628539200000,3147.74000000,3178.97000000,3036.25000000,3160.52000000,188048.54294000
1628553600000,3160.51000000,3200.00000000,3092.37000000,3115.39000000,140435.82888000
1628568000000,3115.39000000,3147.78000000,3089.42000000,3141.21000000,99607.53424000
1628582400000,3141.20000000,3172.00000000,3111.78000000,3122.97000000,119081.26327000
1628596800000,3122.97000000,3233.00000000,3093.00000000,3121.05000000,255234.09517000
1628611200000,3121.04000000,3145.00000000,3051.22000000,3142.71000000,144171.38953000
1628625600000,3142.83000000,3190.00000000,3122.00000000,3141.66000000,122145.63334000
1628640000000,3141.14000000,3186.89000000,3120.27000000,3159.11000000,95533.17099000
1628654400000,3159.21000000,3248.78000000,3146.47000000,3231.74000000,177955.22679000
1628668800000,3231.75000000,3248.47000000,3204.05000000,3214.39000000,110121.54124000
1628683200000,3214.39000000,3274.00000000,3206.25000000,3245.22000000,132981.30073000
1628697600000,3245.23000000,3257.00000000,3220.00000000,3249.65000000,88080.30947000
1628712000000,3249.66000000,3264.80000000,3150.00000000,3160.50000000,127875.05511000
1628726400000,3160.40000000,3239.00000000,3147.11000000,3211.95000000,84094.42459000
1628740800000,3211.96000000,3219.87000000,3093.14000000,3141.63000000,149304.15987000
1628755200000,3141.64000000,3171.70000000,3085.93000000,3094.34000000,113665.78451000
1628769600000,3094.31000000,3118.40000000,3020.00000000,3029.76000000,166067.77650000
1628784000000,3029.83000000,3066.97000000,2979.29000000,3048.55000000,144958.63204000
1628798400000,3048.56000000,3073.95000000,2985.91000000,3045.96000000,79537.68057000
1628812800000,3046.11000000,3097.00000000,3033.80000000,3088.22000000,50008.14934000
1628827200000,3088.23000000,3231.83000000,3088.22000000,3222.99000000,86598.86132000
1628841600000,3222.99000000,3260.25000000,3212.55000000,3213.68000000,130979.74776000
1628856000000,3213.68000000,3245.00000000,3179.49000000,3214.04000000,100034.62658000
1628870400000,3214.04000000,3243.68000000,3197.82000000,3224.98000000,57106.86402000
1628884800000,3224.98000000,3327.83000000,3211.93000000,3322.32000000,154605.15421000
1628899200000,3322.33000000,3326.00000000,3283.30000000,3295.49000000,69793.88276000
1628913600000,3295.49000000,3323.86000000,3277.04000000,3307.39000000,60828.27660000
1628928000000,3307.82000000,3330.98000000,3200.00000000,3244.76000000,153000.37093000
1628942400000,3244.84000000,3276.70000000,3210.00000000,3270.71000000,88740.60802000
1628956800000,3270.41000000,3289.00000000,3231.00000000,3262.33000000,57691.58441000
1628971200000,3262.58000000,3277.48000000,3215.01000000,3263.16000000,56047.81515000
1628985600000,3263.16000000,3289.80000000,3245.66000000,3247.62000000,62541.63290000
1629000000000,3247.63000000,3257.75000000,3155.00000000,3161.50000000,88682.40586000
1629014400000,3161.50000000,3176.69000000,3132.69000000,3160.55000000,100606.38297000
1629028800000,3160.54000000,3197.63000000,3135.00000000,3156.70000000,96285.43564000
1629043200000,3156.98000000,3218.66000000,3111.13000000,3207.88000000,89998.66370000
1629057600000,3207.87000000,3320.00000000,3201.83000000,3307.09000000,127465.15658000
1629072000000,3307.35000000,3335.00000000,3258.68000000,3260.94000000,110385.25126000
1629086400000,3260.93000000,3311.84000000,3258.68000000,3276.16000000,91075.20320000
1629100800000,3276.16000000,3310.00000000,3248.31000000,3290.26000000,100559.23614000
1629115200000,3290.27000000,3298.35000000,3182.73000000,3223.84000000,143496.18683000
1629129600000,3223.84000000,3245.00000000,3162.50000000,3176.85000000,72744.09637000
1629144000000,3177.04000000,3201.52000000,3135.22000000,3146.53000000,117407.08042000
1629158400000,3147.18000000,3210.28000000,3115.63000000,3194.69000000,101267.75116000
1629172800000,3194.97000000,3215.65000000,3135.27000000,3171.00000000,88636.87538000
1629187200000,3170.81000000,3279.99000000,3168.39000000,3257.71000000,115730.41558000
1629201600000,3257.71000000,3290.00000000,3159.92000000,3165.82000000,148097.76295000
1629216000000,3165.83000000,3190.68000000,3102.08000000,3116.91000000,123216.93825000
1629230400000,3116.92000000,3126.56000000,2991.89000000,3011.72000000,228046.32639000
1629244800000,3011.73000000,3050.61000000,2950.00000000,3049.87000000,146895.23483000
1629259200000,3049.87000000,3085.21000000,3023.08000000,3030.37000000,76794.38938000
1629273600000,3030.37000000,3068.51000000,2989.60000000,2999.84000000,87972.97972000
1629288000000,2999.85000000,3114.83000000,2995.56000000,3111.23000000,120270.25711000
1629302400000,3111.24000000,3125.81000000,3022.00000000,3030.81000000,113738.94116000
1629316800000,3030.80000000,3060.41000000,2998.02000000,3014.55000000,79431.45348000
1629331200000,3014.18000000,3051.70000000,2966.00000000,2966.99000000,134716.81506000
1629345600000,2966.14000000,3018.00000000,2958.33000000,2995.37000000,109219.90414000
1629360000000,2995.36000000,3021.39000000,2972.89000000,2973.39000000,70262.34248000
1629374400000,2973.39000000,3077.88000000,2963.37000000,3067.67000000,116034.43538000
1629388800000,3067.66000000,3163.57000000,3023.59000000,3147.58000000,124473.67044000
1629403200000,3147.59000000,3188.00000000,3142.01000000,3184.12000000,80062.75424000
1629417600000,3184.11000000,3243.60000000,3177.16000000,3217.83000000,117637.47955000
1629432000000,3217.84000000,3235.00000000,3203.79000000,3216.59000000,71737.82164000
1629446400000,3216.59000000,3227.31000000,3188.06000000,3204.33000000,68252.06461000
1629460800000,3204.33000000,3300.00000000,3202.82000000,3283.38000000,147574.62709000
1629475200000,3283.37000000,3298.00000000,3218.30000000,3252.75000000,87207.29568000
1629489600000,3252.76000000,3295.00000000,3244.74000000,3284.82000000,65718.16683000
1629504000000,3284.81000000,3287.00000000,3233.92000000,3276.44000000,61894.42486000
1629518400000,3276.45000000,3304.83000000,3255.07000000,3293.56000000,72885.43136000
1629532800000,3293.56000000,3309.16000000,3238.11000000,3249.61000000,103844.95214000
1629547200000,3249.40000000,3296.76000000,3244.00000000,3271.22000000,67786.06083000
1629561600000,3271.22000000,3292.10000000,3207.00000000,3217.41000000,72491.43185000
1629576000000,3217.41000000,3261.54000000,3212.21000000,3223.43000000,42253.78980000
1629590400000,3223.36000000,3257.26000000,3217.00000000,3226.01000000,39563.55664000
1629604800000,3226.01000000,3271.00000000,3225.00000000,3261.83000000,44033.72243000
1629619200000,3261.69000000,3272.00000000,3240.42000000,3255.71000000,46464.65727000
1629633600000,3255.71000000,3263.98000000,3154.42000000,3181.54000000,123711.83709000
1629648000000,3181.54000000,3193.00000000,3126.42000000,3175.25000000,70372.54645000
1629662400000,3175.25000000,3253.45000000,3134.08000000,3238.00000000,82332.75666000
1629676800000,3238.00000000,3355.00000000,3230.02000000,3340.22000000,165473.54929000
1629691200000,3340.22000000,3354.44000000,3312.72000000,3323.86000000,108048.04303000
1629705600000,3323.86000000,3364.59000000,3316.21000000,3342.98000000,78004.21068000
1629720000000,3342.98000000,3377.89000000,3296.58000000,3325.98000000,118646.69119000
1629734400000,3325.97000000,3355.58000000,3304.29000000,3309.62000000,70703.07797000
1629748800000,3309.63000000,3344.85000000,3280.00000000,3321.28000000,61227.87398000
1629763200000,3321.28000000,3350.00000000,3281.96000000,3324.33000000,67679.37504000
1629777600000,3324.04000000,3357.85000000,3315.95000000,3346.60000000,57269.62526000
1629792000000,3346.61000000,3352.98000000,3298.00000000,3323.01000000,59875.59772000
1629806400000,3323.01000000,3324.83000000,3200.01000000,3211.54000000,156006.81718000
1629820800000,3211.54000000,3230.00000000,3147.31000000,3217.44000000,138238.63543000
1629835200000,3217.45000000,3225.00000000,3166.60000000,3170.62000000,61410.02790000
1629849600000,3170.63000000,3216.00000000,3168.32000000,3175.00000000,59090.83290000
1629864000000,3175.00000000,3222.26000000,3160.06000000,3183.60000000,61988.71372000
1629878400000,3183.38000000,3187.92000000,3080.00000000,3139.68000000,132193.64850000
1629892800000,3139.69000000,3224.00000000,3102.67000000,3217.17000000,118217.31369000
1629907200000,3217.17000000,3248.00000000,3201.00000000,3214.50000000,68133.66721000
1629921600000,3214.49000000,3239.93000000,3198.30000000,3226.87000000,44073.51842000
1629936000000,3226.88000000,3250.00000000,3140.73000000,3148.84000000,74431.58494000
1629950400000,3148.84000000,3167.08000000,3061.01000000,3105.16000000,100581.57721000
1629964800000,3105.16000000,3118.59000000,3072.89000000,3087.54000000,70851.69390000
1629979200000,3087.55000000,3148.20000000,3053.30000000,3104.77000000,97590.28847000
1629993600000,3104.76000000,3134.00000000,3075.09000000,3108.72000000,58306.06740000
1630008000000,3109.04000000,3147.00000000,3088.25000000,3093.20000000,40537.26180000
1630022400000,3093.06000000,3144.99000000,3060.18000000,3094.26000000,72552.84600000
1630036800000,3094.16000000,3131.42000000,3075.79000000,3127.11000000,55637.06640000
1630051200000,3126.17000000,3173.62000000,3102.50000000,3154.73000000,60235.81612000
1630065600000,3155.46000000,3250.81000000,3132.29000000,3238.97000000,131293.04351000
1630080000000,3238.96000000,3250.00000000,3220.16000000,3232.36000000,57945.34510000
1630094400000,3232.36000000,3280.00000000,3222.63000000,3273.45000000,73363.68998000
1630108800000,3273.89000000,3287.00000000,3239.23000000,3244.46000000,48552.27231000
1630123200000,3244.46000000,3258.64000000,3223.30000000,3230.16000000,41334.15350000
1630137600000,3230.28000000,3259.00000000,3210.31000000,3222.24000000,47163.70430000
1630152000000,3222.24000000,3247.93000000,3211.01000000,3246.15000000,53173.39350000
1630166400000,3246.38000000,3265.00000000,3220.00000000,3230.24000000,47637.29680000
1630180800000,3230.24000000,3254.65000000,3226.91000000,3244.48000000,24499.52880000
1630195200000,3244.75000000,3285.00000000,3160.00000000,3180.28000000,106167.77690000
1630209600000,3180.54000000,3209.18000000,3152.34000000,3206.30000000,59975.75080000
1630224000000,3206.30000000,3219.33000000,3181.35000000,3181.83000000,41172.21560000
1630238400000,3181.83000000,3206.83000000,3165.57000000,3186.99000000,41187.14760000
1630252800000,3186.99000000,3225.00000000,3180.83000000,3220.23000000,34989.76950000
1630267200000,3220.24000000,3258.37000000,3213.66000000,3223.47000000,52314.12230000
1630281600000,3223.47000000,3229.71000000,3143.00000000,3161.64000000,76271.23350000
1630296000000,3161.64000000,3186.15000000,3145.49000000,3180.11000000,61805.17930000
1630310400000,3180.12000000,3203.89000000,3166.14000000,3187.49000000,52785.14930000
1630324800000,3187.48000000,3224.56000000,3149.14000000,3217.64000000,88807.81000000
1630339200000,3217.86000000,3343.75000000,3213.70000000,3341.16000000,205477.31263000
1630353600000,3341.17000000,3347.95000000,3211.19000000,3229.64000000,140200.59068000
1630368000000,3229.14000000,3249.82000000,3188.77000000,3237.78000000,89258.30840000
1630382400000,3237.78000000,3368.58000000,3214.28000000,3358.12000000,157908.45797000
1630396800000,3358.11000000,3439.00000000,3310.26000000,3429.95000000,200479.66986000
1630411200000,3429.90000000,3476.00000000,3365.00000000,3386.63000000,198505.05509000
1630425600000,3386.84000000,3422.57000000,3339.01000000,3414.30000000,127067.48680000
1630440000000,3414.31000000,3445.00000000,3371.01000000,3429.20000000,89852.15280000
1630454400000,3429.19000000,3447.00000000,3382.22000000,3442.15000000,100404.97780000
1630468800000,3442.45000000,3545.05000000,3428.22000000,3516.86000000,153537.54267000
1630483200000,3516.85000000,3559.40000000,3512.35000000,3530.99000000,123944.08751000
1630497600000,3530.86000000,3585.00000000,3517.00000000,3580.56000000,113340.26039000
1630512000000,3580.56000000,3790.00000000,3575.87000000,3713.11000000,245123.01316000
1630526400000,3713.10000000,3842.00000000,3710.00000000,3826.82000000,109410.07715000
1630540800000,3826.82000000,3836.80000000,3733.00000000,3763.31000000,111122.26440000
1630555200000,3763.32000000,3770.73000000,3721.42000000,3733.41000000,87182.50290000
1630569600000,3733.42000000,3767.94000000,3717.04000000,3760.62000000,65338.44910000
1630584000000,3760.62000000,3833.96000000,3739.24000000,3756.31000000,132680.97670000
1630598400000,3756.31000000,3808.30000000,3755.00000000,3783.89000000,69091.65710000
1630612800000,3783.90000000,3830.74000000,3777.00000000,3785.82000000,59749.94940000
1630627200000,3785.82000000,3818.32000000,3705.05000000,3806.83000000,98307.88670000
1630641600000,3806.83000000,3826.67000000,3778.89000000,3797.92000000,69447.26270000
1630656000000,3797.93000000,3981.12000000,3788.98000000,3953.48000000,205980.23144000
1630670400000,3953.50000000,4027.88000000,3925.00000000,3968.80000000,152671.61215000
1630684800000,3968.67000000,3984.82000000,3925.00000000,3943.85000000,58389.27700000
1630699200000,3943.84000000,3944.43000000,3867.16000000,3938.11000000,71107.48740000
1630713600000,3938.11000000,3970.00000000,3903.12000000,3917.76000000,59456.25030000
1630728000000,3917.76000000,3937.40000000,3892.52000000,3916.75000000,40897.76670000
1630742400000,3916.75000000,3953.29000000,3885.00000000,3886.89000000,71773.11620000
1630756800000,3886.83000000,3927.30000000,3878.41000000,3917.72000000,61042.50050000
1630771200000,3917.72000000,3924.78000000,3832.50000000,3858.41000000,91323.79180000
1630785600000,3858.41000000,3900.29000000,3851.97000000,3885.52000000,39984.69380000
1630800000000,3885.61000000,3913.54000000,3844.25000000,3845.00000000,48924.60070000
1630814400000,3845.01000000,3888.92000000,3830.00000000,3870.71000000,41717.66160000
1630828800000,3870.63000000,3955.18000000,3860.83000000,3924.56000000,81508.49760000
1630843200000,3924.56000000,3953.18000000,3900.00000000,3907.68000000,65130.01710000
1630857600000,3907.69000000,3950.00000000,3900.00000000,3928.47000000,49129.08690000
1630872000000,3928.54000000,3980.00000000,3918.69000000,3950.29000000,79349.99580000
1630886400000,3950.28000000,3961.94000000,3900.00000000,3904.98000000,61119.18010000
1630900800000,3904.97000000,3953.29000000,3897.22000000,3943.76000000,67418.48740000
1630915200000,3943.77000000,3970.00000000,3900.00000000,3904.77000000,73912.59860000
1630929600000,3904.99000000,3945.00000000,3864.30000000,3924.98000000,93396.47440000
1630944000000,3924.98000000,3959.76000000,3912.04000000,3937.80000000,48403.60520000
1630958400000,3937.80000000,3969.00000000,3919.00000000,3926.77000000,53518.23260000
1630972800000,3926.67000000,3947.15000000,3888.41000000,3913.67000000,69522.17000000
1630987200000,3913.67000000,3936.00000000,3878.37000000,3883.85000000,70996.77650000
1631001600000,3883.85000000,3883.85000000,3666.00000000,3749.18000000,225796.47610000
1631016000000,3749.21000000,3774.98000000,3005.00000000,3452.70000000,467836.63349000
1631030400000,3453.89000000,3576.00000000,3340.01000000,3411.90000000,250466.65350000
1631044800000,3411.90000000,3460.00000000,3316.97000000,3434.57000000,118917.29250000
1631059200000,3434.84000000,3541.64000000,3377.08000000,3430.32000000,117513.75180000
1631073600000,3430.12000000,3482.27000000,3246.92000000,3258.22000000,175107.81190000
1631088000000,3258.65000000,3455.00000000,3215.16000000,3406.26000000,172295.00990000
1631102400000,3406.26000000,3453.28000000,3352.21000000,3419.35000000,117940.37210000
1631116800000,3419.44000000,3544.61000000,3400.00000000,3523.14000000,99462.68080000
1631131200000,3523.15000000,3560.00000000,3441.45000000,3499.00000000,98292.13920000
1631145600000,3499.01000000,3522.00000000,3426.99000000,3469.88000000,103393.65090000
1631160000000,3469.87000000,3515.04000000,3454.16000000,3499.42000000,69003.59640000
1631174400000,3499.64000000,3567.06000000,3449.75000000,3479.99000000,116165.43290000
1631188800000,3480.00000000,3555.00000000,3390.40000000,3523.75000000,184263.72620000
1631203200000,3523.76000000,3558.00000000,3450.64000000,3463.68000000,92385.34750000
1631217600000,3463.68000000,3479.99000000,3414.96000000,3424.93000000,63342.12920000
1631232000000,3424.94000000,3514.11000000,3409.38000000,3465.02000000,71295.52420000
1631246400000,3465.02000000,3481.79000000,3392.51000000,3403.12000000,69719.66930000
1631260800000,3402.61000000,3430.00000000,3350.50000000,3401.42000000,106686.99020000
1631275200000,3401.41000000,3419.10000000,3208.60000000,3298.99000000,183157.38780000
1631289600000,3299.00000000,3344.24000000,3280.63000000,3311.26000000,63246.46450000
1631304000000,3311.25000000,3330.34000000,3150.00000000,3208.86000000,138920.22990000
1631318400000,3208.85000000,3296.69000000,3200.00000000,3241.63000000,85094.04510000
1631332800000,3241.63000000,3285.22000000,3218.49000000,3248.03000000,63369.22720000
1631347200000,3248.07000000,3317.82000000,3218.60000000,3293.12000000,86022.10140000
1631361600000,3293.14000000,3348.37000000,3283.02000000,3311.00000000,71307.77240000
1631376000000,3311.00000000,3342.67000000,3283.00000000,3298.35000000,58157.42440000
1631390400000,3298.35000000,3308.87000000,3242.93000000,3267.21000000,49573.60560000
1631404800000,3267.10000000,3329.66000000,3231.10000000,3327.54000000,64335.60530000
1631419200000,3327.54000000,3339.95000000,3292.38000000,3320.98000000,46765.40950000
1631433600000,3320.99000000,3453.00000000,3315.36000000,3438.06000000,98020.28870000
1631448000000,3438.05000000,3474.16000000,3392.25000000,3416.55000000,71405.15950000
1631462400000,3416.55000000,3440.65000000,3377.37000000,3406.59000000,39754.28010000
1631476800000,3406.59000000,3448.00000000,3303.24000000,3404.21000000,88578.21640000
1631491200000,3404.30000000,3430.30000000,3252.45000000,3257.70000000,91075.76250000
1631505600000,3257.70000000,3296.82000000,3175.62000000,3203.57000000,108055.35390000
1631520000000,3203.56000000,3256.00000000,3166.86000000,3251.24000000,93753.15500000
1631534400000,3251.24000000,3388.22000000,3108.49000000,3202.62000000,231443.40050000
1631548800000,3202.63000000,3261.45000000,3184.26000000,3253.69000000,61092.14850000
1631563200000,3253.70000000,3310.14000000,3253.69000000,3285.35000000,62435.89950000
1631577600000,3285.09000000,3338.53000000,3269.95000000,3291.33000000,53076.83500000
1631592000000,3291.33000000,3336.17000000,3271.91000000,3311.86000000,46739.82880000
1631606400000,3312.16000000,3363.01000000,3310.26000000,3330.01000000,58713.93980000
1631620800000,3329.97000000,3407.99000000,3292.03000000,3388.34000000,101501.48550000
1631635200000,3388.55000000,3401.80000000,3340.47000000,3350.11000000,49414.32370000
1631649600000,3350.11000000,3437.05000000,3330.04000000,3434.37000000,64188.48980000
1631664000000,3434.37000000,3450.00000000,3386.00000000,3396.19000000,61674.49000000
1631678400000,3396.19000000,3410.10000000,3357.78000000,3404.19000000,50730.73000000
1631692800000,3404.00000000,3435.82000000,3379.56000000,3410.76000000,57235.16740000
1631707200000,3411.22000000,3510.00000000,3396.53000000,3498.14000000,106306.46430000
1631721600000,3498.07000000,3555.00000000,3495.45000000,3534.46000000,81688.35180000
1631736000000,3534.47000000,3616.16000000,3534.47000000,3613.55000000,70872.32430000
1631750400000,3613.55000000,3621.02000000,3524.76000000,3542.91000000,76280.94310000
1631764800000,3542.92000000,3676.28000000,3538.60000000,3634.08000000,90911.91140000
1631779200000,3634.09000000,3637.00000000,3568.00000000,3619.29000000,62143.33740000
1631793600000,3619.29000000,3644.48000000,3535.32000000,3618.20000000,105753.92540000
1631808000000,3618.09000000,3635.00000000,3540.00000000,3562.90000000,58854.43950000
1631822400000,3562.90000000,3581.77000000,3481.14000000,3567.98000000,74040.93510000
1631836800000,3567.97000000,3594.17000000,3527.26000000,3563.03000000,44799.19990000
1631851200000,3563.04000000,3585.00000000,3513.27000000,3520.13000000,56106.94290000
1631865600000,3520.35000000,3542.58000000,3424.76000000,3449.03000000,91694.07250000
1631880000000,3449.03000000,3479.87000000,3404.00000000,3450.78000000,71641.30370000
1631894400000,3451.00000000,3470.61000000,3360.06000000,3424.05000000,82331.40410000
1631908800000,3423.94000000,3427.23000000,3350.07000000,3399.81000000,52315.44740000
1631923200000,3399.89000000,3453.61000000,3368.88000000,3451.42000000,46883.95920000
1631937600000,3451.36000000,3524.00000000,3447.34000000,3503.01000000,65447.35490000
1631952000000,3503.22000000,3541.96000000,3489.71000000,3496.50000000,46214.78800000
1631966400000,3496.51000000,3518.23000000,3463.86000000,3474.61000000,49430.06090000
1631980800000,3474.62000000,3489.99000000,3420.06000000,3445.12000000,46824.24570000
1631995200000,3445.11000000,3448.50000000,3377.00000000,3435.64000000,60362.35400000
1632009600000,3435.64000000,3441.25000000,3373.72000000,3413.47000000,35347.88380000
1632024000000,3413.55000000,3456.53000000,3397.00000000,3440.72000000,33073.47180000
1632038400000,3440.82000000,3452.98000000,3302.00000000,3326.19000000,73615.50430000
1632052800000,3326.19000000,3380.49000000,3310.00000000,3363.34000000,63449.77860000
1632067200000,3363.34000000,3381.84000000,3325.82000000,3337.93000000,47771.08520000
1632081600000,3337.94000000,3365.00000000,3277.74000000,3328.62000000,59690.27760000
1632096000000,3328.57000000,3347.82000000,3152.21000000,3187.09000000,118845.10420000
1632110400000,3187.00000000,3219.00000000,3100.00000000,3127.15000000,109861.60150000
1632124800000,3126.83000000,3178.34000000,3011.00000000,3042.45000000,193641.82750000
1632139200000,3042.20000000,3098.00000000,2913.39000000,3087.55000000,252197.51609000
1632153600000,3087.55000000,3124.10000000,2975.20000000,3072.02000000,137322.73320000
1632168000000,3072.53000000,3082.73000000,2946.60000000,2977.28000000,106070.79600000
1632182400000,2977.32000000,3031.56000000,2807.18000000,2998.78000000,200281.25646000
1632196800000,2998.79000000,3074.45000000,2950.02000000,3073.95000000,84342.39430000
1632211200000,3073.95000000,3105.83000000,3040.00000000,3062.72000000,82870.65070000
1632225600000,3062.40000000,3085.00000000,2964.08000000,3035.24000000,127871.53290000
1632240000000,3035.26000000,3047.76000000,2863.80000000,2886.84000000,152541.17980000
1632254400000,2886.75000000,2920.00000000,2652.00000000,2765.90000000,323612.87525000
1632268800000,2766.72000000,2895.00000000,2737.54000000,2867.12000000,153611.27190000
1632283200000,2867.53000000,2960.87000000,2833.83000000,2942.07000000,99161.32635000
1632297600000,2942.31000000,2957.55000000,2883.17000000,2894.48000000,76613.44300000
1632312000000,2894.86000000,3017.13000000,2881.57000000,3007.22000000,124006.42310000
1632326400000,3006.85000000,3088.88000000,2990.85000000,3023.73000000,155806.22830000
1632340800000,3023.73000000,3078.82000000,3006.64000000,3076.92000000,68258.95560000
1632355200000,3076.92000000,3120.00000000,3033.85000000,3118.50000000,81700.20970000
1632369600000,3118.65000000,3148.03000000,3096.90000000,3145.95000000,72439.15970000
1632384000000,3145.80000000,3149.00000000,3041.87000000,3060.24000000,83451.62970000
1632398400000,3060.31000000,3142.24000000,3047.12000000,3092.37000000,80911.85810000
1632412800000,3092.38000000,3174.50000000,3085.06000000,3147.87000000,93247.95880000
1632427200000,3147.32000000,3162.82000000,3120.52000000,3152.50000000,47543.06980000
1632441600000,3152.41000000,3158.52000000,3070.18000000,3074.93000000,61115.85520000
1632456000000,3074.93000000,3116.76000000,3038.55000000,3087.82000000,74336.52300000
1632470400000,3087.68000000,3114.00000000,2733.00000000,2827.91000000,412183.17790000
1632484800000,2827.97000000,2942.85000000,2768.62000000,2877.13000000,232350.86800000
1632499200000,2877.08000000,2923.16000000,2862.08000000,2901.78000000,77738.21570000
1632513600000,2901.78000000,2979.99000000,2892.59000000,2928.53000000,74366.24580000
1632528000000,2928.22000000,2955.46000000,2873.33000000,2912.15000000,73355.28530000
1632542400000,2912.16000000,2944.16000000,2882.74000000,2887.38000000,51104.97110000
1632556800000,2887.39000000,2967.52000000,2801.57000000,2913.12000000,138723.47440000
1632571200000,2913.11000000,2945.00000000,2846.00000000,2922.23000000,107287.69890000
1632585600000,2921.98000000,2932.68000000,2852.00000000,2916.77000000,77270.99490000
1632600000000,2916.77000000,2946.14000000,2893.38000000,2921.73000000,44231.59800000
1632614400000,2921.84000000,2931.60000000,2842.21000000,2866.52000000,63817.11630000
1632628800000,2866.69000000,2866.69000000,2738.17000000,2772.77000000,132937.98140000
1632643200000,2773.06000000,3030.00000000,2738.45000000,2974.28000000,246074.02370000
1632657600000,2974.62000000,3056.76000000,2974.62000000,3053.17000000,110522.68140000
1632672000000,3053.36000000,3074.43000000,3028.87000000,3057.62000000,62575.86620000
1632686400000,3057.67000000,3115.51000000,3011.00000000,3059.37000000,87666.80900000
1632700800000,3059.36000000,3164.94000000,3027.30000000,3131.91000000,108147.55750000
1632715200000,3131.91000000,3149.45000000,3074.65000000,3091.29000000,69566.31270000
1632729600000,3091.10000000,3137.80000000,3076.35000000,3092.79000000,70898.38970000
1632744000000,3092.94000000,3126.52000000,3032.00000000,3059.13000000,97919.53900000
1632758400000,3059.49000000,3062.46000000,2982.83000000,2992.96000000,82931.32490000
1632772800000,2993.14000000,3028.17000000,2922.71000000,2925.59000000,80667.60810000
1632787200000,2924.76000000,2960.75000000,2896.21000000,2948.97000000,68298.69660000
1632801600000,2948.96000000,2970.82000000,2883.22000000,2894.34000000,77340.48870000
1632816000000,2894.18000000,2940.74000000,2876.12000000,2926.80000000,88470.14810000
1632830400000,2926.81000000,2959.69000000,2840.53000000,2844.40000000,130549.15380000
1632844800000,2844.40000000,2872.94000000,2803.60000000,2838.71000000,79175.92600000
1632859200000,2839.20000000,2889.20000000,2789.00000000,2804.91000000,67491.05110000
1632873600000,2805.15000000,2900.04000000,2791.08000000,2895.95000000,80471.17780000
1632888000000,2896.01000000,2931.82000000,2889.24000000,2928.33000000,55910.93030000
1632902400000,2927.06000000,2949.51000000,2894.84000000,2933.75000000,54004.36320000
1632916800000,2933.75000000,2950.00000000,2850.00000000,2861.19000000,84435.47920000
1632931200000,2861.20000000,2872.36000000,2803.12000000,2810.16000000,72982.11050000
1632945600000,2810.15000000,2854.00000000,2782.00000000,2850.45000000,63501.02830000
1632960000000,2850.45000000,3035.71000000,2837.19000000,3027.46000000,128442.08100000
1632974400000,3027.45000000,3048.42000000,2995.14000000,3001.59000000,82556.20080000
1632988800000,3001.60000000,3012.00000000,2941.93000000,2963.35000000,83284.45010000
1633003200000,2963.36000000,3031.10000000,2954.23000000,2985.67000000,86453.55110000
1633017600000,2985.67000000,3048.00000000,2964.47000000,2992.23000000,71382.56110000
1633032000000,2992.23000000,3021.46000000,2955.70000000,3000.61000000,54777.91710000
1633046400000,3000.62000000,3041.42000000,2969.07000000,3002.98000000,62010.63990000
1633060800000,3002.98000000,3097.00000000,2990.00000000,3091.46000000,78368.78230000
1633075200000,3091.46000000,3247.88000000,3091.45000000,3235.49000000,207614.29290000
1633089600000,3235.48000000,3278.40000000,3176.42000000,3235.70000000,137790.15040000
1633104000000,3235.70000000,3319.15000000,3223.99000000,3297.65000000,98603.13560000
1633118400000,3297.64000000,3330.00000000,3270.58000000,3309.91000000,64327.61400000
1633132800000,3309.91000000,3344.00000000,3261.89000000,3267.31000000,70492.19780000
1633147200000,3267.03000000,3300.01000000,3257.00000000,3279.90000000,43204.43570000
1633161600000,3279.90000000,3319.00000000,3265.00000000,3296.54000000,40764.89260000
1633176000000,3296.54000000,3398.59000000,3288.87000000,3386.54000000,106357.20400000
1633190400000,3386.55000000,3467.37000000,3370.65000000,3467.35000000,88856.26060000
1633204800000,3467.36000000,3469.00000000,3366.20000000,3387.76000000,72876.19040000
1633219200000,3387.77000000,3424.39000000,3342.51000000,3404.97000000,82837.88310000
1633233600000,3404.96000000,3425.62000000,3388.77000000,3393.07000000,35528.93650000
1633248000000,3393.08000000,3421.95000000,3369.60000000,3413.90000000,42532.20880000
1633262400000,3413.90000000,3446.95000000,3393.36000000,3404.75000000,53188.39090000
1633276800000,3404.75000000,3488.00000000,3400.00000000,3467.43000000,81091.34880000
1633291200000,3467.46000000,3473.44000000,3384.07000000,3417.73000000,65408.12240000
1633305600000,3417.73000000,3426.49000000,3322.95000000,3335.31000000,72796.12470000
1633320000000,3335.31000000,3381.81000000,3322.11000000,3378.24000000,48994.08440000
1633334400000,3378.24000000,3385.36000000,3294.38000000,3313.39000000,61590.94650000
1633348800000,3313.39000000,3425.00000000,3270.00000000,3322.51000000,130330.77630000
1633363200000,3322.46000000,3437.19000000,3310.00000000,3415.84000000,114076.04900000
1633377600000,3415.80000000,3422.67000000,3355.00000000,3386.31000000,57416.66110000
1633392000000,3386.31000000,3417.99000000,3363.78000000,3387.96000000,57513.65650000
1633406400000,3387.96000000,3404.55000000,3365.09000000,3389.00000000,36023.35930000
1633420800000,3389.00000000,3473.89000000,3381.36000000,3445.02000000,90951.77290000
1633435200000,3445.02000000,3468.89000000,3413.48000000,3418.35000000,72010.47600000
1633449600000,3418.67000000,3495.86000000,3407.14000000,3490.55000000,61708.95930000
1633464000000,3490.54000000,3545.00000000,3489.09000000,3515.27000000,75692.65780000
1633478400000,3515.48000000,3538.70000000,3472.72000000,3486.63000000,53829.42850000
1633492800000,3486.63000000,3501.09000000,3439.91000000,3456.12000000,61564.53930000
1633507200000,3456.13000000,3459.34000000,3342.00000000,3381.22000000,115651.13530000
1633521600000,3381.22000000,3632.11000000,3372.59000000,3613.01000000,239042.05630000
1633536000000,3613.01000000,3622.92000000,3560.00000000,3587.58000000,81448.77030000
1633550400000,3587.59000000,3609.25000000,3547.56000000,3574.89000000,66729.61050000
1633564800000,3574.88000000,3575.58000000,3470.80000000,3519.54000000,81798.42020000
1633579200000,3519.54000000,3613.77000000,3504.15000000,3611.40000000,74486.79810000
1633593600000,3611.40000000,3614.69000000,3534.19000000,3575.86000000,81526.71110000
1633608000000,3575.85000000,3642.29000000,3520.00000000,3584.99000000,122723.12880000
1633622400000,3584.80000000,3625.10000000,3555.78000000,3606.18000000,61663.30260000
1633636800000,3605.98000000,3653.98000000,3561.00000000,3587.47000000,63903.99830000
1633651200000,3587.47000000,3618.02000000,3551.51000000,3574.31000000,51897.01100000
1633665600000,3574.30000000,3613.39000000,3547.09000000,3602.70000000,51053.39790000
1633680000000,3602.45000000,3695.00000000,3598.00000000,3610.82000000,99275.25670000
1633694400000,3610.82000000,3659.77000000,3580.00000000,3620.96000000,90902.48420000
1633708800000,3620.95000000,3646.86000000,3605.06000000,3625.25000000,50228.08220000
1633723200000,3625.25000000,3629.35000000,3532.00000000,3563.13000000,60240.91170000
1633737600000,3563.13000000,3589.80000000,3538.07000000,3579.48000000,42006.67350000
1633752000000,3579.48000000,3624.25000000,3569.19000000,3606.30000000,40766.45270000
1633766400000,3606.31000000,3620.00000000,3568.93000000,3596.98000000,68868.74400000
1633780800000,3596.92000000,3635.00000000,3594.12000000,3600.76000000,78635.88600000
1633795200000,3600.75000000,3609.66000000,3575.17000000,3582.54000000,67476.60490000
1633809600000,3582.54000000,3593.06000000,3556.00000000,3574.82000000,64152.39030000
1633824000000,3574.83000000,3585.65000000,3480.00000000,3530.53000000,117667.83360000
1633838400000,3530.52000000,3604.00000000,3500.62000000,3582.18000000,96674.58430000
1633852800000,3582.18000000,3598.41000000,3550.00000000,3563.30000000,81823.36490000
1633867200000,3563.30000000,3579.76000000,3523.48000000,3557.65000000,82729.74300000
1633881600000,3557.66000000,3563.53000000,3503.05000000,3528.50000000,76100.30130000
1633896000000,3528.29000000,3572.17000000,3405.00000000,3414.22000000,125227.80310000
1633910400000,3414.22000000,3522.15000000,3371.00000000,3518.15000000,118392.22830000
1633924800000,3518.15000000,3585.00000000,3502.45000000,3577.07000000,60273.91900000
1633939200000,3577.07000000,3623.80000000,3532.69000000,3558.71000000,115031.30560000
1633953600000,3558.72000000,3607.93000000,3547.90000000,3593.57000000,74006.24070000
1633968000000,3593.58000000,3599.99000000,3514.45000000,3515.00000000,57345.80030000
1633982400000,3515.00000000,3545.84000000,3465.70000000,3542.12000000,68472.38810000
1633996800000,3542.12000000,3543.19000000,3447.32000000,3486.21000000,63354.31510000
1634011200000,3486.22000000,3520.00000000,3454.53000000,3481.59000000,54476.96940000
1634025600000,3481.59000000,3508.31000000,3415.00000000,3456.95000000,66200.92850000
1634040000000,3456.94000000,3547.11000000,3403.21000000,3505.02000000,123610.94810000
1634054400000,3505.02000000,3526.13000000,3460.98000000,3465.67000000,52207.10760000
1634068800000,3465.67000000,3511.96000000,3418.00000000,3491.46000000,49526.92310000
1634083200000,3491.43000000,3532.37000000,3482.69000000,3501.88000000,42270.12290000
1634097600000,3501.87000000,3525.00000000,3426.04000000,3427.76000000,80541.70610000
1634112000000,3428.07000000,3469.87000000,3412.70000000,3468.68000000,58490.20990000
1634126400000,3468.67000000,3513.48000000,3413.00000000,3485.52000000,69514.20630000
1634140800000,3485.53000000,3536.42000000,3480.00000000,3521.23000000,59757.07720000
1634155200000,3521.24000000,3613.00000000,3520.02000000,3607.42000000,82889.79980000
1634169600000,3607.41000000,3655.65000000,3586.04000000,3643.00000000,77998.61170000
1634184000000,3643.00000000,3662.80000000,3613.00000000,3630.01000000,50587.28820000
1634198400000,3630.00000000,3749.33000000,3620.00000000,3735.75000000,97945.58610000
1634212800000,3735.74000000,3819.00000000,3720.04000000,3808.42000000,136487.92030000
1634227200000,3808.41000000,3824.00000000,3752.40000000,3791.77000000,79940.37020000
1634241600000,3791.77000000,3795.00000000,3755.00000000,3790.82000000,38934.37080000
1634256000000,3790.82000000,3839.89000000,3734.10000000,3820.92000000,100002.13800000
1634270400000,3820.93000000,3859.60000000,3795.72000000,3805.05000000,83819.52480000
1634284800000,3805.05000000,3809.17000000,3744.01000000,3778.64000000,83155.89500000
1634299200000,3778.65000000,3833.45000000,3765.11000000,3791.09000000,76315.11570000
1634313600000,3791.09000000,3891.39000000,3788.88000000,3848.90000000,85849.12640000
1634328000000,3848.91000000,3907.77000000,3820.87000000,3868.99000000,75179.93210000
1634342400000,3868.38000000,3872.98000000,3823.04000000,3842.95000000,41231.43420000
1634356800000,3842.95000000,3867.82000000,3832.22000000,3853.72000000,40341.55570000
1634371200000,3853.71000000,3966.00000000,3850.15000000,3956.75000000,118050.64280000
1634385600000,3956.75000000,3971.00000000,3876.06000000,3907.64000000,82393.34580000
1634400000000,3907.64000000,3914.75000000,3832.07000000,3838.99000000,52655.94470000
1634414400000,3839.06000000,3853.32000000,3803.56000000,3829.96000000,39054.93170000
1634428800000,3829.96000000,3888.58000000,3805.12000000,3878.16000000,43736.98050000
1634443200000,3878.11000000,3919.19000000,3854.00000000,3877.48000000,46970.43410000
1634457600000,3877.47000000,3910.00000000,3856.88000000,3858.79000000,37674.64170000
1634472000000,3858.80000000,3875.00000000,3765.96000000,3788.21000000,69265.46970000
1634486400000,3788.21000000,3814.58000000,3755.51000000,3766.35000000,44625.44280000
1634500800000,3766.36000000,3862.92000000,3640.00000000,3846.85000000,126626.01430000
1634515200000,3847.00000000,3893.14000000,3832.00000000,3852.77000000,54779.09110000
1634529600000,3852.96000000,3886.56000000,3834.24000000,3837.52000000,39956.34040000
1634544000000,3837.81000000,3861.60000000,3704.52000000,3745.45000000,101616.69390000
1634558400000,3745.70000000,3821.74000000,3676.00000000,3761.00000000,111743.85640000
1634572800000,3761.00000000,3779.81000000,3695.17000000,3747.72000000,60108.71560000
1634587200000,3747.73000000,3766.78000000,3714.81000000,3744.96000000,33615.27600000
1634601600000,3744.96000000,3847.00000000,3732.00000000,3823.01000000,54200.41660000
1634616000000,3823.01000000,3845.00000000,3768.93000000,3809.51000000,42266.19830000
1634630400000,3809.57000000,3819.38000000,3771.62000000,3798.13000000,37970.22090000
1634644800000,3798.14000000,3860.00000000,3741.55000000,3774.98000000,92950.74460000
1634659200000,3774.99000000,3839.21000000,3774.49000000,3816.48000000,53455.73570000
1634673600000,3816.47000000,3886.89000000,3800.11000000,3877.03000000,60425.05620000
1634688000000,3876.98000000,3901.36000000,3842.00000000,3844.24000000,52922.93060000
1634702400000,3844.24000000,3861.61000000,3828.05000000,3858.27000000,34486.47650000
1634716800000,3858.27000000,3872.91000000,3845.00000000,3861.01000000,33835.87520000
1634731200000,3861.01000000,4081.00000000,3859.18000000,4080.99000000,238734.58261000
1634745600000,4081.00000000,4137.96000000,4053.62000000,4100.93000000,106943.19480000
1634760000000,4100.93000000,4169.00000000,4068.69000000,4161.15000000,70460.03761000
1634774400000,4161.37000000,4241.29000000,4136.13000000,4185.82000000,146688.65351000
1634788800000,4185.82000000,4196.88000000,4120.01000000,4162.55000000,70723.13620000
1634803200000,4162.54000000,4375.00000000,4158.71000000,4211.88000000,209870.41344000
1634817600000,4211.88000000,4276.08000000,4013.13000000,4090.00000000,219407.81550000
1634832000000,4090.00000000,4137.88000000,4043.36000000,4080.55000000,101738.30410000
1634846400000,4080.51000000,4119.49000000,4041.00000000,4052.99000000,50138.23530000
1634860800000,4053.00000000,4162.72000000,4051.31000000,4155.99000000,59824.87190000
1634875200000,4155.99000000,4167.41000000,4103.64000000,4142.15000000,53391.24050000
1634889600000,4142.15000000,4156.30000000,4086.30000000,4125.30000000,52076.93650000
1634904000000,4125.29000000,4144.97000000,3961.11000000,3966.52000000,140745.42010000
1634918400000,3966.53000000,3986.87000000,3888.00000000,3983.47000000,114407.82940000
1634932800000,3983.47000000,3998.18000000,3928.11000000,3972.20000000,42776.24440000
1634947200000,3972.19000000,4036.74000000,3945.04000000,4023.90000000,41895.81280000
1634961600000,4023.91000000,4052.89000000,4000.00000000,4012.84000000,40306.03520000
1634976000000,4012.84000000,4046.43000000,3937.51000000,4039.20000000,65143.98520000
1634990400000,4039.24000000,4097.50000000,4017.18000000,4086.60000000,67468.23930000
1635004800000,4086.61000000,4128.00000000,4065.00000000,4084.06000000,63849.21040000
1635019200000,4084.01000000,4172.00000000,4070.00000000,4167.12000000,47913.67720000
1635033600000,4167.13000000,4186.57000000,4115.19000000,4132.89000000,42961.85760000
1635048000000,4132.88000000,4136.06000000,4076.89000000,4094.13000000,36840.35000000
1635062400000,4094.13000000,4122.31000000,4024.01000000,4026.20000000,60931.44570000
1635076800000,4026.21000000,4074.07000000,3983.75000000,4000.11000000,86885.37830000
1635091200000,4000.11000000,4047.38000000,3961.50000000,4043.03000000,68640.05460000
1635105600000,4043.02000000,4099.98000000,4036.53000000,4082.33000000,53856.75240000
1635120000000,4082.33000000,4144.26000000,4067.71000000,4134.69000000,49238.85500000
1635134400000,4134.68000000,4177.62000000,4113.11000000,4149.33000000,56551.97010000
1635148800000,4149.33000000,4162.12000000,4105.41000000,4126.40000000,56380.56650000
1635163200000,4126.40000000,4213.00000000,4108.00000000,4210.11000000,67741.09040000
1635177600000,4210.11000000,4236.00000000,4170.44000000,4184.47000000,75728.74490000
1635192000000,4184.48000000,4224.80000000,4169.29000000,4220.37000000,41797.42650000
1635206400000,4220.36000000,4257.43000000,4204.03000000,4224.89000000,46422.42590000
1635220800000,4224.89000000,4230.97000000,4175.67000000,4198.76000000,44327.81870000
1635235200000,4198.77000000,4234.11000000,4196.30000000,4213.92000000,41748.28710000
1635249600000,4213.93000000,4222.13000000,4133.35000000,4187.64000000,81133.58190000
1635264000000,4187.64000000,4229.59000000,4138.68000000,4211.68000000,60025.31610000
1635278400000,4211.67000000,4297.00000000,4090.21000000,4131.52000000,140840.73020000
1635292800000,4131.52000000,4225.98000000,4117.48000000,4209.72000000,60249.38510000
1635307200000,4209.72000000,4307.00000000,4134.10000000,4136.34000000,175653.22290000
1635321600000,4136.34000000,4136.66000000,3931.59000000,3992.09000000,222175.11070000
1635336000000,3992.09000000,4039.98000000,3960.31000000,3993.47000000,101349.02190000
1635350400000,3993.65000000,4010.71000000,3938.39000000,3998.46000000,76907.05160000
1635364800000,3998.46000000,4024.42000000,3909.00000000,3922.00000000,68270.45780000
1635379200000,3921.99000000,4022.44000000,3890.17000000,3995.64000000,85976.34100000
1635393600000,3995.65000000,4040.70000000,3981.23000000,4009.86000000,82247.38230000
1635408000000,4009.85000000,4174.34000000,4009.00000000,4151.95000000,125153.82020000
1635422400000,4151.95000000,4205.00000000,4136.06000000,4151.21000000,80731.51680000
1635436800000,4151.21000000,4269.54000000,4115.95000000,4259.04000000,159772.91580000
1635451200000,4259.04000000,4295.00000000,4208.39000000,4286.02000000,92496.52940000
1635465600000,4286.01000000,4405.50000000,4265.97000000,4379.83000000,141304.45476000
1635480000000,4379.84000000,4388.99000000,4289.08000000,4307.56000000,79837.32890000
1635494400000,4308.00000000,4366.34000000,4278.70000000,4320.53000000,81395.73060000
1635508800000,4320.53000000,4449.47000000,4296.64000000,4440.30000000,128112.10738000
1635523200000,4440.77000000,4460.47000000,4344.55000000,4403.97000000,87676.74857000
1635537600000,4403.96000000,4429.61000000,4388.01000000,4418.89000000,40904.70670000
1635552000000,4418.89000000,4434.06000000,4331.00000000,4342.72000000,50679.21330000
1635566400000,4342.73000000,4382.79000000,4328.00000000,4349.72000000,34491.32730000
1635580800000,4349.72000000,4357.85000000,4288.69000000,4333.35000000,55800.77790000
1635595200000,4333.35000000,4349.17000000,4232.20000000,4282.45000000,96799.00480000
1635609600000,4282.44000000,4339.58000000,4266.34000000,4336.63000000,47518.38090000
1635624000000,4336.63000000,4344.29000000,4241.00000000,4322.68000000,54934.36480000
1635638400000,4322.68000000,4399.14000000,4316.09000000,4370.49000000,74351.03430000
1635652800000,4370.49000000,4384.00000000,4299.23000000,4318.16000000,55603.59780000
1635667200000,4317.61000000,4320.00000000,4191.05000000,4207.48000000,97602.10190000
1635681600000,4207.71000000,4233.57000000,4164.35000000,4214.36000000,94539.91850000
1635696000000,4214.35000000,4259.04000000,4191.68000000,4247.82000000,45597.64910000
1635710400000,4247.81000000,4329.46000000,4230.00000000,4287.21000000,45161.98770000
1635724800000,4287.48000000,4325.00000000,4175.00000000,4190.66000000,75921.49350000
1635739200000,4191.50000000,4320.00000000,4146.30000000,4302.93000000,88831.99690000
1635753600000,4302.94000000,4354.33000000,4294.52000000,4315.00000000,74210.59030000
1635768000000,4315.00000000,4386.58000000,4308.25000000,4349.98000000,74035.47200000
1635782400000,4349.97000000,4366.00000000,4264.63000000,4364.28000000,60730.02210000
1635796800000,4364.28000000,4365.78000000,4278.07000000,4319.43000000,43891.13250000
1635811200000,4319.43000000,4349.89000000,4284.43000000,4318.83000000,42735.69390000
1635825600000,4318.82000000,4387.81000000,4315.37000000,4340.81000000,55205.15590000
1635840000000,4340.82000000,4477.46000000,4330.02000000,4413.09000000,112240.86275000
1635854400000,4412.86000000,4519.69000000,4408.92000000,4511.42000000,104213.70904000
1635868800000,4511.43000000,4519.64000000,4473.45000000,4509.00000000,65714.77960000
1635883200000,4508.99000000,4599.60000000,4479.46000000,4589.89000000,88074.59182000
1635897600000,4589.68000000,4639.98000000,4553.30000000,4588.75000000,84358.23167000
1635912000000,4588.75000000,4615.84000000,4508.16000000,4610.62000000,60748.64420000
1635926400000,4610.62000000,4620.45000000,4550.49000000,4577.27000000,53044.43790000
1635940800000,4577.22000000,4579.70000000,4455.00000000,4545.68000000,94956.44250000
1635955200000,4545.67000000,4665.87000000,4500.00000000,4623.46000000,105549.63228000
1635969600000,4623.47000000,4635.00000000,4575.24000000,4603.35000000,50000.96270000
1635984000000,4603.35000000,4606.65000000,4540.00000000,4556.41000000,58458.95680000
1635998400000,4556.41000000,4592.83000000,4513.73000000,4516.16000000,42370.98170000
1636012800000,4516.16000000,4555.75000000,4478.00000000,4509.29000000,74786.72780000
1636027200000,4509.29000000,4580.82000000,4459.21000000,4480.33000000,86241.35620000
1636041600000,4480.33000000,4501.00000000,4420.08000000,4489.83000000,69410.81065000
1636056000000,4489.83000000,4537.00000000,4480.00000000,4532.32000000,36949.42380000
1636070400000,4532.31000000,4555.00000000,4468.23000000,4542.40000000,46362.30110000
1636084800000,4542.39000000,4570.05000000,4516.20000000,4529.35000000,44646.07650000
1636099200000,4529.35000000,4544.71000000,4462.00000000,4473.58000000,65363.54630000
1636113600000,4473.58000000,4534.99000000,4450.72000000,4462.04000000,58930.57260000
1636128000000,4462.04000000,4510.12000000,4457.68000000,4495.00000000,39818.02780000
1636142400000,4495.00000000,4496.58000000,4438.80000000,4474.24000000,50531.20010000
1636156800000,4474.24000000,4511.70000000,4455.88000000,4491.01000000,37661.22600000
1636171200000,4491.01000000,4515.00000000,4457.05000000,4471.72000000,34245.21730000
1636185600000,4471.72000000,4495.67000000,4338.97000000,4369.52000000,85353.77400000
1636200000000,4369.53000000,4409.98000000,4326.17000000,4398.57000000,58965.47790000
1636214400000,4398.57000000,4494.55000000,4382.53000000,4493.73000000,64068.26930000
1636228800000,4493.74000000,4530.00000000,4480.03000000,4518.00000000,41860.13280000
1636243200000,4518.00000000,4571.83000000,4502.37000000,4549.99000000,53745.24770000
1636257600000,4549.99000000,4569.62000000,4537.42000000,4541.50000000,28432.31510000
1636272000000,4541.50000000,4616.44000000,4518.61000000,4592.95000000,57295.84190000
1636286400000,4592.95000000,4626.02000000,4574.04000000,4604.05000000,42115.63650000
1636300800000,4604.04000000,4619.03000000,4587.77000000,4603.36000000,31364.15610000
1636315200000,4603.36000000,4637.98000000,4587.13000000,4612.59000000,30643.39790000
1636329600000,4612.59000000,4737.26000000,4612.00000000,4720.51000000,101597.06238000
1636344000000,4720.51000000,4764.64000000,4708.58000000,4723.29000000,58286.84426000
1636358400000,4723.30000000,4740.83000000,4708.42000000,4730.02000000,52665.70920000
1636372800000,4730.03000000,4777.22000000,4703.83000000,4763.77000000,62167.31995000
1636387200000,4763.78000000,4793.98000000,4748.68000000,4752.00000000,57619.27046000
1636401600000,4752.00000000,4822.97000000,4732.01000000,4807.98000000,58766.11181000
1636416000000,4807.98000000,4815.00000000,4776.37000000,4814.00000000,55905.38150000
1636430400000,4814.00000000,4838.28000000,4775.77000000,4783.96000000,47165.42768000
1636444800000,4783.96000000,4822.97000000,4753.46000000,4774.61000000,48515.81030000
1636459200000,4774.61000000,4833.29000000,4756.84000000,4790.99000000,65573.98750000
1636473600000,4790.98000000,4798.03000000,4713.89000000,4750.62000000,55243.51650000
1636488000000,4750.62000000,4801.67000000,4717.07000000,4732.33000000,38863.45650000
1636502400000,4732.33000000,4758.60000000,4679.98000000,4691.48000000,48787.84110000
1636516800000,4691.48000000,4743.92000000,4677.91000000,4714.60000000,41475.32840000
1636531200000,4714.60000000,4755.00000000,4700.11000000,4729.67000000,41710.63730000
1636545600000,4729.67000000,4868.00000000,4693.62000000,4846.71000000,97372.43773000
1636560000000,4846.94000000,4864.84000000,4695.55000000,4705.37000000,85796.60950000
1636574400000,4705.65000000,4722.00000000,4461.93000000,4628.78000000,238454.13760000
1636588800000,4628.68000000,4651.56000000,4576.47000000,4636.68000000,57621.75140000
1636603200000,4636.69000000,4697.66000000,4621.00000000,4691.34000000,42818.77620000
1636617600000,4691.35000000,4743.09000000,4653.86000000,4721.95000000,56906.23660000
1636632000000,4721.95000000,4760.56000000,4673.84000000,4719.81000000,67893.61690000
1636646400000,4719.82000000,4779.00000000,4714.49000000,4758.98000000,48625.82690000
1636660800000,4758.98000000,4775.64000000,4713.00000000,4719.00000000,29822.76850000
1636675200000,4719.00000000,4809.71000000,4691.00000000,4774.35000000,78634.63470000
1636689600000,4774.36000000,4785.00000000,4692.76000000,4711.39000000,41607.99930000
1636704000000,4711.40000000,4739.28000000,4573.61000000,4600.85000000,112153.15820000
1636718400000,4600.85000000,4633.39000000,4540.00000000,4571.06000000,97498.47770000
1636732800000,4571.07000000,4669.56000000,4507.85000000,4654.21000000,95563.40790000
1636747200000,4654.21000000,4693.05000000,4630.50000000,4665.46000000,36122.36370000
1636761600000,4665.47000000,4707.60000000,4622.14000000,4639.50000000,41826.89480000
1636776000000,4639.50000000,4653.24000000,4611.30000000,4645.55000000,23925.65390000
1636790400000,4645.78000000,4648.83000000,4584.08000000,4609.31000000,29394.96160000
1636804800000,4609.30000000,4698.00000000,4596.89000000,4680.23000000,57483.22620000
1636819200000,4680.24000000,4701.97000000,4620.00000000,4643.80000000,45557.97180000
1636833600000,4643.96000000,4665.39000000,4632.79000000,4644.28000000,22531.95280000
1636848000000,4644.27000000,4696.05000000,4621.81000000,4628.63000000,35263.88220000
1636862400000,4628.63000000,4656.30000000,4593.84000000,4598.40000000,33962.37980000
1636876800000,4598.77000000,4615.74000000,4567.02000000,4612.45000000,35013.63920000
1636891200000,4612.44000000,4634.64000000,4574.97000000,4583.91000000,31681.39830000
1636905600000,4583.91000000,4590.11000000,4514.12000000,4545.01000000,67357.50720000
1636920000000,4545.00000000,4631.75000000,4533.72000000,4626.50000000,42030.26070000
1636934400000,4626.50000000,4735.16000000,4625.99000000,4702.07000000,71822.71250000
1636948800000,4702.07000000,4722.41000000,4677.04000000,4680.25000000,31386.48810000
1636963200000,4680.24000000,4746.10000000,4659.29000000,4723.00000000,55374.94000000
1636977600000,4723.00000000,4772.01000000,4628.82000000,4648.08000000,112030.36600000
1636992000000,4648.08000000,4659.90000000,4566.60000000,4600.54000000,59763.39760000
1637006400000,4600.04000000,4600.04000000,4540.00000000,4563.78000000,45043.75590000
1637020800000,4563.77000000,4563.77000000,4252.78000000,4309.58000000,213867.80150000
1637035200000,4309.59000000,4367.27000000,4265.59000000,4312.11000000,100872.84030000
1637049600000,4312.42000000,4341.53000000,4103.00000000,4292.43000000,191117.98580000
1637064000000,4292.44000000,4345.78000000,4222.40000000,4285.82000000,103157.86170000
1637078400000,4285.82000000,4330.00000000,4230.00000000,4265.03000000,58169.80630000
1637092800000,4265.02000000,4297.51000000,4162.67000000,4209.76000000,68670.76740000
1637107200000,4209.59000000,4242.76000000,4063.48000000,4122.11000000,121662.94740000
1637121600000,4122.18000000,4218.00000000,4077.94000000,4183.67000000,71712.97090000
1637136000000,4183.62000000,4257.68000000,4101.73000000,4252.40000000,103880.81050000
1637150400000,4252.40000000,4262.00000000,4142.66000000,4174.76000000,62614.34730000
1637164800000,4174.77000000,4268.93000000,4147.03000000,4242.52000000,62616.78130000
1637179200000,4242.53000000,4299.91000000,4200.00000000,4287.80000000,50364.32680000
1637193600000,4288.07000000,4344.81000000,4270.27000000,4279.50000000,77895.68970000
1637208000000,4279.49000000,4299.51000000,4225.10000000,4247.99000000,60606.45250000
1637222400000,4248.00000000,4260.82000000,4181.94000000,4189.65000000,62475.32530000
1637236800000,4189.65000000,4235.52000000,4050.01000000,4071.77000000,138383.64930000
1637251200000,4071.76000000,4091.00000000,3960.00000000,4065.41000000,158749.12910000
1637265600000,4065.41000000,4092.60000000,3956.44000000,3996.90000000,78834.93780000
1637280000000,3996.90000000,4104.61000000,3973.01000000,4010.67000000,102007.68500000
1637294400000,4010.63000000,4086.79000000,4006.00000000,4062.04000000,52136.78300000
1637308800000,4062.04000000,4175.00000000,4061.41000000,4141.20000000,80638.23620000
1637323200000,4141.21000000,4238.50000000,4130.39000000,4216.17000000,83532.68890000
1637337600000,4216.72000000,4298.44000000,4207.27000000,4290.07000000,59145.22790000
1637352000000,4290.62000000,4308.97000000,4248.53000000,4294.76000000,42584.46870000
1637366400000,4294.75000000,4332.95000000,4274.49000000,4280.55000000,59445.63790000
1637380800000,4280.54000000,4318.97000000,4262.06000000,4279.99000000,38277.25200000
1637395200000,4279.98000000,4324.70000000,4270.13000000,4317.83000000,35601.60390000
1637409600000,4317.83000000,4334.12000000,4211.38000000,4213.06000000,65274.77260000
1637424000000,4213.05000000,4399.00000000,4199.86000000,4398.39000000,115519.34860000
1637438400000,4398.38000000,4435.88000000,4388.43000000,4412.17000000,51465.96300000
1637452800000,4412.17000000,4415.64000000,4333.85000000,4343.29000000,45959.45510000
1637467200000,4343.29000000,4381.63000000,4326.19000000,4348.13000000,35201.91020000
1637481600000,4348.13000000,4368.60000000,4303.07000000,4319.53000000,50059.90120000
1637496000000,4319.52000000,4385.00000000,4303.69000000,4366.21000000,56785.86420000
1637510400000,4366.41000000,4451.00000000,4334.00000000,4345.99000000,75936.34880000
1637524800000,4345.99000000,4389.00000000,4242.41000000,4258.31000000,76262.84080000
1637539200000,4259.70000000,4266.62000000,4094.73000000,4164.99000000,115844.21880000
1637553600000,4164.99000000,4216.79000000,4124.40000000,4188.17000000,55717.79030000
1637568000000,4188.17000000,4236.01000000,4165.07000000,4171.92000000,45430.20110000
1637582400000,4171.92000000,4320.00000000,4126.91000000,4236.60000000,131686.43120000
1637596800000,4236.59000000,4246.69000000,4051.00000000,4066.39000000,89533.64190000
1637611200000,4066.23000000,4114.96000000,4022.74000000,4085.97000000,80289.05050000
1637625600000,4086.28000000,4192.86000000,4062.61000000,4178.58000000,60105.98820000
1637640000000,4178.68000000,4190.22000000,4088.00000000,4107.09000000,51895.01770000
1637654400000,4107.10000000,4305.00000000,4059.62000000,4135.28000000,118096.33050000
1637668800000,4135.27000000,4329.37000000,4129.64000000,4269.55000000,117882.44770000
1637683200000,4270.20000000,4359.41000000,4269.86000000,4355.86000000,102664.74130000
1637697600000,4355.85000000,4385.59000000,4322.33000000,4339.44000000,52167.26480000
1637712000000,4339.45000000,4373.94000000,4231.28000000,4246.71000000,90956.56100000
1637726400000,4246.72000000,4291.93000000,4216.75000000,4269.37000000,63881.37460000
1637740800000,4269.37000000,4342.27000000,4254.00000000,4292.28000000,68774.07790000
1637755200000,4292.28000000,4310.58000000,4167.65000000,4252.35000000,113517.63200000
1637769600000,4252.35000000,4267.12000000,4198.84000000,4211.88000000,65344.95160000
1637784000000,4212.00000000,4282.19000000,4200.09000000,4269.36000000,46252.43350000
1637798400000,4270.10000000,4336.00000000,4248.27000000,4317.20000000,74096.82270000
1637812800000,4317.21000000,4323.97000000,4263.34000000,4295.39000000,49142.10930000
1637827200000,4295.40000000,4391.98000000,4270.65000000,4386.96000000,83307.66840000
1637841600000,4387.37000000,4500.00000000,4382.39000000,4475.65000000,111758.38910000
1637856000000,4475.65000000,4530.00000000,4459.79000000,4502.04000000,81404.14750000
1637870400000,4502.05000000,4550.00000000,4468.35000000,4524.85000000,46159.10640000
1637884800000,4524.48000000,4551.00000000,4425.27000000,4426.63000000,75548.73530000
1637899200000,4426.62000000,4447.87000000,4313.00000000,4343.45000000,80850.07440000
1637913600000,4343.45000000,4343.45000000,3980.00000000,3985.44000000,310703.41570000
1637928000000,3984.92000000,4126.69000000,3913.00000000,4063.94000000,139072.22320000
1637942400000,4063.95000000,4114.53000000,4023.00000000,4082.94000000,61768.05870000
1637956800000,4082.94000000,4127.78000000,4027.08000000,4041.20000000,52302.65390000
1637971200000,4041.20000000,4149.00000000,4028.34000000,4115.01000000,51616.65790000
1637985600000,4115.01000000,4147.73000000,4087.94000000,4123.82000000,36659.44510000
1638000000000,4123.81000000,4183.66000000,4104.94000000,4111.82000000,59057.07980000
1638014400000,4112.10000000,4160.95000000,4105.48000000,4132.82000000,37498.05950000
1638028800000,4133.08000000,4159.31000000,4112.57000000,4115.25000000,35752.79210000
1638043200000,4115.25000000,4128.88000000,4031.91000000,4095.29000000,54742.48580000
1638057600000,4095.29000000,4096.18000000,3976.75000000,4026.03000000,60550.93900000
1638072000000,4026.04000000,4080.01000000,4005.44000000,4069.31000000,33546.31350000
1638086400000,4069.32000000,4130.78000000,4033.33000000,4096.60000000,36923.53820000
1638100800000,4096.28000000,4116.09000000,4045.53000000,4077.74000000,36011.61410000
1638115200000,4077.74000000,4127.00000000,3964.00000000,4098.90000000,79956.11530000
1638129600000,4099.01000000,4298.51000000,4098.91000000,4294.78000000,99482.83500000
1638144000000,4294.77000000,4375.00000000,4282.07000000,4306.75000000,104398.36380000
1638158400000,4306.76000000,4366.28000000,4305.22000000,4350.74000000,59890.10780000
1638172800000,4350.66000000,4359.51000000,4276.89000000,4296.64000000,52716.13690000
1638187200000,4296.64000000,4390.00000000,4295.00000000,4336.08000000,59450.12670000
1638201600000,4336.07000000,4458.92000000,4328.32000000,4387.04000000,86104.63090000
1638216000000,4386.99000000,4457.27000000,4383.09000000,4444.53000000,44321.86230000
1638230400000,4444.54000000,4502.60000000,4401.01000000,4435.24000000,95429.21510000
1638244800000,4434.97000000,4458.74000000,4346.36000000,4412.82000000,76720.12390000
1638259200000,4412.81000000,4600.55000000,4390.94000000,4590.47000000,123842.15660000
1638273600000,4590.47000000,4753.00000000,4568.06000000,4613.85000000,213070.22250000
1638288000000,4613.85000000,4694.46000000,4520.01000000,4663.23000000,181140.01780000
1638302400000,4663.23000000,4675.00000000,4598.30000000,4630.26000000,52822.73030000
1638316800000,4630.25000000,4769.07000000,4598.77000000,4759.37000000,110086.86660000
1638331200000,4759.37000000,4778.75000000,4683.85000000,4766.69000000,75598.88030000
1638345600000,4766.69000000,4769.51000000,4651.46000000,4672.86000000,92695.88920000
1638360000000,4672.85000000,4761.41000000,4654.39000000,4725.57000000,80999.57340000
1638374400000,4725.58000000,4758.00000000,4596.42000000,4660.58000000,67546.84530000
1638388800000,4659.78000000,4661.99000000,4523.99000000,4582.95000000,81270.25570000
1638403200000,4582.95000000,4621.35000000,4451.00000000,4490.98000000,107995.05250000
1638417600000,4491.02000000,4584.88000000,4484.44000000,4560.11000000,51505.72440000
1638432000000,4560.11000000,4599.42000000,4495.37000000,4531.25000000,65102.80560000
1638446400000,4531.25000000,4634.83000000,4480.00000000,4543.06000000,104548.52810000
1638460800000,4543.05000000,4556.01000000,4433.00000000,4489.24000000,76894.45230000
1638475200000,4488.92000000,4558.11000000,4470.50000000,4511.21000000,45815.39160000
1638489600000,4511.35000000,4547.56000000,4470.00000000,4493.15000000,46448.79150000
1638504000000,4493.00000000,4592.82000000,4490.14000000,4568.57000000,74205.94240000
1638518400000,4568.56000000,4617.67000000,4545.00000000,4612.08000000,48573.67430000
1638532800000,4612.07000000,4654.88000000,4456.41000000,4468.15000000,105691.73770000
1638547200000,4468.14000000,4468.74000000,4182.78000000,4228.81000000,227135.20440000
1638561600000,4228.82000000,4288.11000000,4032.50000000,4215.73000000,175919.51560000
1638576000000,4215.01000000,4238.59000000,4055.00000000,4058.12000000,106713.69240000
1638590400000,4058.12000000,4118.35000000,3503.68000000,3893.51000000,549695.27560000
1638604800000,3893.51000000,3982.13000000,3823.98000000,3866.36000000,150103.29870000
1638619200000,3866.35000000,4070.00000000,3866.35000000,4036.54000000,150084.17830000
1638633600000,4036.55000000,4135.56000000,3975.46000000,4117.36000000,91941.82680000
1638648000000,4117.37000000,4128.56000000,4033.00000000,4117.25000000,63234.87330000
1638662400000,4117.25000000,4179.56000000,4064.20000000,4162.80000000,101434.52960000
1638676800000,4162.81000000,4229.63000000,4139.81000000,4199.52000000,85324.56490000
1638691200000,4199.52000000,4221.70000000,4161.00000000,4194.11000000,67144.84240000
1638705600000,4194.11000000,4248.19000000,4031.39000000,4070.07000000,136119.56010000
1638720000000,4070.07000000,4178.00000000,4063.36000000,4138.41000000,92350.13620000
1638734400000,4138.42000000,4204.27000000,4098.00000000,4196.44000000,53951.80810000
1638748800000,4196.44000000,4202.16000000,4101.00000000,4168.09000000,74989.36870000
1638763200000,4168.09000000,4195.78000000,4014.50000000,4071.98000000,76877.95170000
1638777600000,4071.99000000,4149.20000000,3921.00000000,4044.41000000,213165.44000000
1638792000000,4044.42000000,4128.55000000,3983.18000000,4125.41000000,126542.99040000
1638806400000,4125.41000000,4219.01000000,4096.38000000,4194.29000000,102750.62540000
1638820800000,4194.29000000,4376.15000000,4183.74000000,4347.59000000,132416.58760000
1638835200000,4347.57000000,4386.91000000,4298.59000000,4341.57000000,82969.64300000
1638849600000,4341.56000000,4385.22000000,4330.00000000,4352.90000000,59460.89610000
1638864000000,4352.91000000,4425.00000000,4346.24000000,4408.33000000,79190.42760000
1638878400000,4408.42000000,4417.87000000,4330.59000000,4386.59000000,84010.91490000
1638892800000,4386.59000000,4405.00000000,4280.00000000,4313.19000000,62627.20200000
1638907200000,4313.19000000,4329.80000000,4255.92000000,4306.40000000,52490.66740000
1638921600000,4306.40000000,4347.64000000,4275.06000000,4293.57000000,64830.38050000
1638936000000,4293.57000000,4379.03000000,4293.08000000,4367.31000000,55724.44210000
1638950400000,4367.32000000,4390.00000000,4228.03000000,4267.27000000,86298.49120000
1638964800000,4267.27000000,4450.49000000,4222.95000000,4403.22000000,119098.93410000
1638979200000,4403.22000000,4422.00000000,4360.00000000,4381.37000000,56750.28260000
1638993600000,4381.37000000,4442.00000000,4371.56000000,4436.91000000,46701.40460000
1639008000000,4436.91000000,4488.00000000,4350.80000000,4359.41000000,76434.04200000
1639022400000,4358.85000000,4410.00000000,4339.45000000,4379.22000000,46141.99210000
1639036800000,4379.22000000,4379.22000000,4271.00000000,4304.04000000,71078.47000000
1639051200000,4304.03000000,4323.60000000,4137.91000000,4201.35000000,104557.48670000
1639065600000,4201.36000000,4234.63000000,4100.00000000,4122.46000000,96146.06870000
1639080000000,4122.46000000,4202.76000000,4076.16000000,4105.64000000,67815.65150000
1639094400000,4105.64000000,4199.87000000,4098.00000000,4140.86000000,64424.70690000
1639108800000,4140.78000000,4164.33000000,4021.49000000,4031.01000000,68043.55330000
1639123200000,4031.35000000,4170.53000000,4021.49000000,4156.82000000,60271.93640000
1639137600000,4156.67000000,4231.08000000,3985.00000000,4022.90000000,167491.30370000
1639152000000,4022.91000000,4032.88000000,3929.67000000,4016.56000000,114982.47050000
1639166400000,4016.07000000,4057.75000000,3887.37000000,3897.94000000,88022.59630000
1639180800000,3898.31000000,4041.00000000,3828.22000000,4008.53000000,116167.09980000
1639195200000,4008.53000000,4071.57000000,3929.58000000,3977.79000000,81967.14280000
1639209600000,3978.11000000,4086.90000000,3964.61000000,4013.99000000,97033.51640000
1639224000000,4014.00000000,4063.65000000,3990.04000000,4058.08000000,45200.21190000
1639238400000,4058.01000000,4097.08000000,4000.00000000,4004.01000000,45499.27990000
1639252800000,4002.29000000,4093.00000000,3977.74000000,4089.37000000,41986.18350000
1639267200000,4089.68000000,4097.27000000,4026.95000000,4042.76000000,39407.24250000
1639281600000,4042.76000000,4063.47000000,4006.02000000,4055.90000000,30661.59240000
1639296000000,4055.90000000,4059.95000000,3986.25000000,4036.09000000,37841.82820000
1639310400000,4036.09000000,4060.00000000,4015.58000000,4024.68000000,42569.20990000
1639324800000,4024.67000000,4169.95000000,4015.85000000,4139.31000000,73185.88110000
1639339200000,4139.58000000,4173.63000000,4114.23000000,4130.00000000,36869.76160000
1639353600000,4130.00000000,4142.75000000,3953.89000000,3996.32000000,83850.81350000
1639368000000,3996.32000000,4046.99000000,3972.36000000,3987.07000000,50155.24660000
1639382400000,3987.08000000,4032.00000000,3950.27000000,4011.25000000,39724.29300000
1639396800000,4011.26000000,4021.59000000,3764.12000000,3810.99000000,128122.05990000
1639411200000,3810.99000000,3875.12000000,3671.45000000,3765.80000000,147658.63570000
1639425600000,3765.80000000,3813.26000000,3713.06000000,3781.93000000,83956.18200000
1639440000000,3781.92000000,3833.00000000,3750.00000000,3775.14000000,56218.96170000
1639454400000,3775.13000000,3795.75000000,3685.00000000,3783.29000000,69789.44890000
1639468800000,3783.28000000,3844.70000000,3762.41000000,3839.20000000,70052.09720000
1639483200000,3839.20000000,3865.09000000,3763.01000000,3785.95000000,84528.70600000
1639497600000,3785.95000000,3802.62000000,3723.54000000,3768.74000000,50358.26200000
1639512000000,3768.74000000,3882.74000000,3768.06000000,3858.99000000,64198.27040000
1639526400000,3858.99000000,3896.00000000,3803.20000000,3847.45000000,48281.07240000
1639540800000,3847.45000000,3895.92000000,3824.25000000,3863.68000000,49903.99500000
1639555200000,3863.67000000,3900.00000000,3843.00000000,3851.12000000,47105.37170000
1639569600000,3851.12000000,3871.91000000,3653.41000000,3659.38000000,86428.48640000
1639584000000,3659.38000000,3986.80000000,3643.73000000,3969.54000000,192637.33700000
1639598400000,3969.37000000,4092.22000000,3966.01000000,4019.08000000,117711.79480000
1639612800000,4019.54000000,4058.47000000,4005.89000000,4018.08000000,54921.30360000
1639627200000,4018.09000000,4047.96000000,3978.46000000,4021.68000000,42478.54660000
1639641600000,4021.69000000,4083.26000000,4013.49000000,4069.63000000,49052.21610000
1639656000000,4069.99000000,4113.43000000,4005.95000000,4082.00000000,84094.50740000
1639670400000,4081.30000000,4110.53000000,3980.00000000,3996.82000000,86858.74820000
1639684800000,3996.81000000,4047.90000000,3942.11000000,3958.11000000,51374.70910000
1639699200000,3959.11000000,3994.10000000,3930.00000000,3968.03000000,39856.60150000
1639713600000,3967.73000000,3988.69000000,3852.00000000,3881.54000000,82642.75030000
1639728000000,3881.55000000,3896.10000000,3806.00000000,3834.36000000,62266.30890000
1639742400000,3834.36000000,3850.70000000,3700.00000000,3834.55000000,134409.48300000
1639756800000,3834.55000000,3945.00000000,3827.17000000,3881.30000000,85799.68750000
1639771200000,3881.31000000,3941.37000000,3822.66000000,3875.42000000,58396.09130000
1639785600000,3875.43000000,3906.15000000,3767.01000000,3877.23000000,103734.65020000
1639800000000,3877.24000000,3937.00000000,3840.00000000,3890.43000000,55434.93340000
1639814400000,3890.43000000,3994.68000000,3875.74000000,3958.13000000,73391.44440000
1639828800000,3958.60000000,3983.39000000,3925.70000000,3945.41000000,41803.00280000
1639843200000,3945.41000000,3967.86000000,3907.45000000,3943.20000000,33886.05850000
1639857600000,3943.20000000,3996.93000000,3926.50000000,3959.93000000,31343.16500000
1639872000000,3959.93000000,4032.43000000,3884.89000000,3988.58000000,63366.28300000
1639886400000,3988.58000000,4026.99000000,3965.33000000,3977.00000000,41476.45710000
1639900800000,3976.99000000,3988.50000000,3897.60000000,3925.36000000,62224.63900000
1639915200000,3925.36000000,3998.00000000,3898.21000000,3927.26000000,65097.57720000
1639929600000,3927.25000000,3951.89000000,3884.00000000,3914.06000000,35579.94680000
1639944000000,3914.05000000,3991.00000000,3896.51000000,3924.14000000,38261.41990000
1639958400000,3924.14000000,3983.37000000,3890.00000000,3906.62000000,49525.31460000
1639972800000,3906.62000000,3933.76000000,3807.56000000,3823.97000000,57436.04310000
1639987200000,3823.97000000,3835.00000000,3759.74000000,3813.02000000,52501.42870000
1640001600000,3813.02000000,3848.21000000,3753.00000000,3800.77000000,75513.18260000
1640016000000,3800.77000000,3883.63000000,3792.08000000,3872.19000000,47719.50180000
1640030400000,3872.18000000,3968.23000000,3872.03000000,3944.73000000,84221.00630000
1640044800000,3944.72000000,4024.11000000,3913.21000000,4007.46000000,77046.80770000
1640059200000,4007.48000000,4055.00000000,3989.32000000,4003.21000000,76917.17970000
1640073600000,4003.37000000,4037.73000000,3992.90000000,4025.32000000,48692.75290000
1640088000000,4025.32000000,4063.00000000,3959.66000000,3978.21000000,68264.24340000
1640102400000,3978.60000000,4013.11000000,3972.01000000,4007.87000000,31897.96210000
1640116800000,4007.87000000,4042.77000000,3995.53000000,4014.15000000,38007.40950000
1640131200000,4014.41000000,4074.87000000,3992.03000000,4048.60000000,54029.51730000
1640145600000,4048.60000000,4060.00000000,4030.01000000,4047.24000000,39224.46210000
1640160000000,4047.25000000,4063.07000000,4003.25000000,4022.51000000,41991.51070000
1640174400000,4022.51000000,4031.07000000,3933.40000000,4007.24000000,90475.98650000
1640188800000,4007.18000000,4033.32000000,3955.51000000,3997.50000000,45328.30450000
1640203200000,3997.50000000,4019.70000000,3973.35000000,3979.51000000,32142.02650000
1640217600000,3979.51000000,4005.00000000,3910.10000000,3960.59000000,65308.15260000
1640232000000,3960.60000000,3972.00000000,3901.00000000,3911.60000000,35726.42190000
1640246400000,3911.60000000,3958.81000000,3893.23000000,3934.32000000,46645.45310000
1640260800000,3934.31000000,3965.50000000,3925.01000000,3950.65000000,42037.38630000
1640275200000,3950.64000000,4150.00000000,3945.58000000,4133.64000000,137226.71220000
1640289600000,4133.64000000,4142.75000000,4085.22000000,4111.41000000,53263.69050000
1640304000000,4111.41000000,4129.00000000,4074.00000000,4092.03000000,46336.20340000
1640318400000,4092.02000000,4098.93000000,4060.94000000,4088.67000000,24655.36080000
1640332800000,4088.35000000,4118.05000000,4070.40000000,4079.00000000,33024.34360000
1640347200000,4079.00000000,4113.50000000,4048.22000000,4094.23000000,41144.58070000
1640361600000,4094.23000000,4134.84000000,4071.00000000,4078.29000000,39549.72620000
1640376000000,4078.28000000,4080.21000000,4017.17000000,4046.36000000,46031.59250000
1640390400000,4046.35000000,4075.86000000,4018.62000000,4038.69000000,32360.47930000
1640404800000,4038.70000000,4062.93000000,4019.02000000,4052.91000000,28103.51980000
1640419200000,4052.91000000,4062.78000000,4021.94000000,4051.59000000,24362.65740000
1640433600000,4051.74000000,4104.08000000,4049.84000000,4079.04000000,37555.59510000
1640448000000,4079.04000000,4100.00000000,4037.00000000,4076.89000000,43967.37900000
1640462400000,4076.91000000,4137.91000000,4073.73000000,4094.83000000,41777.24990000
1640476800000,4094.36000000,4102.44000000,4005.78000000,4013.21000000,46470.28580000
1640491200000,4013.39000000,4040.02000000,4000.00000000,4037.27000000,27073.20550000
1640505600000,4037.28000000,4060.01000000,4012.00000000,4033.01000000,31658.67080000
1640520000000,4033.20000000,4068.00000000,4021.39000000,4053.85000000,29686.22930000
1640534400000,4053.84000000,4081.00000000,4048.23000000,4076.10000000,20674.56870000
1640548800000,4076.11000000,4105.00000000,4042.69000000,4063.56000000,33746.29490000
1640563200000,4063.57000000,4087.56000000,4047.37000000,4080.09000000,31512.07330000
1640577600000,4080.10000000,4080.45000000,4048.00000000,4051.01000000,29155.02890000
1640592000000,4051.02000000,4065.97000000,4031.80000000,4060.22000000,29702.27500000
1640606400000,4060.23000000,4115.00000000,4043.42000000,4092.73000000,52697.92120000
1640620800000,4092.74000000,4127.46000000,4074.96000000,4077.78000000,41908.78470000
1640635200000,4077.78000000,4092.96000000,4031.00000000,4037.23000000,37226.05520000
1640649600000,4037.22000000,4037.23000000,3931.17000000,3960.70000000,73627.79410000
1640664000000,3960.71000000,3960.71000000,3877.00000000,3917.00000000,56536.59690000
1640678400000,3917.01000000,3933.98000000,3883.00000000,3920.90000000,48033.46000000
1640692800000,3920.89000000,3932.28000000,3850.14000000,3897.90000000,53723.45940000
1640707200000,3897.91000000,3902.17000000,3759.36000000,3807.96000000,90483.44190000
1640721600000,3807.96000000,3844.44000000,3790.00000000,3792.75000000,35659.96400000
1640736000000,3792.75000000,3827.78000000,3785.00000000,3816.15000000,35564.33320000
1640750400000,3816.15000000,3821.77000000,3786.52000000,3796.39000000,30144.60250000
1640764800000,3796.39000000,3825.50000000,3767.00000000,3790.96000000,39606.39020000
1640779200000,3790.90000000,3802.70000000,3696.65000000,3795.05000000,92290.01260000
1640793600000,3795.05000000,3799.32000000,3712.84000000,3725.68000000,34451.68240000
1640808000000,3725.69000000,3768.51000000,3604.20000000,3630.19000000,70696.61660000
1640822400000,3630.18000000,3670.67000000,3585.00000000,3649.41000000,61510.69650000
1640836800000,3649.40000000,3719.71000000,3646.30000000,3709.01000000,40305.81330000
1640851200000,3709.00000000,3747.57000000,3678.79000000,3737.68000000,40056.74940000
1640865600000,3737.68000000,3750.00000000,3701.03000000,3708.74000000,42020.15460000
1640880000000,3709.13000000,3769.10000000,3705.39000000,3751.06000000,34958.37620000
1640894400000,3751.06000000,3760.00000000,3681.33000000,3709.27000000,30411.94050000
1640908800000,3709.27000000,3747.44000000,3684.04000000,3742.78000000,35551.20600000
1640923200000,3742.77000000,3761.50000000,3687.00000000,3721.88000000,31759.07670000
1640937600000,3721.88000000,3815.00000000,3714.00000000,3780.92000000,69256.28900000
1640952000000,3780.92000000,3813.14000000,3773.44000000,3784.64000000,37346.22050000
1640966400000,3784.64000000,3788.45000000,3623.00000000,3626.27000000,54604.90270000
1640980800000,3626.21000000,3712.50000000,3622.29000000,3676.23000000,39496.59930000
1640995200000,3676.22000000,3748.45000000,3676.22000000,3723.96000000,26592.76930000
1641009600000,3723.96000000,3765.27000000,3701.00000000,3715.31000000,27251.14010000
1641024000000,3715.32000000,3733.84000000,3673.46000000,3693.37000000,23727.99490000
1641038400000,3693.38000000,3745.36000000,3691.88000000,3725.30000000,27056.80640000
1641052800000,3725.29000000,3766.00000000,3718.71000000,3747.61000000,27250.41990000
1641067200000,3747.60000000,3776.45000000,3740.00000000,3765.54000000,22264.76620000
1641081600000,3765.54000000,3771.00000000,3741.80000000,3758.55000000,18383.53110000
1641096000000,3758.13000000,3761.92000000,3717.30000000,3747.22000000,19265.86800000
1641110400000,3747.22000000,3770.00000000,3732.39000000,3744.01000000,16876.84200000
1641124800000,3744.06000000,3790.38000000,3730.33000000,3778.17000000,24828.14980000
1641139200000,3778.17000000,3857.44000000,3771.91000000,3798.72000000,54477.91690000
1641153600000,3799.00000000,3840.02000000,3794.24000000,3828.27000000,20959.11850000
1641168000000,3828.11000000,3828.79000000,3775.70000000,3785.00000000,31303.86310000
1641182400000,3785.24000000,3822.99000000,3780.30000000,3808.88000000,25284.96700000
1641196800000,3808.88000000,3845.00000000,3789.66000000,3834.61000000,33876.14950000
1641211200000,3834.61000000,3853.09000000,3777.00000000,3784.04000000,45884.80920000
1641225600000,3784.04000000,3795.00000000,3735.20000000,3738.40000000,41527.36820000
1641240000000,3738.39000000,3778.67000000,3680.00000000,3765.89000000,58368.70160000
1641254400000,3765.89000000,3774.36000000,3713.11000000,3744.23000000,31746.50420000
1641268800000,3744.04000000,3764.53000000,3726.60000000,3763.87000000,23326.70650000
1641283200000,3763.88000000,3840.00000000,3757.58000000,3836.19000000,56266.28920000
1641297600000,3836.19000000,3900.73000000,3815.06000000,3849.52000000,70762.94940000
1641312000000,3849.51000000,3865.64000000,3758.40000000,3812.31000000,72941.02700000
1641326400000,3812.05000000,3832.51000000,3783.89000000,3785.11000000,33215.07860000
1641340800000,3785.10000000,3826.05000000,3766.00000000,3809.45000000,28599.39670000
1641355200000,3809.44000000,3822.89000000,3797.49000000,3815.74000000,20741.08300000
1641369600000,3815.73000000,3848.00000000,3781.42000000,3791.69000000,36435.10130000
1641384000000,3791.69000000,3833.00000000,3761.44000000,3820.97000000,46181.36800000
1641398400000,3820.97000000,3823.33000000,3645.60000000,3655.30000000,91109.24900000
1641412800000,3655.29000000,3666.14000000,3415.00000000,3540.63000000,174875.83830000
1641427200000,3539.82000000,3550.43000000,3445.75000000,3448.83000000,84114.40640000
1641441600000,3448.83000000,3480.42000000,3406.24000000,3453.12000000,95682.85490000
1641456000000,3453.04000000,3456.05000000,3300.00000000,3349.49000000,134482.58450000
1641470400000,3349.49000000,3426.00000000,3318.00000000,3397.01000000,88961.66320000
1641484800000,3397.01000000,3461.33000000,3382.11000000,3447.29000000,61229.44410000
1641499200000,3447.28000000,3458.73000000,3405.74000000,3406.81000000,32274.78820000
1641513600000,3406.81000000,3416.76000000,3227.82000000,3238.74000000,98869.04970000
1641528000000,3238.74000000,3251.42000000,3113.25000000,3202.25000000,182082.16870000
1641542400000,3201.75000000,3289.00000000,3188.01000000,3225.68000000,90340.77230000
1641556800000,3225.86000000,3268.79000000,3064.42000000,3131.69000000,163786.62340000
1641571200000,3131.69000000,3222.69000000,3091.00000000,3197.32000000,93458.94220000
1641585600000,3197.33000000,3225.24000000,3165.17000000,3199.24000000,41094.16990000
1641600000000,3198.68000000,3246.70000000,3181.00000000,3203.50000000,41016.56300000
1641614400000,3203.77000000,3230.01000000,3191.50000000,3216.13000000,35052.48630000
1641628800000,3216.14000000,3250.00000000,3198.64000000,3219.95000000,47637.13420000
1641643200000,3219.96000000,3230.33000000,3147.09000000,3160.72000000,51005.60130000
1641657600000,3160.33000000,3180.00000000,3000.00000000,3028.75000000,151772.32310000
1641672000000,3028.75000000,3133.56000000,3003.30000000,3080.95000000,74207.99820000
1641686400000,3080.98000000,3146.25000000,3057.35000000,3120.57000000,57736.12820000
1641700800000,3120.56000000,3147.53000000,3116.38000000,3127.51000000,29104.94680000
1641715200000,3127.51000000,3140.00000000,3084.81000000,3128.42000000,45132.74570000
1641729600000,3128.42000000,3135.00000000,3072.71000000,3098.05000000,41899.31280000
1641744000000,3098.06000000,3209.64000000,3092.34000000,3203.91000000,67564.00800000
1641758400000,3204.11000000,3211.72000000,3143.84000000,3151.97000000,34437.02280000
1641772800000,3151.97000000,3171.25000000,3128.11000000,3155.04000000,34457.66780000
1641787200000,3155.04000000,3185.00000000,3152.00000000,3163.24000000,37150.89920000
1641801600000,3163.24000000,3169.91000000,3094.39000000,3104.50000000,53386.36690000
1641816000000,3104.42000000,3110.94000000,2928.83000000,3006.26000000,229791.23700000
1641830400000,3006.27000000,3095.00000000,2970.68000000,3029.75000000,130708.94060000
1641844800000,3029.75000000,3096.15000000,3019.17000000,3082.68000000,44323.27510000
1641859200000,3082.87000000,3128.50000000,3051.80000000,3120.20000000,45638.91110000
1641873600000,3119.79000000,3137.01000000,3097.57000000,3129.59000000,31768.86370000
1641888000000,3129.59000000,3146.98000000,3088.00000000,3110.93000000,53502.80760000
1641902400000,3110.92000000,3158.56000000,3075.48000000,3133.56000000,65918.73390000
1641916800000,3133.55000000,3263.54000000,3130.00000000,3237.18000000,137059.46950000
1641931200000,3237.17000000,3249.06000000,3223.22000000,3239.72000000,28557.92290000
1641945600000,3239.73000000,3259.99000000,3217.52000000,3234.52000000,37172.05490000
1641960000000,3234.51000000,3260.89000000,3206.20000000,3217.52000000,45127.45290000
1641974400000,3217.53000000,3295.96000000,3215.78000000,3272.51000000,64712.11080000
1641988800000,3272.50000000,3388.02000000,3268.25000000,3361.76000000,134728.01770000
1642003200000,3361.75000000,3392.94000000,3336.34000000,3382.02000000,50746.51630000
1642017600000,3382.01000000,3411.43000000,3355.51000000,3371.26000000,37979.64890000
1642032000000,3371.60000000,3384.56000000,3310.00000000,3338.04000000,43018.48990000
1642046400000,3338.03000000,3352.67000000,3324.10000000,3339.99000000,31671.68370000
1642060800000,3339.99000000,3379.00000000,3328.86000000,3333.99000000,42080.28600000
1642075200000,3334.00000000,3410.00000000,3272.59000000,3301.43000000,106627.91280000
1642089600000,3301.42000000,3318.97000000,3247.52000000,3271.50000000,69821.56550000
1642104000000,3271.49000000,3278.73000000,3233.43000000,3240.61000000,43014.94200000
1642118400000,3240.61000000,3275.48000000,3222.22000000,3266.43000000,35148.57650000
1642132800000,3266.43000000,3312.39000000,3263.93000000,3268.97000000,41453.73170000
1642147200000,3268.96000000,3274.38000000,3193.34000000,3202.51000000,58649.33170000
1642161600000,3202.51000000,3299.69000000,3188.00000000,3278.00000000,74726.23820000
1642176000000,3278.16000000,3327.00000000,3258.18000000,3307.55000000,42306.39700000
1642190400000,3308.01000000,3342.79000000,3293.13000000,3307.42000000,33042.07540000
1642204800000,3307.42000000,3325.68000000,3295.14000000,3307.49000000,27181.99530000
1642219200000,3307.48000000,3320.50000000,3293.31000000,3313.52000000,22470.41850000
1642233600000,3313.53000000,3338.93000000,3310.00000000,3318.54000000,24284.79360000
1642248000000,3318.54000000,3369.94000000,3261.00000000,3361.97000000,75631.83120000
1642262400000,3361.97000000,3371.64000000,3339.32000000,3349.35000000,28685.31050000
1642276800000,3349.35000000,3370.24000000,3323.85000000,3326.04000000,24846.02870000
1642291200000,3326.51000000,3337.13000000,3295.14000000,3313.61000000,25452.52240000
1642305600000,3313.61000000,3340.04000000,3303.66000000,3331.75000000,24632.32740000
1642320000000,3332.00000000,3337.74000000,3285.49000000,3312.01000000,36056.92780000
1642334400000,3312.14000000,3362.58000000,3269.62000000,3353.50000000,63071.90940000
1642348800000,3353.49000000,3393.60000000,3312.79000000,3320.97000000,41561.46630000
1642363200000,3320.97000000,3362.26000000,3310.42000000,3346.88000000,20007.07440000
1642377600000,3346.89000000,3357.57000000,3256.01000000,3258.22000000,53176.16990000
1642392000000,3258.22000000,3299.95000000,3237.16000000,3270.70000000,48883.37460000
1642406400000,3270.71000000,3281.70000000,3251.00000000,3255.94000000,33598.82010000
1642420800000,3255.94000000,3280.60000000,3221.00000000,3236.65000000,45912.29200000
1642435200000,3236.65000000,3246.76000000,3180.13000000,3218.96000000,55796.83010000
1642449600000,3218.79000000,3224.24000000,3141.10000000,3209.67000000,46696.16810000
1642464000000,3209.68000000,3243.87000000,3175.03000000,3182.33000000,39948.27530000
1642478400000,3182.32000000,3208.00000000,3163.17000000,3187.81000000,32002.76490000
1642492800000,3187.80000000,3191.61000000,3128.39000000,3171.21000000,55344.69920000
1642507200000,3171.22000000,3181.17000000,3100.18000000,3116.54000000,74339.43090000
1642521600000,3116.54000000,3140.25000000,3082.00000000,3127.67000000,53498.86100000
1642536000000,3127.68000000,3193.00000000,3100.28000000,3159.85000000,44000.24150000
1642550400000,3159.85000000,3174.87000000,3088.00000000,3099.38000000,51315.94310000
1642564800000,3099.39000000,3114.49000000,3046.82000000,3062.00000000,53071.23680000
1642579200000,3062.00000000,3130.33000000,3000.00000000,3117.28000000,78622.61280000
1642593600000,3117.15000000,3161.85000000,3110.57000000,3122.68000000,60961.63230000
1642608000000,3122.69000000,3158.78000000,3082.81000000,3128.17000000,54605.48420000
1642622400000,3128.18000000,3138.64000000,3081.86000000,3084.02000000,34419.66110000
1642636800000,3084.02000000,3131.17000000,3083.00000000,3125.14000000,28682.91410000
1642651200000,3125.13000000,3153.80000000,3112.90000000,3138.91000000,29171.01710000
1642665600000,3138.79000000,3155.00000000,3116.68000000,3151.86000000,31046.54460000
1642680000000,3151.86000000,3270.52000000,3127.59000000,3261.42000000,90694.43310000
1642694400000,3261.41000000,3273.37000000,3203.77000000,3215.28000000,47401.17940000
1642708800000,3215.28000000,3219.29000000,2987.15000000,3001.48000000,130600.61790000
1642723200000,3001.48000000,3034.12000000,2810.02000000,2837.22000000,203402.81890000
1642737600000,2837.21000000,2897.07000000,2833.19000000,2882.65000000,100123.39400000
1642752000000,2882.66000000,2900.00000000,2834.44000000,2848.17000000,80615.37260000
1642766400000,2848.18000000,2854.68000000,2730.39000000,2830.90000000,188947.25610000
1642780800000,2830.46000000,2861.58000000,2738.17000000,2741.92000000,99726.46790000
1642795200000,2741.91000000,2764.82000000,2403.00000000,2568.15000000,349206.39074000
1642809600000,2567.47000000,2626.00000000,2540.00000000,2567.26000000,138044.18030000
1642824000000,2567.69000000,2577.01000000,2423.66000000,2464.10000000,184518.73640000
1642838400000,2464.03000000,2504.84000000,2300.00000000,2431.07000000,311631.47123000
1642852800000,2431.07000000,2521.84000000,2381.00000000,2387.00000000,168409.14910000
1642867200000,2387.00000000,2464.84000000,2320.00000000,2337.35000000,169723.71880000
1642881600000,2337.65000000,2472.01000000,2320.00000000,2412.18000000,109030.29310000
1642896000000,2412.18000000,2463.87000000,2385.90000000,2416.68000000,69943.33310000
1642910400000,2416.68000000,2502.32000000,2407.08000000,2487.83000000,106708.73010000
1642924800000,2487.84000000,2556.78000000,2477.00000000,2498.26000000,118975.24310000
1642939200000,2498.26000000,2518.27000000,2405.01000000,2432.49000000,95571.95060000
1642953600000,2432.49000000,2454.44000000,2375.82000000,2384.01000000,68448.17660000
1642968000000,2384.01000000,2547.65000000,2370.80000000,2539.01000000,120850.32780000
1642982400000,2539.00000000,2539.75000000,2431.80000000,2459.69000000,82992.10450000
1642996800000,2459.69000000,2471.38000000,2380.48000000,2386.65000000,58766.07060000
1643011200000,2386.65000000,2446.20000000,2200.90000000,2238.36000000,288094.33409000
1643025600000,2238.36000000,2286.24000000,2159.00000000,2274.99000000,341314.49910000
1643040000000,2274.55000000,2406.73000000,2212.30000000,2378.92000000,251502.37270000
1643054400000,2378.92000000,2480.58000000,2368.28000000,2439.29000000,100465.32290000
1643068800000,2439.56000000,2442.90000000,2377.60000000,2415.76000000,63630.79960000
1643083200000,2415.76000000,2421.96000000,2348.96000000,2383.35000000,54009.28460000
1643097600000,2383.35000000,2453.06000000,2373.56000000,2424.33000000,88550.99810000
1643112000000,2424.32000000,2469.12000000,2365.23000000,2419.34000000,147064.49640000
1643126400000,2419.03000000,2506.55000000,2412.51000000,2466.28000000,94992.90600000
1643140800000,2466.28000000,2471.46000000,2404.51000000,2458.83000000,61904.46930000
1643155200000,2459.04000000,2484.76000000,2414.71000000,2476.26000000,56940.21810000
1643169600000,2476.26000000,2500.00000000,2444.49000000,2461.46000000,55882.22390000
1643184000000,2461.17000000,2548.20000000,2460.37000000,2546.58000000,87523.28370000
1643198400000,2546.58000000,2668.58000000,2524.40000000,2605.44000000,192482.63529000
1643212800000,2605.44000000,2722.00000000,2560.00000000,2573.83000000,232020.71380000
1643227200000,2573.84000000,2573.84000000,2402.03000000,2462.99000000,181592.54810000
1643241600000,2463.00000000,2495.25000000,2354.02000000,2364.87000000,135651.74750000
1643256000000,2364.87000000,2419.63000000,2360.75000000,2403.78000000,64172.81880000
1643270400000,2403.78000000,2459.01000000,2385.19000000,2456.66000000,69239.53830000
1643284800000,2456.67000000,2521.00000000,2442.42000000,2479.84000000,100104.52770000
1643299200000,2479.60000000,2496.25000000,2390.50000000,2394.90000000,87427.10950000
1643313600000,2394.90000000,2431.23000000,2316.43000000,2424.25000000,142885.97410000
1643328000000,2424.02000000,2455.00000000,2360.00000000,2446.92000000,81391.24000000
1643342400000,2446.91000000,2474.09000000,2390.00000000,2390.30000000,69083.78540000
1643356800000,2390.31000000,2420.99000000,2371.87000000,2396.84000000,65439.24710000
1643371200000,2396.84000000,2448.60000000,2357.88000000,2442.94000000,111047.40770000
1643385600000,2442.94000000,2492.26000000,2425.51000000,2461.74000000,76347.33620000
1643400000000,2461.74000000,2558.98000000,2459.44000000,2544.99000000,81840.79010000
1643414400000,2544.99000000,2585.89000000,2520.01000000,2541.48000000,59693.88660000
1643428800000,2541.48000000,2570.00000000,2522.65000000,2567.94000000,62503.01360000
1643443200000,2567.94000000,2578.62000000,2535.00000000,2554.84000000,38563.48480000
1643457600000,2554.83000000,2607.69000000,2523.65000000,2543.36000000,104068.69850000
1643472000000,2543.68000000,2605.55000000,2527.01000000,2589.99000000,47441.48760000
1643486400000,2589.99000000,2636.66000000,2580.25000000,2601.43000000,64396.25350000
1643500800000,2601.43000000,2614.97000000,2563.49000000,2570.48000000,44801.72250000
1643515200000,2570.48000000,2632.40000000,2568.00000000,2618.89000000,52402.51980000
1643529600000,2618.89000000,2640.00000000,2597.30000000,2626.24000000,35595.54590000
1643544000000,2626.24000000,2639.00000000,2585.58000000,2617.20000000,44431.92670000
1643558400000,2617.19000000,2624.66000000,2552.95000000,2560.25000000,42945.55360000
1643572800000,2560.25000000,2632.60000000,2542.50000000,2601.68000000,70592.81740000
1643587200000,2601.67000000,2608.48000000,2490.75000000,2512.07000000,100103.86060000
1643601600000,2512.07000000,2529.54000000,2476.07000000,2529.07000000,38461.91550000
1643616000000,2529.07000000,2569.75000000,2518.45000000,2558.01000000,43930.58620000
1643630400000,2558.00000000,2635.00000000,2520.00000000,2620.66000000,88049.15610000
1643644800000,2620.66000000,2706.77000000,2613.35000000,2672.72000000,120641.95050000
1643659200000,2672.50000000,2705.84000000,2662.51000000,2686.94000000,53397.38210000
1643673600000,2686.94000000,2757.90000000,2673.52000000,2751.62000000,68492.66632000
1643688000000,2751.63000000,2767.31000000,2718.22000000,2736.69000000,45243.85150000
1643702400000,2736.69000000,2796.79000000,2719.00000000,2761.32000000,82354.48390000
1643716800000,2761.31000000,2811.26000000,2732.05000000,2768.54000000,99189.54140000
1643731200000,2768.14000000,2813.00000000,2750.44000000,2751.02000000,60826.61300000
1643745600000,2751.03000000,2804.02000000,2750.42000000,2787.23000000,33927.11750000
1643760000000,2787.48000000,2803.53000000,2741.67000000,2781.05000000,46737.21050000
1643774400000,2781.05000000,2781.43000000,2741.05000000,2749.36000000,40480.24190000
1643788800000,2749.35000000,2777.71000000,2740.00000000,2766.89000000,31003.41060000
1643803200000,2766.90000000,2810.88000000,2652.92000000,2663.90000000,133187.31620000
1643817600000,2663.90000000,2719.92000000,2638.00000000,2707.21000000,82544.59820000
1643832000000,2707.26000000,2735.00000000,2612.72000000,2680.67000000,113899.34540000
1643846400000,2680.25000000,2726.64000000,2651.56000000,2657.65000000,65217.38930000
1643860800000,2657.65000000,2677.58000000,2638.00000000,2671.40000000,53763.76970000
1643875200000,2671.35000000,2685.00000000,2582.75000000,2621.91000000,76771.15450000
1643889600000,2622.00000000,2648.40000000,2576.05000000,2640.01000000,91852.47600000
1643904000000,2640.00000000,2659.87000000,2590.66000000,2598.11000000,52352.31000000
1643918400000,2598.11000000,2699.00000000,2576.31000000,2695.46000000,65086.29360000
1643932800000,2695.21000000,2698.43000000,2671.40000000,2682.99000000,41240.36560000
1643947200000,2682.99000000,2808.54000000,2675.48000000,2804.55000000,127324.07000000
1643961600000,2804.52000000,2870.00000000,2803.94000000,2828.17000000,108845.68600000
1643976000000,2828.33000000,2928.00000000,2762.45000000,2871.78000000,194620.54550000
1643990400000,2871.79000000,2968.86000000,2867.84000000,2958.75000000,126983.32160000
1644004800000,2958.75000000,2995.00000000,2930.17000000,2994.99000000,64988.94410000
1644019200000,2994.99000000,3017.02000000,2958.01000000,2997.74000000,74486.02620000
1644033600000,2997.75000000,3037.90000000,2987.69000000,3001.43000000,63785.42430000
1644048000000,3001.43000000,3035.69000000,2988.07000000,3011.72000000,47467.10580000
1644062400000,3011.72000000,3060.47000000,2998.05000000,3051.33000000,70988.49590000
1644076800000,3051.33000000,3055.85000000,2961.00000000,3011.00000000,73311.16260000
1644091200000,3011.00000000,3036.78000000,2993.36000000,3012.65000000,26765.09230000
1644105600000,3012.64000000,3033.84000000,3008.58000000,3008.60000000,23732.32460000
1644120000000,3008.59000000,3022.07000000,2988.70000000,3010.56000000,29287.15990000
1644134400000,3010.56000000,3022.52000000,2998.05000000,3006.40000000,25619.56290000
1644148800000,3006.39000000,3047.00000000,2950.21000000,2991.65000000,87507.13170000
1644163200000,2991.66000000,3009.98000000,2978.23000000,3001.39000000,31010.37230000
1644177600000,3001.40000000,3074.56000000,2975.39000000,3054.99000000,52238.04520000
1644192000000,3055.00000000,3075.00000000,2991.80000000,3068.82000000,74840.22700000
1644206400000,3068.82000000,3110.44000000,3055.34000000,3079.48000000,77490.90950000
1644220800000,3079.48000000,3085.82000000,3049.01000000,3067.24000000,53503.53560000
1644235200000,3067.24000000,3127.85000000,3054.09000000,3123.15000000,90836.76020000
1644249600000,3123.16000000,3186.00000000,3107.00000000,3166.64000000,101547.12100000
1644264000000,3166.65000000,3184.64000000,3129.53000000,3139.77000000,56851.69960000
1644278400000,3139.77000000,3157.40000000,3112.00000000,3146.45000000,57427.30720000
1644292800000,3146.46000000,3232.87000000,3142.35000000,3174.11000000,110663.59020000
1644307200000,3174.11000000,3178.66000000,3073.57000000,3105.20000000,113464.80900000
1644321600000,3105.19000000,3105.20000000,3029.20000000,3076.19000000,97760.20900000
1644336000000,3076.18000000,3084.98000000,3025.21000000,3051.60000000,69953.60500000
1644350400000,3051.61000000,3138.00000000,3046.31000000,3116.69000000,65504.06330000
1644364800000,3116.69000000,3132.00000000,3060.41000000,3076.52000000,50251.70890000
1644379200000,3076.52000000,3112.61000000,3055.00000000,3105.93000000,41328.14800000
1644393600000,3105.93000000,3158.37000000,3069.00000000,3152.89000000,63183.93530000
1644408000000,3152.89000000,3216.99000000,3140.00000000,3178.45000000,90666.56180000
1644422400000,3178.44000000,3258.00000000,3163.02000000,3246.94000000,74860.45290000
1644436800000,3246.94000000,3269.70000000,3230.83000000,3243.94000000,49977.08440000
1644451200000,3243.60000000,3248.98000000,3170.87000000,3179.60000000,49659.47310000
1644465600000,3179.59000000,3197.12000000,3156.45000000,3189.90000000,47518.88830000
1644480000000,3189.90000000,3283.66000000,3183.62000000,3248.05000000,84462.28000000
1644494400000,3248.05000000,3264.85000000,3085.50000000,3209.91000000,217178.41930000
1644508800000,3209.90000000,3247.90000000,3112.42000000,3121.07000000,106648.30620000
1644523200000,3121.08000000,3140.82000000,3056.74000000,3072.49000000,72745.47140000
1644537600000,3072.36000000,3096.80000000,3001.00000000,3081.08000000,82881.75760000
1644552000000,3080.97000000,3105.39000000,3040.34000000,3098.34000000,51334.45060000
1644566400000,3098.25000000,3115.98000000,3062.56000000,3088.30000000,53992.99530000
1644580800000,3088.30000000,3138.62000000,3079.16000000,3102.93000000,71406.72730000
1644595200000,3102.92000000,3113.33000000,2967.00000000,2992.89000000,103499.54380000
1644609600000,2992.90000000,3001.65000000,2879.00000000,2927.54000000,98910.40050000
1644624000000,2927.54000000,2959.65000000,2910.33000000,2934.20000000,45748.44730000
1644638400000,2934.20000000,2948.89000000,2880.01000000,2918.93000000,46437.50430000
1644652800000,2918.92000000,2943.01000000,2871.61000000,2931.09000000,49167.72980000
1644667200000,2931.08000000,2937.79000000,2858.30000000,2880.40000000,64466.55290000
1644681600000,2880.09000000,2978.32000000,2864.57000000,2952.51000000,66300.79200000
1644696000000,2952.50000000,2985.98000000,2866.06000000,2918.88000000,64129.28680000
1644710400000,2918.58000000,2946.66000000,2897.69000000,2918.72000000,27612.64070000
1644724800000,2918.72000000,2929.61000000,2899.71000000,2923.09000000,30362.49970000
1644739200000,2923.07000000,2946.00000000,2908.08000000,2931.38000000,31021.22650000
1644753600000,2931.38000000,2954.40000000,2909.73000000,2919.75000000,48708.28810000
1644768000000,2919.75000000,2922.29000000,2836.70000000,2856.97000000,67446.39970000
1644782400000,2856.96000000,2908.82000000,2847.58000000,2871.13000000,37600.30000000
1644796800000,2871.14000000,2893.70000000,2829.01000000,2865.64000000,46159.16280000
1644811200000,2865.65000000,2884.55000000,2844.29000000,2883.06000000,36251.12310000
1644825600000,2883.06000000,2890.06000000,2846.03000000,2874.39000000,46725.10990000
1644840000000,2874.39000000,2964.87000000,2856.85000000,2936.51000000,114086.27290000
1644854400000,2936.50000000,2964.97000000,2857.28000000,2879.64000000,94374.88900000
1644868800000,2879.63000000,2948.74000000,2866.43000000,2929.75000000,44181.68030000
1644883200000,2929.75000000,3037.82000000,2912.06000000,3025.12000000,96597.47180000
1644897600000,3025.12000000,3061.76000000,3007.40000000,3049.45000000,48882.11910000
1644912000000,3049.44000000,3117.36000000,3040.90000000,3094.84000000,97137.82990000
1644926400000,3094.82000000,3149.00000000,3088.08000000,3122.60000000,87606.28470000
1644940800000,3122.61000000,3141.37000000,3085.57000000,3109.34000000,60411.10300000
1644955200000,3109.33000000,3196.19000000,3092.05000000,3183.52000000,58336.94550000
1644969600000,3183.53000000,3184.55000000,3132.95000000,3141.00000000,43926.83260000
1644984000000,3141.00000000,3152.82000000,3105.00000000,3149.50000000,37041.27710000
1644998400000,3149.49000000,3162.86000000,3112.77000000,3135.64000000,36436.99010000
1645012800000,3135.64000000,3144.38000000,3051.28000000,3066.27000000,78718.05530000
1645027200000,3066.28000000,3186.77000000,3044.03000000,3169.28000000,85026.80210000
1645041600000,3169.28000000,3179.10000000,3116.96000000,3122.30000000,38847.66720000
1645056000000,3122.31000000,3160.00000000,3083.23000000,3083.85000000,42797.65790000
1645070400000,3083.85000000,3112.00000000,3050.00000000,3109.28000000,58975.86860000
1645084800000,3109.27000000,3137.32000000,3029.44000000,3065.52000000,78237.86120000
1645099200000,3065.53000000,3086.76000000,2961.31000000,2989.26000000,111588.69070000
1645113600000,2989.26000000,3005.75000000,2882.43000000,2910.36000000,120566.51940000
1645128000000,2910.37000000,2914.80000000,2851.55000000,2891.87000000,76526.66460000
1645142400000,2891.88000000,2920.20000000,2861.00000000,2907.36000000,61134.10090000
1645156800000,2907.31000000,2916.99000000,2876.89000000,2905.25000000,41193.57370000
1645171200000,2905.25000000,2943.97000000,2872.01000000,2878.66000000,54175.03020000
1645185600000,2878.66000000,2907.36000000,2789.00000000,2800.47000000,140043.29020000
1645200000000,2800.46000000,2825.72000000,2750.00000000,2797.87000000,153999.86590000
1645214400000,2797.87000000,2807.32000000,2753.72000000,2779.48000000,52431.54600000
1645228800000,2779.30000000,2830.96000000,2766.37000000,2805.38000000,40409.64740000
1645243200000,2805.38000000,2825.98000000,2793.72000000,2812.05000000,31824.62050000
1645257600000,2812.05000000,2819.33000000,2707.37000000,2722.69000000,69006.28680000
1645272000000,2722.68000000,2752.39000000,2694.45000000,2746.06000000,67471.70610000
1645286400000,2746.06000000,2796.00000000,2740.00000000,2744.67000000,56228.64170000
1645300800000,2744.68000000,2767.84000000,2727.39000000,2763.63000000,28897.10000000
1645315200000,2763.63000000,2764.64000000,2698.00000000,2713.12000000,39672.45290000
1645329600000,2713.12000000,2718.00000000,2620.00000000,2654.17000000,102126.17790000
1645344000000,2654.18000000,2654.75000000,2600.00000000,2643.00000000,67041.88720000
1645358400000,2642.99000000,2665.13000000,2600.83000000,2652.36000000,61844.44710000
1645372800000,2652.37000000,2675.18000000,2631.36000000,2649.67000000,42675.82120000
1645387200000,2649.67000000,2666.23000000,2576.00000000,2621.99000000,73024.11770000
1645401600000,2621.99000000,2739.64000000,2605.11000000,2710.89000000,95468.63090000
1645416000000,2710.90000000,2756.60000000,2710.15000000,2747.44000000,55048.66280000
1645430400000,2747.45000000,2759.51000000,2605.27000000,2626.78000000,104434.36520000
1645444800000,2626.78000000,2750.88000000,2580.30000000,2723.40000000,212572.48830000
1645459200000,2723.41000000,2745.00000000,2606.34000000,2652.76000000,141165.19350000
1645473600000,2652.76000000,2675.52000000,2558.00000000,2568.02000000,153149.64510000
1645488000000,2568.03000000,2621.70000000,2506.20000000,2519.26000000,140862.28940000
1645502400000,2519.25000000,2548.23000000,2500.00000000,2515.81000000,109551.27190000
1645516800000,2515.81000000,2608.87000000,2514.40000000,2589.35000000,111472.51820000
1645531200000,2589.34000000,2665.74000000,2566.49000000,2623.82000000,160909.51640000
1645545600000,2623.83000000,2640.00000000,2580.00000000,2632.74000000,106749.15660000
1645560000000,2632.74000000,2655.40000000,2590.85000000,2636.29000000,63094.74170000
1645574400000,2636.28000000,2654.53000000,2597.38000000,2625.07000000,65548.25090000
1645588800000,2625.06000000,2699.33000000,2620.37000000,2695.63000000,73776.33280000
1645603200000,2695.62000000,2738.83000000,2682.37000000,2719.62000000,93942.17040000
1645617600000,2719.61000000,2753.55000000,2683.27000000,2688.35000000,95166.42950000
1645632000000,2688.35000000,2729.99000000,2619.48000000,2633.14000000,100800.77570000
1645646400000,2633.14000000,2641.41000000,2575.83000000,2579.71000000,75236.18190000
1645660800000,2579.70000000,2593.24000000,2388.00000000,2397.41000000,204521.91330000
1645675200000,2397.41000000,2410.09000000,2300.00000000,2370.45000000,337011.02750000
1645689600000,2370.45000000,2431.91000000,2332.11000000,2394.51000000,212746.89570000
1645704000000,2394.52000000,2476.86000000,2349.57000000,2455.09000000,244075.70540000
1645718400000,2455.32000000,2599.99000000,2429.57000000,2596.31000000,200567.93310000
1645732800000,2596.32000000,2740.00000000,2544.44000000,2596.20000000,196809.30030000
1645747200000,2596.26000000,2649.96000000,2582.37000000,2636.92000000,96575.53370000
1645761600000,2636.92000000,2646.00000000,2585.25000000,2612.96000000,91256.02820000
1645776000000,2612.96000000,2640.84000000,2571.72000000,2632.90000000,91156.33720000
1645790400000,2632.89000000,2743.00000000,2632.65000000,2732.79000000,181779.57250000
1645804800000,2732.79000000,2745.94000000,2666.03000000,2678.81000000,84127.01360000
1645819200000,2678.81000000,2834.97000000,2668.74000000,2768.49000000,134499.69100000
1645833600000,2768.05000000,2878.00000000,2761.31000000,2793.59000000,107214.93040000
1645848000000,2793.59000000,2821.86000000,2757.52000000,2792.94000000,56680.02860000
1645862400000,2792.89000000,2816.76000000,2727.50000000,2751.48000000,80919.06590000
1645876800000,2751.48000000,2809.51000000,2742.16000000,2785.08000000,61675.30160000
1645891200000,2785.15000000,2834.36000000,2764.44000000,2809.01000000,54956.29580000
1645905600000,2809.02000000,2855.01000000,2764.43000000,2779.47000000,57039.63060000
1645920000000,2779.47000000,2790.76000000,2678.21000000,2715.97000000,84989.98430000
1645934400000,2715.97000000,2745.01000000,2696.90000000,2736.62000000,39005.80220000
1645948800000,2736.62000000,2832.31000000,2722.37000000,2820.97000000,69750.94930000
1645963200000,2820.97000000,2836.33000000,2713.23000000,2808.77000000,138792.28680000
1645977600000,2809.14000000,2810.00000000,2600.00000000,2608.23000000,129687.30960000
1645992000000,2608.23000000,2659.97000000,2557.98000000,2616.79000000,187972.44630000
1646006400000,2616.79000000,2680.00000000,2590.00000000,2608.05000000,103665.07780000
1646020800000,2608.05000000,2653.75000000,2568.62000000,2635.32000000,92456.91810000
1646035200000,2635.32000000,2658.00000000,2611.48000000,2640.54000000,57568.63100000
1646049600000,2640.55000000,2829.99000000,2607.38000000,2815.44000000,216167.65080000
1646064000000,2815.44000000,2830.77000000,2789.00000000,2808.25000000,128454.89090000
1646078400000,2808.24000000,2951.60000000,2796.08000000,2920.95000000,135481.28020000
1646092800000,2920.83000000,2974.30000000,2889.50000000,2911.83000000,113187.02440000
1646107200000,2911.83000000,2934.20000000,2882.33000000,2922.03000000,74606.12620000
1646121600000,2921.94000000,2932.67000000,2854.09000000,2903.08000000,100678.43450000
1646136000000,2903.08000000,3037.94000000,2899.39000000,2949.00000000,237840.31260000
1646150400000,2948.99000000,2976.48000000,2897.16000000,2945.96000000,97377.98560000
1646164800000,2945.95000000,2979.99000000,2938.42000000,2976.33000000,50211.81430000
1646179200000,2976.33000000,3028.00000000,2914.21000000,3016.64000000,109358.66150000
1646193600000,3016.65000000,3043.91000000,2955.00000000,2968.84000000,93800.10430000
1646208000000,2968.81000000,3029.00000000,2950.64000000,3004.33000000,96164.98840000
1646222400000,3004.32000000,3035.00000000,2925.64000000,2952.71000000,202150.33900000
1646236800000,2952.70000000,2982.42000000,2914.31000000,2933.32000000,69202.70240000
1646251200000,2933.32000000,2987.62000000,2929.19000000,2947.30000000,43946.95050000
1646265600000,2947.31000000,2970.97000000,2886.77000000,2895.01000000,73220.58080000
1646280000000,2895.01000000,2920.81000000,2871.74000000,2908.03000000,56158.35530000
1646294400000,2908.02000000,2934.02000000,2878.00000000,2912.43000000,60529.63730000
1646308800000,2912.43000000,2934.98000000,2816.35000000,2828.00000000,109441.36520000
1646323200000,2827.99000000,2839.62000000,2785.00000000,2817.20000000,91567.87850000
1646337600000,2817.21000000,2849.55000000,2790.60000000,2833.99000000,55274.41820000
1646352000000,2834.00000000,2836.17000000,2687.47000000,2725.33000000,135667.23590000
1646366400000,2725.33000000,2734.00000000,2710.00000000,2733.07000000,42310.37250000
1646380800000,2733.08000000,2759.24000000,2704.50000000,2744.39000000,74345.08420000
1646395200000,2744.39000000,2755.56000000,2660.00000000,2671.72000000,126197.40680000
1646409600000,2671.73000000,2697.50000000,2610.27000000,2617.20000000,95899.16140000
1646424000000,2617.20000000,2629.99000000,2573.00000000,2622.10000000,81759.49800000
1646438400000,2622.11000000,2630.23000000,2589.38000000,2625.44000000,57884.87390000
1646452800000,2625.43000000,2643.50000000,2609.62000000,2638.15000000,42874.04380000
1646467200000,2638.14000000,2657.79000000,2631.00000000,2648.19000000,48403.76640000
1646481600000,2648.18000000,2672.23000000,2627.34000000,2642.81000000,52112.00310000
1646496000000,2642.81000000,2685.12000000,2640.00000000,2670.71000000,40771.75490000
1646510400000,2670.72000000,2681.16000000,2650.69000000,2665.15000000,26683.86150000
1646524800000,2665.16000000,2676.29000000,2635.00000000,2639.26000000,26540.39810000
1646539200000,2639.25000000,2659.98000000,2616.14000000,2644.93000000,38548.00270000
1646553600000,2644.93000000,2647.87000000,2590.00000000,2608.26000000,76370.33120000
1646568000000,2608.25000000,2648.78000000,2605.24000000,2626.84000000,56816.09420000
1646582400000,2626.83000000,2654.79000000,2604.00000000,2607.03000000,50896.19290000
1646596800000,2607.03000000,2644.45000000,2535.00000000,2551.29000000,87316.89080000
1646611200000,2551.30000000,2558.28000000,2506.99000000,2525.51000000,104069.97780000
1646625600000,2525.52000000,2542.68000000,2513.53000000,2520.88000000,51326.19300000
1646640000000,2520.88000000,2547.00000000,2491.00000000,2538.24000000,68614.07550000
1646654400000,2538.25000000,2649.00000000,2538.15000000,2617.00000000,142321.03270000
1646668800000,2617.01000000,2639.87000000,2448.52000000,2460.67000000,147214.72390000
1646683200000,2460.66000000,2528.16000000,2445.00000000,2491.12000000,106625.67580000
1646697600000,2491.12000000,2572.29000000,2480.15000000,2549.27000000,86862.63980000
1646712000000,2549.27000000,2564.58000000,2495.58000000,2535.86000000,78584.81520000
1646726400000,2535.86000000,2609.04000000,2527.29000000,2587.96000000,91001.46560000
1646740800000,2587.97000000,2608.29000000,2531.43000000,2559.46000000,126368.69140000
1646755200000,2559.45000000,2624.00000000,2525.26000000,2580.20000000,139074.08820000
1646769600000,2580.20000000,2589.66000000,2548.58000000,2575.97000000,39768.04190000
1646784000000,2575.98000000,2717.62000000,2567.70000000,2698.56000000,139921.72900000
1646798400000,2698.57000000,2746.66000000,2697.96000000,2745.00000000,104749.74640000
1646812800000,2744.99000000,2775.85000000,2722.95000000,2745.27000000,95578.05460000
1646827200000,2745.26000000,2769.07000000,2711.39000000,2757.47000000,103492.77570000
1646841600000,2757.47000000,2759.41000000,2679.72000000,2714.50000000,69742.05230000
1646856000000,2714.49000000,2735.52000000,2679.79000000,2726.98000000,49287.38230000
1646870400000,2726.98000000,2733.25000000,2652.64000000,2658.38000000,92174.97700000
1646884800000,2658.39000000,2664.72000000,2572.00000000,2593.26000000,138589.16300000
1646899200000,2593.25000000,2610.31000000,2575.00000000,2593.90000000,71409.89390000
1646913600000,2593.91000000,2648.00000000,2550.27000000,2597.49000000,156554.87550000
1646928000000,2597.49000000,2618.10000000,2583.59000000,2613.32000000,68946.49830000
1646942400000,2613.32000000,2621.24000000,2591.41000000,2606.70000000,31354.53000000
1646956800000,2606.69000000,2610.61000000,2522.57000000,2551.95000000,84826.40120000
1646971200000,2551.95000000,2617.53000000,2533.69000000,2608.67000000,70510.28410000
1646985600000,2608.67000000,2669.91000000,2580.00000000,2652.63000000,100824.46820000
1647000000000,2652.63000000,2676.78000000,2568.16000000,2581.11000000,118631.13020000
1647014400000,2581.11000000,2581.49000000,2545.30000000,2557.30000000,64489.48360000
1647028800000,2557.30000000,2588.12000000,2526.76000000,2556.86000000,55301.88950000
1647043200000,2556.86000000,2597.18000000,2553.39000000,2583.86000000,36373.87910000
1647057600000,2583.85000000,2600.32000000,2568.75000000,2589.25000000,27336.28270000
1647072000000,2589.25000000,2593.00000000,2573.22000000,2578.83000000,26345.39480000
1647086400000,2578.82000000,2596.35000000,2562.00000000,2584.67000000,40653.37790000
1647100800000,2584.67000000,2616.79000000,2575.48000000,2578.19000000,69454.79040000
1647115200000,2578.19000000,2592.77000000,2563.00000000,2568.80000000,19072.84620000
1647129600000,2568.80000000,2603.32000000,2558.69000000,2591.92000000,37538.10570000
1647144000000,2591.91000000,2596.75000000,2580.59000000,2580.91000000,16232.81870000
1647158400000,2580.92000000,2595.78000000,2564.39000000,2574.23000000,59590.17660000
1647172800000,2574.23000000,2591.00000000,2533.54000000,2579.71000000,87292.83350000
1647187200000,2579.71000000,2586.39000000,2562.09000000,2563.28000000,27454.49430000
1647201600000,2563.29000000,2573.89000000,2493.00000000,2515.65000000,88833.73130000
1647216000000,2515.66000000,2546.23000000,2498.67000000,2534.07000000,51172.08850000
1647230400000,2534.07000000,2605.20000000,2532.18000000,2586.58000000,80558.47090000
1647244800000,2586.58000000,2609.60000000,2576.28000000,2579.81000000,61393.95660000
1647259200000,2579.81000000,2592.68000000,2555.54000000,2573.00000000,67398.30590000
1647273600000,2573.00000000,2581.82000000,2515.00000000,2536.43000000,67281.71030000
1647288000000,2536.43000000,2596.14000000,2522.87000000,2589.41000000,58825.65900000
1647302400000,2589.42000000,2602.72000000,2537.10000000,2544.17000000,77668.88050000
1647316800000,2544.16000000,2563.29000000,2507.00000000,2532.27000000,49968.48990000
1647331200000,2532.27000000,2544.33000000,2510.37000000,2534.80000000,61592.34540000
1647345600000,2534.80000000,2592.66000000,2520.66000000,2571.63000000,78897.90130000
1647360000000,2571.63000000,2660.96000000,2567.45000000,2659.44000000,134630.82290000
1647374400000,2659.43000000,2669.00000000,2606.10000000,2617.73000000,58443.86140000
1647388800000,2617.74000000,2735.00000000,2603.38000000,2620.40000000,153063.98270000
1647403200000,2620.41000000,2648.85000000,2606.46000000,2646.49000000,45083.89560000
1647417600000,2646.49000000,2703.66000000,2644.63000000,2688.12000000,83550.91710000
1647432000000,2688.11000000,2724.07000000,2662.05000000,2704.47000000,99922.42660000
1647446400000,2704.48000000,2756.03000000,2632.91000000,2753.17000000,205435.42360000
1647460800000,2753.16000000,2788.00000000,2740.81000000,2773.81000000,79168.07610000
1647475200000,2773.80000000,2787.40000000,2752.64000000,2766.51000000,53228.28070000
1647489600000,2766.51000000,2775.34000000,2746.42000000,2755.36000000,53945.10180000
1647504000000,2755.35000000,2778.83000000,2751.29000000,2775.26000000,50884.90650000
1647518400000,2775.27000000,2836.00000000,2771.43000000,2801.35000000,122952.14380000
1647532800000,2801.36000000,2834.35000000,2774.17000000,2828.77000000,63709.43220000
1647547200000,2828.78000000,2829.00000000,2799.17000000,2811.92000000,34592.67600000
1647561600000,2811.91000000,2813.54000000,2765.59000000,2777.15000000,74547.82510000
1647576000000,2777.15000000,2810.11000000,2770.26000000,2794.15000000,58110.13020000
1647590400000,2794.15000000,2814.99000000,2779.75000000,2796.52000000,72615.54720000
1647604800000,2796.51000000,2901.73000000,2788.73000000,2896.67000000,146170.10250000
1647619200000,2896.66000000,2968.33000000,2882.00000000,2966.00000000,129042.44650000
1647633600000,2966.01000000,2984.00000000,2930.63000000,2938.92000000,76049.74510000
1647648000000,2938.84000000,2980.00000000,2928.55000000,2947.85000000,55586.90410000
1647662400000,2947.85000000,2955.06000000,2920.44000000,2924.40000000,43684.43850000
1647676800000,2924.41000000,2955.19000000,2922.40000000,2946.41000000,48304.21890000
1647691200000,2946.42000000,2977.86000000,2939.22000000,2967.68000000,62941.45430000
1647705600000,2967.69000000,2987.70000000,2945.00000000,2950.00000000,54490.20660000
1647720000000,2950.00000000,2966.60000000,2890.86000000,2950.84000000,60964.31740000
1647734400000,2950.85000000,2964.17000000,2907.24000000,2933.39000000,49483.72540000
1647748800000,2933.40000000,2935.68000000,2915.50000000,2925.47000000,28225.64070000
1647763200000,2925.48000000,2931.08000000,2874.61000000,2886.49000000,49698.89390000
1647777600000,2886.49000000,2899.18000000,2846.80000000,2853.93000000,110004.44880000
1647792000000,2853.94000000,2879.90000000,2817.21000000,2875.70000000,80453.29210000
1647806400000,2875.70000000,2911.48000000,2849.66000000,2861.38000000,59742.82050000
1647820800000,2861.39000000,2876.94000000,2829.81000000,2843.77000000,67594.83430000
1647835200000,2843.77000000,2895.37000000,2834.36000000,2889.68000000,55860.41860000
1647849600000,2889.38000000,2924.17000000,2873.34000000,2906.02000000,62349.03050000
1647864000000,2906.01000000,2956.67000000,2887.00000000,2955.00000000,135801.27830000
1647878400000,2955.00000000,2960.57000000,2895.00000000,2917.96000000,85986.09350000
1647892800000,2917.96000000,2923.79000000,2882.63000000,2890.03000000,42632.25210000
1647907200000,2890.03000000,3030.00000000,2886.43000000,3006.83000000,154586.24920000
1647921600000,3006.91000000,3052.85000000,2965.24000000,2993.00000000,129020.44760000
1647936000000,2993.00000000,3027.27000000,2985.00000000,3020.74000000,78938.67390000
1647950400000,3020.74000000,3030.15000000,2988.28000000,3002.76000000,83678.34360000
1647964800000,3002.75000000,3013.87000000,2981.00000000,2984.52000000,65150.37740000
1647979200000,2984.52000000,3016.39000000,2960.00000000,2969.64000000,53494.89220000
1647993600000,2969.64000000,2992.66000000,2925.30000000,2947.00000000,81312.76040000
1648008000000,2947.01000000,2962.73000000,2920.65000000,2948.94000000,58284.18710000
1648022400000,2948.95000000,2972.46000000,2933.65000000,2949.33000000,55447.96780000
1648036800000,2949.32000000,3039.38000000,2938.00000000,3031.59000000,106842.30000000
1648051200000,3031.59000000,3045.20000000,2952.55000000,2962.96000000,90337.78840000
1648065600000,2962.97000000,3038.41000000,2960.39000000,3036.00000000,61737.72610000
1648080000000,3035.99000000,3081.07000000,2999.11000000,3016.63000000,125334.21170000
1648094400000,3016.64000000,3071.49000000,3014.27000000,3037.47000000,71066.88390000
1648108800000,3037.47000000,3067.79000000,3030.94000000,3048.58000000,73155.66140000
1648123200000,3048.57000000,3129.11000000,3002.34000000,3114.67000000,176801.96020000
1648137600000,3114.68000000,3123.45000000,3085.15000000,3108.75000000,91361.76700000
1648152000000,3108.74000000,3119.19000000,3088.01000000,3110.76000000,39451.03970000
1648166400000,3110.75000000,3143.79000000,3093.70000000,3135.78000000,64652.71980000
1648180800000,3135.78000000,3146.80000000,3125.62000000,3128.69000000,58030.16330000
1648195200000,3128.68000000,3179.37000000,3096.69000000,3167.48000000,88388.33700000
1648209600000,3167.49000000,3193.28000000,3108.03000000,3120.56000000,138441.00000000
1648224000000,3120.55000000,3139.06000000,3076.00000000,3114.99000000,105359.89840000
1648238400000,3115.00000000,3129.39000000,3093.87000000,3102.14000000,34227.43870000
1648252800000,3102.13000000,3116.94000000,3084.90000000,3108.44000000,37427.55980000
1648267200000,3108.44000000,3139.00000000,3100.18000000,3134.46000000,31695.88570000
1648281600000,3134.46000000,3138.84000000,3115.87000000,3122.70000000,26216.84730000
1648296000000,3122.70000000,3128.84000000,3107.41000000,3116.37000000,38337.99350000
1648310400000,3116.38000000,3129.51000000,3109.00000000,3123.52000000,27814.45570000
1648324800000,3123.53000000,3153.20000000,3121.45000000,3145.00000000,45642.10500000
1648339200000,3145.01000000,3170.00000000,3137.29000000,3143.76000000,43878.92040000
1648353600000,3143.77000000,3158.40000000,3133.82000000,3155.29000000,26135.68890000
1648368000000,3155.30000000,3158.93000000,3140.02000000,3146.57000000,29877.73200000
1648382400000,3146.58000000,3176.84000000,3126.02000000,3170.51000000,52262.37750000
1648396800000,3170.50000000,3190.00000000,3165.12000000,3175.82000000,42989.71420000
1648411200000,3175.81000000,3299.37000000,3165.00000000,3295.65000000,140322.98150000
1648425600000,3295.65000000,3324.00000000,3275.01000000,3311.94000000,92617.16230000
1648440000000,3311.94000000,3339.39000000,3300.33000000,3319.25000000,69502.09900000
1648454400000,3319.25000000,3357.99000000,3305.75000000,3346.68000000,73338.09210000
1648468800000,3346.68000000,3400.00000000,3331.10000000,3357.59000000,116888.50350000
1648483200000,3357.60000000,3431.15000000,3333.27000000,3409.82000000,102341.28260000
1648497600000,3409.83000000,3425.29000000,3315.54000000,3332.92000000,72549.97380000
1648512000000,3332.91000000,3401.85000000,3329.68000000,3369.98000000,57753.66180000
1648526400000,3369.99000000,3423.90000000,3369.98000000,3386.77000000,53906.51870000
1648540800000,3386.76000000,3471.89000000,3385.00000000,3464.92000000,75700.04540000
1648555200000,3464.92000000,3481.87000000,3393.00000000,3403.05000000,122001.43690000
1648569600000,3403.06000000,3443.00000000,3368.00000000,3429.65000000,98312.14930000
1648584000000,3429.65000000,3429.66000000,3342.03000000,3400.51000000,58226.01050000
1648598400000,3400.51000000,3400.51000000,3331.84000000,3384.11000000,65287.77770000
1648612800000,3384.11000000,3418.43000000,3361.70000000,3408.56000000,55658.63470000
1648627200000,3408.57000000,3419.00000000,3380.40000000,3408.07000000,51361.68800000
1648641600000,3408.06000000,3410.26000000,3347.67000000,3382.63000000,74209.61130000
1648656000000,3382.62000000,3446.90000000,3372.51000000,3395.10000000,71882.90850000
1648670400000,3395.10000000,3414.99000000,3371.12000000,3385.79000000,37681.90290000
1648684800000,3385.80000000,3424.83000000,3378.00000000,3397.49000000,46562.63810000
1648699200000,3397.42000000,3408.85000000,3385.11000000,3403.13000000,36905.44130000
1648713600000,3403.14000000,3428.00000000,3396.10000000,3409.19000000,48879.99730000
1648728000000,3409.19000000,3444.83000000,3335.60000000,3350.72000000,139122.29270000
1648742400000,3350.72000000,3354.56000000,3261.35000000,3283.54000000,133465.29300000
1648756800000,3283.55000000,3305.55000000,3262.89000000,3281.51000000,50155.57710000
1648771200000,3281.51000000,3308.67000000,3210.68000000,3250.29000000,101613.93690000
1648785600000,3250.29000000,3282.13000000,3242.95000000,3279.41000000,57171.32910000
1648800000000,3279.41000000,3303.69000000,3268.00000000,3284.96000000,57860.99280000
1648814400000,3284.96000000,3454.36000000,3262.22000000,3432.40000000,185713.86870000
1648828800000,3432.39000000,3481.29000000,3404.51000000,3469.66000000,91809.00440000
1648843200000,3469.66000000,3472.52000000,3426.41000000,3455.21000000,38000.10730000
1648857600000,3455.20000000,3525.13000000,3438.78000000,3474.98000000,115552.73160000
1648872000000,3474.97000000,3496.17000000,3462.41000000,3484.64000000,54658.52080000
1648886400000,3484.65000000,3500.00000000,3470.25000000,3488.01000000,54274.54810000
1648900800000,3488.01000000,3532.20000000,3445.00000000,3461.65000000,139179.69390000
1648915200000,3461.65000000,3488.41000000,3433.14000000,3470.65000000,86680.92950000
1648929600000,3470.66000000,3487.11000000,3434.11000000,3443.77000000,49546.86610000
1648944000000,3443.77000000,3466.95000000,3412.11000000,3456.26000000,55937.06310000
1648958400000,3456.27000000,3508.37000000,3451.49000000,3490.10000000,54464.18980000
1648972800000,3490.11000000,3510.02000000,3470.20000000,3484.97000000,52859.89540000
1648987200000,3484.96000000,3519.99000000,3477.84000000,3500.36000000,58017.67150000
1649001600000,3500.36000000,3520.78000000,3479.38000000,3487.28000000,57428.10170000
1649016000000,3487.28000000,3580.34000000,3487.00000000,3521.91000000,102874.84680000
1649030400000,3521.90000000,3523.33000000,3468.19000000,3490.09000000,66349.52240000
1649044800000,3490.09000000,3511.93000000,3479.80000000,3502.33000000,40847.02400000
1649059200000,3502.32000000,3505.87000000,3447.64000000,3479.08000000,89167.56870000
1649073600000,3479.08000000,3494.06000000,3421.27000000,3424.73000000,81012.85830000
1649088000000,3424.74000000,3500.05000000,3405.97000000,3491.83000000,99638.27190000
1649102400000,3491.84000000,3547.00000000,3474.19000000,3519.50000000,72968.91330000
1649116800000,3519.50000000,3535.61000000,3500.36000000,3523.92000000,36687.32500000
1649131200000,3523.91000000,3536.00000000,3508.60000000,3526.93000000,34239.86900000
1649145600000,3526.93000000,3532.20000000,3504.48000000,3522.99000000,30027.17530000
1649160000000,3523.00000000,3555.00000000,3439.95000000,3452.49000000,153523.42580000
1649174400000,3452.50000000,3478.00000000,3418.11000000,3464.96000000,77072.01830000
1649188800000,3464.97000000,3472.58000000,3400.00000000,3406.99000000,66232.93030000
1649203200000,3407.00000000,3407.50000000,3268.00000000,3342.85000000,144012.76560000
1649217600000,3342.84000000,3373.64000000,3324.11000000,3345.65000000,62595.68990000
1649232000000,3345.66000000,3360.00000000,3280.56000000,3304.70000000,89016.62820000
1649246400000,3304.69000000,3326.19000000,3217.33000000,3257.15000000,170320.85170000
1649260800000,3257.16000000,3270.28000000,3171.26000000,3225.33000000,209741.19130000
1649275200000,3225.33000000,3240.69000000,3162.39000000,3168.51000000,60585.97800000
1649289600000,3168.52000000,3206.59000000,3143.15000000,3185.57000000,95585.25660000
1649304000000,3185.56000000,3234.94000000,3183.13000000,3225.12000000,54601.51980000
1649318400000,3225.11000000,3262.03000000,3203.25000000,3251.67000000,69852.51060000
1649332800000,3251.66000000,3268.98000000,3159.60000000,3199.30000000,128329.13170000
1649347200000,3199.29000000,3247.52000000,3195.00000000,3217.96000000,70799.16590000
1649361600000,3217.95000000,3260.01000000,3197.60000000,3227.19000000,39011.74260000
1649376000000,3227.20000000,3276.00000000,3216.43000000,3267.66000000,52641.41430000
1649390400000,3267.65000000,3287.50000000,3244.75000000,3286.22000000,68474.09050000
1649404800000,3286.23000000,3314.02000000,3254.51000000,3258.46000000,90937.50590000
1649419200000,3258.47000000,3306.87000000,3209.99000000,3281.24000000,125827.76990000
1649433600000,3281.24000000,3291.70000000,3215.00000000,3238.55000000,96411.66670000
1649448000000,3238.55000000,3257.76000000,3173.52000000,3192.39000000,68130.05750000
1649462400000,3192.39000000,3223.01000000,3181.28000000,3209.88000000,49471.32040000
1649476800000,3209.87000000,3228.23000000,3195.69000000,3209.80000000,24539.74340000
1649491200000,3209.81000000,3217.29000000,3193.00000000,3209.59000000,30840.24830000
1649505600000,3209.58000000,3234.39000000,3199.63000000,3209.40000000,46827.05770000
1649520000000,3208.45000000,3249.08000000,3201.93000000,3233.35000000,32469.54280000
1649534400000,3233.35000000,3268.40000000,3222.01000000,3258.57000000,28296.34400000
1649548800000,3258.57000000,3268.00000000,3246.09000000,3257.32000000,23281.32440000
1649563200000,3257.33000000,3262.83000000,3234.13000000,3243.23000000,18903.62870000
1649577600000,3243.24000000,3256.38000000,3233.16000000,3251.78000000,23044.79220000
1649592000000,3251.77000000,3262.04000000,3232.73000000,3256.04000000,29553.46380000
1649606400000,3256.04000000,3307.22000000,3251.53000000,3291.70000000,54128.70800000
1649620800000,3291.69000000,3297.50000000,3193.00000000,3203.04000000,83391.31550000
1649635200000,3203.04000000,3213.63000000,3151.84000000,3175.31000000,88548.28320000
1649649600000,3175.31000000,3189.98000000,3165.43000000,3178.61000000,46868.32480000
1649664000000,3178.61000000,3180.68000000,3030.00000000,3051.57000000,202953.42210000
1649678400000,3051.57000000,3065.78000000,3002.36000000,3003.39000000,116365.84820000
1649692800000,3003.39000000,3040.59000000,2977.54000000,3004.60000000,134268.90680000
1649707200000,3004.60000000,3019.71000000,2950.00000000,2979.74000000,104389.50610000
1649721600000,2979.75000000,2996.93000000,2950.00000000,2983.04000000,69104.88510000
1649736000000,2983.04000000,3027.72000000,2971.38000000,3025.23000000,85782.69670000
1649750400000,3025.23000000,3047.05000000,3005.84000000,3040.97000000,78926.75860000
1649764800000,3040.96000000,3085.00000000,3014.97000000,3044.98000000,185765.20560000
1649779200000,3044.98000000,3064.00000000,2968.09000000,2972.80000000,103124.61460000
1649793600000,2972.80000000,3036.55000000,2967.02000000,3027.66000000,56818.78990000
1649808000000,3027.65000000,3068.00000000,3005.50000000,3049.09000000,57882.68400000
1649822400000,3049.10000000,3070.00000000,3038.65000000,3051.36000000,44629.04540000
1649836800000,3051.35000000,3060.00000000,3012.00000000,3014.09000000,54085.46000000
1649851200000,3014.09000000,3116.44000000,2996.86000000,3093.42000000,139607.76810000
1649865600000,3093.43000000,3120.48000000,3069.06000000,3086.03000000,73377.15570000
1649880000000,3086.03000000,3128.97000000,3082.44000000,3118.28000000,49519.38080000
1649894400000,3118.28000000,3145.00000000,3110.54000000,3117.90000000,53530.98280000
1649908800000,3117.90000000,3126.82000000,3099.16000000,3113.50000000,41108.77460000
1649923200000,3113.50000000,3122.16000000,3068.63000000,3072.78000000,64155.75740000
1649937600000,3072.78000000,3099.56000000,3011.97000000,3015.90000000,122344.44030000
1649952000000,3015.90000000,3025.96000000,2976.30000000,2995.75000000,91047.35740000
1649966400000,2995.75000000,3026.51000000,2983.61000000,3021.98000000,36195.24470000
1649980800000,3021.98000000,3043.29000000,3013.22000000,3042.00000000,42899.45160000
1649995200000,3042.00000000,3046.90000000,3010.85000000,3034.62000000,42157.29430000
1650009600000,3034.62000000,3040.63000000,3017.08000000,3027.28000000,39662.53910000
1650024000000,3027.28000000,3060.92000000,2993.13000000,3028.88000000,71388.84600000
1650038400000,3028.88000000,3040.00000000,3009.23000000,3022.81000000,32432.64970000
1650052800000,3022.82000000,3044.82000000,3018.50000000,3040.56000000,21085.51740000
1650067200000,3040.57000000,3050.12000000,3034.98000000,3038.29000000,23727.28840000
1650081600000,3038.29000000,3048.52000000,3033.27000000,3034.64000000,17191.41870000
1650096000000,3034.64000000,3047.11000000,3027.71000000,3039.48000000,25401.08110000
1650110400000,3039.48000000,3058.90000000,3010.03000000,3017.50000000,50194.87500000
1650124800000,3017.51000000,3029.04000000,3013.79000000,3024.39000000,20182.83180000
1650139200000,3024.40000000,3086.10000000,3022.71000000,3059.30000000,39654.92150000
1650153600000,3059.30000000,3064.50000000,3022.00000000,3029.38000000,26055.27170000
1650168000000,3029.37000000,3046.21000000,3028.80000000,3037.97000000,17110.97560000
1650182400000,3037.96000000,3054.83000000,3037.48000000,3048.05000000,20603.60900000
1650196800000,3048.05000000,3083.00000000,3042.80000000,3073.00000000,63761.95720000
1650211200000,3073.01000000,3078.48000000,3022.96000000,3052.08000000,45113.17370000
1650225600000,3052.08000000,3077.46000000,2981.70000000,2988.06000000,71127.08680000
1650240000000,2988.07000000,3002.39000000,2977.00000000,2995.18000000,44570.04680000
1650254400000,2995.17000000,2995.75000000,2883.22000000,2892.12000000,131039.51060000
1650268800000,2892.13000000,2923.69000000,2888.15000000,2911.85000000,47494.37850000
1650283200000,2911.86000000,2952.79000000,2905.00000000,2914.25000000,92221.85870000
1650297600000,2914.25000000,3024.78000000,2895.00000000,3005.72000000,133399.62640000
1650312000000,3005.72000000,3069.60000000,3004.58000000,3055.56000000,61526.23260000
1650326400000,3055.56000000,3095.18000000,3035.79000000,3037.58000000,62432.34040000
1650340800000,3037.59000000,3051.97000000,3030.34000000,3039.01000000,34093.62950000
1650355200000,3039.01000000,3069.03000000,3032.64000000,3041.51000000,46278.90950000
1650369600000,3041.51000000,3131.00000000,3040.88000000,3110.52000000,118280.11120000
1650384000000,3110.53000000,3125.87000000,3079.28000000,3110.65000000,65289.15420000
1650398400000,3110.66000000,3111.43000000,3085.50000000,3101.77000000,33000.85900000
1650412800000,3101.74000000,3106.54000000,3066.71000000,3091.62000000,44680.60680000
1650427200000,3091.63000000,3115.00000000,3078.31000000,3089.75000000,44739.16280000
1650441600000,3089.74000000,3166.50000000,3086.66000000,3152.78000000,81011.13730000
1650456000000,3152.78000000,3162.00000000,3051.16000000,3068.30000000,131827.25040000
1650470400000,3068.30000000,3088.00000000,3036.45000000,3070.00000000,67233.55760000
1650484800000,3070.00000000,3096.20000000,3058.38000000,3076.04000000,45508.35360000
1650499200000,3076.03000000,3105.00000000,3071.25000000,3096.80000000,36304.85820000
1650513600000,3096.80000000,3105.17000000,3066.66000000,3100.56000000,46968.40870000
1650528000000,3100.55000000,3159.99000000,3082.77000000,3151.15000000,104818.88740000
1650542400000,3151.15000000,3180.00000000,3101.55000000,3104.81000000,140959.69310000
1650556800000,3104.81000000,3107.43000000,3021.74000000,3026.23000000,108167.79730000
1650571200000,3026.23000000,3034.23000000,2942.31000000,2983.58000000,125480.05230000
1650585600000,2983.57000000,3009.95000000,2968.83000000,2995.41000000,65396.04020000
1650600000000,2995.41000000,3034.32000000,2986.04000000,3019.91000000,65018.48000000
1650614400000,3019.90000000,3029.22000000,2976.72000000,3014.36000000,64631.32050000
1650628800000,3014.36000000,3022.10000000,2944.01000000,2949.53000000,131198.79280000
1650643200000,2949.53000000,2982.91000000,2930.35000000,2956.71000000,91166.73120000
1650657600000,2956.70000000,2972.36000000,2936.50000000,2962.39000000,35021.71730000
1650672000000,2962.39000000,2975.39000000,2938.02000000,2946.32000000,33256.19620000
1650686400000,2946.31000000,2964.59000000,2913.89000000,2959.80000000,39223.02970000
1650700800000,2959.80000000,2969.99000000,2952.25000000,2958.73000000,28006.35880000
1650715200000,2958.73000000,2971.76000000,2946.62000000,2966.04000000,32646.29350000
1650729600000,2966.18000000,2978.03000000,2947.36000000,2953.27000000,29279.56920000
1650744000000,2953.28000000,2969.36000000,2921.62000000,2933.03000000,25165.28500000
1650758400000,2933.04000000,2960.00000000,2922.77000000,2955.92000000,36094.42130000
1650772800000,2955.93000000,2958.85000000,2944.00000000,2949.49000000,16790.46390000
1650787200000,2949.49000000,2955.63000000,2934.83000000,2938.86000000,18582.58310000
1650801600000,2938.86000000,2957.00000000,2912.09000000,2943.82000000,47051.26870000
1650816000000,2943.83000000,2967.06000000,2916.17000000,2959.58000000,65740.96080000
1650830400000,2959.57000000,2962.46000000,2917.82000000,2921.00000000,34697.32440000
1650844800000,2920.99000000,2925.75000000,2841.60000000,2875.59000000,105881.27060000
1650859200000,2875.58000000,2876.00000000,2797.10000000,2811.41000000,97301.28330000
1650873600000,2811.41000000,2863.94000000,2797.01000000,2861.74000000,80592.74340000
1650888000000,2861.73000000,2895.64000000,2842.00000000,2869.57000000,134790.42950000
1650902400000,2869.58000000,3015.00000000,2865.72000000,3012.41000000,147697.31490000
1650916800000,3012.41000000,3025.65000000,2989.99000000,3006.62000000,52935.31990000
1650931200000,3006.63000000,3039.54000000,2986.56000000,3001.00000000,48930.78580000
1650945600000,3001.00000000,3013.71000000,2977.93000000,3003.24000000,45911.57110000
1650960000000,3003.23000000,3020.83000000,2984.88000000,3003.04000000,47400.61880000
1650974400000,3003.04000000,3012.32000000,2853.76000000,2859.76000000,148105.06410000
1650988800000,2859.76000000,2885.86000000,2809.36000000,2838.93000000,144353.46860000
1651003200000,2838.92000000,2855.00000000,2767.00000000,2809.67000000,96482.84200000
1651017600000,2809.68000000,2844.69000000,2794.46000000,2836.28000000,61139.78420000
1651032000000,2836.29000000,2893.00000000,2831.35000000,2892.23000000,57370.01500000
1651046400000,2892.23000000,2914.34000000,2860.02000000,2884.79000000,91136.44910000
1651060800000,2884.80000000,2919.87000000,2820.93000000,2865.23000000,155104.34140000
1651075200000,2865.24000000,2895.00000000,2838.93000000,2852.68000000,78583.07510000
1651089600000,2852.67000000,2899.40000000,2851.00000000,2888.96000000,45617.57680000
1651104000000,2888.95000000,2915.45000000,2869.47000000,2883.85000000,50628.47540000
1651118400000,2883.85000000,2938.04000000,2875.01000000,2900.27000000,49455.21640000
1651132800000,2900.27000000,2947.47000000,2899.73000000,2928.26000000,74088.69700000
1651147200000,2928.27000000,2946.50000000,2853.83000000,2889.53000000,176592.76610000
1651161600000,2889.53000000,2980.00000000,2875.63000000,2947.83000000,118841.81260000
1651176000000,2947.84000000,2969.69000000,2911.71000000,2936.93000000,67786.03030000
1651190400000,2936.92000000,2946.46000000,2904.14000000,2926.21000000,66122.60650000
1651204800000,2926.21000000,2935.90000000,2908.74000000,2925.85000000,55565.07700000
1651219200000,2925.84000000,2927.79000000,2834.28000000,2843.11000000,83541.11430000
1651233600000,2843.11000000,2886.23000000,2832.07000000,2856.51000000,117031.42800000
1651248000000,2856.51000000,2857.53000000,2776.63000000,2792.96000000,149203.89780000
1651262400000,2792.95000000,2823.17000000,2789.07000000,2817.13000000,54514.02340000
1651276800000,2817.13000000,2837.82000000,2810.45000000,2818.26000000,48071.03180000
1651291200000,2818.26000000,2841.63000000,2809.16000000,2829.79000000,35793.39070000
1651305600000,2829.79000000,2840.00000000,2817.69000000,2830.76000000,40477.30570000
1651320000000,2830.76000000,2836.66000000,2771.01000000,2816.08000000,75434.06230000
1651334400000,2816.07000000,2822.16000000,2775.03000000,2806.73000000,54863.27540000
1651348800000,2806.74000000,2807.86000000,2709.26000000,2726.66000000,113118.18100000
1651363200000,2726.67000000,2780.62000000,2716.13000000,2777.15000000,90414.11420000
1651377600000,2777.15000000,2795.15000000,2764.18000000,2766.39000000,69045.71740000
1651392000000,2766.40000000,2782.00000000,2751.74000000,2756.80000000,40768.93470000
1651406400000,2756.79000000,2819.31000000,2753.50000000,2805.75000000,69441.65490000
1651420800000,2805.76000000,2828.93000000,2755.10000000,2765.39000000,77532.77020000
1651435200000,2765.40000000,2849.90000000,2757.81000000,2824.81000000,95341.68780000
1651449600000,2824.81000000,2849.68000000,2822.59000000,2840.72000000,61400.42760000
1651464000000,2840.72000000,2874.59000000,2832.10000000,2845.26000000,58251.01250000
1651478400000,2845.26000000,2855.86000000,2789.63000000,2795.05000000,65701.49990000
1651492800000,2795.05000000,2852.53000000,2778.78000000,2827.68000000,152893.15090000
1651507200000,2827.68000000,2850.00000000,2780.00000000,2841.71000000,117919.38690000
1651521600000,2841.72000000,2894.22000000,2824.08000000,2856.54000000,65541.37890000
1651536000000,2856.54000000,2861.47000000,2828.65000000,2851.00000000,54433.61910000
1651550400000,2851.00000000,2855.07000000,2829.90000000,2844.98000000,50785.34100000
1651564800000,2844.98000000,2854.12000000,2824.00000000,2849.01000000,37135.72520000
1651579200000,2849.01000000,2850.81000000,2815.31000000,2822.21000000,76202.55920000
1651593600000,2822.21000000,2827.51000000,2761.03000000,2773.43000000,102207.25010000
1651608000000,2773.43000000,2800.44000000,2755.19000000,2781.70000000,50566.68500000
1651622400000,2781.70000000,2810.58000000,2771.74000000,2798.04000000,38176.27140000
1651636800000,2798.04000000,2833.70000000,2789.04000000,2829.42000000,50987.34850000
1651651200000,2829.42000000,2888.75000000,2827.15000000,2870.54000000,106183.60980000
1651665600000,2870.53000000,2883.72000000,2826.13000000,2844.26000000,85012.80830000
1651680000000,2844.27000000,2965.85000000,2826.67000000,2955.71000000,203433.79700000
1651694400000,2955.70000000,2958.61000000,2921.20000000,2940.64000000,64944.23180000
1651708800000,2940.65000000,2954.65000000,2937.21000000,2941.60000000,43482.27880000
1651723200000,2941.59000000,2951.63000000,2925.00000000,2934.06000000,34388.82110000
1651737600000,2934.06000000,2938.78000000,2916.48000000,2925.67000000,44779.52940000
1651752000000,2925.67000000,2935.00000000,2728.41000000,2742.85000000,260272.12470000
1651766400000,2742.85000000,2771.96000000,2683.00000000,2729.12000000,258349.45240000
1651780800000,2729.12000000,2756.51000000,2714.08000000,2747.97000000,93573.11300000
1651795200000,2747.96000000,2758.18000000,2724.00000000,2746.39000000,61491.54570000
1651809600000,2746.38000000,2755.91000000,2694.09000000,2730.20000000,66119.58660000
1651824000000,2730.21000000,2744.88000000,2660.20000000,2676.04000000,111286.42500000
1651838400000,2676.04000000,2727.47000000,2632.95000000,2688.25000000,299718.03450000
1651852800000,2688.15000000,2713.54000000,2669.58000000,2689.31000000,134052.76740000
1651867200000,2689.30000000,2708.00000000,2674.33000000,2692.85000000,38780.96420000
1651881600000,2692.86000000,2698.27000000,2665.05000000,2669.42000000,34369.48030000
1651896000000,2669.43000000,2678.59000000,2653.33000000,2672.45000000,48414.71060000
1651910400000,2672.45000000,2698.55000000,2667.58000000,2688.90000000,46341.02940000
1651924800000,2688.89000000,2704.36000000,2671.80000000,2692.67000000,58478.56470000
1651939200000,2692.67000000,2700.80000000,2680.65000000,2682.94000000,31774.23100000
1651953600000,2682.95000000,2683.12000000,2584.75000000,2635.34000000,151893.43720000
1651968000000,2635.35000000,2642.00000000,2517.00000000,2545.08000000,236271.81510000
1651982400000,2545.08000000,2569.21000000,2530.00000000,2556.60000000,90464.14590000
1651996800000,2556.60000000,2577.08000000,2546.08000000,2568.09000000,66590.21510000
1652011200000,2567.97000000,2579.03000000,2512.85000000,2517.00000000,119107.39180000
1652025600000,2516.99000000,2571.78000000,2484.00000000,2562.01000000,177908.35640000
1652040000000,2562.00000000,2564.69000000,2508.80000000,2519.71000000,67273.41720000
1652054400000,2519.71000000,2530.78000000,2423.84000000,2457.56000000,187870.67470000
1652068800000,2457.56000000,2480.00000000,2423.85000000,2447.86000000,100724.45750000
1652083200000,2447.86000000,2469.72000000,2362.41000000,2406.03000000,248399.40310000
1652097600000,2406.04000000,2447.94000000,2345.00000000,2381.87000000,296405.22160000
1652112000000,2381.87000000,2404.69000000,2225.00000000,2270.68000000,491747.81000000
1652126400000,2270.68000000,2335.23000000,2225.16000000,2228.55000000,249777.41240000
1652140800000,2229.00000000,2350.00000000,2200.00000000,2300.79000000,387958.25600000
1652155200000,2300.78000000,2439.99000000,2297.89000000,2373.68000000,338845.29590000
1652169600000,2373.62000000,2411.63000000,2365.45000000,2402.00000000,187728.67330000
1652184000000,2402.00000000,2457.34000000,2321.11000000,2361.99000000,317622.06140000
1652198400000,2361.99000000,2410.21000000,2329.51000000,2354.28000000,165442.84730000
1652212800000,2354.55000000,2367.76000000,2260.67000000,2342.05000000,153029.00480000
1652227200000,2342.04000000,2392.99000000,2320.00000000,2360.53000000,162981.47630000
1652241600000,2360.54000000,2406.64000000,2267.69000000,2315.13000000,306640.56160000
1652256000000,2315.13000000,2451.37000000,2291.04000000,2410.22000000,309462.50030000
1652270400000,2410.22000000,2429.87000000,2129.00000000,2264.53000000,692783.83083000
1652284800000,2264.53000000,2283.14000000,2100.00000000,2117.42000000,293005.37600000
1652299200000,2117.52000000,2151.72000000,2005.00000000,2084.99000000,257991.09303000
1652313600000,2084.99000000,2195.00000000,1971.55000000,1971.56000000,388066.28175000
1652328000000,1971.56000000,1986.12000000,1800.00000000,1916.30000000,850470.97901000
1652342400000,1916.30000000,2020.00000000,1870.31000000,1952.76000000,378746.02770000
1652356800000,1952.76000000,2056.33000000,1883.25000000,1968.23000000,325046.76640000
1652371200000,1968.23000000,2044.18000000,1900.10000000,1945.28000000,216424.09210000
1652385600000,1945.85000000,1984.12000000,1870.00000000,1960.22000000,146438.76140000
1652400000000,1960.22000000,2115.00000000,1940.23000000,2096.46000000,270038.59610000
1652414400000,2096.46000000,2145.00000000,2043.90000000,2048.16000000,211459.68060000
1652428800000,2048.17000000,2125.00000000,2048.07000000,2114.99000000,163840.88310000
1652443200000,2114.99000000,2147.54000000,2076.22000000,2093.61000000,235693.10650000
1652457600000,2093.62000000,2112.91000000,2030.00000000,2064.79000000,169413.06830000
1652472000000,2064.80000000,2085.00000000,2001.01000000,2009.69000000,83597.00410000
1652486400000,2009.69000000,2070.06000000,2001.45000000,2054.40000000,101652.33420000
1652500800000,2054.40000000,2054.90000000,2014.67000000,2031.94000000,66634.05530000
1652515200000,2031.94000000,2053.98000000,1970.75000000,1985.62000000,128678.38000000
1652529600000,1985.62000000,2000.44000000,1951.21000000,1963.68000000,98414.78170000
1652544000000,1963.68000000,2034.99000000,1955.00000000,1996.06000000,96867.81520000
1652558400000,1996.05000000,2066.66000000,1992.16000000,2056.48000000,71540.94140000
1652572800000,2056.47000000,2079.40000000,2000.68000000,2014.20000000,71458.58450000
1652587200000,2014.20000000,2049.30000000,2002.02000000,2037.55000000,57959.02190000
1652601600000,2037.55000000,2086.65000000,2018.52000000,2080.49000000,84714.77430000
1652616000000,2080.48000000,2100.00000000,2048.11000000,2062.57000000,99816.89020000
1652630400000,2062.57000000,2105.77000000,2057.12000000,2104.05000000,71054.78600000
1652644800000,2104.04000000,2167.00000000,2096.53000000,2145.29000000,129394.20180000
1652659200000,2145.29000000,2145.29000000,2066.71000000,2076.19000000,114247.91930000
1652673600000,2076.19000000,2082.89000000,1991.73000000,2011.92000000,157338.39670000
1652688000000,2011.92000000,2052.02000000,1980.10000000,2031.17000000,130201.77380000
1652702400000,2031.16000000,2060.09000000,1985.00000000,2014.29000000,203020.59910000
1652716800000,2014.29000000,2046.36000000,1979.12000000,2007.15000000,134453.78700000
1652731200000,2007.14000000,2056.13000000,2005.47000000,2023.66000000,82808.37720000
1652745600000,2023.66000000,2080.00000000,2018.80000000,2073.49000000,84137.38760000
1652760000000,2073.48000000,2094.18000000,2064.57000000,2070.64000000,66859.75450000
1652774400000,2070.64000000,2099.99000000,2069.13000000,2080.72000000,63203.65400000
1652788800000,2080.71000000,2122.42000000,2043.57000000,2061.08000000,159481.56170000
1652803200000,2061.07000000,2069.98000000,2008.00000000,2046.66000000,127456.57860000
1652817600000,2046.65000000,2102.30000000,2041.81000000,2090.72000000,67110.10840000
1652832000000,2090.72000000,2110.72000000,2033.28000000,2039.00000000,91879.30540000
1652846400000,2039.00000000,2052.76000000,2017.84000000,2038.70000000,83763.47340000
1652860800000,2038.69000000,2049.61000000,2022.24000000,2031.32000000,67741.37200000
1652875200000,2031.32000000,2035.50000000,1943.56000000,1956.07000000,156604.42290000
1652889600000,1956.07000000,1993.90000000,1931.49000000,1981.59000000,122065.71620000
1652904000000,1981.59000000,1982.15000000,1908.00000000,1915.11000000,109522.94420000
1652918400000,1915.11000000,1969.30000000,1903.18000000,1953.70000000,132901.64480000
1652932800000,1953.71000000,1973.60000000,1940.73000000,1952.07000000,78854.37280000
1652947200000,1952.07000000,1969.04000000,1912.17000000,1965.54000000,123907.03090000
1652961600000,1965.53000000,2040.39000000,1943.14000000,2023.83000000,216153.76490000
1652976000000,2023.82000000,2028.90000000,1990.56000000,1993.56000000,125237.03050000
1652990400000,1993.55000000,2027.74000000,1991.79000000,2019.55000000,64423.13550000
1653004800000,2019.55000000,2052.94000000,2004.12000000,2023.03000000,74590.77290000
1653019200000,2023.03000000,2034.27000000,2001.10000000,2025.55000000,66981.45640000
1653033600000,2025.59000000,2064.00000000,2022.18000000,2054.51000000,69703.22050000
1653048000000,2054.50000000,2058.04000000,1952.35000000,1960.99000000,180476.18040000
1653062400000,1961.00000000,1972.82000000,1923.00000000,1968.27000000,134350.50160000
1653076800000,1968.26000000,1978.68000000,1952.83000000,1959.08000000,50879.40530000
1653091200000,1959.08000000,1973.95000000,1937.36000000,1967.75000000,51450.02880000
1653105600000,1967.74000000,1986.57000000,1961.23000000,1978.63000000,39338.33370000
1653120000000,1978.63000000,1988.48000000,1956.58000000,1970.46000000,33761.75690000
1653134400000,1970.47000000,1985.46000000,1959.18000000,1980.38000000,48002.90630000
1653148800000,1980.39000000,1990.86000000,1973.00000000,1981.40000000,41628.78930000
1653163200000,1981.40000000,1985.00000000,1965.82000000,1975.07000000,24687.94820000
1653177600000,1975.06000000,1983.98000000,1971.82000000,1974.14000000,29549.72850000
1653192000000,1974.14000000,1977.55000000,1966.33000000,1975.86000000,27158.80530000
1653206400000,1975.86000000,2037.80000000,1973.45000000,2017.36000000,111779.45130000
1653220800000,2017.36000000,2032.71000000,1991.00000000,2004.58000000,70483.13140000
1653235200000,2004.58000000,2022.80000000,1992.57000000,2007.41000000,49315.23380000
1653249600000,2007.41000000,2056.41000000,2006.26000000,2043.19000000,67448.84240000
1653264000000,2043.19000000,2057.87000000,2019.50000000,2030.84000000,58854.65530000
1653278400000,2030.85000000,2081.74000000,2025.62000000,2066.77000000,90912.76390000
1653292800000,2066.76000000,2085.00000000,2051.67000000,2068.96000000,78980.05320000
1653307200000,2068.96000000,2088.50000000,2035.71000000,2065.00000000,154097.36460000
1653321600000,2065.01000000,2078.83000000,1978.59000000,1981.00000000,145992.50360000
1653336000000,1980.99000000,2004.86000000,1957.12000000,1973.32000000,107247.68180000
1653350400000,1973.33000000,1990.75000000,1969.05000000,1987.90000000,47433.58200000
1653364800000,1987.90000000,1993.83000000,1974.26000000,1985.22000000,41160.62180000
1653379200000,1985.22000000,1985.59000000,1952.35000000,1966.36000000,80768.06060000
1653393600000,1966.37000000,1975.55000000,1913.02000000,1962.72000000,178331.61370000
1653408000000,1962.71000000,1976.99000000,1934.90000000,1962.85000000,116591.02200000
1653422400000,1962.85000000,1990.00000000,1951.53000000,1979.41000000,69812.07190000
1653436800000,1979.40000000,2022.34000000,1970.23000000,2014.20000000,83323.35600000
1653451200000,2014.20000000,2015.30000000,1973.33000000,1977.04000000,56852.13730000
1653465600000,1977.04000000,1981.98000000,1942.30000000,1944.07000000,77060.59400000
1653480000000,1944.08000000,1985.75000000,1934.61000000,1964.53000000,135701.24340000
1653494400000,1964.54000000,1982.84000000,1944.09000000,1951.59000000,115872.89690000
1653508800000,1951.59000000,1972.02000000,1940.74000000,1942.63000000,55976.08150000
1653523200000,1942.64000000,1966.01000000,1933.66000000,1948.46000000,59555.84220000
1653537600000,1948.47000000,1950.85000000,1910.00000000,1926.36000000,107439.52210000
1653552000000,1926.35000000,1927.42000000,1800.00000000,1816.57000000,279122.91550000
1653566400000,1816.56000000,1876.40000000,1735.00000000,1862.02000000,400292.75604000
1653580800000,1862.03000000,1907.58000000,1826.13000000,1826.56000000,180070.26460000
1653595200000,1826.55000000,1850.01000000,1789.38000000,1792.23000000,142259.27470000
1653609600000,1792.24000000,1808.60000000,1728.99000000,1768.00000000,293711.98478000
1653624000000,1768.01000000,1799.13000000,1712.67000000,1764.60000000,245238.14993000
1653638400000,1764.60000000,1789.47000000,1750.19000000,1771.25000000,176925.16480000
1653652800000,1771.26000000,1822.26000000,1755.75000000,1764.33000000,238136.34690000
1653667200000,1764.34000000,1774.56000000,1715.00000000,1754.32000000,213661.56740000
1653681600000,1754.33000000,1772.50000000,1703.00000000,1727.27000000,129020.07156000
1653696000000,1727.26000000,1768.01000000,1722.26000000,1765.08000000,138332.95680000
1653710400000,1765.08000000,1783.12000000,1754.68000000,1765.46000000,84534.19310000
1653724800000,1765.46000000,1788.00000000,1748.94000000,1772.97000000,71658.24130000
1653739200000,1772.97000000,1808.98000000,1769.51000000,1795.11000000,108666.64960000
1653753600000,1795.12000000,1800.00000000,1760.00000000,1793.56000000,111021.21540000
1653768000000,1793.57000000,1805.44000000,1778.68000000,1792.22000000,44057.92560000
1653782400000,1792.21000000,1795.89000000,1759.96000000,1776.46000000,89239.58720000
1653796800000,1776.46000000,1789.82000000,1769.38000000,1783.80000000,45645.92470000
1653811200000,1783.80000000,1805.00000000,1774.42000000,1802.00000000,73163.15790000
1653825600000,1801.99000000,1827.40000000,1792.80000000,1797.23000000,94978.33120000
1653840000000,1797.22000000,1810.64000000,1785.29000000,1788.53000000,50747.54470000
1653854400000,1788.53000000,1826.24000000,1787.09000000,1813.64000000,78656.06530000
1653868800000,1813.64000000,1890.00000000,1803.18000000,1880.07000000,167439.72940000
1653883200000,1880.07000000,1917.68000000,1869.81000000,1907.84000000,137058.16100000
1653897600000,1907.83000000,1910.86000000,1891.26000000,1902.64000000,81132.11860000
1653912000000,1902.65000000,1924.00000000,1872.71000000,1912.44000000,146928.08490000
1653926400000,1912.43000000,1935.44000000,1906.00000000,1917.33000000,76673.27370000
1653940800000,1917.32000000,2013.00000000,1912.87000000,1998.78000000,205691.46830000
1653955200000,1998.78000000,2016.45000000,1976.55000000,1994.51000000,111932.31450000
1653969600000,1994.51000000,1996.24000000,1960.20000000,1970.35000000,105387.25340000
1653984000000,1970.36000000,1985.08000000,1957.82000000,1978.59000000,100652.11890000
1653998400000,1978.58000000,1995.51000000,1930.09000000,1988.62000000,196335.52680000
1654012800000,1988.62000000,1999.87000000,1925.00000000,1934.21000000,164613.24440000
1654027200000,1934.22000000,1959.69000000,1934.21000000,1941.90000000,72182.96460000
1654041600000,1941.90000000,1958.55000000,1927.60000000,1929.97000000,104283.36880000
1654056000000,1929.98000000,1945.59000000,1913.76000000,1930.71000000,98847.99580000
1654070400000,1930.72000000,1944.79000000,1924.10000000,1938.94000000,87653.67590000
1654084800000,1938.95000000,1972.58000000,1879.00000000,1880.59000000,259179.88650000
1654099200000,1880.59000000,1880.74000000,1807.83000000,1821.82000000,283820.77540000
1654113600000,1821.83000000,1843.88000000,1763.75000000,1817.95000000,204055.56820000
1654128000000,1817.96000000,1835.86000000,1805.62000000,1814.54000000,132317.80220000
1654142400000,1814.54000000,1837.35000000,1802.00000000,1826.57000000,103280.43190000
1654156800000,1826.58000000,1844.13000000,1812.64000000,1839.50000000,98559.58510000
1654171200000,1839.49000000,1841.23000000,1782.42000000,1816.52000000,242346.26730000
1654185600000,1816.53000000,1833.78000000,1800.71000000,1822.08000000,119260.41190000
1654200000000,1822.08000000,1853.05000000,1818.83000000,1834.08000000,93019.90330000
1654214400000,1834.09000000,1843.91000000,1822.30000000,1827.52000000,80096.78690000
1654228800000,1827.51000000,1829.10000000,1806.70000000,1813.92000000,73074.84190000
1654243200000,1813.91000000,1821.45000000,1753.00000000,1762.35000000,167585.08400000
1654257600000,1762.36000000,1779.95000000,1737.00000000,1763.32000000,238129.98650000
1654272000000,1763.32000000,1767.58000000,1743.00000000,1751.18000000,102830.46950000
1654286400000,1751.18000000,1795.00000000,1749.42000000,1775.12000000,79565.36580000
1654300800000,1775.13000000,1779.66000000,1748.43000000,1752.96000000,73259.69790000
1654315200000,1752.96000000,1775.52000000,1751.73000000,1769.11000000,49823.54560000
1654329600000,1769.10000000,1780.00000000,1763.32000000,1768.24000000,49887.38750000
1654344000000,1768.23000000,1789.26000000,1757.23000000,1778.85000000,88113.98590000
1654358400000,1778.85000000,1782.86000000,1767.30000000,1772.47000000,55320.81420000
1654372800000,1772.48000000,1816.00000000,1770.50000000,1804.58000000,71874.02680000
1654387200000,1804.58000000,1810.97000000,1784.46000000,1793.85000000,51536.88200000
1654401600000,1793.84000000,1800.00000000,1785.78000000,1785.82000000,33107.82600000
1654416000000,1785.82000000,1795.57000000,1773.05000000,1788.20000000,47391.00770000
1654430400000,1788.20000000,1812.84000000,1780.00000000,1811.41000000,66690.40890000
1654444800000,1811.42000000,1830.17000000,1795.51000000,1821.21000000,99137.94530000
1654459200000,1821.21000000,1827.68000000,1802.55000000,1806.23000000,74110.43620000
1654473600000,1806.22000000,1884.44000000,1804.35000000,1878.29000000,177430.42930000
1654488000000,1878.30000000,1896.68000000,1867.47000000,1893.77000000,123332.93680000
1654502400000,1893.76000000,1915.47000000,1890.19000000,1909.55000000,121162.82750000
1654516800000,1909.54000000,1920.00000000,1866.00000000,1886.79000000,181046.54390000
1654531200000,1886.79000000,1888.82000000,1843.72000000,1863.83000000,137168.78520000
1654545600000,1863.83000000,1876.82000000,1846.96000000,1859.84000000,64108.83400000
1654560000000,1859.84000000,1862.81000000,1725.13000000,1756.75000000,459637.41260000
1654574400000,1756.76000000,1764.76000000,1747.61000000,1763.03000000,126438.04690000
1654588800000,1763.04000000,1777.25000000,1747.42000000,1753.69000000,124844.66970000
1654603200000,1753.70000000,1794.26000000,1736.17000000,1781.55000000,192374.46400000
1654617600000,1781.54000000,1874.98000000,1768.70000000,1846.97000000,212538.10040000
1654632000000,1846.97000000,1870.00000000,1753.03000000,1813.33000000,281765.53520000
1654646400000,1813.33000000,1836.07000000,1765.28000000,1779.50000000,213870.78310000
1654660800000,1779.49000000,1818.31000000,1772.27000000,1806.40000000,197629.39150000
1654675200000,1806.40000000,1817.00000000,1795.90000000,1808.61000000,96783.80520000
1654689600000,1808.62000000,1838.77000000,1783.22000000,1815.27000000,212793.08710000
1654704000000,1815.28000000,1822.00000000,1771.53000000,1790.64000000,149480.63650000
1654718400000,1790.63000000,1813.40000000,1788.27000000,1791.88000000,70952.43390000
1654732800000,1791.88000000,1801.73000000,1777.33000000,1799.31000000,85330.50930000
1654747200000,1799.31000000,1812.00000000,1794.11000000,1811.99000000,56009.21150000
1654761600000,1812.00000000,1833.00000000,1802.67000000,1805.15000000,99947.99600000
1654776000000,1805.15000000,1811.11000000,1779.01000000,1799.35000000,139212.56160000
1654790400000,1799.35000000,1818.42000000,1782.19000000,1783.74000000,97563.78180000
1654804800000,1783.75000000,1799.50000000,1781.04000000,1788.81000000,57246.90160000
1654819200000,1788.80000000,1804.32000000,1745.01000000,1792.49000000,131683.04070000
1654833600000,1792.42000000,1800.52000000,1786.77000000,1788.63000000,39348.31190000
1654848000000,1788.63000000,1795.25000000,1763.51000000,1771.91000000,80271.83420000
1654862400000,1771.90000000,1782.00000000,1708.01000000,1727.10000000,335083.58950000
1654876800000,1727.09000000,1730.80000000,1661.00000000,1669.00000000,272249.49563000
1654891200000,1669.01000000,1685.60000000,1655.93000000,1662.91000000,96399.52046000
1654905600000,1662.91000000,1682.21000000,1658.50000000,1669.63000000,63536.46680000
1654920000000,1669.63000000,1680.07000000,1663.10000000,1667.46000000,64746.63660000
1654934400000,1667.46000000,1670.06000000,1545.00000000,1575.96000000,318704.63204000
1654948800000,1575.97000000,1591.42000000,1501.00000000,1517.60000000,395456.75065000
1654963200000,1517.61000000,1578.00000000,1496.74000000,1546.48000000,249389.12611000
1654977600000,1546.48000000,1553.19000000,1518.00000000,1532.89000000,128491.64200000
1654992000000,1532.89000000,1542.24000000,1446.60000000,1466.97000000,309301.15830000
1655006400000,1466.97000000,1480.00000000,1423.00000000,1471.26000000,266659.45498000
1655020800000,1471.26000000,1486.90000000,1452.83000000,1468.98000000,184732.58480000
1655035200000,1468.98000000,1547.00000000,1429.00000000,1525.92000000,383107.75110000
1655049600000,1525.91000000,1532.48000000,1477.38000000,1479.59000000,213731.30780000
1655064000000,1479.58000000,1488.71000000,1433.00000000,1434.84000000,205693.11320000
1655078400000,1434.84000000,1455.00000000,1304.39000000,1350.83000000,687754.88231000
1655092800000,1350.96000000,1387.32000000,1262.76000000,1283.46000000,627659.39471000
1655107200000,1283.07000000,1288.95000000,1180.00000000,1209.23000000,1004306.07661000
1655121600000,1209.14000000,1258.69000000,1165.45000000,1229.97000000,721528.32913000
1655136000000,1229.75000000,1279.74000000,1209.02000000,1228.69000000,322992.64830000
1655150400000,1228.69000000,1284.33000000,1168.50000000,1209.82000000,262110.33430000
1655164800000,1209.35000000,1225.00000000,1075.80000000,1174.10000000,857560.32051000
1655179200000,1174.09000000,1254.00000000,1136.00000000,1241.16000000,635032.95160000
1655193600000,1241.15000000,1244.48000000,1154.37000000,1175.23000000,376837.54460000
1655208000000,1175.22000000,1259.99000000,1158.00000000,1250.67000000,471630.88840000
1655222400000,1250.66000000,1268.45000000,1195.17000000,1206.15000000,190445.54590000
1655236800000,1206.15000000,1221.29000000,1159.12000000,1208.90000000,184986.55030000
1655251200000,1208.90000000,1231.67000000,1169.00000000,1173.09000000,215289.04600000
1655265600000,1173.09000000,1175.73000000,1082.37000000,1094.38000000,503061.03320000
1655280000000,1094.38000000,1136.96000000,1014.40000000,1120.05000000,831597.49541000
1655294400000,1120.05000000,1164.00000000,1093.66000000,1120.15000000,463215.78300000
1655308800000,1120.17000000,1227.29000000,1045.00000000,1171.03000000,839493.39010000
1655323200000,1171.02000000,1250.00000000,1153.12000000,1237.52000000,262166.38850000
1655337600000,1237.53000000,1257.85000000,1202.43000000,1210.10000000,223535.29250000
1655352000000,1210.10000000,1218.62000000,1155.26000000,1165.41000000,189838.84690000
1655366400000,1165.41000000,1180.40000000,1093.71000000,1111.11000000,279869.55640000
1655380800000,1111.11000000,1153.00000000,1082.00000000,1114.41000000,333512.70960000
1655395200000,1114.41000000,1134.09000000,1092.28000000,1096.05000000,204956.81660000
1655409600000,1096.06000000,1119.50000000,1051.55000000,1068.50000000,215673.60840000
1655424000000,1068.50000000,1117.10000000,1051.11000000,1071.51000000,272670.58360000
1655438400000,1071.51000000,1118.00000000,1068.07000000,1099.31000000,243193.33270000
1655452800000,1099.31000000,1113.00000000,1086.64000000,1092.61000000,204816.89110000
1655467200000,1092.61000000,1101.49000000,1064.14000000,1084.99000000,247409.62990000
1655481600000,1084.98000000,1093.52000000,1070.93000000,1080.00000000,158402.58250000
1655496000000,1079.99000000,1099.98000000,1075.12000000,1086.94000000,94184.92930000
1655510400000,1086.93000000,1097.58000000,1071.57000000,1079.47000000,114361.67750000
1655524800000,1079.46000000,1084.81000000,988.95000000,1003.78000000,424908.18592000
1655539200000,1003.78000000,1017.48000000,975.21000000,1005.06000000,431997.79430000
1655553600000,1005.06000000,1008.87000000,988.02000000,989.48000000,176735.21170000
1655568000000,989.49000000,999.83000000,912.53000000,915.15000000,412588.74498000
1655582400000,915.16000000,1015.00000000,881.56000000,995.13000000,748391.90430000
1655596800000,995.12000000,1009.54000000,940.95000000,953.20000000,338605.48020000
1655611200000,953.21000000,973.56000000,936.15000000,955.72000000,239993.73580000
1655625600000,955.73000000,1078.40000000,953.30000000,1055.12000000,493913.02860000
1655640000000,1055.12000000,1077.13000000,1018.64000000,1071.68000000,326461.93200000
1655654400000,1071.68000000,1128.67000000,1043.00000000,1100.77000000,307524.61560000
1655668800000,1100.77000000,1158.62000000,1098.08000000,1128.53000000,312100.65770000
1655683200000,1128.53000000,1132.75000000,1053.00000000,1080.01000000,303319.82870000
1655697600000,1080.00000000,1092.26000000,1060.22000000,1079.64000000,233412.25030000
1655712000000,1079.64000000,1170.00000000,1076.79000000,1153.05000000,420166.94190000
1655726400000,1153.04000000,1154.26000000,1107.36000000,1134.55000000,319954.33320000
1655740800000,1134.55000000,1137.00000000,1083.10000000,1106.46000000,270514.43890000
1655755200000,1106.46000000,1138.69000000,1090.74000000,1128.24000000,174405.12020000
1655769600000,1128.24000000,1143.79000000,1109.23000000,1130.89000000,216042.67460000
1655784000000,1130.89000000,1164.78000000,1118.29000000,1148.56000000,244115.13550000
1655798400000,1148.55000000,1177.77000000,1137.14000000,1141.39000000,255397.28500000
1655812800000,1141.39000000,1194.00000000,1135.24000000,1168.13000000,291666.28820000
1655827200000,1168.14000000,1175.06000000,1121.57000000,1124.43000000,160137.79630000
1655841600000,1124.42000000,1140.87000000,1113.49000000,1125.85000000,138736.19610000
1655856000000,1125.86000000,1127.33000000,1086.50000000,1089.30000000,193333.20550000
1655870400000,1089.30000000,1106.89000000,1066.60000000,1075.24000000,201837.34550000
1655884800000,1075.25000000,1106.01000000,1069.24000000,1097.33000000,185146.41750000
1655899200000,1097.33000000,1125.00000000,1070.83000000,1075.02000000,336981.88610000
1655913600000,1075.02000000,1088.89000000,1054.06000000,1070.72000000,232959.75990000
1655928000000,1070.72000000,1074.52000000,1043.65000000,1050.19000000,156701.24480000
1655942400000,1050.19000000,1097.98000000,1045.30000000,1076.40000000,201110.66530000
1655956800000,1076.40000000,1110.00000000,1072.15000000,1091.70000000,186061.72210000
1655971200000,1091.70000000,1116.59000000,1091.17000000,1106.59000000,216374.97240000
1655985600000,1106.59000000,1131.55000000,1086.95000000,1094.22000000,250593.64870000
1656000000000,1094.21000000,1128.21000000,1082.78000000,1126.65000000,163504.08940000
1656014400000,1126.64000000,1155.00000000,1120.00000000,1144.72000000,260611.99200000
1656028800000,1144.71000000,1168.40000000,1141.01000000,1150.39000000,182069.45010000
1656043200000,1150.39000000,1161.14000000,1132.00000000,1148.70000000,180338.60060000
1656057600000,1148.71000000,1205.52000000,1142.97000000,1195.91000000,290962.91830000
1656072000000,1195.90000000,1226.45000000,1189.57000000,1197.98000000,311401.81070000
1656086400000,1197.98000000,1232.00000000,1183.96000000,1228.04000000,192357.21980000
1656100800000,1228.05000000,1245.43000000,1215.04000000,1225.02000000,180007.48350000
1656115200000,1225.02000000,1227.30000000,1204.02000000,1223.76000000,126771.10300000
1656129600000,1223.76000000,1239.63000000,1210.68000000,1234.40000000,133910.45800000
1656144000000,1234.41000000,1242.30000000,1213.00000000,1217.16000000,108027.81910000
1656158400000,1217.16000000,1219.60000000,1181.83000000,1183.94000000,196706.69690000
1656172800000,1183.94000000,1214.57000000,1180.00000000,1205.57000000,119985.90920000
1656187200000,1205.57000000,1256.77000000,1201.45000000,1242.36000000,176584.63150000
1656201600000,1242.31000000,1245.90000000,1227.43000000,1233.28000000,82557.97620000
1656216000000,1233.28000000,1252.00000000,1232.42000000,1238.07000000,99453.33900000
1656230400000,1238.06000000,1277.00000000,1235.60000000,1269.72000000,168322.98610000
1656244800000,1269.72000000,1280.00000000,1211.86000000,1223.39000000,248261.95840000
1656259200000,1223.39000000,1233.42000000,1210.12000000,1226.11000000,101232.22400000
1656273600000,1226.11000000,1249.93000000,1194.60000000,1197.79000000,184355.78930000
1656288000000,1197.79000000,1226.70000000,1195.82000000,1219.91000000,154834.43990000
1656302400000,1219.92000000,1237.00000000,1212.71000000,1227.66000000,106477.97430000
1656316800000,1227.66000000,1238.93000000,1217.32000000,1220.01000000,96090.41650000
1656331200000,1220.01000000,1223.91000000,1175.00000000,1187.48000000,264741.88190000
1656345600000,1187.49000000,1211.32000000,1172.49000000,1196.69000000,139693.15380000
1656360000000,1196.70000000,1219.00000000,1189.24000000,1192.51000000,106896.33970000
1656374400000,1192.51000000,1199.64000000,1162.16000000,1181.94000000,179342.62950000
1656388800000,1181.94000000,1214.63000000,1179.14000000,1207.65000000,126416.80180000
1656403200000,1207.66000000,1233.82000000,1203.92000000,1223.48000000,178396.80910000
1656417600000,1223.48000000,1237.99000000,1182.00000000,1183.69000000,248894.21510000
1656432000000,1183.70000000,1193.73000000,1151.22000000,1156.23000000,233015.06770000
1656446400000,1156.22000000,1168.41000000,1136.32000000,1144.05000000,137999.69790000
1656460800000,1144.05000000,1156.80000000,1133.03000000,1144.89000000,147631.67310000
1656475200000,1144.90000000,1155.33000000,1114.50000000,1130.59000000,189568.74860000
1656489600000,1130.59000000,1142.44000000,1102.40000000,1117.95000000,211259.94820000
1656504000000,1117.94000000,1123.99000000,1090.20000000,1114.26000000,316233.42720000
1656518400000,1114.27000000,1119.00000000,1087.42000000,1117.95000000,189240.97530000
1656532800000,1117.95000000,1122.69000000,1092.73000000,1100.21000000,241583.02360000
1656547200000,1100.21000000,1106.62000000,1077.00000000,1093.93000000,154989.30190000
1656561600000,1093.92000000,1097.20000000,1052.50000000,1057.42000000,205579.35530000
1656576000000,1057.42000000,1057.57000000,1011.87000000,1018.49000000,296660.84800000
1656590400000,1018.48000000,1041.67000000,998.00000000,1032.22000000,311524.06540000
1656604800000,1032.22000000,1046.00000000,1012.21000000,1020.86000000,201617.80430000
1656619200000,1020.90000000,1082.30000000,1005.24000000,1071.01000000,250298.99070000
1656633600000,1071.02000000,1117.00000000,1050.46000000,1054.52000000,430646.87200000
1656648000000,1054.52000000,1076.43000000,1045.41000000,1066.81000000,275557.93280000
1656662400000,1066.81000000,1086.44000000,1033.44000000,1050.22000000,252105.56650000
1656676800000,1050.21000000,1074.23000000,1043.00000000,1056.86000000,298465.06950000
1656691200000,1056.86000000,1083.10000000,1054.82000000,1067.91000000,158796.22480000
1656705600000,1067.90000000,1092.00000000,1054.70000000,1059.73000000,146683.47830000
1656720000000,1059.73000000,1069.49000000,1033.77000000,1038.00000000,154333.57900000
1656734400000,1037.99000000,1053.27000000,1036.25000000,1042.08000000,78332.30740000
1656748800000,1042.08000000,1049.05000000,1028.29000000,1043.78000000,134546.68410000
1656763200000,1043.78000000,1064.79000000,1039.76000000,1052.89000000,156797.67710000
1656777600000,1052.89000000,1078.88000000,1049.49000000,1066.04000000,131905.11810000
1656792000000,1066.05000000,1075.38000000,1060.28000000,1067.01000000,58896.71470000
1656806400000,1067.01000000,1071.48000000,1054.06000000,1062.45000000,78757.92870000
1656820800000,1062.44000000,1088.34000000,1040.78000000,1063.88000000,174617.80570000
1656835200000,1063.88000000,1065.34000000,1050.00000000,1061.08000000,78500.19820000
1656849600000,1061.08000000,1063.25000000,1040.97000000,1050.61000000,92715.04860000
1656864000000,1050.61000000,1083.33000000,1049.62000000,1077.64000000,102756.53220000
1656878400000,1077.63000000,1087.33000000,1069.47000000,1074.26000000,117398.82030000
1656892800000,1074.26000000,1076.89000000,1047.42000000,1051.72000000,132592.82160000
1656907200000,1051.72000000,1057.76000000,1045.37000000,1050.83000000,62556.99640000
1656921600000,1050.84000000,1106.14000000,1050.04000000,1101.00000000,205609.10310000
1656936000000,1101.00000000,1135.36000000,1084.35000000,1112.21000000,367821.23860000
1656950400000,1112.20000000,1135.30000000,1103.38000000,1123.47000000,174525.47780000
1656964800000,1123.46000000,1160.90000000,1117.54000000,1151.00000000,207003.34860000
1656979200000,1151.01000000,1163.31000000,1142.18000000,1153.13000000,152798.32360000
1656993600000,1153.14000000,1174.90000000,1142.17000000,1158.26000000,182227.79800000
1657008000000,1158.26000000,1158.50000000,1107.79000000,1112.21000000,220896.70160000
1657022400000,1112.21000000,1113.00000000,1076.34000000,1092.95000000,363509.10480000
1657036800000,1092.95000000,1152.75000000,1088.28000000,1146.53000000,277114.46150000
1657051200000,1146.53000000,1170.00000000,1128.40000000,1132.50000000,202415.06000000
1657065600000,1132.51000000,1155.50000000,1111.44000000,1130.88000000,215956.94390000
1657080000000,1130.87000000,1150.67000000,1120.81000000,1139.36000000,202347.22940000
1657094400000,1139.36000000,1155.70000000,1128.54000000,1134.11000000,154818.61050000
1657108800000,1134.12000000,1151.27000000,1123.00000000,1133.59000000,225465.45470000
1657123200000,1133.60000000,1168.24000000,1132.39000000,1153.46000000,211698.94510000
1657137600000,1153.46000000,1205.00000000,1151.04000000,1186.57000000,201480.89210000
1657152000000,1186.57000000,1189.81000000,1166.59000000,1176.17000000,130002.00880000
1657166400000,1176.16000000,1177.90000000,1163.18000000,1176.59000000,98466.95240000
1657180800000,1176.58000000,1194.00000000,1173.06000000,1186.07000000,140480.54820000
1657195200000,1186.08000000,1229.26000000,1179.26000000,1220.37000000,271468.89770000
1657209600000,1220.37000000,1254.29000000,1214.76000000,1247.79000000,230536.57550000
1657224000000,1247.80000000,1250.34000000,1225.11000000,1237.49000000,130361.09640000
1657238400000,1237.49000000,1276.46000000,1231.15000000,1259.10000000,201059.97420000
1657252800000,1259.10000000,1267.86000000,1234.48000000,1241.28000000,134491.44120000
1657267200000,1241.29000000,1244.78000000,1204.15000000,1221.33000000,193942.85060000
1657281600000,1221.34000000,1241.46000000,1193.15000000,1235.96000000,327882.52500000
1657296000000,1235.96000000,1247.94000000,1214.00000000,1240.03000000,168610.09210000
1657310400000,1240.03000000,1254.69000000,1209.82000000,1214.04000000,163531.48000000
1657324800000,1214.03000000,1221.79000000,1204.67000000,1217.01000000,147773.17350000
1657339200000,1217.01000000,1227.40000000,1210.69000000,1225.02000000,79680.30950000
1657353600000,1225.01000000,1228.25000000,1205.27000000,1210.28000000,80972.91230000
1657368000000,1210.28000000,1222.61000000,1206.52000000,1215.24000000,83406.71320000
1657382400000,1215.23000000,1235.40000000,1209.33000000,1218.61000000,89320.97600000
1657396800000,1218.62000000,1226.74000000,1212.94000000,1217.02000000,95183.09640000
1657411200000,1217.02000000,1219.95000000,1182.00000000,1188.12000000,175942.19760000
1657425600000,1188.11000000,1195.46000000,1184.30000000,1189.54000000,110486.30430000
1657440000000,1189.54000000,1194.13000000,1174.00000000,1183.47000000,180767.52750000
1657454400000,1183.48000000,1187.75000000,1156.44000000,1163.58000000,190340.16980000
1657468800000,1163.59000000,1176.38000000,1153.00000000,1174.32000000,135346.61210000
1657483200000,1174.32000000,1185.01000000,1160.66000000,1168.36000000,225155.83930000
1657497600000,1168.37000000,1171.29000000,1143.77000000,1154.58000000,210572.84580000
1657512000000,1154.57000000,1155.20000000,1137.57000000,1143.37000000,188855.86270000
1657526400000,1143.37000000,1150.00000000,1141.55000000,1143.57000000,152559.44090000
1657540800000,1143.56000000,1161.75000000,1128.56000000,1143.68000000,246102.97940000
1657555200000,1143.67000000,1156.77000000,1136.34000000,1141.80000000,133509.04010000
1657569600000,1141.80000000,1145.28000000,1091.71000000,1096.40000000,270052.13590000
1657584000000,1096.37000000,1098.26000000,1081.55000000,1086.15000000,175703.33600000
1657598400000,1086.15000000,1093.38000000,1062.71000000,1069.07000000,162877.95050000
1657612800000,1069.07000000,1072.77000000,1053.76000000,1065.83000000,213463.75290000
1657627200000,1065.83000000,1083.49000000,1061.78000000,1075.89000000,255722.38740000
1657641600000,1075.89000000,1088.83000000,1033.46000000,1041.40000000,268903.40860000
1657656000000,1041.41000000,1051.67000000,1035.30000000,1038.58000000,184678.79670000
1657670400000,1038.58000000,1059.62000000,1035.58000000,1052.34000000,247067.10700000
1657684800000,1052.34000000,1072.48000000,1049.11000000,1069.57000000,190455.31230000
1657699200000,1069.57000000,1084.46000000,1065.70000000,1082.03000000,222293.43480000
1657713600000,1082.02000000,1103.78000000,1006.32000000,1060.21000000,872747.36880000
1657728000000,1060.20000000,1098.96000000,1049.21000000,1076.61000000,310114.90840000
1657742400000,1076.61000000,1119.18000000,1074.39000000,1115.00000000,192927.69860000
1657756800000,1115.01000000,1127.19000000,1109.00000000,1112.71000000,200647.51340000
1657771200000,1112.72000000,1114.90000000,1093.30000000,1097.58000000,161471.22020000
1657785600000,1097.57000000,1100.71000000,1072.11000000,1081.27000000,196371.83550000
1657800000000,1081.26000000,1147.97000000,1072.80000000,1140.95000000,403737.32390000
1657814400000,1140.96000000,1214.65000000,1133.14000000,1194.04000000,490261.66740000
1657828800000,1194.05000000,1201.35000000,1180.60000000,1193.42000000,152612.36580000
1657843200000,1193.42000000,1222.92000000,1181.05000000,1199.92000000,236252.94330000
1657857600000,1199.93000000,1217.96000000,1189.79000000,1211.85000000,202707.51010000
1657872000000,1211.86000000,1230.00000000,1203.28000000,1211.10000000,230969.57120000
1657886400000,1211.10000000,1237.58000000,1207.50000000,1222.13000000,312727.50600000
1657900800000,1222.13000000,1270.42000000,1203.72000000,1266.33000000,291811.38130000
1657915200000,1266.33000000,1287.82000000,1227.42000000,1231.25000000,191568.34650000
1657929600000,1231.25000000,1235.24000000,1209.42000000,1222.16000000,112152.43350000
1657944000000,1222.16000000,1223.15000000,1191.23000000,1197.30000000,151642.57700000
1657958400000,1197.30000000,1206.55000000,1193.22000000,1197.92000000,74663.29040000
1657972800000,1197.91000000,1277.02000000,1196.00000000,1274.33000000,271259.14230000
1657987200000,1274.34000000,1422.91000000,1272.21000000,1336.23000000,692339.37130000
1658001600000,1336.23000000,1363.10000000,1314.60000000,1355.85000000,191753.10810000
1658016000000,1355.84000000,1387.00000000,1328.17000000,1353.60000000,195063.93830000
1658030400000,1353.61000000,1377.56000000,1347.14000000,1361.67000000,163572.96120000
1658044800000,1361.66000000,1376.54000000,1337.32000000,1363.48000000,198461.57730000
1658059200000,1363.47000000,1367.00000000,1330.83000000,1351.95000000,222592.72780000
1658073600000,1351.96000000,1382.29000000,1319.04000000,1347.90000000,319640.17140000
1658088000000,1347.89000000,1376.00000000,1335.27000000,1338.65000000,146871.50350000
1658102400000,1338.65000000,1421.43000000,1336.07000000,1406.51000000,290421.82540000
1658116800000,1406.50000000,1475.66000000,1393.84000000,1467.13000000,406303.73270000
1658131200000,1467.14000000,1509.91000000,1462.57000000,1479.08000000,393186.20041000
1658145600000,1479.08000000,1529.72000000,1452.52000000,1521.35000000,287476.08130000
1658160000000,1521.34000000,1530.00000000,1450.00000000,1472.30000000,328581.36430000
1658174400000,1472.30000000,1597.47000000,1461.43000000,1581.04000000,323949.56110000
1658188800000,1581.03000000,1631.00000000,1510.94000000,1516.24000000,539046.03270000
1658203200000,1516.24000000,1542.68000000,1493.11000000,1510.58000000,276184.72800000
1658217600000,1510.59000000,1561.45000000,1505.75000000,1541.82000000,226801.22910000
1658232000000,1541.82000000,1577.28000000,1506.41000000,1540.44000000,386838.58440000
1658246400000,1540.52000000,1589.76000000,1534.79000000,1560.79000000,272483.80040000
1658260800000,1560.78000000,1588.10000000,1526.01000000,1542.32000000,144694.30700000
1658275200000,1542.33000000,1568.42000000,1510.47000000,1561.72000000,166067.99200000
1658289600000,1561.72000000,1579.80000000,1528.76000000,1531.06000000,172354.43030000
1658304000000,1531.05000000,1614.00000000,1526.67000000,1602.91000000,280370.94740000
1658318400000,1602.90000000,1620.40000000,1583.00000000,1596.53000000,258643.11990000
1658332800000,1596.52000000,1597.58000000,1538.00000000,1551.79000000,201299.32740000
1658347200000,1551.79000000,1567.09000000,1484.23000000,1521.58000000,272441.60770000
1658361600000,1521.63000000,1554.70000000,1482.23000000,1487.96000000,198535.81040000
1658376000000,1487.96000000,1497.74000000,1463.56000000,1488.01000000,188299.69050000
1658390400000,1488.01000000,1520.95000000,1477.01000000,1489.19000000,225384.25610000
1658404800000,1489.19000000,1515.66000000,1481.11000000,1511.01000000,206855.85990000
1658419200000,1511.01000000,1580.00000000,1508.99000000,1578.85000000,259205.74570000
1658433600000,1578.84000000,1605.98000000,1565.09000000,1575.45000000,169046.13370000
1658448000000,1575.45000000,1595.92000000,1553.10000000,1561.45000000,113192.84830000
1658462400000,1561.45000000,1614.02000000,1555.87000000,1601.69000000,167980.85940000
1658476800000,1601.69000000,1650.05000000,1595.12000000,1639.08000000,306124.88980000
1658491200000,1639.08000000,1644.50000000,1569.05000000,1574.91000000,286637.95760000
1658505600000,1574.90000000,1591.99000000,1519.65000000,1526.20000000,199606.11000000
1658520000000,1526.21000000,1544.54000000,1516.11000000,1535.27000000,97180.42220000
1658534400000,1535.27000000,1580.00000000,1523.45000000,1571.00000000,112331.34690000
1658548800000,1571.01000000,1596.51000000,1564.28000000,1578.35000000,124844.71310000
1658563200000,1578.35000000,1588.35000000,1519.00000000,1522.19000000,184858.73870000
1658577600000,1522.19000000,1537.30000000,1501.65000000,1523.67000000,142349.88440000
1658592000000,1523.67000000,1532.99000000,1488.00000000,1513.33000000,186605.52310000
1658606400000,1513.25000000,1555.26000000,1511.56000000,1548.67000000,100294.52770000
1658620800000,1548.66000000,1577.24000000,1545.67000000,1551.51000000,108044.06860000
1658635200000,1551.51000000,1619.99000000,1546.90000000,1604.44000000,209318.75100000
1658649600000,1604.44000000,1628.86000000,1580.00000000,1615.85000000,165371.26890000
1658664000000,1615.84000000,1621.42000000,1573.00000000,1612.61000000,188316.02090000
1658678400000,1612.61000000,1615.38000000,1583.51000000,1602.76000000,116376.05630000
1658692800000,1602.75000000,1664.34000000,1589.01000000,1597.70000000,222509.73400000
1658707200000,1597.70000000,1609.55000000,1498.95000000,1511.51000000,321802.86220000
1658721600000,1511.51000000,1529.84000000,1499.45000000,1522.12000000,151357.45750000
1658736000000,1522.12000000,1553.79000000,1510.70000000,1537.50000000,151747.87450000
1658750400000,1537.49000000,1538.65000000,1502.21000000,1526.03000000,238151.55040000
1658764800000,1526.02000000,1534.94000000,1455.17000000,1495.00000000,228960.89920000
1658779200000,1495.00000000,1538.51000000,1435.58000000,1440.79000000,326370.33710000
1658793600000,1440.79000000,1450.00000000,1400.46000000,1433.05000000,290515.83950000
1658808000000,1433.04000000,1438.30000000,1406.68000000,1409.46000000,164620.37350000
1658822400000,1409.46000000,1423.97000000,1385.08000000,1406.33000000,119648.96080000
1658836800000,1406.33000000,1420.39000000,1363.87000000,1368.68000000,254885.88940000
1658851200000,1368.67000000,1396.00000000,1356.86000000,1366.02000000,152127.90140000
1658865600000,1366.09000000,1454.11000000,1356.17000000,1449.12000000,217844.77620000
1658880000000,1449.12000000,1458.88000000,1420.83000000,1424.76000000,151529.55230000
1658894400000,1424.75000000,1472.00000000,1422.53000000,1464.47000000,154535.78590000
1658908800000,1464.47000000,1474.96000000,1446.93000000,1452.68000000,132656.95850000
1658923200000,1452.68000000,1496.99000000,1444.91000000,1489.20000000,191261.28240000
1658937600000,1489.20000000,1615.00000000,1477.40000000,1587.96000000,640486.45840000
1658952000000,1587.96000000,1644.44000000,1585.00000000,1635.74000000,242956.00380000
1658966400000,1635.74000000,1677.00000000,1605.29000000,1648.64000000,254233.38100000
1658980800000,1648.64000000,1654.47000000,1614.00000000,1618.44000000,161111.98540000
1658995200000,1618.44000000,1645.04000000,1601.23000000,1641.52000000,158773.54590000
1659009600000,1641.52000000,1755.00000000,1593.27000000,1728.31000000,535052.55925000
1659024000000,1728.32000000,1750.00000000,1713.35000000,1725.98000000,244552.98650000
1659038400000,1725.98000000,1784.79000000,1712.61000000,1724.52000000,224420.61750000
1659052800000,1724.52000000,1733.98000000,1696.00000000,1727.02000000,144740.16560000
1659067200000,1727.02000000,1752.03000000,1706.14000000,1715.36000000,146530.84200000
1659081600000,1715.35000000,1733.11000000,1664.27000000,1681.39000000,189275.72950000
1659096000000,1681.40000000,1744.00000000,1655.02000000,1721.66000000,315424.73640000
1659110400000,1721.66000000,1736.23000000,1663.44000000,1723.84000000,246227.38580000
1659124800000,1723.83000000,1765.99000000,1703.01000000,1721.68000000,163067.71100000
1659139200000,1721.68000000,1735.31000000,1686.84000000,1707.14000000,145133.62240000
1659153600000,1707.15000000,1720.00000000,1688.69000000,1715.50000000,68455.14860000
1659168000000,1715.50000000,1723.54000000,1678.25000000,1704.77000000,108839.85890000
1659182400000,1704.77000000,1744.85000000,1696.01000000,1736.84000000,183779.02050000
1659196800000,1736.84000000,1737.49000000,1689.07000000,1691.93000000,103836.75880000
1659211200000,1691.92000000,1710.02000000,1673.01000000,1697.00000000,125088.11940000
1659225600000,1697.00000000,1712.77000000,1686.40000000,1693.74000000,83340.89940000
1659240000000,1693.75000000,1708.29000000,1689.36000000,1697.93000000,53767.39410000
1659254400000,1697.93000000,1724.19000000,1686.06000000,1718.57000000,95325.07820000
1659268800000,1718.56000000,1722.32000000,1692.42000000,1712.04000000,81433.33900000
1659283200000,1712.05000000,1754.69000000,1687.01000000,1717.37000000,210334.38350000
1659297600000,1717.37000000,1724.93000000,1666.00000000,1678.12000000,172125.71370000
1659312000000,1678.12000000,1704.68000000,1672.63000000,1691.77000000,80181.80360000
1659326400000,1691.78000000,1697.22000000,1672.79000000,1692.87000000,74921.72130000
1659340800000,1692.88000000,1695.36000000,1641.09000000,1668.21000000,112901.85040000
1659355200000,1668.21000000,1690.59000000,1636.47000000,1672.60000000,192661.15540000
1659369600000,1672.59000000,1673.59000000,1615.99000000,1622.27000000,219598.89470000
1659384000000,1622.28000000,1644.14000000,1606.12000000,1630.28000000,121301.13940000
1659398400000,1630.28000000,1657.11000000,1568.35000000,1577.35000000,200194.57930000
1659412800000,1577.30000000,1599.99000000,1566.17000000,1593.52000000,121271.66830000
1659427200000,1593.52000000,1598.99000000,1559.28000000,1587.36000000,137174.38350000
1659441600000,1587.36000000,1637.99000000,1564.17000000,1629.93000000,283969.12750000
1659456000000,1629.92000000,1678.00000000,1622.02000000,1637.14000000,243088.00960000
1659470400000,1637.14000000,1661.04000000,1628.20000000,1630.91000000,96266.74220000
1659484800000,1630.91000000,1639.25000000,1589.71000000,1619.95000000,149046.20770000
1659499200000,1619.95000000,1643.99000000,1613.20000000,1629.09000000,111273.68630000
1659513600000,1629.08000000,1672.99000000,1628.66000000,1665.54000000,132080.61790000
1659528000000,1665.55000000,1685.03000000,1645.30000000,1655.86000000,164441.71620000
1659542400000,1655.87000000,1671.74000000,1647.24000000,1654.38000000,110664.23360000
1659556800000,1654.38000000,1657.34000000,1607.42000000,1618.16000000,110218.27960000
1659571200000,1618.16000000,1659.28000000,1615.57000000,1651.14000000,111612.71100000
1659585600000,1651.15000000,1662.79000000,1615.15000000,1625.93000000,116602.90230000
1659600000000,1625.92000000,1630.99000000,1606.27000000,1615.71000000,107309.77910000
1659614400000,1615.72000000,1644.00000000,1596.84000000,1615.59000000,177224.30380000
1659628800000,1615.60000000,1624.44000000,1580.39000000,1590.96000000,147951.92750000
1659643200000,1590.97000000,1613.29000000,1581.09000000,1607.96000000,74850.55730000
1659657600000,1607.97000000,1669.83000000,1605.64000000,1659.65000000,181922.17030000
1659672000000,1659.66000000,1679.60000000,1646.63000000,1662.87000000,105665.78580000
1659686400000,1662.87000000,1717.87000000,1652.13000000,1713.43000000,152209.40000000
1659700800000,1713.43000000,1725.00000000,1660.01000000,1670.05000000,315073.26730000
1659715200000,1670.06000000,1684.45000000,1656.77000000,1681.36000000,116571.92680000
1659729600000,1681.35000000,1742.07000000,1666.34000000,1736.81000000,134403.92100000
1659744000000,1736.81000000,1749.93000000,1725.87000000,1734.47000000,124612.87860000
1659758400000,1734.47000000,1737.98000000,1713.99000000,1720.73000000,67956.01820000
1659772800000,1720.73000000,1724.41000000,1702.62000000,1712.11000000,93621.38980000
1659787200000,1712.10000000,1720.97000000,1706.60000000,1715.53000000,74418.26480000
1659801600000,1715.53000000,1720.92000000,1685.26000000,1714.73000000,104881.35810000
1659816000000,1714.73000000,1724.27000000,1687.29000000,1690.60000000,57824.73490000
1659830400000,1690.60000000,1698.49000000,1668.00000000,1684.07000000,101183.71460000
1659844800000,1684.07000000,1689.35000000,1672.71000000,1686.24000000,53709.29510000
1659859200000,1686.23000000,1694.13000000,1673.02000000,1692.60000000,50276.85500000
1659873600000,1692.59000000,1715.18000000,1691.16000000,1698.89000000,87108.27850000
1659888000000,1698.89000000,1717.00000000,1695.18000000,1708.45000000,69471.21470000
1659902400000,1708.44000000,1729.79000000,1690.00000000,1700.19000000,78155.40610000
1659916800000,1700.20000000,1720.00000000,1693.87000000,1709.77000000,76003.82810000
1659931200000,1709.76000000,1740.00000000,1708.30000000,1732.79000000,102742.99220000
1659945600000,1732.78000000,1792.65000000,1728.28000000,1789.37000000,176964.23840000
1659960000000,1789.37000000,1818.00000000,1767.00000000,1775.31000000,201012.26510000
1659974400000,1775.31000000,1787.00000000,1755.60000000,1783.13000000,114974.77040000
1659988800000,1783.12000000,1799.32000000,1757.99000000,1777.05000000,109922.45010000
1660003200000,1777.05000000,1786.81000000,1761.44000000,1778.53000000,65393.31330000
1660017600000,1778.53000000,1790.83000000,1766.71000000,1782.02000000,71572.38830000
1660032000000,1782.01000000,1783.00000000,1692.20000000,1704.04000000,227871.34860000
1660046400000,1704.04000000,1718.00000000,1667.93000000,1684.63000000,231200.18210000
1660060800000,1684.64000000,1698.52000000,1674.58000000,1688.00000000,122767.63640000
1660075200000,1688.01000000,1716.74000000,1687.40000000,1702.76000000,99366.23320000
1660089600000,1702.76000000,1702.76000000,1656.78000000,1669.49000000,170656.00310000
1660104000000,1669.50000000,1691.49000000,1667.33000000,1686.00000000,90997.64470000
1660118400000,1686.01000000,1713.53000000,1684.22000000,1707.20000000,116768.61200000
1660132800000,1707.20000000,1853.55000000,1703.60000000,1837.50000000,618189.33070000
1660147200000,1837.49000000,1849.66000000,1804.08000000,1818.24000000,179365.12690000
1660161600000,1818.24000000,1885.00000000,1817.72000000,1853.57000000,141790.79530000
1660176000000,1853.58000000,1918.19000000,1850.32000000,1880.37000000,277052.59890000
1660190400000,1880.38000000,1906.00000000,1870.00000000,1878.88000000,174689.21120000
1660204800000,1878.87000000,1913.49000000,1873.72000000,1903.58000000,123834.95380000
1660219200000,1903.58000000,1942.00000000,1883.78000000,1890.48000000,309919.66030000
1660233600000,1890.48000000,1908.39000000,1875.56000000,1899.16000000,120832.75410000
1660248000000,1899.16000000,1905.38000000,1867.27000000,1880.19000000,98932.72260000
1660262400000,1880.19000000,1913.90000000,1857.67000000,1903.98000000,118378.54320000
1660276800000,1903.99000000,1909.49000000,1882.56000000,1888.44000000,71772.01440000
1660291200000,1888.44000000,1904.54000000,1853.06000000,1868.61000000,130058.09410000
1660305600000,1868.61000000,1903.79000000,1867.40000000,1897.69000000,123167.16370000
1660320000000,1897.68000000,1931.19000000,1891.00000000,1926.21000000,123240.11950000
1660334400000,1926.21000000,1964.71000000,1916.67000000,1958.28000000,151012.16660000
1660348800000,1958.28000000,1998.88000000,1946.50000000,1996.57000000,151731.25920000
1660363200000,1996.57000000,2020.00000000,1986.05000000,1995.78000000,164250.89390000
1660377600000,1995.78000000,2007.64000000,1973.21000000,1985.99000000,119010.73340000
1660392000000,1986.00000000,1995.00000000,1961.99000000,1988.51000000,103793.42290000
1660406400000,1988.51000000,2004.27000000,1972.24000000,1975.62000000,100294.67550000
1660420800000,1975.63000000,1994.80000000,1967.61000000,1983.55000000,56795.04440000
1660435200000,1983.55000000,1996.00000000,1970.96000000,1985.82000000,57239.79780000
1660449600000,1985.83000000,2030.00000000,1981.00000000,2016.75000000,98390.76140000
1660464000000,2016.75000000,2017.41000000,1981.00000000,1990.15000000,86341.61610000
1660478400000,1990.16000000,1991.64000000,1970.13000000,1984.17000000,82431.17260000
1660492800000,1984.18000000,1984.81000000,1906.00000000,1931.42000000,161727.90010000
1660507200000,1931.42000000,1960.23000000,1917.00000000,1935.31000000,83452.23720000
1660521600000,1935.32000000,2012.47000000,1923.00000000,1986.33000000,171447.80160000
1660536000000,1986.33000000,1992.81000000,1884.46000000,1899.87000000,243908.15670000
1660550400000,1899.88000000,1913.10000000,1875.01000000,1891.23000000,150439.59420000
1660564800000,1891.23000000,1922.00000000,1872.31000000,1917.70000000,173982.07570000
1660579200000,1917.71000000,1933.42000000,1885.01000000,1889.57000000,109153.80760000
1660593600000,1889.57000000,1917.70000000,1875.50000000,1899.06000000,100230.89470000
1660608000000,1899.05000000,1914.95000000,1861.15000000,1887.71000000,129310.25910000
1660622400000,1887.71000000,1893.38000000,1856.98000000,1886.59000000,92398.82480000
1660636800000,1886.58000000,1915.00000000,1874.45000000,1906.64000000,95754.20490000
1660651200000,1906.64000000,1914.97000000,1863.34000000,1887.38000000,136207.75960000
1660665600000,1887.38000000,1897.96000000,1853.00000000,1879.34000000,117478.52690000
1660680000000,1879.33000000,1886.89000000,1866.60000000,1876.67000000,51579.57460000
1660694400000,1876.67000000,1904.71000000,1874.85000000,1896.00000000,104577.35650000
1660708800000,1895.99000000,1959.43000000,1888.37000000,1890.39000000,217566.71390000
1660723200000,1890.38000000,1902.60000000,1869.06000000,1876.85000000,102346.23680000
1660737600000,1876.85000000,1886.46000000,1818.74000000,1830.92000000,265662.29070000
1660752000000,1830.92000000,1870.69000000,1824.00000000,1838.51000000,183420.86570000
1660766400000,1838.51000000,1853.98000000,1824.15000000,1834.25000000,78251.43390000
1660780800000,1834.24000000,1865.63000000,1821.25000000,1848.65000000,95663.63770000
1660795200000,1848.65000000,1853.00000000,1836.22000000,1845.01000000,54457.98930000
1660809600000,1845.01000000,1866.54000000,1834.62000000,1859.49000000,80317.20650000
1660824000000,1859.49000000,1882.37000000,1848.99000000,1873.11000000,167584.02680000
1660838400000,1873.12000000,1879.00000000,1856.01000000,1870.43000000,112438.28990000
1660852800000,1870.42000000,1879.73000000,1838.00000000,1846.39000000,95792.87380000
1660867200000,1846.39000000,1848.00000000,1806.16000000,1818.02000000,195637.32770000
1660881600000,1818.02000000,1825.26000000,1723.00000000,1744.63000000,277278.69780000
1660896000000,1744.63000000,1745.00000000,1683.00000000,1707.73000000,284130.44400000
1660910400000,1707.72000000,1707.91000000,1675.30000000,1698.17000000,205240.47480000
1660924800000,1698.17000000,1726.49000000,1680.80000000,1701.18000000,190329.10140000
1660939200000,1701.18000000,1706.39000000,1602.37000000,1609.01000000,267210.90580000
1660953600000,1609.00000000,1640.00000000,1607.89000000,1627.65000000,177688.43410000
1660968000000,1627.65000000,1657.08000000,1625.34000000,1647.76000000,125601.13000000
1660982400000,1647.75000000,1649.82000000,1617.99000000,1631.00000000,84159.53260000
1660996800000,1631.01000000,1644.04000000,1624.19000000,1634.69000000,82096.45530000
1661011200000,1634.70000000,1639.43000000,1555.00000000,1564.23000000,235287.60840000
1661025600000,1564.23000000,1588.80000000,1523.67000000,1576.04000000,209782.76220000
1661040000000,1576.03000000,1604.23000000,1573.19000000,1585.57000000,124705.31360000
1661054400000,1585.56000000,1595.41000000,1562.34000000,1585.45000000,95989.25950000
1661068800000,1585.45000000,1629.99000000,1584.87000000,1626.75000000,190990.95900000
1661083200000,1626.76000000,1640.80000000,1600.40000000,1621.12000000,112920.90340000
1661097600000,1621.11000000,1635.00000000,1609.90000000,1624.18000000,80709.64720000
1661112000000,1624.17000000,1646.52000000,1580.60000000,1618.13000000,175346.52350000
1661126400000,1618.13000000,1621.97000000,1593.77000000,1594.95000000,109489.01610000
1661140800000,1594.95000000,1610.50000000,1551.59000000,1556.62000000,147768.98630000
1661155200000,1556.62000000,1580.82000000,1529.92000000,1567.78000000,216485.33320000
1661169600000,1567.77000000,1595.00000000,1547.99000000,1589.78000000,215845.99220000
1661184000000,1589.77000000,1601.28000000,1549.25000000,1567.72000000,123092.22400000
1661198400000,1567.72000000,1629.72000000,1564.55000000,1624.66000000,128511.34360000
1661212800000,1624.65000000,1638.87000000,1607.73000000,1609.26000000,121805.83330000
1661227200000,1609.26000000,1617.70000000,1563.76000000,1602.24000000,138381.99660000
1661241600000,1602.24000000,1625.10000000,1588.08000000,1620.49000000,185869.97810000
1661256000000,1620.48000000,1655.44000000,1606.68000000,1640.50000000,241992.13650000
1661270400000,1640.50000000,1676.07000000,1623.81000000,1650.62000000,154965.00400000
1661284800000,1650.63000000,1673.00000000,1641.42000000,1665.41000000,97231.98350000
1661299200000,1665.40000000,1666.47000000,1604.92000000,1614.44000000,174982.82460000
1661313600000,1614.44000000,1649.63000000,1610.53000000,1627.06000000,108838.85770000
1661328000000,1627.06000000,1654.11000000,1626.14000000,1650.92000000,90082.17900000
1661342400000,1650.91000000,1688.00000000,1642.44000000,1683.50000000,168398.54540000
1661356800000,1683.49000000,1694.13000000,1664.00000000,1678.59000000,112378.98260000
1661371200000,1678.59000000,1686.41000000,1651.82000000,1656.56000000,89986.21850000
1661385600000,1656.56000000,1684.99000000,1653.68000000,1669.73000000,87774.77370000
1661400000000,1669.73000000,1712.74000000,1669.28000000,1708.92000000,133966.23650000
1661414400000,1708.92000000,1716.56000000,1693.71000000,1710.11000000,93234.82050000
1661428800000,1710.11000000,1722.00000000,1688.44000000,1701.19000000,143810.62800000
1661443200000,1701.20000000,1713.16000000,1689.53000000,1707.10000000,80521.73190000
1661457600000,1707.10000000,1712.85000000,1682.13000000,1695.11000000,63782.52240000
1661472000000,1695.11000000,1695.23000000,1671.70000000,1687.15000000,78668.81950000
1661486400000,1687.16000000,1687.69000000,1641.67000000,1660.56000000,116688.65670000
1661500800000,1660.56000000,1667.42000000,1620.50000000,1629.13000000,110359.32040000
1661515200000,1629.13000000,1706.45000000,1585.21000000,1593.53000000,467259.60920000
1661529600000,1593.53000000,1599.56000000,1538.23000000,1559.78000000,208407.69050000
1661544000000,1559.78000000,1568.72000000,1486.85000000,1508.18000000,168528.73290000
1661558400000,1508.18000000,1518.42000000,1483.20000000,1501.86000000,134000.37070000
1661572800000,1501.85000000,1509.74000000,1469.19000000,1508.02000000,145279.59770000
1661587200000,1508.02000000,1511.82000000,1494.81000000,1505.32000000,106527.43250000
1661601600000,1505.32000000,1509.15000000,1453.85000000,1469.93000000,150170.00880000
1661616000000,1469.92000000,1484.32000000,1447.52000000,1479.63000000,131885.37400000
1661630400000,1479.62000000,1498.75000000,1457.66000000,1491.06000000,88273.89310000
1661644800000,1491.06000000,1511.00000000,1475.27000000,1491.48000000,70105.82370000
1661659200000,1491.48000000,1502.72000000,1481.59000000,1496.99000000,55840.63080000
1661673600000,1496.99000000,1504.07000000,1475.21000000,1485.72000000,69037.43180000
1661688000000,1485.72000000,1488.98000000,1458.99000000,1486.84000000,108692.57890000
1661702400000,1486.84000000,1498.00000000,1478.41000000,1483.27000000,84903.03190000
1661716800000,1483.28000000,1492.57000000,1424.00000000,1426.76000000,156266.95150000
1661731200000,1426.76000000,1463.03000000,1422.08000000,1456.88000000,156710.19320000
1661745600000,1456.88000000,1462.21000000,1439.35000000,1454.74000000,90376.47670000
1661760000000,1454.74000000,1456.39000000,1442.00000000,1449.04000000,75623.00130000
1661774400000,1449.05000000,1531.37000000,1447.01000000,1521.89000000,272964.97760000
1661788800000,1521.88000000,1545.00000000,1519.97000000,1531.36000000,133687.84840000
1661803200000,1531.36000000,1559.99000000,1529.21000000,1551.80000000,96889.58590000
1661817600000,1551.79000000,1552.66000000,1523.56000000,1544.20000000,92145.75710000
1661832000000,1544.19000000,1600.84000000,1542.73000000,1586.98000000,171149.38660000
1661846400000,1586.98000000,1606.13000000,1576.50000000,1584.88000000,98855.43530000
1661860800000,1584.89000000,1594.77000000,1509.61000000,1524.69000000,271442.96500000
1661875200000,1524.68000000,1569.41000000,1473.61000000,1543.30000000,241181.30740000
1661889600000,1543.31000000,1565.63000000,1516.93000000,1524.59000000,128300.16580000
1661904000000,1524.59000000,1618.00000000,1524.59000000,1606.54000000,183899.86280000
1661918400000,1606.55000000,1619.78000000,1576.92000000,1584.83000000,149194.75510000
1661932800000,1584.82000000,1608.08000000,1560.00000000,1594.89000000,170367.52020000
1661947200000,1594.90000000,1610.00000000,1535.38000000,1560.68000000,208901.80010000
1661961600000,1560.68000000,1588.78000000,1528.00000000,1575.33000000,156700.75530000
1661976000000,1575.33000000,1584.66000000,1542.23000000,1554.10000000,80162.98400000
1661990400000,1554.11000000,1573.98000000,1533.92000000,1549.91000000,134790.18970000
1662004800000,1549.92000000,1562.88000000,1531.08000000,1544.60000000,84155.56390000
1662019200000,1544.59000000,1586.34000000,1533.04000000,1577.99000000,110436.20390000
1662033600000,1577.99000000,1581.37000000,1512.77000000,1536.03000000,200258.92940000
1662048000000,1536.02000000,1572.76000000,1523.60000000,1564.64000000,105436.99430000
1662062400000,1564.65000000,1599.00000000,1561.70000000,1586.16000000,93632.60080000
1662076800000,1586.17000000,1606.19000000,1567.15000000,1595.82000000,108764.54610000
1662091200000,1595.82000000,1611.90000000,1577.94000000,1594.29000000,85051.23410000
1662105600000,1594.28000000,1603.00000000,1582.15000000,1593.63000000,75269.38090000
1662120000000,1593.62000000,1650.00000000,1580.00000000,1636.32000000,356701.27150000
1662134400000,1636.33000000,1639.42000000,1546.41000000,1561.47000000,214995.48220000
1662148800000,1561.47000000,1586.60000000,1551.00000000,1575.35000000,78227.74500000
1662163200000,1575.35000000,1582.71000000,1554.65000000,1561.54000000,65693.03260000
1662177600000,1561.53000000,1573.12000000,1534.28000000,1544.07000000,61892.19530000
1662192000000,1544.07000000,1559.74000000,1540.00000000,1548.66000000,61461.66510000
1662206400000,1548.66000000,1565.89000000,1543.58000000,1548.24000000,52055.43480000
1662220800000,1548.24000000,1564.00000000,1535.63000000,1549.31000000,47958.87140000
1662235200000,1549.31000000,1561.91000000,1546.70000000,1557.46000000,32336.01970000
1662249600000,1557.45000000,1561.55000000,1547.45000000,1552.16000000,29994.82220000
1662264000000,1552.16000000,1556.91000000,1543.56000000,1545.44000000,35430.88830000
1662278400000,1545.44000000,1564.83000000,1540.66000000,1564.55000000,44261.31000000
1662292800000,1564.54000000,1583.66000000,1544.82000000,1560.55000000,85584.78370000
1662307200000,1560.55000000,1576.49000000,1555.67000000,1567.10000000,46862.99990000
1662321600000,1567.10000000,1582.87000000,1563.27000000,1579.28000000,54456.31250000
1662336000000,1579.29000000,1592.87000000,1568.68000000,1575.48000000,72959.34990000
1662350400000,1575.47000000,1580.20000000,1556.56000000,1562.49000000,68182.59220000
1662364800000,1562.50000000,1569.34000000,1557.93000000,1566.86000000,59749.27370000
1662379200000,1566.85000000,1606.43000000,1562.41000000,1600.82000000,119103.80150000
1662393600000,1600.82000000,1610.00000000,1576.37000000,1586.01000000,100183.03650000
1662408000000,1586.02000000,1631.99000000,1585.51000000,1617.80000000,83314.88320000
1662422400000,1617.80000000,1676.00000000,1615.27000000,1640.38000000,203634.81990000
1662436800000,1640.37000000,1678.70000000,1637.00000000,1658.77000000,141769.04030000
1662451200000,1658.76000000,1678.58000000,1646.91000000,1668.49000000,91409.86460000
1662465600000,1668.48000000,1687.40000000,1633.31000000,1669.85000000,194320.14290000
1662480000000,1669.85000000,1674.71000000,1562.50000000,1576.67000000,276264.88540000
1662494400000,1576.67000000,1588.91000000,1555.00000000,1559.01000000,103324.10470000
1662508800000,1559.01000000,1568.32000000,1490.66000000,1510.37000000,175691.37510000
1662523200000,1510.37000000,1527.89000000,1499.29000000,1518.32000000,103464.03260000
1662537600000,1518.31000000,1525.26000000,1503.82000000,1513.79000000,75728.69390000
1662552000000,1513.79000000,1551.00000000,1500.00000000,1544.17000000,155947.70130000
1662566400000,1544.18000000,1581.36000000,1536.43000000,1570.15000000,111872.31250000
1662580800000,1570.14000000,1657.50000000,1568.80000000,1630.00000000,228287.30890000
1662595200000,1630.00000000,1637.23000000,1613.13000000,1629.79000000,75487.57160000
1662609600000,1629.78000000,1647.66000000,1595.06000000,1613.55000000,113479.95740000
1662624000000,1613.54000000,1645.00000000,1606.19000000,1635.99000000,91880.76760000
1662638400000,1635.99000000,1654.99000000,1597.88000000,1629.56000000,212200.34830000
1662652800000,1629.57000000,1650.00000000,1609.00000000,1649.60000000,90735.25500000
1662667200000,1649.60000000,1663.56000000,1626.31000000,1635.37000000,61340.10860000
1662681600000,1635.37000000,1676.96000000,1630.51000000,1672.96000000,95528.08340000
1662696000000,1672.97000000,1717.98000000,1669.75000000,1704.93000000,238877.78410000
1662710400000,1704.93000000,1715.78000000,1684.40000000,1700.08000000,160082.16180000
1662724800000,1700.07000000,1746.13000000,1698.61000000,1719.34000000,168007.02760000
1662739200000,1719.34000000,1726.59000000,1696.00000000,1720.08000000,93990.93450000
1662753600000,1720.07000000,1731.94000000,1706.82000000,1718.23000000,80972.22120000
1662768000000,1718.24000000,1743.56000000,1706.03000000,1733.50000000,73670.46250000
1662782400000,1733.50000000,1745.46000000,1708.00000000,1711.00000000,68418.35680000
1662796800000,1711.00000000,1728.49000000,1709.50000000,1723.96000000,40265.48160000
1662811200000,1723.97000000,1734.00000000,1712.53000000,1715.77000000,50515.27440000
1662825600000,1715.76000000,1744.20000000,1709.49000000,1741.05000000,59895.82930000
1662840000000,1741.04000000,1789.00000000,1729.19000000,1774.12000000,118280.84200000
1662854400000,1774.12000000,1779.46000000,1757.00000000,1760.87000000,61890.76160000
1662868800000,1760.87000000,1768.68000000,1743.67000000,1761.61000000,54649.88250000
1662883200000,1761.60000000,1780.00000000,1757.27000000,1770.14000000,60537.99290000
1662897600000,1770.13000000,1779.00000000,1753.37000000,1768.80000000,65047.96260000
1662912000000,1768.80000000,1789.00000000,1756.29000000,1763.55000000,57236.42830000
1662926400000,1763.55000000,1768.30000000,1720.10000000,1766.11000000,109924.69840000
1662940800000,1766.12000000,1783.00000000,1711.75000000,1726.80000000,127950.47150000
1662955200000,1726.81000000,1761.45000000,1717.45000000,1758.60000000,73889.14800000
1662969600000,1758.61000000,1765.97000000,1729.46000000,1748.92000000,105690.92870000
1662984000000,1748.92000000,1754.99000000,1695.37000000,1706.40000000,136176.19870000
1662998400000,1706.38000000,1733.76000000,1693.00000000,1726.28000000,116216.98880000
1663012800000,1726.27000000,1731.15000000,1701.59000000,1716.37000000,70850.86750000
1663027200000,1716.37000000,1718.31000000,1675.10000000,1716.12000000,111213.56130000
1663041600000,1716.12000000,1731.66000000,1699.32000000,1715.99000000,109863.00170000
1663056000000,1715.99000000,1746.72000000,1708.30000000,1737.63000000,104066.51220000
1663070400000,1737.64000000,1760.51000000,1572.91000000,1594.45000000,506486.30200000
1663084800000,1594.44000000,1632.11000000,1569.94000000,1605.25000000,180483.67210000
1663099200000,1605.25000000,1624.40000000,1560.54000000,1574.40000000,122436.67630000
1663113600000,1574.40000000,1611.65000000,1552.38000000,1602.92000000,119213.93090000
1663128000000,1602.91000000,1623.84000000,1596.47000000,1612.14000000,92924.77500000
1663142400000,1612.15000000,1612.48000000,1583.20000000,1595.28000000,99930.67620000
1663156800000,1595.27000000,1613.41000000,1586.13000000,1594.94000000,191016.69620000
1663171200000,1594.94000000,1602.93000000,1560.00000000,1599.81000000,152034.11200000
1663185600000,1599.82000000,1647.01000000,1592.63000000,1638.39000000,109442.34900000
1663200000000,1638.40000000,1655.20000000,1583.50000000,1605.53000000,218112.97370000
1663214400000,1605.53000000,1655.00000000,1571.50000000,1636.65000000,374405.76640000
1663228800000,1636.65000000,1636.66000000,1574.46000000,1591.53000000,191046.16980000
1663243200000,1591.54000000,1600.00000000,1458.00000000,1492.94000000,313880.85830000
1663257600000,1492.95000000,1519.11000000,1483.46000000,1497.63000000,122117.74580000
1663272000000,1497.64000000,1509.62000000,1459.14000000,1472.75000000,115936.29070000
1663286400000,1472.76000000,1483.35000000,1446.70000000,1473.56000000,112039.69870000
1663300800000,1473.56000000,1480.44000000,1467.19000000,1471.70000000,61596.19400000
1663315200000,1471.70000000,1482.18000000,1442.20000000,1478.64000000,123337.89080000
1663329600000,1478.64000000,1478.98000000,1424.28000000,1452.31000000,191434.90590000
1663344000000,1452.31000000,1452.31000000,1405.52000000,1427.60000000,142195.07760000
1663358400000,1427.60000000,1448.41000000,1423.04000000,1433.90000000,62993.47550000
1663372800000,1433.90000000,1456.60000000,1430.81000000,1440.57000000,75904.10480000
1663387200000,1440.57000000,1447.92000000,1425.00000000,1432.37000000,70809.74740000
1663401600000,1432.37000000,1435.32000000,1416.00000000,1419.64000000,50768.70070000
1663416000000,1419.64000000,1450.64000000,1409.12000000,1444.34000000,73941.60760000
1663430400000,1444.34000000,1476.13000000,1442.34000000,1464.66000000,87199.89160000
1663444800000,1464.67000000,1473.29000000,1446.52000000,1468.83000000,62767.32220000
1663459200000,1468.82000000,1469.63000000,1446.66000000,1451.81000000,52416.52020000
1663473600000,1451.80000000,1460.51000000,1448.89000000,1453.45000000,38849.73660000
1663488000000,1453.45000000,1459.55000000,1417.38000000,1434.01000000,90550.84170000
1663502400000,1434.02000000,1439.84000000,1410.10000000,1417.43000000,100673.14300000
1663516800000,1417.44000000,1424.68000000,1367.00000000,1380.78000000,244528.03610000
1663531200000,1380.78000000,1381.62000000,1325.55000000,1334.51000000,277095.19040000
1663545600000,1334.51000000,1354.00000000,1287.71000000,1294.55000000,207107.93150000
1663560000000,1294.55000000,1313.43000000,1280.00000000,1302.21000000,176077.68790000
1663574400000,1302.22000000,1320.04000000,1289.41000000,1307.90000000,137034.21640000
1663588800000,1307.91000000,1372.33000000,1306.75000000,1341.53000000,221348.11720000
1663603200000,1341.52000000,1367.46000000,1321.84000000,1362.37000000,135309.84740000
1663617600000,1362.38000000,1393.35000000,1356.62000000,1375.98000000,97977.39760000
1663632000000,1375.98000000,1384.78000000,1342.24000000,1355.00000000,91667.98570000
1663646400000,1355.01000000,1378.51000000,1351.07000000,1358.54000000,87957.62670000
1663660800000,1358.55000000,1366.74000000,1345.14000000,1356.26000000,82740.40240000
1663675200000,1356.25000000,1381.56000000,1329.01000000,1377.18000000,170818.11220000
1663689600000,1377.17000000,1384.10000000,1331.92000000,1352.10000000,138132.38420000
1663704000000,1352.09000000,1356.36000000,1312.71000000,1322.93000000,86710.63530000
1663718400000,1322.94000000,1345.96000000,1317.52000000,1337.21000000,64352.51680000
1663732800000,1337.21000000,1344.80000000,1316.12000000,1331.97000000,84256.54070000
1663747200000,1331.98000000,1353.80000000,1323.14000000,1350.92000000,75857.85170000
1663761600000,1350.93000000,1360.76000000,1334.01000000,1343.05000000,112605.70230000
1663776000000,1343.06000000,1408.90000000,1302.95000000,1323.47000000,585257.34320000
1663790400000,1323.47000000,1327.35000000,1220.00000000,1245.78000000,269936.78320000
1663804800000,1245.79000000,1271.58000000,1237.32000000,1262.91000000,122189.61240000
1663819200000,1262.92000000,1280.73000000,1254.61000000,1278.59000000,103144.12110000
1663833600000,1278.59000000,1313.02000000,1276.50000000,1308.50000000,136852.10190000
1663848000000,1308.51000000,1313.70000000,1256.69000000,1271.25000000,208151.17000000
1663862400000,1271.24000000,1337.40000000,1252.12000000,1323.87000000,188001.11190000
1663876800000,1323.88000000,1350.08000000,1307.07000000,1326.46000000,145944.15520000
1663891200000,1326.47000000,1345.40000000,1314.42000000,1340.77000000,106234.53770000
1663905600000,1340.77000000,1360.00000000,1328.58000000,1331.82000000,113842.79410000
1663920000000,1331.82000000,1335.57000000,1282.14000000,1287.74000000,155927.45990000
1663934400000,1287.75000000,1319.13000000,1262.15000000,1293.94000000,279148.20590000
1663948800000,1293.95000000,1307.42000000,1274.32000000,1292.26000000,197550.38160000
1663963200000,1292.26000000,1339.93000000,1292.24000000,1327.25000000,121348.98520000
1663977600000,1327.24000000,1330.41000000,1311.36000000,1321.65000000,99590.00680000
1663992000000,1321.66000000,1337.80000000,1316.90000000,1322.41000000,63956.63440000
1664006400000,1322.40000000,1332.74000000,1317.03000000,1326.99000000,89795.95890000
1664020800000,1326.99000000,1349.33000000,1326.15000000,1339.78000000,105334.17940000
1664035200000,1339.77000000,1348.35000000,1333.69000000,1342.31000000,72169.08310000
1664049600000,1342.30000000,1344.07000000,1306.52000000,1317.13000000,86711.48710000
1664064000000,1317.13000000,1329.44000000,1314.40000000,1329.38000000,69878.43020000
1664078400000,1329.37000000,1337.00000000,1319.58000000,1332.84000000,46647.20270000
1664092800000,1332.83000000,1334.45000000,1316.74000000,1329.33000000,63701.49400000
1664107200000,1329.33000000,1331.49000000,1298.15000000,1310.79000000,112537.61460000
1664121600000,1310.78000000,1321.03000000,1281.91000000,1299.82000000,110731.04560000
1664136000000,1299.81000000,1303.10000000,1269.27000000,1294.63000000,112038.05380000
1664150400000,1294.62000000,1314.55000000,1286.88000000,1303.23000000,132985.75600000
1664164800000,1303.24000000,1306.35000000,1277.85000000,1295.44000000,124992.13130000
1664179200000,1295.43000000,1325.06000000,1289.32000000,1297.22000000,133683.35310000
1664193600000,1297.22000000,1338.51000000,1293.70000000,1325.17000000,183403.39670000
1664208000000,1325.18000000,1340.42000000,1311.27000000,1330.38000000,142096.60410000
1664222400000,1330.37000000,1337.73000000,1315.29000000,1336.17000000,82005.19210000
1664236800000,1336.17000000,1389.77000000,1332.28000000,1385.66000000,179832.54470000
1664251200000,1385.66000000,1394.56000000,1375.04000000,1382.33000000,113119.91020000
1664265600000,1382.34000000,1399.06000000,1375.60000000,1388.81000000,94526.21430000
1664280000000,1388.82000000,1400.00000000,1364.62000000,1365.18000000,166230.46440000
1664294400000,1365.19000000,1367.68000000,1303.75000000,1324.60000000,228566.62080000
1664308800000,1324.60000000,1335.16000000,1316.69000000,1328.02000000,78309.14000000
1664323200000,1328.01000000,1340.44000000,1267.13000000,1287.23000000,192168.25590000
1664337600000,1287.24000000,1293.45000000,1266.52000000,1285.53000000,123414.97430000
1664352000000,1285.52000000,1311.74000000,1253.20000000,1295.31000000,207216.56560000
1664366400000,1295.31000000,1332.90000000,1293.69000000,1331.78000000,173133.50850000
1664380800000,1331.78000000,1343.75000000,1310.54000000,1334.12000000,131414.68320000
1664395200000,1334.13000000,1355.70000000,1333.10000000,1337.20000000,91966.92560000
1664409600000,1337.20000000,1352.02000000,1327.37000000,1342.00000000,97858.08420000
1664424000000,1342.01000000,1345.92000000,1313.55000000,1322.00000000,113167.15260000
1664438400000,1321.99000000,1345.24000000,1314.00000000,1336.56000000,114222.92680000
1664452800000,1336.57000000,1337.73000000,1288.52000000,1326.80000000,256324.72540000
1664467200000,1326.81000000,1348.25000000,1314.64000000,1333.31000000,129587.07560000
1664481600000,1333.30000000,1340.95000000,1324.07000000,1335.70000000,59431.72490000
1664496000000,1335.69000000,1352.30000000,1320.12000000,1327.49000000,108948.48690000
1664510400000,1327.50000000,1346.10000000,1325.80000000,1339.88000000,69816.32100000
1664524800000,1339.89000000,1349.36000000,1326.01000000,1330.80000000,88900.83880000
1664539200000,1330.79000000,1373.19000000,1313.35000000,1351.09000000,279683.77550000
1664553600000,1351.09000000,1361.72000000,1333.00000000,1337.56000000,111409.00510000
1664568000000,1337.54000000,1344.98000000,1316.41000000,1328.72000000,81995.18370000
1664582400000,1328.71000000,1333.69000000,1324.36000000,1329.61000000,36114.45470000
1664596800000,1329.61000000,1331.31000000,1323.28000000,1328.81000000,37537.33080000
1664611200000,1328.81000000,1333.00000000,1317.24000000,1325.42000000,37237.55630000
1664625600000,1325.41000000,1330.00000000,1319.20000000,1322.63000000,39268.94790000
1664640000000,1322.62000000,1324.22000000,1305.53000000,1311.96000000,64389.91940000
1664654400000,1311.95000000,1316.27000000,1302.68000000,1311.79000000,37533.69650000
1664668800000,1311.79000000,1315.94000000,1305.23000000,1309.55000000,32336.56300000
1664683200000,1309.56000000,1317.93000000,1307.72000000,1311.14000000,51497.90070000
1664697600000,1311.14000000,1312.99000000,1280.63000000,1297.87000000,87055.10710000
1664712000000,1297.87000000,1301.24000000,1286.52000000,1293.32000000,51766.08370000
1664726400000,1293.33000000,1313.87000000,1291.41000000,1304.83000000,56073.67010000
1664740800000,1304.82000000,1307.50000000,1270.00000000,1276.72000000,93010.71610000
1664755200000,1276.72000000,1300.75000000,1263.04000000,1291.80000000,89902.64740000
1664769600000,1291.80000000,1301.94000000,1284.11000000,1291.96000000,64526.09550000
1664784000000,1291.96000000,1299.38000000,1286.25000000,1299.01000000,49358.28610000
1664798400000,1299.02000000,1327.57000000,1294.44000000,1318.77000000,142799.58480000
1664812800000,1318.76000000,1329.90000000,1309.38000000,1317.90000000,86344.86390000
1664827200000,1317.89000000,1328.00000000,1314.75000000,1323.09000000,50843.76580000
1664841600000,1323.10000000,1330.38000000,1318.66000000,1329.00000000,41626.85850000
1664856000000,1329.01000000,1350.20000000,1324.35000000,1350.00000000,97949.10180000
1664870400000,1349.99000000,1359.67000000,1342.01000000,1349.74000000,95089.60050000
1664884800000,1349.74000000,1364.31000000,1345.64000000,1353.93000000,108059.17080000
1664899200000,1353.93000000,1357.38000000,1338.12000000,1354.72000000,69184.50490000
1664913600000,1354.72000000,1369.55000000,1351.09000000,1361.49000000,64298.43370000
1664928000000,1361.50000000,1363.53000000,1352.17000000,1353.95000000,42848.84210000
1664942400000,1353.95000000,1358.86000000,1348.37000000,1353.19000000,50495.80150000
1664956800000,1353.18000000,1353.75000000,1331.41000000,1335.05000000,75946.98890000
1664971200000,1335.05000000,1336.72000000,1316.29000000,1330.35000000,119076.89970000
1664985600000,1330.35000000,1364.77000000,1327.26000000,1350.63000000,136896.54080000
1665000000000,1350.63000000,1357.96000000,1345.01000000,1352.20000000,58243.70520000
1665014400000,1352.20000000,1383.99000000,1351.50000000,1372.56000000,116891.50450000
1665028800000,1372.55000000,1381.69000000,1362.00000000,1368.36000000,88184.05730000
1665043200000,1368.37000000,1370.50000000,1354.84000000,1368.75000000,68751.44080000
1665057600000,1368.75000000,1380.30000000,1348.69000000,1361.38000000,156151.32860000
1665072000000,1361.37000000,1372.92000000,1353.92000000,1358.91000000,90179.61400000
1665086400000,1358.91000000,1364.00000000,1345.01000000,1352.06000000,53817.37880000
1665100800000,1352.07000000,1361.75000000,1350.23000000,1355.19000000,45337.11930000
1665115200000,1355.19000000,1359.21000000,1346.01000000,1356.05000000,59215.43360000
1665129600000,1356.04000000,1360.80000000,1352.00000000,1354.76000000,54102.13430000
1665144000000,1354.76000000,1358.73000000,1324.50000000,1334.11000000,195168.01000000
1665158400000,1334.12000000,1337.02000000,1317.26000000,1327.49000000,105002.19070000
1665172800000,1327.48000000,1336.34000000,1325.00000000,1331.10000000,33174.98970000
1665187200000,1331.10000000,1337.35000000,1330.01000000,1331.05000000,27826.11500000
1665201600000,1331.06000000,1333.25000000,1326.05000000,1330.47000000,32594.91700000
1665216000000,1330.48000000,1330.72000000,1323.44000000,1329.80000000,27543.25680000
1665230400000,1329.80000000,1330.18000000,1318.00000000,1324.31000000,42404.57260000
1665244800000,1324.30000000,1329.99000000,1322.25000000,1324.54000000,26641.64260000
1665259200000,1324.54000000,1326.50000000,1303.51000000,1315.48000000,46381.15720000
1665273600000,1315.48000000,1316.48000000,1307.26000000,1310.69000000,27203.01720000
1665288000000,1310.68000000,1317.89000000,1308.62000000,1314.88000000,21725.90870000
1665302400000,1314.89000000,1327.99000000,1313.44000000,1323.09000000,34938.07430000
1665316800000,1323.10000000,1329.00000000,1320.97000000,1326.52000000,26383.98140000
1665331200000,1326.52000000,1327.68000000,1310.00000000,1319.82000000,41428.92090000
1665345600000,1319.81000000,1323.50000000,1314.35000000,1323.13000000,34522.01600000
1665360000000,1323.13000000,1338.00000000,1320.29000000,1323.18000000,44860.14530000
1665374400000,1323.18000000,1325.39000000,1312.16000000,1316.70000000,41018.09600000
1665388800000,1316.70000000,1317.64000000,1296.36000000,1315.00000000,91265.60830000
1665403200000,1315.01000000,1319.68000000,1303.39000000,1308.27000000,84173.70240000
1665417600000,1308.26000000,1315.00000000,1298.99000000,1307.59000000,66859.64310000
1665432000000,1307.60000000,1309.97000000,1288.00000000,1290.03000000,65485.81630000
1665446400000,1290.03000000,1290.03000000,1267.01000000,1278.37000000,108773.42900000
1665460800000,1278.36000000,1284.51000000,1272.05000000,1284.19000000,57589.78090000
1665475200000,1284.19000000,1288.93000000,1277.82000000,1286.72000000,49216.84150000
1665489600000,1286.72000000,1297.68000000,1268.85000000,1293.56000000,107886.19580000
1665504000000,1293.56000000,1298.00000000,1275.64000000,1282.51000000,73980.03600000
1665518400000,1282.50000000,1287.22000000,1273.80000000,1280.11000000,31984.11090000
1665532800000,1280.11000000,1288.93000000,1275.25000000,1283.71000000,43775.67050000
1665547200000,1283.71000000,1301.74000000,1283.25000000,1293.88000000,54801.29580000
1665561600000,1293.88000000,1306.87000000,1292.73000000,1297.68000000,63049.01010000
1665576000000,1297.67000000,1305.59000000,1285.51000000,1299.24000000,99642.14070000
1665590400000,1299.23000000,1301.00000000,1287.53000000,1297.05000000,71058.82010000
1665604800000,1297.05000000,1302.97000000,1292.68000000,1294.44000000,37385.63870000
1665619200000,1294.44000000,1299.15000000,1282.05000000,1286.47000000,52819.03700000
1665633600000,1286.48000000,1289.25000000,1271.64000000,1277.43000000,69667.49170000
1665648000000,1277.44000000,1280.49000000,1220.41000000,1243.09000000,211033.63050000
1665662400000,1243.09000000,1275.06000000,1190.00000000,1256.90000000,380859.71500000
1665676800000,1256.90000000,1294.89000000,1251.23000000,1287.03000000,164955.78240000
1665691200000,1287.04000000,1301.58000000,1285.59000000,1287.08000000,66282.65970000
1665705600000,1287.08000000,1342.00000000,1283.39000000,1329.76000000,155601.46110000
1665720000000,1329.75000000,1332.20000000,1316.36000000,1321.74000000,82842.63520000
1665734400000,1321.75000000,1336.50000000,1316.55000000,1325.87000000,82926.19200000
1665748800000,1325.87000000,1343.12000000,1305.89000000,1310.04000000,194553.25380000
1665763200000,1310.04000000,1313.22000000,1294.00000000,1298.72000000,106953.55460000
1665777600000,1298.71000000,1304.07000000,1290.00000000,1296.27000000,46865.71260000
1665792000000,1296.26000000,1301.69000000,1293.52000000,1300.26000000,33463.74310000
1665806400000,1300.27000000,1301.15000000,1290.54000000,1294.99000000,36400.05880000
1665820800000,1294.99000000,1295.24000000,1277.01000000,1287.42000000,68014.94550000
1665835200000,1287.41000000,1291.80000000,1279.10000000,1286.08000000,44231.77160000
1665849600000,1286.09000000,1289.92000000,1278.31000000,1282.47000000,40397.55020000
1665864000000,1282.46000000,1283.69000000,1263.64000000,1274.92000000,64592.88370000
1665878400000,1274.93000000,1286.69000000,1274.67000000,1283.63000000,32092.65620000
1665892800000,1283.63000000,1288.99000000,1281.12000000,1283.24000000,28686.70440000
1665907200000,1283.24000000,1290.27000000,1279.31000000,1284.03000000,41763.03010000
1665921600000,1284.03000000,1287.79000000,1279.30000000,1286.35000000,34832.17550000
1665936000000,1286.36000000,1308.93000000,1281.57000000,1308.09000000,63057.78310000
1665950400000,1308.09000000,1315.35000000,1290.62000000,1305.95000000,92889.01390000
1665964800000,1305.96000000,1308.25000000,1295.64000000,1301.59000000,49094.19310000
1665979200000,1301.58000000,1314.60000000,1298.35000000,1312.22000000,55832.22660000
1665993600000,1312.22000000,1325.91000000,1307.52000000,1317.41000000,83170.97930000
1666008000000,1317.41000000,1337.67000000,1313.73000000,1329.18000000,134005.73860000
1666022400000,1329.18000000,1331.00000000,1315.31000000,1325.54000000,77890.03670000
1666036800000,1325.55000000,1338.57000000,1324.19000000,1331.40000000,59855.31980000
1666051200000,1331.39000000,1341.73000000,1327.60000000,1333.31000000,74617.19130000
1666065600000,1333.30000000,1340.37000000,1330.29000000,1336.74000000,75581.81490000
1666080000000,1336.74000000,1337.25000000,1318.15000000,1325.89000000,76341.01510000
1666094400000,1325.89000000,1334.59000000,1298.08000000,1307.61000000,172767.29540000
1666108800000,1307.62000000,1312.35000000,1286.72000000,1300.85000000,95950.48510000
1666123200000,1300.84000000,1320.00000000,1298.51000000,1310.71000000,77471.11710000
1666137600000,1310.71000000,1313.50000000,1298.33000000,1305.16000000,54325.15830000
1666152000000,1305.25000000,1306.25000000,1291.93000000,1299.77000000,62574.08170000
1666166400000,1299.77000000,1308.09000000,1293.95000000,1300.25000000,55889.78300000
1666180800000,1300.24000000,1308.39000000,1290.00000000,1304.76000000,84040.83190000
1666195200000,1304.76000000,1305.48000000,1292.52000000,1296.94000000,48077.15920000
1666209600000,1296.95000000,1298.93000000,1280.31000000,1285.09000000,63730.49640000
1666224000000,1285.09000000,1288.14000000,1270.36000000,1279.98000000,76788.68730000
1666238400000,1279.98000000,1296.07000000,1279.72000000,1292.43000000,61528.61610000
1666252800000,1292.42000000,1302.36000000,1289.47000000,1299.64000000,52066.79220000
1666267200000,1299.65000000,1310.87000000,1290.65000000,1299.83000000,102324.01940000
1666281600000,1299.84000000,1299.84000000,1277.55000000,1284.56000000,83767.92830000
1666296000000,1284.57000000,1288.01000000,1271.96000000,1282.57000000,52055.56700000
1666310400000,1282.57000000,1292.50000000,1278.81000000,1287.54000000,42415.22380000
1666324800000,1287.53000000,1291.05000000,1282.64000000,1284.59000000,40495.84170000
1666339200000,1284.60000000,1285.00000000,1272.73000000,1275.52000000,67375.52500000
1666353600000,1275.53000000,1297.91000000,1252.65000000,1297.47000000,198433.76710000
1666368000000,1297.46000000,1305.66000000,1294.84000000,1303.30000000,86255.43010000
1666382400000,1303.29000000,1306.97000000,1297.25000000,1299.75000000,33101.01090000
1666396800000,1299.76000000,1304.68000000,1294.32000000,1298.81000000,27984.16270000
1666411200000,1298.82000000,1300.55000000,1294.98000000,1299.69000000,22442.57190000
1666425600000,1299.69000000,1307.98000000,1299.57000000,1305.67000000,34797.55820000
1666440000000,1305.67000000,1318.97000000,1302.93000000,1316.38000000,73445.28630000
1666454400000,1316.38000000,1320.20000000,1306.72000000,1314.19000000,41516.51990000
1666468800000,1314.19000000,1318.51000000,1312.14000000,1313.61000000,21590.60170000
1666483200000,1313.62000000,1314.81000000,1304.63000000,1313.22000000,28327.99590000
1666497600000,1313.22000000,1314.72000000,1306.82000000,1309.57000000,25232.21180000
1666512000000,1309.57000000,1311.95000000,1301.30000000,1304.14000000,46521.90380000
1666526400000,1304.13000000,1316.50000000,1299.44000000,1313.60000000,56155.31700000
1666540800000,1313.60000000,1335.00000000,1311.19000000,1330.85000000,83053.25490000
1666555200000,1330.85000000,1371.55000000,1328.72000000,1364.20000000,192978.77660000
1666569600000,1364.19000000,1370.60000000,1344.18000000,1348.08000000,96959.74240000
1666584000000,1348.07000000,1348.09000000,1332.33000000,1336.80000000,132043.08920000
1666598400000,1336.79000000,1354.50000000,1332.46000000,1353.41000000,90235.30220000
1666612800000,1353.40000000,1353.98000000,1324.17000000,1341.62000000,173337.70860000
1666627200000,1341.63000000,1352.79000000,1330.72000000,1344.95000000,62743.33780000
1666641600000,1344.96000000,1359.43000000,1341.07000000,1343.61000000,56511.61680000
1666656000000,1343.61000000,1349.31000000,1334.94000000,1347.62000000,57869.53720000
1666670400000,1347.61000000,1351.81000000,1343.72000000,1347.18000000,36288.91820000
1666684800000,1347.19000000,1349.94000000,1339.22000000,1347.48000000,47270.54120000
1666699200000,1347.48000000,1418.72000000,1346.50000000,1408.30000000,322646.70940000
1666713600000,1408.29000000,1525.16000000,1405.09000000,1493.34000000,461749.91630000
1666728000000,1493.34000000,1495.23000000,1446.46000000,1459.74000000,202107.27890000
1666742400000,1459.74000000,1499.21000000,1457.44000000,1487.03000000,154347.66350000
1666756800000,1487.02000000,1524.50000000,1476.83000000,1515.65000000,172975.39430000
1666771200000,1515.59000000,1556.00000000,1508.56000000,1528.49000000,244055.32100000
1666785600000,1528.49000000,1594.99000000,1509.43000000,1567.54000000,341153.64560000
1666800000000,1567.54000000,1572.33000000,1541.27000000,1564.28000000,156641.93590000
1666814400000,1564.27000000,1584.62000000,1542.85000000,1566.10000000,166870.74200000
1666828800000,1566.11000000,1577.62000000,1532.06000000,1555.07000000,134830.85660000
1666843200000,1555.06000000,1571.43000000,1549.67000000,1556.53000000,69796.38250000
1666857600000,1556.53000000,1559.86000000,1534.73000000,1550.98000000,109637.94710000
1666872000000,1550.97000000,1578.58000000,1533.96000000,1544.21000000,255990.80850000
1666886400000,1544.22000000,1565.73000000,1539.34000000,1562.36000000,73364.88430000
1666900800000,1562.36000000,1563.68000000,1503.20000000,1514.05000000,225833.60610000
1666915200000,1514.04000000,1525.32000000,1496.40000000,1507.76000000,193661.17890000
1666929600000,1507.76000000,1520.13000000,1488.40000000,1493.67000000,104889.55020000
1666944000000,1493.68000000,1510.01000000,1484.61000000,1498.19000000,100248.48150000
1666958400000,1498.19000000,1549.94000000,1479.82000000,1537.87000000,239723.77250000
1666972800000,1537.87000000,1573.10000000,1533.63000000,1557.36000000,156095.45870000
1666987200000,1557.37000000,1574.90000000,1551.79000000,1554.41000000,64336.00070000
1667001600000,1554.40000000,1594.00000000,1547.66000000,1589.52000000,104337.69080000
1667016000000,1589.53000000,1604.90000000,1574.62000000,1594.77000000,111834.96080000
1667030400000,1594.78000000,1652.11000000,1590.66000000,1615.42000000,263693.09960000
1667044800000,1615.41000000,1643.99000000,1608.68000000,1632.40000000,170308.82960000
1667059200000,1632.41000000,1663.06000000,1617.65000000,1623.44000000,186866.03140000
1667073600000,1623.43000000,1631.96000000,1604.02000000,1619.55000000,77120.47240000
1667088000000,1619.55000000,1624.41000000,1605.74000000,1622.18000000,57257.69220000
1667102400000,1622.19000000,1640.06000000,1618.48000000,1629.06000000,71596.31820000
1667116800000,1629.05000000,1630.00000000,1591.64000000,1605.00000000,111009.68030000
1667131200000,1605.01000000,1607.61000000,1578.45000000,1587.22000000,101448.64390000
1667145600000,1587.21000000,1596.65000000,1576.56000000,1587.34000000,71893.34770000
1667160000000,1587.35000000,1598.46000000,1577.07000000,1590.44000000,62830.74200000
1667174400000,1590.45000000,1596.69000000,1561.52000000,1582.74000000,135904.59570000
1667188800000,1582.75000000,1596.21000000,1578.41000000,1591.17000000,58035.42970000
1667203200000,1591.16000000,1635.80000000,1578.60000000,1621.27000000,144837.56690000
1667217600000,1621.27000000,1625.42000000,1545.43000000,1569.44000000,273718.82280000
1667232000000,1569.43000000,1583.89000000,1555.51000000,1563.69000000,124526.40480000
1667246400000,1563.69000000,1577.75000000,1550.54000000,1572.69000000,73311.42150000
1667260800000,1572.69000000,1604.73000000,1568.80000000,1586.81000000,87964.43150000
1667275200000,1586.81000000,1602.85000000,1580.32000000,1591.11000000,72848.96910000
1667289600000,1591.12000000,1612.92000000,1582.49000000,1590.28000000,116223.65290000
1667304000000,1590.28000000,1598.39000000,1563.69000000,1574.28000000,147797.20150000
1667318400000,1574.29000000,1586.79000000,1568.43000000,1576.76000000,60689.18780000
1667332800000,1576.76000000,1583.02000000,1569.03000000,1578.48000000,42015.85370000
1667347200000,1578.47000000,1595.79000000,1572.09000000,1590.74000000,70313.19740000
1667361600000,1590.75000000,1600.20000000,1554.09000000,1564.76000000,149714.94160000
1667376000000,1564.76000000,1578.67000000,1536.25000000,1555.94000000,101621.69340000
1667390400000,1555.95000000,1567.13000000,1546.02000000,1558.50000000,85136.09410000
1667404800000,1558.51000000,1621.68000000,1524.00000000,1535.92000000,440529.61480000
1667419200000,1535.93000000,1537.51000000,1502.32000000,1518.34000000,134079.82350000
1667433600000,1518.33000000,1556.19000000,1515.17000000,1547.35000000,110124.67470000
1667448000000,1547.35000000,1559.01000000,1542.00000000,1544.04000000,73267.55260000
1667462400000,1544.04000000,1556.74000000,1523.10000000,1531.95000000,98072.03570000
1667476800000,1531.95000000,1556.00000000,1522.05000000,1542.46000000,162656.01110000
1667491200000,1542.47000000,1549.14000000,1538.34000000,1544.13000000,48207.52610000
1667505600000,1544.14000000,1544.42000000,1524.11000000,1531.01000000,67875.08110000
1667520000000,1531.01000000,1549.89000000,1528.40000000,1548.92000000,68392.18250000
1667534400000,1548.93000000,1588.19000000,1546.53000000,1587.43000000,122215.23130000
1667548800000,1587.43000000,1600.28000000,1575.30000000,1577.24000000,117513.42470000
1667563200000,1577.24000000,1680.00000000,1556.20000000,1624.97000000,368850.44470000
1667577600000,1624.97000000,1649.84000000,1607.80000000,1648.29000000,185653.46650000
1667592000000,1648.28000000,1654.77000000,1639.84000000,1644.78000000,72906.72840000
1667606400000,1644.78000000,1666.97000000,1635.15000000,1646.75000000,95282.36120000
1667620800000,1646.76000000,1658.72000000,1643.58000000,1651.36000000,43209.26180000
1667635200000,1651.37000000,1651.90000000,1636.47000000,1649.58000000,57559.38330000
1667649600000,1649.58000000,1650.23000000,1623.53000000,1635.87000000,64576.54140000
1667664000000,1635.87000000,1642.91000000,1624.89000000,1633.24000000,50814.29190000
1667678400000,1633.24000000,1635.22000000,1621.42000000,1626.98000000,39943.69660000
1667692800000,1626.98000000,1633.51000000,1612.30000000,1621.24000000,59304.61300000
1667707200000,1621.23000000,1623.77000000,1613.95000000,1622.88000000,33627.19120000
1667721600000,1622.88000000,1639.02000000,1608.84000000,1620.35000000,64606.02260000
1667736000000,1620.34000000,1634.96000000,1615.81000000,1623.77000000,47048.16810000
1667750400000,1623.77000000,1625.93000000,1603.25000000,1610.41000000,80682.23510000
1667764800000,1610.41000000,1612.91000000,1564.39000000,1568.29000000,129595.72250000
1667779200000,1568.25000000,1595.30000000,1564.21000000,1587.50000000,99273.24030000
1667793600000,1587.50000000,1594.63000000,1546.30000000,1550.01000000,121788.78850000
1667808000000,1550.00000000,1584.56000000,1546.29000000,1580.00000000,112526.37510000
1667822400000,1579.99000000,1592.93000000,1567.58000000,1592.03000000,99382.62850000
1667836800000,1592.02000000,1608.04000000,1577.02000000,1600.52000000,82281.72900000
1667851200000,1600.53000000,1607.28000000,1545.03000000,1568.10000000,127156.68800000
1667865600000,1568.09000000,1576.79000000,1503.00000000,1507.07000000,219801.49540000
1667880000000,1507.06000000,1514.25000000,1431.82000000,1492.00000000,397923.29740000
1667894400000,1492.00000000,1494.49000000,1468.99000000,1476.87000000,115189.24680000
1667908800000,1476.87000000,1487.22000000,1422.94000000,1462.48000000,332243.09330000
1667923200000,1462.48000000,1579.98000000,1233.00000000,1315.39000000,1001671.62070000
1667937600000,1315.39000000,1344.83000000,1280.00000000,1334.77000000,273087.75530000
1667952000000,1334.78000000,1337.16000000,1283.37000000,1312.39000000,267660.38520000
1667966400000,1312.38000000,1319.38000000,1266.43000000,1274.35000000,246133.76010000
1667980800000,1274.36000000,1276.59000000,1136.13000000,1220.04000000,734537.30430000
1667995200000,1220.05000000,1248.55000000,1150.00000000,1163.02000000,503012.35810000
1668009600000,1163.02000000,1206.00000000,1143.43000000,1195.47000000,347512.12510000
1668024000000,1195.46000000,1200.00000000,1073.53000000,1102.73000000,395942.00290000
1668038400000,1102.73000000,1184.80000000,1085.93000000,1174.16000000,336892.72260000
1668052800000,1174.15000000,1206.13000000,1159.30000000,1189.72000000,251338.03120000
1668067200000,1189.54000000,1219.62000000,1175.13000000,1187.04000000,285702.30060000
1668081600000,1187.05000000,1350.00000000,1185.52000000,1321.61000000,635062.73260000
1668096000000,1321.64000000,1350.00000000,1247.40000000,1292.31000000,291051.48640000
1668110400000,1292.30000000,1344.66000000,1284.28000000,1299.28000000,175908.40330000
1668124800000,1299.28000000,1309.29000000,1221.08000000,1239.11000000,224826.05570000
1668139200000,1239.12000000,1289.26000000,1227.00000000,1278.33000000,201468.16740000
1668153600000,1278.34000000,1294.35000000,1264.07000000,1275.85000000,139755.19320000
1668168000000,1275.91000000,1310.00000000,1201.26000000,1260.18000000,422314.54360000
1668182400000,1260.18000000,1287.00000000,1233.24000000,1274.04000000,198559.58690000
1668196800000,1274.18000000,1295.00000000,1237.00000000,1289.28000000,121163.60300000
1668211200000,1289.35000000,1292.16000000,1254.00000000,1259.34000000,111318.54460000
1668225600000,1259.34000000,1277.57000000,1238.70000000,1266.39000000,160399.39380000
1668240000000,1266.39000000,1275.00000000,1250.00000000,1260.50000000,89641.07000000
1668254400000,1260.50000000,1285.52000000,1253.06000000,1274.80000000,92740.86100000
1668268800000,1274.81000000,1278.88000000,1263.00000000,1268.45000000,50382.89600000
1668283200000,1268.45000000,1268.95000000,1247.31000000,1257.25000000,43290.15180000
1668297600000,1257.25000000,1274.03000000,1253.45000000,1272.15000000,43686.02170000
1668312000000,1272.14000000,1274.23000000,1230.33000000,1250.93000000,111909.87240000
1668326400000,1250.94000000,1253.22000000,1212.00000000,1240.44000000,133139.16850000
1668340800000,1240.43000000,1248.45000000,1223.90000000,1231.36000000,73850.26520000
1668355200000,1231.36000000,1237.34000000,1215.80000000,1229.03000000,79226.13370000
1668369600000,1229.04000000,1237.00000000,1200.66000000,1221.49000000,105599.06890000
1668384000000,1221.50000000,1230.54000000,1171.13000000,1193.03000000,156252.20940000
1668398400000,1193.02000000,1262.00000000,1175.43000000,1260.07000000,202533.26880000
1668412800000,1260.06000000,1276.26000000,1252.00000000,1252.33000000,136608.42910000
1668427200000,1252.34000000,1291.20000000,1235.00000000,1245.32000000,232779.18980000
1668441600000,1245.32000000,1249.76000000,1210.03000000,1216.27000000,112608.26430000
1668456000000,1216.26000000,1249.97000000,1210.09000000,1243.28000000,93960.64450000
1668470400000,1243.29000000,1266.57000000,1236.15000000,1256.54000000,96455.90560000
1668484800000,1256.53000000,1273.89000000,1247.39000000,1266.33000000,90352.45690000
1668499200000,1266.33000000,1279.30000000,1255.00000000,1260.37000000,100514.12500000
1668513600000,1260.37000000,1291.00000000,1257.79000000,1264.36000000,150039.91220000
1668528000000,1264.36000000,1274.25000000,1234.01000000,1257.28000000,133264.29390000
1668542400000,1257.29000000,1265.40000000,1241.46000000,1253.23000000,62198.87440000
1668556800000,1253.22000000,1268.67000000,1248.23000000,1264.86000000,55268.09750000
1668571200000,1264.86000000,1265.40000000,1243.00000000,1245.56000000,114561.98780000
1668585600000,1245.55000000,1254.25000000,1215.00000000,1222.28000000,152804.27010000
1668600000000,1222.29000000,1232.66000000,1187.06000000,1192.29000000,202233.64090000
1668614400000,1192.28000000,1221.57000000,1187.27000000,1208.71000000,93396.77600000
1668628800000,1208.70000000,1221.73000000,1201.17000000,1216.17000000,55074.94920000
1668643200000,1216.16000000,1228.22000000,1201.92000000,1204.05000000,69439.03720000
1668657600000,1204.05000000,1218.05000000,1193.07000000,1204.88000000,121734.10960000
1668672000000,1204.88000000,1208.36000000,1181.05000000,1203.78000000,82881.19430000
1668686400000,1203.79000000,1217.89000000,1184.00000000,1192.80000000,131491.25360000
1668700800000,1192.80000000,1217.33000000,1189.00000000,1202.72000000,75457.53560000
1668715200000,1202.72000000,1210.00000000,1196.27000000,1200.43000000,49534.21850000
1668729600000,1200.42000000,1234.00000000,1199.18000000,1219.79000000,99508.97550000
1668744000000,1219.80000000,1224.43000000,1213.01000000,1214.65000000,51942.93440000
1668758400000,1214.65000000,1226.01000000,1205.05000000,1217.23000000,54979.07950000
1668772800000,1217.23000000,1227.81000000,1206.00000000,1211.13000000,65178.65060000
1668787200000,1211.14000000,1214.47000000,1200.36000000,1209.71000000,57070.84420000
1668801600000,1209.71000000,1214.97000000,1206.03000000,1212.58000000,31538.04950000
1668816000000,1212.58000000,1213.48000000,1201.00000000,1208.54000000,26543.44870000
1668830400000,1208.55000000,1209.72000000,1197.67000000,1206.81000000,47258.71360000
1668844800000,1206.81000000,1212.41000000,1204.16000000,1211.44000000,27341.40690000
1668859200000,1211.45000000,1212.09000000,1205.83000000,1209.58000000,26020.15060000
1668873600000,1209.58000000,1211.70000000,1206.95000000,1208.60000000,22181.48340000
1668888000000,1208.59000000,1235.00000000,1208.59000000,1217.67000000,60444.38560000
1668902400000,1217.67000000,1227.07000000,1215.33000000,1218.99000000,36439.24160000
1668916800000,1218.99000000,1223.26000000,1217.55000000,1220.39000000,24017.10820000
1668931200000,1220.38000000,1220.65000000,1160.00000000,1167.76000000,146271.26290000
1668945600000,1167.76000000,1180.47000000,1153.00000000,1177.13000000,128723.36290000
1668960000000,1177.12000000,1190.00000000,1169.53000000,1185.46000000,53829.19570000
1668974400000,1185.47000000,1186.72000000,1132.65000000,1142.21000000,141828.58940000
1668988800000,1142.21000000,1144.12000000,1111.11000000,1125.12000000,150635.58110000
1669003200000,1125.12000000,1140.00000000,1117.01000000,1123.48000000,104322.98680000
1669017600000,1123.49000000,1131.81000000,1105.65000000,1125.00000000,145405.16790000
1669032000000,1125.00000000,1146.99000000,1115.10000000,1130.33000000,145452.89180000
1669046400000,1130.34000000,1133.10000000,1079.76000000,1091.22000000,236304.99050000
1669060800000,1091.22000000,1123.27000000,1082.36000000,1107.34000000,140526.32730000
1669075200000,1107.34000000,1117.29000000,1097.02000000,1104.41000000,106939.23040000
1669089600000,1104.41000000,1107.33000000,1079.54000000,1093.31000000,105284.23070000
1669104000000,1093.31000000,1095.00000000,1075.00000000,1085.44000000,114261.62610000
1669118400000,1085.44000000,1143.96000000,1079.00000000,1135.37000000,250563.43310000
1669132800000,1135.36000000,1146.13000000,1114.27000000,1127.25000000,113257.30260000
1669147200000,1127.26000000,1142.36000000,1122.96000000,1139.60000000,58578.75620000
1669161600000,1139.59000000,1170.87000000,1127.75000000,1170.80000000,157084.78640000
1669176000000,1170.81000000,1171.45000000,1157.48000000,1166.71000000,76477.25770000
1669190400000,1166.71000000,1184.25000000,1160.51000000,1174.98000000,107520.81540000
1669204800000,1174.98000000,1178.00000000,1153.67000000,1161.28000000,101411.18960000
1669219200000,1161.28000000,1189.75000000,1150.60000000,1168.92000000,124518.20880000
1669233600000,1168.91000000,1190.00000000,1159.99000000,1184.52000000,69914.90150000
1669248000000,1184.52000000,1210.00000000,1180.60000000,1201.92000000,125886.67500000
1669262400000,1201.93000000,1217.71000000,1198.74000000,1206.72000000,109438.56210000
1669276800000,1206.72000000,1208.35000000,1191.52000000,1195.75000000,74519.49900000
1669291200000,1195.76000000,1203.92000000,1185.96000000,1195.24000000,65973.08200000
1669305600000,1195.24000000,1208.22000000,1192.69000000,1203.10000000,63166.24850000
1669320000000,1203.10000000,1206.17000000,1193.78000000,1203.73000000,47096.54570000
1669334400000,1203.72000000,1204.98000000,1180.00000000,1186.16000000,71146.15790000
1669348800000,1186.15000000,1187.92000000,1171.20000000,1185.01000000,84113.43300000
1669363200000,1185.01000000,1198.98000000,1175.60000000,1193.26000000,71084.09540000
1669377600000,1193.27000000,1200.12000000,1181.09000000,1189.80000000,74631.99890000
1669392000000,1189.80000000,1199.00000000,1183.00000000,1197.22000000,40751.36050000
1669406400000,1197.23000000,1207.77000000,1195.71000000,1199.30000000,49703.12010000
1669420800000,1199.29000000,1228.67000000,1196.81000000,1215.71000000,96215.67900000
1669435200000,1215.71000000,1225.78000000,1212.35000000,1218.97000000,67459.39670000
1669449600000,1218.96000000,1227.76000000,1215.12000000,1221.71000000,56703.31010000
1669464000000,1221.71000000,1235.66000000,1206.27000000,1210.90000000,74739.26000000
1669478400000,1210.90000000,1215.48000000,1201.88000000,1207.34000000,50260.04160000
1669492800000,1207.33000000,1212.71000000,1196.20000000,1205.60000000,34463.12420000
1669507200000,1205.61000000,1218.76000000,1204.31000000,1216.51000000,38910.69290000
1669521600000,1216.50000000,1223.33000000,1214.32000000,1216.90000000,41691.70210000
1669536000000,1216.90000000,1220.99000000,1209.58000000,1215.31000000,62409.62160000
1669550400000,1215.31000000,1219.59000000,1207.47000000,1217.92000000,36606.01770000
1669564800000,1217.91000000,1220.80000000,1211.11000000,1213.19000000,36418.38110000
1669579200000,1213.19000000,1218.51000000,1188.65000000,1193.88000000,70350.38320000
1669593600000,1193.88000000,1199.25000000,1158.12000000,1172.54000000,160151.85780000
1669608000000,1172.55000000,1179.01000000,1166.60000000,1174.03000000,61489.57950000
1669622400000,1174.02000000,1176.50000000,1164.02000000,1170.36000000,48570.37010000
1669636800000,1170.36000000,1182.71000000,1155.00000000,1163.49000000,90435.69300000
1669651200000,1163.50000000,1184.98000000,1151.02000000,1171.59000000,87923.01280000
1669665600000,1171.59000000,1175.47000000,1167.00000000,1167.77000000,30225.09610000
1669680000000,1167.77000000,1189.99000000,1158.27000000,1184.67000000,68919.76640000
1669694400000,1184.68000000,1215.00000000,1184.22000000,1207.08000000,118417.96210000
1669708800000,1207.08000000,1223.00000000,1205.01000000,1217.32000000,109677.03340000
1669723200000,1217.32000000,1218.83000000,1202.96000000,1208.72000000,88427.92360000
1669737600000,1208.72000000,1220.00000000,1202.97000000,1215.75000000,69553.77150000
1669752000000,1215.75000000,1228.37000000,1215.36000000,1216.49000000,57147.12910000
1669766400000,1216.49000000,1283.47000000,1212.50000000,1265.09000000,242253.94760000
1669780800000,1265.09000000,1274.80000000,1265.08000000,1272.62000000,70827.91860000
1669795200000,1272.62000000,1277.34000000,1261.20000000,1266.72000000,56901.33030000
1669809600000,1266.73000000,1272.50000000,1255.10000000,1267.40000000,108235.42780000
1669824000000,1267.39000000,1300.00000000,1258.57000000,1287.20000000,228085.48570000
1669838400000,1287.20000000,1309.77000000,1285.00000000,1294.46000000,109375.16170000
1669852800000,1294.46000000,1295.88000000,1281.20000000,1288.02000000,72869.38430000
1669867200000,1288.02000000,1289.42000000,1276.13000000,1278.76000000,59241.52940000
1669881600000,1278.76000000,1286.33000000,1277.28000000,1282.94000000,73405.79230000
1669896000000,1282.94000000,1299.90000000,1262.77000000,1271.54000000,147851.29870000
1669910400000,1271.54000000,1278.69000000,1265.52000000,1275.91000000,42048.02600000
1669924800000,1275.91000000,1283.94000000,1267.06000000,1276.41000000,34602.70840000
1669939200000,1276.40000000,1284.75000000,1265.24000000,1271.69000000,57962.06930000
1669953600000,1271.69000000,1278.26000000,1268.00000000,1275.68000000,44700.49390000
1669968000000,1275.68000000,1294.53000000,1273.56000000,1288.83000000,60903.52160000
1669982400000,1288.82000000,1297.18000000,1268.00000000,1278.96000000,130620.70710000
1669996800000,1278.97000000,1288.32000000,1274.29000000,1287.32000000,36847.03310000
1670011200000,1287.31000000,1296.97000000,1286.38000000,1295.59000000,40525.76000000
1670025600000,1295.58000000,1309.00000000,1282.43000000,1285.85000000,59188.23050000
1670040000000,1285.84000000,1290.56000000,1273.36000000,1276.08000000,66488.27870000
1670054400000,1276.08000000,1277.15000000,1260.54000000,1269.39000000,74686.59610000
1670068800000,1269.40000000,1275.20000000,1266.52000000,1271.04000000,33670.55070000
1670083200000,1271.04000000,1271.48000000,1262.34000000,1266.19000000,33390.98410000
1670097600000,1266.20000000,1266.64000000,1236.26000000,1240.51000000,79723.61870000
1670112000000,1240.50000000,1263.73000000,1240.10000000,1257.04000000,63085.59320000
1670126400000,1257.03000000,1267.35000000,1253.50000000,1257.03000000,47005.20070000
1670140800000,1257.02000000,1263.65000000,1251.64000000,1254.94000000,41971.95140000
1670155200000,1254.94000000,1262.48000000,1249.65000000,1259.83000000,49018.07870000
1670169600000,1259.84000000,1282.76000000,1256.65000000,1278.50000000,83156.21710000
1670184000000,1278.49000000,1287.19000000,1272.31000000,1279.41000000,39892.50550000
1670198400000,1279.40000000,1297.58000000,1276.68000000,1290.85000000,75240.90270000
1670212800000,1290.86000000,1304.77000000,1289.75000000,1297.08000000,58770.07820000
1670227200000,1297.09000000,1305.11000000,1291.86000000,1295.13000000,57149.32020000
1670241600000,1295.13000000,1295.13000000,1259.19000000,1266.59000000,85596.92680000
1670256000000,1266.59000000,1270.24000000,1246.61000000,1253.67000000,82465.21300000
1670270400000,1253.67000000,1260.64000000,1251.76000000,1259.41000000,32406.07570000
1670284800000,1259.41000000,1270.08000000,1259.38000000,1261.82000000,43289.60400000
1670299200000,1261.81000000,1263.10000000,1254.40000000,1260.39000000,27907.47230000
1670313600000,1260.39000000,1264.97000000,1242.00000000,1256.08000000,61454.43300000
1670328000000,1256.09000000,1262.16000000,1244.92000000,1254.40000000,63911.65530000
1670342400000,1254.39000000,1259.24000000,1241.56000000,1250.13000000,54916.12650000
1670356800000,1250.12000000,1274.76000000,1247.71000000,1271.32000000,50152.54790000
1670371200000,1271.31000000,1278.69000000,1259.08000000,1262.27000000,41068.83500000
1670385600000,1262.28000000,1264.81000000,1219.00000000,1224.63000000,115599.41820000
1670400000000,1224.63000000,1230.80000000,1218.01000000,1224.97000000,75458.99680000
1670414400000,1224.96000000,1239.94000000,1219.21000000,1233.85000000,87584.39900000
1670428800000,1233.85000000,1237.48000000,1227.00000000,1232.11000000,43085.17230000
1670443200000,1232.12000000,1235.00000000,1222.10000000,1231.18000000,35762.69530000
1670457600000,1231.18000000,1238.93000000,1222.01000000,1231.86000000,49350.34940000
1670472000000,1231.87000000,1235.78000000,1224.64000000,1232.73000000,37389.84810000
1670486400000,1232.73000000,1245.41000000,1228.20000000,1240.40000000,63643.19100000
1670500800000,1240.40000000,1253.65000000,1235.97000000,1249.91000000,75358.80370000
1670515200000,1249.91000000,1292.58000000,1248.71000000,1283.90000000,117291.54850000
1670529600000,1283.90000000,1286.44000000,1275.78000000,1280.18000000,63619.80400000
1670544000000,1280.18000000,1290.91000000,1273.13000000,1283.98000000,83686.63760000
1670558400000,1283.97000000,1285.83000000,1277.50000000,1282.43000000,43358.90310000
1670572800000,1282.44000000,1292.95000000,1278.89000000,1287.83000000,60071.15070000
1670587200000,1287.84000000,1296.64000000,1250.00000000,1277.60000000,130921.46290000
1670601600000,1277.60000000,1278.00000000,1263.40000000,1269.05000000,40336.17710000
1670616000000,1269.06000000,1269.25000000,1255.83000000,1263.10000000,47633.67180000
1670630400000,1263.11000000,1268.60000000,1261.52000000,1265.20000000,27288.01410000
1670644800000,1265.20000000,1266.67000000,1262.55000000,1264.57000000,15929.58890000
1670659200000,1264.58000000,1267.67000000,1259.60000000,1266.18000000,26684.80890000
1670673600000,1266.19000000,1279.26000000,1263.61000000,1278.26000000,46724.07120000
1670688000000,1278.26000000,1283.61000000,1266.48000000,1272.20000000,39801.91380000
1670702400000,1272.21000000,1273.68000000,1261.95000000,1266.35000000,25850.24270000
1670716800000,1266.35000000,1273.37000000,1265.40000000,1272.68000000,20583.55600000
1670731200000,1272.67000000,1278.13000000,1272.36000000,1276.49000000,24072.62320000
1670745600000,1276.49000000,1277.17000000,1270.82000000,1273.45000000,17478.16760000
1670760000000,1273.44000000,1275.98000000,1269.10000000,1273.38000000,22179.87490000
1670774400000,1273.38000000,1284.75000000,1271.00000000,1274.39000000,40624.23110000
1670788800000,1274.38000000,1274.39000000,1255.85000000,1263.01000000,55556.44920000
1670803200000,1263.00000000,1263.01000000,1240.55000000,1243.83000000,96732.65840000
1670817600000,1243.83000000,1247.86000000,1240.03000000,1246.46000000,39637.46070000
1670832000000,1246.45000000,1257.29000000,1242.02000000,1254.40000000,49979.93310000
1670846400000,1254.40000000,1256.46000000,1243.58000000,1249.35000000,59850.29350000
1670860800000,1249.34000000,1255.94000000,1248.72000000,1254.58000000,35497.49150000
1670875200000,1254.57000000,1278.90000000,1253.72000000,1275.40000000,82052.71090000
1670889600000,1275.41000000,1278.47000000,1265.84000000,1269.65000000,41158.89330000
1670904000000,1269.64000000,1275.20000000,1255.10000000,1266.41000000,76207.08190000
1670918400000,1266.42000000,1290.00000000,1264.01000000,1286.93000000,127212.82970000
1670932800000,1286.92000000,1349.00000000,1286.53000000,1323.78000000,280950.63870000
1670947200000,1323.78000000,1328.93000000,1305.17000000,1316.41000000,92265.48010000
1670961600000,1316.41000000,1323.67000000,1311.61000000,1320.69000000,41598.95880000
1670976000000,1320.69000000,1327.00000000,1317.35000000,1319.79000000,44978.89380000
1670990400000,1319.78000000,1325.09000000,1315.72000000,1322.50000000,36196.11240000
1671004800000,1322.51000000,1329.00000000,1319.32000000,1326.49000000,45699.72310000
1671019200000,1326.50000000,1344.51000000,1324.76000000,1338.32000000,115294.63460000
1671033600000,1338.31000000,1352.72000000,1301.00000000,1307.54000000,245034.61020000
1671048000000,1307.54000000,1318.49000000,1301.16000000,1307.44000000,67261.59760000
1671062400000,1307.45000000,1311.14000000,1281.12000000,1292.04000000,90697.07210000
1671076800000,1292.05000000,1292.64000000,1286.75000000,1287.27000000,32432.32730000
1671091200000,1287.26000000,1291.35000000,1282.79000000,1291.27000000,41951.06340000
1671105600000,1291.28000000,1291.28000000,1263.44000000,1270.32000000,112089.63040000
1671120000000,1270.31000000,1276.07000000,1264.76000000,1275.04000000,60828.50960000
1671134400000,1275.03000000,1275.49000000,1259.27000000,1266.54000000,52052.64190000
1671148800000,1266.53000000,1273.87000000,1265.65000000,1271.79000000,30822.46400000
1671163200000,1271.78000000,1280.06000000,1267.13000000,1277.77000000,31886.49810000
1671177600000,1277.77000000,1279.27000000,1205.50000000,1212.83000000,223337.36950000
1671192000000,1212.84000000,1218.23000000,1195.04000000,1203.63000000,139890.44110000
1671206400000,1203.64000000,1204.58000000,1183.37000000,1202.50000000,128099.89370000
1671220800000,1202.50000000,1211.99000000,1155.32000000,1166.83000000,197385.61150000
1671235200000,1166.82000000,1179.27000000,1161.92000000,1175.30000000,84729.01280000
1671249600000,1175.30000000,1185.46000000,1173.48000000,1183.72000000,79310.91720000
1671264000000,1183.71000000,1188.62000000,1173.89000000,1180.05000000,48341.11950000
1671278400000,1180.05000000,1182.68000000,1174.19000000,1180.09000000,47135.62480000
1671292800000,1180.09000000,1180.10000000,1171.36000000,1176.79000000,32072.34020000
1671307200000,1176.79000000,1190.03000000,1175.39000000,1187.16000000,37292.61360000
1671321600000,1187.16000000,1188.80000000,1180.32000000,1187.54000000,24539.49720000
1671336000000,1187.55000000,1199.54000000,1183.16000000,1186.89000000,51568.48620000
1671350400000,1186.89000000,1188.40000000,1170.32000000,1182.28000000,51788.82270000
1671364800000,1182.27000000,1183.96000000,1173.39000000,1174.39000000,39943.87000000
1671379200000,1174.39000000,1191.08000000,1173.76000000,1183.56000000,44442.12010000
1671393600000,1183.55000000,1194.50000000,1180.64000000,1183.06000000,39977.34780000
1671408000000,1183.06000000,1195.00000000,1174.00000000,1179.27000000,53884.80130000
1671422400000,1179.27000000,1184.41000000,1177.62000000,1179.86000000,26246.10130000
1671436800000,1179.86000000,1188.38000000,1179.16000000,1183.28000000,31345.83230000
1671451200000,1183.27000000,1189.54000000,1177.56000000,1179.79000000,43939.27570000
1671465600000,1179.80000000,1182.21000000,1164.98000000,1170.80000000,71135.64170000
1671480000000,1170.79000000,1181.34000000,1150.51000000,1167.82000000,70281.07050000
1671494400000,1167.82000000,1198.96000000,1163.12000000,1192.57000000,110538.55520000
1671508800000,1192.57000000,1215.28000000,1190.68000000,1208.31000000,84905.47790000
1671523200000,1208.31000000,1219.08000000,1205.91000000,1212.31000000,58594.56010000
1671537600000,1212.31000000,1230.47000000,1204.16000000,1217.04000000,114896.96980000
1671552000000,1217.05000000,1218.58000000,1198.20000000,1216.78000000,59608.76650000
1671566400000,1216.79000000,1221.00000000,1211.59000000,1216.94000000,36639.86480000
1671580800000,1216.95000000,1218.96000000,1205.93000000,1210.53000000,36700.39710000
1671595200000,1210.52000000,1214.08000000,1203.02000000,1210.93000000,50021.14480000
1671609600000,1210.93000000,1219.17000000,1207.46000000,1216.61000000,37728.08330000
1671624000000,1216.62000000,1223.39000000,1205.16000000,1215.60000000,58492.32410000
1671638400000,1215.60000000,1216.11000000,1206.42000000,1208.58000000,35429.80520000
1671652800000,1208.59000000,1215.07000000,1207.05000000,1213.78000000,27352.08320000
1671667200000,1213.78000000,1218.21000000,1211.83000000,1214.81000000,23272.57700000
1671681600000,1214.80000000,1215.05000000,1209.52000000,1213.86000000,29859.40120000
1671696000000,1213.86000000,1221.63000000,1212.11000000,1217.49000000,42310.86000000
1671710400000,1217.49000000,1218.56000000,1184.21000000,1186.59000000,109199.63180000
1671724800000,1186.58000000,1194.92000000,1182.54000000,1194.91000000,44390.41410000
1671739200000,1194.92000000,1237.99000000,1194.08000000,1217.71000000,87728.77570000
1671753600000,1217.72000000,1229.35000000,1214.74000000,1223.99000000,40644.90470000
1671768000000,1223.98000000,1225.18000000,1219.76000000,1221.84000000,30091.07250000
1671782400000,1221.84000000,1226.37000000,1215.78000000,1223.00000000,44859.72040000
1671796800000,1222.99000000,1231.99000000,1210.00000000,1219.15000000,115923.69290000
1671811200000,1219.15000000,1221.21000000,1216.04000000,1219.98000000,24245.37920000
1671825600000,1219.99000000,1222.49000000,1216.92000000,1219.99000000,22839.51850000
1671840000000,1219.98000000,1221.20000000,1215.15000000,1218.83000000,17936.96890000
1671854400000,1218.84000000,1220.97000000,1214.69000000,1220.44000000,19885.83830000
1671868800000,1220.45000000,1221.01000000,1216.79000000,1219.54000000,22114.73000000
1671883200000,1219.54000000,1219.54000000,1217.78000000,1219.15000000,13117.45030000
1671897600000,1219.14000000,1227.99000000,1217.63000000,1223.60000000,28334.18260000
1671912000000,1223.60000000,1223.87000000,1218.02000000,1220.41000000,22312.36000000
1671926400000,1220.42000000,1224.31000000,1219.77000000,1221.37000000,12598.40760000
1671940800000,1221.36000000,1221.37000000,1215.69000000,1219.80000000,17578.28950000
1671955200000,1219.81000000,1222.34000000,1217.34000000,1217.54000000,19000.02400000
1671969600000,1217.55000000,1219.07000000,1193.18000000,1210.91000000,79161.25080000
1671984000000,1210.91000000,1212.68000000,1195.22000000,1209.51000000,47312.49050000
1671998400000,1209.52000000,1225.00000000,1204.15000000,1218.51000000,56001.59880000
1672012800000,1218.52000000,1224.20000000,1216.81000000,1220.91000000,27108.26070000
1672027200000,1220.92000000,1223.43000000,1218.12000000,1220.69000000,21175.65510000
1672041600000,1220.68000000,1223.06000000,1218.23000000,1220.42000000,21601.25340000
1672056000000,1220.42000000,1220.82000000,1211.67000000,1215.37000000,35298.83830000
1672070400000,1215.38000000,1220.66000000,1212.79000000,1217.52000000,23705.93690000
1672084800000,1217.53000000,1231.09000000,1215.54000000,1228.11000000,33833.14130000
1672099200000,1228.12000000,1233.73000000,1221.70000000,1223.69000000,45237.55720000
1672113600000,1223.70000000,1224.70000000,1220.66000000,1222.16000000,20513.99540000
1672128000000,1222.16000000,1223.51000000,1215.00000000,1219.38000000,42744.36440000
1672142400000,1219.38000000,1219.44000000,1205.25000000,1211.22000000,75987.09430000
1672156800000,1211.22000000,1212.95000000,1200.58000000,1211.10000000,52760.53450000
1672171200000,1211.11000000,1214.41000000,1208.49000000,1211.55000000,25194.09400000
1672185600000,1211.55000000,1215.78000000,1186.69000000,1197.72000000,80961.03720000
1672200000000,1197.72000000,1199.78000000,1188.50000000,1194.59000000,44280.36070000
1672214400000,1194.58000000,1198.32000000,1193.80000000,1196.30000000,30039.56080000
1672228800000,1196.31000000,1208.15000000,1186.32000000,1189.24000000,98285.39780000
1672243200000,1189.23000000,1201.01000000,1187.90000000,1193.04000000,45317.19920000
1672257600000,1193.05000000,1195.06000000,1181.06000000,1190.15000000,68945.33570000
1672272000000,1190.15000000,1195.45000000,1186.77000000,1194.95000000,49260.90300000
1672286400000,1194.96000000,1199.00000000,1192.12000000,1194.97000000,27040.78290000
1672300800000,1194.96000000,1202.99000000,1190.19000000,1198.84000000,40401.13670000
1672315200000,1198.84000000,1206.57000000,1197.71000000,1201.17000000,52580.05130000
1672329600000,1201.18000000,1202.90000000,1195.03000000,1198.44000000,35568.37160000
1672344000000,1198.44000000,1204.18000000,1191.48000000,1200.49000000,44279.24140000
1672358400000,1200.48000000,1202.15000000,1195.18000000,1197.59000000,29084.28100000
1672372800000,1197.59000000,1197.99000000,1184.59000000,1188.26000000,65018.74480000
1672387200000,1188.26000000,1194.84000000,1188.16000000,1190.70000000,35878.82870000
1672401600000,1190.69000000,1198.71000000,1181.08000000,1195.07000000,72423.69370000
1672416000000,1195.07000000,1198.30000000,1192.77000000,1194.89000000,25877.89420000
1672430400000,1194.88000000,1201.63000000,1194.88000000,1199.99000000,37730.76910000
1672444800000,1199.98000000,1200.49000000,1193.83000000,1194.42000000,17265.63030000
1672459200000,1194.42000000,1197.26000000,1191.66000000,1196.84000000,16420.72500000
1672473600000,1196.84000000,1200.23000000,1195.55000000,1197.20000000,19335.58740000
1672488000000,1197.20000000,1208.46000000,1196.00000000,1202.86000000,40840.19180000
1672502400000,1202.85000000,1205.61000000,1198.90000000,1202.65000000,22617.40180000
1672516800000,1202.66000000,1203.71000000,1193.08000000,1196.13000000,22899.74480000
